1
2087
3 1
0 1 0 1 0 2 1 2 0
10 1
0 2 0 1 2 0 1 8 2 3 4 5 6 7 8 9 0
10 1
0 2 0 1 2 0 1 8 2 3 4 5 6 7 8 9 0
7 1
0 3 0 1 2 3 0 1 2 1 6 0
56 37
2 1 2 1 0 1 0 1 2 0
0 0 0 0 0
2 3 4 1 0 1 0 1 5 0
0 0 0 0 0
2 5 6 1 0 1 0 1 8 0
0 0 0 0 0
2 7 8 1 0 1 0 1 11 0
0 0 0 0 0
2 9 10 1 0 1 0 1 14 0
0 0 0 0 0
2 11 12 1 0 1 0 1 17 0
0 0 0 0 0
2 13 14 1 0 1 0 1 20 0
0 0 0 0 0
2 15 16 1 0 1 0 1 23 0
0 0 0 0 0
2 17 18 1 0 1 0 1 26 0
0 0 0 0 0
2 19 20 1 0 1 0 1 29 0
0 0 0 0 0
2 21 22 1 0 1 0 1 32 0
0 0 0 0 0
2 23 24 1 0 1 0 1 35 0
0 0 0 0 0
2 25 26 1 0 1 0 1 38 0
0 0 0 0 0
2 27 28 1 0 1 0 1 41 0
0 0 0 0 0
2 29 30 1 0 1 0 1 44 0
0 0 0 0 0
2 31 32 1 0 1 0 1 47 0
0 0 0 0 0
2 33 34 1 0 1 0 1 50 0
0 0 0 0 0
2 35 36 1 0 1 0 1 53 0
0 0 0 0 0
0 0 0 0 0
43 4
2 1 3 1 3 1 3 2 6 37 0
1 2 0 0 0 2 2 6
2 2 3 6 20 2 22 6 1 0 2 1 0 10 32 30 12 13 15 17 42 20 22 41 2 20 22
0 0 0 0 0
65 18
2 1 2 1 0 1 0 1 2 0
1 3 0 0 0 1 0
1 3 1 0 1 0 1 5 1 5
2 4 5 3 0 5 2 1 2 2 6 8 0
1 6 1 8 1 8 1 11 1 11
1 6 0 0 0 1 8
2 7 8 3 11 8 2 1 2 2 12 14 0
1 9 1 14 1 14 1 63 0
1 9 0 0 0 0
2 10 11 1 2 1 2 0 0
1 12 0 0 0 0
1 12 0 0 0 0
1 13 0 0 1 23 0
2 14 16 1 8 1 8 2 33 60 0
1 15 0 0 0 2 6 33
2 15 16 6 6 47 33 49 23 14 2 23 14 10 54 53 39 40 42 44 64 47 49 62 2 47 49
1 17 0 0 0 0
0 2 14 12 2 14 12 3 25 26 27 0
19 9
2 1 2 2 0 1 2 0 1 3 3 4 7 0
0 0 0 1 8 0
2 3 4 1 2 1 2 1 10 0
0 0 0 1 11 0
2 5 6 2 1 4 2 1 4 1 12 0
0 0 0 1 13 0
2 7 8 3 4 1 2 3 4 1 2 2 14 16 0
0 0 0 1 17 0
0 0 0 0 0
6 1
0 4 1 2 0 3 4 1 2 0 3 2 4 5 0
52 7
2 1 3 4 0 3 1 2 4 0 3 1 2 6 4 5 8 11 16 44 0
1 2 0 0 0 0
2 2 3 4 24 5 11 8 3 5 11 8 6 40 21 22 50 24 46 1 24
2 4 6 2 16 3 2 16 3 1 47 0
1 5 0 0 0 1 16
2 5 6 6 32 16 2 5 1 3 4 2 5 1 3 7 38 26 29 30 51 32 49 1 32
0 0 0 0 0
52 7
2 1 3 4 0 3 1 2 4 0 3 1 2 6 4 5 8 11 16 44 0
1 2 0 0 0 0
2 2 3 4 24 5 11 8 3 5 11 8 6 40 21 22 50 24 46 1 24
2 4 6 2 16 3 2 16 3 1 47 0
1 5 0 0 0 1 16
2 5 6 6 32 16 2 5 1 3 4 2 5 1 3 7 38 26 29 30 51 32 49 1 32
0 0 0 0 0
16 1
0 3 0 2 1 3 0 2 1 9 3 4 6 8 14 15 11 12 13 0
28 1
0 2 0 1 2 0 1 17 2 3 5 6 8 10 11 13 14 16 24 25 26 27 21 22 23 0
4 1
0 1 0 1 0 2 2 3 0
2 1
0 2 0 1 2 0 1 0 0
224 15
2 1 11 1 0 1 0 3 222 2 69 0
1 2 1 0 1 0 2 14 15 0
1 3 0 0 0 0
2 4 9 1 2 1 2 1 79 0
1 5 0 0 0 0
2 6 8 1 2 1 2 2 217 218 0
2 7 8 1 217 1 217 1 219 0
2 7 8 4 216 215 15 217 2 15 217 100 103 104 105 106 107 108 109 111 112 113 114 115 116 118 119 120 121 122 123 125 126 127 128 129 130 132 133 134 135 136 137 139 140 141 142 143 144 146 147 148 149 150 151 153 154 155 156 157 158 160 161 162 163 164 165 167 168 169 170 171 172 174 175 176 177 178 179 181 182 183 184 185 186 188 189 190 191 192 193 195 196 197 198 199 200 202 203 204 205 206 207 209 210 211 212 213 214 215 216 221 2 216 215
2 8 11 6 97 216 95 215 15 2 2 15 2 10 82 83 89 90 92 93 94 95 97 99 2 97 95
1 10 0 0 0 0
2 10 11 4 23 70 15 2 2 15 2 10 65 63 16 17 19 20 21 70 23 72 2 23 70
2 12 14 3 70 95 69 1 69 2 64 24 0
1 13 0 0 0 0
2 13 14 5 49 47 0 24 2 3 0 24 2 19 59 57 31 223 34 35 36 37 38 39 41 42 44 45 53 54 47 49 78 2 49 47
0 2 24 64 2 24 64 3 50 51 52 0
11 1
0 3 1 0 2 3 1 0 2 7 3 5 6 7 8 9 10 0
28 3
2 1 2 3 0 1 2 3 0 1 2 9 3 4 6 7 9 10 12 13 16 0
0 0 0 1 17 0
0 7 13 0 4 1 7 2 10 7 13 0 4 1 7 2 10 8 18 21 22 23 24 25 26 27 0
36 3
2 1 2 4 0 1 2 3 4 0 1 2 3 12 4 5 7 8 10 11 13 14 16 17 18 21 0
0 0 0 1 22 0
0 9 18 0 5 1 8 2 11 3 14 9 18 0 5 1 8 2 11 3 14 11 23 26 27 28 29 30 31 32 33 34 35 0
45 3
2 1 2 5 0 1 2 3 4 5 0 1 2 3 4 15 5 6 8 9 11 12 14 15 17 18 20 21 22 23 26 0
0 0 0 1 27 0
0 11 23 0 6 1 9 2 12 3 15 4 18 11 23 0 6 1 9 2 12 3 15 4 18 15 28 31 32 33 34 35 36 37 38 39 40 41 42 43 44 0
28 3
2 1 2 3 0 1 2 3 0 1 2 9 3 4 6 7 9 10 12 13 16 0
0 0 0 1 17 0
0 7 13 0 4 1 7 2 10 7 13 0 4 1 7 2 10 8 18 21 22 23 24 25 26 27 0
36 3
2 1 2 4 0 1 2 3 4 0 1 2 3 12 4 5 7 8 10 11 13 14 16 17 18 21 0
0 0 0 1 22 0
0 9 18 0 5 1 8 2 11 3 14 9 18 0 5 1 8 2 11 3 14 11 23 26 27 28 29 30 31 32 33 34 35 0
45 3
2 1 2 5 0 1 2 3 4 5 0 1 2 3 4 15 5 6 8 9 11 12 14 15 17 18 20 21 22 23 26 0
0 0 0 1 27 0
0 11 23 0 6 1 9 2 12 3 15 4 18 11 23 0 6 1 9 2 12 3 15 4 18 15 28 31 32 33 34 35 36 37 38 39 40 41 42 43 44 0
4 1
0 3 0 1 2 3 0 1 2 1 3 0
5 1
0 3 0 1 2 3 0 1 2 2 3 4 0
3 1
0 3 0 1 2 3 0 1 2 0 0
3 1
0 3 0 1 2 3 0 1 2 0 0
5 1
0 2 0 1 2 0 1 3 2 3 4 0
20 7
2 1 2 1 0 1 0 2 11 13 0
0 0 0 0 0
2 3 4 1 11 1 11 1 16 0
0 0 0 0 0
2 5 6 1 11 1 11 1 19 0
0 0 0 0 0
0 1 0 1 0 0 0
25 11
2 1 2 2 0 1 2 0 1 3 3 4 7 0
1 6 0 0 0 0
2 3 4 2 1 4 2 1 4 1 9 0
1 5 0 0 0 0
1 5 0 0 0 0
1 6 0 0 1 12 1 12
2 7 8 1 12 0 1 13 0
0 0 0 0 0
2 9 10 4 0 1 4 2 4 0 1 4 2 6 15 16 17 18 19 22 0
0 0 0 0 0
0 2 1 19 2 1 19 1 24 0
68 17
2 1 2 2 0 1 2 0 1 6 2 3 5 6 8 9 0
0 0 0 0 0
2 3 4 2 0 1 2 0 1 5 11 12 14 15 17 0
0 0 0 0 0
2 5 10 1 3 1 3 2 22 61 0
1 6 0 0 0 0
2 7 8 3 35 12 15 2 12 15 7 58 27 28 29 30 31 32 0
0 0 0 0 0
1 9 1 58 1 58 1 35 0
2 6 10 2 35 22 2 35 22 1 63 1 35
2 11 16 2 22 3 2 22 3 2 37 65 0
1 12 0 0 0 1 37
2 13 14 4 50 37 12 15 2 12 15 9 54 40 41 42 43 44 45 46 47 0
0 0 0 0 0
1 15 1 54 1 54 1 50 0
2 12 16 2 50 3 2 50 3 1 67 1 50
0 0 0 0 0
2 1
0 2 0 1 2 0 1 0 0
36 8
2 1 7 1 0 1 0 5 1 2 3 4 8 0
2 2 3 1 2 1 2 4 9 10 11 12 0
1 3 0 0 0 0
2 4 5 4 19 20 22 4 1 4 4 27 24 22 13 0
1 3 3 2 24 27 3 2 24 27 7 14 15 16 17 18 19 20 3 19 20 22
2 6 7 1 22 1 22 0 1 27
1 7 1 27 1 27 1 21 1 21
0 2 21 27 0 1 26 0
40 13
1 1 1 0 1 0 2 1 2 0
2 2 6 2 34 32 0 3 35 33 8 0
2 3 4 2 35 2 2 35 2 1 9 0
1 5 0 0 0 0
1 5 0 0 0 0
1 7 0 0 1 12 1 12
1 7 0 0 0 0
2 8 12 1 12 0 1 14 0
2 9 10 2 0 35 2 0 35 9 15 16 17 18 19 20 21 22 23 0
1 11 1 35 1 35 1 25 2 25 33
1 11 0 0 0 1 35
1 1 3 35 25 33 0 2 34 32 2 34 32
0 3 2 35 0 3 2 35 0 3 28 30 31 0
37 13
1 1 1 0 1 0 2 1 2 0
2 2 6 2 31 29 0 3 32 30 8 0
2 3 4 2 32 2 2 32 2 1 9 0
1 5 0 0 0 0
1 5 0 0 0 0
1 7 0 0 1 12 1 12
1 7 0 0 0 0
2 8 12 1 12 0 1 14 0
2 9 10 2 0 32 2 0 32 9 15 16 17 18 19 20 21 22 23 0
1 11 1 32 1 32 1 25 2 25 30
1 11 0 0 0 1 32
1 1 3 32 25 30 0 2 31 29 2 31 29
0 3 2 32 0 3 2 32 0 1 28 0
44 13
1 1 1 0 1 0 3 1 2 5 1 5
2 2 6 3 38 5 36 0 3 39 37 9 0
2 3 4 1 39 1 39 1 11 0
1 5 0 0 0 0
1 5 0 0 0 0
1 7 0 0 1 14 1 14
1 7 0 0 0 0
2 8 12 1 14 0 1 16 0
2 9 10 2 0 39 2 0 39 9 17 18 19 20 21 22 23 24 25 0
1 11 1 39 1 39 1 27 2 27 37
1 11 0 0 0 1 39
1 1 3 39 27 37 0 2 38 36 2 38 36
0 2 39 0 2 39 0 3 32 34 35 0
41 13
1 1 1 0 1 0 3 1 2 5 1 5
2 2 6 3 35 5 33 0 3 36 34 9 0
2 3 4 1 36 1 36 1 11 0
1 5 0 0 0 0
1 5 0 0 0 0
1 7 0 0 1 14 1 14
1 7 0 0 0 0
2 8 12 1 14 0 1 16 0
2 9 10 2 0 36 2 0 36 9 17 18 19 20 21 22 23 24 25 0
1 11 1 36 1 36 1 27 2 27 34
1 11 0 0 0 1 36
1 1 3 36 27 34 0 2 35 33 2 35 33
0 2 36 0 2 36 0 1 32 0
75 25
1 1 1 0 1 0 3 1 2 7 0
2 2 6 2 65 61 0 3 66 62 13 0
2 3 4 2 66 2 2 66 2 1 14 0
1 5 0 0 0 0
1 5 0 0 0 0
1 7 0 0 1 17 1 17
1 7 0 0 0 0
2 8 12 1 17 0 1 19 0
2 9 10 2 0 66 2 0 66 9 20 21 22 23 24 25 26 27 28 0
1 11 1 66 1 66 1 30 2 30 62
1 11 0 0 0 1 66
1 1 3 66 30 62 0 2 65 61 2 65 61
1 13 0 0 0 1 7
2 14 18 3 63 7 59 0 3 64 60 33 0
2 15 16 2 64 66 2 64 66 1 34 0
1 17 0 0 0 0
1 17 0 0 0 0
1 19 0 0 1 37 1 37
1 19 0 0 0 0
2 20 24 1 37 0 1 39 0
2 21 22 2 0 64 2 0 64 9 40 41 42 43 44 45 46 47 48 0
1 23 1 64 1 64 1 50 2 50 60
1 23 0 0 0 1 64
1 13 3 64 50 60 0 2 63 59 2 63 59
0 3 64 66 0 3 64 66 0 4 54 55 57 58 0
72 25
1 1 1 0 1 0 3 1 2 7 0
2 2 6 2 62 58 0 3 63 59 13 0
2 3 4 2 63 2 2 63 2 1 14 0
1 5 0 0 0 0
1 5 0 0 0 0
1 7 0 0 1 17 1 17
1 7 0 0 0 0
2 8 12 1 17 0 1 19 0
2 9 10 2 0 63 2 0 63 9 20 21 22 23 24 25 26 27 28 0
1 11 1 63 1 63 1 30 2 30 59
1 11 0 0 0 1 63
1 1 3 63 30 59 0 2 62 58 2 62 58
1 13 0 0 0 1 7
2 14 18 3 60 7 56 0 3 61 57 33 0
2 15 16 2 61 63 2 61 63 1 34 0
1 17 0 0 0 0
1 17 0 0 0 0
1 19 0 0 1 37 1 37
1 19 0 0 0 0
2 20 24 1 37 0 1 39 0
2 21 22 2 0 61 2 0 61 9 40 41 42 43 44 45 46 47 48 0
1 23 1 61 1 61 1 50 2 50 57
1 23 0 0 0 1 61
1 13 3 61 50 57 0 2 60 56 2 60 56
0 3 61 63 0 3 61 63 0 2 54 55 0
38 17
2 1 2 2 0 1 2 0 1 5 2 3 5 6 9 0
0 0 0 0 0
2 3 4 2 6 3 2 6 3 1 11 0
0 0 0 0 0
1 5 2 3 6 2 3 6 1 18 0
2 6 10 2 32 30 0 3 33 31 17 0
2 7 8 2 31 18 2 31 18 1 19 0
1 9 0 0 0 0
1 9 0 0 0 0
1 11 0 0 1 22 1 22
1 11 0 0 0 0
2 12 16 1 22 0 1 24 0
2 13 14 3 0 1 31 3 0 1 31 1 25 0
1 15 0 0 0 1 31
1 15 1 31 1 31 1 28 2 33 28
1 5 3 33 28 31 0 2 32 30 2 32 30
0 1 33 1 33 0 0
29 12
1 1 0 0 0 0
1 2 1 0 1 0 2 7 8 0
2 3 4 1 8 1 8 1 13 0
1 5 0 0 0 0
1 5 0 0 0 0
1 6 0 0 1 16 0
2 7 8 1 16 1 16 0 0
1 11 0 0 0 0
2 9 10 3 0 8 1 3 0 8 1 5 19 20 21 23 26 0
1 11 0 0 0 0
1 11 0 0 0 1 23
0 1 23 0 2 4 6 0
84 27
1 1 2 0 1 2 0 1 9 3 4 6 7 14 32 33 40 41 0
2 2 6 2 74 72 0 3 75 73 13 0
2 3 4 2 75 14 2 75 14 1 15 0
1 5 0 0 0 0
1 5 0 0 0 0
1 7 0 0 1 18 1 18
1 7 0 0 0 0
2 8 24 1 18 0 1 20 0
1 9 0 0 0 0
2 10 14 2 69 66 0 2 70 67 0
2 11 12 2 70 7 2 70 7 1 25 0
1 13 0 0 0 0
1 13 0 0 0 0
1 15 0 0 1 28 1 28
1 15 0 0 0 0
2 16 20 1 28 0 1 30 0
2 17 18 6 75 70 4 33 7 41 6 75 70 4 33 7 41 12 31 36 37 38 39 44 45 46 47 63 64 65 0
1 19 1 70 1 70 1 50 2 50 67
1 19 0 0 0 1 70
1 9 3 70 50 67 0 2 69 66 2 69 66
2 21 22 1 67 1 67 0 0
1 23 0 0 0 1 75
1 23 1 75 1 75 1 55 2 55 73
1 1 3 55 75 73 0 2 74 72 2 74 72
2 25 26 1 73 1 73 0 0
0 5 0 75 7 4 2 5 0 75 7 4 2 5 58 59 60 61 62 0
0 1 0 1 0 0 0
58 17
2 1 2 3 0 1 2 3 0 1 2 5 3 4 6 7 10 0
0 0 0 0 0
2 3 4 3 2 7 4 3 2 7 4 2 12 13 0
0 0 0 0 0
1 5 0 0 0 0
2 6 10 2 52 50 0 2 53 51 0
2 7 8 2 51 7 2 51 7 1 19 0
1 9 0 0 0 0
1 9 0 0 0 0
1 11 0 0 1 22 1 22
1 11 0 0 0 0
2 12 16 1 22 0 1 24 0
2 13 14 6 2 51 0 4 1 7 6 2 51 0 4 1 7 16 25 26 27 30 31 32 33 34 35 38 39 40 41 47 48 49 0
1 15 1 51 1 51 1 44 2 53 44
1 15 0 0 0 1 51
1 5 3 53 51 44 0 2 52 50 2 52 50
0 1 53 1 53 0 0
16 9
2 1 2 1 1 1 1 1 4 0
0 0 0 1 5 0
2 3 4 1 2 1 2 1 7 0
0 0 0 1 8 0
2 5 6 2 1 0 2 1 0 1 9 0
0 0 0 1 10 0
2 7 8 3 0 1 2 3 0 1 2 2 11 13 0
0 0 0 1 14 0
0 0 0 0 0
3 1
0 1 0 1 0 2 1 2 0
1 1
0 1 0 1 0 0 0
5 1
0 1 0 1 0 4 1 2 3 4 0
6 1
0 1 0 1 0 3 4 5 3 0
19 7
2 1 2 1 0 1 0 1 3 0
1 3 0 0 0 0
1 3 0 0 0 1 0
2 4 5 1 0 0 2 5 7 0
2 6 5 1 5 1 5 1 8 0
1 6 0 0 1 9 0
0 2 5 1 2 5 1 7 11 12 13 14 15 17 18 0
2 1
0 1 0 1 0 0 0
52 4
2 1 3 5 0 1 4 2 3 5 0 1 4 2 3 7 48 6 7 49 9 10 41 0
1 2 2 2 0 2 2 0 8 50 19 21 22 51 28 30 31 0
2 2 3 8 34 1 3 19 22 28 31 4 7 1 3 19 22 28 31 4 12 38 14 15 16 20 23 24 25 29 32 34 43 1 34
0 0 0 0 0
51 10
2 1 2 2 0 1 2 0 1 5 47 3 48 5 6 0
0 0 0 0 0
2 3 4 2 0 5 2 0 5 3 13 14 17 0
1 5 0 0 0 0
1 5 1 5 1 5 1 20 1 20
1 6 2 20 1 1 1 3 21 23 24 0
2 7 8 1 24 1 24 1 26 0
2 9 8 1 24 1 24 1 27 0
1 9 0 0 1 28 0
0 3 24 0 14 3 24 0 14 9 30 31 32 33 34 49 38 40 50 0
19 4
2 1 2 1 0 1 0 5 15 2 18 4 6 0
1 3 0 0 0 0
1 3 1 4 1 4 1 13 1 13
0 2 13 0 1 0 1 14 0
8 3
2 1 2 1 1 1 1 1 3 0
0 0 0 0 0
0 2 0 1 2 0 1 3 5 6 7 0
24 1
0 2 0 1 2 0 1 14 3 22 5 7 8 9 11 12 13 14 15 16 19 23 0
20 1
0 4 1 2 3 0 4 1 2 3 0 11 4 5 6 7 18 9 11 12 13 15 19 0
5 1
0 2 1 0 2 1 0 2 3 4 0
48 4
2 1 3 4 1 2 3 0 4 1 2 3 0 9 35 36 5 6 46 8 10 11 42 0
1 2 0 0 0 0
2 2 3 6 31 0 8 2 11 3 5 0 8 2 11 3 16 39 16 17 18 19 20 21 22 24 25 26 27 28 29 31 44 1 31
0 3 8 3 0 3 8 3 0 2 33 47 0
6 1
0 2 1 0 2 1 0 2 4 5 0
21 4
2 1 2 3 0 1 2 3 0 1 2 4 19 20 4 5 0
2 3 2 1 2 1 2 1 6 0
1 3 0 0 1 7 0
0 3 2 0 1 3 2 0 1 8 9 10 11 12 13 16 17 18 0
5 1
0 1 0 1 0 2 3 4 0
16 3
2 1 2 1 0 1 0 3 14 15 4 0
0 0 0 1 5 0
0 2 0 15 2 0 15 6 6 8 9 11 12 13 0
1 1
0 1 0 1 0 0 0
1 1
0 1 0 1 0 0 0
1 1
0 0 0 0 0
1 1
0 0 0 0 0
1 1
0 0 0 0 0
1 1
0 0 0 0 0
1 1
0 0 0 0 0
1 1
0 0 0 0 0
1 1
0 1 0 1 0 0 0
4 1
0 2 0 1 2 0 1 2 2 3 0
6 1
0 3 0 1 2 3 0 1 2 1 5 0
4 1
0 2 0 1 2 0 1 2 2 3 0
6 1
0 3 0 1 2 3 0 1 2 1 5 0
4 1
0 2 0 1 2 0 1 2 2 3 0
6 1
0 3 0 1 2 3 0 1 2 1 5 0
38 1
0 1 0 1 0 13 1 32 4 33 7 34 10 35 13 36 16 17 37 0
21 7
2 1 6 1 0 1 0 1 18 0
1 2 0 0 0 1 0
2 3 4 2 9 0 0 5 15 3 11 12 6 0
0 1 15 1 15 0 0
1 5 0 0 0 0
2 2 6 1 15 1 15 2 9 20 1 9
0 0 0 0 0
130787 9
2 1 2 0 0 3 0 1 4 0
1 3 0 0 1 6 1 6
1 3 0 0 0 1 1
2 4 5 2 6 1 0 2 7 10 0
0 0 0 0 0
2 6 7 2 7 130786 2 7 130786 2 13 14 0
1 8 1 130786 1 130786 0 0
1 8 0 0 0 0
0 1 7 1 7 0 0
130786 5
2 1 4 0 0 1 2 0
1 2 6 130785 130784 130783 130782 130781 130780 6 130785 130784 130783 130782 130781 130780 10 3 5 7 10 13 16 19 22 25 27 0
2 2 3 1 54 0 13 69 38 75 41 76 44 77 47 78 50 79 54 74 1 54
0 0 0 0 0
0 0 0 0 0
13 5
2 1 4 1 0 1 0 2 1 3 0
2 2 3 1 0 1 0 1 4 0
0 1 0 1 0 4 5 11 12 8 0
0 0 0 0 0
0 0 0 0 0
130787 4
2 1 2 1 0 1 0 2 1 2 0
1 3 2 130786 0 2 130786 0 0 0
1 3 0 0 0 0
0 0 0 0 0
2 1
0 1 0 1 0 1 1 0
2 1
0 1 0 1 0 1 1 0
2 1
0 1 0 1 0 1 1 0
2 1
0 1 0 1 0 1 1 0
3 1
0 0 0 1 2 0
3 1
0 0 0 1 2 0
3 1
0 0 0 1 2 0
4 1
0 0 0 1 3 0
4 1
0 0 0 1 3 0
4 1
0 0 0 1 3 0
8 1
0 1 0 1 0 3 7 3 6 0
9 1
0 1 0 1 0 3 8 4 7 0
8 1
0 1 0 1 0 3 7 3 6 0
9 1
0 1 0 1 0 3 8 4 7 0
8 1
0 1 0 1 0 3 7 3 6 0
9 1
0 1 0 1 0 3 8 4 7 0
8 1
0 1 0 1 0 3 7 3 6 0
9 1
0 1 0 1 0 3 8 4 7 0
15 5
2 1 4 1 0 1 0 3 14 3 7 0
2 2 3 1 3 1 3 1 10 0
0 0 0 0 0
0 0 0 0 0
0 0 0 0 0
16 5
2 1 4 1 0 1 0 3 15 4 8 0
2 2 3 1 4 1 4 1 11 0
0 0 0 0 0
0 0 0 0 0
0 0 0 0 0
15 5
2 1 4 1 0 1 0 3 14 3 7 0
2 2 3 1 3 1 3 1 10 0
0 0 0 0 0
0 0 0 0 0
0 0 0 0 0
16 5
2 1 4 1 0 1 0 3 15 4 8 0
2 2 3 1 4 1 4 1 11 0
0 0 0 0 0
0 0 0 0 0
0 0 0 0 0
8 1
0 1 0 1 0 3 7 3 6 0
9 1
0 1 0 1 0 3 8 4 7 0
6 1
0 1 0 1 0 2 5 4 0
6 1
0 1 0 1 0 2 5 4 0
6 1
0 1 0 1 0 2 5 4 0
6 1
0 1 0 1 0 2 5 4 0
13 1
0 2 0 1 2 0 1 6 10 4 11 7 8 12 0
15 1
0 2 0 1 2 0 1 6 12 5 13 9 10 14 0
83 19
2 1 8 1 1 1 1 1 5 0
2 2 6 2 0 1 2 0 1 4 56 8 10 12 0
2 3 4 2 8 10 2 8 10 4 57 15 17 19 0
1 5 0 0 0 0
1 5 0 0 0 1 17
1 7 1 17 0 2 65 22 2 15 65
1 7 0 0 0 2 8 10
1 18 4 8 15 10 65 0 2 70 66 2 70 66
2 9 16 1 1 1 1 1 26 0
2 10 14 2 0 1 2 0 1 4 58 29 31 33 0
2 11 12 2 29 31 2 29 31 4 59 36 38 40 0
1 13 0 0 0 0
1 13 0 0 0 1 38
1 15 1 38 0 2 61 43 3 36 61 43
1 15 0 0 0 2 29 31
1 17 5 29 36 31 61 43 0 3 67 62 45 2 67 62
1 17 0 0 0 2 0 1
1 18 4 0 67 1 62 0 2 68 63 2 68 63
0 4 68 70 63 66 0 7 69 64 50 51 53 60 55 0
87 19
2 1 8 1 1 1 1 1 5 0
2 2 6 2 0 1 2 0 1 4 60 9 11 13 0
2 3 4 2 9 11 2 9 11 4 61 17 19 21 0
1 5 0 0 0 0
1 5 0 0 0 1 19
1 7 1 19 0 2 69 24 2 17 69
1 7 0 0 0 2 9 11
1 18 4 9 17 11 69 0 2 74 70 2 74 70
2 9 16 1 1 1 1 1 28 0
2 10 14 2 0 1 2 0 1 4 62 32 34 36 0
2 11 12 2 32 34 2 32 34 4 63 40 42 44 0
1 13 0 0 0 0
1 13 0 0 0 1 42
1 15 1 42 0 2 65 47 3 40 65 47
1 15 0 0 0 2 32 34
1 17 5 32 40 34 65 47 0 3 71 66 49 2 71 66
1 17 0 0 0 2 0 1
1 18 4 0 71 1 66 0 2 72 67 2 72 67
0 4 72 74 67 70 0 6 73 68 54 57 64 59 0
902 130
129 1 2 3 4 5 6 7 8 9 10 11 12 13 14 15 16 17 18 19 20 21 22 23 24 25 26 27 28 29 30 31 32 33 34 35 36 37 38 39 40 41 42 43 44 45 46 47 48 49 50 51 52 53 54 55 56 57 58 59 60 61 62 63 64 65 66 67 68 69 70 71 72 73 74 75 76 77 78 79 80 81 82 83 84 85 86 87 88 89 90 91 92 93 94 95 96 97 98 99 100 101 102 103 104 105 106 107 108 109 110 111 112 113 114 115 116 117 118 119 120 121 122 123 124 125 126 127 128 129 1 0 1 0 0 0
0 0 0 1 7 0
0 0 0 1 14 0
0 0 0 1 21 0
0 0 0 1 28 0
0 0 0 1 35 0
0 0 0 1 42 0
0 0 0 1 49 0
0 0 0 1 56 0
0 0 0 1 63 0
0 0 0 1 70 0
0 0 0 1 77 0
0 0 0 1 84 0
0 0 0 1 91 0
0 0 0 1 98 0
0 0 0 1 105 0
0 0 0 1 112 0
0 0 0 1 119 0
0 0 0 1 126 0
0 0 0 1 133 0
0 0 0 1 140 0
0 0 0 1 147 0
0 0 0 1 154 0
0 0 0 1 161 0
0 0 0 1 168 0
0 0 0 1 175 0
0 0 0 1 182 0
0 0 0 1 189 0
0 0 0 1 196 0
0 0 0 1 203 0
0 0 0 1 210 0
0 0 0 1 217 0
0 0 0 1 224 0
0 0 0 1 231 0
0 0 0 1 238 0
0 0 0 1 245 0
0 0 0 1 252 0
0 0 0 1 259 0
0 0 0 1 266 0
0 0 0 1 273 0
0 0 0 1 280 0
0 0 0 1 287 0
0 0 0 1 294 0
0 0 0 1 301 0
0 0 0 1 308 0
0 0 0 1 315 0
0 0 0 1 322 0
0 0 0 1 329 0
0 0 0 1 336 0
0 0 0 1 343 0
0 0 0 1 350 0
0 0 0 1 357 0
0 0 0 1 364 0
0 0 0 1 371 0
0 0 0 1 378 0
0 0 0 1 385 0
0 0 0 1 392 0
0 0 0 1 399 0
0 0 0 1 406 0
0 0 0 1 413 0
0 0 0 1 420 0
0 0 0 1 427 0
0 0 0 1 434 0
0 0 0 1 441 0
0 0 0 1 448 0
0 0 0 1 455 0
0 0 0 1 462 0
0 0 0 1 469 0
0 0 0 1 476 0
0 0 0 1 483 0
0 0 0 1 490 0
0 0 0 1 497 0
0 0 0 1 504 0
0 0 0 1 511 0
0 0 0 1 518 0
0 0 0 1 525 0
0 0 0 1 532 0
0 0 0 1 539 0
0 0 0 1 546 0
0 0 0 1 553 0
0 0 0 1 560 0
0 0 0 1 567 0
0 0 0 1 574 0
0 0 0 1 581 0
0 0 0 1 588 0
0 0 0 1 595 0
0 0 0 1 602 0
0 0 0 1 609 0
0 0 0 1 616 0
0 0 0 1 623 0
0 0 0 1 630 0
0 0 0 1 637 0
0 0 0 1 644 0
0 0 0 1 651 0
0 0 0 1 658 0
0 0 0 1 665 0
0 0 0 1 672 0
0 0 0 1 679 0
0 0 0 1 686 0
0 0 0 1 693 0
0 0 0 1 700 0
0 0 0 1 707 0
0 0 0 1 714 0
0 0 0 1 721 0
0 0 0 1 728 0
0 0 0 1 735 0
0 0 0 1 742 0
0 0 0 1 749 0
0 0 0 1 756 0
0 0 0 1 763 0
0 0 0 1 770 0
0 0 0 1 777 0
0 0 0 1 784 0
0 0 0 1 791 0
0 0 0 1 798 0
0 0 0 1 805 0
0 0 0 1 812 0
0 0 0 1 819 0
0 0 0 1 826 0
0 0 0 1 833 0
0 0 0 1 840 0
0 0 0 1 847 0
0 0 0 1 854 0
0 0 0 1 861 0
0 0 0 1 868 0
0 0 0 1 875 0
0 0 0 1 882 0
0 0 0 1 889 0
0 0 0 1 896 0
0 0 0 1 901 0
64 6
2 1 2 1 2 1 2 2 5 8 0
0 2 1 0 2 1 0 6 13 54 55 19 20 21 0
2 3 4 2 1 0 2 1 0 5 26 56 30 31 34 0
1 5 3 56 31 30 3 56 31 30 8 35 37 40 43 44 45 46 48 1 48
1 5 0 0 0 1 31
0 2 31 48 0 3 59 57 53 0
115 13
2 1 2 1 0 1 0 4 99 4 7 11 0
0 1 0 1 0 1 13 0
2 3 10 1 7 1 7 1 16 0
2 4 5 1 99 1 99 1 19 0
0 0 0 0 0
2 6 7 1 7 1 7 1 23 0
0 1 0 1 0 1 25 0
2 8 9 1 99 1 99 2 27 30 0
0 0 0 0 0
0 0 0 1 102 0
2 11 12 2 0 7 2 0 7 37 103 35 104 39 105 106 45 107 49 50 108 53 54 58 59 61 63 65 66 68 109 71 73 110 111 78 79 80 81 82 112 113 87 88 89 90 94 0
0 3 90 66 105 3 90 66 105 0 0
0 2 66 90 2 66 90 3 114 97 98 0
61 1
0 1 0 1 0 29 1 53 5 54 9 55 56 15 17 21 22 24 25 27 29 30 57 58 36 59 39 41 60 45 47 49 50 51 52 0
41 11
2 1 10 1 0 1 0 4 33 4 7 11 0
2 2 3 1 33 1 33 1 14 0
0 0 0 0 0
2 4 5 1 7 1 7 1 19 0
0 1 0 1 0 1 20 0
2 6 7 1 0 1 0 2 34 24 0
0 0 0 1 38 0
2 8 9 1 0 1 0 2 39 29 0
0 0 0 1 40 0
0 1 0 1 0 0 0
0 1 0 1 0 0 0
1290 130
129 1 2 3 4 5 6 7 8 9 10 11 12 13 14 15 16 17 18 19 20 21 22 23 24 25 26 27 28 29 30 31 32 33 34 35 36 37 38 39 40 41 42 43 44 45 46 47 48 49 50 51 52 53 54 55 56 57 58 59 60 61 62 63 64 65 66 67 68 69 70 71 72 73 74 75 76 77 78 79 80 81 82 83 84 85 86 87 88 89 90 91 92 93 94 95 96 97 98 99 100 101 102 103 104 105 106 107 108 109 110 111 112 113 114 115 116 117 118 119 120 121 122 123 124 125 126 127 128 129 1 0 1 0 0 0
0 1 1 1 1 4 8 9 10 11 0
0 1 1 1 1 4 18 19 20 21 0
0 1 1 1 1 4 28 29 30 31 0
0 1 1 1 1 4 38 39 40 41 0
0 1 1 1 1 4 48 49 50 51 0
0 1 1 1 1 4 58 59 60 61 0
0 1 1 1 1 4 68 69 70 71 0
0 1 1 1 1 4 78 79 80 81 0
0 1 1 1 1 4 88 89 90 91 0
0 1 1 1 1 4 98 99 100 101 0
0 1 1 1 1 4 108 109 110 111 0
0 1 1 1 1 4 118 119 120 121 0
0 1 1 1 1 4 128 129 130 131 0
0 1 1 1 1 4 138 139 140 141 0
0 1 1 1 1 4 148 149 150 151 0
0 1 1 1 1 4 158 159 160 161 0
0 1 1 1 1 4 168 169 170 171 0
0 1 1 1 1 4 178 179 180 181 0
0 1 1 1 1 4 188 189 190 191 0
0 1 1 1 1 4 198 199 200 201 0
0 1 1 1 1 4 208 209 210 211 0
0 1 1 1 1 4 218 219 220 221 0
0 1 1 1 1 4 228 229 230 231 0
0 1 1 1 1 4 238 239 240 241 0
0 1 1 1 1 4 248 249 250 251 0
0 1 1 1 1 4 258 259 260 261 0
0 1 1 1 1 4 268 269 270 271 0
0 1 1 1 1 4 278 279 280 281 0
0 1 1 1 1 4 288 289 290 291 0
0 1 1 1 1 4 298 299 300 301 0
0 1 1 1 1 4 308 309 310 311 0
0 1 1 1 1 4 318 319 320 321 0
0 1 1 1 1 4 328 329 330 331 0
0 1 1 1 1 4 338 339 340 341 0
0 1 1 1 1 4 348 349 350 351 0
0 1 1 1 1 4 358 359 360 361 0
0 1 1 1 1 4 368 369 370 371 0
0 1 1 1 1 4 378 379 380 381 0
0 1 1 1 1 4 388 389 390 391 0
0 1 1 1 1 4 398 399 400 401 0
0 1 1 1 1 4 408 409 410 411 0
0 1 1 1 1 4 418 419 420 421 0
0 1 1 1 1 4 428 429 430 431 0
0 1 1 1 1 4 438 439 440 441 0
0 1 1 1 1 4 448 449 450 451 0
0 1 1 1 1 4 458 459 460 461 0
0 1 1 1 1 4 468 469 470 471 0
0 1 1 1 1 4 478 479 480 481 0
0 1 1 1 1 4 488 489 490 491 0
0 1 1 1 1 4 498 499 500 501 0
0 1 1 1 1 4 508 509 510 511 0
0 1 1 1 1 4 518 519 520 521 0
0 1 1 1 1 4 528 529 530 531 0
0 1 1 1 1 4 538 539 540 541 0
0 1 1 1 1 4 548 549 550 551 0
0 1 1 1 1 4 558 559 560 561 0
0 1 1 1 1 4 568 569 570 571 0
0 1 1 1 1 4 578 579 580 581 0
0 1 1 1 1 4 588 589 590 591 0
0 1 1 1 1 4 598 599 600 601 0
0 1 1 1 1 4 608 609 610 611 0
0 1 1 1 1 4 618 619 620 621 0
0 1 1 1 1 4 628 629 630 631 0
0 1 1 1 1 4 638 639 640 641 0
0 1 1 1 1 4 648 649 650 651 0
0 1 1 1 1 4 658 659 660 661 0
0 1 1 1 1 4 668 669 670 671 0
0 1 1 1 1 4 678 679 680 681 0
0 1 1 1 1 4 688 689 690 691 0
0 1 1 1 1 4 698 699 700 701 0
0 1 1 1 1 4 708 709 710 711 0
0 1 1 1 1 4 718 719 720 721 0
0 1 1 1 1 4 728 729 730 731 0
0 1 1 1 1 4 738 739 740 741 0
0 1 1 1 1 4 748 749 750 751 0
0 1 1 1 1 4 758 759 760 761 0
0 1 1 1 1 4 768 769 770 771 0
0 1 1 1 1 4 778 779 780 781 0
0 1 1 1 1 4 788 789 790 791 0
0 1 1 1 1 4 798 799 800 801 0
0 1 1 1 1 4 808 809 810 811 0
0 1 1 1 1 4 818 819 820 821 0
0 1 1 1 1 4 828 829 830 831 0
0 1 1 1 1 4 838 839 840 841 0
0 1 1 1 1 4 848 849 850 851 0
0 1 1 1 1 4 858 859 860 861 0
0 1 1 1 1 4 868 869 870 871 0
0 1 1 1 1 4 878 879 880 881 0
0 1 1 1 1 4 888 889 890 891 0
0 1 1 1 1 4 898 899 900 901 0
0 1 1 1 1 4 908 909 910 911 0
0 1 1 1 1 4 918 919 920 921 0
0 1 1 1 1 4 928 929 930 931 0
0 1 1 1 1 4 938 939 940 941 0
0 1 1 1 1 4 948 949 950 951 0
0 1 1 1 1 4 958 959 960 961 0
0 1 1 1 1 4 968 969 970 971 0
0 1 1 1 1 4 978 979 980 981 0
0 1 1 1 1 4 988 989 990 991 0
0 1 1 1 1 4 998 999 1000 1001 0
0 1 1 1 1 4 1008 1009 1010 1011 0
0 1 1 1 1 4 1018 1019 1020 1021 0
0 1 1 1 1 4 1028 1029 1030 1031 0
0 1 1 1 1 4 1038 1039 1040 1041 0
0 1 1 1 1 4 1048 1049 1050 1051 0
0 1 1 1 1 4 1058 1059 1060 1061 0
0 1 1 1 1 4 1068 1069 1070 1071 0
0 1 1 1 1 4 1078 1079 1080 1081 0
0 1 1 1 1 4 1088 1089 1090 1091 0
0 1 1 1 1 4 1098 1099 1100 1101 0
0 1 1 1 1 4 1108 1109 1110 1111 0
0 1 1 1 1 4 1118 1119 1120 1121 0
0 1 1 1 1 4 1128 1129 1130 1131 0
0 1 1 1 1 4 1138 1139 1140 1141 0
0 1 1 1 1 4 1148 1149 1150 1151 0
0 1 1 1 1 4 1158 1159 1160 1161 0
0 1 1 1 1 4 1168 1169 1170 1171 0
0 1 1 1 1 4 1178 1179 1180 1181 0
0 1 1 1 1 4 1188 1189 1190 1191 0
0 1 1 1 1 4 1198 1199 1200 1201 0
0 1 1 1 1 4 1208 1209 1210 1211 0
0 1 1 1 1 4 1218 1219 1220 1221 0
0 1 1 1 1 4 1228 1229 1230 1231 0
0 1 1 1 1 4 1238 1239 1240 1241 0
0 1 1 1 1 4 1248 1249 1250 1251 0
0 1 1 1 1 4 1258 1259 1260 1261 0
0 1 1 1 1 4 1268 1269 1270 1271 0
0 1 1 1 1 4 1278 1279 1280 1281 0
0 1 1 1 1 4 1286 1287 1288 1289 0
118 18
17 1 2 3 4 5 6 7 8 9 10 11 12 13 14 15 16 17 1 0 1 0 0 0
0 0 0 1 7 0
0 0 0 1 14 0
0 0 0 1 21 0
0 0 0 1 28 0
0 0 0 1 35 0
0 0 0 1 42 0
0 0 0 1 49 0
0 0 0 1 56 0
0 0 0 1 63 0
0 0 0 1 70 0
0 0 0 1 77 0
0 0 0 1 84 0
0 0 0 1 91 0
0 0 0 1 98 0
0 0 0 1 105 0
0 0 0 1 112 0
0 0 0 1 117 0
92 1
0 1 0 1 0 50 2 4 6 75 76 12 13 77 16 17 78 79 22 23 80 26 27 81 82 32 33 83 36 37 84 40 41 42 43 44 45 46 85 50 52 53 55 57 86 60 62 64 65 87 69 70 71 72 73 74 0
120 4
2 1 2 1 0 1 0 1 3 0
1 3 1 0 1 0 5 105 106 7 107 13 1 13
1 3 0 0 0 1 0
0 2 13 0 0 59 14 18 21 24 25 27 29 33 34 36 37 38 39 40 41 43 44 108 47 48 109 51 52 110 55 56 111 112 61 62 63 65 113 69 70 72 74 75 114 78 79 81 115 85 86 87 116 117 92 93 118 119 98 99 100 101 102 103 104 0
43 17
2 1 2 1 0 1 0 3 36 5 9 0
0 0 0 0 0
2 3 4 1 5 1 5 1 13 0
0 0 0 1 39 0
2 5 6 1 36 1 36 2 17 20 0
0 0 0 1 42 0
2 7 8 1 5 1 5 1 24 0
0 1 0 1 0 0 0
2 9 13 1 36 1 36 1 27 0
2 10 11 1 36 1 36 1 30 0
1 12 0 0 0 0
1 12 0 0 0 0
1 14 0 0 1 33 1 33
1 14 0 0 0 0
2 15 16 1 33 0 1 35 0
0 1 0 1 0 0 0
0 1 36 1 36 0 0
89 4
2 1 2 1 0 1 0 1 3 0
1 3 1 0 1 0 5 76 77 8 78 14 1 14
1 3 0 0 0 1 0
0 2 14 0 0 35 15 19 22 25 26 28 30 31 35 36 38 40 79 43 80 81 47 49 51 53 82 56 57 59 83 63 84 66 85 70 71 72 73 74 75 0
35 9
2 1 2 1 0 1 0 3 26 5 9 0
0 0 0 0 0
2 3 4 1 5 1 5 1 14 0
0 0 0 1 30 0
2 5 6 1 26 1 26 2 18 21 0
0 0 0 1 34 0
2 7 8 1 5 1 5 1 25 0
0 1 0 1 0 0 0
0 1 26 1 26 0 0
200 68
67 1 2 3 4 5 6 7 8 9 10 11 12 13 14 15 16 17 18 19 20 21 22 23 24 25 26 27 28 29 30 31 32 33 34 35 36 37 38 39 40 41 42 43 44 45 46 47 48 49 50 51 52 53 54 55 56 57 58 59 60 61 62 63 64 65 66 67 1 0 1 0 0 0
0 0 0 0 0
0 0 0 0 0
0 0 0 0 0
0 0 0 0 0
0 0 0 0 0
0 0 0 0 0
0 0 0 0 0
0 0 0 0 0
0 0 0 0 0
0 0 0 0 0
0 0 0 0 0
0 0 0 0 0
0 0 0 0 0
0 0 0 0 0
0 0 0 0 0
0 0 0 0 0
0 0 0 0 0
0 0 0 0 0
0 0 0 0 0
0 0 0 0 0
0 0 0 0 0
0 0 0 0 0
0 0 0 0 0
0 0 0 0 0
0 0 0 0 0
0 0 0 0 0
0 0 0 0 0
0 0 0 0 0
0 0 0 0 0
0 0 0 0 0
0 0 0 0 0
0 0 0 0 0
0 0 0 0 0
0 0 0 0 0
0 0 0 0 0
0 0 0 0 0
0 0 0 0 0
0 0 0 0 0
0 0 0 0 0
0 0 0 0 0
0 0 0 0 0
0 0 0 0 0
0 0 0 0 0
0 0 0 0 0
0 0 0 0 0
0 0 0 0 0
0 0 0 0 0
0 0 0 0 0
0 0 0 0 0
0 0 0 0 0
0 0 0 0 0
0 0 0 0 0
0 0 0 0 0
0 0 0 0 0
0 0 0 0 0
0 0 0 0 0
0 0 0 0 0
0 0 0 0 0
0 0 0 0 0
0 0 0 0 0
0 0 0 0 0
0 0 0 0 0
0 0 0 0 0
0 0 0 0 0
0 0 0 0 0
0 0 0 0 0
0 0 0 0 0
39 9
8 1 2 3 4 5 6 7 8 1 0 1 0 0 0
0 0 0 1 31 0
0 0 0 1 32 0
0 0 0 1 33 0
0 0 0 1 34 0
0 0 0 1 35 0
0 0 0 1 36 0
0 0 0 1 37 0
0 0 0 1 38 0
8 5
2 1 2 1 0 1 0 1 5 0
0 1 1 1 1 0 0
2 3 4 1 0 1 0 1 7 0
0 1 2 1 2 0 0
0 1 3 1 3 0 0
954 127
2 1 2 1 5 1 5 165 7 8 9 10 11 12 13 14 15 16 17 18 19 20 21 22 23 24 25 26 27 29 31 33 35 37 39 41 43 45 47 49 51 53 55 57 59 61 63 65 67 69 70 71 72 73 74 75 76 77 78 79 80 81 82 83 84 85 86 87 88 89 91 93 95 97 99 101 103 105 107 109 111 113 115 117 119 121 123 125 127 129 131 132 133 134 135 136 137 138 139 140 141 142 143 144 145 146 147 148 149 150 151 153 155 157 159 161 163 165 167 169 171 173 175 177 179 181 183 185 187 189 191 193 194 195 196 197 198 199 200 201 202 203 204 205 206 207 208 209 210 211 212 213 215 217 219 221 223 225 227 229 231 233 235 237 239 241 243 245 247 249 251 253 256 0
1 3 0 0 0 0
1 3 0 0 0 0
2 4 5 2 4 3 2 4 3 5 259 263 266 268 295 0
1 6 0 0 0 0
1 6 0 0 0 1 268
2 7 12 4 268 3 263 259 3 3 263 259 8 839 301 302 303 304 855 305 933 1 855
1 8 0 0 0 1 855
2 9 10 3 318 855 859 0 3 817 802 309 0
1 11 0 0 0 0
1 11 1 802 1 802 2 311 312 1 312
2 8 12 5 312 817 89 802 305 4 817 89 802 305 7 313 314 316 318 320 859 934 2 318 859
1 13 3 855 859 263 1 263 2 935 939 0
2 14 18 3 341 942 259 1 259 3 816 778 322 0
2 15 17 3 263 816 939 3 263 816 939 1 327 0
1 16 0 0 0 0
2 16 17 8 336 334 0 1 2 327 89 263 6 0 1 2 327 89 263 11 800 777 326 328 329 331 332 333 334 336 940 2 336 334
1 13 3 334 816 213 2 816 213 4 942 337 339 341 2 341 942
1 19 1 303 1 303 6 384 392 417 420 468 483 2 259 778
2 20 75 10 834 259 828 822 820 789 782 774 778 763 0 8 835 829 823 821 790 783 775 764 0
1 21 2 835 213 2 835 213 3 343 345 346 3 835 346 775
2 22 23 7 368 361 835 366 346 352 775 0 5 815 799 784 776 348 0
1 21 5 784 815 27 799 213 5 784 815 27 799 213 14 350 351 352 354 355 356 357 359 361 362 364 365 366 368 4 368 361 366 352
2 24 25 3 784 303 384 3 784 303 384 10 371 374 375 376 377 378 379 380 381 877 0
1 32 5 835 27 392 379 417 5 835 27 392 379 417 14 386 387 943 390 393 394 944 402 405 406 945 946 415 418 3 394 418 393
2 26 27 1 420 1 420 0 0
1 31 2 835 27 2 835 27 5 422 423 425 426 428 1 428
2 28 29 1 381 1 381 1 430 0
1 30 0 0 0 0
1 30 0 0 0 0
1 31 0 0 2 818 433 1 818
1 32 2 818 428 0 1 819 3 379 819 815
2 33 55 6 379 394 819 418 815 393 0 4 824 820 814 437 0
1 34 1 824 1 824 1 439 1 799
2 35 42 5 826 466 446 799 835 1 835 4 827 812 797 442 0
2 36 40 3 812 27 827 3 812 27 827 4 443 947 446 448 0
2 37 38 1 446 1 446 1 450 0
1 39 3 446 27 812 3 446 27 812 2 453 948 0
1 39 0 0 0 1 827
1 41 1 827 0 1 825 1 825
1 41 3 446 27 812 3 446 27 812 2 460 949 1 827
1 34 3 827 825 812 1 812 2 826 466 3 826 466 446
2 43 44 1 468 1 468 0 0
1 48 2 835 27 2 835 27 6 470 473 950 476 478 951 0
2 45 46 1 483 1 483 0 0
1 47 2 835 27 2 835 27 6 485 488 952 491 493 953 0
1 47 0 0 0 0
1 48 0 0 0 0
2 49 53 1 820 1 820 1 501 0
2 50 51 2 381 827 2 381 827 2 503 505 0
1 52 2 303 503 2 303 503 2 507 508 1 508
1 52 0 0 0 1 503
1 54 2 503 508 0 2 780 510 1 780
1 54 0 0 0 1 877
1 56 2 877 780 0 1 781 3 827 439 781
1 56 0 0 0 3 829 824 877
2 57 73 6 829 827 824 439 877 781 0 4 828 822 782 517 0
1 58 1 835 1 835 1 520 1 520
2 59 60 4 528 520 526 259 1 259 3 811 796 521 0
1 58 3 811 27 796 3 811 27 796 5 522 524 525 526 528 2 528 526
2 61 71 1 796 1 796 1 530 0
1 62 0 0 0 0
2 63 64 3 540 259 27 2 259 27 6 787 532 533 535 536 538 0
1 62 1 787 1 787 1 540 1 540
1 65 2 835 787 2 835 787 2 542 543 3 542 796 776
2 66 70 7 570 542 791 796 771 776 543 1 543 4 807 792 772 544 0
1 67 4 263 807 839 89 4 263 807 839 89 6 545 546 547 548 549 551 0
2 68 69 3 565 563 263 1 263 3 791 771 554 0
1 67 7 791 0 1 2 545 89 771 7 791 0 1 2 545 89 771 8 555 557 558 560 561 562 563 565 2 565 563
1 65 3 807 213 771 3 807 213 771 3 566 568 570 3 570 791 771
1 72 0 0 0 3 543 787 772
1 72 0 0 0 3 835 790 776
1 74 6 835 543 790 787 776 772 0 4 833 788 773 762 4 833 788 773 762
1 74 0 0 0 3 835 790 776
1 19 7 835 833 790 788 776 773 762 0 4 834 789 774 763 8 834 828 822 820 789 782 774 763
2 76 80 1 783 1 783 1 578 0
1 77 2 835 303 2 835 303 2 580 582 2 582 580
2 78 79 5 592 582 590 580 27 1 27 6 838 832 583 585 586 588 0
1 77 2 832 838 2 832 838 2 590 592 2 592 590
1 84 0 0 0 2 838 832
2 81 82 2 303 783 2 303 783 3 594 595 597 0
1 83 4 595 835 27 303 4 595 835 27 303 13 599 600 601 603 604 605 606 608 610 612 613 614 616 2 612 610
1 83 3 595 835 27 3 595 835 27 3 617 618 620 2 303 835
1 84 4 303 612 835 610 0 2 836 830 2 836 830
1 85 4 836 838 830 832 0 3 837 831 624 2 831 624
2 86 87 4 639 831 637 624 0 3 806 768 626 0
1 85 4 806 27 768 213 4 806 27 768 213 8 627 629 630 631 632 635 637 639 2 639 637
1 88 0 0 0 1 831
2 89 109 2 667 831 0 2 805 641 0
1 90 2 831 805 2 831 805 1 645 0
2 91 95 3 661 659 259 1 259 3 785 766 644 0
2 92 93 2 785 645 2 785 645 1 646 0
1 94 0 0 0 0
1 94 0 0 0 0
1 96 0 0 1 649 1 649
1 96 0 0 0 0
2 97 108 1 649 0 1 651 0
1 98 0 0 0 0
8 99 100 101 102 103 104 105 106 1 785 1 785 0 0
1 107 0 0 1 753 1 753
1 107 0 0 1 754 1 754
1 107 0 0 1 755 1 755
1 107 0 0 1 756 1 756
1 107 0 0 1 757 1 757
1 107 0 0 1 758 1 758
1 107 0 0 1 759 1 759
1 107 0 0 1 760 1 760
1 90 12 753 754 755 756 757 758 759 760 805 785 213 766 4 805 785 213 766 8 652 653 654 656 657 658 659 661 2 661 659
1 88 4 645 151 766 805 4 645 151 766 805 3 663 665 667 1 667
1 110 0 0 0 1 831
2 111 112 3 677 831 675 0 3 804 765 670 0
1 110 3 804 151 765 3 804 151 765 5 671 673 674 675 677 2 677 675
2 113 117 1 256 1 256 0 0
2 114 115 2 823 821 2 823 821 2 681 683 0
1 116 0 0 0 1 765
1 116 1 765 1 765 1 685 1 685
0 4 765 685 6 681 2 6 681 4 686 688 689 690 0
1 118 2 151 765 2 151 765 3 695 696 697 1 697
2 119 120 4 707 705 697 831 1 831 3 803 761 700 0
1 118 3 803 151 761 3 803 151 761 5 701 703 704 705 707 2 707 705
2 121 122 2 823 821 2 823 821 2 709 711 0
1 123 0 0 0 1 765
1 123 1 765 1 765 1 713 1 713
2 124 125 3 765 713 711 1 711 1 714 0
1 126 0 0 0 1 761
1 126 1 761 1 761 1 718 1 718
0 5 761 718 6 709 714 3 6 709 714 4 719 720 721 722 0
3 1
0 1 0 1 0 1 2 0
8 1
0 1 0 1 0 3 6 4 7 0
277 25
2 1 14 1 0 1 0 13 243 3 5 8 9 11 13 15 17 19 21 23 28 0
2 2 3 1 0 1 0 20 245 32 247 36 11 249 40 41 13 251 45 46 15 253 50 17 51 255 56 57 0
1 7 3 13 11 0 3 13 11 0 11 59 13 61 11 257 65 66 15 259 70 17 0
2 4 5 2 15 17 2 15 17 3 71 261 75 0
1 6 3 13 11 0 3 13 11 0 11 77 13 79 11 263 83 84 15 265 88 17 0
1 6 0 0 1 89 0
1 7 0 0 0 0
2 8 12 3 15 17 9 3 15 17 9 11 92 21 94 95 23 266 98 101 102 103 105 0
2 9 10 3 15 11 23 3 15 11 23 19 19 268 109 17 110 15 270 114 115 116 117 118 21 271 121 124 125 126 128 0
1 11 2 15 11 2 15 11 13 19 273 132 17 133 15 275 137 138 139 140 141 21 0
1 11 0 0 1 142 0
1 13 0 0 0 0
1 13 0 0 0 0
0 5 15 21 17 1 13 5 15 21 17 1 13 5 146 147 148 149 150 0
2 15 16 1 9 1 9 1 153 0
0 2 0 1 2 0 1 5 154 155 157 158 159 0
2 17 21 1 3 1 3 25 162 166 276 169 171 173 175 177 181 182 183 184 185 186 187 188 189 190 191 193 194 195 196 198 200 0
2 18 19 1 173 1 173 2 177 203 0
1 20 0 0 1 177 0
1 20 0 0 1 205 0
1 22 0 0 0 0
1 22 0 0 0 0
2 23 24 6 9 171 173 175 177 3 6 9 171 173 175 177 3 10 210 211 215 217 218 219 220 221 188 227 0
0 2 188 1 2 188 1 12 229 230 231 233 234 235 237 238 239 240 241 242 0
0 2 1 188 2 1 188 0 0
184 13
2 1 8 1 0 1 0 4 141 6 8 18 0
2 2 3 1 8 1 8 16 143 22 145 26 147 30 31 149 35 36 151 40 41 153 46 47 0
1 7 3 31 30 8 3 31 30 8 8 49 51 155 55 56 157 60 61 2 49 61
2 4 5 1 41 1 41 2 159 65 0
1 6 3 31 30 8 3 31 30 8 8 67 69 161 73 74 163 78 79 2 67 79
1 6 0 0 0 2 31 41
1 7 4 31 67 41 79 0 2 167 165 2 167 165
0 5 167 49 165 61 1 1 1 5 168 166 84 85 86 0
2 9 10 1 6 1 6 1 89 0
0 2 8 1 2 8 1 4 90 94 95 96 0
2 11 12 2 141 6 2 141 6 13 102 105 106 110 114 115 164 118 123 124 125 126 127 0
0 2 127 1 2 127 1 9 130 131 132 134 135 136 138 139 140 0
0 2 1 127 2 1 127 0 0
67 3
2 1 2 2 0 2 2 0 2 17 3 5 54 56 58 16 17 18 19 20 60 62 27 28 29 30 32 0
0 5 1 32 30 3 0 5 1 32 30 3 0 9 35 36 37 38 39 64 43 44 45 0
0 4 3 30 32 0 4 3 30 32 0 5 66 49 50 51 52 0
63 1
0 2 0 1 2 0 1 29 2 4 52 54 56 15 16 17 18 19 20 58 60 62 30 31 32 33 34 35 38 41 44 45 46 47 48 49 50 0
224 16
2 1 5 2 0 1 2 0 1 9 206 207 150 7 10 157 153 156 14 0
2 2 3 1 156 1 156 0 0
1 4 2 0 1 2 0 1 2 29 31 2 29 31
1 4 0 0 0 2 206 207
1 6 4 206 29 207 31 0 7 205 203 159 37 161 41 42 1 42
1 6 0 0 0 2 206 207
2 7 13 4 206 42 207 14 1 14 47 204 202 46 47 163 165 167 169 171 173 66 67 68 69 70 71 72 73 74 75 175 177 179 181 183 185 94 95 96 97 98 99 100 101 102 103 104 105 106 107 108 109 110 187 114 115 116 0
2 8 9 1 2 1 2 0 0
1 10 0 0 0 0
1 10 0 0 0 0
2 11 12 4 116 115 204 156 4 116 115 204 156 8 119 122 123 124 125 126 127 128 0
0 1 128 1 128 1 131 0
0 1 128 1 128 0 0
2 14 15 1 2 1 2 1 132 0
0 1 116 1 116 0 0
0 3 116 204 115 3 116 204 115 15 193 191 194 135 136 139 200 198 201 144 145 146 147 148 149 0
38 1
0 1 0 1 0 17 1 3 31 33 11 12 14 35 37 22 23 24 25 26 27 28 29 0
37 1
0 1 0 1 0 16 1 3 30 32 11 12 34 18 19 36 23 24 25 26 27 28 0
59 4
2 1 2 2 0 1 2 0 1 22 2 48 50 10 11 52 54 19 20 22 24 56 58 32 33 35 36 37 38 39 40 41 0
1 3 1 41 1 41 1 44 1 44
1 3 0 0 0 1 41
0 2 44 41 0 2 45 46 0
62 13
2 1 4 1 0 1 0 4 61 3 6 10 0
2 2 3 1 6 1 6 1 13 0
0 1 0 1 0 0 0
0 1 0 1 0 0 0
2 5 6 1 6 1 6 1 18 0
0 1 0 1 0 1 19 0
2 7 8 1 0 1 0 9 20 21 22 23 24 26 27 29 32 0
0 1 24 1 24 4 33 34 35 36 0
2 9 10 1 29 1 29 1 39 0
0 1 24 1 24 4 40 41 42 43 0
2 11 12 1 29 1 29 1 45 0
0 1 24 1 24 6 47 48 49 50 52 53 0
0 1 24 1 24 6 55 56 57 58 59 60 0
62 13
2 1 4 1 0 1 0 4 61 3 6 10 0
2 2 3 1 6 1 6 1 13 0
0 0 0 0 0
0 1 0 1 0 0 0
2 5 6 1 6 1 6 1 18 0
0 1 0 1 0 1 19 0
2 7 8 1 0 1 0 9 20 21 22 23 24 26 27 29 32 0
0 1 24 1 24 4 33 34 35 36 0
2 9 10 1 29 1 29 1 38 0
0 1 24 1 24 6 40 41 42 43 45 46 0
2 11 12 1 29 1 29 1 48 0
0 1 24 1 24 6 50 51 52 53 54 55 0
0 1 24 1 24 4 56 57 58 59 0
37 7
2 1 4 1 0 1 0 4 36 3 6 10 0
2 2 3 1 6 1 6 1 13 0
0 1 0 1 0 0 0
0 1 0 1 0 0 0
2 5 6 1 6 1 6 1 18 0
0 1 0 1 0 1 19 0
0 1 0 1 0 13 20 21 22 23 24 26 27 28 29 30 31 33 35 0
49 13
2 1 4 1 0 1 0 3 48 4 8 0
2 2 3 1 4 1 4 1 11 0
0 1 0 1 0 0 0
0 1 0 1 0 1 12 0
2 5 6 1 4 1 4 1 15 0
0 1 0 1 0 1 16 0
2 7 8 1 0 1 0 9 17 18 19 20 21 23 24 26 29 0
0 1 21 1 21 2 30 31 0
2 9 10 1 26 1 26 1 33 0
0 1 21 1 21 2 34 35 0
2 11 12 1 26 1 26 1 37 0
0 1 21 1 21 3 39 40 41 0
0 1 21 1 21 4 44 45 46 47 0
51 13
2 1 4 1 0 1 0 3 50 4 8 0
2 2 3 1 4 1 4 1 11 0
0 0 0 0 0
0 1 0 1 0 1 14 0
2 5 6 1 4 1 4 1 17 0
0 1 0 1 0 1 18 0
2 7 8 1 0 1 0 9 19 20 21 22 23 25 26 28 31 0
0 1 23 1 23 2 32 33 0
2 9 10 1 28 1 28 1 35 0
0 1 23 1 23 3 37 38 39 0
2 11 12 1 28 1 28 1 41 0
0 1 23 1 23 4 44 45 46 47 0
0 1 23 1 23 2 48 49 0
33 7
2 1 4 1 0 1 0 3 32 4 8 0
2 2 3 1 4 1 4 1 11 0
0 1 0 1 0 0 0
0 1 0 1 0 1 12 0
2 5 6 1 4 1 4 1 16 0
0 1 0 1 0 1 17 0
0 1 0 1 0 11 18 19 20 21 22 24 25 26 27 29 31 0
8 7
1 1 0 0 0 0
2 2 3 1 0 1 0 1 3 0
1 6 0 0 0 1 0
2 4 5 1 0 1 0 1 5 0
1 6 1 0 1 0 1 7 1 7
1 6 0 0 0 1 0
0 2 0 7 0 1 1 0
8 5
2 1 2 1 0 1 0 1 3 0
0 1 1 1 1 0 0
2 3 4 1 0 1 0 1 5 0
0 1 0 1 0 1 7 0
0 1 0 1 0 0 0
3 3
2 1 2 2 0 1 2 0 1 1 2 0
0 1 0 1 0 0 0
0 1 1 1 1 0 0
3 3
2 1 2 2 0 1 2 0 1 1 2 0
0 1 0 1 0 0 0
0 1 1 1 1 0 0
10 9
1 1 0 0 0 0
2 2 3 2 1 2 2 1 2 1 9 0
1 4 0 0 0 1 1
1 4 0 0 0 1 2
2 5 6 3 1 2 0 3 1 2 0 3 3 5 7 0
0 1 3 1 3 0 0
2 7 8 2 0 5 2 0 5 1 8 0
0 1 5 1 5 0 0
0 1 0 1 0 0 0
3 1
0 1 0 1 0 1 2 0
3 1
0 1 0 1 0 1 2 0
3 1
0 1 0 1 0 1 2 0
7 1
0 1 0 1 0 3 5 3 6 0
8 1
0 1 0 1 0 3 6 4 7 0
2 1
0 1 0 1 0 1 1 0
2 1
0 1 0 1 0 1 1 0
3 3
2 1 2 2 0 1 2 0 1 1 2 0
0 1 0 1 0 0 0
0 1 1 1 1 0 0
3 3
2 1 2 2 0 1 2 0 1 1 2 0
0 1 0 1 0 0 0
0 1 1 1 1 0 0
10 9
1 1 0 0 0 0
2 2 3 2 1 2 2 1 2 1 9 0
1 4 0 0 0 1 1
1 4 0 0 0 1 2
2 5 6 3 1 2 0 3 1 2 0 3 3 5 7 0
0 1 3 1 3 0 0
2 7 8 2 0 5 2 0 5 1 8 0
0 1 5 1 5 0 0
0 1 0 1 0 0 0
3 1
0 1 0 1 0 1 2 0
3 1
0 1 0 1 0 1 2 0
3 1
0 1 0 1 0 1 2 0
8 1
0 1 0 1 0 6 1 2 3 4 5 7 0
5 1
0 1 0 1 0 3 1 2 4 0
3 1
0 1 0 1 0 2 1 2 0
7 1
0 3 1 2 0 3 1 2 0 4 3 4 5 6 0
21 3
2 1 2 1 1 1 1 3 3 4 7 0
0 2 2 0 2 2 0 0 0
0 4 0 1 4 2 4 0 1 4 2 13 8 9 10 11 12 13 14 15 16 17 18 19 20 0
27 15
2 1 2 1 0 1 0 2 1 4 0
0 0 0 1 5 0
2 3 4 1 1 1 1 1 7 0
0 0 0 1 8 0
2 5 6 1 1 1 1 1 10 0
0 0 0 1 11 0
2 7 11 1 1 1 1 1 13 0
2 8 9 1 1 1 1 1 15 0
1 10 0 0 0 0
1 10 0 0 0 0
1 12 0 0 1 18 1 18
1 12 0 0 0 0
2 13 14 1 18 0 1 20 0
0 1 1 1 1 2 22 24 0
0 0 0 2 25 26 0
10 1
0 3 1 0 2 3 1 0 2 7 3 4 5 6 7 8 9 0
10 1
0 3 1 0 2 3 1 0 2 7 3 4 5 6 7 8 9 0
2 1
0 1 0 1 0 1 1 0
20 3
2 1 2 1 0 1 0 3 3 4 5 0
0 2 2 1 2 2 1 0 0
0 3 0 1 2 3 0 1 2 14 6 7 8 9 10 11 12 13 14 15 16 17 18 19 0
22 5
2 1 2 2 0 1 2 0 1 5 3 4 6 7 10 0
0 2 2 0 2 2 0 0 0
2 3 4 1 4 1 4 1 12 0
0 2 2 1 2 2 1 0 0
0 5 1 0 4 7 2 5 1 0 4 7 2 9 13 14 15 16 17 18 19 20 21 0
11 3
2 1 2 1 0 1 0 3 2 3 4 0
0 1 1 1 1 0 0
0 2 0 1 2 0 1 5 5 6 7 9 10 0
23 3
2 1 2 1 0 1 0 3 3 4 5 0
0 0 0 0 0
0 3 0 2 1 3 0 2 1 14 7 8 9 10 11 13 14 15 16 17 18 19 21 22 0
54 7
2 1 3 3 0 1 2 3 0 1 2 8 3 4 6 7 10 13 18 46 0
1 2 0 0 0 0
2 2 3 4 26 7 13 10 3 7 13 10 6 42 23 24 52 26 48 1 26
2 4 6 2 18 4 2 18 4 1 49 0
1 5 0 0 0 1 18
2 5 6 6 34 18 2 7 1 4 4 2 7 1 4 7 40 28 31 32 53 34 51 1 34
0 0 0 0 0
266 15
2 1 2 2 1 2 2 1 2 1 3 0
0 0 0 1 4 0
1 3 1 0 1 0 4 260 12 261 15 0
2 4 6 1 2 1 2 2 255 256 1 1
2 5 6 2 1 255 2 1 255 1 257 1 1
2 5 6 6 1 253 252 12 15 255 3 12 15 255 117 93 94 95 96 97 98 99 100 101 103 105 107 108 109 110 111 113 115 117 118 119 120 121 123 125 127 128 129 130 131 133 135 137 138 139 140 141 143 145 147 148 149 150 151 153 155 157 158 159 160 161 163 165 167 168 169 170 171 173 175 177 178 179 180 181 183 185 187 188 189 190 191 193 195 197 198 199 200 201 203 205 207 208 209 210 211 213 215 217 218 219 220 221 223 225 227 228 229 230 231 233 235 237 238 239 240 241 243 245 247 248 249 250 251 252 253 259 2 253 252
2 6 7 8 1 22 253 20 252 12 15 2 3 12 15 2 11 73 71 9 13 16 17 18 19 20 22 80 2 22 20
2 8 9 1 20 1 20 1 24 0
0 0 0 1 25 0
2 10 11 1 20 1 20 1 26 0
2 12 11 1 20 1 20 1 27 0
1 12 0 0 1 28 0
1 13 1 20 1 20 7 30 31 32 262 34 263 37 1 1
2 13 14 6 59 1 57 0 37 2 3 0 37 2 16 67 65 43 264 46 47 265 49 50 51 53 54 56 57 59 86 2 59 57
0 2 37 20 2 37 20 3 60 61 62 0
33 4
2 1 2 1 0 1 0 3 3 6 7 0
2 3 2 1 6 1 6 1 8 0
1 3 0 0 1 9 0
0 4 6 3 0 1 4 6 3 0 1 17 10 11 12 13 14 15 16 19 20 21 23 24 25 26 27 28 32 0
18 4
2 1 2 1 1 1 1 1 2 0
2 3 2 1 1 1 1 1 3 0
1 3 0 0 1 4 0
0 2 1 0 2 1 0 10 5 6 7 8 9 10 11 14 15 17 0
1 1
0 0 0 0 0
63 19
2 1 18 2 0 2 2 0 2 4 3 4 6 9 0
2 2 3 1 3 1 3 3 10 11 12 0
1 17 0 0 1 6 0
2 4 15 1 3 1 3 8 14 15 16 17 18 19 20 21 0
2 5 14 0 0 1 23 0
2 6 7 1 3 1 3 3 24 25 26 0
1 13 0 0 2 6 23 0
2 8 11 1 3 1 3 8 29 30 31 32 33 34 35 36 0
2 9 10 3 4 35 30 3 4 35 30 7 37 38 39 40 41 43 44 0
2 9 10 5 38 43 1 41 35 5 38 43 1 41 35 7 45 46 48 49 51 43 44 0
1 12 2 38 32 2 38 32 3 4 52 3 0
1 12 0 0 1 23 0
1 13 0 0 0 0
2 5 14 1 23 1 23 0 0
1 16 0 0 0 0
1 16 5 4 20 15 1 17 5 4 20 15 1 17 5 56 58 4 59 3 0
1 17 0 0 0 0
2 1 18 1 6 1 6 1 9 0
0 0 0 0 0
82 26
2 1 2 1 1 1 1 1 3 0
0 0 0 1 4 0
2 3 4 1 1 1 1 1 5 0
2 5 4 1 1 1 1 1 6 0
1 5 0 0 1 7 0
1 6 1 1 1 1 8 9 10 11 12 13 15 16 17 0
2 7 24 2 0 1 2 0 1 4 22 23 25 28 0
2 8 9 1 22 1 22 3 29 30 31 0
1 23 0 0 1 25 0
2 10 21 1 22 1 22 8 33 34 35 36 37 38 39 40 0
2 11 20 0 0 1 42 0
2 12 13 1 22 1 22 3 43 44 45 0
1 19 0 0 2 25 42 0
2 14 17 1 22 1 22 8 48 49 50 51 52 53 54 55 0
2 15 16 3 23 54 49 3 23 54 49 7 56 57 58 59 60 62 63 0
2 15 16 5 57 62 17 60 54 5 57 62 17 60 54 7 64 65 67 68 70 62 63 0
1 18 2 57 51 2 57 51 3 23 71 22 0
1 18 0 0 1 42 0
1 19 0 0 0 0
2 11 20 1 42 1 42 0 0
1 22 0 0 0 0
1 22 5 23 39 34 17 36 5 23 39 34 17 36 5 75 77 23 78 22 0
1 23 0 0 0 0
2 7 24 1 25 1 25 1 28 0
1 25 0 0 0 0
0 2 17 1 2 17 1 3 19 20 21 0
5 1
0 1 0 1 0 4 1 2 3 4 0
14 5
2 1 2 1 1 1 1 3 2 3 4 0
0 0 0 0 0
2 3 4 2 1 0 2 1 0 7 5 6 7 8 9 10 12 0
0 2 0 6 2 0 6 1 13 0
0 1 10 1 10 0 0
1 1
0 0 0 0 0
73 28
1 1 0 0 1 66 1 66
2 2 6 3 63 54 66 0 3 64 61 7 0
2 3 4 2 64 2 2 64 2 1 8 0
1 5 0 0 0 0
1 5 0 0 0 0
1 7 0 0 1 11 1 11
1 7 0 0 0 0
2 8 27 1 11 0 1 13 0
1 9 1 1 1 1 4 28 29 31 32 1 64
2 10 14 4 62 64 58 55 0 4 63 59 56 19 0
2 11 12 2 63 2 2 63 2 1 20 0
1 13 0 0 0 0
1 13 0 0 0 0
1 15 0 0 1 23 1 23
1 15 0 0 0 0
2 16 26 1 23 0 1 25 0
2 17 21 4 63 29 32 59 4 63 29 32 59 7 26 30 33 34 36 37 40 0
2 18 19 3 59 37 3 3 59 37 3 2 41 42 0
1 20 0 0 0 0
1 20 0 0 0 0
1 22 0 0 1 45 1 45
1 22 0 0 0 0
2 23 24 1 45 0 1 47 0
1 25 0 0 0 2 63 59
1 25 3 59 37 63 3 59 37 63 2 49 51 3 51 49 56
1 9 5 51 63 49 59 56 0 3 62 58 55 3 62 58 55
1 1 4 1 64 63 0 4 1 64 63 0 2 53 54 2 63 54
0 1 61 1 61 0 0
22 4
2 1 2 1 1 1 1 2 3 5 0
2 3 2 1 3 1 3 1 6 0
1 3 0 0 1 7 0
0 3 3 1 0 3 3 1 0 10 8 9 10 11 12 13 14 17 18 20 0
46 14
1 1 2 1 0 2 1 0 9 2 4 5 7 8 9 10 11 12 0
2 2 3 1 12 1 12 3 35 36 37 0
1 4 0 0 0 0
1 13 0 0 0 0
2 5 6 2 12 5 2 12 5 2 17 20 0
1 7 2 17 2 2 17 2 1 21 1 21
1 7 2 17 2 2 17 2 1 22 1 22
1 8 3 21 22 17 1 17 7 23 25 26 27 28 29 30 0
2 9 10 1 30 1 30 3 41 42 43 0
1 11 0 0 0 0
1 12 0 0 0 0
0 1 23 1 23 0 0
0 0 0 0 0
0 0 0 0 0
6 1
0 1 0 1 0 2 2 5 0
3 1
0 1 1 1 1 1 2 0
9 1
0 1 1 1 1 6 2 3 4 5 6 8 0
130649 1
0 2 130648 0 2 130648 0 0 0
77 13
2 1 2 1 0 1 0 4 1 2 5 6 0
2 3 2 1 5 1 5 1 7 0
1 3 0 0 1 8 0
2 4 12 2 5 2 2 5 2 6 10 11 12 13 14 53 0
1 5 1 0 1 0 4 19 20 21 22 0
1 6 0 0 0 0
2 7 10 2 2 5 2 2 5 1 57 0
2 8 10 2 2 22 2 2 22 1 56 0
1 9 0 0 0 0
2 9 12 4 73 20 10 2 3 20 10 2 6 61 65 66 71 73 75 1 73
1 11 0 0 0 0
2 11 12 6 37 22 20 5 10 2 5 22 20 5 10 2 9 50 23 24 25 26 32 35 37 55 1 37
0 2 2 12 2 2 12 7 40 42 43 44 45 46 47 0
3 1
0 1 0 1 0 2 1 2 0
3 1
0 1 0 1 0 2 1 2 0
3 1
0 1 0 1 0 2 1 2 0
80 18
1 1 0 0 0 0
1 2 0 0 0 0
1 3 0 0 0 0
2 4 5 3 51 49 0 1 0 6 52 50 37 38 39 41 0
1 6 0 0 0 1 52
1 6 1 52 1 52 1 44 2 44 50
2 3 7 3 44 52 50 0 3 51 49 60 2 51 49
1 8 0 0 0 0
2 9 10 1 51 1 51 1 3 0
2 11 10 1 51 1 51 1 4 0
1 11 0 0 1 5 0
2 12 17 1 51 1 51 6 7 8 9 77 11 64 0
1 13 0 0 0 0
2 14 16 1 51 1 51 1 79 0
2 15 16 1 51 1 51 1 66 0
2 15 17 4 75 0 7 51 3 0 7 51 6 69 70 71 74 75 76 1 75
2 16 17 4 27 0 51 7 3 0 51 7 8 48 16 17 18 22 25 27 65 1 27
0 2 9 51 2 9 51 5 78 47 29 30 31 0
26 7
1 1 0 0 0 0
1 2 0 0 0 0
2 3 4 3 17 15 0 1 0 6 18 16 6 7 8 10 0
1 5 0 0 0 1 18
1 5 1 18 1 18 1 13 2 13 16
2 2 6 3 13 18 16 0 3 17 15 24 2 17 15
0 1 17 1 17 0 0
1 1
0 0 0 0 0
14 9
2 1 5 1 0 1 0 1 2 0
2 2 3 1 0 1 0 1 4 0
1 4 0 0 0 0
1 4 0 0 0 0
1 6 0 0 1 7 1 7
1 6 0 0 0 0
2 7 8 1 7 0 1 9 0
0 1 0 1 0 2 11 12 0
0 1 0 1 0 0 0
2 1
0 1 0 1 0 1 1 0
8 1
0 3 0 1 2 3 0 1 2 2 7 6 0
8 1
0 3 1 0 2 3 1 0 2 2 7 6 0
8 1
0 3 1 0 2 3 1 0 2 2 7 6 0
4 1
0 1 0 1 0 1 3 0
6 1
0 3 0 1 2 3 0 1 2 1 5 0
7 1
0 2 0 1 2 0 1 2 6 5 0
5 1
1 0 1 0 1 0 2 3 0 0
1 1
0 1 0 1 0 0 0
3 1
0 3 0 1 2 3 0 1 2 0 0
3 1
0 3 0 1 2 3 0 1 2 0 0
3 1
0 3 0 1 2 3 0 1 2 0 0
1 1
0 1 0 1 0 0 0
3 1
0 3 0 1 2 3 0 1 2 0 0
2 1
0 2 0 1 2 0 1 0 0
1 1
0 0 0 0 0
1 1
0 0 0 0 0
1 1
0 0 0 0 0
1 1
0 0 0 0 0
5 5
2 1 2 1 0 1 0 1 2 0
0 0 0 0 0
2 3 4 1 0 1 0 1 4 0
0 0 0 0 0
0 0 0 0 0
3 1
0 1 0 1 0 1 2 0
36 12
1 1 0 0 0 0
2 2 3 2 29 26 0 3 30 27 8 0
2 4 11 2 30 2 2 30 2 1 9 0
1 11 0 0 0 0
2 5 6 4 1 30 2 0 4 1 30 2 0 4 12 13 14 17 0
1 10 0 0 1 18 2 30 18
2 7 8 1 14 1 14 1 20 0
1 9 0 0 0 1 30
1 9 2 30 14 2 30 14 1 22 2 22 27
1 10 3 22 30 27 0 2 28 25 2 28 25
1 1 4 28 30 25 18 0 2 29 26 2 29 26
0 1 27 1 27 0 0
7 1
0 2 1 0 2 1 0 4 5 6 3 4 0
9 3
2 1 2 1 0 1 0 2 2 5 0
0 0 0 0 0
0 0 0 1 8 0
1 1
0 1 0 1 0 0 0
1 1
0 0 0 1 0 0
3 1
0 1 0 1 0 2 1 2 0
3 3
2 1 2 1 0 1 0 0 0
0 0 0 1 1 0
0 0 0 1 2 0
37 5
1 1 0 0 0 0
1 2 0 0 0 0
2 3 4 1 0 1 0 10 6 7 8 35 10 21 36 32 25 27 0
0 0 0 0 0
0 0 0 1 30 0
13 3
1 1 0 0 0 0
1 2 0 0 0 0
0 1 0 1 0 7 5 6 7 8 9 11 12 0
65 5
2 1 2 1 0 1 0 23 2 3 4 5 7 10 60 13 17 18 19 20 21 22 61 24 28 29 30 31 32 33 36 0
0 2 5 1 2 5 1 4 62 38 40 41 0
2 3 4 1 7 1 7 1 44 0
0 2 5 1 2 5 1 4 63 46 48 49 0
0 2 5 1 2 5 1 4 64 51 53 54 0
77 20
2 1 2 2 0 1 2 0 1 5 2 3 5 6 8 0
0 0 0 0 0
2 3 4 2 3 6 2 3 6 1 10 0
0 0 0 0 0
1 5 1 3 1 3 1 13 1 13
2 6 10 4 61 13 66 63 0 4 68 67 64 19 0
2 7 8 1 68 1 68 1 21 0
1 9 0 0 0 0
1 9 0 0 0 0
1 11 0 0 1 24 1 24
1 11 0 0 0 0
2 12 19 1 24 0 1 26 0
2 13 14 3 0 68 1 3 0 68 1 20 27 28 29 31 32 33 34 35 36 37 39 40 43 44 45 46 47 48 49 51 0
1 18 0 0 0 0
2 15 16 2 37 49 2 37 49 1 54 0
1 17 0 0 0 0
1 17 0 0 0 2 67 64
1 18 2 67 64 0 2 65 62 2 65 62
1 5 3 65 62 68 1 68 3 66 63 61 3 61 66 63
0 1 67 1 67 0 0
29 10
1 1 0 0 0 1 1
2 2 6 2 25 1 0 2 26 4 0
2 3 4 2 26 0 2 26 0 10 6 7 9 10 11 12 13 14 15 18 0
1 5 0 0 0 0
1 5 0 0 0 0
1 7 0 0 1 21 1 21
1 7 0 0 0 0
2 8 9 1 21 0 1 23 0
1 1 1 26 1 26 1 25 1 25
0 1 26 1 26 0 0
160 29
1 1 0 0 0 0
1 2 0 0 0 0
2 3 4 2 0 1 2 0 1 10 7 8 9 10 11 13 14 16 17 19 0
1 5 0 0 0 1 14
1 5 0 0 0 1 17
2 6 25 2 14 17 0 2 20 103 0
1 7 1 9 1 9 2 66 67 0
1 8 0 0 0 0
2 9 17 2 20 67 2 20 67 1 107 0
1 10 0 0 0 0
2 11 12 3 154 157 14 1 14 3 110 111 112 0
1 13 2 0 111 2 0 111 10 113 114 115 117 118 119 120 121 122 123 1 123
1 13 0 0 0 0
2 14 15 3 123 111 17 2 111 17 2 126 128 0
1 16 2 1 111 2 1 111 10 129 130 131 133 134 135 136 137 138 139 1 139
1 16 0 0 0 0
2 10 25 6 139 126 110 7 111 20 5 126 110 7 111 20 10 142 144 145 147 151 153 154 156 157 158 2 154 157
1 18 0 0 0 0
2 19 20 3 100 101 14 1 14 3 95 94 28 0
1 21 2 0 94 2 0 94 10 29 30 31 33 34 35 36 37 38 39 1 39
1 21 0 0 0 0
2 22 23 3 39 94 17 2 94 17 2 42 44 0
1 24 2 1 94 2 1 94 10 45 46 47 49 50 51 52 53 54 55 1 55
1 24 0 0 0 0
2 18 25 7 55 42 95 94 67 7 20 6 42 95 94 67 7 20 12 58 60 61 63 64 68 71 73 100 75 101 104 2 100 101
2 26 27 4 100 154 101 157 0 3 105 106 78 0
1 28 4 106 9 105 20 4 106 9 105 20 8 79 81 82 83 84 85 86 88 1 88
1 28 0 0 0 1 20
0 4 20 88 9 2 2 9 2 4 96 91 92 93 0
98 9
1 1 0 0 0 0
1 2 0 0 0 0
2 3 5 1 0 1 0 8 7 8 9 10 11 13 14 86 0
1 4 1 9 1 9 2 39 40 0
2 4 5 7 87 88 0 1 40 7 14 5 0 1 40 7 14 22 82 78 22 23 24 26 27 28 29 30 31 32 33 34 36 41 44 46 87 48 88 89 2 87 88
2 6 8 2 87 88 0 3 83 79 92 1 79
1 7 1 9 1 9 4 55 56 58 59 2 83 79
2 7 8 6 62 83 94 79 56 59 2 56 59 10 80 76 52 53 57 60 62 64 94 97 2 62 94
0 4 94 79 9 2 2 9 2 4 77 65 66 67 0
136 23
2 1 2 1 0 1 0 3 134 4 6 0
0 2 2 0 2 2 0 0 0
1 3 1 1 1 1 2 8 11 0
1 4 0 0 0 0
2 5 9 2 0 11 2 0 11 8 17 18 19 20 21 135 24 32 0
2 6 8 1 24 1 24 1 126 0
1 7 1 19 1 19 2 48 49 0
2 7 8 6 123 8 0 49 17 24 5 8 0 49 17 24 18 118 34 35 36 37 39 40 41 42 43 44 45 46 50 53 55 123 127 1 123
1 13 0 0 0 0
2 10 12 3 19 11 24 3 19 11 24 4 76 77 83 131 0
1 11 0 0 0 0
2 11 12 9 84 86 0 11 8 77 17 83 24 7 0 11 8 77 17 83 24 22 119 116 57 58 59 61 62 63 64 65 66 67 69 70 71 73 74 78 81 84 86 132 2 84 86
1 13 1 84 0 1 133 1 133
2 14 18 2 133 32 1 32 2 120 90 0
2 15 16 1 120 1 120 1 93 0
1 17 0 0 0 0
1 17 0 0 0 0
1 19 0 0 1 96 1 96
1 19 0 0 0 0
2 20 21 1 96 0 1 98 0
1 22 4 24 8 19 120 4 24 8 19 120 8 99 100 102 103 104 105 106 107 0
1 22 0 0 0 0
0 4 8 24 19 2 4 8 24 19 2 5 111 112 113 114 115 0
29 3
2 1 2 2 1 0 2 1 0 7 3 6 8 9 10 11 15 0
0 2 2 11 2 2 11 0 0
0 4 0 6 11 2 4 0 6 11 2 12 16 17 18 19 21 22 23 24 25 26 27 28 0
15 3
2 1 2 2 0 1 2 0 1 3 3 5 6 0
2 1 2 3 3 5 1 3 3 5 1 8 9 10 11 12 3 14 5 6 0
0 2 2 3 2 2 3 0 0
38 5
1 1 0 0 0 0
1 2 0 0 0 0
1 3 4 27 25 1 0 2 1 0 11 28 26 11 12 14 15 16 17 19 21 27 0
2 2 4 1 26 1 26 2 25 36 2 27 25
0 1 27 1 27 0 0
8 5
2 1 4 1 0 1 0 1 2 0
2 2 3 1 0 1 0 1 4 0
0 0 0 0 0
0 0 0 0 0
0 0 0 0 0
5 1
0 1 0 1 0 2 1 4 0
8 5
2 1 2 1 0 1 0 1 2 0
0 0 0 0 0
2 3 4 1 0 1 0 1 5 0
0 0 0 0 0
0 0 0 0 0
15 1
0 3 0 1 2 3 0 1 2 10 5 6 7 8 9 10 11 12 13 14 0
334 92
2 1 2 1 0 1 0 16 2 3 4 6 8 9 10 11 12 13 15 17 19 21 23 25 0
0 1 1 1 1 1 26 0
2 3 4 1 0 1 0 8 28 29 30 31 33 34 35 37 0
1 5 0 0 2 8 6 0
1 5 0 0 0 0
1 6 0 0 0 0
2 7 8 2 6 4 2 6 4 1 42 0
1 9 2 0 6 2 0 6 9 43 44 45 46 47 48 49 50 51 1 51
1 9 0 0 0 0
2 10 11 1 51 0 1 53 0
1 6 4 0 6 13 15 4 0 6 13 15 19 54 55 56 57 58 59 60 61 318 321 64 65 66 67 13 69 15 71 6 0
2 12 13 2 15 17 2 15 17 2 72 74 0
0 1 1 1 1 1 75 0
2 14 15 2 6 4 2 6 4 1 76 0
0 3 1 8 13 3 1 8 13 4 78 79 80 81 0
2 16 60 2 0 6 2 0 6 9 82 83 84 85 86 87 88 89 91 0
1 17 1 6 1 6 2 93 6 0
2 18 19 2 6 4 2 6 4 1 94 0
1 20 2 0 6 2 0 6 9 95 96 97 98 99 100 101 102 103 1 103
1 20 0 0 0 0
2 21 22 1 103 0 1 105 0
1 17 4 0 6 13 17 4 0 6 13 17 19 106 107 108 109 110 111 112 113 322 325 116 117 118 119 13 121 17 123 6 0
2 23 24 1 17 1 17 1 125 0
0 1 1 1 1 1 126 0
2 25 26 2 6 4 2 6 4 1 127 0
1 27 2 0 6 2 0 6 9 128 129 130 131 132 133 134 135 136 1 136
1 27 0 0 0 0
2 28 53 1 136 0 1 138 0
2 29 30 2 6 4 2 6 4 3 140 6 141 0
1 31 2 0 6 2 0 6 9 142 143 144 145 146 147 148 149 151 1 151
1 31 0 0 0 0
2 32 33 1 151 0 1 153 0
1 40 1 6 1 6 3 19 156 6 0
2 34 35 2 6 4 2 6 4 1 157 0
1 36 2 0 6 2 0 6 9 158 159 160 161 162 163 164 165 167 1 167
1 36 0 0 0 0
2 37 38 1 167 0 1 169 0
1 39 1 6 1 6 2 171 6 0
1 39 0 0 1 172 0
1 40 0 0 0 0
1 41 0 0 0 0
2 42 43 2 6 4 2 6 4 1 175 0
1 44 2 0 6 2 0 6 9 176 177 178 179 180 181 182 183 184 1 184
1 44 0 0 0 0
2 45 49 1 184 0 1 186 0
2 46 47 3 0 6 21 3 0 6 21 12 187 188 189 190 191 192 193 194 326 329 196 198 0
1 48 2 21 196 2 21 196 3 200 201 21 0
1 48 0 0 0 0
1 41 2 23 6 2 23 6 4 205 23 207 6 0
2 50 51 1 23 1 23 1 209 0
1 52 1 4 1 4 2 211 6 0
1 52 0 0 1 212 0
1 54 0 0 0 0
1 54 0 0 0 0
2 55 56 2 6 4 2 6 4 1 216 0
0 1 1 1 1 1 217 0
2 57 58 1 19 1 19 0 0
1 59 1 21 1 21 1 219 1 219
1 59 0 0 0 1 21
0 6 219 21 17 1 8 13 4 17 1 8 13 6 220 221 222 223 224 225 0
2 61 91 3 6 85 83 3 6 85 83 5 230 231 232 233 234 0
2 62 63 2 6 4 2 6 4 3 236 6 237 0
1 64 2 0 6 2 0 6 9 238 239 240 241 242 243 244 245 247 1 247
1 64 0 0 0 0
2 65 66 1 247 0 1 249 0
1 73 1 6 1 6 3 19 252 6 0
2 67 68 2 6 4 2 6 4 1 253 0
1 69 2 0 6 2 0 6 9 254 255 256 257 258 259 260 261 263 1 263
1 69 0 0 0 0
2 70 71 1 263 0 1 265 0
1 72 1 6 1 6 2 267 6 0
1 72 0 0 1 268 0
1 73 0 0 0 0
1 74 0 0 0 0
2 75 76 2 6 4 2 6 4 1 271 0
1 77 2 0 6 2 0 6 9 272 273 274 275 276 277 278 279 280 1 280
1 77 0 0 0 0
2 78 82 1 280 0 1 282 0
2 79 80 3 0 6 21 3 0 6 21 12 283 284 285 286 287 288 289 290 330 333 292 294 0
1 81 2 21 292 2 21 292 3 296 297 21 0
1 81 0 0 0 0
1 74 2 23 6 2 23 6 4 301 23 303 6 0
2 83 84 1 23 1 23 1 305 0
1 85 0 0 0 0
1 85 2 6 4 2 6 4 1 307 1 307
2 86 87 1 307 0 1 308 0
0 1 1 1 1 1 309 0
2 88 89 1 19 1 19 0 0
1 90 1 21 1 21 1 311 1 311
1 90 0 0 0 1 21
0 5 311 21 1 8 13 3 1 8 13 5 312 313 314 315 316 0
0 1 1 1 1 1 317 0
13 3
2 1 2 1 0 1 0 1 3 0
0 2 0 1 2 0 1 1 4 0
0 2 0 1 2 0 1 5 7 9 10 11 12 0
31 4
2 1 3 1 0 1 0 1 25 0
1 2 0 0 0 1 0
2 2 3 3 27 8 0 0 6 19 17 8 10 27 30 2 27 8
0 1 27 0 1 20 0
28 3
2 1 2 1 0 1 0 3 1 2 5 0
0 0 0 0 0
0 2 2 0 2 2 0 15 8 10 11 12 15 17 18 19 20 21 22 23 24 26 27 0
28 5
2 1 2 2 0 1 2 0 1 4 2 3 4 7 0
2 3 4 3 1 4 0 3 1 4 0 6 8 9 10 11 12 14 0
2 3 4 3 4 0 1 3 4 0 1 7 16 17 18 19 20 21 23 0
0 1 4 1 4 0 0
0 1 4 1 4 1 27 0
39 7
2 1 2 2 0 1 2 0 1 13 2 5 6 7 8 12 15 16 17 18 19 21 24 0
0 1 2 1 2 1 27 0
2 3 6 1 21 1 21 1 29 0
2 4 5 1 2 1 2 2 32 35 0
0 1 2 1 2 1 38 0
0 1 2 1 2 0 0
0 1 2 1 2 0 0
17 3
2 1 2 1 2 1 2 1 4 0
0 3 0 2 1 3 0 2 1 5 5 6 7 8 9 0
0 3 2 1 0 3 2 1 0 6 11 12 13 14 15 16 0
3 1
0 1 0 1 0 1 2 0
3 1
0 1 0 1 0 1 2 0
3 1
0 1 0 1 0 1 2 0
3 1
0 1 0 1 0 1 2 0
9 1
0 1 0 1 0 3 8 4 7 0
10 1
0 1 0 1 0 3 9 5 8 0
9 1
0 1 0 1 0 3 8 4 7 0
10 1
0 1 0 1 0 3 9 5 8 0
104 22
2 1 2 1 0 1 0 0 0
1 3 0 0 0 0
1 3 0 0 0 0
2 4 5 1 1 1 1 11 9 10 11 14 15 16 17 18 19 20 22 0
0 1 10 1 10 2 95 24 0
2 6 7 1 2 1 2 1 26 0
1 8 2 11 2 2 11 2 5 27 28 29 30 11 0
1 8 2 2 18 2 2 18 6 32 33 34 35 36 18 0
2 9 10 2 11 18 2 11 18 3 38 39 45 0
0 0 0 2 46 47 0
2 11 17 1 39 1 39 1 49 0
2 12 13 3 39 11 18 3 39 11 18 5 51 52 54 55 56 0
1 14 1 55 1 55 3 54 58 55 0
1 14 0 0 0 0
2 15 16 1 55 1 55 1 62 0
0 0 0 2 63 64 0
0 3 55 54 10 3 55 54 10 8 66 67 69 70 71 72 97 74 0
2 18 19 2 11 18 2 11 18 3 76 77 80 0
0 1 10 1 10 2 99 82 0
2 20 21 1 77 1 77 1 83 0
0 1 10 1 10 3 88 101 90 0
0 2 10 77 2 10 77 3 91 103 93 0
19 3
2 1 2 1 0 1 0 10 1 2 3 4 5 6 7 8 9 10 0
0 1 7 1 7 6 11 12 13 14 15 16 0
0 0 0 2 17 18 0
3 1
0 1 0 1 0 2 1 2 0
19 10
1 1 0 0 0 1 0
2 2 6 2 14 0 0 2 16 3 0
2 3 4 1 16 1 16 2 5 7 0
1 5 0 0 0 0
1 5 0 0 0 0
1 7 0 0 1 10 1 10
1 7 0 0 0 0
2 8 9 1 10 0 1 12 0
1 1 1 16 1 16 1 14 1 14
0 1 16 1 16 1 15 0
25 10
2 1 2 1 0 1 0 1 2 0
1 3 1 0 1 0 1 4 1 4
1 3 0 0 0 1 0
2 4 5 3 4 0 2 1 2 2 5 7 0
1 6 0 0 1 11 1 11
1 6 0 0 1 12 1 12
2 7 8 3 11 12 7 1 7 4 13 15 16 18 0
1 9 1 7 1 7 3 19 20 21 1 21
1 9 0 0 0 1 7
0 3 21 7 13 1 13 3 22 23 24 0
98 15
2 1 2 1 0 1 0 1 1 0
2 3 2 1 0 1 0 1 2 0
1 3 0 0 1 3 0
2 4 14 1 0 1 0 6 5 6 7 96 9 37 0
1 5 0 0 0 0
1 6 0 0 0 0
2 7 12 1 0 1 0 1 40 0
1 8 0 0 0 0
2 9 11 1 0 1 0 2 91 92 0
2 10 11 1 91 1 91 1 93 0
2 10 11 3 90 5 91 2 5 91 34 58 59 60 61 62 63 64 65 66 67 68 69 70 71 72 73 74 75 76 77 78 79 80 81 82 83 84 85 86 87 88 89 90 95 1 90
2 11 14 4 52 90 5 0 2 5 0 4 43 50 52 54 1 52
1 13 0 0 0 0
2 13 14 3 25 5 0 2 5 0 4 34 23 25 39 1 25
0 2 7 0 2 7 0 5 97 31 27 28 29 0
70 21
2 1 2 2 1 2 2 1 2 6 3 4 5 6 7 9 0
1 6 0 0 0 0
2 3 4 1 2 1 2 1 12 0
1 5 0 0 0 0
1 5 0 0 0 0
1 6 0 0 1 15 1 15
2 7 11 1 15 0 1 16 0
2 8 9 2 1 7 2 1 7 2 19 21 0
1 10 2 7 1 2 7 1 5 22 25 26 27 28 1 28
1 10 0 0 1 29 1 29
1 18 4 28 29 2 19 2 2 19 5 30 31 32 33 4 0
2 12 13 1 2 1 2 1 35 0
1 17 2 2 1 2 2 1 6 36 38 40 41 42 4 0
2 14 15 2 2 7 2 2 7 2 44 45 0
1 16 3 44 7 1 3 44 7 1 5 48 49 50 51 4 0
1 16 3 1 44 7 3 1 44 7 6 55 56 61 62 63 4 0
1 17 0 0 1 64 0
1 18 0 0 0 0
2 19 20 1 0 1 0 0 0
0 1 4 1 4 3 67 68 69 0
0 1 4 1 4 0 0
227 64
1 1 0 0 0 0
1 2 0 0 0 0
2 3 13 1 0 1 0 20 6 7 8 9 10 11 20 21 22 23 26 29 32 33 35 38 39 41 42 45 0
2 4 8 1 42 1 42 1 48 0
2 5 6 1 33 1 33 0 0
1 7 0 0 1 49 1 49
1 7 0 0 1 50 1 50
1 12 2 49 50 0 1 51 1 51
2 9 10 1 33 1 33 0 0
1 11 0 0 1 52 1 52
1 11 0 0 1 53 1 53
1 12 2 52 53 0 1 54 1 54
0 2 51 54 0 1 55 0
1 14 0 0 0 0
2 15 19 1 39 1 39 1 59 0
2 16 17 1 42 1 42 1 62 0
1 18 0 0 0 0
1 18 0 0 0 0
1 20 0 0 1 65 1 65
1 20 0 0 0 0
2 21 25 1 65 0 1 67 0
2 22 23 1 33 1 33 0 0
1 24 0 0 1 68 1 68
1 24 0 0 1 69 1 69
0 2 68 69 0 1 70 0
1 26 0 0 0 0
2 27 28 1 59 1 59 1 74 0
1 29 0 0 0 1 42
1 29 1 42 1 42 1 76 1 76
2 30 31 3 42 76 74 1 74 2 77 78 0
1 32 0 0 0 0
1 32 1 39 1 39 2 83 85 1 85
1 33 2 85 78 1 78 5 86 87 88 90 92 0
2 34 35 1 92 1 92 1 217 0
1 36 1 92 1 92 1 218 1 218
1 36 1 92 1 92 4 221 224 225 226 1 226
1 37 2 218 226 0 5 94 95 98 100 102 0
2 38 39 1 102 1 102 1 103 0
1 40 1 100 1 100 1 105 1 105
1 40 0 0 0 0
2 41 63 1 105 0 1 107 0
2 42 43 3 95 78 87 3 95 78 87 13 109 110 111 112 113 114 115 118 119 120 121 122 124 0
1 44 2 115 87 2 115 87 5 125 126 127 128 115 0
1 44 2 87 122 2 87 122 6 130 131 132 133 134 122 0
2 45 46 1 110 1 110 1 137 0
1 47 2 115 110 2 115 110 5 138 139 140 141 115 0
1 47 2 110 122 2 110 122 6 143 144 145 146 147 122 0
2 48 49 2 115 122 2 115 122 16 149 150 152 153 154 155 159 162 163 164 165 166 168 169 98 171 0
1 56 1 150 1 150 2 174 98 0
2 50 54 1 169 1 169 1 176 0
2 51 52 1 150 1 150 2 179 182 0
1 53 1 150 1 150 2 185 98 0
1 53 0 0 1 186 1 186
1 55 1 186 0 1 187 0
1 55 0 0 1 188 0
1 56 0 0 0 0
2 57 58 1 98 1 98 1 192 0
1 62 1 95 1 95 2 194 95 0
2 59 60 1 98 1 98 1 196 0
1 61 1 95 1 95 2 198 95 0
1 61 0 0 1 102 0
1 62 0 0 0 0
1 37 1 100 1 100 2 203 100 0
0 3 98 95 33 3 98 95 33 9 204 205 207 208 210 211 213 214 215 0
5 1
0 1 0 1 0 4 1 2 3 4 0
6 1
0 1 0 1 0 4 2 3 4 5 0
9 3
2 1 2 1 0 1 0 2 2 5 0
0 0 0 0 0
0 0 0 1 8 0
3 1
0 1 0 1 0 1 1 0
1 1
0 1 0 1 0 0 0
1 1
0 0 0 1 0 0
14 5
2 1 2 1 0 1 0 1 2 0
0 0 0 2 3 4 0
2 3 4 1 0 1 0 2 5 6 0
0 0 0 2 7 8 0
0 1 0 1 0 3 9 11 12 0
75 20
2 1 2 1 0 1 0 2 3 6 0
0 0 0 2 7 8 0
2 3 4 1 0 1 0 2 11 13 0
1 5 0 0 2 14 15 0
1 5 0 0 0 0
1 6 0 0 0 0
2 8 7 1 3 1 3 1 19 0
1 8 0 0 1 20 0
1 9 1 3 1 3 5 22 23 24 72 26 0
2 10 11 2 63 60 0 3 64 61 32 0
2 12 19 2 64 3 2 64 3 1 33 0
1 19 0 0 0 0
2 13 14 4 24 64 3 0 4 24 64 3 0 6 73 56 37 38 39 42 0
1 18 0 0 2 43 44 2 64 61
2 15 16 1 39 1 39 1 46 0
1 17 0 0 0 1 64
1 17 2 64 39 2 64 39 1 48 2 48 61
1 18 3 48 64 61 0 2 62 59 2 62 59
1 9 4 62 64 59 61 0 2 63 60 2 63 60
0 2 24 64 2 24 64 5 74 58 52 53 54 0
42 8
2 1 2 1 0 1 0 5 1 33 34 6 9 0
0 0 0 1 10 0
1 3 0 0 0 0
1 4 0 0 0 0
2 5 6 1 6 1 6 9 16 17 18 40 20 41 37 24 27 0
1 7 0 0 1 28 1 28
1 7 0 0 0 0
0 2 28 6 1 6 2 30 32 0
18 3
2 1 2 1 0 1 0 5 1 15 16 6 9 0
0 0 0 2 10 11 0
0 1 6 1 6 2 12 14 0
23 7
2 1 2 2 0 2 2 0 2 5 3 20 21 7 10 0
0 0 0 0 0
2 3 6 2 7 1 2 7 1 3 11 13 16 0
2 4 5 1 13 1 13 1 18 0
0 0 0 0 0
0 0 0 0 0
0 1 11 1 11 0 0
5 1
0 2 0 1 2 0 1 1 3 0
44 22
1 1 0 0 5 2 3 4 5 6 0
1 2 0 0 0 0
2 3 4 1 1 1 1 1 41 0
1 5 0 0 0 0
2 5 6 1 1 1 1 1 43 0
1 21 2 6 0 2 6 0 2 15 16 1 6
2 7 8 1 1 1 1 1 17 0
1 21 2 6 0 2 6 0 2 18 19 1 6
2 9 10 1 1 1 1 1 20 0
1 21 2 6 0 2 6 0 2 21 22 1 6
2 11 12 1 1 1 1 1 23 0
1 21 2 6 0 2 6 0 2 24 25 1 6
2 13 14 1 1 1 1 1 26 0
1 21 2 6 0 2 6 0 2 27 28 1 6
2 15 16 1 1 1 1 1 29 0
1 21 2 6 0 2 6 0 2 30 31 1 6
2 17 18 1 1 1 1 1 32 0
1 21 2 6 0 2 6 0 2 33 34 1 6
2 19 20 1 1 1 1 1 35 0
1 21 2 6 0 2 6 0 2 36 37 1 6
1 21 3 6 1 0 3 6 1 0 3 38 39 40 1 6
0 2 6 2 1 2 4 7 8 9 10 0
12 3
2 1 2 2 0 1 2 0 1 2 10 5 0
0 0 0 0 0
0 2 0 10 2 0 10 2 7 8 0
5 1
0 2 0 1 2 0 1 1 3 0
13 3
2 1 2 1 0 1 0 5 1 11 12 5 8 0
0 0 0 0 0
0 0 0 1 10 0
15 7
2 1 2 1 0 1 0 2 1 4 0
0 0 0 0 0
2 3 4 1 1 1 1 1 7 0
1 5 0 0 0 0
2 5 6 1 1 1 1 1 10 0
0 0 0 0 0
0 0 0 2 13 14 0
14 7
1 1 0 0 0 0
2 2 5 1 0 1 0 2 2 4 0
2 3 4 1 0 1 0 1 5 0
1 6 1 0 1 0 4 6 12 13 9 1 9
1 6 0 0 0 0
1 6 0 0 0 0
0 1 9 0 1 1 0
56 5
2 1 2 2 0 1 2 0 1 7 2 3 34 35 6 8 11 0
0 0 0 2 12 38 0
2 3 4 0 0 2 14 17 0
0 1 8 1 8 1 18 0
0 3 14 8 1 3 14 8 1 10 21 51 23 52 25 53 28 54 31 55 0
15 5
2 1 4 1 0 1 0 1 1 0
2 2 3 1 0 1 0 6 2 13 14 5 7 9 0
0 0 0 1 10 0
0 0 0 0 0
0 0 0 0 0
93 17
2 1 2 1 0 1 0 2 2 3 0
0 0 0 0 0
2 3 4 1 0 1 0 5 5 61 62 8 9 0
0 0 0 0 0
2 5 6 1 1 1 1 1 12 0
0 0 0 0 0
2 7 8 1 1 1 1 1 15 0
0 1 0 1 0 5 16 17 81 19 82 0
1 9 0 0 0 0
2 11 10 1 1 1 1 1 24 0
1 11 0 0 1 25 0
2 12 13 2 1 0 2 1 0 12 27 28 29 90 31 33 67 68 91 70 37 40 0
0 0 0 1 41 0
2 14 15 1 37 1 37 1 43 0
1 16 1 0 1 0 2 44 85 0
1 16 1 0 1 0 2 47 86 0
0 3 29 37 0 3 29 37 0 9 51 92 76 53 54 55 88 57 89 0
17 5
2 1 2 1 0 1 0 2 2 3 0
0 0 0 0 0
2 3 4 1 0 1 0 4 5 13 14 8 0
0 0 0 0 0
0 2 0 1 2 0 1 4 10 15 16 12 0
12 5
2 1 2 1 0 1 0 2 1 2 0
0 0 0 0 0
2 3 4 1 0 1 0 4 4 10 11 7 0
0 0 0 0 0
0 0 0 0 0
13 6
2 1 2 1 0 1 0 1 1 0
1 3 1 0 1 0 3 2 9 10 1 10
1 3 0 0 0 0
2 4 5 1 10 0 1 5 0
0 1 0 1 0 3 6 11 12 0
0 0 0 1 8 0
7 3
2 1 2 1 0 1 0 1 1 0
0 1 0 1 0 3 2 5 6 0
0 0 0 0 0
130647 20
2 1 2 1 0 1 0 1 2 0
0 0 0 2 3 4 0
2 3 4 1 0 1 0 1 6 0
0 0 0 1 7 0
1 5 0 0 0 0
2 7 6 1 0 1 0 1 9 0
1 7 0 0 1 10 0
1 8 1 0 1 0 5 12 13 14 71 16 0
1 9 0 0 0 0
2 10 11 3 58 54 0 1 0 3 59 55 23 0
1 18 1 130646 1 130646 0 1 59
2 12 13 3 14 59 0 3 14 59 0 6 72 49 28 29 30 33 0
1 17 0 0 2 34 35 2 59 55
2 14 15 1 30 1 30 1 37 0
1 16 1 130646 1 130646 0 1 59
1 16 2 59 30 2 59 30 1 40 2 40 55
1 17 3 40 59 55 0 3 56 52 41 2 56 52
1 18 4 56 59 52 55 0 2 57 53 2 57 53
2 9 19 3 57 59 53 0 3 58 54 66 2 58 54
0 2 14 58 2 14 58 5 73 51 45 46 47 0
130647 22
1 1 0 0 0 0
1 2 0 0 0 0
1 3 0 0 9 5 6 7 8 10 11 12 122 123 0
1 4 0 0 0 0
2 5 21 0 0 6 21 22 23 124 25 120 0
1 6 0 0 0 0
2 7 8 3 99 95 23 1 23 6 100 96 125 91 33 36 0
1 20 0 0 2 37 38 2 100 96
2 9 10 1 33 1 33 1 40 0
1 19 1 130646 1 130646 0 1 96
2 11 12 1 23 1 23 9 46 47 48 49 50 51 52 54 56 0
1 18 0 0 0 1 96
2 14 13 1 12 1 12 7 126 59 127 61 128 63 64 0
1 14 0 0 1 65 0
2 15 17 1 61 1 61 3 66 68 107 0
1 16 0 0 0 0
2 16 17 4 105 63 68 61 3 63 68 61 7 92 72 73 74 75 105 108 1 105
1 18 6 105 68 61 52 59 66 5 68 61 52 59 66 4 109 76 129 130 1 109
1 19 2 109 96 0 3 97 93 80 2 97 93
1 20 3 97 93 96 0 2 98 94 2 98 94
2 6 21 4 98 100 94 96 0 3 99 95 121 2 99 95
0 1 12 1 12 6 131 85 86 87 132 89 0
1 1
0 0 0 0 0
1 1
0 0 0 0 0
7 3
2 1 2 1 0 1 0 3 2 3 4 0
0 1 0 1 0 2 5 6 0
0 1 1 1 1 0 0
6 3
2 1 2 1 0 1 0 3 1 2 3 0
0 0 0 0 0
0 0 0 0 0
7 3
2 1 2 1 0 1 0 3 3 4 5 0
0 2 2 1 2 2 1 0 0
0 2 0 2 2 0 2 1 6 0
6 3
2 1 2 1 0 1 0 3 1 2 3 0
0 0 0 0 0
0 0 0 0 0
7 3
2 1 2 1 0 1 0 3 2 3 4 0
0 1 0 1 0 2 5 6 0
0 1 1 1 1 0 0
7 3
2 1 2 1 0 1 0 3 3 4 5 0
0 2 2 1 2 2 1 0 0
0 2 0 2 2 0 2 1 6 0
6 3
2 1 2 1 0 1 0 3 1 2 3 0
0 0 0 0 0
0 0 0 0 0
7 3
2 1 2 1 0 1 0 3 2 3 4 0
0 1 0 1 0 2 5 6 0
0 1 1 1 1 0 0
7 3
2 1 2 1 0 1 0 3 3 4 5 0
0 2 2 1 2 2 1 0 0
0 2 0 2 2 0 2 1 6 0
6 3
2 1 2 1 0 1 0 3 1 2 3 0
0 0 0 0 0
0 0 0 0 0
7 3
2 1 2 1 0 1 0 3 2 3 4 0
0 1 0 1 0 2 5 6 0
0 1 1 1 1 0 0
2 1
0 1 0 1 0 1 1 0
5 1
0 1 0 1 0 3 1 2 4 0
47 9
8 1 2 3 4 5 6 7 8 1 0 1 0 2 1 2 0
0 1 0 1 0 5 4 5 6 7 8 0
0 1 0 1 0 5 10 11 12 13 14 0
0 1 0 1 0 5 16 17 18 19 20 0
0 1 0 1 0 5 22 23 24 25 26 0
0 1 0 1 0 5 28 29 30 31 32 0
0 1 0 1 0 8 34 35 36 37 38 39 40 41 0
0 1 0 1 0 5 42 43 44 45 46 0
1 8 0 0 1 3 0
6 3
2 1 2 1 0 1 0 3 1 2 3 0
0 0 0 0 0
0 0 0 0 0
6 3
2 1 2 1 0 1 0 3 1 2 3 0
0 0 0 0 0
0 0 0 0 0
6 3
2 1 2 1 0 1 0 3 1 2 3 0
0 0 0 0 0
0 0 0 0 0
4 3
2 1 2 1 0 1 0 1 1 0
0 0 0 0 0
0 1 0 1 0 1 3 0
6 1
0 2 0 1 2 0 1 3 5 3 4 0
36 20
1 1 1 0 1 0 1 32 0
2 2 3 1 1 1 1 1 33 0
1 4 0 0 0 0
2 4 5 1 1 1 1 1 35 0
0 2 2 32 2 2 32 2 6 7 0
2 6 7 1 1 1 1 1 8 0
0 2 2 32 2 2 32 2 9 10 0
2 8 9 1 1 1 1 1 11 0
0 2 2 32 2 2 32 2 12 13 0
2 10 11 1 1 1 1 1 14 0
0 2 2 32 2 2 32 2 15 16 0
2 12 13 1 1 1 1 1 17 0
0 2 2 32 2 2 32 2 18 19 0
2 14 15 1 1 1 1 1 20 0
0 2 2 32 2 2 32 2 21 22 0
2 16 17 1 1 1 1 1 23 0
0 2 2 32 2 2 32 2 24 25 0
2 18 19 1 1 1 1 1 26 0
0 2 2 32 2 2 32 2 27 28 0
0 3 2 1 32 3 2 1 32 3 29 30 31 0
33 20
1 1 0 0 0 0
2 2 3 1 1 1 1 1 30 0
1 4 0 0 0 0
2 4 5 1 1 1 1 1 32 0
0 2 2 0 2 2 0 2 4 5 0
2 6 7 1 1 1 1 1 6 0
0 2 2 0 2 2 0 2 7 8 0
2 8 9 1 1 1 1 1 9 0
0 2 2 0 2 2 0 2 10 11 0
2 10 11 1 1 1 1 1 12 0
0 2 2 0 2 2 0 2 13 14 0
2 12 13 1 1 1 1 1 15 0
0 2 2 0 2 2 0 2 16 17 0
2 14 15 1 1 1 1 1 18 0
0 2 2 0 2 2 0 2 19 20 0
2 16 17 1 1 1 1 1 21 0
0 2 2 0 2 2 0 2 22 23 0
2 18 19 1 1 1 1 1 24 0
0 2 2 0 2 2 0 2 25 26 0
0 3 2 1 0 3 2 1 0 3 27 28 29 0
4 1
0 3 0 1 2 3 0 1 2 0 0
6 5
2 1 2 1 0 1 0 1 1 0
0 0 0 0 0
2 3 4 1 0 1 0 1 3 0
0 0 0 0 0
0 0 0 0 0
1 1
0 0 0 1 0 0
1 1
0 0 0 1 0 0
1 1
0 0 0 1 0 0
1 1
0 0 0 1 0 0
1 1
0 0 0 1 0 0
43 11
2 1 2 1 0 1 0 4 3 30 31 33 0
0 2 0 2 2 0 2 9 6 7 8 9 37 35 36 11 12 0
1 3 0 0 0 0
2 4 5 1 1 1 1 1 38 0
1 8 0 0 0 0
2 6 7 1 1 1 1 1 40 0
1 8 0 0 0 0
1 8 0 0 0 0
2 9 10 1 3 1 3 3 13 14 17 0
0 3 14 0 2 3 14 0 2 8 19 20 21 22 23 24 25 26 0
0 2 2 14 2 2 14 2 28 29 0
44 11
1 1 0 0 0 0
2 2 5 1 0 1 0 1 29 0
2 3 4 1 0 1 0 6 30 41 42 33 35 37 0
1 6 0 0 1 38 1 38
1 6 0 0 0 0
1 6 0 0 0 0
2 7 8 1 38 0 2 2 4 0
0 1 1 1 1 6 5 6 7 8 9 10 0
2 9 10 1 2 1 2 1 11 0
0 1 1 1 1 9 43 13 14 15 16 17 18 19 20 0
0 2 2 1 2 2 1 8 21 22 23 24 25 26 27 28 0
3 1
0 1 0 1 0 2 1 2 0
3 1
0 1 0 1 0 2 1 2 0
144 29
2 1 2 1 1 1 1 1 4 0
0 1 2 1 2 9 45 6 7 8 9 10 11 12 13 0
1 3 0 0 0 0
2 4 5 1 0 1 0 2 46 47 0
1 20 0 0 0 0
2 6 7 1 0 1 0 5 49 105 106 52 53 0
1 20 0 0 0 0
2 8 9 1 4 1 4 0 0
1 20 0 0 0 0
2 10 11 1 1 1 1 1 59 0
1 20 1 0 1 0 5 60 61 132 63 133 0
1 12 0 0 0 0
2 14 13 1 1 1 1 1 68 0
1 14 0 0 1 69 0
2 15 16 2 1 0 2 1 0 12 71 72 73 141 75 77 111 112 142 114 81 84 0
1 20 0 0 1 85 1 85
2 17 18 1 81 1 81 1 87 0
1 19 1 0 1 0 2 88 136 0
1 19 1 0 1 0 2 91 137 0
1 20 3 73 81 0 3 73 81 0 9 95 143 120 97 98 99 139 101 140 0
2 21 26 1 85 0 2 15 17 0
1 22 1 0 1 0 1 18 0
2 23 24 1 0 1 0 1 125 0
1 25 1 0 1 0 3 126 129 130 1 130
1 25 0 0 0 0
0 3 130 18 2 2 18 2 8 19 20 21 22 23 24 25 26 0
2 27 28 1 15 1 15 1 27 0
0 1 2 1 2 9 131 29 30 31 32 33 34 35 36 0
0 2 15 2 2 15 2 8 37 38 39 40 41 42 43 44 0
33 5
2 1 2 2 1 0 2 1 0 3 3 5 7 0
0 1 2 1 2 6 8 9 10 11 12 13 0
2 3 4 1 5 1 5 1 14 0
0 1 2 1 2 9 32 16 17 18 19 20 21 22 23 0
0 2 5 2 2 5 2 8 24 25 26 27 28 29 30 31 0
41 11
1 1 0 0 0 0
2 2 3 1 0 1 0 2 29 30 0
1 6 0 0 0 0
2 4 5 1 0 1 0 4 32 38 39 35 0
1 6 0 0 0 0
1 6 0 0 0 0
2 7 8 0 0 2 2 4 0
0 1 1 1 1 6 5 6 7 8 9 10 0
2 9 10 1 2 1 2 1 11 0
0 1 1 1 1 9 40 13 14 15 16 17 18 19 20 0
0 2 2 1 2 2 1 8 21 22 23 24 25 26 27 28 0
74 14
2 1 2 1 0 1 0 4 2 25 26 28 0
0 2 0 1 2 0 1 9 5 6 7 8 32 30 31 10 11 0
1 3 0 0 0 0
2 4 5 1 2 1 2 5 33 65 66 38 41 0
1 11 0 0 1 42 1 42
1 6 0 0 0 0
1 7 0 0 0 0
2 8 9 1 38 1 38 9 48 49 50 72 52 73 69 56 59 0
1 10 0 0 1 60 1 60
1 10 0 0 0 0
1 11 2 60 38 1 38 2 62 64 1 62
2 12 13 2 42 62 0 2 12 14 0
0 2 2 1 2 2 1 3 15 16 17 0
0 3 0 12 1 3 0 12 1 7 18 19 20 21 22 23 24 0
42 5
2 1 2 2 0 1 2 0 1 5 3 5 31 32 34 0
0 2 0 2 2 0 2 9 8 9 10 11 38 36 37 13 14 0
2 3 4 2 3 5 2 3 5 2 40 17 0
0 1 2 1 2 6 18 19 20 21 22 23 0
0 3 0 40 2 3 0 40 2 7 24 25 26 27 28 29 30 0
40 10
2 1 2 1 0 1 0 4 2 29 30 32 0
0 2 0 1 2 0 1 9 5 6 7 8 36 34 35 10 11 0
2 3 4 1 2 1 2 2 12 14 0
0 1 1 1 1 2 16 17 0
1 5 0 0 0 0
2 6 7 1 12 1 12 1 37 0
1 8 0 0 0 0
2 8 9 1 12 1 12 1 39 0
0 1 1 1 1 2 20 21 0
0 3 0 12 1 3 0 12 1 7 22 23 24 25 26 27 28 0
42 5
2 1 2 2 0 1 2 0 1 5 3 5 31 32 34 0
0 2 0 2 2 0 2 9 8 9 10 11 38 36 37 13 14 0
2 3 4 2 3 5 2 3 5 2 40 17 0
0 1 2 1 2 6 18 19 20 21 22 23 0
0 3 0 40 2 3 0 40 2 7 24 25 26 27 28 29 30 0
13 3
2 1 2 1 0 1 0 9 2 3 4 5 6 7 8 9 10 0
0 1 7 1 7 2 11 12 0
0 1 1 1 1 0 0
15 3
2 1 2 2 0 1 2 0 1 9 2 3 4 5 6 7 8 9 10 0
0 0 0 0 0
0 1 7 1 7 3 12 13 14 0
17 3
2 1 2 1 0 1 0 9 1 2 3 4 5 6 7 8 9 0
0 1 6 1 6 5 10 11 12 13 15 0
0 0 0 0 0
3 1
0 1 0 1 0 2 1 2 0
3 1
0 1 0 1 0 2 1 2 0
1 1
0 0 0 0 0
6 1
0 1 0 1 0 4 1 3 4 5 0
7 1
0 2 0 1 2 0 1 4 2 4 5 6 0
2 1
0 1 0 1 0 1 1 0
5 1
0 1 0 1 0 3 1 3 4 0
1 1
0 0 0 0 0
2 1
0 1 0 1 0 1 1 0
5 1
0 1 0 1 0 3 1 3 4 0
3 1
0 1 0 1 0 2 1 2 0
10 1
0 2 0 1 2 0 1 8 2 3 4 5 6 7 8 9 0
79 31
2 1 2 2 0 1 2 0 1 6 2 3 5 6 8 9 0
0 0 0 0 0
2 3 4 2 0 1 2 0 1 5 11 12 14 15 17 0
0 0 0 0 0
1 5 1 3 1 3 1 22 0
2 6 10 2 70 68 0 2 71 69 0
2 7 8 2 71 22 2 71 22 1 28 0
1 9 0 0 0 0
1 9 0 0 0 0
1 11 0 0 1 31 1 31
1 11 0 0 0 0
2 12 16 1 31 0 1 33 0
2 13 14 3 12 71 15 3 12 71 15 5 34 35 36 37 38 0
1 15 1 71 1 71 1 40 2 40 69
1 15 0 0 0 1 71
1 5 3 71 40 69 0 2 70 68 2 70 68
2 17 30 1 69 1 69 0 0
1 18 1 22 1 22 1 44 2 69 44
2 19 23 4 66 69 64 44 0 2 67 65 0
2 20 21 2 65 3 2 65 3 1 46 0
1 22 0 0 0 0
1 22 0 0 0 0
1 24 0 0 1 49 1 49
1 24 0 0 0 0
2 25 29 1 49 0 1 51 0
2 26 27 3 12 65 15 3 12 65 15 7 52 53 54 55 56 57 58 0
1 28 1 65 1 65 1 60 2 67 60
1 28 0 0 0 1 65
1 18 3 67 65 60 0 2 66 64 2 66 64
0 1 67 1 67 0 0
0 0 0 0 0
1 1
0 0 0 0 0
130415 10
2 1 8 2 0 1 2 0 1 6 3 4 8 10 11 14 0
2 2 6 2 11 0 2 11 0 5 16 18 20 21 22 0
2 3 4 2 18 1 2 18 1 3 23 24 25 0
0 1 11 1 11 0 0
1 5 0 0 0 0
1 7 0 0 0 0
1 7 0 0 0 0
1 9 0 0 0 0
1 9 0 0 0 0
0 4 0 1 8 130414 4 0 1 8 130414 10 33 54 40 41 42 43 44 46 47 48 0
130415 13
2 1 11 3 0 1 2 3 0 1 2 9 5 7 8 9 13 14 16 17 20 0
2 2 9 2 17 0 2 17 0 5 22 24 26 27 28 0
2 3 7 2 24 1 2 24 1 3 29 30 31 0
2 4 5 2 24 2 2 24 2 3 32 33 34 0
0 1 17 1 17 0 0
1 6 0 0 0 0
1 8 0 0 0 0
1 8 0 0 0 0
1 10 0 0 1 37 0
1 10 0 0 0 0
1 12 0 0 0 0
1 12 0 0 0 0
0 5 0 1 2 14 130414 5 0 1 2 14 130414 10 43 63 50 51 52 53 54 56 57 58 0
7 1
0 0 0 0 0
10 1
0 1 0 1 0 1 2 0
25 5
2 1 4 1 0 1 0 1 2 0
2 2 3 1 0 1 0 1 6 0
0 0 0 0 0
0 0 0 0 0
0 0 0 0 0
10 1
0 1 0 1 0 1 2 0
7 1
0 0 0 0 0
41 15
2 1 2 2 0 1 2 0 1 4 5 6 7 10 0
1 12 0 0 0 0
2 3 4 1 1 1 1 1 13 0
1 11 0 0 0 0
2 5 6 1 1 1 1 1 15 0
1 10 0 0 0 0
2 7 8 1 7 1 7 1 18 0
1 9 0 0 0 0
1 9 0 0 0 0
1 10 0 0 1 21 1 21
1 11 1 21 0 1 22 1 22
1 12 1 22 0 1 23 1 23
2 13 14 1 23 0 1 24 0
0 0 0 1 25 0
0 1 7 1 7 0 0
22 5
2 1 4 1 0 1 0 1 2 0
2 2 3 1 0 1 0 1 4 0
0 0 0 0 0
0 0 0 0 0
0 0 0 0 0
13 1
0 1 0 1 0 2 2 4 0
15 5
2 1 4 1 0 1 0 4 1 13 14 5 0
2 2 3 1 1 1 1 2 7 9 0
0 0 0 0 0
0 0 0 0 0
0 0 0 0 0
11 1
0 0 0 0 0
15 5
2 1 4 1 0 1 0 2 3 5 0
2 2 3 2 3 0 2 3 0 2 9 10 0
0 0 0 0 0
0 0 0 0 0
0 0 0 0 0
6 1
0 1 0 1 0 3 1 2 4 0
17 8
1 1 0 0 0 0
2 2 5 1 0 1 0 2 5 7 0
2 3 4 2 5 0 2 5 0 2 11 12 0
1 6 0 0 0 0
1 7 0 0 0 0
1 7 0 0 0 0
0 1 0 1 0 0 0
0 1 1 1 1 0 0
4 1
0 1 0 1 0 1 3 0
6 1
0 1 0 1 0 3 1 2 5 0
6 1
0 2 0 1 2 0 1 2 3 5 0
12 3
1 1 0 0 0 0
1 2 0 0 0 0
0 0 0 6 5 6 7 8 9 10 0
11 3
1 1 0 0 0 0
1 2 0 0 0 0
0 0 0 5 5 6 7 8 9 0
11 3
1 1 0 0 0 0
1 2 0 0 0 0
0 0 0 5 5 6 7 8 9 0
11 3
1 1 0 0 0 0
1 2 0 0 0 0
0 0 0 5 5 6 7 8 9 0
11 3
1 1 0 0 0 0
1 2 0 0 0 0
0 0 0 5 5 6 7 8 9 0
11 3
1 1 0 0 0 0
1 2 0 0 0 0
0 0 0 5 5 6 7 8 9 0
11 3
1 1 0 0 0 0
1 2 0 0 0 0
0 0 0 5 5 6 7 8 9 0
11 3
1 1 0 0 0 0
1 2 0 0 0 0
0 0 0 5 5 6 7 8 9 0
4 1
0 0 0 0 0
1 1
0 0 0 0 0
130439 1
0 1 130438 1 130438 2 0 2 0
1 1
0 0 0 0 0
130438 1
0 1 130437 1 130437 2 0 2 0
1 1
0 0 0 0 0
1 1
0 0 0 0 0
1 1
0 0 0 0 0
1 1
0 0 0 0 0
1 1
0 0 0 0 0
1 1
0 0 0 0 0
1 1
0 0 0 0 0
1 1
0 0 0 0 0
5 1
0 0 0 0 0
130437 4
2 1 2 0 0 2 0 2 0
1 3 0 0 1 3 0
1 3 0 0 0 0
0 2 0 130436 2 0 130436 1 7 0
76 13
1 1 0 0 1 1 0
1 2 0 0 0 0
1 3 0 0 5 7 8 9 10 11 0
1 4 0 0 0 0
1 5 0 0 5 17 18 19 20 21 0
1 6 0 0 0 0
1 7 0 0 5 27 28 29 30 31 0
1 8 0 0 0 0
1 9 0 0 5 37 38 39 40 41 0
1 10 0 0 0 0
1 11 0 0 5 47 48 49 50 51 0
1 12 0 0 0 0
0 7 0 1 9 19 29 39 49 7 0 1 9 19 29 39 49 13 57 58 59 60 61 63 64 65 66 67 68 69 70 0
22 1
0 1 0 1 0 18 1 3 4 5 6 7 8 9 10 11 12 13 15 16 18 19 20 21 0
1 1
0 0 0 1 0 0
1 1
0 0 0 0 0
18 1
0 0 0 9 4 5 6 7 8 11 12 14 15 0
12 1
0 0 0 7 3 4 5 6 7 10 11 0
14 1
0 0 0 10 3 4 5 6 7 9 10 11 12 13 0
14 1
0 0 0 10 3 4 5 6 7 9 10 11 12 13 0
14 1
0 0 0 10 3 4 5 6 7 9 10 11 12 13 0
14 1
0 0 0 10 3 4 5 6 7 9 10 11 12 13 0
130417 1
0 8 0 130416 130415 130414 130413 130412 130411 130410 8 0 130416 130415 130414 130413 130412 130411 130410 30 4 5 6 7 8 10 42 14 16 17 43 19 20 21 22 23 24 25 26 27 28 29 30 31 32 33 34 35 36 37 0
110 4
1 1 2 0 1 2 0 1 58 2 3 4 6 7 8 9 10 11 12 13 15 16 19 20 21 22 23 24 25 27 28 31 32 33 34 35 36 37 39 40 43 44 45 46 47 48 49 104 52 54 55 105 58 60 63 65 67 69 71 73 75 77 78 79 80 86 87 1 87
2 2 3 3 96 87 55 1 55 5 101 108 90 92 93 0
1 1 2 101 60 2 101 60 2 95 96 1 96
0 3 1 55 101 3 1 55 101 2 100 109 0
130414 16
2 1 2 2 0 1 2 0 1 16 151 6 7 152 9 11 13 14 153 17 18 19 22 24 26 27 0
2 3 2 1 22 1 22 1 28 0
1 3 0 0 1 29 0
2 4 5 2 22 27 2 22 27 5 31 32 33 154 35 0
2 6 5 1 22 1 22 1 38 0
1 6 0 0 1 39 0
2 7 8 2 22 27 2 22 27 6 40 41 42 43 155 45 0
2 9 8 1 22 1 22 1 48 0
1 9 0 0 1 49 0
2 10 11 3 40 22 27 3 40 22 27 5 51 52 53 156 55 0
2 12 11 1 22 1 22 1 58 0
1 12 0 0 1 59 0
2 13 14 8 40 22 24 33 11 14 43 53 8 40 22 24 33 11 14 43 53 42 61 62 63 157 65 67 158 69 159 71 72 73 74 160 76 161 78 79 80 82 83 162 85 163 87 88 89 92 164 94 165 96 97 98 101 166 167 168 169 110 111 112 0
1 15 6 43 130413 53 130412 63 130411 6 43 130413 53 130412 63 130411 6 170 114 171 116 172 118 0
1 15 0 0 0 0
0 2 0 11 2 0 11 6 173 125 126 174 128 130 0
68 7
2 1 2 2 0 1 2 0 1 14 62 6 7 63 9 11 64 14 15 16 18 20 22 23 0
2 3 2 1 18 1 18 1 24 0
1 3 0 0 1 25 0
1 4 3 18 20 11 3 18 20 11 8 26 27 28 29 30 31 33 65 0
2 5 6 2 43 11 1 11 4 54 38 39 40 0
1 4 2 11 54 2 11 54 2 41 43 1 43
0 2 0 11 2 0 11 6 66 48 49 67 51 53 0
321 33
1 1 5 0 2 3 4 5 5 0 2 3 4 5 30 306 10 11 307 13 15 308 18 20 21 23 24 26 29 31 33 35 37 39 41 43 44 45 46 309 48 49 50 52 53 0
1 2 1 15 1 15 24 310 66 71 72 74 75 80 81 86 87 89 90 94 95 100 101 103 104 108 109 114 115 117 118 1 53
2 3 4 5 53 284 281 278 21 1 21 6 285 282 279 59 60 63 0
1 20 0 0 0 2 285 279
2 5 15 4 60 72 75 2 4 60 72 75 2 7 68 69 73 76 77 78 79 0
2 6 13 5 87 69 90 68 3 5 87 69 90 68 3 4 88 91 92 93 0
2 7 11 5 101 69 104 68 4 5 101 69 104 68 4 4 102 105 106 107 0
2 8 9 5 115 69 118 68 5 5 115 69 118 68 5 4 116 119 120 121 0
1 10 0 0 0 0
1 10 0 0 0 0
1 12 0 0 1 124 1 124
1 12 0 0 0 0
1 14 1 124 0 1 126 1 126
1 14 0 0 0 0
1 16 1 126 0 1 128 1 128
1 16 0 0 0 0
2 17 18 1 128 0 1 130 0
1 19 0 0 0 2 285 68
1 19 2 285 26 2 285 26 2 135 136 3 136 282 279
1 20 5 136 285 282 279 68 0 3 283 280 277 3 283 280 277
2 2 21 5 283 285 280 277 279 0 3 284 281 278 3 284 281 278
2 22 23 1 278 1 278 1 140 0
0 3 15 2 278 3 15 2 278 9 142 143 145 147 149 151 152 153 154 0
2 24 25 1 15 1 15 7 311 156 312 158 159 160 161 0
1 26 2 0 1 2 0 1 1 162 0
1 26 0 0 0 0
2 27 28 1 15 1 15 10 313 166 168 170 314 172 173 174 176 177 0
1 29 2 0 1 2 0 1 1 178 0
1 29 0 0 0 0
2 30 31 1 0 1 0 9 315 185 186 316 188 190 317 193 196 0
1 32 0 0 1 197 0
1 32 0 0 0 0
0 7 190 193 2 3 4 5 0 7 190 193 2 3 4 5 0 50 200 201 203 205 206 207 208 209 210 211 212 215 216 217 218 219 220 221 222 225 226 227 228 229 230 231 232 235 236 237 238 239 240 243 318 245 319 250 251 320 253 255 257 258 260 262 264 267 268 269 0
163 13
2 1 9 1 0 1 0 15 158 5 6 159 8 10 12 13 15 16 73 21 29 30 77 0
1 2 0 0 0 0
2 3 8 1 21 1 21 1 162 0
2 4 8 1 21 1 21 1 79 0
2 5 7 1 21 1 21 2 153 154 0
2 6 7 1 153 1 153 1 155 0
2 6 7 3 152 30 153 2 30 153 34 88 91 92 95 96 99 100 103 104 107 108 111 112 115 116 119 120 123 124 127 128 131 132 135 136 139 140 143 144 147 148 151 152 157 1 152
2 7 9 4 86 152 30 21 2 30 21 4 82 85 86 87 1 86
2 8 9 3 33 21 30 2 21 30 6 66 24 28 31 33 78 1 33
1 10 1 16 1 16 4 74 36 44 45 0
2 11 12 2 48 36 1 36 2 65 37 0
1 10 3 65 36 45 3 65 36 45 4 39 43 46 48 1 48
0 2 10 0 2 10 0 9 50 51 54 160 59 60 161 62 64 0
27 1
0 2 1 0 2 1 0 19 2 4 5 6 7 8 9 10 11 12 13 14 16 20 21 22 23 24 26 0
1 1
0 1 0 1 0 0 0
11 3
1 1 0 0 0 0
1 2 0 0 0 0
0 0 0 5 5 6 7 8 9 0
11 3
1 1 0 0 0 0
1 2 0 0 0 0
0 0 0 5 5 6 7 8 9 0
9 3
1 1 0 0 0 0
1 2 0 0 0 0
0 0 0 5 4 5 6 7 8 0
9 3
1 1 0 0 0 0
1 2 0 0 0 0
0 0 0 5 4 5 6 7 8 0
4 1
0 0 0 3 0 2 3 0
32 13
2 1 2 1 0 1 0 4 3 4 5 6 0
0 1 2 1 2 1 7 0
2 3 4 1 0 1 0 3 8 9 10 0
0 1 2 1 2 1 11 0
2 5 6 1 1 1 1 1 13 0
1 10 0 0 0 0
2 7 8 1 1 1 1 1 15 0
1 9 0 0 0 0
1 9 0 0 0 0
1 10 0 0 1 18 1 18
2 11 12 1 18 0 1 19 0
0 1 2 1 2 1 20 0
0 2 1 2 2 1 2 10 21 23 24 25 26 27 28 29 30 31 0
303 39
1 1 0 0 0 0
1 2 0 0 0 0
1 3 0 0 5 6 7 8 9 10 0
1 4 0 0 0 0
1 5 0 0 5 17 18 19 20 21 0
1 6 0 0 0 0
1 7 0 0 5 28 29 30 31 32 0
1 8 0 0 0 0
1 9 0 0 5 39 40 41 42 43 0
1 10 0 0 0 0
1 11 0 0 6 50 51 52 53 54 56 0
1 12 0 0 0 0
1 13 0 0 5 63 64 65 66 67 0
1 14 0 0 0 0
1 15 7 56 8 19 30 41 52 65 7 56 8 19 30 41 52 65 50 74 75 76 77 78 80 83 86 87 88 89 90 91 96 97 98 99 100 101 108 109 110 111 112 113 118 119 120 121 122 123 125 128 129 130 131 132 133 137 138 139 140 141 142 147 148 149 150 151 152 0
1 16 0 0 0 0
1 17 0 0 6 158 159 160 161 162 163 0
1 18 0 0 0 0
1 19 0 0 5 169 170 171 172 173 0
1 20 0 0 0 0
1 21 0 0 5 179 180 181 182 183 0
1 22 0 0 0 0
1 23 0 0 5 189 190 191 192 193 0
1 24 0 0 0 0
1 25 0 0 5 199 200 201 202 203 0
1 26 0 0 0 0
1 27 0 0 5 209 210 211 212 213 0
1 28 0 0 0 0
1 29 0 0 5 219 220 221 222 223 0
1 30 0 0 0 0
1 31 0 0 5 229 230 231 232 233 0
1 32 0 0 0 0
1 33 0 0 5 239 240 241 242 243 0
1 34 0 0 0 0
1 35 0 0 5 249 250 251 252 253 0
1 36 0 0 0 0
1 37 0 0 5 258 259 260 261 262 0
1 38 0 0 0 0
0 20 0 8 161 171 181 191 201 211 221 231 19 30 241 251 260 41 52 65 76 80 20 0 8 161 171 181 191 201 211 221 231 19 30 241 251 260 41 52 65 76 80 25 267 268 269 270 271 272 273 274 275 276 277 278 279 280 281 282 283 284 285 286 287 288 289 290 291 0
13 1
0 1 0 1 0 9 1 2 6 7 8 9 10 11 12 0
13 1
0 1 0 1 0 9 1 2 6 7 8 9 10 11 12 0
13 1
0 1 0 1 0 9 1 2 6 7 8 9 10 11 12 0
13 1
0 1 0 1 0 9 1 2 6 7 8 9 10 11 12 0
13 1
0 1 0 1 0 9 1 2 6 7 8 9 10 11 12 0
130419 4
2 1 2 1 0 1 0 31 1 24 25 29 30 31 32 33 34 35 4 62 6 8 11 12 13 14 15 16 17 36 37 41 42 43 44 45 46 47 19 0
1 3 2 0 130418 2 0 130418 9 63 49 53 54 55 56 57 58 59 0
1 3 0 0 0 0
0 1 1 1 1 1 23 0
17 3
2 1 2 1 0 1 0 10 5 6 10 11 12 13 14 15 16 3 0
0 1 0 1 0 0 0
0 0 0 0 0
77 4
2 1 2 1 0 1 0 45 1 3 73 22 26 27 28 29 30 31 32 5 33 34 38 39 40 41 42 43 44 7 74 9 75 46 50 51 52 53 54 55 56 11 12 57 58 62 63 64 65 66 67 68 14 0
1 3 1 0 1 0 3 76 16 17 0
1 3 0 0 0 0
0 1 1 1 1 1 20 0
130420 10
2 1 2 1 0 1 0 38 78 51 55 56 57 58 59 60 61 3 5 7 62 63 67 68 69 70 71 72 73 9 79 12 16 17 18 19 20 21 22 23 28 29 30 31 32 33 0
1 3 3 130419 3 130418 3 130419 3 130418 0 0
1 3 0 0 0 0
2 4 5 2 5 61 2 5 61 1 37 0
1 6 1 3 1 3 1 38 0
1 6 0 0 0 0
2 7 8 3 0 3 9 3 0 3 9 3 80 42 43 0
1 9 1 0 1 0 3 81 45 46 0
1 9 0 0 0 0
0 2 61 0 2 61 0 1 49 0
30 3
2 1 2 2 1 2 2 1 2 1 3 0
0 0 0 0 0
1 0 3 0 1 2 3 0 1 2 18 5 6 7 8 26 10 12 13 14 15 16 17 18 21 23 0 1 2 0
43 4
2 1 3 1 0 1 0 5 1 2 41 7 35 0
1 2 0 0 0 0
2 2 3 3 26 2 7 2 2 7 14 32 10 11 39 13 42 16 17 18 19 20 24 26 37 1 26
0 0 0 0 0
91 7
2 1 6 2 4 5 2 4 5 1 74 0
1 2 2 0 5 2 0 5 7 78 10 85 14 86 17 64 2 3 4
2 3 4 6 65 3 53 4 14 17 2 14 17 8 70 68 11 15 18 54 55 58 0
0 7 1 10 11 18 0 70 2 7 1 10 11 18 0 70 2 20 23 24 60 87 88 29 30 89 32 90 36 37 38 39 42 43 44 45 46 47 0
1 5 3 70 64 68 3 70 64 68 3 50 65 53 0
2 2 6 2 53 5 2 53 5 1 77 2 65 53
0 0 0 0 0
26 1
0 2 0 1 2 0 1 17 2 3 4 6 7 8 9 10 11 12 14 16 17 18 19 24 25 0
11 3
2 1 2 2 1 2 2 1 2 1 3 0
0 0 0 0 0
1 0 3 0 1 2 3 0 1 2 5 5 7 0 1 2 0
86 4
2 1 2 1 0 1 0 36 1 2 7 8 9 10 11 12 13 14 21 22 23 24 25 26 28 29 30 31 32 33 84 35 36 37 70 71 75 76 77 78 79 80 81 39 0
1 3 1 0 1 0 3 85 41 42 0
1 3 0 0 0 0
0 1 0 1 0 17 45 46 48 51 52 53 54 55 56 57 58 63 64 65 66 67 68 0
88 4
2 1 2 2 0 1 2 0 1 36 2 3 7 8 9 10 11 12 13 14 21 22 23 24 25 26 28 29 30 31 32 33 86 35 36 37 72 73 77 78 79 80 81 82 83 39 0
1 3 1 0 1 0 3 87 41 42 0
1 3 0 0 0 0
0 2 0 1 2 0 1 18 46 47 48 50 53 54 55 56 57 58 59 60 65 66 67 68 69 70 0
47 3
2 1 2 1 0 1 0 11 4 38 15 43 20 21 44 23 45 25 7 0
0 3 1 2 3 3 1 2 3 0 0
0 5 23 1 2 3 4 5 23 1 2 3 4 5 46 37 9 10 12 0
21 3
2 1 2 1 0 1 0 11 2 7 8 12 13 14 15 16 17 18 4 0
0 1 1 1 1 0 0
0 2 1 0 2 1 0 2 19 20 0
233 19
2 1 13 1 2 1 2 3 179 180 212 0
1 2 0 0 0 0
1 3 4 30 203 201 2 1 2 6 205 204 202 12 15 203 0
2 4 8 1 202 1 202 1 19 0
2 5 6 1 12 1 12 1 21 0
1 7 0 0 0 0
1 7 0 0 0 0
1 9 0 0 1 24 1 24
1 9 0 0 0 0
2 10 11 1 24 0 1 26 0
1 12 0 0 0 1 205
1 12 0 0 0 1 202
2 2 13 3 202 205 180 2 205 180 3 201 30 213 3 30 203 201
2 14 15 4 203 201 0 1 2 0 1 22 214 215 31 32 34 36 37 38 39 40 41 42 43 47 48 49 50 51 52 53 54 56 0
1 16 0 0 0 0
1 16 3 2 215 0 3 2 215 0 2 59 60 1 60
2 17 18 5 60 54 34 1 214 4 54 34 1 214 15 61 62 63 182 225 67 68 69 70 71 72 226 75 76 78 0
0 4 0 34 1 72 4 0 34 1 72 33 79 80 84 85 86 87 88 89 90 91 93 94 218 98 99 100 101 102 107 108 109 110 111 190 227 115 116 117 118 119 228 123 124 0
0 7 214 0 34 1 2 72 180 7 214 0 34 1 2 72 180 42 126 128 129 133 134 135 136 137 138 139 140 142 143 144 145 194 229 149 150 151 152 153 230 157 158 159 160 161 162 163 164 165 198 231 169 170 171 172 173 232 177 178 0
220 25
2 1 2 1 0 1 0 9 2 3 7 8 9 10 11 12 13 0
1 3 0 0 0 0
1 3 1 0 1 0 1 15 0
1 4 2 0 1 2 0 1 8 211 18 19 20 22 154 155 178 1 155
2 5 9 5 190 155 187 184 181 0 5 191 188 185 182 32 0
2 6 7 2 188 20 2 188 20 1 33 0
1 8 0 0 0 0
1 8 0 0 0 0
1 10 0 0 1 36 1 36
1 10 0 0 0 0
2 11 24 1 36 0 1 38 0
2 12 13 2 0 191 2 0 191 13 212 40 41 43 44 45 46 47 48 49 213 157 160 0
1 23 6 0 1 41 48 191 22 6 0 1 41 48 191 22 50 52 214 162 166 167 168 169 170 171 172 56 57 58 60 61 62 63 64 65 215 67 68 69 174 216 73 74 75 76 77 217 81 82 83 84 87 88 89 90 91 92 218 94 100 101 102 103 104 105 106 3 191 188 172
2 14 18 5 49 0 41 191 22 5 49 0 41 191 22 24 219 109 110 112 114 115 118 119 120 121 122 123 124 126 127 128 130 131 132 133 134 135 136 138 0
2 15 16 2 136 1 2 136 1 1 139 0
1 17 0 0 0 0
1 17 0 0 0 0
1 19 0 0 1 142 1 142
1 19 0 0 0 0
2 20 21 1 142 0 1 144 0
1 22 0 0 0 3 191 188 112
1 22 3 191 178 188 3 191 178 188 3 147 179 150 4 179 150 185 182
1 23 7 179 191 150 188 185 112 182 0 4 189 186 183 180 4 189 186 183 180
1 4 7 189 191 186 188 183 172 180 0 4 190 187 184 181 4 190 187 184 181
0 1 185 1 185 0 0
109 24
2 1 23 1 0 1 0 9 2 3 7 8 9 10 11 12 13 0
1 2 2 0 1 2 0 1 14 14 15 16 17 18 19 20 99 100 22 24 25 26 28 0
2 3 7 1 28 1 28 1 29 0
2 4 5 2 24 18 2 24 18 1 30 0
1 6 0 0 0 0
1 6 0 0 0 0
1 8 0 0 1 33 1 33
1 8 0 0 0 0
2 9 22 1 33 0 1 35 0
2 10 11 2 0 22 2 0 22 14 36 37 38 40 41 42 43 44 45 46 47 101 102 105 0
1 21 0 0 1 28 0
2 12 16 4 47 0 22 20 4 47 0 22 20 27 50 51 52 54 55 56 57 58 60 61 62 63 64 65 66 68 69 70 72 73 74 75 76 77 78 79 80 0
2 13 14 2 79 1 2 79 1 1 81 0
1 15 0 0 0 0
1 15 0 0 0 0
1 17 0 0 1 84 1 84
1 17 0 0 0 0
2 18 19 1 84 0 1 86 0
1 20 1 55 1 55 3 88 26 28 0
1 20 3 22 18 24 3 22 18 24 6 91 107 108 22 94 24 0
1 21 0 0 0 0
1 2 0 0 0 0
0 1 26 1 26 0 0
0 0 0 1 97 0
13 1
0 2 0 1 2 0 1 10 2 3 4 6 7 8 9 10 11 12 0
13 1
0 2 0 1 2 0 1 10 2 3 4 6 7 8 9 10 11 12 0
14 1
0 2 0 1 2 0 1 11 2 3 4 6 7 8 9 10 11 12 13 0
14 1
0 2 0 1 2 0 1 11 2 3 4 6 7 8 9 10 11 12 13 0
18 1
0 2 0 1 2 0 1 13 2 3 4 6 7 8 9 10 11 13 14 15 17 0
18 1
0 2 0 1 2 0 1 13 2 3 4 6 7 8 9 10 11 13 14 15 17 0
18 1
0 2 0 1 2 0 1 13 2 3 4 6 7 8 9 10 11 13 14 15 17 0
130450 1
0 22 0 130439 130449 130448 130447 130446 130445 130444 130443 130442 130441 130440 130401 130400 130398 130397 130396 130395 130392 130419 130418 130417 22 0 130439 130449 130448 130447 130446 130445 130444 130443 130442 130441 130440 130401 130400 130398 130397 130396 130395 130392 130419 130418 130417 89 102 103 107 108 109 110 111 112 113 3 4 5 6 7 8 9 10 11 12 13 14 15 16 17 18 19 20 24 25 26 27 28 29 30 31 32 36 37 38 39 40 41 42 43 44 45 46 47 48 49 50 51 52 56 57 58 59 60 61 62 63 64 68 69 70 71 72 73 74 76 77 81 82 83 84 85 86 87 88 89 93 94 95 96 97 98 99 100 101 0
67 1
0 1 0 1 0 48 1 2 6 7 8 9 10 11 12 13 17 18 19 20 21 22 23 24 28 29 30 31 32 33 34 35 39 40 41 42 43 44 45 46 50 51 52 53 54 55 56 57 61 62 63 64 65 66 0
1 1
0 0 0 0 0
130420 4
2 1 2 2 130419 130418 2 130419 130418 4 0 1 3 6 0
1 3 1 1 1 1 1 7 0
1 3 0 0 0 0
0 2 1 0 2 1 0 3 10 11 12 0
130419 1
0 1 130418 1 130418 4 0 2 3 4 0
3 3
2 1 2 0 0 1 1 0
0 0 0 0 0
0 0 0 0 0
8 1
0 0 0 7 0 2 3 4 5 6 7 0
215 10
2 1 3 1 2 1 2 4 4 52 9 54 1 52
1 2 0 0 0 1 52
2 2 3 6 55 52 56 1 0 9 3 1 0 9 11 50 48 12 13 14 15 17 55 19 56 57 2 55 56
2 4 9 4 55 52 56 2 1 2 3 51 49 59 0
1 5 0 0 0 0
2 6 8 1 2 1 2 2 210 211 1 49
2 7 8 2 49 210 2 49 210 1 212 1 49
2 7 8 6 49 208 207 1 0 210 3 1 0 210 116 64 65 66 67 68 69 70 71 73 75 76 77 78 79 80 82 84 85 86 87 88 89 91 93 94 95 96 97 98 100 102 103 104 105 106 107 109 111 112 113 114 115 116 118 120 121 122 123 124 125 127 129 130 131 132 133 134 136 138 139 140 141 142 143 145 147 148 149 150 151 152 154 156 157 158 159 160 161 163 165 166 167 168 169 170 172 174 175 176 177 178 179 181 183 184 185 186 187 188 190 192 193 194 195 196 197 199 201 202 203 204 205 206 207 208 214 2 208 207
2 8 9 8 49 31 208 60 207 1 0 2 3 1 0 2 11 46 42 24 25 26 27 28 29 60 31 62 2 31 60
0 2 60 51 1 51 7 43 32 34 35 37 38 39 0
6 1
0 1 0 1 0 4 1 2 4 5 0
5 1
0 3 0 1 2 3 0 1 2 2 3 4 0
5 1
0 2 1 0 2 1 0 2 3 4 0
45 7
2 1 2 1 2 1 2 1 3 0
2 3 2 1 2 1 2 1 4 0
1 3 0 0 1 5 0
2 4 6 2 2 0 2 2 0 10 7 8 9 43 11 13 14 44 17 37 0
1 5 0 0 0 0
2 5 6 5 28 1 14 17 2 4 1 14 17 2 7 34 24 25 26 42 28 39 1 28
0 2 17 2 2 17 2 3 29 30 31 0
130420 3
2 1 2 0 0 2 3 5 0
0 4 0 1 2 130419 4 0 1 2 130419 2 6 8 0
0 5 0 1 2 130419 3 5 0 1 2 130419 3 4 9 10 12 13 0
4 1
0 1 0 1 0 2 2 3 0
130442 3
2 1 2 0 0 1 0 0
0 0 0 1 1 0
0 1 130441 1 130441 2 2 4 0
130441 3
2 1 2 0 0 1 0 0
0 0 0 1 1 0
0 1 130440 1 130440 2 2 4 0
10 7
2 1 6 1 0 1 0 1 1 0
2 2 5 1 0 1 0 1 2 0
2 3 4 1 0 1 0 1 4 0
0 0 0 0 0
0 0 0 0 0
0 0 0 0 0
0 0 0 0 0
5 1
0 0 0 1 3 0
21 9
2 1 2 1 0 1 0 1 2 0
1 6 0 0 0 0
2 3 4 1 0 1 0 2 18 5 0
1 5 0 0 0 0
1 5 0 0 0 0
1 6 0 0 1 8 1 8
2 7 8 1 8 0 1 9 0
0 0 0 0 0
0 1 0 1 0 1 14 0
37 11
2 1 2 1 1 1 1 1 2 0
0 0 0 0 0
2 3 7 1 1 1 1 13 4 6 7 8 9 10 11 12 13 30 31 34 15 0
2 4 5 2 13 0 2 13 0 5 16 17 18 20 21 0
1 6 0 0 0 0
1 6 0 0 0 0
1 8 0 0 1 24 1 24
1 8 0 0 0 0
2 9 10 1 24 0 1 26 0
0 0 0 0 0
1 0 2 1 0 2 1 0 3 29 0 1 0
16 12
1 1 0 0 0 0
2 2 7 1 0 1 0 1 7 0
2 3 6 1 0 1 0 1 8 0
2 4 5 1 0 1 0 1 10 0
1 8 0 0 0 0
1 11 0 0 0 0
1 11 0 0 0 0
1 11 0 0 0 0
2 9 10 1 0 1 0 1 3 0
0 0 0 0 0
0 0 0 0 0
0 0 0 0 0
27 5
2 1 4 1 0 1 0 3 15 16 24 0
1 2 0 0 0 0
1 3 3 14 17 0 1 0 5 19 18 8 10 17 0
2 2 4 2 19 16 2 19 16 2 14 25 2 14 17
0 1 17 0 1 26 0
31 13
1 1 1 0 1 0 2 22 23 0
2 2 6 3 21 24 23 1 23 3 26 25 7 0
2 3 4 1 25 1 25 1 9 0
1 5 0 0 0 0
1 5 0 0 0 0
1 7 0 0 1 12 1 12
1 7 0 0 0 0
2 8 12 1 12 0 1 14 0
2 9 10 2 0 26 2 0 26 2 15 17 0
1 11 0 0 0 1 26
1 11 0 0 0 1 25
1 1 2 25 26 1 26 2 24 21 2 21 24
0 1 25 1 25 0 0
139 10
2 1 2 0 0 0 0
1 3 0 0 0 0
1 3 0 0 1 5 0
2 4 5 2 0 1 2 0 1 15 7 9 11 13 14 15 16 17 18 21 22 23 24 25 26 0
1 6 1 7 1 7 1 27 1 27
1 6 0 0 0 0
2 7 8 5 27 11 9 2 1 4 11 9 2 1 44 31 34 35 36 37 38 39 44 45 46 47 48 49 51 52 129 56 57 58 59 60 61 65 67 68 130 72 73 74 75 76 81 82 83 122 135 87 88 89 90 91 136 95 96 0
1 9 0 0 0 1 3
1 9 0 0 0 1 9
0 4 3 9 11 61 3 11 61 9 13 97 98 99 126 137 103 104 105 106 107 138 111 112 0
4 1
0 1 0 1 0 0 0
4 1
0 3 0 1 2 3 0 1 2 0 0
107 15
2 1 2 1 0 1 0 2 4 7 0
1 12 0 0 0 0
2 3 4 1 1 1 1 1 10 0
1 11 0 0 0 0
2 5 6 1 2 1 2 1 13 0
1 10 0 0 0 0
2 7 8 1 3 1 3 1 16 0
1 9 0 0 0 0
1 9 0 0 0 0
1 10 0 0 1 19 1 19
1 11 1 19 0 1 20 1 20
1 12 1 20 0 1 21 1 21
2 13 14 1 21 0 1 22 0
0 0 0 1 23 0
0 5 0 4 1 2 3 5 0 4 1 2 3 45 27 30 32 33 34 35 36 37 38 39 84 101 43 44 45 46 47 48 102 51 52 53 54 88 103 58 59 60 61 62 104 66 67 68 69 92 105 73 74 75 76 77 106 81 82 0
436 83
1 1 0 0 0 2 2 3
2 2 3 7 372 2 264 3 404 396 389 0 6 407 406 405 397 390 11 0
0 0 0 1 12 0
2 4 8 1 407 1 407 11 13 15 16 17 18 19 20 21 427 266 269 0
2 5 6 5 0 4 5 6 7 5 0 4 5 6 7 9 24 26 28 29 30 31 32 33 34 0
1 7 6 34 26 24 8 9 10 6 34 26 24 8 9 10 44 36 40 41 42 43 44 45 46 47 271 428 51 52 53 54 55 56 429 59 60 61 62 275 430 66 67 68 69 70 431 74 75 76 77 279 432 81 82 83 84 85 433 89 90 0
1 7 0 0 0 0
0 5 24 13 20 407 1 5 24 13 20 407 1 18 93 94 283 434 98 99 100 101 102 435 106 107 110 111 112 113 114 115 0
2 9 79 4 266 13 407 1 4 266 13 407 1 10 118 120 124 125 126 127 128 129 130 132 0
2 10 11 2 120 0 2 120 0 14 133 135 136 137 138 139 140 141 142 143 145 146 148 149 0
1 42 0 0 0 3 405 397 390
2 12 13 3 133 120 0 3 133 120 0 12 153 154 155 156 157 158 159 160 161 163 164 166 0
1 41 0 0 0 3 405 397 390
1 14 1 143 1 143 1 171 0
2 15 19 2 400 398 0 2 401 399 0
2 16 17 2 401 171 2 401 171 1 177 0
1 18 0 0 0 0
1 18 0 0 0 0
1 20 0 0 1 180 1 180
1 20 0 0 0 0
2 21 25 1 180 0 1 182 0
2 22 23 3 161 401 164 3 161 401 164 5 183 184 185 186 187 0
1 24 1 401 1 401 1 189 2 189 399
1 24 0 0 0 1 401
1 14 3 401 189 399 0 2 400 398 2 400 398
2 26 39 1 399 1 399 0 0
1 27 1 171 1 171 1 193 2 399 193
2 28 32 4 391 399 384 193 0 2 392 385 0
2 29 30 2 385 143 2 385 143 1 195 0
1 31 0 0 0 0
1 31 0 0 0 0
1 33 0 0 1 198 1 198
1 33 0 0 0 0
2 34 38 1 198 0 1 200 0
2 35 36 3 161 385 164 3 161 385 164 7 201 202 203 204 205 206 207 0
1 37 1 385 1 385 1 209 2 392 209
1 37 0 0 0 1 385
1 27 3 392 385 209 0 2 391 384 2 391 384
1 40 0 0 0 2 392 385
1 40 0 0 0 2 399 390
1 41 4 399 392 390 385 0 3 393 386 213 4 401 393 386 213
1 42 7 401 405 393 397 386 390 213 0 4 402 394 387 214 4 402 394 387 214
2 43 77 7 402 405 394 397 387 390 214 0 4 403 395 388 215 0
2 44 54 1 4 1 4 0 0
2 45 52 2 133 120 2 133 120 7 288 289 290 291 292 293 294 0
2 46 50 3 133 120 5 3 133 120 5 11 297 298 299 300 301 302 304 305 306 308 218 0
2 47 48 3 133 302 6 3 133 302 6 10 311 312 313 314 315 318 319 320 322 220 0
1 49 0 0 0 0
1 49 0 0 0 0
1 51 0 0 1 223 1 223
1 51 0 0 0 0
1 53 1 223 0 1 225 1 225
1 53 0 0 0 0
1 73 1 225 0 1 227 1 227
2 55 71 2 133 120 2 133 120 8 325 326 327 328 329 330 331 229 0
2 56 66 1 7 1 7 0 0
2 57 64 3 133 120 8 3 133 120 8 11 334 335 336 337 338 339 341 342 343 345 231 0
2 58 62 3 133 339 9 3 133 339 9 10 348 349 350 351 352 355 356 357 359 233 0
2 59 60 2 120 10 2 120 10 2 234 235 0
1 61 0 0 0 0
1 61 0 0 0 0
1 63 0 0 1 238 1 238
1 63 0 0 0 0
1 65 1 238 0 1 240 1 240
1 65 0 0 0 0
1 67 1 240 0 1 242 1 242
1 67 2 133 120 2 133 120 9 362 363 364 365 366 367 368 369 245 1 245
2 68 69 2 242 245 0 1 246 0
1 70 0 0 0 0
1 70 0 0 0 0
1 72 0 0 1 249 1 249
1 72 0 0 0 0
1 73 1 249 0 1 251 1 251
2 74 75 2 227 251 0 1 252 0
1 76 0 0 0 0
1 76 0 0 0 0
1 78 0 0 1 255 1 255
1 78 0 0 0 0
1 80 1 255 0 1 257 4 403 395 388 257
1 80 0 0 0 3 405 397 390
2 81 82 7 405 403 397 395 390 388 257 0 4 404 396 389 259 0
0 1 120 1 120 0 0
1 1 2 407 406 2 407 406 3 261 372 264 5 372 264 404 396 389
18 4
2 1 2 0 0 0 0
1 3 0 0 0 0
1 3 0 0 1 2 0
0 1 0 1 0 2 4 17 0
38 13
2 1 2 1 1 1 1 1 4 0
1 6 0 0 0 0
2 3 4 1 2 1 2 1 7 0
1 5 0 0 0 0
1 5 0 0 0 0
1 6 0 0 1 10 1 10
2 7 8 1 10 0 1 11 0
1 9 0 0 1 12 0
1 9 0 0 0 0
2 10 11 0 0 0 0
1 12 0 0 0 0
1 12 0 0 1 16 0
0 3 0 1 2 3 0 1 2 7 18 21 23 24 25 26 37 0
39 19
2 1 2 1 0 1 0 2 4 6 0
1 12 0 0 0 0
2 3 4 1 1 1 1 1 9 0
1 11 0 0 0 0
2 5 6 1 2 1 2 1 12 0
1 10 0 0 0 0
2 7 8 1 3 1 3 1 15 0
1 9 0 0 0 0
1 9 0 0 0 0
1 10 0 0 1 18 1 18
1 11 1 18 0 1 19 1 19
1 12 1 19 0 1 20 1 20
2 13 14 1 20 0 1 21 0
1 15 0 0 1 22 0
1 15 0 0 0 0
2 16 17 0 0 0 0
1 18 0 0 0 0
1 18 0 0 1 26 0
0 4 0 1 2 3 4 0 1 2 3 2 28 38 0
179 47
2 2 1 1 3 1 3 1 174 0
1 3 0 0 0 2 2 3
0 0 0 1 5 0
2 4 5 7 2 136 3 128 161 153 146 0 16 164 163 162 154 147 6 8 9 10 11 12 13 14 178 130 133 0
0 0 0 1 17 0
2 6 43 4 130 6 164 1 4 130 6 164 1 11 20 22 23 26 27 28 29 30 31 32 33 0
2 7 8 2 22 0 2 22 0 14 34 36 37 38 39 40 41 42 43 44 46 47 49 50 0
1 39 0 0 0 3 162 154 147
2 9 10 3 34 22 0 3 34 22 0 12 54 55 56 57 58 59 60 61 62 64 65 67 0
1 38 0 0 0 3 162 154 147
1 11 1 44 1 44 1 72 0
2 12 16 2 157 155 0 2 158 156 0
2 13 14 2 158 72 2 158 72 1 78 0
1 15 0 0 0 0
1 15 0 0 0 0
1 17 0 0 1 81 1 81
1 17 0 0 0 0
2 18 22 1 81 0 1 83 0
2 19 20 3 62 158 65 3 62 158 65 5 84 85 86 87 88 0
1 21 1 158 1 158 1 90 2 90 156
1 21 0 0 0 1 158
1 11 3 158 90 156 0 2 157 155 2 157 155
2 23 36 1 156 1 156 0 0
1 24 1 72 1 72 1 94 2 156 94
2 25 29 4 148 156 141 94 0 2 149 142 0
2 26 27 2 142 44 2 142 44 1 96 0
1 28 0 0 0 0
1 28 0 0 0 0
1 30 0 0 1 99 1 99
1 30 0 0 0 0
2 31 35 1 99 0 1 101 0
2 32 33 3 62 142 65 3 62 142 65 7 102 103 104 105 106 107 108 0
1 34 1 142 1 142 1 110 2 149 110
1 34 0 0 0 1 142
1 24 3 149 142 110 0 2 148 141 2 148 141
1 37 0 0 0 2 149 142
1 37 0 0 0 2 156 147
1 38 4 156 149 147 142 0 3 150 143 114 4 158 150 143 114
1 39 7 158 162 150 154 143 147 114 0 4 159 151 144 115 4 159 151 144 115
2 40 41 7 159 162 151 154 144 147 115 0 4 160 152 145 116 0
1 42 0 0 0 0
1 42 0 0 0 0
1 44 0 0 1 119 4 160 152 145 119
1 44 0 0 0 3 162 154 147
2 45 46 7 162 160 154 152 147 145 119 0 4 161 153 146 121 0
0 1 23 1 23 1 123 0
2 2 3 2 164 163 2 164 163 4 125 136 128 175 5 136 128 161 153 146
9 3
2 1 2 0 0 0 0
0 1 0 1 0 2 1 8 0
0 0 0 1 5 0
42 15
2 1 14 2 0 3 2 0 3 3 4 5 6 0
1 2 2 0 1 2 0 1 4 7 8 10 11 0
2 3 7 3 33 35 3 1 3 3 37 36 17 0
2 4 5 1 36 1 36 0 0
1 6 0 0 0 0
1 6 0 0 0 0
1 8 0 0 1 20 1 20
1 8 0 0 0 0
2 9 13 1 20 0 1 22 0
2 10 11 4 8 37 2 11 4 8 37 2 11 6 23 24 25 26 27 28 0
1 12 0 0 0 1 36
1 12 0 0 0 0
1 2 2 36 37 1 37 2 35 33 2 33 35
0 1 36 1 36 0 0
0 0 0 0 0
260 22
2 1 10 1 1 1 1 3 4 5 234 0
1 2 1 1 1 1 2 14 15 0
1 3 5 36 223 221 218 15 1 15 8 225 224 222 219 20 21 24 223 0
2 4 8 1 21 1 21 1 28 0
2 5 6 1 222 1 222 1 30 0
1 7 0 0 0 1 225
1 7 0 0 0 1 222
1 9 2 222 225 0 1 220 2 220 225
1 9 0 0 0 2 222 219
2 2 10 5 222 220 219 225 5 2 225 5 4 221 218 36 235 4 36 223 221 218
2 11 12 4 223 221 218 0 1 0 17 236 237 238 38 40 41 42 43 44 45 49 50 51 52 53 54 56 0
1 13 0 0 0 0
1 13 2 1 237 2 1 237 1 59 1 59
2 14 15 4 59 38 0 238 3 38 0 238 15 60 61 62 195 250 66 67 68 69 70 71 251 74 75 77 0
1 16 2 1 238 2 1 238 1 79 1 79
1 16 0 0 0 0
2 17 21 4 79 38 71 236 3 38 71 236 14 81 82 83 199 252 87 88 89 90 91 253 95 96 98 0
2 18 19 4 38 0 71 56 4 38 0 71 56 15 102 103 104 105 106 107 109 110 243 114 115 116 117 118 123 0
1 20 0 0 0 1 0
1 20 3 237 5 1 3 237 5 1 3 127 130 131 1 131
0 4 0 131 38 71 2 38 71 13 132 133 134 207 254 138 139 140 141 142 255 146 147 0
0 6 236 38 0 1 71 5 6 236 38 0 1 71 5 34 149 154 155 156 157 158 159 161 162 163 211 256 167 168 169 170 171 257 175 176 177 178 179 180 215 258 184 185 186 187 188 259 192 193 0
26 3
2 1 2 2 0 1 2 0 1 1 2 0
0 0 0 0 0
1 0 2 0 1 2 0 1 15 4 5 23 7 9 10 11 12 13 14 15 18 20 0 1 0
24 3
2 1 2 1 0 1 0 1 1 0
0 0 0 0 0
1 0 1 0 1 0 14 3 4 22 6 8 9 10 11 12 13 14 17 19 0 0
130393 1
0 1 130392 1 130392 0 0
130395 1
0 5 130394 0 130393 1 130392 5 130394 0 130393 1 130392 0 0
75 7
2 1 6 2 3 4 2 3 4 1 67 0
1 2 1 4 1 4 1 57 2 2 3
2 3 4 4 58 2 46 3 0 12 63 61 8 10 11 12 13 14 15 47 48 51 0
0 5 0 8 15 63 1 5 0 8 15 63 1 18 18 19 53 73 23 24 25 26 27 74 31 32 35 36 37 38 39 40 0
1 5 3 63 57 61 3 63 57 61 3 43 58 46 0
2 2 6 2 46 4 2 46 4 1 70 2 58 46
0 0 0 0 0
21 1
0 1 0 1 0 13 1 3 4 5 6 7 8 9 11 13 14 19 20 0
9 3
2 1 2 2 0 1 2 0 1 1 2 0
0 0 0 0 0
1 0 2 0 1 2 0 1 4 4 6 0 1 0
130442 1
0 4 130441 130440 130395 130396 4 130441 130440 130395 130396 8 1 6 7 8 10 11 12 13 0
130442 1
0 5 130441 0 130440 130395 130396 5 130441 0 130440 130395 130396 9 5 6 7 9 10 11 13 14 15 0
319 96
2 1 2 0 0 0 0
1 3 0 0 0 0
1 3 0 0 1 2 0
2 4 41 0 0 0 0
2 5 6 1 0 1 0 6 4 5 7 8 10 11 0
1 37 0 0 0 0
2 7 8 1 0 1 0 5 13 14 16 17 19 0
1 36 0 0 0 0
1 9 1 5 1 5 1 24 0
2 10 14 2 287 285 0 2 288 286 0
2 11 12 2 288 24 2 288 24 1 30 0
1 13 0 0 0 0
1 13 0 0 0 0
1 15 0 0 1 33 1 33
1 15 0 0 0 0
2 16 20 1 33 0 1 35 0
2 17 18 3 14 288 17 3 14 288 17 5 36 37 38 39 40 0
1 19 1 288 1 288 1 42 2 42 286
1 19 0 0 0 1 288
1 9 3 288 42 286 0 2 287 285 2 287 285
2 21 34 1 286 1 286 0 0
1 22 1 24 1 24 1 46 2 286 46
2 23 27 4 279 286 273 46 0 2 280 274 0
2 24 25 2 274 5 2 274 5 1 48 0
1 26 0 0 0 0
1 26 0 0 0 0
1 28 0 0 1 51 1 51
1 28 0 0 0 0
2 29 33 1 51 0 1 53 0
2 30 31 3 14 274 17 3 14 274 17 7 54 55 56 57 58 59 60 0
1 32 1 274 1 274 1 62 2 280 62
1 32 0 0 0 1 274
1 22 3 280 274 62 0 2 279 273 2 279 273
1 35 0 0 0 2 280 274
1 35 0 0 0 1 286
1 36 3 286 280 274 0 3 281 275 66 4 288 281 275 66
1 37 4 288 281 275 66 0 4 289 282 276 67 1 67
2 38 39 1 67 0 1 68 0
1 40 0 0 0 0
1 40 0 0 0 0
1 42 0 0 1 71 1 71
1 42 0 0 0 0
2 43 44 1 71 0 1 73 0
0 0 0 0 0
1 45 0 0 0 0
1 46 1 0 1 0 6 75 76 78 226 227 234 1 227
2 47 48 8 271 227 268 265 262 259 250 242 0 7 272 269 266 263 260 251 243 0
1 95 0 0 0 0
2 49 95 2 269 76 2 269 76 1 89 0
2 50 51 1 272 1 272 11 91 93 94 95 96 97 98 99 318 229 232 0
1 94 4 0 78 272 76 4 0 78 272 76 12 102 104 106 108 109 110 111 112 113 114 116 117 6 272 269 104 260 251 243
2 52 89 4 229 91 272 78 4 229 91 272 78 18 121 123 125 127 128 129 130 131 132 133 137 138 139 140 141 142 143 145 0
2 53 54 2 133 0 2 133 0 6 146 147 149 150 152 153 0
1 85 0 0 0 3 260 251 243
2 55 56 2 133 0 2 133 0 5 155 156 158 159 161 0
1 84 0 0 0 3 260 251 243
1 57 1 147 1 147 1 166 0
2 58 62 2 254 252 0 2 255 253 0
2 59 60 2 255 166 2 255 166 1 172 0
1 61 0 0 0 0
1 61 0 0 0 0
1 63 0 0 1 175 1 175
1 63 0 0 0 0
2 64 68 1 175 0 1 177 0
2 65 66 3 156 255 159 3 156 255 159 5 178 179 180 181 182 0
1 67 1 255 1 255 1 184 2 184 253
1 67 0 0 0 1 255
1 57 3 255 184 253 0 2 254 252 2 254 252
2 69 82 1 253 1 253 0 0
1 70 1 166 1 166 1 188 2 253 188
2 71 75 4 244 253 236 188 0 2 245 237 0
2 72 73 2 237 147 2 237 147 1 190 0
1 74 0 0 0 0
1 74 0 0 0 0
1 76 0 0 1 193 1 193
1 76 0 0 0 0
2 77 81 1 193 0 1 195 0
2 78 79 3 156 237 159 3 156 237 159 7 196 197 198 199 200 201 202 0
1 80 1 237 1 237 1 204 2 245 204
1 80 0 0 0 1 237
1 70 3 245 237 204 0 2 244 236 2 244 236
1 83 0 0 0 2 245 237
1 83 0 0 0 2 253 243
1 84 4 253 245 243 237 0 3 246 238 208 4 255 246 238 208
1 85 7 255 260 246 251 238 243 208 0 4 256 247 239 209 4 256 247 239 209
2 86 87 7 256 260 247 251 239 243 209 0 4 257 248 240 210 0
1 88 0 0 0 0
1 88 0 0 0 0
1 90 0 0 1 213 4 257 248 240 213
1 90 0 0 0 3 260 251 243
2 91 92 7 260 257 251 248 243 240 213 0 4 258 249 241 215 0
1 93 2 133 123 2 133 123 1 216 3 272 269 123
1 93 3 272 234 269 3 272 234 269 3 219 235 222 4 235 222 266 263
1 94 7 235 272 222 269 266 123 263 0 4 270 267 264 261 7 270 267 264 261 258 249 241
1 46 13 270 272 267 269 264 104 261 258 260 249 251 241 243 0 7 271 268 265 262 259 250 242 7 271 268 265 262 259 250 242
0 1 266 1 266 0 0
172 37
2 1 2 0 0 0 0
1 3 0 0 0 0
1 3 0 0 1 4 0
1 4 3 0 1 2 3 0 1 2 6 6 7 9 91 92 130 1 92
2 5 6 7 153 92 150 147 144 141 136 0 6 154 151 148 145 142 137 0
1 36 0 0 0 0
2 7 36 2 151 7 2 151 7 1 20 0
2 8 9 1 154 1 154 11 22 24 25 26 27 28 29 30 171 94 97 0
1 35 6 0 1 2 9 154 7 6 0 1 2 9 154 7 11 33 35 37 39 40 41 42 43 44 45 47 5 154 151 35 142 137
2 10 30 4 94 22 154 9 4 94 22 154 9 18 51 53 55 57 58 59 60 61 62 63 67 68 69 70 71 72 73 75 0
1 11 0 0 0 0
2 12 25 2 63 2 2 63 2 3 98 99 100 0
1 13 2 63 0 2 63 0 4 101 102 104 105 0
2 14 18 3 127 132 2 1 2 3 138 133 111 0
2 15 16 1 133 1 133 0 0
1 17 0 0 0 0
1 17 0 0 0 0
1 19 0 0 1 114 1 114
1 19 0 0 0 0
2 20 24 1 114 0 1 116 0
2 21 22 4 102 138 1 105 4 102 138 1 105 6 117 118 119 120 121 122 0
1 23 0 0 0 1 133
1 23 0 0 0 0
1 13 2 133 138 1 138 2 132 127 2 127 132
1 26 0 0 0 2 138 133
1 26 0 0 0 2 142 137
2 27 28 4 142 138 137 133 0 3 139 134 76 0
1 29 0 0 0 0
1 29 0 0 0 0
1 31 0 0 1 79 3 139 134 79
1 31 0 0 0 2 142 137
2 32 33 5 142 139 137 134 79 0 3 140 135 81 0
1 34 0 0 0 3 154 151 53
1 34 3 154 130 151 3 154 130 151 3 84 131 87 4 131 87 148 145
1 35 7 131 154 87 151 148 53 145 0 4 152 149 146 143 6 152 149 146 143 140 135
1 4 11 152 154 149 151 146 35 143 140 142 135 137 0 6 153 150 147 144 141 136 6 153 150 147 144 141 136
0 1 148 1 148 0 0
3 1
0 3 0 1 2 3 0 1 2 0 0
176 51
2 1 50 0 0 0 0
2 2 49 1 0 1 0 10 1 2 4 7 9 13 14 16 17 171 0
1 3 0 0 0 1 9
2 4 5 7 9 126 128 156 148 141 14 1 14 10 159 158 157 149 142 20 21 175 132 135 0
0 0 0 1 24 0
2 6 43 4 132 17 159 4 4 132 17 159 4 6 27 29 30 31 32 33 0
2 7 8 2 29 0 2 29 0 14 34 36 37 38 39 40 41 42 43 44 46 47 49 50 0
1 39 0 0 0 3 157 149 142
2 9 10 3 34 29 0 3 34 29 0 12 54 55 56 57 58 59 60 61 62 64 65 67 0
1 38 0 0 0 3 157 149 142
1 11 1 44 1 44 1 72 0
2 12 16 2 152 150 0 2 153 151 0
2 13 14 2 153 72 2 153 72 1 78 0
1 15 0 0 0 0
1 15 0 0 0 0
1 17 0 0 1 81 1 81
1 17 0 0 0 0
2 18 22 1 81 0 1 83 0
2 19 20 3 62 153 65 3 62 153 65 5 84 85 86 87 88 0
1 21 1 153 1 153 1 90 2 90 151
1 21 0 0 0 1 153
1 11 3 153 90 151 0 2 152 150 2 152 150
2 23 36 1 151 1 151 0 0
1 24 1 72 1 72 1 94 2 151 94
2 25 29 4 143 151 136 94 0 2 144 137 0
2 26 27 2 137 44 2 137 44 1 96 0
1 28 0 0 0 0
1 28 0 0 0 0
1 30 0 0 1 99 1 99
1 30 0 0 0 0
2 31 35 1 99 0 1 101 0
2 32 33 3 62 137 65 3 62 137 65 7 102 103 104 105 106 107 108 0
1 34 1 137 1 137 1 110 2 144 110
1 34 0 0 0 1 137
1 24 3 144 137 110 0 2 143 136 2 143 136
1 37 0 0 0 2 144 137
1 37 0 0 0 2 151 142
1 38 4 151 144 142 137 0 3 145 138 114 4 153 145 138 114
1 39 7 153 157 145 149 138 142 114 0 4 154 146 139 115 4 154 146 139 115
2 40 41 7 154 157 146 149 139 142 115 0 4 155 147 140 116 0
1 42 0 0 0 0
1 42 0 0 0 0
1 44 0 0 1 119 4 155 147 140 119
1 44 0 0 0 3 157 149 142
2 45 46 7 157 155 149 147 142 140 119 0 4 156 148 141 121 0
0 1 30 1 30 1 123 0
1 47 3 159 7 158 3 159 7 158 3 125 126 128 0
1 48 0 0 0 0
2 3 49 2 128 2 2 128 2 1 172 5 126 128 156 148 141
0 0 0 1 129 0
0 0 0 1 130 0
2 3
2 1 2 0 0 0 0
0 1 0 1 0 0 0
0 0 0 1 1 0
64 1
0 2 0 1 2 0 1 44 62 3 63 5 6 7 8 9 10 11 12 13 31 32 33 34 35 36 37 43 44 45 46 47 48 49 50 51 55 56 57 58 59 60 61 17 18 19 20 21 22 23 24 25 0
72 7
1 1 0 0 0 0
1 2 0 0 0 0
1 3 0 0 5 6 7 8 9 10 0
1 4 0 0 0 0
1 5 0 0 5 17 18 19 20 21 0
1 6 0 0 0 0
0 3 8 19 0 3 8 19 0 29 28 29 30 31 32 35 38 39 40 41 42 43 47 48 49 50 51 52 61 62 63 64 65 66 67 68 69 70 71 0
116 17
1 1 0 0 2 1 3 0
1 2 0 0 0 0
1 3 0 0 1 9 0
1 4 1 84 0 1 106 0
1 5 0 0 0 0
1 6 0 0 4 16 17 18 19 0
1 7 0 0 0 0
1 8 0 0 4 24 25 26 27 0
1 9 0 0 0 0
1 10 0 0 4 32 33 34 35 0
1 11 0 0 0 0
1 12 0 0 4 40 41 42 43 0
1 13 0 0 0 0
1 14 0 0 4 48 49 50 51 0
1 15 0 0 0 0
2 3 16 7 17 25 33 41 49 106 9 7 17 25 33 41 49 106 9 27 56 57 58 59 63 64 65 66 67 68 69 70 71 72 73 74 75 76 77 78 79 80 81 82 83 84 111 1 84
0 3 9 0 1 3 9 0 1 8 85 114 87 98 99 115 101 102 0
3 1
0 2 0 1 2 0 1 1 2 0
84 9
1 1 0 0 10 0 1 2 3 4 5 6 7 8 9 0
1 2 0 0 0 0
1 3 0 0 0 0
1 4 0 0 5 18 19 20 21 22 0
1 5 0 0 0 0
1 6 0 0 5 29 30 31 32 33 0
1 7 0 0 0 0
1 8 3 20 31 9 3 20 31 9 29 40 41 42 43 44 47 50 51 52 53 54 55 59 60 61 62 63 64 73 74 75 76 77 78 79 80 81 82 83 0
0 1 9 1 9 1 11 0
10 1
0 3 0 2 1 3 0 2 1 7 3 4 5 6 7 8 9 0
116 20
2 1 19 1 0 1 0 9 2 3 7 8 9 10 11 12 13 0
2 2 18 2 0 1 2 0 1 12 14 15 17 18 20 21 112 24 26 90 91 106 0
1 3 0 0 0 1 91
2 4 5 4 91 99 86 15 1 15 13 101 100 33 113 36 37 38 39 40 41 114 93 96 0
0 0 0 1 44 0
2 6 10 5 41 18 33 101 26 5 41 18 33 101 26 13 115 46 47 49 50 53 54 55 56 57 58 59 60 0
2 7 8 3 49 21 1 3 49 21 1 9 61 63 64 65 66 67 68 69 70 0
1 9 0 0 0 0
1 9 0 0 0 0
1 11 0 0 1 73 1 73
1 11 0 0 0 0
2 12 15 1 73 0 1 75 0
2 13 14 2 0 49 2 0 49 3 76 77 78 0
0 1 50 1 50 1 80 0
0 0 0 1 81 0
1 16 3 101 90 100 3 101 90 100 3 83 99 86 0
1 17 0 0 0 0
2 3 18 2 86 24 2 86 24 1 107 2 99 86
0 0 0 1 87 0
0 0 0 1 88 0
90 19
2 1 2 2 1 0 2 1 0 6 4 5 87 7 8 9 0
0 1 3 1 3 1 10 0
2 3 4 2 0 7 2 0 7 11 11 12 16 17 18 19 20 21 22 25 26 0
0 1 3 1 3 1 27 0
2 5 6 2 1 0 2 1 0 6 28 29 88 31 32 33 0
0 1 3 1 3 1 34 0
2 7 8 2 0 31 2 0 31 11 35 36 40 41 42 43 44 45 46 49 50 0
0 1 3 1 3 1 51 0
2 9 10 1 1 1 1 3 89 53 55 0
1 14 0 0 0 0
2 11 12 2 0 53 2 0 53 5 59 60 61 62 63 0
1 13 0 0 0 0
1 13 0 0 0 0
1 14 0 0 1 66 1 66
2 15 16 1 66 0 1 67 0
0 1 3 1 3 1 68 0
2 17 18 2 0 53 2 0 53 3 71 72 73 0
0 2 3 53 2 3 53 2 76 77 0
0 4 0 2 3 53 4 0 2 3 53 7 80 81 82 83 84 85 86 0
10 1
0 1 0 1 0 8 1 3 4 5 6 7 8 9 0
1 1
0 0 0 0 0
10 1
0 1 0 1 0 8 1 3 4 5 6 7 8 9 0
11 1
0 1 0 1 0 9 1 3 4 5 6 7 8 9 10 0
11 1
0 1 0 1 0 9 1 3 4 5 6 7 8 9 10 0
15 1
0 1 0 1 0 11 1 3 4 5 6 7 8 10 11 12 14 0
15 1
0 1 0 1 0 11 1 3 4 5 6 7 8 10 11 12 14 0
59 8
2 1 2 1 0 1 0 8 26 28 29 30 31 32 33 34 0
1 3 2 26 0 2 26 0 10 37 38 39 40 41 42 44 45 46 48 1 48
1 3 0 0 0 1 0
2 4 5 2 48 0 0 11 3 49 51 52 53 54 55 56 57 58 7 0
0 0 0 0 0
2 6 7 2 49 3 2 49 3 11 11 12 13 14 15 16 18 19 20 22 24 0
0 0 0 0 0
0 1 22 1 22 0 0
48 10
2 1 2 1 0 1 0 8 14 16 17 18 19 20 21 22 0
1 3 2 14 0 2 14 0 10 25 26 27 28 29 30 32 33 34 36 1 36
1 3 0 0 0 1 0
1 4 2 36 0 0 1 3 0
1 5 0 0 0 1 3
2 6 7 3 3 39 37 0 4 40 38 8 11 0
1 8 0 0 0 1 40
1 8 0 0 0 2 8 38
2 5 9 3 8 40 38 0 3 39 37 46 2 39 37
0 1 39 1 39 0 0
14 1
0 1 0 1 0 10 4 6 7 8 9 10 11 12 13 3 0
15 1
0 1 0 1 0 11 1 3 4 5 6 7 8 10 11 12 14 0
15 1
0 1 0 1 0 11 1 3 4 5 6 7 8 10 11 12 14 0
20 3
2 1 2 1 0 1 0 12 6 8 9 10 11 12 13 15 16 17 19 4 0
0 0 0 1 5 0
0 1 19 1 19 0 0
16 1
0 1 0 1 0 11 2 4 5 6 7 8 9 11 12 13 15 0
37 9
2 1 8 2 0 2 2 0 2 10 18 20 21 22 23 24 25 26 27 6 0
2 2 7 3 18 0 1 3 18 0 1 8 30 31 32 33 34 35 36 8 0
2 3 6 2 0 3 2 0 3 2 9 10 0
2 4 5 2 0 4 2 0 4 2 11 12 0
0 0 0 0 0
0 0 0 0 0
0 0 0 0 0
0 0 0 0 0
0 0 0 0 0
568 147
2 1 2 0 0 33 0 1 2 4 5 7 8 10 11 13 14 16 19 22 24 26 28 29 32 34 36 37 39 40 42 45 46 48 49 51 52 56 57 0
1 3 0 0 0 0
1 3 0 0 0 0
1 4 0 0 1 519 0
2 5 8 1 19 1 19 1 357 0
2 6 7 1 19 1 19 1 359 0
1 9 0 0 0 0
1 10 0 0 0 0
1 10 0 0 0 0
1 11 0 0 0 1 519
1 11 0 0 0 0
2 12 13 3 519 19 22 2 19 22 3 518 65 66 0
1 14 0 0 0 1 518
1 14 0 0 0 0
2 15 16 3 518 19 2 2 19 2 3 517 70 71 0
1 17 0 0 0 1 517
1 17 0 0 0 0
2 18 19 2 517 19 1 19 5 516 75 76 77 78 0
1 20 0 0 0 1 516
1 20 0 0 0 0
2 21 22 2 516 34 1 34 2 515 85 0
1 23 0 0 0 1 515
1 23 0 0 0 0
2 24 25 2 515 40 1 40 2 514 92 0
1 26 0 0 0 1 514
1 26 0 0 0 0
2 27 28 2 514 46 1 46 2 513 99 0
1 29 0 0 0 1 513
1 29 0 0 0 0
2 30 31 2 513 49 1 49 2 512 106 0
1 32 0 0 0 1 512
1 32 0 0 0 0
2 33 34 2 512 52 1 52 2 511 113 0
1 35 0 0 0 1 511
1 35 0 0 0 0
2 36 37 3 511 34 40 2 34 40 3 510 117 118 0
1 38 0 0 0 1 510
1 38 0 0 0 0
2 39 40 2 510 34 1 34 4 509 122 123 124 0
1 41 0 0 0 1 509
1 41 0 0 0 0
2 42 43 2 509 34 1 34 4 508 130 131 132 0
1 44 0 0 0 1 508
1 44 0 0 0 0
2 45 46 2 508 49 1 49 4 507 138 139 140 0
1 47 0 0 0 1 507
1 47 0 0 0 0
2 48 49 2 507 52 1 52 11 506 382 384 385 386 387 388 389 390 391 146 0
1 50 0 0 0 1 506
1 50 0 0 0 0
2 51 52 4 506 382 52 8 3 382 52 8 12 505 394 395 396 397 398 399 401 402 403 405 151 0
1 53 0 0 0 1 505
1 53 0 0 0 0
2 54 55 4 505 382 399 11 3 382 399 11 11 504 408 409 410 411 412 415 416 417 419 156 0
1 56 0 0 0 1 504
1 56 0 0 0 0
2 57 58 3 504 52 14 2 52 14 3 503 160 161 0
1 59 0 0 0 1 503
1 59 0 0 0 0
2 60 61 3 503 382 52 2 382 52 10 502 425 426 427 428 429 430 431 432 422 0
1 62 0 0 0 1 502
1 62 0 0 0 0
2 63 64 3 502 382 52 2 382 52 9 501 435 436 437 438 439 440 441 170 0
1 65 0 0 0 1 501
1 65 0 0 0 0
2 66 67 1 501 0 5 500 174 175 176 177 0
1 68 0 0 0 1 500
1 68 0 0 0 0
2 69 70 1 500 0 5 499 180 181 182 183 0
1 71 0 0 0 1 499
1 71 0 0 0 0
2 72 73 2 499 16 1 16 3 498 186 187 0
1 74 0 0 0 1 498
1 74 0 0 0 0
2 75 76 1 498 0 5 497 191 192 193 194 0
1 77 0 0 0 1 497
1 77 0 0 0 0
2 78 82 1 497 0 5 496 197 198 199 200 0
2 79 80 2 198 2 2 198 2 2 201 202 0
1 81 0 0 0 1 496
1 81 0 0 0 0
1 83 1 496 0 1 495 1 495
1 83 0 0 0 0
2 84 85 5 495 8 11 14 5 4 8 11 14 5 15 494 207 208 210 213 214 216 217 219 220 222 223 225 226 228 0
1 86 0 0 0 1 494
1 86 0 0 0 0
2 87 88 3 494 217 220 2 217 220 2 493 232 0
1 89 0 0 0 1 493
1 89 0 0 0 0
2 90 91 3 493 217 8 2 217 8 13 492 442 444 445 446 447 448 449 451 452 453 455 237 0
1 92 0 0 0 1 492
1 92 0 0 0 0
2 93 94 4 492 442 449 11 3 442 449 11 11 491 458 459 460 461 462 465 466 467 469 242 0
1 95 0 0 0 1 491
1 95 0 0 0 0
2 96 97 3 491 223 226 2 223 226 2 490 246 0
1 98 0 0 0 1 490
1 98 0 0 0 0
2 99 100 3 490 223 208 2 223 208 3 489 250 251 0
1 101 0 0 0 1 489
1 101 0 0 0 0
2 102 103 2 489 223 1 223 4 488 257 258 259 0
1 104 0 0 0 1 488
1 104 0 0 0 0
2 105 109 1 488 0 5 487 263 264 265 266 0
2 106 107 2 264 208 2 264 208 2 267 268 0
1 108 0 0 0 1 487
1 108 0 0 0 0
1 110 1 487 0 1 486 1 486
1 110 0 0 0 0
2 111 112 1 486 0 5 485 273 274 275 276 0
1 113 0 0 0 0
1 113 0 0 0 1 485
2 114 115 2 485 208 1 208 4 484 279 280 285 0
1 116 0 0 0 1 484
1 116 0 0 0 0
2 117 118 3 484 280 16 2 280 16 2 483 289 0
1 119 0 0 0 1 483
1 119 0 0 0 0
2 120 121 3 483 280 208 2 280 208 3 482 293 294 0
1 122 0 0 0 1 482
1 122 0 0 0 0
2 123 127 1 482 0 5 481 298 299 300 301 0
2 124 125 2 299 280 2 299 280 2 302 303 0
1 126 0 0 0 1 481
1 126 0 0 0 0
1 128 1 481 0 1 480 1 480
1 128 0 0 0 0
2 129 130 2 480 16 1 16 6 479 308 309 310 312 313 0
1 131 0 0 0 1 479
1 131 0 0 0 0
2 132 133 2 479 310 1 310 2 478 320 0
1 134 0 0 0 1 478
1 134 0 0 0 0
2 135 136 2 478 310 1 310 4 477 324 325 326 0
1 137 0 0 0 1 477
1 137 0 0 0 0
2 138 139 1 477 0 6 476 331 332 333 335 337 0
1 140 0 0 0 1 476
1 140 0 0 0 0
2 141 142 2 476 333 1 333 2 475 344 0
1 143 0 0 0 1 475
1 143 0 0 0 0
2 144 145 2 475 333 1 333 4 474 348 349 350 0
1 146 0 0 0 1 474
1 146 0 0 0 0
0 1 474 0 2 473 355 0
58 19
2 1 17 0 0 11 0 1 5 9 13 17 19 21 22 26 28 0
2 2 15 2 5 9 2 5 9 2 29 30 0
2 3 13 2 22 26 2 22 26 1 31 0
2 4 11 1 26 1 26 3 32 33 34 0
2 5 9 1 5 1 5 3 35 36 37 0
2 6 7 1 17 1 17 3 40 41 42 0
1 8 0 0 0 0
1 8 0 0 0 0
1 10 0 0 1 45 1 45
1 10 0 0 0 0
1 12 1 45 0 1 47 1 47
1 12 0 0 0 0
1 14 1 47 0 1 49 1 49
1 14 0 0 0 0
1 16 1 49 0 1 51 1 51
1 16 0 0 0 0
1 18 1 51 0 1 53 1 53
1 18 0 0 0 0
0 1 53 0 2 55 57 0
37 10
2 1 8 0 0 12 0 1 3 5 6 9 11 13 14 16 17 19 0
2 2 6 1 11 1 11 3 20 21 22 0
2 3 4 1 11 1 11 3 25 26 27 0
1 5 0 0 0 0
1 5 0 0 0 0
1 7 0 0 1 30 1 30
1 7 0 0 0 0
1 9 1 30 0 1 32 1 32
1 9 0 0 0 0
0 1 32 0 2 34 36 0
66 19
2 1 2 0 0 11 0 1 2 4 5 7 9 10 14 15 16 0
1 3 0 0 0 0
1 3 0 0 0 0
2 4 5 1 2 1 2 4 58 20 21 22 0
1 6 0 0 0 1 58
1 6 0 0 0 0
2 7 8 2 58 5 1 5 4 57 26 27 28 0
1 9 0 0 0 1 57
1 9 0 0 0 0
2 10 11 2 57 2 1 2 4 56 34 35 36 0
1 12 0 0 0 1 56
1 12 0 0 0 0
2 13 14 1 56 0 5 55 40 41 42 43 0
1 15 0 0 0 1 55
1 15 0 0 0 0
2 16 17 2 55 7 1 7 4 54 46 47 48 0
1 18 0 0 0 1 54
1 18 0 0 0 0
0 1 54 0 2 53 52 0
50 10
2 1 2 0 0 19 0 1 2 3 5 6 7 12 13 35 37 38 39 40 41 42 15 16 17 0
1 3 0 0 0 0
1 3 0 0 0 0
2 4 5 0 0 5 45 21 22 23 24 0
1 6 0 0 0 1 45
1 6 0 0 0 0
2 7 8 2 45 7 1 7 4 44 27 28 29 0
1 9 0 0 0 1 44
1 9 0 0 0 0
0 1 44 0 3 43 33 34 0
519 84
2 1 5 0 0 107 0 1 2 3 4 5 6 7 8 9 10 11 12 13 14 15 16 17 18 19 20 21 23 24 25 26 27 28 29 30 31 32 33 34 35 36 37 38 39 40 41 42 43 44 46 47 49 50 52 53 55 56 515 364 368 369 370 371 372 373 374 60 61 62 63 64 65 66 67 68 69 70 72 73 74 75 76 77 78 79 80 81 82 83 84 90 91 92 93 94 96 97 98 99 100 102 103 107 108 109 110 111 112 113 114 115 116 0
2 2 3 2 113 47 2 113 47 3 117 118 119 0
1 4 0 0 0 0
1 4 0 0 0 0
1 6 0 0 1 483 1 483
1 6 0 0 0 0
2 7 17 3 483 70 94 2 70 94 11 482 124 125 126 127 128 129 130 131 132 133 0
2 8 9 1 130 1 130 7 134 135 136 137 138 139 141 0
1 10 0 0 0 1 482
1 10 0 0 0 0
2 11 15 2 482 137 1 137 2 481 146 0
2 12 13 2 139 47 2 139 47 1 148 0
1 14 0 0 0 1 481
1 14 0 0 0 0
1 16 1 481 0 1 480 1 480
1 16 0 0 0 0
1 18 1 480 0 1 479 1 479
1 18 0 0 0 0
2 19 26 3 479 70 94 2 70 94 11 478 154 155 156 157 158 159 160 161 162 163 0
2 20 21 1 160 1 160 5 164 165 166 167 171 0
1 22 0 0 0 1 478
1 22 0 0 0 0
2 23 24 2 478 167 1 167 2 477 176 0
1 25 0 0 0 1 477
1 25 0 0 0 0
1 27 1 477 0 1 476 1 476
1 27 0 0 0 0
2 28 32 3 476 70 94 2 70 94 11 475 180 181 182 183 184 185 186 187 188 189 0
2 29 30 1 186 1 186 3 190 191 196 0
1 31 0 0 0 1 475
1 31 0 0 0 0
1 33 1 475 0 1 474 1 474
1 33 0 0 0 0
2 34 41 3 474 70 94 2 70 94 11 473 200 201 202 203 204 205 206 207 208 209 0
2 35 39 1 206 1 206 3 210 211 216 0
2 36 37 2 206 50 2 206 50 3 212 213 218 0
1 38 0 0 0 1 473
1 38 0 0 0 0
1 40 1 473 0 1 472 1 472
1 40 0 0 0 0
1 42 1 472 0 1 471 1 471
1 42 0 0 0 0
2 43 50 3 471 70 94 2 70 94 11 470 224 225 226 227 228 229 230 231 232 233 0
2 44 48 1 230 1 230 3 234 235 240 0
2 45 46 2 230 53 2 230 53 3 236 237 242 0
1 47 0 0 0 1 470
1 47 0 0 0 0
1 49 1 470 0 1 469 1 469
1 49 0 0 0 0
1 51 1 469 0 1 468 1 468
1 51 0 0 0 0
2 52 59 3 468 70 94 2 70 94 11 467 248 249 250 251 252 253 254 255 256 257 0
2 53 57 1 254 1 254 3 258 259 264 0
2 54 55 2 254 56 2 254 56 3 260 261 266 0
1 56 0 0 0 1 467
1 56 0 0 0 0
1 58 1 467 0 1 466 1 466
1 58 0 0 0 0
1 60 1 466 0 1 465 1 465
1 60 0 0 0 0
2 61 62 3 465 84 100 2 84 100 11 464 272 273 274 275 276 277 278 279 280 281 0
1 63 0 0 0 1 464
1 63 0 0 0 0
2 64 65 2 464 70 1 70 22 463 284 285 286 287 289 290 291 292 293 294 295 296 297 298 299 300 301 302 303 304 305 0
1 66 0 0 0 1 463
1 66 0 0 0 0
1 67 1 463 0 1 462 0
2 68 69 2 21 374 2 21 374 36 516 377 381 382 383 384 385 386 387 388 395 396 397 398 399 400 402 403 404 405 406 407 517 409 410 411 446 447 451 452 453 454 455 456 457 413 0
1 70 1 21 1 21 3 518 415 416 0
1 70 0 0 0 0
1 71 2 21 374 2 21 374 18 420 421 422 424 427 428 429 430 431 432 433 434 439 440 441 442 443 444 0
2 72 73 2 70 94 2 70 94 10 309 310 311 312 313 314 315 316 317 318 0
1 74 0 0 0 1 462
1 74 0 0 0 0
2 75 82 2 462 21 1 21 27 461 321 322 323 324 325 326 327 328 329 330 331 333 334 335 336 337 339 340 341 342 343 344 345 346 347 348 0
2 76 80 1 345 1 345 3 349 350 355 0
2 77 78 2 345 47 2 345 47 3 351 352 357 0
1 79 0 0 0 1 461
1 79 0 0 0 0
1 81 1 461 0 1 460 1 460
1 81 0 0 0 0
1 83 1 460 0 1 459 1 459
1 83 0 0 0 0
0 1 459 0 1 458 0
531 119
2 1 2 0 0 20 0 1 2 4 5 7 8 10 11 13 14 16 17 19 20 22 23 29 30 31 0
1 3 0 0 0 0
1 3 0 0 0 0
2 4 5 1 2 1 2 13 500 204 206 207 208 209 210 211 213 214 215 217 36 0
1 6 0 0 0 1 500
1 6 0 0 0 0
2 7 8 3 500 204 211 2 204 211 11 499 220 221 222 223 224 227 228 229 231 42 0
1 9 0 0 0 1 499
1 9 0 0 0 0
2 10 11 3 499 204 2 2 204 2 10 498 234 235 236 237 238 239 240 241 48 0
1 12 0 0 0 1 498
1 12 0 0 0 0
2 13 14 3 498 204 2 2 204 2 11 497 247 248 249 250 251 252 253 254 244 53 0
1 15 0 0 0 1 497
1 15 0 0 0 0
2 16 17 2 497 5 1 5 4 496 59 60 61 0
1 18 0 0 0 1 496
1 18 0 0 0 0
2 19 20 2 496 5 1 5 11 495 255 257 258 259 260 261 262 263 264 67 0
1 21 0 0 0 1 495
1 21 0 0 0 0
2 22 23 2 495 8 1 8 4 494 73 74 75 0
1 24 0 0 0 1 494
1 24 0 0 0 0
2 25 26 2 494 11 1 11 4 493 81 82 83 0
1 27 0 0 0 1 493
1 27 0 0 0 0
2 28 29 2 493 14 1 14 4 492 89 90 91 0
1 30 0 0 0 1 492
1 30 0 0 0 0
2 31 32 2 492 17 1 17 4 491 97 98 99 0
1 33 0 0 0 1 491
1 33 0 0 0 0
2 34 35 2 491 20 1 20 11 490 265 267 268 269 270 271 272 273 274 105 0
1 36 0 0 0 1 490
1 36 0 0 0 0
2 37 38 3 490 265 20 2 265 20 10 489 280 281 282 283 284 285 286 287 277 0
1 39 0 0 0 1 489
1 39 0 0 0 0
2 40 41 3 489 265 20 2 265 20 14 488 290 291 292 293 294 295 297 298 299 301 114 115 116 0
1 42 0 0 0 1 488
1 42 0 0 0 0
2 43 44 2 488 20 1 20 5 487 120 121 122 123 0
1 45 0 0 0 1 487
1 45 0 0 0 0
2 46 47 2 487 20 1 20 5 486 127 128 129 130 0
1 48 0 0 0 1 486
1 48 0 0 0 0
2 49 50 2 486 23 1 23 11 485 302 304 305 306 307 308 309 310 311 136 0
1 51 0 0 0 1 485
1 51 0 0 0 0
2 52 53 3 485 302 23 2 302 23 14 484 314 315 316 317 318 319 321 322 323 325 141 142 143 0
1 54 0 0 0 1 484
1 54 0 0 0 0
2 55 56 3 484 302 319 2 302 319 24 483 328 329 330 331 332 335 336 337 339 340 342 343 344 345 346 347 349 350 351 353 149 150 151 0
1 57 0 0 0 1 483
1 57 0 0 0 0
2 58 59 2 483 23 1 23 5 482 155 156 157 158 0
1 60 0 0 0 1 482
1 60 0 0 0 0
2 61 62 2 482 23 1 23 5 481 162 163 164 165 0
1 63 0 0 0 1 481
1 63 0 0 0 0
2 64 65 3 481 265 20 2 265 20 10 480 359 360 361 362 363 364 365 366 356 0
1 66 0 0 0 1 480
1 66 0 0 0 0
2 67 68 3 480 265 20 2 265 20 10 479 369 370 371 372 373 374 375 376 175 0
1 69 0 0 0 1 479
1 69 0 0 0 0
1 70 1 479 0 1 478 0
2 71 87 0 0 11 377 378 382 386 390 394 396 398 399 403 405 0
2 72 85 2 382 386 2 382 386 2 406 407 0
2 73 83 2 399 403 2 399 403 1 408 0
2 74 81 1 403 1 403 3 409 410 411 0
2 75 79 1 382 1 382 3 412 413 414 0
2 76 77 1 394 1 394 3 417 418 419 0
1 78 0 0 0 0
1 78 0 0 0 0
1 80 0 0 1 422 1 422
1 80 0 0 0 0
1 82 1 422 0 1 424 1 424
1 82 0 0 0 0
1 84 1 424 0 1 426 1 426
1 84 0 0 0 0
1 86 1 426 0 1 428 1 428
1 86 0 0 0 0
1 88 1 428 0 1 430 1 430
1 88 0 0 0 0
1 89 1 430 0 2 432 434 0
2 90 91 1 432 1 432 0 0
1 92 0 0 0 1 478
1 92 0 0 0 0
2 93 94 1 478 0 2 477 183 0
1 95 0 0 0 1 477
1 95 0 0 0 0
1 96 1 477 0 1 476 0
2 97 104 0 0 12 435 436 438 440 441 444 446 448 449 451 452 454 0
2 98 102 1 446 1 446 3 455 456 457 0
2 99 100 1 446 1 446 3 460 461 462 0
1 101 0 0 0 0
1 101 0 0 0 0
1 103 0 0 1 465 1 465
1 103 0 0 0 0
1 105 1 465 0 1 467 1 467
1 105 0 0 0 0
1 106 1 467 0 2 469 471 0
2 107 108 1 469 1 469 0 0
1 109 0 0 0 1 476
1 109 0 0 0 0
2 110 111 1 476 0 2 475 191 0
1 112 0 0 0 1 475
1 112 0 0 0 0
2 113 114 1 475 0 2 474 195 0
1 115 0 0 0 1 474
1 115 0 0 0 0
2 116 117 1 474 0 2 473 199 0
1 118 0 0 0 1 473
1 118 0 0 0 0
0 1 473 0 2 472 203 0
10 3
1 1 0 0 0 0
1 2 0 0 0 0
0 0 0 5 5 6 7 8 9 0
226 16
1 1 0 0 0 0
1 2 0 0 0 0
1 3 0 0 5 6 7 8 9 10 0
1 4 0 0 0 0
1 5 0 0 5 17 18 19 20 21 0
1 6 0 0 0 0
1 7 2 8 19 2 8 19 18 28 29 30 31 32 130 41 42 131 44 45 55 65 75 81 82 84 85 0
2 8 12 1 82 1 82 1 132 0
2 9 11 0 0 2 221 222 0
2 10 11 1 221 1 221 1 223 0
2 10 11 3 219 85 221 2 85 221 34 140 143 144 148 149 153 154 158 159 163 164 168 169 173 174 178 179 183 184 188 189 193 194 198 199 203 204 208 209 213 214 218 219 225 1 219
2 11 13 3 137 219 85 1 85 4 133 136 137 139 1 137
2 12 13 3 88 82 85 2 82 85 6 116 79 83 86 88 123 1 88
1 14 0 0 0 0
2 14 15 2 102 28 1 28 5 114 93 100 102 129 1 102
0 4 0 8 19 30 4 0 8 19 30 3 103 104 105 0
13 1
0 1 0 1 0 9 1 2 6 7 8 9 10 11 12 0
13 1
0 2 0 1 2 0 1 8 2 3 7 8 9 10 11 12 0
13 1
0 1 0 1 0 9 1 2 6 7 8 9 10 11 12 0
13 1
0 1 0 1 0 9 1 2 6 7 8 9 10 11 12 0
15 1
0 1 0 1 0 10 1 2 6 7 8 9 10 11 12 14 0
46 4
2 1 2 4 0 1 2 3 4 0 1 2 3 18 43 5 9 10 11 12 13 14 44 16 20 21 22 23 24 25 45 27 0
1 3 0 0 0 0
1 3 0 0 0 0
0 1 27 1 27 7 31 34 35 36 37 38 39 0
13 1
0 2 0 1 2 0 1 10 2 3 4 6 7 8 9 10 11 12 0
6 1
0 1 0 1 0 5 1 2 3 4 5 0
13 1
0 3 0 1 2 3 0 1 2 9 3 4 5 7 8 9 10 11 12 0
10 1
0 1 0 1 0 8 1 3 4 5 6 7 8 9 0
10 1
0 2 0 1 2 0 1 7 2 4 5 6 7 8 9 0
39 3
1 1 0 0 0 0
2 1 2 2 17 0 1 0 19 31 5 6 18 20 21 22 23 24 25 26 10 11 12 13 14 15 17 38 1 17
0 0 0 0 0
39 3
1 1 0 0 0 0
2 1 2 2 18 0 1 0 19 31 5 6 7 9 10 11 12 13 14 15 21 22 23 24 25 26 18 38 1 18
0 0 0 0 0
17 1
0 1 0 1 0 8 6 7 11 12 13 14 15 16 0
4256 1
0 1 0 1 0 2433 609 610 614 615 616 617 618 619 2 3953 621 624 625 626 627 628 629 3954 631 634 635 636 637 638 639 3955 641 644 645 646 647 648 649 3956 651 654 655 656 657 658 659 3957 661 664 665 666 667 668 669 3958 671 674 675 676 677 678 679 3959 681 684 685 686 687 688 689 3960 691 694 695 696 697 698 699 3961 701 704 705 706 707 708 709 3962 711 714 715 716 717 718 719 3963 721 724 725 726 727 728 729 3964 731 734 735 736 737 738 739 3965 741 744 745 746 747 748 749 3966 751 754 755 756 757 758 759 3967 761 764 765 766 767 768 769 3968 771 774 775 776 777 778 779 3969 781 784 785 786 787 788 789 3970 791 794 795 796 797 798 799 3971 801 804 805 806 807 808 809 3972 811 814 815 816 817 818 819 3973 821 824 825 826 827 828 829 3974 831 834 835 836 837 838 839 3975 841 844 845 846 847 848 849 3976 851 854 855 856 857 858 859 3977 861 864 865 866 867 868 869 3978 871 874 875 876 877 878 879 3979 881 884 885 886 887 888 889 3980 891 894 895 896 897 898 899 3981 901 904 905 906 907 908 909 3982 911 914 915 916 917 918 919 3983 921 924 925 926 927 928 929 3984 931 934 935 936 937 938 939 3985 941 944 945 946 947 948 949 3986 951 954 955 956 957 958 959 3987 961 964 965 966 967 968 969 3988 971 974 975 976 977 978 979 3989 981 984 985 986 987 988 989 3990 991 994 995 996 997 998 999 3991 1001 1004 1005 1006 1007 1008 1009 3992 1011 1014 1015 1016 1017 1018 1019 3993 1021 1024 1025 1026 1027 1028 1029 3994 1031 1034 1035 1036 1037 1038 1039 3995 1041 1044 1045 1046 1047 1048 1049 3996 1051 1054 1055 1056 1057 1058 1059 3997 1061 1064 1065 1066 1067 1068 1069 3998 1071 1074 1075 1076 1077 1078 1079 3999 1081 1084 1085 1086 1087 1088 1089 4000 1091 1094 1095 1096 1097 1098 1099 4001 1101 1104 1105 1106 1107 1108 1109 4002 1111 1114 1115 1116 1117 1118 1119 4003 1121 1124 1125 1126 1127 1128 1129 4004 1131 1134 1135 1136 1137 1138 1139 4005 1141 1144 1145 1146 1147 1148 1149 4006 1151 1154 1155 1156 1157 1158 1159 4007 1161 1164 1165 1166 1167 1168 1169 4008 1171 1174 1175 1176 1177 1178 1179 4009 1181 1184 1185 1186 1187 1188 1189 4010 1191 1194 1195 1196 1197 1198 1199 4011 1201 1204 1205 1206 1207 1208 1209 4012 1211 1214 1215 1216 1217 1218 1219 4013 1221 1224 1225 1226 1227 1228 1229 4014 1231 1234 1235 1236 1237 1238 1239 4015 1241 1244 1245 1246 1247 1248 1249 4016 1251 1254 1255 1256 1257 1258 1259 4017 1261 1264 1265 1266 1267 1268 1269 4018 1271 1274 1275 1276 1277 1278 1279 4019 1281 1284 1285 1286 1287 1288 1289 4020 1291 1294 1295 1296 1297 1298 1299 4021 1301 1304 1305 1306 1307 1308 1309 4022 1311 1314 1315 1316 1317 1318 1319 4023 1321 1324 1325 1326 1327 1328 1329 4024 1331 1334 1335 1336 1337 1338 1339 4025 1341 1344 1345 1346 1347 1348 1349 4026 1351 1354 1355 1356 1357 1358 1359 4027 1361 1364 1365 1366 1367 1368 1369 4028 1371 1374 1375 1376 1377 1378 1379 4029 1381 1384 1385 1386 1387 1388 1389 4030 1391 1394 1395 1396 1397 1398 1399 4031 1401 1404 1405 1406 1407 1408 1409 4032 1411 1414 1415 1416 1417 1418 1419 4033 1421 1424 1425 1426 1427 1428 1429 4034 1431 1434 1435 1436 1437 1438 1439 4035 1441 1444 1445 1446 1447 1448 1449 4036 1451 1454 1455 1456 1457 1458 1459 4037 1461 1464 1465 1466 1467 1468 1469 4038 1471 1474 1475 1476 1477 1478 1479 4039 1481 1484 1485 1486 1487 1488 1489 4040 1491 1494 1495 1496 1497 1498 1499 4041 1501 1504 1505 1506 1507 1508 1509 4042 1511 1514 1515 1516 1517 1518 1519 4043 1521 1524 1525 1526 1527 1528 1529 4044 1531 1534 1535 1536 1537 1538 1539 4045 1541 1544 1545 1546 1547 1548 1549 4046 1551 1554 1555 1556 1557 1558 1559 4047 1561 1564 1565 1566 1567 1568 1569 4048 1571 1574 1575 1576 1577 1578 1579 4049 1581 1584 1585 1586 1587 1588 1589 4050 1591 1594 1595 1596 1597 1598 1599 4051 1601 1604 1605 1606 1607 1608 1609 4052 1611 1614 1615 1616 1617 1618 1619 4053 1621 1624 1625 1626 1627 1628 1629 4054 1631 1634 1635 1636 1637 1638 1639 4055 1641 1644 1645 1646 1647 1648 1649 4056 1651 1654 1655 1656 1657 1658 1659 4057 1661 1664 1665 1666 1667 1668 1669 4058 1671 1674 1675 1676 1677 1678 1679 4059 1681 1684 1685 1686 1687 1688 1689 4060 1691 1694 1695 1696 1697 1698 1699 4061 1701 1704 1705 1706 1707 1708 1709 4062 1711 1714 1715 1716 1717 1718 1719 4063 1721 1724 1725 1726 1727 1728 1729 4064 1731 1734 1735 1736 1737 1738 1739 4065 1741 1744 1745 1746 1747 1748 1749 4066 1751 1754 1755 1756 1757 1758 1759 4067 1761 1764 1765 1766 1767 1768 1769 4068 1771 1774 1775 1776 1777 1778 1779 4069 1781 1784 1785 1786 1787 1788 1789 4070 1791 1794 1795 1796 1797 1798 1799 4071 1801 1804 1805 1806 1807 1808 1809 4072 1811 1814 1815 1816 1817 1818 1819 4073 1821 1824 1825 1826 1827 1828 1829 4074 1831 1834 1835 1836 1837 1838 1839 4075 1841 1844 1845 1846 1847 1848 1849 4076 1851 1854 1855 1856 1857 1858 1859 4077 1861 1864 1865 1866 1867 1868 1869 4078 1871 1874 1875 1876 1877 1878 1879 4079 1881 1884 1885 1886 1887 1888 1889 4080 1891 1894 1895 1896 1897 1898 1899 4081 1901 1904 1905 1906 1907 1908 1909 4082 1911 1914 1915 1916 1917 1918 1919 4083 1921 1924 1925 1926 1927 1928 1929 4084 1931 1934 1935 1936 1937 1938 1939 4085 1941 1944 1945 1946 1947 1948 1949 4086 1951 1954 1955 1956 1957 1958 1959 4087 1961 1964 1965 1966 1967 1968 1969 4088 1971 1974 1975 1976 1977 1978 1979 4089 1981 1984 1985 1986 1987 1988 1989 4090 1991 1994 1995 1996 1997 1998 1999 4091 2001 2004 2005 2006 2007 2008 2009 4092 2011 2014 2015 2016 2017 2018 2019 4093 2021 2024 2025 2026 2027 2028 2029 4094 2031 2034 2035 2036 2037 2038 2039 4095 2041 2044 2045 2046 2047 2048 2049 4096 2051 2054 2055 2056 2057 2058 2059 4097 2061 2064 2065 2066 2067 2068 2069 4098 2071 2074 2075 2076 2077 2078 2079 4099 2081 2084 2085 2086 2087 2088 2089 4100 2091 2094 2095 2096 2097 2098 2099 4101 2101 2104 2105 2106 2107 2108 2109 4102 2111 2114 2115 2116 2117 2118 2119 4103 2121 2124 2125 2126 2127 2128 2129 4104 2131 2134 2135 2136 2137 2138 2139 4105 2141 2144 2145 2146 2147 2148 2149 4106 2151 2154 2155 2156 2157 2158 2159 4107 2161 2164 2165 2166 2167 2168 2169 4108 2171 2174 2175 2176 2177 2178 2179 4109 2181 2184 2185 2186 2187 2188 2189 4110 2191 2194 2195 2196 2197 2198 2199 4111 2201 2204 2205 2206 2207 2208 2209 4112 2211 2214 2215 2216 2217 2218 2219 4113 2221 2224 2225 2226 2227 2228 2229 4114 2231 2234 2235 2236 2237 2238 2239 4115 2241 2244 2245 2246 2247 2248 2249 4116 2251 2254 2255 2256 2257 2258 2259 4117 2261 2264 2265 2266 2267 2268 2269 4118 2271 2274 2275 2276 2277 2278 2279 4119 2281 2284 2285 2286 2287 2288 2289 4120 2291 2294 2295 2296 2297 2298 2299 4121 2301 2304 2305 2306 2307 2308 2309 4122 2311 2314 2315 2316 2317 2318 2319 4123 2321 2324 2325 2326 2327 2328 2329 4124 2331 2334 2335 2336 2337 2338 2339 4125 2341 2344 2345 2346 2347 2348 2349 4126 2351 2354 2355 2356 2357 2358 2359 4127 2361 2364 2365 2366 2367 2368 2369 4128 2371 2374 2375 2376 2377 2378 2379 4129 2381 2384 2385 2386 2387 2388 2389 4130 2391 2394 2395 2396 2397 2398 2399 4131 2401 2404 2405 2406 2407 2408 2409 4132 2411 2414 2415 2416 2417 2418 2419 4133 2421 2424 2425 2426 2427 2428 2429 4134 2431 2434 2435 2436 2437 2438 2439 4135 2441 2444 2445 2446 2447 2448 2449 4136 2451 2454 2455 2456 2457 2458 2459 4137 2461 2464 2465 2466 2467 2468 2469 4138 2471 2474 2475 2476 2477 2478 2479 4139 2481 2484 2485 2486 2487 2488 2489 4140 2491 2494 2495 2496 2497 2498 2499 4141 2501 2504 2505 2506 2507 2508 2509 4142 2511 2514 2515 2516 2517 2518 2519 4143 2521 2524 2525 2526 2527 2528 2529 4144 2531 2534 2535 2536 2537 2538 2539 4145 2541 2544 2545 2546 2547 2548 2549 4146 2551 2554 2555 2556 2557 2558 2559 4147 2561 2564 2565 2566 2567 2568 2569 4148 2571 2574 2575 2576 2577 2578 2579 4149 2581 2584 2585 2586 2587 2588 2589 4150 2591 2594 2595 2596 2597 2598 2599 4151 2601 2604 2605 2606 2607 2608 2609 4152 2611 2614 2615 2616 2617 2618 2619 4153 2621 2624 2625 2626 2627 2628 2629 4154 2631 2634 2635 2636 2637 2638 2639 4155 2641 2644 2645 2646 2647 2648 2649 4156 2651 2654 2655 2656 2657 2658 2659 4157 2661 2664 2665 2666 2667 2668 2669 4158 2671 2674 2675 2676 2677 2678 2679 4159 2681 2684 2685 2686 2687 2688 2689 4160 2691 2694 2695 2696 2697 2698 2699 4161 2701 2704 2705 2706 2707 2708 2709 4162 2711 2714 2715 2716 2717 2718 2719 4163 2721 2724 2725 2726 2727 2728 2729 4164 2731 2734 2735 2736 2737 2738 2739 4165 2741 2744 2745 2746 2747 2748 2749 4166 2751 2754 2755 2756 2757 2758 2759 4167 2761 2764 2765 2766 2767 2768 2769 4168 2771 2774 2775 2776 2777 2778 2779 4169 2781 2784 2785 2786 2787 2788 2789 4170 2791 2794 2795 2796 2797 2798 2799 4171 2801 2804 2805 2806 2807 2808 2809 4172 2811 2814 2815 2816 2817 2818 2819 4173 2821 2824 2825 2826 2827 2828 2829 4174 2831 2834 2835 2836 2837 2838 2839 4175 2841 2844 2845 2846 2847 2848 2849 4176 2851 2854 2855 2856 2857 2858 2859 4177 2861 2864 2865 2866 2867 2868 2869 4178 2871 2874 2875 2876 2877 2878 2879 4179 2881 2884 2885 2886 2887 2888 2889 4180 2891 2894 2895 2896 2897 2898 2899 4181 2901 2904 2905 2906 2907 2908 2909 4182 2911 2914 2915 2916 2917 2918 2919 4183 2921 2924 2925 2926 2927 2928 2929 4184 2931 2934 2935 2936 2937 2938 2939 4185 2941 2944 2945 2946 2947 2948 2949 4186 2951 2954 2955 2956 2957 2958 2959 4187 2961 2964 2965 2966 2967 2968 2969 4188 2971 2974 2975 2976 2977 2978 2979 4189 2981 2984 2985 2986 2987 2988 2989 4190 2991 2994 2995 2996 2997 2998 2999 4191 3001 3004 3005 3006 3007 3008 3009 4192 3011 3014 3015 3016 3017 3018 3019 4193 3021 3024 3025 3026 3027 3028 3029 4194 3031 3034 3035 3036 3037 3038 3039 4195 3041 3044 3045 3046 3047 3048 3049 4196 3051 3054 3055 3056 3057 3058 3059 4197 3061 3064 3065 3066 3067 3068 3069 4198 3071 3074 3075 3076 3077 3078 3079 4199 3081 3084 3085 3086 3087 3088 3089 4200 3091 3094 3095 3096 3097 3098 3099 4201 3101 3104 3105 3106 3107 3108 3109 4202 3111 3114 3115 3116 3117 3118 3119 4203 3121 3124 3125 3126 3127 3128 3129 4204 3131 3134 3135 3136 3137 3138 3139 4205 3141 3144 3145 3146 3147 3148 3149 4206 3151 3154 3155 3156 3157 3158 3159 4207 3161 3164 3165 3166 3167 3168 3169 4208 3171 3174 3175 3176 3177 3178 3179 4209 3181 3184 3185 3186 3187 3188 3189 4210 3191 3194 3195 3196 3197 3198 3199 4211 3201 3204 3205 3206 3207 3208 3209 4212 3211 3214 3215 3216 3217 3218 3219 4213 3221 3224 3225 3226 3227 3228 3229 4214 3231 3234 3235 3236 3237 3238 3239 4215 3241 3244 3245 3246 3247 3248 3249 4216 3251 3254 3255 3256 3257 3258 3259 4217 3261 3264 3265 3266 3267 3268 3269 4218 3271 3274 3275 3276 3277 3278 3279 4219 3281 3284 3285 3286 3287 3288 3289 4220 3291 3294 3295 3296 3297 3298 3299 4221 3301 3304 3305 3306 3307 3308 3309 4222 3311 3314 3315 3316 3317 3318 3319 4223 3321 3324 3325 3326 3327 3328 3329 4224 3331 3334 3335 3336 3337 3338 3339 4225 3341 3344 3345 3346 3347 3348 3349 4226 3351 3354 3355 3356 3357 3358 3359 4227 3361 3364 3365 3366 3367 3368 3369 4228 3371 3374 3375 3376 3377 3378 3379 4229 3381 3384 3385 3386 3387 3388 3389 4230 3391 3394 3395 3396 3397 3398 3399 4231 3401 3404 3405 3406 3407 3408 3409 4232 3411 3414 3415 3416 3417 3418 3419 4233 3421 3424 3425 3426 3427 3428 3429 4234 3431 3434 3435 3436 3437 3438 3439 4235 3441 3444 3445 3446 3447 3448 3449 4236 3451 3454 3455 3456 3457 3458 3459 4237 3461 3464 3465 3466 3467 3468 3469 4238 3471 3474 3475 3476 3477 3478 3479 4239 3481 3484 3485 3486 3487 3488 3489 4240 3491 3494 3495 3496 3497 3498 3499 4241 3501 3504 3505 3506 3507 3508 3509 4242 3511 3514 3515 3516 3517 3518 3519 4243 3521 3524 3525 3526 3527 3528 3529 4244 3531 3534 3535 3536 3537 3538 3539 4245 3541 3544 3545 3546 3547 3548 3549 4246 3551 3554 3555 3556 3557 3558 3559 4247 3561 3564 3565 3566 3567 3568 3569 4248 3571 3574 3575 3576 3577 3578 3579 4249 3581 3584 3585 3586 3587 3588 3589 4250 3591 3594 3595 3596 3597 3598 3599 4251 3601 3604 3605 3606 3607 3608 3609 4252 3611 3614 3615 3616 3617 3618 3619 4253 3621 3624 3625 3626 3627 3628 3629 4254 3631 3634 3635 3636 3637 3638 3639 4255 3641 3644 3645 3646 3647 3648 3649 0
8 1
0 1 0 1 0 6 1 2 3 4 5 7 0
130282 1
0 306 0 130281 130277 130276 130275 130274 130272 130271 130270 130269 130268 130265 130264 130263 130262 130261 130260 130258 130257 130256 130255 130243 130242 130241 130240 130239 130238 130233 130232 130231 130230 130229 130228 130227 130226 130225 130224 130223 130222 130221 130220 130219 130216 130215 130214 130213 130208 130207 130206 130205 130201 130200 130199 130198 130196 130195 130194 130193 130192 130191 130190 130189 130188 130187 130259 130254 130197 130237 130236 130235 130234 130177 130176 130175 130174 130173 130172 130171 130170 130169 130168 130167 130166 130165 130164 130163 130162 130161 130160 130159 130158 130157 130156 130155 130154 130153 130152 130151 130148 130147 130146 130145 130144 130143 130142 130141 130140 130139 130138 130137 130136 130135 130134 130133 130132 130131 130130 130129 130128 130127 130126 130125 130124 130123 130122 130121 130120 130119 130116 130115 130114 130113 130112 130111 130110 130109 130108 130107 130106 130105 130104 130103 130102 130101 130100 130099 130098 130097 130096 130095 130094 130092 130091 130090 130089 130088 130087 130086 130085 130084 130083 130082 130081 130080 130079 130078 130077 130076 130075 130074 130073 130072 130071 130066 130065 130064 130063 130062 130061 130060 130053 130052 130051 130050 130049 130048 130047 130046 130045 130044 130043 130042 130041 130040 130204 130203 130202 130093 130070 130069 130068 130067 130059 130058 130057 130056 130055 130054 130039 130038 130037 130036 130035 130034 130033 130032 130031 130030 130029 130028 130027 130026 130025 130024 130023 130022 130021 130020 130019 130018 130017 130016 130015 130014 130013 130012 130011 130010 130009 130008 130007 130006 130005 130004 130003 130002 130001 130000 129999 129998 129997 129996 129995 129994 129993 129992 129991 129990 129989 129988 129987 129986 129985 129984 129983 129982 129981 129980 129979 129978 130150 130149 129977 129976 129975 130253 130252 130251 130250 130249 130248 130247 130246 130245 130244 130212 130211 130210 130209 130186 130185 130184 130183 130182 130181 130180 130179 130178 130218 130217 130273 130267 130266 130280 130279 130278 306 0 130281 130277 130276 130275 130274 130272 130271 130270 130269 130268 130265 130264 130263 130262 130261 130260 130258 130257 130256 130255 130243 130242 130241 130240 130239 130238 130233 130232 130231 130230 130229 130228 130227 130226 130225 130224 130223 130222 130221 130220 130219 130216 130215 130214 130213 130208 130207 130206 130205 130201 130200 130199 130198 130196 130195 130194 130193 130192 130191 130190 130189 130188 130187 130259 130254 130197 130237 130236 130235 130234 130177 130176 130175 130174 130173 130172 130171 130170 130169 130168 130167 130166 130165 130164 130163 130162 130161 130160 130159 130158 130157 130156 130155 130154 130153 130152 130151 130148 130147 130146 130145 130144 130143 130142 130141 130140 130139 130138 130137 130136 130135 130134 130133 130132 130131 130130 130129 130128 130127 130126 130125 130124 130123 130122 130121 130120 130119 130116 130115 130114 130113 130112 130111 130110 130109 130108 130107 130106 130105 130104 130103 130102 130101 130100 130099 130098 130097 130096 130095 130094 130092 130091 130090 130089 130088 130087 130086 130085 130084 130083 130082 130081 130080 130079 130078 130077 130076 130075 130074 130073 130072 130071 130066 130065 130064 130063 130062 130061 130060 130053 130052 130051 130050 130049 130048 130047 130046 130045 130044 130043 130042 130041 130040 130204 130203 130202 130093 130070 130069 130068 130067 130059 130058 130057 130056 130055 130054 130039 130038 130037 130036 130035 130034 130033 130032 130031 130030 130029 130028 130027 130026 130025 130024 130023 130022 130021 130020 130019 130018 130017 130016 130015 130014 130013 130012 130011 130010 130009 130008 130007 130006 130005 130004 130003 130002 130001 130000 129999 129998 129997 129996 129995 129994 129993 129992 129991 129990 129989 129988 129987 129986 129985 129984 129983 129982 129981 129980 129979 129978 130150 130149 129977 129976 129975 130253 130252 130251 130250 130249 130248 130247 130246 130245 130244 130212 130211 130210 130209 130186 130185 130184 130183 130182 130181 130180 130179 130178 130218 130217 130273 130267 130266 130280 130279 130278 2747 1 4274 609 613 614 615 616 617 618 619 4275 621 624 625 626 627 628 629 630 4276 632 635 636 637 638 639 640 641 4277 643 646 647 648 649 650 651 652 4278 654 657 658 659 660 661 662 663 4279 665 668 669 670 671 672 673 674 4280 676 679 680 681 682 683 684 685 4281 687 690 691 692 693 694 695 696 4282 698 701 702 703 704 705 706 707 4283 709 712 713 714 715 716 717 718 4284 720 723 724 725 726 727 728 729 4285 731 734 735 736 737 738 739 740 4286 742 745 746 747 748 749 750 751 4287 753 756 757 758 759 760 761 762 4288 764 767 768 769 770 771 772 773 4289 775 778 779 780 781 782 783 784 4290 786 789 790 791 792 793 794 795 4291 797 800 801 802 803 804 805 806 4292 808 811 812 813 814 815 816 817 4293 819 822 823 824 825 826 827 828 4294 830 833 834 835 836 837 838 839 4295 841 844 845 846 847 848 849 850 4296 852 855 856 857 858 859 860 861 4297 863 866 867 868 869 870 871 872 4298 874 877 878 879 880 881 882 883 4299 885 888 889 890 891 892 893 894 4300 896 899 900 901 902 903 904 905 4301 907 910 911 912 913 914 915 916 4302 918 921 922 923 924 925 926 927 4303 929 932 933 934 935 936 937 938 4304 940 943 944 945 946 947 948 949 4305 951 954 955 956 957 958 959 960 4306 962 965 966 967 968 969 970 971 4307 973 976 977 978 979 980 981 982 4308 984 987 988 989 990 991 992 993 4309 995 998 999 1000 1001 1002 1003 1004 4310 1006 1009 1010 1011 1012 1013 1014 1015 4311 1017 1020 1021 1022 1023 1024 1025 1026 4312 1028 1031 1032 1033 1034 1035 1036 1037 4313 1039 1042 1043 1044 1045 1046 1047 1048 4314 1050 1053 1054 1055 1056 1057 1058 1059 4315 1061 1064 1065 1066 1067 1068 1069 1070 4316 1072 1075 1076 1077 1078 1079 1080 1081 4317 1083 1086 1087 1088 1089 1090 1091 1092 4318 1094 1097 1098 1099 1100 1101 1102 1103 4319 1105 1108 1109 1110 1111 1112 1113 1114 4320 1116 1119 1120 1121 1122 1123 1124 1125 4321 1127 1130 1131 1132 1133 1134 1135 1136 4322 1138 1141 1142 1143 1144 1145 1146 1147 4323 1149 1152 1153 1154 1155 1156 1157 1158 4324 1160 1163 1164 1165 1166 1167 1168 1169 4325 1171 1174 1175 1176 1177 1178 1179 1180 4326 1182 1185 1186 1187 1188 1189 1190 1191 4327 1193 1196 1197 1198 1199 1200 1201 1202 4328 1204 1207 1208 1209 1210 1211 1212 1213 4329 1215 1218 1219 1220 1221 1222 1223 1224 4330 1226 1229 1230 1231 1232 1233 1234 1235 4331 1237 1240 1241 1242 1243 1244 1245 1246 4332 1248 1251 1252 1253 1254 1255 1256 1257 4333 1259 1262 1263 1264 1265 1266 1267 1268 4334 1270 1273 1274 1275 1276 1277 1278 1279 4335 1281 1284 1285 1286 1287 1288 1289 1290 4336 1292 1295 1296 1297 1298 1299 1300 1301 4337 1303 1306 1307 1308 1309 1310 1311 1312 4338 1314 1317 1318 1319 1320 1321 1322 1323 4339 1325 1328 1329 1330 1331 1332 1333 1334 4340 1336 1339 1340 1341 1342 1343 1344 1345 4341 1347 1350 1351 1352 1353 1354 1355 1356 4342 1358 1361 1362 1363 1364 1365 1366 1367 4343 1369 1372 1373 1374 1375 1376 1377 1378 4344 1380 1383 1384 1385 1386 1387 1388 1389 4345 1391 1394 1395 1396 1397 1398 1399 1400 4346 1402 1405 1406 1407 1408 1409 1410 1411 4347 1413 1416 1417 1418 1419 1420 1421 1422 4348 1424 1427 1428 1429 1430 1431 1432 1433 4349 1435 1438 1439 1440 1441 1442 1443 1444 4350 1446 1449 1450 1451 1452 1453 1454 1455 4351 1457 1460 1461 1462 1463 1464 1465 1466 4352 1468 1471 1472 1473 1474 1475 1476 1477 4353 1479 1482 1483 1484 1485 1486 1487 1488 4354 1490 1493 1494 1495 1496 1497 1498 1499 4355 1501 1504 1505 1506 1507 1508 1509 1510 4356 1512 1515 1516 1517 1518 1519 1520 1521 4357 1523 1526 1527 1528 1529 1530 1531 1532 4358 1534 1537 1538 1539 1540 1541 1542 1543 4359 1545 1548 1549 1550 1551 1552 1553 1554 4360 1556 1559 1560 1561 1562 1563 1564 1565 4361 1567 1570 1571 1572 1573 1574 1575 1576 4362 1578 1581 1582 1583 1584 1585 1586 1587 4363 1589 1592 1593 1594 1595 1596 1597 1598 4364 1600 1603 1604 1605 1606 1607 1608 1609 4365 1611 1614 1615 1616 1617 1618 1619 1620 4366 1622 1625 1626 1627 1628 1629 1630 1631 4367 1633 1636 1637 1638 1639 1640 1641 1642 4368 1644 1647 1648 1649 1650 1651 1652 1653 4369 1655 1658 1659 1660 1661 1662 1663 1664 4370 1666 1669 1670 1671 1672 1673 1674 1675 4371 1677 1680 1681 1682 1683 1684 1685 1686 4372 1688 1691 1692 1693 1694 1695 1696 1697 4373 1699 1702 1703 1704 1705 1706 1707 1708 4374 1710 1713 1714 1715 1716 1717 1718 1719 4375 1721 1724 1725 1726 1727 1728 1729 1730 4376 1732 1735 1736 1737 1738 1739 1740 1741 4377 1743 1746 1747 1748 1749 1750 1751 1752 4378 1754 1757 1758 1759 1760 1761 1762 1763 4379 1765 1768 1769 1770 1771 1772 1773 1774 4380 1776 1779 1780 1781 1782 1783 1784 1785 4381 1787 1790 1791 1792 1793 1794 1795 1796 4382 1798 1801 1802 1803 1804 1805 1806 1807 4383 1809 1812 1813 1814 1815 1816 1817 1818 4384 1820 1823 1824 1825 1826 1827 1828 1829 4385 1831 1834 1835 1836 1837 1838 1839 1840 4386 1842 1845 1846 1847 1848 1849 1850 1851 4387 1853 1856 1857 1858 1859 1860 1861 1862 4388 1864 1867 1868 1869 1870 1871 1872 1873 4389 1875 1878 1879 1880 1881 1882 1883 1884 4390 1886 1889 1890 1891 1892 1893 1894 1895 4391 1897 1900 1901 1902 1903 1904 1905 1906 4392 1908 1911 1912 1913 1914 1915 1916 1917 4393 1919 1922 1923 1924 1925 1926 1927 1928 4394 1930 1933 1934 1935 1936 1937 1938 1939 4395 1941 1944 1945 1946 1947 1948 1949 1950 4396 1952 1955 1956 1957 1958 1959 1960 1961 4397 1963 1966 1967 1968 1969 1970 1971 1972 4398 1974 1977 1978 1979 1980 1981 1982 1983 4399 1985 1988 1989 1990 1991 1992 1993 1994 4400 1996 1999 2000 2001 2002 2003 2004 2005 4401 2007 2010 2011 2012 2013 2014 2015 2016 4402 2018 2021 2022 2023 2024 2025 2026 2027 4403 2029 2032 2033 2034 2035 2036 2037 2038 4404 2040 2043 2044 2045 2046 2047 2048 2049 4405 2051 2054 2055 2056 2057 2058 2059 2060 4406 2062 2065 2066 2067 2068 2069 2070 2071 4407 2073 2076 2077 2078 2079 2080 2081 2082 4408 2084 2087 2088 2089 2090 2091 2092 2093 4409 2095 2098 2099 2100 2101 2102 2103 2104 4410 2106 2109 2110 2111 2112 2113 2114 2115 4411 2117 2120 2121 2122 2123 2124 2125 2126 4412 2128 2131 2132 2133 2134 2135 2136 2137 4413 2139 2142 2143 2144 2145 2146 2147 2148 4414 2150 2153 2154 2155 2156 2157 2158 2159 4415 2161 2164 2165 2166 2167 2168 2169 2170 4416 2172 2175 2176 2177 2178 2179 2180 2181 4417 2183 2186 2187 2188 2189 2190 2191 2192 4418 2194 2197 2198 2199 2200 2201 2202 2203 4419 2205 2208 2209 2210 2211 2212 2213 2214 4420 2216 2219 2220 2221 2222 2223 2224 2225 4421 2227 2230 2231 2232 2233 2234 2235 2236 4422 2238 2241 2242 2243 2244 2245 2246 2247 4423 2249 2252 2253 2254 2255 2256 2257 2258 4424 2260 2263 2264 2265 2266 2267 2268 2269 4425 2271 2274 2275 2276 2277 2278 2279 2280 4426 2282 2285 2286 2287 2288 2289 2290 2291 4427 2293 2296 2297 2298 2299 2300 2301 2302 4428 2304 2307 2308 2309 2310 2311 2312 2313 4429 2315 2318 2319 2320 2321 2322 2323 2324 4430 2326 2329 2330 2331 2332 2333 2334 2335 4431 2337 2340 2341 2342 2343 2344 2345 2346 4432 2348 2351 2352 2353 2354 2355 2356 2357 4433 2359 2362 2363 2364 2365 2366 2367 2368 4434 2370 2373 2374 2375 2376 2377 2378 2379 4435 2381 2384 2385 2386 2387 2388 2389 2390 4436 2392 2395 2396 2397 2398 2399 2400 2401 4437 2403 2406 2407 2408 2409 2410 2411 2412 4438 2414 2417 2418 2419 2420 2421 2422 2423 4439 2425 2428 2429 2430 2431 2432 2433 2434 4440 2436 2439 2440 2441 2442 2443 2444 2445 4441 2447 2450 2451 2452 2453 2454 2455 2456 4442 2458 2461 2462 2463 2464 2465 2466 2467 4443 2469 2472 2473 2474 2475 2476 2477 2478 4444 2480 2483 2484 2485 2486 2487 2488 2489 4445 2491 2494 2495 2496 2497 2498 2499 2500 4446 2502 2505 2506 2507 2508 2509 2510 2511 4447 2513 2516 2517 2518 2519 2520 2521 2522 4448 2524 2527 2528 2529 2530 2531 2532 2533 4449 2535 2538 2539 2540 2541 2542 2543 2544 4450 2546 2549 2550 2551 2552 2553 2554 2555 4451 2557 2560 2561 2562 2563 2564 2565 2566 4452 2568 2571 2572 2573 2574 2575 2576 2577 4453 2579 2582 2583 2584 2585 2586 2587 2588 4454 2590 2593 2594 2595 2596 2597 2598 2599 4455 2601 2604 2605 2606 2607 2608 2609 2610 4456 2612 2615 2616 2617 2618 2619 2620 2621 4457 2623 2626 2627 2628 2629 2630 2631 2632 4458 2634 2637 2638 2639 2640 2641 2642 2643 4459 2645 2648 2649 2650 2651 2652 2653 2654 4460 2656 2659 2660 2661 2662 2663 2664 2665 4461 2667 2670 2671 2672 2673 2674 2675 2676 4462 2678 2681 2682 2683 2684 2685 2686 2687 4463 2689 2692 2693 2694 2695 2696 2697 2698 4464 2700 2703 2704 2705 2706 2707 2708 2709 4465 2711 2714 2715 2716 2717 2718 2719 2720 4466 2722 2725 2726 2727 2728 2729 2730 2731 4467 2733 2736 2737 2738 2739 2740 2741 2742 4468 2744 2747 2748 2749 2750 2751 2752 2753 4469 2755 2758 2759 2760 2761 2762 2763 2764 4470 2766 2769 2770 2771 2772 2773 2774 2775 4471 2777 2780 2781 2782 2783 2784 2785 2786 4472 2788 2791 2792 2793 2794 2795 2796 2797 4473 2799 2802 2803 2804 2805 2806 2807 2808 4474 2810 2813 2814 2815 2816 2817 2818 2819 4475 2821 2824 2825 2826 2827 2828 2829 2830 4476 2832 2835 2836 2837 2838 2839 2840 2841 4477 2843 2846 2847 2848 2849 2850 2851 2852 4478 2854 2857 2858 2859 2860 2861 2862 2863 4479 2865 2868 2869 2870 2871 2872 2873 2874 4480 2876 2879 2880 2881 2882 2883 2884 2885 4481 2887 2890 2891 2892 2893 2894 2895 2896 4482 2898 2901 2902 2903 2904 2905 2906 2907 4483 2909 2912 2913 2914 2915 2916 2917 2918 4484 2920 2923 2924 2925 2926 2927 2928 2929 4485 2931 2934 2935 2936 2937 2938 2939 2940 4486 2942 2945 2946 2947 2948 2949 2950 2951 4487 2953 2956 2957 2958 2959 2960 2961 2962 4488 2964 2967 2968 2969 2970 2971 2972 2973 4489 2975 2978 2979 2980 2981 2982 2983 2984 4490 2986 2989 2990 2991 2992 2993 2994 2995 4491 2997 3000 3001 3002 3003 3004 3005 3006 4492 3008 3011 3012 3013 3014 3015 3016 3017 4493 3019 3022 3023 3024 3025 3026 3027 3028 4494 3030 3033 3034 3035 3036 3037 3038 3039 4495 3041 3044 3045 3046 3047 3048 3049 3050 4496 3052 3055 3056 3057 3058 3059 3060 3061 4497 3063 3066 3067 3068 3069 3070 3071 3072 4498 3074 3077 3078 3079 3080 3081 3082 3083 4499 3085 3088 3089 3090 3091 3092 3093 3094 4500 3096 3099 3100 3101 3102 3103 3104 3105 4501 3107 3110 3111 3112 3113 3114 3115 3116 4502 3118 3121 3122 3123 3124 3125 3126 3127 4503 3129 3132 3133 3134 3135 3136 3137 3138 4504 3140 3143 3144 3145 3146 3147 3148 3149 4505 3151 3154 3155 3156 3157 3158 3159 3160 4506 3162 3165 3166 3167 3168 3169 3170 3171 4507 3173 3176 3177 3178 3179 3180 3181 3182 4508 3184 3187 3188 3189 3190 3191 3192 3193 4509 3195 3198 3199 3200 3201 3202 3203 3204 4510 3206 3209 3210 3211 3212 3213 3214 3215 4511 3217 3220 3221 3222 3223 3224 3225 3226 4512 3228 3231 3232 3233 3234 3235 3236 3237 4513 3239 3242 3243 3244 3245 3246 3247 3248 4514 3250 3253 3254 3255 3256 3257 3258 3259 4515 3261 3264 3265 3266 3267 3268 3269 3270 4516 3272 3275 3276 3277 3278 3279 3280 3281 4517 3283 3286 3287 3288 3289 3290 3291 3292 4518 3294 3297 3298 3299 3300 3301 3302 3303 4519 3305 3308 3309 3310 3311 3312 3313 3314 4520 3316 3319 3320 3321 3322 3323 3324 3325 4521 3327 3330 3331 3332 3333 3334 3335 3336 4522 3338 3341 3342 3343 3344 3345 3346 3347 4523 3349 3352 3353 3354 3355 3356 3357 3358 4524 3360 3363 3364 3365 3366 3367 3368 3369 4525 3371 3374 3375 3376 3377 3378 3379 3380 4526 3382 3385 3386 3387 3388 3389 3390 3391 4527 3393 3396 3397 3398 3399 3400 3401 3402 4528 3404 3407 3408 3409 3410 3411 3412 3413 4529 3415 3418 3419 3420 3421 3422 3423 3424 4530 3426 3429 3430 3431 3432 3433 3434 3435 4531 3437 3440 3441 3442 3443 3444 3445 3446 4532 3448 3451 3452 3453 3454 3455 3456 3457 4533 3459 3462 3463 3464 3465 3466 3467 3468 4534 3470 3473 3474 3475 3476 3477 3478 3479 4535 3481 3484 3485 3486 3487 3488 3489 3490 4536 3492 3495 3496 3497 3498 3499 3500 3501 4537 3503 3506 3507 3508 3509 3510 3511 3512 4538 3514 3517 3518 3519 3520 3521 3522 3523 4539 3525 3528 3529 3530 3531 3532 3533 3534 4540 3536 3539 3540 3541 3542 3543 3544 3545 4541 3547 3550 3551 3552 3553 3554 3555 3556 4542 3558 3561 3562 3563 3564 3565 3566 3567 4543 3569 3572 3573 3574 3575 3576 3577 3578 4544 3580 3583 3584 3585 3586 3587 3588 3589 4545 3591 3594 3595 3596 3597 3598 3599 3600 4546 3602 3605 3606 3607 3608 3609 3610 3611 4547 3613 3616 3617 3618 3619 3620 3621 3622 4548 3624 3627 3628 3629 3630 3631 3632 3633 4549 3635 3638 3639 3640 3641 3642 3643 3644 4550 3646 3649 3650 3651 3652 3653 3654 3655 4551 3657 3660 3661 3662 3663 3664 3665 3666 4552 3668 3671 3672 3673 3674 3675 3676 3677 4553 3679 3682 3683 3684 3685 3686 3687 3688 4554 3690 3693 3694 3695 3696 3697 3698 3699 4555 3701 3704 3705 3706 3707 3708 3709 3710 4556 3712 3715 3716 3717 3718 3719 3720 3721 4557 3723 3726 3727 3728 3729 3730 3731 3732 4558 3734 3737 3738 3739 3740 3741 3742 3743 4559 3745 3748 3749 3750 3751 3752 3753 3754 4560 3756 3759 3760 3761 3762 3763 3764 3765 4561 3767 3770 3771 3772 3773 3774 3775 3776 4562 3778 3781 3782 3783 3784 3785 3786 3787 4563 3789 3792 3793 3794 3795 3796 3797 3798 4564 3800 3803 3804 3805 3806 3807 3808 3809 4565 3811 3814 3815 3816 3817 3818 3819 3820 4566 3822 3825 3826 3827 3828 3829 3830 3831 4567 3833 3836 3837 3838 3839 3840 3841 3842 4568 3844 3847 3848 3849 3850 3851 3852 3853 4569 3855 3858 3859 3860 3861 3862 3863 3864 4570 3866 3869 3870 3871 3872 3873 3874 3875 4571 3877 3880 3881 3882 3883 3884 3885 3886 4572 3888 3891 3892 3893 3894 3895 3896 3897 4573 3899 3902 3903 3904 3905 3906 3907 3908 4574 3910 3913 3914 3915 3916 3917 3918 3919 4575 3921 3924 3925 3926 3927 3928 3929 3930 4576 3932 3936 3937 3938 3939 3940 3941 3942 4577 3944 3948 3949 3950 3951 3952 3953 3954 4578 3956 3960 3961 3962 3963 3964 3965 3966 3968 0
130282 1
0 4 130281 130280 130279 130278 4 130281 130280 130279 130278 0 0
9 3
2 1 2 1 0 1 0 0 0
0 1 1 1 1 3 7 8 4 0
0 0 0 2 5 6 0
4 1
0 3 0 2 1 3 0 2 1 1 3 0
840 1
0 1 0 1 0 559 2 3 5 6 8 9 11 12 14 15 17 18 20 21 23 24 26 27 29 30 32 33 35 36 38 39 41 42 44 45 47 48 50 51 53 54 56 57 59 60 62 63 65 66 68 69 71 72 74 75 77 78 80 81 83 84 86 87 89 90 92 93 95 96 98 99 101 102 104 105 107 108 110 111 113 114 116 117 119 120 122 123 125 126 128 129 131 132 134 135 137 138 140 141 143 144 146 147 149 150 152 153 155 156 158 159 161 162 164 165 167 168 170 171 173 174 176 177 179 180 182 183 185 186 188 189 191 192 194 195 197 198 200 201 203 204 206 207 209 210 212 213 215 216 218 219 221 222 224 225 227 228 230 231 233 234 236 237 239 240 242 243 245 246 248 249 251 252 254 255 257 258 260 261 263 264 266 267 269 270 272 273 275 276 278 279 281 282 284 285 287 288 290 291 293 294 296 297 299 300 302 303 305 306 308 309 311 312 314 315 317 318 320 321 323 324 326 327 329 330 332 333 335 336 338 339 341 342 344 345 347 348 350 351 353 354 356 357 359 360 362 363 365 366 368 369 371 372 374 375 377 378 380 381 383 384 386 387 389 390 392 393 395 396 398 399 401 402 404 405 407 408 410 411 413 414 416 417 419 420 422 423 425 426 428 429 431 432 434 435 437 438 440 441 443 444 446 447 449 450 452 453 455 456 458 459 461 462 464 465 467 468 470 471 473 474 476 477 479 480 482 483 485 486 488 489 491 492 494 495 497 498 500 501 503 504 506 507 509 510 512 513 515 516 518 519 521 522 524 525 527 528 530 531 533 534 536 537 539 540 542 543 545 546 548 549 551 552 554 555 557 558 560 561 563 564 566 567 569 570 572 573 575 576 578 579 581 582 584 585 587 588 590 591 593 594 596 597 599 600 602 603 605 606 608 609 611 612 614 615 617 618 620 621 623 624 626 627 629 630 632 633 635 636 638 639 641 642 644 645 647 648 650 651 653 654 656 657 659 660 662 663 665 666 668 669 671 672 674 675 677 678 680 681 683 684 686 687 689 690 692 693 695 696 698 699 701 702 704 705 707 708 710 711 713 714 716 717 719 720 722 723 725 726 728 729 731 732 734 735 737 738 740 741 743 744 746 747 749 750 752 753 755 756 758 759 761 762 764 765 767 768 770 771 773 774 776 777 779 780 782 783 785 786 788 789 791 792 794 795 797 798 800 801 803 804 806 807 809 810 812 813 815 816 818 819 821 822 824 825 827 828 830 831 833 834 836 837 839 0
130282 1
0 306 0 130277 130276 130275 130274 130273 130272 130271 130270 130269 130268 130267 130266 130265 130264 130263 130262 130261 130260 130259 130258 130257 130256 130255 130254 130253 130252 130251 130250 130249 130248 130247 130246 130245 130244 130243 130242 130241 130240 130239 130238 130237 130236 130235 130234 130233 130232 130231 130230 130229 130228 130227 130226 130225 130224 130223 130222 130221 130220 130219 130218 130217 130216 130215 130214 130213 130212 130211 130210 130209 130208 130207 130206 130205 130204 130203 130202 130201 130200 130199 130198 130197 130196 130195 130194 130193 130192 130191 130190 130189 130188 130187 130177 130176 130175 130174 130173 130172 130171 130170 130169 130168 130167 130166 130165 130164 130163 130162 130161 130160 130159 130158 130157 130156 130155 130154 130153 130152 130151 130150 130149 130148 130147 130146 130145 130144 130143 130142 130141 130140 130139 130138 130137 130136 130135 130134 130133 130132 130131 130130 130129 130128 130127 130126 130125 130124 130123 130122 130121 130120 130119 130116 130115 130114 130113 130112 130111 130110 130109 130108 130107 130106 130105 130104 130103 130102 130101 130100 130099 130098 130097 130096 130095 130094 130093 130092 130091 130090 130089 130088 130087 130086 130085 130084 130083 130082 130081 130080 130079 130078 130077 130076 130075 130074 130073 130072 130071 130070 130069 130068 130067 130066 130065 130064 130063 130062 130061 130060 130059 130058 130057 130056 130055 130054 130053 130052 130051 130050 130049 130048 130047 130046 130045 130044 130043 130042 130041 130040 130039 130038 130037 130036 130035 130034 130033 130032 130031 130030 130029 130028 130027 130026 130025 130024 130023 130022 130021 130020 130019 130018 130017 130016 130015 130014 130013 130012 130011 130010 130009 130008 130007 130006 130005 130004 130003 130002 130001 130000 129999 129998 129997 129996 129995 129994 129993 129992 129991 129990 129989 129988 129987 129986 129985 129984 129983 129982 129981 129980 129979 129978 129977 129976 129975 130186 130185 130184 130183 130182 130181 130180 130179 130178 130281 130280 130279 130278 306 0 130277 130276 130275 130274 130273 130272 130271 130270 130269 130268 130267 130266 130265 130264 130263 130262 130261 130260 130259 130258 130257 130256 130255 130254 130253 130252 130251 130250 130249 130248 130247 130246 130245 130244 130243 130242 130241 130240 130239 130238 130237 130236 130235 130234 130233 130232 130231 130230 130229 130228 130227 130226 130225 130224 130223 130222 130221 130220 130219 130218 130217 130216 130215 130214 130213 130212 130211 130210 130209 130208 130207 130206 130205 130204 130203 130202 130201 130200 130199 130198 130197 130196 130195 130194 130193 130192 130191 130190 130189 130188 130187 130177 130176 130175 130174 130173 130172 130171 130170 130169 130168 130167 130166 130165 130164 130163 130162 130161 130160 130159 130158 130157 130156 130155 130154 130153 130152 130151 130150 130149 130148 130147 130146 130145 130144 130143 130142 130141 130140 130139 130138 130137 130136 130135 130134 130133 130132 130131 130130 130129 130128 130127 130126 130125 130124 130123 130122 130121 130120 130119 130116 130115 130114 130113 130112 130111 130110 130109 130108 130107 130106 130105 130104 130103 130102 130101 130100 130099 130098 130097 130096 130095 130094 130093 130092 130091 130090 130089 130088 130087 130086 130085 130084 130083 130082 130081 130080 130079 130078 130077 130076 130075 130074 130073 130072 130071 130070 130069 130068 130067 130066 130065 130064 130063 130062 130061 130060 130059 130058 130057 130056 130055 130054 130053 130052 130051 130050 130049 130048 130047 130046 130045 130044 130043 130042 130041 130040 130039 130038 130037 130036 130035 130034 130033 130032 130031 130030 130029 130028 130027 130026 130025 130024 130023 130022 130021 130020 130019 130018 130017 130016 130015 130014 130013 130012 130011 130010 130009 130008 130007 130006 130005 130004 130003 130002 130001 130000 129999 129998 129997 129996 129995 129994 129993 129992 129991 129990 129989 129988 129987 129986 129985 129984 129983 129982 129981 129980 129979 129978 129977 129976 129975 130186 130185 130184 130183 130182 130181 130180 130179 130178 130281 130280 130279 130278 606 1 2 3 4 5 6 7 8 9 10 11 12 13 14 15 16 17 18 19 20 21 22 23 24 25 26 27 28 29 30 31 32 33 34 35 36 37 38 39 40 41 42 43 44 45 46 47 48 49 50 51 52 53 54 55 56 57 58 59 60 61 62 63 64 65 66 67 68 69 70 71 72 73 74 75 76 77 78 79 80 81 82 83 84 85 86 87 88 89 90 91 92 93 94 95 96 97 98 99 100 101 102 103 104 105 106 107 108 109 110 111 112 113 114 115 116 117 118 119 120 121 122 123 124 125 126 127 128 129 130 131 132 133 134 135 136 137 138 139 140 141 142 143 144 145 146 147 148 149 150 151 152 153 154 155 156 157 158 159 160 161 162 163 164 165 166 167 168 169 170 171 172 173 174 175 176 177 178 179 180 181 182 183 184 185 186 187 188 189 190 191 192 193 194 195 196 197 198 199 200 201 202 203 204 205 206 207 208 209 210 211 212 213 214 215 216 217 218 219 220 221 222 223 224 225 226 227 228 229 230 231 232 233 234 235 236 237 238 239 240 241 242 243 244 245 246 247 248 249 250 251 252 253 254 255 256 257 258 259 260 261 262 263 264 265 266 267 268 269 270 271 272 273 274 275 276 277 278 279 280 281 282 283 284 285 286 287 288 289 290 291 292 293 294 295 296 297 298 299 300 301 302 303 304 305 306 307 308 309 310 311 312 313 314 315 316 317 318 319 320 321 322 323 324 325 326 327 328 329 330 331 332 333 334 335 336 337 338 339 340 341 342 343 344 345 346 347 348 349 350 351 352 353 354 355 356 357 358 359 360 361 362 363 364 365 366 367 368 369 370 371 372 373 374 375 376 377 378 379 380 381 382 383 384 385 386 387 388 389 390 391 392 393 394 395 396 397 398 399 400 401 402 403 404 405 406 407 408 409 410 411 412 413 414 415 416 417 418 419 420 421 422 423 424 425 426 427 428 429 430 431 432 433 434 435 436 437 438 439 440 441 442 443 444 445 446 447 448 449 450 451 452 453 454 455 456 457 458 459 460 461 462 463 464 465 466 467 468 469 470 471 472 473 474 475 476 477 478 479 480 481 482 483 484 485 486 487 488 489 490 491 492 493 494 495 496 497 498 499 500 501 502 503 504 505 506 507 508 509 510 511 512 513 514 515 516 517 518 519 520 521 522 523 524 525 526 527 528 529 530 531 532 533 534 535 536 537 538 539 540 541 542 543 544 545 546 547 548 549 550 551 552 553 554 555 556 557 558 559 560 561 562 563 564 565 566 567 568 569 570 571 572 573 574 575 576 577 578 579 580 581 582 583 584 585 586 587 588 589 590 591 592 593 594 595 596 597 598 599 600 601 602 603 604 605 606 0
7 5
2 1 4 0 0 2 0 1 0
2 2 3 0 0 2 2 3 0
0 0 0 0 0
0 0 0 0 0
0 0 0 0 0
8 9
2 1 5 0 0 0 0
2 2 3 0 0 1 0 0
1 4 0 0 0 0
1 4 0 0 0 0
1 6 0 0 1 3 1 3
1 6 0 0 0 0
2 7 8 1 3 0 1 5 0
0 0 0 0 0
0 0 0 0 0
4 3
2 1 2 0 0 1 0 0
0 0 0 0 0
0 0 0 2 2 3 0
8 5
2 1 2 2 0 1 2 0 1 1 3 0
0 0 0 0 0
2 3 4 2 0 2 2 0 2 1 5 0
0 0 0 0 0
0 0 0 0 0
9 5
2 1 2 2 0 1 2 0 1 1 4 0
0 0 0 0 0
2 3 4 3 0 2 3 3 0 2 3 1 6 0
0 0 0 0 0
0 0 0 0 0
10 5
2 1 2 2 0 1 2 0 1 1 5 0
0 0 0 0 0
2 3 4 4 0 2 3 4 4 0 2 3 4 1 7 0
0 0 0 0 0
0 0 0 0 0
11 9
2 1 2 1 0 1 0 2 1 2 0
0 0 0 0 0
2 3 4 1 0 1 0 1 4 0
0 0 0 0 0
2 5 6 1 0 1 0 1 6 0
0 0 0 0 0
2 7 8 1 0 1 0 1 8 0
0 0 0 0 0
0 0 0 0 0
2 1
0 1 0 1 0 1 1 0
9 7
2 1 2 1 0 1 0 2 1 2 0
0 0 0 0 0
2 3 4 1 0 1 0 1 4 0
0 0 0 0 0
2 5 6 1 0 1 0 1 6 0
0 0 0 0 0
0 0 0 0 0
2 1
0 1 0 1 0 1 1 0
10 7
2 1 2 1 0 1 0 2 1 2 0
0 0 0 0 0
2 3 4 1 0 1 0 1 4 0
0 0 0 0 0
2 5 6 1 0 1 0 1 7 0
0 0 0 0 0
0 0 0 0 0
2 1
0 1 0 1 0 1 1 0
1 1
0 1 0 1 0 0 0
9 7
2 1 2 1 0 1 0 2 1 2 0
0 0 0 0 0
2 3 4 1 0 1 0 1 4 0
0 0 0 0 0
2 5 6 1 0 1 0 1 6 0
0 0 0 0 0
0 0 0 0 0
3 1
0 1 0 1 0 2 1 2 0
3 1
0 1 0 1 0 2 1 2 0
3 1
0 1 0 1 0 2 1 2 0
3 1
0 1 0 1 0 2 1 2 0
3 1
0 1 0 1 0 2 1 2 0
3 1
0 1 0 1 0 2 1 2 0
3 1
0 1 0 1 0 2 1 2 0
3 1
0 1 0 1 0 2 1 2 0
3 1
0 1 0 1 0 2 1 2 0
3 1
0 1 0 1 0 2 1 2 0
3 1
0 1 0 1 0 2 1 2 0
3 1
0 1 0 1 0 2 1 2 0
3 1
0 1 0 1 0 2 1 2 0
7 5
2 1 2 1 0 1 0 2 1 2 0
0 0 0 0 0
2 3 4 1 0 1 0 1 4 0
0 0 0 0 0
0 0 0 0 0
3 1
0 1 0 1 0 2 1 2 0
3 1
0 1 0 1 0 2 1 2 0
3 1
0 1 0 1 0 2 1 2 0
3 1
0 1 0 1 0 2 1 2 0
3 1
0 1 0 1 0 2 1 2 0
3 1
0 1 0 1 0 2 1 2 0
2 1
0 1 0 1 0 1 1 0
3 1
0 1 0 1 0 2 1 2 0
3 1
0 1 0 1 0 2 1 2 0
2 1
0 1 0 1 0 1 1 0
7 5
2 1 2 1 0 1 0 2 1 2 0
0 0 0 0 0
2 3 4 1 0 1 0 1 4 0
0 0 0 0 0
0 0 0 0 0
2 1
0 1 0 1 0 1 1 0
3 1
0 1 0 1 0 2 1 2 0
3 1
0 1 0 1 0 2 1 2 0
3 1
0 1 0 1 0 2 1 2 0
3 1
0 1 0 1 0 2 1 2 0
3 1
0 1 0 1 0 2 1 2 0
3 1
0 1 0 1 0 2 1 2 0
2 1
0 1 0 1 0 1 1 0
3 1
0 1 0 1 0 2 1 2 0
3 1
0 1 0 1 0 2 1 2 0
7 5
2 1 2 1 0 1 0 2 1 2 0
0 0 0 0 0
2 3 4 1 0 1 0 1 4 0
0 0 0 0 0
0 0 0 0 0
2 1
0 1 0 1 0 1 1 0
2 1
0 1 0 1 0 1 1 0
3 1
0 1 0 1 0 2 1 2 0
3 1
0 1 0 1 0 2 1 2 0
3 1
0 1 0 1 0 2 1 2 0
3 1
0 1 0 1 0 2 1 2 0
3 1
0 1 0 1 0 2 1 2 0
3 1
0 1 0 1 0 2 1 2 0
10 5
2 1 2 1 0 1 0 2 6 7 0
0 0 0 0 0
2 3 4 1 0 1 0 2 8 9 0
0 0 0 0 0
0 0 0 0 0
7 5
2 1 2 1 0 1 0 2 1 2 0
0 0 0 0 0
2 3 4 1 0 1 0 1 4 0
0 0 0 0 0
0 0 0 0 0
3 1
0 1 0 1 0 2 1 2 0
3 1
0 1 0 1 0 2 1 2 0
1 1
0 1 0 1 0 0 0
1 1
0 1 0 1 0 0 0
1 1
0 1 0 1 0 0 0
2 1
0 1 0 1 0 1 1 0
3 1
0 1 0 1 0 2 1 2 0
1 1
0 1 0 1 0 0 0
1 1
0 1 0 1 0 0 0
1 1
0 1 0 1 0 0 0
1 1
0 1 0 1 0 0 0
1 1
0 1 0 1 0 0 0
23 15
2 1 2 1 0 1 0 2 1 2 0
0 0 0 0 0
2 3 4 1 0 1 0 2 4 5 0
0 0 0 0 0
2 5 6 1 0 1 0 2 7 8 0
0 0 0 0 0
2 7 8 1 0 1 0 2 10 11 0
0 0 0 0 0
2 9 10 1 0 1 0 2 13 14 0
0 0 0 0 0
2 11 12 1 0 1 0 2 16 17 0
0 0 0 0 0
2 13 14 1 0 1 0 2 19 20 0
0 0 0 0 0
0 0 0 0 0
36 26
1 1 1 0 1 0 1 1 0
2 2 3 1 1 1 1 2 14 15 0
1 16 0 0 0 0
2 4 5 1 1 1 1 2 17 18 0
1 16 0 0 0 0
2 6 7 1 1 1 1 2 20 21 0
1 16 0 0 0 0
2 8 9 1 1 1 1 2 23 24 0
1 16 0 0 0 0
2 10 11 1 1 1 1 2 26 27 0
1 16 0 0 0 0
2 12 13 1 1 1 1 2 29 30 0
1 16 0 0 0 0
2 14 15 1 1 1 1 2 32 33 0
1 16 0 0 0 0
1 17 0 0 0 0
0 0 0 0 0
2 18 22 1 0 1 0 1 4 0
2 19 20 1 0 1 0 2 5 6 0
1 21 0 0 0 0
1 21 0 0 0 0
1 23 0 0 1 9 1 9
1 23 0 0 0 0
2 24 25 1 9 0 1 11 0
0 0 0 0 0
0 0 0 0 0
7 5
2 1 2 1 0 1 0 2 1 2 0
0 0 0 0 0
2 3 4 1 0 1 0 1 4 0
0 0 0 0 0
0 0 0 0 0
3 1
0 1 0 1 0 2 1 2 0
2 1
0 1 0 1 0 1 1 0
3 1
0 1 0 1 0 2 1 2 0
3 1
0 1 0 1 0 2 1 2 0
11 5
2 1 2 1 0 1 0 3 1 7 8 0
0 0 0 0 0
2 3 4 1 0 1 0 2 9 10 0
0 0 0 0 0
0 0 0 0 0
2 1
0 0 0 1 0 0
2 1
0 0 0 1 0 0
2 1
0 0 0 1 0 0
2 1
0 0 0 1 0 0
16 1
0 2 0 1 2 0 1 6 12 5 14 9 10 11 0
1 1
0 1 0 1 0 0 0
1 1
0 1 0 1 0 0 0
5 1
0 2 0 1 2 0 1 1 4 0
5 1
0 2 0 1 2 0 1 1 4 0
3 1
0 1 0 1 0 1 2 0
3 1
0 1 0 1 0 1 2 0
3 1
0 1 0 1 0 1 2 0
15 1
0 1 0 1 0 8 13 3 4 6 7 8 10 12 0
3 1
0 1 0 1 0 1 2 0
2 1
0 0 0 0 0
2 1
0 0 0 0 0
1 1
0 0 0 1 0 0
1 1
0 0 0 0 0
1 1
0 0 0 0 0
9 3
2 1 2 1 0 1 0 2 4 7 0
0 1 4 1 4 1 8 0
0 1 4 1 4 0 0
10 1
0 2 0 1 2 0 1 6 2 4 5 6 8 9 0
8 1
0 2 0 1 2 0 1 4 3 4 6 7 0
2 1
0 1 0 1 0 1 1 0
3 1
0 2 0 1 2 0 1 1 2 0
3 3
2 1 2 1 0 1 0 0 0
0 0 0 0 0
0 0 0 0 0
3 1
0 2 0 1 2 0 1 1 2 0
3 1
0 1 0 1 0 2 1 2 0
5 1
0 2 0 1 2 0 1 3 2 3 4 0
165 20
2 1 6 1 0 1 0 3 1 2 131 0
1 2 1 0 1 0 2 137 14 0
2 3 4 4 126 125 2 14 2 2 14 38 122 120 12 17 18 19 20 21 22 24 27 29 34 36 37 38 39 41 44 46 51 53 54 55 56 58 61 63 68 70 71 72 73 75 78 80 81 84 0
1 5 1 81 1 81 1 86 1 86
1 5 0 0 0 1 81
2 2 6 4 86 81 122 2 2 122 2 6 87 125 89 126 132 134 2 126 125
2 7 19 4 126 125 0 2 2 0 2 5 135 136 93 94 138 1 136
1 8 0 0 0 0
2 9 15 1 135 1 135 1 143 2 135 136
2 10 15 2 135 2 2 135 2 1 164 2 135 136
2 11 15 1 2 1 2 1 141 2 135 136
2 12 13 5 135 162 136 161 94 1 94 12 146 147 148 151 152 153 154 155 156 157 158 159 0
1 14 1 158 1 158 1 160 1 160
1 14 0 0 0 1 158
2 11 19 4 160 158 146 2 2 146 2 3 161 162 163 2 162 161
2 16 17 6 135 118 136 116 2 94 2 2 94 14 121 119 92 97 98 99 100 101 102 104 107 109 110 113 0
1 18 1 110 1 110 1 115 1 115
1 18 0 0 0 1 110
2 15 19 4 115 110 121 2 2 121 2 3 116 118 139 2 118 116
0 3 136 116 161 0 1 140 0
3 1
0 2 0 1 2 0 1 1 2 0
113 25
2 1 5 1 0 1 0 2 3 5 0
2 2 3 2 3 0 2 3 0 2 6 7 0
1 4 0 0 0 0
1 4 0 0 0 0
1 6 0 0 1 10 1 10
1 6 0 0 0 0
2 7 8 1 10 0 1 12 0
0 1 0 1 0 34 14 16 17 18 19 20 21 22 23 24 25 26 27 28 33 34 35 36 37 38 39 40 41 42 43 44 49 50 51 52 53 54 55 56 0
2 9 13 1 0 1 0 1 58 0
2 10 11 1 0 1 0 2 59 60 0
1 12 0 0 0 0
1 12 0 0 0 0
1 14 0 0 1 63 1 63
1 14 0 0 0 0
2 15 16 1 63 0 1 65 0
0 1 0 1 0 22 67 69 70 71 72 73 74 75 76 77 78 79 80 81 86 87 88 89 90 91 92 93 0
2 17 21 1 0 1 0 1 96 0
2 18 19 1 0 1 0 1 98 0
1 20 0 0 0 0
1 20 0 0 0 0
1 22 0 0 1 101 1 101
1 22 0 0 0 0
2 23 24 1 101 0 1 103 0
0 1 0 1 0 1 104 0
0 0 0 1 105 0
19 1
0 4 0 1 2 3 4 0 1 2 3 9 8 10 11 12 13 15 16 17 18 0
5 1
0 1 0 1 0 4 1 2 3 4 0
4 1
0 1 0 1 0 3 1 2 3 0
5 1
0 1 0 1 0 4 1 2 3 4 0
4 1
0 1 0 1 0 3 1 2 3 0
4 1
0 2 1 0 2 1 0 2 2 3 0
5 1
0 2 0 1 2 0 1 3 2 3 4 0
2 1
0 1 0 1 0 1 1 0
6 1
0 2 1 0 2 1 0 4 2 3 4 5 0
7 3
2 1 2 1 0 1 0 3 1 2 3 0
0 1 0 1 0 2 4 5 0
0 0 0 0 0
15 5
2 1 4 1 0 1 0 3 1 2 3 0
2 2 3 1 0 1 0 5 6 7 13 14 10 0
0 1 7 1 7 0 0
0 1 0 1 0 3 4 5 11 0
0 0 0 1 12 0
13 5
2 1 4 1 0 1 0 3 11 12 3 0
2 2 3 1 0 1 0 2 5 7 0
0 0 0 0 0
0 0 0 0 0
0 0 0 0 0
16 8
1 1 0 0 0 0
2 2 5 1 0 1 0 3 14 15 6 0
2 3 4 1 0 1 0 2 8 10 0
1 6 0 0 0 0
1 7 0 0 0 0
1 7 0 0 0 0
0 0 0 0 0
0 0 0 0 0
40 21
2 1 20 1 0 1 0 5 1 38 39 6 7 0
2 2 19 2 0 1 2 0 1 2 8 10 0
2 3 4 2 0 6 2 0 6 2 13 16 0
1 8 0 0 0 0
2 5 6 1 13 1 13 1 19 0
1 7 0 0 0 0
1 7 0 0 0 0
1 8 0 0 1 22 1 22
2 9 10 1 22 0 1 23 0
0 0 0 0 0
2 11 12 1 13 1 13 1 26 0
1 16 0 0 0 0
2 13 14 1 13 1 13 1 29 0
1 15 0 0 0 0
1 15 0 0 0 0
1 16 0 0 1 32 1 32
2 17 18 1 32 0 1 33 0
0 0 0 0 0
0 0 0 0 0
0 0 0 0 0
0 0 0 0 0
9 3
2 1 2 1 0 1 0 3 1 3 6 0
0 1 1 1 1 0 0
0 1 1 1 1 1 8 0
45 25
2 1 5 1 0 1 0 1 2 0
2 2 3 1 0 1 0 1 4 0
1 4 0 0 0 0
1 4 0 0 0 0
1 6 0 0 1 7 1 7
1 6 0 0 0 0
2 7 8 1 7 0 1 9 0
0 1 0 1 0 2 10 13 0
2 9 13 1 0 1 0 1 15 0
2 10 11 1 0 1 0 1 17 0
1 12 0 0 0 0
1 12 0 0 0 0
1 14 0 0 1 20 1 20
1 14 0 0 0 0
2 15 16 1 20 0 1 22 0
0 1 0 1 0 2 24 28 0
2 17 21 1 0 1 0 1 30 0
2 18 19 1 0 1 0 1 32 0
1 20 0 0 0 0
1 20 0 0 0 0
1 22 0 0 1 35 1 35
1 22 0 0 0 0
2 23 24 1 35 0 1 37 0
0 1 0 1 0 2 39 43 0
0 0 0 0 0
18 10
1 1 0 0 0 1 1
2 2 6 3 14 1 2 1 2 2 15 4 0
2 3 4 2 0 15 2 0 15 2 5 7 0
1 5 0 0 0 0
1 5 0 0 0 0
1 7 0 0 1 10 1 10
1 7 0 0 0 0
2 8 9 1 10 0 1 12 0
1 1 1 15 1 15 1 14 1 14
0 1 15 1 15 0 0
73 33
1 1 0 0 0 0
1 2 0 0 0 1 1
2 3 7 3 58 1 2 1 2 2 65 48 0
2 4 5 2 0 65 2 0 65 2 49 51 0
1 6 0 0 0 0
1 6 0 0 0 0
1 8 0 0 1 54 1 54
1 8 0 0 0 0
2 9 10 1 54 0 1 56 0
1 2 1 65 1 65 1 58 1 58
1 11 0 0 0 0
2 12 13 3 2 65 3 3 2 65 3 4 6 59 60 11 0
0 0 0 0 0
2 14 15 2 6 60 2 6 60 1 13 0
0 0 0 0 0
2 16 17 2 6 60 2 6 60 1 15 0
0 0 0 0 0
1 18 0 0 0 0
2 19 23 3 44 62 6 1 6 3 64 63 21 0
2 20 21 1 63 1 63 1 23 0
1 22 0 0 0 0
1 22 0 0 0 0
1 24 0 0 1 26 1 26
1 24 0 0 0 0
2 25 32 1 26 0 1 28 0
2 26 27 4 65 64 0 3 4 65 64 0 3 6 29 30 31 33 34 36 0
1 31 0 0 0 0
2 28 29 2 31 34 2 31 34 1 38 0
1 30 0 0 0 0
1 30 0 0 0 1 63
1 31 1 63 0 1 61 1 61
1 18 2 61 64 1 64 2 62 44 2 44 62
0 1 63 1 63 1 46 0
24 9
1 1 1 0 1 0 1 4 0
2 2 3 1 0 1 0 3 14 16 19 0
1 4 0 0 0 1 14
1 4 1 14 1 14 1 21 1 21
2 5 6 4 14 21 0 4 2 0 4 4 6 22 23 11 0
0 4 0 6 23 2 4 0 6 23 2 0 0
2 7 8 1 4 1 4 1 13 0
0 4 0 6 23 3 4 0 6 23 3 0 0
0 4 0 6 23 1 4 0 6 23 1 0 0
9 7
2 1 2 1 0 1 0 0 0
1 3 0 0 0 0
1 3 0 0 0 0
2 4 5 1 1 1 1 1 4 0
1 6 0 0 0 0
1 6 0 0 0 0
0 1 4 1 4 2 7 8 0
6 1
0 1 0 1 0 3 2 4 5 0
6 1
0 1 0 1 0 3 2 4 5 0
3 1
0 0 0 0 0
3 1
0 0 0 0 0
9 3
1 1 0 0 0 0
1 2 0 0 0 0
0 0 0 5 4 5 6 7 8 0
7 1
0 2 0 1 2 0 1 5 2 3 4 5 6 0
49 5
1 1 0 0 0 0
1 2 0 0 0 0
1 3 0 0 11 4 21 22 23 24 25 26 27 28 31 32 0
2 3 4 3 37 4 26 2 4 26 5 43 35 36 37 48 1 37
0 1 4 1 4 3 38 39 40 0
21 1
0 0 0 13 0 16 17 18 7 8 9 10 11 12 13 14 15 0
1 1
0 0 0 1 0 0
6 4
2 1 2 2 0 1 2 0 1 1 3 0
1 3 0 0 0 1 2
1 3 0 0 0 1 0
0 2 2 0 0 2 4 5 0
6 4
2 1 2 2 0 1 2 0 1 1 3 0
1 3 0 0 0 1 2
1 3 0 0 0 1 0
0 2 2 0 0 2 4 5 0
13 6
2 1 2 1 0 1 0 1 3 0
1 3 0 0 0 0
1 3 0 0 0 1 0
2 4 5 2 0 1 1 1 5 5 8 9 10 12 0
0 0 0 0 0
0 1 10 1 10 0 0
1 1
0 0 0 0 0
129807 9
2 1 2 0 0 4 0 1 3 5 0
1 3 0 0 1 6 1 6
1 3 0 0 0 1 3
1 4 2 6 3 0 2 7 9 0
1 5 0 0 0 0
1 6 0 0 11 15 32 33 34 35 36 37 38 39 42 43 0
1 7 0 0 0 0
2 7 8 3 48 15 37 2 15 37 5 67 46 47 48 71 1 48
0 6 15 0 1 3 129804 129806 6 15 0 1 3 129804 129806 13 49 75 51 53 55 76 63 64 65 66 74 59 61 0
129803 4
2 1 2 0 0 2 1 2 0
1 3 0 0 1 3 0
1 3 0 0 0 0
0 2 0 129802 2 0 129802 23 6 7 9 10 11 14 15 16 20 25 26 48 31 32 49 37 38 50 43 44 51 46 47 0
2 3
2 1 2 0 0 0 0
0 1 0 1 0 1 1 0
0 1 0 1 0 0 0
12 1
0 2 0 1 2 0 1 7 2 4 5 6 9 10 11 0
45 3
2 1 2 0 0 0 0
0 2 0 1 2 0 1 1 2 0
0 2 0 1 2 0 1 20 3 5 6 7 10 11 12 16 21 22 41 27 28 42 33 34 43 39 40 44 0
129803 1
0 2 129802 0 2 129802 0 0 0
1 1
0 1 0 1 0 0 0
1 1
0 0 0 0 0
16 1
0 3 0 2 1 3 0 2 1 13 3 4 5 6 7 8 9 10 11 12 13 14 15 0
4 3
2 1 2 1 0 1 0 1 2 0
0 0 0 0 0
0 1 0 1 0 0 0
115 8
2 1 7 2 0 1 2 0 1 8 3 5 7 9 11 85 15 104 0
1 2 0 0 0 0
1 3 1 72 0 1 101 0
1 4 0 0 0 0
1 5 0 0 11 24 41 42 43 44 45 46 47 48 51 52 0
2 5 6 3 57 24 46 2 24 46 5 95 55 56 57 108 1 57
2 2 7 4 24 101 9 3 4 24 101 9 3 17 58 113 60 114 87 88 89 90 63 65 66 67 68 69 70 72 110 1 72
0 6 5 1 11 9 2 3 6 5 1 11 9 2 3 10 73 75 76 77 78 80 81 82 83 84 0
3 1
0 2 0 1 2 0 1 1 2 0
3 1
0 1 0 1 0 2 1 2 0
4 1
0 1 0 1 0 3 1 2 3 0
1 1
0 1 0 1 0 0 0
16 1
0 3 0 2 1 3 0 2 1 13 3 4 5 6 7 8 9 10 11 12 13 14 15 0
3 1
0 3 0 1 2 3 0 1 2 0 0
95 5
1 1 1 0 1 0 10 2 3 5 6 8 9 11 12 14 16 0
1 2 0 0 0 0
1 3 0 0 11 22 39 40 41 42 43 44 45 46 49 50 0
2 3 4 3 55 22 44 2 22 44 5 84 53 54 55 89 1 55
0 8 22 0 3 6 14 12 1 9 8 22 0 3 6 14 12 1 9 20 56 93 58 60 62 63 65 94 78 79 80 81 92 69 71 72 73 74 75 76 0
90 4
2 1 2 1 0 1 0 6 81 82 83 84 85 5 0
1 3 1 0 1 0 7 6 7 8 9 10 11 12 1 12
1 3 0 0 0 1 0
0 4 12 0 1 2 2 1 2 46 13 15 16 18 19 21 23 24 25 28 29 30 34 39 40 86 45 46 87 51 52 88 57 58 89 60 61 62 63 64 65 66 67 68 69 70 71 72 73 74 75 76 77 78 79 80 0
15 1
0 3 0 1 2 3 0 1 2 9 3 4 5 7 8 9 12 13 14 0
48 1
0 4 0 1 2 3 4 0 1 2 3 22 4 5 6 8 9 10 13 14 15 19 24 25 44 30 31 45 36 37 46 42 43 47 0
6 1
0 1 0 1 0 5 1 2 3 4 5 0
7 1
0 2 0 1 2 0 1 5 2 3 4 5 6 0
9 3
1 1 0 0 0 0
1 2 0 0 0 0
0 0 0 5 4 5 6 7 8 0
21 1
0 0 0 13 0 16 17 18 7 8 9 10 11 12 13 14 15 0
1 1
0 0 0 0 0
1 1
0 0 0 1 0 0
1 1
0 0 0 0 0
1 1
0 0 0 1 0 0
129804 6
2 1 2 0 0 4 0 1 3 5 0
1 3 0 0 1 6 1 6
1 3 0 0 0 1 3
1 4 2 6 3 0 2 7 9 0
1 5 0 0 0 0
0 5 0 1 3 129803 129772 5 0 1 3 129803 129772 15 15 16 17 38 19 21 23 39 31 32 33 34 37 27 29 0
16 3
2 1 2 2 0 2 2 0 2 3 11 12 4 0
0 0 0 0 0
1 0 3 0 2 1 3 0 2 1 7 6 7 8 10 0 1 2 0
12 1
0 2 0 1 2 0 1 7 10 11 3 4 5 6 9 0
17 3
2 1 2 2 0 2 2 0 2 3 11 12 4 0
0 0 0 0 0
1 0 3 0 2 1 3 0 2 1 6 7 8 10 0 1 2 0
12 1
0 2 0 1 2 0 1 7 10 11 3 4 5 6 9 0
100 19
2 1 2 1 0 1 0 3 2 3 4 0
0 2 0 1 2 0 1 13 5 6 7 8 9 10 11 12 13 14 15 16 17 0
2 3 4 1 3 1 3 1 18 0
0 2 0 1 2 0 1 10 19 20 21 22 23 24 25 26 27 28 0
2 5 6 1 3 1 3 1 29 0
0 2 0 1 2 0 1 7 30 31 32 33 34 35 36 0
2 7 8 1 3 1 3 1 37 0
0 2 0 1 2 0 1 7 38 39 40 41 42 43 44 0
2 9 10 1 3 1 3 1 45 0
0 2 0 1 2 0 1 7 46 47 48 49 50 51 52 0
2 11 12 1 3 1 3 1 53 0
0 2 0 1 2 0 1 13 54 55 56 57 58 59 60 61 62 63 64 65 66 0
2 13 14 1 3 1 3 1 67 0
0 2 0 1 2 0 1 13 68 69 70 71 72 73 74 75 76 77 78 79 80 0
2 15 16 1 3 1 3 1 81 0
0 2 0 1 2 0 1 13 82 83 84 85 86 87 88 89 90 91 92 93 94 0
2 17 18 1 3 1 3 1 95 0
0 2 0 1 2 0 1 4 96 97 98 99 0
0 2 1 0 2 1 0 0 0
25 1
0 3 0 2 1 3 0 2 1 22 3 4 5 6 7 8 9 10 11 12 13 14 15 16 17 18 19 20 21 22 23 24 0
17 7
2 1 2 1 0 1 0 1 2 0
1 3 0 0 0 0
1 3 0 0 0 1 0
2 4 6 1 0 0 2 4 14 0
1 5 0 0 0 0
2 5 6 2 13 4 1 4 4 11 10 13 15 1 13
0 1 13 0 1 16 0
90 13
1 1 0 0 0 0
2 2 3 1 0 1 0 1 73 0
1 4 0 0 0 0
1 4 0 0 0 1 0
2 5 6 2 0 1 1 1 7 3 5 7 9 11 13 15 0
2 7 6 1 7 1 7 1 16 0
1 7 0 0 1 17 0
2 8 12 2 7 5 2 7 5 10 18 19 20 21 22 23 25 75 29 84 0
1 9 0 0 0 0
1 10 1 54 0 1 81 0
1 11 0 0 0 0
2 9 12 3 81 13 5 3 81 13 5 19 38 39 40 88 42 89 77 78 79 80 45 47 48 49 50 51 52 54 85 1 54
0 7 9 1 25 13 2 21 5 7 9 1 25 13 2 21 5 13 55 57 58 59 60 64 65 66 67 68 69 70 71 0
3 1
0 2 0 1 2 0 1 1 2 0
3 1
0 1 0 1 0 2 1 2 0
4 1
0 1 0 1 0 3 1 2 3 0
3 1
0 1 0 1 0 2 1 2 0
1 1
0 1 0 1 0 0 0
107 12
2 1 11 1 0 1 0 5 2 3 106 6 48 0
1 2 1 3 1 3 2 17 18 0
1 3 0 0 0 0
2 4 9 1 6 1 6 1 51 0
1 5 0 0 0 0
2 6 8 1 6 1 6 2 101 102 0
2 7 8 1 101 1 101 1 103 0
2 7 8 3 100 18 101 2 18 101 34 68 69 70 71 72 73 74 75 76 77 78 79 80 81 82 83 84 85 86 87 88 89 90 91 92 93 94 95 96 97 98 99 100 105 1 100
2 8 11 4 62 100 18 6 2 18 6 4 54 60 62 64 1 62
1 10 0 0 0 0
2 10 11 3 21 18 6 2 18 6 4 45 19 21 50 1 21
0 3 0 1 3 3 0 1 3 20 22 23 24 25 26 27 28 29 31 32 33 34 35 36 37 38 39 40 41 42 0
34 1
0 3 0 1 2 3 0 1 2 30 3 4 5 6 8 9 10 11 12 13 14 15 16 17 18 19 20 21 22 23 24 25 26 27 28 29 30 31 32 33 0
3 1
0 3 0 1 2 3 0 1 2 0 0
64 3
1 1 1 0 1 0 10 2 3 5 6 8 9 11 12 14 16 0
1 2 0 0 0 0
0 7 0 3 6 14 12 1 9 7 0 3 6 14 12 1 9 31 22 23 24 62 26 28 30 31 33 63 55 56 57 58 61 37 38 39 40 41 42 43 45 46 47 48 49 50 51 52 53 0
106 4
2 1 2 1 0 1 0 6 99 100 101 102 103 5 0
1 3 1 0 1 0 10 6 7 8 9 10 11 12 13 14 15 1 15
1 3 0 0 0 1 0
0 4 15 0 1 2 2 1 2 61 16 18 19 21 22 24 26 27 28 30 31 33 35 37 38 39 40 41 44 45 46 49 51 54 59 60 104 65 66 105 68 69 70 71 72 73 74 75 76 77 78 79 80 81 82 83 84 85 86 87 88 89 90 91 92 93 94 95 96 97 98 0
103 5
2 1 2 2 4 2 2 4 2 10 7 9 10 11 12 13 14 15 16 18 0
0 6 0 1 4 2 3 6 6 0 1 4 2 3 6 56 19 20 21 22 23 24 25 26 27 28 29 30 33 34 35 37 38 40 41 42 43 44 45 46 47 48 49 50 51 52 53 55 56 57 58 59 60 61 62 63 64 65 66 67 68 69 70 71 72 73 74 75 76 77 78 79 0
2 3 4 3 16 0 1 3 16 0 1 7 81 82 83 84 85 86 87 0
0 3 81 6 0 3 81 6 0 4 89 90 91 92 0
1 0 7 4 5 0 1 2 3 6 7 4 5 0 1 2 3 6 9 94 95 0 1 2 3 4 5 6 0
21 3
2 1 2 1 0 1 0 8 3 4 6 7 9 10 13 14 0
0 3 0 1 2 3 0 1 2 0 0
0 6 7 1 0 4 10 2 6 7 1 0 4 10 2 3 16 18 19 0
15 1
0 3 0 1 2 3 0 1 2 9 3 4 5 7 8 9 12 13 14 0
62 1
0 4 0 2 1 3 4 0 2 1 3 38 4 6 7 9 11 12 13 14 15 17 19 21 22 23 25 26 27 30 31 32 36 41 42 60 47 48 61 49 50 51 52 53 54 55 56 57 58 59 0
129806 4
2 1 2 0 0 2 1 2 0
1 3 0 0 1 3 0
1 3 0 0 0 0
0 3 0 129805 129771 3 0 129805 129771 27 6 7 9 10 11 13 15 16 18 19 20 21 22 25 26 27 30 32 35 40 41 51 46 47 52 49 50 0
10 3
1 1 0 0 0 0
1 2 0 0 0 0
0 0 0 5 5 6 7 8 9 0
129740 4
2 1 3 0 0 1 20 0
1 2 0 0 0 0
2 2 3 1 13 0 10 17 4 6 7 8 9 10 11 13 22 1 13
0 1 129739 1 129739 0 0
42 3
2 1 2 2 3 1 2 3 1 1 4 0
0 1 2 1 2 6 22 24 25 26 28 29 0
1 0 4 0 3 2 1 4 0 3 2 1 21 7 8 9 11 12 13 14 15 16 17 30 32 33 34 36 37 21 0 1 2 3 0
7 1
0 2 0 1 2 0 1 3 5 6 4 0
41 3
2 1 2 2 3 1 2 3 1 1 4 0
0 1 2 1 2 6 21 23 24 25 27 28 0
1 0 4 0 3 2 1 4 0 3 2 1 21 7 8 9 11 12 13 14 15 16 17 29 31 32 33 35 36 20 0 1 2 3 0
7 1
0 2 0 1 2 0 1 3 5 6 4 0
339 38
37 1 2 3 4 5 6 7 8 9 10 11 12 13 14 15 16 17 18 19 20 21 22 23 24 25 26 27 28 29 30 31 32 33 34 35 36 37 1 0 1 0 2 1 2 0
0 0 0 0 0
0 0 0 0 0
0 0 0 0 0
0 0 0 0 0
0 0 0 0 0
0 0 0 0 0
0 0 0 0 0
0 0 0 0 0
0 0 0 0 0
0 0 0 0 0
0 0 0 0 0
0 0 0 0 0
0 0 0 0 0
0 0 0 0 0
0 0 0 0 0
0 0 0 0 0
0 0 0 0 0
0 0 0 0 0
0 0 0 0 0
0 1 0 1 0 14 42 43 44 45 46 157 158 156 159 161 162 163 165 166 0
0 1 0 1 0 6 51 52 53 170 171 169 0
0 1 0 1 0 16 57 58 59 60 172 174 175 176 178 179 180 182 183 184 186 187 0
0 1 0 1 0 8 65 66 188 190 191 192 194 195 0
0 1 0 1 0 8 70 71 196 198 199 200 202 203 0
0 1 0 1 0 16 75 76 77 78 204 206 207 208 210 211 212 214 215 216 218 219 0
0 1 0 1 0 16 83 84 85 86 220 222 223 224 226 227 228 230 231 232 234 235 0
0 1 0 1 0 16 91 92 93 94 236 238 239 240 242 243 244 246 247 248 250 251 0
0 1 0 1 0 8 99 100 252 254 255 256 258 259 0
0 1 0 1 0 14 104 105 106 107 108 260 262 263 264 266 267 271 272 270 0
0 1 0 1 0 8 113 114 273 275 276 277 279 280 0
0 1 0 1 0 14 118 119 120 121 122 281 283 284 285 287 288 292 293 291 0
0 1 0 1 0 8 127 128 294 296 297 298 300 301 0
0 1 0 1 0 14 132 133 134 135 136 302 304 305 306 308 309 313 314 312 0
0 1 0 1 0 8 141 142 315 317 318 319 321 322 0
0 1 0 1 0 8 146 147 323 325 326 327 329 330 0
0 1 0 1 0 8 150 151 331 333 334 335 337 338 0
1 37 0 0 1 3 0
35 7
2 1 2 2 3 2 2 3 2 1 4 0
0 0 0 0 0
2 3 6 3 0 3 1 3 0 3 1 20 6 7 8 10 11 12 13 14 15 16 17 18 21 22 23 24 25 26 27 28 0
2 4 5 4 3 0 1 2 4 3 0 1 2 2 30 31 0
0 0 0 0 0
0 0 0 0 0
0 0 0 0 0
15 5
2 1 4 2 0 1 2 0 1 5 11 12 13 14 5 0
2 2 3 3 0 1 12 3 0 1 12 1 7 0
0 0 0 0 0
0 0 0 0 0
0 0 0 0 0
35 7
2 1 2 2 3 2 2 3 2 1 4 0
0 0 0 0 0
2 3 6 3 0 3 1 3 0 3 1 20 6 7 8 10 11 12 13 14 15 16 17 18 21 22 23 24 25 26 27 28 0
2 4 5 4 3 0 1 2 4 3 0 1 2 2 30 31 0
0 0 0 0 0
0 0 0 0 0
0 0 0 0 0
15 5
2 1 4 2 0 1 2 0 1 5 11 12 13 14 5 0
2 2 3 3 0 1 12 3 0 1 12 1 7 0
0 0 0 0 0
0 0 0 0 0
0 0 0 0 0
361 142
37 1 4 7 10 13 16 19 22 25 28 31 34 37 40 43 46 49 52 55 58 65 68 75 78 81 88 95 102 105 112 115 122 125 132 135 138 141 1 0 1 0 2 2 3 0
2 2 3 1 1 1 1 3 5 6 7 0
0 0 0 0 0
0 0 0 0 0
2 5 6 1 1 1 1 3 11 12 13 0
0 0 0 0 0
0 0 0 0 0
2 8 9 1 1 1 1 3 17 18 19 0
0 0 0 0 0
0 0 0 0 0
2 11 12 1 1 1 1 3 23 24 25 0
0 0 0 0 0
0 0 0 0 0
2 14 15 1 1 1 1 3 29 30 31 0
0 0 0 0 0
0 0 0 0 0
2 17 18 1 1 1 1 3 35 36 37 0
0 0 0 0 0
0 0 0 0 0
2 20 21 1 1 1 1 3 41 42 43 0
0 0 0 0 0
0 0 0 0 0
2 23 24 1 1 1 1 3 47 48 49 0
0 0 0 0 0
0 0 0 0 0
2 26 27 1 1 1 1 3 53 54 55 0
0 0 0 0 0
0 0 0 0 0
2 29 30 1 1 1 1 3 59 60 61 0
0 0 0 0 0
0 0 0 0 0
2 32 33 1 1 1 1 3 65 66 67 0
0 0 0 0 0
0 0 0 0 0
2 35 36 1 1 1 1 3 71 72 73 0
0 0 0 0 0
0 0 0 0 0
2 38 39 1 1 1 1 3 77 78 79 0
0 0 0 0 0
0 0 0 0 0
2 41 42 1 1 1 1 3 83 84 85 0
0 0 0 0 0
0 0 0 0 0
2 44 45 1 1 1 1 3 89 90 91 0
0 0 0 0 0
0 0 0 0 0
2 47 48 1 1 1 1 3 95 96 97 0
0 0 0 0 0
0 0 0 0 0
2 50 51 1 1 1 1 3 101 102 103 0
0 0 0 0 0
0 0 0 0 0
2 53 54 1 1 1 1 3 107 108 109 0
0 0 0 0 0
0 0 0 0 0
2 56 57 1 1 1 1 3 113 114 115 0
0 0 0 0 0
0 0 0 0 0
2 59 64 2 0 1 2 0 1 5 119 120 123 124 125 0
2 60 63 2 0 1 2 0 1 5 121 122 128 129 130 0
2 61 62 2 1 120 2 1 120 5 126 127 131 132 133 0
0 0 0 0 0
0 0 0 0 0
0 0 0 0 0
0 0 0 0 0
2 66 67 1 1 1 1 3 141 142 143 0
0 2 0 1 2 0 1 7 139 140 144 145 146 147 148 0
0 0 0 0 0
2 69 74 2 0 1 2 0 1 5 153 154 155 156 157 0
2 70 73 2 0 1 2 0 1 5 151 152 158 159 162 0
2 71 72 2 1 154 2 1 154 3 160 161 163 0
0 0 0 0 0
0 0 0 0 0
0 0 0 0 0
0 0 0 0 0
2 76 77 1 1 1 1 3 171 172 173 0
0 2 0 1 2 0 1 5 169 170 174 175 176 0
0 0 0 0 0
2 79 80 1 1 1 1 3 181 182 183 0
0 2 0 1 2 0 1 5 179 180 184 185 186 0
0 0 0 0 0
2 82 87 2 0 1 2 0 1 5 189 190 193 194 195 0
2 83 86 2 0 1 2 0 1 5 191 192 198 199 200 0
2 84 85 2 1 190 2 1 190 3 196 197 201 0
0 0 0 0 0
0 0 0 0 0
0 0 0 0 0
0 0 0 0 0
2 89 94 2 0 1 2 0 1 5 207 208 211 212 213 0
2 90 93 2 0 1 2 0 1 5 209 210 216 217 218 0
2 91 92 2 1 208 2 1 208 3 214 215 219 0
0 0 0 0 0
0 0 0 0 0
0 0 0 0 0
0 0 0 0 0
2 96 101 2 0 1 2 0 1 5 225 226 229 230 231 0
2 97 100 2 0 1 2 0 1 5 227 228 234 235 236 0
2 98 99 2 1 226 2 1 226 3 232 233 237 0
0 0 0 0 0
0 0 0 0 0
0 0 0 0 0
0 0 0 0 0
2 103 104 1 1 1 1 3 245 246 247 0
0 2 0 1 2 0 1 5 243 244 248 249 250 0
0 0 0 0 0
2 106 111 2 0 1 2 0 1 5 255 256 257 258 259 0
2 107 110 2 0 1 2 0 1 5 253 254 260 261 264 0
2 108 109 2 1 256 2 1 256 5 262 263 265 266 267 0
0 0 0 0 0
0 0 0 0 0
0 0 0 0 0
0 0 0 0 0
2 113 114 1 1 1 1 3 275 276 277 0
0 2 0 1 2 0 1 5 273 274 278 279 280 0
0 0 0 0 0
2 116 121 2 0 1 2 0 1 5 285 286 287 288 289 0
2 117 120 2 0 1 2 0 1 5 283 284 290 291 294 0
2 118 119 2 1 286 2 1 286 5 292 293 295 296 297 0
0 0 0 0 0
0 0 0 0 0
0 0 0 0 0
0 0 0 0 0
2 123 124 1 1 1 1 3 305 306 307 0
0 2 0 1 2 0 1 5 303 304 308 309 310 0
0 0 0 0 0
2 126 131 2 0 1 2 0 1 5 315 316 317 318 319 0
2 127 130 2 0 1 2 0 1 5 313 314 320 321 324 0
2 128 129 2 1 316 2 1 316 5 322 323 325 326 327 0
0 0 0 0 0
0 0 0 0 0
0 0 0 0 0
0 0 0 0 0
2 133 134 1 1 1 1 3 335 336 337 0
0 2 0 1 2 0 1 5 333 334 338 339 340 0
0 0 0 0 0
2 136 137 1 1 1 1 3 345 346 347 0
0 2 0 1 2 0 1 5 343 344 348 349 350 0
0 0 0 0 0
2 139 140 1 1 1 1 3 354 355 356 0
0 2 0 1 2 0 1 5 352 353 357 358 359 0
0 0 0 0 0
1 141 0 0 1 4 0
8 1
0 2 0 1 2 0 1 6 2 3 4 5 6 7 0
129740 12
2 1 2 0 0 2 2 3 0
0 1 0 1 0 0 0
1 3 1 0 1 0 3 5 7 8 0
1 4 0 0 0 1 8
2 5 6 3 8 56 53 0 11 57 54 16 18 19 20 21 22 23 24 27 0
1 10 4 0 16 57 129739 4 0 16 57 129739 9 28 31 34 35 36 37 38 39 41 2 57 28
2 7 8 2 24 0 2 24 0 2 43 44 0
1 9 0 0 0 2 57 43
1 9 2 57 5 2 57 5 2 48 49 2 49 54
1 10 4 49 57 54 43 0 2 55 52 2 55 52
2 4 11 4 55 57 52 28 0 3 56 53 66 2 56 53
0 1 53 1 53 0 0
2 3
2 1 2 0 0 0 0
0 1 0 1 0 1 1 0
0 1 0 1 0 0 0
12 1
0 2 0 1 2 0 1 7 2 4 5 6 9 10 11 0
1 1
0 0 0 0 0
129772 1
0 3 129771 0 129723 3 129771 0 129723 2 2 3 0
129771 1
0 2 0 129770 2 0 129770 1 1 0
129771 1
0 1 129770 1 129770 1 1 0
9 1
0 1 0 1 0 8 1 2 3 4 5 6 7 8 0
129808 1
0 16 0 129807 129802 129804 129806 1 129773 129771 129803 129772 129723 129770 129741 129740 129739 129805 16 0 129807 129802 129804 129806 1 129773 129771 129803 129772 129723 129770 129741 129740 129739 129805 29 2 3 4 5 6 7 8 9 10 11 12 13 14 15 16 17 19 20 21 34 23 24 25 35 27 28 29 30 31 0
5 1
0 3 2 0 1 3 2 0 1 2 3 4 0
91 9
1 1 0 0 0 0
1 2 0 0 0 0
1 3 0 0 5 8 9 10 11 12 0
1 4 0 0 0 0
1 5 0 0 1 19 0
1 6 1 56 0 1 85 0
1 7 0 0 0 0
2 5 8 2 85 19 2 85 19 25 30 31 32 33 37 38 39 40 41 42 43 44 45 46 47 48 49 50 51 52 53 54 55 56 90 1 56
0 5 19 10 0 1 2 5 19 10 0 1 2 12 57 58 59 64 65 66 67 68 70 80 81 82 0
19 1
0 1 0 1 0 18 1 2 3 4 5 6 7 8 9 10 11 12 13 14 15 16 17 18 0
5 1
0 0 0 5 0 1 2 3 4 0
5 1
0 0 0 5 0 1 2 3 4 0
29 3
2 1 2 0 0 0 0
0 1 0 1 0 20 1 2 6 7 8 9 10 12 13 14 18 19 20 21 22 24 25 26 27 28 0
0 1 0 1 0 0 0
5 1
0 0 0 5 0 1 2 3 4 0
20 3
2 1 2 0 0 0 0
0 0 0 15 0 1 3 4 5 6 7 8 9 12 13 14 15 16 18 0
0 0 0 0 0
23 3
2 1 2 0 0 0 0
0 0 0 18 0 1 3 4 5 6 7 8 9 10 11 12 15 16 17 18 19 21 0
0 0 0 0 0
5 1
0 0 0 5 0 1 2 3 4 0
129706 1
0 3 0 129704 129705 3 0 129704 129705 1 1 0
129706 1
0 1 129705 1 129705 0 0
129714 1
0 4 129711 0 129712 129713 4 129711 0 129712 129713 23 1 2 3 4 5 6 8 9 13 14 15 16 17 19 20 21 25 26 27 28 29 31 32 0
129714 1
0 1 129713 1 129713 17 0 1 5 6 7 8 9 11 12 13 17 18 19 20 21 23 24 0
1 1
0 0 0 0 0
1 1
0 1 0 1 0 0 0
26 3
2 1 2 0 0 0 0
0 0 0 17 0 1 5 6 7 8 9 11 12 13 17 18 19 20 21 23 24 0
0 0 0 0 0
30 1
0 2 0 1 2 0 1 20 2 3 7 8 9 10 11 13 14 15 19 20 21 22 23 25 26 27 28 29 0
43 3
2 1 2 0 0 0 0
0 0 0 0 0
0 1 0 1 0 33 2 3 5 6 7 8 9 10 11 14 15 16 17 18 20 21 22 24 25 26 27 28 29 30 31 32 33 36 37 38 39 40 42 0
129710 1
0 1 129709 1 129709 0 0
1 1
0 0 0 0 0
1 1
0 0 0 0 0
1 1
0 0 0 0 0
129710 3
2 1 2 0 0 0 0
0 0 0 0 0
0 2 0 129709 2 0 129709 23 58 3 53 8 9 54 11 13 59 30 34 35 36 37 38 40 41 60 44 45 61 48 49 0
16 1
0 1 0 1 0 10 1 2 6 7 8 9 10 12 14 15 0
17 1
0 1 0 1 0 11 1 2 6 7 8 9 10 12 14 15 16 0
15 1
0 1 0 1 0 10 1 2 6 7 8 9 10 12 13 14 0
17 1
0 1 0 1 0 11 3 4 8 9 10 11 12 14 15 16 2 0
16 1
0 1 0 1 0 10 1 2 6 7 8 9 10 12 14 15 0
17 1
0 1 0 1 0 11 1 2 6 7 8 9 10 12 14 15 16 0
15 1
0 1 0 1 0 10 1 2 6 7 8 9 10 12 13 14 0
17 1
0 1 0 1 0 11 3 4 8 9 10 11 12 14 15 16 2 0
15 1
0 1 0 1 0 10 1 2 6 7 8 9 10 12 13 14 0
15 1
0 1 0 1 0 10 1 2 6 7 8 9 10 12 13 14 0
16 1
0 1 0 1 0 10 1 2 6 7 8 9 10 12 14 15 0
15 1
0 1 0 1 0 10 1 2 6 7 8 9 10 12 13 14 0
30 21
2 1 2 1 0 1 0 2 3 5 0
1 6 0 0 0 0
2 3 4 2 3 1 2 3 1 1 7 0
1 5 0 0 0 0
1 5 0 0 0 0
1 6 0 0 1 10 1 10
2 7 8 1 10 0 1 11 0
1 9 1 2 1 2 1 12 0
1 9 0 0 0 0
2 10 11 1 0 1 0 1 16 0
1 12 0 0 0 0
1 12 1 0 1 0 1 18 0
2 13 14 1 1 1 1 1 21 0
1 18 0 0 0 0
2 15 16 2 1 0 2 1 0 1 23 0
1 17 0 0 0 0
1 17 0 0 0 0
1 18 0 0 1 26 1 26
2 19 20 1 26 0 1 27 0
0 0 0 0 0
0 1 1 1 1 1 29 0
49 1
0 1 0 1 0 22 46 5 47 10 11 48 13 15 16 17 18 19 23 24 25 26 27 29 30 31 44 45 0
85 1
0 2 0 1 2 0 1 45 67 3 77 11 12 78 14 16 17 18 19 20 21 22 23 79 27 28 80 30 32 72 34 81 42 43 82 45 47 48 49 50 51 52 53 54 55 56 57 83 61 62 84 64 66 0
58 1
0 4 0 2 1 3 4 0 2 1 3 47 4 5 6 7 8 9 10 12 13 14 15 16 17 18 19 20 21 22 23 25 26 28 30 32 33 34 35 36 37 38 39 40 41 42 43 44 45 46 47 48 49 50 51 52 54 56 57 0
4 1
0 3 0 1 2 3 0 1 2 1 3 0
86 1
0 3 0 1 2 3 0 1 2 45 68 4 78 12 13 79 15 17 18 19 20 21 22 23 24 80 28 29 81 31 33 73 35 82 43 44 83 46 48 49 50 51 52 53 54 55 56 57 58 84 62 63 85 65 67 0
44 1
0 1 0 1 0 24 35 2 40 10 11 41 13 15 16 17 18 19 20 21 22 23 24 25 42 29 30 43 32 34 0
58 4
2 1 2 2 0 1 2 0 1 34 56 3 7 8 9 10 11 13 15 16 17 18 19 20 21 22 23 26 27 28 57 30 34 35 36 37 38 40 41 42 55 44 45 46 0
1 3 2 0 44 2 0 44 1 49 0
1 3 0 0 0 0
0 1 28 1 28 1 52 0
13 1
0 3 0 1 2 3 0 1 2 7 3 5 6 7 10 11 12 0
7 1
0 1 0 1 0 6 1 2 3 4 5 6 0
1 1
0 0 0 0 0
10 1
0 3 0 1 2 3 0 1 2 6 4 5 6 7 8 9 0
43 1
0 3 0 1 2 3 0 1 2 21 34 4 39 12 13 40 15 17 18 19 20 21 22 23 24 41 28 29 42 31 33 0
61 4
2 1 2 2 0 1 2 0 1 37 59 3 7 8 9 10 11 13 15 16 17 18 19 20 21 22 23 24 25 26 29 30 31 60 33 37 38 39 40 41 43 44 45 58 47 48 49 0
1 3 2 0 47 2 0 47 1 52 0
1 3 0 0 0 0
0 1 31 1 31 1 55 0
13 1
0 3 0 1 2 3 0 1 2 7 3 5 6 7 10 11 12 0
15 1
0 1 0 1 0 9 1 2 6 7 8 9 10 13 14 0
18 1
0 3 0 1 2 3 0 1 2 9 4 5 9 10 11 12 13 16 17 0
232 17
2 1 4 1 0 1 0 20 2 3 7 8 9 10 11 13 171 172 17 173 21 25 27 28 29 30 31 183 0
1 2 0 0 0 0
1 3 3 84 31 13 2 31 13 39 180 218 37 41 42 43 44 45 47 48 49 50 51 52 53 54 55 56 57 58 59 60 61 62 63 64 67 219 69 73 74 75 76 77 79 80 81 82 84 0
2 2 4 2 84 172 2 84 172 1 185 1 84
2 5 6 1 13 1 13 5 85 86 220 89 91 0
2 7 6 1 89 1 89 1 92 0
1 7 0 0 1 93 0
2 8 16 1 89 1 89 7 94 95 96 97 98 99 187 0
1 9 1 86 1 86 4 221 107 109 110 0
1 10 0 0 0 0
2 11 14 1 89 1 89 1 191 0
2 12 14 2 89 107 2 89 107 1 190 0
1 13 0 0 0 0
2 13 16 4 207 110 95 89 3 110 95 89 6 195 200 201 205 207 209 1 207
1 15 0 0 0 0
2 15 16 5 122 107 110 95 89 4 107 110 95 89 8 176 104 108 111 112 120 122 189 1 122
0 5 31 13 97 17 1 5 31 13 97 17 1 31 214 124 215 129 130 216 132 134 222 149 223 151 224 153 154 155 156 157 225 159 226 161 227 228 229 165 166 167 230 231 170 0
3 1
0 3 0 1 2 3 0 1 2 0 0
15 3
2 1 2 0 0 0 0
0 0 0 9 1 2 6 7 8 9 10 13 14 0
0 0 0 0 0
1 3
2 1 2 0 0 0 0
0 1 0 1 0 0 0
0 1 0 1 0 0 0
7 3
2 1 2 0 0 0 0
0 2 0 1 2 0 1 5 2 3 4 5 6 0
0 2 0 1 2 0 1 0 0
2 3
2 1 2 0 0 0 0
0 1 0 1 0 1 1 0
0 1 0 1 0 0 0
16 3
2 1 2 0 0 0 0
0 0 0 10 1 2 6 7 8 9 10 12 14 15 0
0 0 0 0 0
14 1
0 0 0 14 0 1 2 3 4 5 6 7 8 9 10 11 12 13 0
1 1
0 0 0 0 0
19 7
2 1 2 1 0 1 0 1 3 0
1 3 0 0 0 0
1 3 0 0 0 1 0
2 4 5 1 0 0 2 5 7 0
2 6 5 1 5 1 5 1 8 0
1 6 0 0 1 9 0
0 2 5 1 2 5 1 8 10 11 12 13 14 15 17 18 0
2 1
0 1 0 1 0 0 0
3 1
0 1 0 1 0 2 1 2 0
6 1
0 1 0 1 0 3 4 5 3 0
25 9
2 1 5 1 1 1 1 1 4 0
2 2 3 2 0 1 2 0 1 3 23 24 6 0
1 4 0 0 0 0
1 4 0 0 0 0
1 6 0 0 1 9 1 9
1 6 0 0 0 0
2 7 8 1 9 0 1 11 0
0 2 0 1 2 0 1 10 12 13 14 16 17 18 19 20 21 22 0
0 1 2 1 2 0 0
29 3
2 1 2 2 2 3 2 2 3 1 4 0
0 0 0 0 0
1 0 4 2 1 0 3 4 2 1 0 3 20 6 8 9 10 11 12 13 14 15 17 18 19 20 21 22 24 0 1 2 3 0
37 7
2 1 2 1 0 1 0 7 1 2 34 5 6 7 10 0
1 3 0 0 0 0
1 3 1 7 1 7 1 13 1 13
2 4 5 1 13 0 2 14 16 0
2 6 5 1 14 1 14 1 17 0
1 6 0 0 1 18 0
0 3 14 0 2 3 14 0 2 10 19 20 21 22 23 24 35 27 29 36 0
38 4
2 1 2 1 0 1 0 7 33 3 34 5 6 7 8 0
1 3 0 0 0 0
1 3 1 0 1 0 1 10 0
0 2 0 1 2 0 1 13 35 13 36 16 17 19 20 21 22 23 24 27 37 0
17 3
2 1 2 2 1 2 2 1 2 3 11 12 4 0
0 0 0 0 0
1 0 3 1 2 0 3 1 2 0 6 7 8 10 0 1 2 0
22 6
2 1 2 2 1 3 2 1 3 3 15 16 5 0
0 0 0 0 0
2 3 4 2 3 2 2 3 2 1 7 0
1 5 3 1 3 0 3 1 3 0 2 9 10 0
1 5 0 0 0 0
1 0 4 3 0 1 2 4 3 0 1 2 5 14 0 1 2 3 0
18 4
2 1 2 2 0 1 2 0 1 3 16 17 5 0
1 3 2 17 1 2 17 1 1 6 1 6
1 3 0 0 0 0
0 4 6 0 1 2 3 0 1 2 6 8 9 10 11 12 15 0
16 1
0 3 1 0 2 3 1 0 2 9 14 15 5 6 7 8 9 11 13 0
4 1
0 3 0 1 2 3 0 1 2 1 3 0
8 1
0 3 0 1 2 3 0 1 2 5 3 4 5 6 7 0
5 1
0 2 0 1 2 0 1 3 2 3 4 0
6 3
2 1 2 1 0 1 0 3 1 2 3 0
0 0 0 0 0
0 0 0 0 0
7 3
2 1 2 1 0 1 0 3 2 3 4 0
0 2 0 1 2 0 1 2 5 6 0
0 2 1 0 2 1 0 0 0
5 1
0 2 0 1 2 0 1 3 2 3 4 0
7 1
0 3 1 2 0 3 1 2 0 4 3 4 5 6 0
7 1
0 3 1 2 0 3 1 2 0 4 3 4 5 6 0
7 1
0 3 1 2 0 3 1 2 0 4 3 4 5 6 0
7 1
0 3 0 2 1 3 0 2 1 4 3 4 5 6 0
5 1
0 2 0 1 2 0 1 3 2 3 4 0
5 1
0 2 0 1 2 0 1 3 2 3 4 0
7 1
0 3 1 2 0 3 1 2 0 4 3 4 5 6 0
7 1
0 3 1 2 0 3 1 2 0 4 3 4 5 6 0
7 1
0 3 1 2 0 3 1 2 0 4 3 4 5 6 0
5 1
0 2 0 1 2 0 1 3 2 3 4 0
5 1
0 2 0 1 2 0 1 3 2 3 4 0
5 1
0 4 0 1 2 3 4 0 1 2 3 1 4 0
23 3
2 1 2 1 1 1 1 3 3 4 5 0
0 3 1 0 2 3 1 0 2 11 6 7 9 10 14 15 16 17 18 21 22 0
0 2 2 1 2 2 1 0 0
9 1
0 4 1 0 2 3 4 1 0 2 3 5 4 5 6 7 8 0
6 1
0 3 0 1 2 3 0 1 2 3 3 4 5 0
8 1
0 4 0 1 3 2 4 0 1 3 2 4 4 5 6 7 0
6 1
0 3 0 1 2 3 0 1 2 3 3 4 5 0
6 1
0 3 0 1 2 3 0 1 2 3 3 4 5 0
8 1
0 4 0 2 3 1 4 0 2 3 1 4 4 5 6 7 0
8 1
0 4 0 2 3 1 4 0 2 3 1 4 4 5 6 7 0
8 1
0 4 0 2 3 1 4 0 2 3 1 4 4 5 6 7 0
6 1
0 3 0 1 2 3 0 1 2 3 3 4 5 0
6 1
0 3 0 1 2 3 0 1 2 3 3 4 5 0
1 1
0 0 0 0 0
19 7
2 1 2 1 0 1 0 1 3 0
1 3 0 0 0 0
1 3 0 0 0 1 0
2 4 5 1 0 0 2 5 7 0
2 6 5 1 5 1 5 1 8 0
1 6 0 0 1 9 0
0 2 5 1 2 5 1 8 10 11 12 13 14 15 17 18 0
2 1
0 1 0 1 0 0 0
3 1
0 1 0 1 0 2 1 2 0
6 1
0 1 0 1 0 3 4 5 3 0
25 9
2 1 5 1 1 1 1 1 4 0
2 2 3 2 0 1 2 0 1 3 23 24 6 0
1 4 0 0 0 0
1 4 0 0 0 0
1 6 0 0 1 9 1 9
1 6 0 0 0 0
2 7 8 1 9 0 1 11 0
0 2 0 1 2 0 1 10 12 13 14 16 17 18 19 20 21 22 0
0 1 2 1 2 0 0
29 3
2 1 2 2 2 3 2 2 3 1 4 0
0 0 0 0 0
1 0 4 2 1 0 3 4 2 1 0 3 20 6 8 9 10 11 12 13 14 15 17 18 19 20 21 22 24 0 1 2 3 0
37 7
2 1 2 1 0 1 0 7 1 2 34 5 6 7 10 0
1 3 0 0 0 0
1 3 1 7 1 7 1 13 1 13
2 4 5 1 13 0 2 14 16 0
2 6 5 1 14 1 14 1 17 0
1 6 0 0 1 18 0
0 3 14 0 2 3 14 0 2 10 19 20 21 22 23 24 35 27 29 36 0
38 4
2 1 2 1 0 1 0 7 33 3 34 5 6 7 8 0
1 3 0 0 0 0
1 3 1 0 1 0 1 10 0
0 2 0 1 2 0 1 13 35 13 36 16 17 19 20 21 22 23 24 27 37 0
16 3
2 1 2 2 1 2 2 1 2 3 11 12 4 0
0 0 0 0 0
1 0 3 1 2 0 3 1 2 0 7 6 7 8 10 0 1 2 0
16 1
0 3 1 0 2 3 1 0 2 9 14 15 5 6 7 8 9 11 13 0
10 1
0 4 3 0 1 2 4 3 0 1 2 5 5 6 7 8 9 0
10 1
0 5 4 0 1 2 3 5 4 0 1 2 3 5 5 6 7 8 9 0
14 1
0 1 0 1 0 10 2 3 4 5 6 9 10 11 12 13 0
48 10
2 1 2 1 0 1 0 1 3 0
1 3 0 0 0 0
1 3 0 0 0 1 0
2 4 5 1 0 0 2 5 7 0
2 6 5 1 5 1 5 1 8 0
1 6 0 0 1 9 0
2 7 9 1 5 1 5 20 10 11 13 14 15 16 17 20 21 22 23 24 25 26 27 28 29 30 31 46 0
1 8 0 0 0 0
2 8 9 4 36 11 26 5 3 11 26 5 5 43 34 35 36 47 1 36
0 3 11 5 1 3 11 5 1 5 37 38 39 41 42 0
2 1
0 1 0 1 0 0 0
3 1
0 1 0 1 0 2 1 2 0
26 9
2 1 5 1 1 1 1 1 5 0
2 2 3 2 0 1 2 0 1 3 24 25 7 0
1 4 0 0 0 0
1 4 0 0 0 0
1 6 0 0 1 10 1 10
1 6 0 0 0 0
2 7 8 1 10 0 1 12 0
0 3 0 1 3 3 0 1 3 10 13 14 15 17 18 19 20 21 22 23 0
0 2 3 2 2 3 2 0 0
30 3
2 1 2 2 2 3 2 2 3 1 4 0
0 0 0 0 0
1 0 4 2 1 0 3 4 2 1 0 3 20 6 8 9 10 11 12 13 14 15 17 18 19 20 21 23 25 0 1 2 3 0
66 10
2 1 2 1 0 1 0 7 1 2 63 5 6 7 10 0
1 3 0 0 0 0
1 3 1 7 1 7 1 13 1 13
2 4 5 1 13 0 2 14 16 0
2 6 5 1 14 1 14 1 17 0
1 6 0 0 1 18 0
2 7 9 1 14 1 14 20 19 20 22 23 24 25 26 29 30 31 32 33 34 35 36 37 38 39 40 59 0
1 8 0 0 0 0
2 8 9 4 45 20 35 14 3 20 35 14 5 56 43 44 45 60 1 45
0 4 20 14 0 2 4 20 14 0 2 7 46 47 48 64 51 53 65 0
39 4
2 1 2 1 0 1 0 7 34 3 35 5 6 7 8 0
1 3 0 0 0 0
1 3 1 0 1 0 1 10 0
0 2 0 1 2 0 1 14 36 13 37 16 17 19 20 21 22 23 24 25 28 38 0
30 3
2 1 2 2 1 2 2 1 2 3 25 26 4 0
0 0 0 0 0
1 0 3 1 2 0 3 1 2 0 21 6 7 8 9 10 11 12 13 14 15 16 17 18 19 20 21 22 24 0 1 2 0
16 1
0 3 1 0 2 3 1 0 2 9 14 15 5 6 7 8 9 11 13 0
6 1
0 1 0 1 0 5 1 2 3 4 5 0
7 1
0 3 1 2 0 3 1 2 0 4 3 4 5 6 0
3 1
0 3 0 1 2 3 0 1 2 0 0
16 7
2 1 2 1 0 1 0 3 2 3 4 0
0 0 0 0 0
2 3 4 2 0 1 2 0 1 3 6 7 10 0
0 0 0 0 0
2 5 6 2 0 1 2 0 1 4 8 9 12 13 0
0 0 0 0 0
0 0 0 0 0
29 11
2 1 4 1 0 1 0 3 2 3 4 0
2 2 3 1 1 1 1 3 5 6 7 0
0 0 0 0 0
0 0 0 0 0
2 5 10 2 0 1 2 0 1 5 12 13 14 15 16 0
2 6 9 2 0 1 2 0 1 5 10 11 17 18 21 0
2 7 8 2 1 13 2 1 13 5 19 20 22 23 24 0
0 0 0 0 0
0 0 0 0 0
0 0 0 0 0
0 0 0 0 0
10 1
0 5 4 0 1 2 3 5 4 0 1 2 3 5 5 6 7 8 9 0
20 1
0 4 0 1 2 3 4 0 1 2 3 16 4 5 6 7 8 9 10 11 12 13 14 15 16 17 18 19 0
4 1
0 4 0 1 2 3 4 0 1 2 3 0 0
18 1
0 1 0 1 0 15 2 3 4 5 6 8 9 10 11 12 13 14 15 16 17 0
55 10
2 1 2 1 0 1 0 1 3 0
1 3 0 0 0 0
1 3 0 0 0 1 0
2 4 5 1 0 0 2 5 7 0
2 6 5 1 5 1 5 1 8 0
1 6 0 0 1 9 0
2 7 9 1 5 1 5 28 10 11 13 14 15 16 17 19 20 21 22 23 24 25 26 27 28 29 30 31 32 33 34 35 36 37 38 53 0
1 8 0 0 0 0
2 8 9 4 43 11 33 5 3 11 33 5 5 50 41 42 43 54 1 43
0 3 11 5 1 3 11 5 1 5 44 45 46 48 49 0
2 1
0 1 0 1 0 0 0
3 1
0 1 0 1 0 2 1 2 0
26 9
2 1 5 1 1 1 1 1 5 0
2 2 3 2 0 1 2 0 1 3 24 25 7 0
1 4 0 0 0 0
1 4 0 0 0 0
1 6 0 0 1 10 1 10
1 6 0 0 0 0
2 7 8 1 10 0 1 12 0
0 3 0 1 3 3 0 1 3 10 13 14 15 17 18 19 20 21 22 23 0
0 2 3 2 2 3 2 0 0
30 3
2 1 2 2 2 3 2 2 3 1 4 0
0 0 0 0 0
1 0 4 2 1 0 3 4 2 1 0 3 20 6 8 9 10 11 12 13 14 15 17 18 19 20 21 23 25 0 1 2 3 0
73 10
2 1 2 1 0 1 0 7 1 2 70 5 6 7 10 0
1 3 0 0 0 0
1 3 1 7 1 7 1 13 1 13
2 4 5 1 13 0 2 14 16 0
2 6 5 1 14 1 14 1 17 0
1 6 0 0 1 18 0
2 7 9 1 14 1 14 28 19 20 22 23 24 25 26 28 29 30 31 32 33 34 35 36 37 38 39 40 41 42 43 44 45 46 47 66 0
1 8 0 0 0 0
2 8 9 4 52 20 42 14 3 20 42 14 5 63 50 51 52 67 1 52
0 4 20 14 0 2 4 20 14 0 2 7 53 54 55 71 58 60 72 0
39 4
2 1 2 1 0 1 0 7 34 3 35 5 6 7 8 0
1 3 0 0 0 0
1 3 1 0 1 0 1 10 0
0 2 0 1 2 0 1 14 36 13 37 16 17 19 20 21 22 23 24 25 28 38 0
3 1
0 1 0 1 0 1 2 0
11 1
0 4 3 0 1 2 4 3 0 1 2 7 4 5 6 7 8 9 10 0
15 1
0 1 0 1 0 10 2 3 4 5 6 8 9 10 13 14 0
50 10
2 1 2 1 0 1 0 1 3 0
1 3 0 0 0 0
1 3 0 0 0 1 0
2 4 5 1 0 0 2 5 7 0
2 6 5 1 5 1 5 1 8 0
1 6 0 0 1 9 0
2 7 9 1 5 1 5 21 10 11 13 14 15 16 17 19 20 21 22 23 24 25 26 27 28 29 32 33 48 0
1 8 0 0 0 0
2 8 9 4 38 11 26 5 3 11 26 5 5 45 36 37 38 49 1 38
0 3 11 5 1 3 11 5 1 5 39 40 41 43 44 0
2 1
0 1 0 1 0 0 0
3 1
0 1 0 1 0 2 1 2 0
5 1
0 1 0 1 0 3 1 2 4 0
25 9
2 1 5 1 1 1 1 1 5 0
2 2 3 2 0 1 2 0 1 3 6 7 8 0
1 4 0 0 0 0
1 4 0 0 0 0
1 6 0 0 1 11 1 11
1 6 0 0 0 0
2 7 8 1 11 0 1 13 0
0 3 0 1 3 3 0 1 3 10 14 15 16 18 19 20 21 22 23 24 0
0 2 3 2 2 3 2 0 0
30 3
2 1 2 2 2 3 2 2 3 1 4 0
0 0 0 0 0
1 0 4 2 1 0 3 4 2 1 0 3 20 6 8 9 10 11 12 13 14 15 17 18 19 20 21 23 25 0 1 2 3 0
68 10
2 1 2 1 0 1 0 7 1 2 65 5 6 7 10 0
1 3 0 0 0 0
1 3 1 7 1 7 1 13 1 13
2 4 5 1 13 0 2 14 16 0
2 6 5 1 14 1 14 1 17 0
1 6 0 0 1 18 0
2 7 9 1 14 1 14 21 19 20 22 23 24 25 26 28 29 30 31 32 33 34 35 36 37 38 41 42 61 0
1 8 0 0 0 0
2 8 9 4 47 20 35 14 3 20 35 14 5 58 45 46 47 62 1 47
0 4 20 14 0 2 4 20 14 0 2 7 48 49 50 66 53 55 67 0
39 4
2 1 2 1 0 1 0 7 34 3 35 5 6 7 8 0
1 3 0 0 0 0
1 3 1 0 1 0 1 10 0
0 2 0 1 2 0 1 14 36 13 37 16 17 19 20 21 22 23 24 25 28 38 0
31 3
2 1 2 2 1 2 2 1 2 3 3 4 5 0
0 0 0 0 0
1 0 3 1 2 0 3 1 2 0 23 7 8 9 10 11 12 13 14 15 16 17 18 19 20 21 22 23 24 25 27 0 1 2 0
15 1
0 3 1 0 2 3 1 0 2 9 4 5 6 7 8 9 10 12 14 0
4 1
0 1 0 1 0 3 1 2 3 0
34 10
2 1 2 1 0 1 0 1 3 0
1 3 0 0 0 0
1 3 0 0 0 1 0
2 4 5 1 0 0 2 5 7 0
2 6 5 1 5 1 5 1 8 0
1 6 0 0 1 9 0
2 7 9 1 5 1 5 9 10 11 12 13 14 15 16 17 32 0
1 8 0 0 0 0
2 8 9 4 22 11 15 5 3 11 15 5 5 29 20 21 22 33 1 22
0 3 11 5 1 3 11 5 1 5 23 24 25 27 28 0
2 1
0 1 0 1 0 0 0
3 1
0 1 0 1 0 2 1 2 0
26 9
2 1 5 1 1 1 1 1 5 0
2 2 3 2 0 1 2 0 1 3 24 25 7 0
1 4 0 0 0 0
1 4 0 0 0 0
1 6 0 0 1 10 1 10
1 6 0 0 0 0
2 7 8 1 10 0 1 12 0
0 3 0 1 3 3 0 1 3 10 13 14 15 17 18 19 20 21 22 23 0
0 2 3 2 2 3 2 0 0
30 3
2 1 2 2 2 3 2 2 3 1 4 0
0 0 0 0 0
1 0 4 2 1 0 3 4 2 1 0 3 20 6 8 9 10 11 12 13 14 15 17 18 19 20 21 23 25 0 1 2 3 0
52 10
2 1 2 1 0 1 0 7 1 2 49 5 6 7 10 0
1 3 0 0 0 0
1 3 1 7 1 7 1 13 1 13
2 4 5 1 13 0 2 14 16 0
2 6 5 1 14 1 14 1 17 0
1 6 0 0 1 18 0
2 7 9 1 14 1 14 9 19 20 21 22 23 24 25 26 45 0
1 8 0 0 0 0
2 8 9 4 31 20 24 14 3 20 24 14 5 42 29 30 31 46 1 31
0 4 20 14 0 2 4 20 14 0 2 7 32 33 34 50 37 39 51 0
39 4
2 1 2 1 0 1 0 7 34 3 35 5 6 7 8 0
1 3 0 0 0 0
1 3 1 0 1 0 1 10 0
0 2 0 1 2 0 1 14 36 13 37 16 17 19 20 21 22 23 24 25 28 38 0
3 1
0 1 0 1 0 1 2 0
18 7
2 1 2 1 0 1 0 1 3 0
1 3 0 0 0 0
1 3 0 0 0 1 0
2 4 5 1 0 0 2 5 6 0
2 6 5 1 5 1 5 1 7 0
1 6 0 0 1 8 0
0 2 5 1 2 5 1 8 9 10 11 12 13 14 16 17 0
2 1
0 1 0 1 0 0 0
3 1
0 1 0 1 0 2 1 2 0
25 9
2 1 5 1 1 1 1 1 4 0
2 2 3 2 0 1 2 0 1 3 5 6 7 0
1 4 0 0 0 0
1 4 0 0 0 0
1 6 0 0 1 10 1 10
1 6 0 0 0 0
2 7 8 1 10 0 1 12 0
0 2 0 1 2 0 1 11 13 14 15 17 18 19 20 21 22 23 24 0
0 1 2 1 2 0 0
31 3
2 1 2 2 2 3 2 2 3 1 4 0
0 0 0 0 0
1 0 4 2 1 0 3 4 2 1 0 3 21 6 8 9 10 11 12 13 14 15 16 18 19 20 21 22 24 26 0 1 2 3 0
36 7
2 1 2 1 0 1 0 7 1 2 33 5 6 7 10 0
1 3 0 0 0 0
1 3 1 7 1 7 1 13 1 13
2 4 5 1 13 0 2 14 15 0
2 6 5 1 14 1 14 1 16 0
1 6 0 0 1 17 0
0 3 14 0 2 3 14 0 2 10 18 19 20 21 22 23 34 26 28 35 0
39 4
2 1 2 1 0 1 0 7 34 3 35 5 6 7 8 0
1 3 0 0 0 0
1 3 1 0 1 0 1 10 0
0 2 0 1 2 0 1 14 36 13 37 16 17 19 20 21 22 23 24 25 28 38 0
53 12
2 1 2 1 0 1 0 1 3 0
1 3 0 0 0 0
1 3 0 0 0 1 0
2 4 5 1 0 0 2 5 6 0
2 6 5 1 5 1 5 1 7 0
1 6 0 0 1 8 0
2 7 11 1 5 1 5 3 9 10 51 0
1 8 0 0 0 0
1 9 1 41 0 1 48 0
1 10 0 0 0 0
2 8 11 3 48 10 5 3 48 10 5 23 18 19 20 21 23 24 25 26 27 28 30 31 32 33 34 35 36 37 38 39 40 41 52 1 41
0 3 10 5 1 3 10 5 1 5 42 43 44 46 47 0
2 1
0 1 0 1 0 0 0
3 1
0 1 0 1 0 2 1 2 0
25 9
2 1 5 1 1 1 1 1 5 0
2 2 3 2 0 1 2 0 1 3 6 7 8 0
1 4 0 0 0 0
1 4 0 0 0 0
1 6 0 0 1 11 1 11
1 6 0 0 0 0
2 7 8 1 11 0 1 13 0
0 3 0 1 3 3 0 1 3 10 14 15 16 18 19 20 21 22 23 24 0
0 2 3 2 2 3 2 0 0
30 3
2 1 2 2 2 3 2 2 3 1 4 0
0 0 0 0 0
1 0 4 2 1 0 3 4 2 1 0 3 20 6 8 9 10 11 12 13 14 15 17 18 19 20 21 23 25 0 1 2 3 0
71 12
2 1 2 1 0 1 0 7 1 2 68 5 6 7 10 0
1 3 0 0 0 0
1 3 1 7 1 7 1 13 1 13
2 4 5 1 13 0 2 14 15 0
2 6 5 1 14 1 14 1 16 0
1 6 0 0 1 17 0
2 7 11 1 14 1 14 3 18 19 64 0
1 8 0 0 0 0
1 9 1 50 0 1 61 0
1 10 0 0 0 0
2 8 11 3 61 19 14 3 61 19 14 23 27 28 29 30 32 33 34 35 36 37 39 40 41 42 43 44 45 46 47 48 49 50 65 1 50
0 4 19 14 0 2 4 19 14 0 2 7 51 52 53 69 56 58 70 0
39 4
2 1 2 1 0 1 0 7 34 3 35 5 6 7 8 0
1 3 0 0 0 0
1 3 1 0 1 0 1 10 0
0 2 0 1 2 0 1 14 36 13 37 16 17 19 20 21 22 23 24 25 28 38 0
26 4
2 1 3 1 0 1 0 7 16 17 4 5 6 7 23 0
1 2 0 0 0 0
2 2 3 4 15 0 7 17 3 0 7 17 5 20 12 13 15 25 1 15
0 2 1 7 2 1 7 0 0
20 1
0 2 0 1 2 0 1 18 2 3 4 5 6 7 8 9 10 11 12 13 14 15 16 17 18 19 0
54 4
2 1 3 1 0 1 0 21 44 45 4 5 6 7 10 11 12 13 14 16 17 18 19 20 21 22 23 24 51 0
1 2 0 0 0 0
2 2 3 5 43 0 20 7 45 4 0 20 7 45 16 48 29 30 31 32 33 34 35 36 37 38 39 40 41 43 53 1 43
0 2 1 7 2 1 7 0 0
15 1
0 1 0 1 0 7 8 9 10 11 12 13 14 0
18 7
2 1 2 1 0 1 0 1 3 0
1 3 0 0 0 0
1 3 0 0 0 1 0
2 4 5 1 0 0 2 5 6 0
2 6 5 1 5 1 5 1 7 0
1 6 0 0 1 8 0
0 2 5 1 2 5 1 8 9 10 11 12 13 14 16 17 0
2 1
0 1 0 1 0 0 0
3 1
0 1 0 1 0 2 1 2 0
25 9
2 1 5 1 1 1 1 1 5 0
2 2 3 2 0 1 2 0 1 3 6 7 8 0
1 4 0 0 0 0
1 4 0 0 0 0
1 6 0 0 1 11 1 11
1 6 0 0 0 0
2 7 8 1 11 0 1 13 0
0 3 0 1 3 3 0 1 3 10 14 15 16 18 19 20 21 22 23 24 0
0 2 3 2 2 3 2 0 0
30 3
2 1 2 2 2 3 2 2 3 1 4 0
0 0 0 0 0
1 0 4 2 1 0 3 4 2 1 0 3 20 6 8 9 10 11 12 13 14 15 17 18 19 20 21 23 25 0 1 2 3 0
36 7
2 1 2 1 0 1 0 7 1 2 33 5 6 7 10 0
1 3 0 0 0 0
1 3 1 7 1 7 1 13 1 13
2 4 5 1 13 0 2 14 15 0
2 6 5 1 14 1 14 1 16 0
1 6 0 0 1 17 0
0 3 14 0 2 3 14 0 2 10 18 19 20 21 22 23 34 26 28 35 0
39 4
2 1 2 1 0 1 0 7 34 3 35 5 6 7 8 0
1 3 0 0 0 0
1 3 1 0 1 0 1 10 0
0 2 0 1 2 0 1 14 36 13 37 16 17 19 20 21 22 23 24 25 28 38 0
8 1
0 1 0 1 0 6 2 3 4 5 6 7 0
48 12
2 1 2 1 0 1 0 1 3 0
1 3 0 0 0 0
1 3 0 0 0 1 0
2 4 5 1 0 0 2 5 6 0
2 6 5 1 5 1 5 1 7 0
1 6 0 0 1 8 0
2 7 11 1 5 1 5 3 9 10 46 0
1 8 0 0 0 0
1 9 1 36 0 1 43 0
1 10 0 0 0 0
2 8 11 3 43 10 5 3 43 10 5 19 18 19 20 21 23 24 25 26 27 28 29 30 31 32 33 34 35 36 47 1 36
0 3 10 5 1 3 10 5 1 5 37 38 39 41 42 0
2 1
0 1 0 1 0 0 0
3 1
0 1 0 1 0 2 1 2 0
25 9
2 1 5 1 1 1 1 1 5 0
2 2 3 2 0 1 2 0 1 3 6 7 8 0
1 4 0 0 0 0
1 4 0 0 0 0
1 6 0 0 1 11 1 11
1 6 0 0 0 0
2 7 8 1 11 0 1 13 0
0 3 0 1 3 3 0 1 3 10 14 15 16 18 19 20 21 22 23 24 0
0 2 3 2 2 3 2 0 0
30 3
2 1 2 2 2 3 2 2 3 1 4 0
0 0 0 0 0
1 0 4 2 1 0 3 4 2 1 0 3 20 6 8 9 10 11 12 13 14 15 17 18 19 20 21 23 25 0 1 2 3 0
66 12
2 1 2 1 0 1 0 7 1 2 63 5 6 7 10 0
1 3 0 0 0 0
1 3 1 7 1 7 1 13 1 13
2 4 5 1 13 0 2 14 15 0
2 6 5 1 14 1 14 1 16 0
1 6 0 0 1 17 0
2 7 11 1 14 1 14 3 18 19 59 0
1 8 0 0 0 0
1 9 1 45 0 1 56 0
1 10 0 0 0 0
2 8 11 3 56 19 14 3 56 19 14 19 27 28 29 30 32 33 34 35 36 37 38 39 40 41 42 43 44 45 60 1 45
0 4 19 14 0 2 4 19 14 0 2 7 46 47 48 64 51 53 65 0
39 4
2 1 2 1 0 1 0 7 34 3 35 5 6 7 8 0
1 3 0 0 0 0
1 3 1 0 1 0 1 10 0
0 2 0 1 2 0 1 14 36 13 37 16 17 19 20 21 22 23 24 25 28 38 0
43 4
2 1 3 1 0 1 0 7 33 34 4 5 6 7 40 0
1 2 0 0 0 0
2 2 3 4 32 0 7 34 3 0 7 34 22 37 12 13 14 15 16 17 18 19 20 21 22 23 24 25 26 27 28 29 30 32 42 1 32
0 2 1 7 2 1 7 0 0
49 4
2 1 3 1 0 1 0 7 39 40 4 5 6 7 46 0
1 2 0 0 0 0
2 2 3 4 38 0 7 40 3 0 7 40 27 43 12 13 14 15 16 17 18 19 20 21 23 24 25 26 27 28 29 30 31 32 33 34 35 36 38 48 1 38
0 2 1 7 2 1 7 0 0
23 3
2 1 2 1 0 1 0 3 2 3 4 0
0 1 1 1 1 5 5 6 7 8 9 0
0 2 0 1 2 0 1 13 10 11 12 13 14 15 16 17 18 19 20 21 22 0
24 5
2 1 2 1 0 1 0 3 2 3 4 0
0 1 1 1 1 4 5 6 7 8 0
2 3 4 1 3 1 3 1 9 0
0 2 0 1 2 0 1 4 10 11 12 13 0
0 2 0 1 2 0 1 10 14 15 16 17 18 19 20 21 22 23 0
11 3
2 1 2 1 0 1 0 2 2 3 0
0 1 1 1 1 4 4 5 6 7 0
0 2 0 1 2 0 1 3 8 9 10 0
10 3
2 1 2 1 1 1 1 3 3 4 5 0
0 2 0 2 2 0 2 0 0
0 2 1 2 2 1 2 4 6 7 8 9 0
9 3
2 1 2 1 0 1 0 3 1 2 3 0
0 1 0 1 0 3 4 5 7 0
0 0 0 1 8 0
15 3
2 1 2 1 0 1 0 3 2 3 4 0
0 2 0 1 2 0 1 5 5 6 7 8 9 0
0 1 1 1 1 5 10 11 12 13 14 0
3 1
0 1 0 1 0 1 2 0
3 1
0 1 0 1 0 1 2 0
3 1
0 1 0 1 0 1 2 0
1 1
0 0 0 1 0 0
19 7
2 1 2 1 0 1 0 1 3 0
1 3 0 0 0 0
1 3 0 0 0 1 0
2 4 5 1 0 0 2 5 7 0
2 6 5 1 5 1 5 1 8 0
1 6 0 0 1 9 0
0 2 5 1 2 5 1 8 10 11 12 13 14 15 17 18 0
2 1
0 1 0 1 0 0 0
3 1
0 1 0 1 0 2 1 2 0
29 9
2 1 5 1 1 1 1 1 4 0
2 2 3 2 0 1 2 0 1 3 5 6 7 0
1 4 0 0 0 0
1 4 0 0 0 0
1 6 0 0 1 10 1 10
1 6 0 0 0 0
2 7 8 1 10 0 1 12 0
0 2 0 1 2 0 1 15 13 14 15 17 18 19 20 21 22 23 24 25 26 27 28 0
0 1 2 1 2 0 0
38 3
2 1 2 2 2 3 2 2 3 1 4 0
0 0 0 0 0
1 0 4 2 1 0 3 4 2 1 0 3 26 6 8 9 10 11 12 13 14 15 16 17 18 20 22 23 24 25 26 28 30 31 33 0 1 2 3 0
37 7
2 1 2 1 0 1 0 7 1 2 34 5 6 7 10 0
1 3 0 0 0 0
1 3 1 7 1 7 1 13 1 13
2 4 5 1 13 0 2 14 16 0
2 6 5 1 14 1 14 1 17 0
1 6 0 0 1 18 0
0 3 14 0 2 3 14 0 2 10 19 20 21 22 23 24 35 27 29 36 0
42 4
2 1 2 1 0 1 0 7 37 3 38 5 6 7 8 0
1 3 0 0 0 0
1 3 1 0 1 0 1 10 0
0 2 0 1 2 0 1 17 39 13 40 16 17 19 20 21 22 23 24 25 26 27 28 31 41 0
16 3
2 1 2 2 1 2 2 1 2 3 3 4 5 0
0 0 0 0 0
1 0 3 1 2 0 3 1 2 0 7 12 8 9 11 0 1 2 0
8 1
0 4 3 0 1 2 4 3 0 1 2 4 4 5 6 7 0
14 1
0 1 0 1 0 12 2 3 4 5 6 7 8 9 10 11 12 13 0
68 14
2 1 2 1 0 1 0 1 3 0
1 3 0 0 0 0
1 3 0 0 0 1 0
2 4 5 1 0 0 2 5 7 0
2 6 5 1 5 1 5 1 8 0
1 6 0 0 1 9 0
2 7 13 1 5 1 5 3 10 11 66 0
1 8 0 0 0 0
1 9 1 56 0 1 63 0
1 10 0 0 0 0
1 11 0 0 9 19 20 21 22 24 25 26 27 28 0
1 12 0 0 0 0
2 8 13 4 26 63 11 5 4 26 63 11 5 24 33 34 35 36 38 39 40 41 42 43 44 45 46 47 48 49 50 51 52 53 54 55 56 67 1 56
0 3 11 5 1 3 11 5 1 5 57 58 59 61 62 0
2 1
0 1 0 1 0 0 0
3 1
0 1 0 1 0 2 1 2 0
5 1
0 1 0 1 0 3 1 2 4 0
25 9
2 1 5 1 1 1 1 1 5 0
2 2 3 2 0 1 2 0 1 3 6 7 8 0
1 4 0 0 0 0
1 4 0 0 0 0
1 6 0 0 1 11 1 11
1 6 0 0 0 0
2 7 8 1 11 0 1 13 0
0 3 0 1 3 3 0 1 3 10 14 15 16 18 19 20 21 22 23 24 0
0 2 3 2 2 3 2 0 0
30 3
2 1 2 2 2 3 2 2 3 1 4 0
0 0 0 0 0
1 0 4 2 1 0 3 4 2 1 0 3 20 6 8 9 10 11 12 13 14 15 17 18 19 20 21 23 25 0 1 2 3 0
86 14
2 1 2 1 0 1 0 7 1 2 83 5 6 7 10 0
1 3 0 0 0 0
1 3 1 7 1 7 1 13 1 13
2 4 5 1 13 0 2 14 16 0
2 6 5 1 14 1 14 1 17 0
1 6 0 0 1 18 0
2 7 13 1 14 1 14 3 19 20 79 0
1 8 0 0 0 0
1 9 1 65 0 1 76 0
1 10 0 0 0 0
1 11 0 0 9 28 29 30 31 33 34 35 36 37 0
1 12 0 0 0 0
2 8 13 4 35 76 20 14 4 35 76 20 14 24 42 43 44 45 47 48 49 50 51 52 53 54 55 56 57 58 59 60 61 62 63 64 65 80 1 65
0 4 20 14 0 2 4 20 14 0 2 7 66 67 68 84 71 73 85 0
39 4
2 1 2 1 0 1 0 7 34 3 35 5 6 7 8 0
1 3 0 0 0 0
1 3 1 0 1 0 1 10 0
0 2 0 1 2 0 1 14 36 13 37 16 17 19 20 21 22 23 24 25 28 38 0
29 3
2 1 2 2 1 2 2 1 2 3 3 4 5 0
0 0 0 0 0
1 0 3 1 2 0 3 1 2 0 21 7 8 9 10 11 12 13 14 15 16 17 18 19 20 21 22 23 25 0 1 2 0
15 1
0 3 1 0 2 3 1 0 2 9 4 5 6 7 8 9 10 12 14 0
15 1
0 3 1 0 2 3 1 0 2 9 4 5 6 7 8 9 10 12 14 0
9 1
0 1 0 1 0 8 1 2 3 4 5 6 7 8 0
45 10
2 1 2 1 0 1 0 1 3 0
1 3 0 0 0 0
1 3 0 0 0 1 0
2 4 5 1 0 0 2 5 7 0
2 6 5 1 5 1 5 1 8 0
1 6 0 0 1 9 0
2 7 9 1 5 1 5 19 10 11 13 14 15 16 17 18 19 20 21 22 23 24 25 26 27 28 43 0
1 8 0 0 0 0
2 8 9 4 33 11 25 5 3 11 25 5 5 40 31 32 33 44 1 33
0 3 11 5 1 3 11 5 1 5 34 35 36 38 39 0
2 1
0 1 0 1 0 0 0
3 1
0 1 0 1 0 2 1 2 0
5 1
0 1 0 1 0 3 1 2 4 0
25 9
2 1 5 1 1 1 1 1 5 0
2 2 3 2 0 1 2 0 1 3 6 7 8 0
1 4 0 0 0 0
1 4 0 0 0 0
1 6 0 0 1 11 1 11
1 6 0 0 0 0
2 7 8 1 11 0 1 13 0
0 3 0 1 3 3 0 1 3 10 14 15 16 18 19 20 21 22 23 24 0
0 2 3 2 2 3 2 0 0
30 3
2 1 2 2 2 3 2 2 3 1 4 0
0 0 0 0 0
1 0 4 2 1 0 3 4 2 1 0 3 20 6 8 9 10 11 12 13 14 15 17 18 19 20 21 23 25 0 1 2 3 0
63 10
2 1 2 1 0 1 0 7 1 2 60 5 6 7 10 0
1 3 0 0 0 0
1 3 1 7 1 7 1 13 1 13
2 4 5 1 13 0 2 14 16 0
2 6 5 1 14 1 14 1 17 0
1 6 0 0 1 18 0
2 7 9 1 14 1 14 19 19 20 22 23 24 25 26 27 28 29 30 31 32 33 34 35 36 37 56 0
1 8 0 0 0 0
2 8 9 4 42 20 34 14 3 20 34 14 5 53 40 41 42 57 1 42
0 4 20 14 0 2 4 20 14 0 2 7 43 44 45 61 48 50 62 0
39 4
2 1 2 1 0 1 0 7 34 3 35 5 6 7 8 0
1 3 0 0 0 0
1 3 1 0 1 0 1 10 0
0 2 0 1 2 0 1 14 36 13 37 16 17 19 20 21 22 23 24 25 28 38 0
29 3
2 1 2 2 1 2 2 1 2 3 3 4 5 0
0 0 0 0 0
1 0 3 1 2 0 3 1 2 0 21 7 8 9 10 11 12 13 14 15 16 17 18 19 20 21 22 23 25 0 1 2 0
13 1
0 2 0 1 2 0 1 8 2 3 5 6 7 8 9 12 0
15 1
0 3 1 0 2 3 1 0 2 9 4 5 6 7 8 9 10 12 14 0
4 1
0 2 1 0 2 1 0 2 2 3 0
5 1
0 2 0 1 2 0 1 3 2 3 4 0
7 1
0 3 1 2 0 3 1 2 0 4 3 4 5 6 0
8 1
0 4 3 0 1 2 4 3 0 1 2 4 4 5 6 7 0
13 1
0 1 0 1 0 10 2 3 4 5 6 7 9 10 11 12 0
48 10
2 1 2 1 0 1 0 1 3 0
1 3 0 0 0 0
1 3 0 0 0 1 0
2 4 5 1 0 0 2 5 7 0
2 6 5 1 5 1 5 1 8 0
1 6 0 0 1 9 0
2 7 9 1 5 1 5 21 10 11 13 14 15 16 17 18 20 21 22 23 24 25 26 27 28 29 30 31 46 0
1 8 0 0 0 0
2 8 9 4 36 11 27 5 3 11 27 5 5 43 34 35 36 47 1 36
0 3 11 5 1 3 11 5 1 5 37 38 39 41 42 0
2 1
0 1 0 1 0 0 0
3 1
0 1 0 1 0 2 1 2 0
6 1
0 1 0 1 0 3 4 5 3 0
26 9
2 1 5 1 1 1 1 1 5 0
2 2 3 2 0 1 2 0 1 3 24 25 7 0
1 4 0 0 0 0
1 4 0 0 0 0
1 6 0 0 1 10 1 10
1 6 0 0 0 0
2 7 8 1 10 0 1 12 0
0 3 0 1 3 3 0 1 3 10 13 14 15 17 18 19 20 21 22 23 0
0 2 3 2 2 3 2 0 0
30 3
2 1 2 2 2 3 2 2 3 1 4 0
0 0 0 0 0
1 0 4 2 1 0 3 4 2 1 0 3 20 6 8 9 10 11 12 13 14 15 17 18 19 20 21 23 25 0 1 2 3 0
66 10
2 1 2 1 0 1 0 7 1 2 63 5 6 7 10 0
1 3 0 0 0 0
1 3 1 7 1 7 1 13 1 13
2 4 5 1 13 0 2 14 16 0
2 6 5 1 14 1 14 1 17 0
1 6 0 0 1 18 0
2 7 9 1 14 1 14 21 19 20 22 23 24 25 26 27 29 30 31 32 33 34 35 36 37 38 39 40 59 0
1 8 0 0 0 0
2 8 9 4 45 20 36 14 3 20 36 14 5 56 43 44 45 60 1 45
0 4 20 14 0 2 4 20 14 0 2 7 46 47 48 64 51 53 65 0
39 4
2 1 2 1 0 1 0 7 34 3 35 5 6 7 8 0
1 3 0 0 0 0
1 3 1 0 1 0 1 10 0
0 2 0 1 2 0 1 14 36 13 37 16 17 19 20 21 22 23 24 25 28 38 0
32 3
2 1 2 2 1 2 2 1 2 3 27 28 4 0
0 0 0 0 0
1 0 3 1 2 0 3 1 2 0 23 6 7 8 9 10 11 12 13 14 15 16 17 18 19 20 21 22 23 24 26 0 1 2 0
16 1
0 3 1 0 2 3 1 0 2 9 14 15 5 6 7 8 9 11 13 0
10 1
0 4 3 0 1 2 4 3 0 1 2 5 5 6 7 8 9 0
10 1
0 4 3 0 1 2 4 3 0 1 2 5 5 6 7 8 9 0
10 1
0 1 0 1 0 5 5 6 7 8 9 0
43 10
2 1 2 1 0 1 0 1 3 0
1 3 0 0 0 0
1 3 0 0 0 1 0
2 4 5 1 0 0 2 5 7 0
2 6 5 1 5 1 5 1 8 0
1 6 0 0 1 9 0
2 7 9 1 5 1 5 14 10 11 16 17 18 19 20 21 22 23 24 25 26 41 0
1 8 0 0 0 0
2 8 9 4 31 11 21 5 3 11 21 5 5 38 29 30 31 42 1 31
0 3 11 5 1 3 11 5 1 5 32 33 34 36 37 0
2 1
0 1 0 1 0 0 0
3 1
0 1 0 1 0 2 1 2 0
26 9
2 1 5 1 1 1 1 1 5 0
2 2 3 2 0 1 2 0 1 3 24 25 7 0
1 4 0 0 0 0
1 4 0 0 0 0
1 6 0 0 1 10 1 10
1 6 0 0 0 0
2 7 8 1 10 0 1 12 0
0 3 0 1 3 3 0 1 3 10 13 14 15 17 18 19 20 21 22 23 0
0 2 3 2 2 3 2 0 0
30 3
2 1 2 2 2 3 2 2 3 1 4 0
0 0 0 0 0
1 0 4 2 1 0 3 4 2 1 0 3 20 6 8 9 10 11 12 13 14 15 17 18 19 20 21 23 25 0 1 2 3 0
61 10
2 1 2 1 0 1 0 7 1 2 58 5 6 7 10 0
1 3 0 0 0 0
1 3 1 7 1 7 1 13 1 13
2 4 5 1 13 0 2 14 16 0
2 6 5 1 14 1 14 1 17 0
1 6 0 0 1 18 0
2 7 9 1 14 1 14 14 19 20 25 26 27 28 29 30 31 32 33 34 35 54 0
1 8 0 0 0 0
2 8 9 4 40 20 30 14 3 20 30 14 5 51 38 39 40 55 1 40
0 4 20 14 0 2 4 20 14 0 2 7 41 42 43 59 46 48 60 0
39 4
2 1 2 1 0 1 0 7 34 3 35 5 6 7 8 0
1 3 0 0 0 0
1 3 1 0 1 0 1 10 0
0 2 0 1 2 0 1 14 36 13 37 16 17 19 20 21 22 23 24 25 28 38 0
28 3
2 1 2 2 1 2 2 1 2 3 23 24 4 0
0 0 0 0 0
1 0 3 1 2 0 3 1 2 0 19 6 7 8 9 10 11 12 13 14 15 16 17 18 19 20 22 0 1 2 0
16 1
0 3 1 0 2 3 1 0 2 9 14 15 5 6 7 8 9 11 13 0
6 1
0 3 2 0 1 3 2 0 1 3 3 4 5 0
13 1
0 1 0 1 0 11 1 2 3 4 5 6 7 8 10 11 12 0
58 10
2 1 2 1 0 1 0 1 3 0
1 3 0 0 0 0
1 3 0 0 0 1 0
2 4 5 1 0 0 2 5 7 0
2 6 5 1 5 1 5 1 8 0
1 6 0 0 1 9 0
2 7 9 1 5 1 5 31 10 11 13 14 15 16 17 18 19 20 21 22 23 24 25 26 27 28 30 31 32 33 34 35 36 37 38 39 40 41 56 0
1 8 0 0 0 0
2 8 9 4 46 11 38 5 3 11 38 5 5 53 44 45 46 57 1 46
0 3 11 5 1 3 11 5 1 5 47 48 49 51 52 0
2 1
0 1 0 1 0 0 0
3 1
0 1 0 1 0 2 1 2 0
5 1
0 1 0 1 0 3 1 2 4 0
25 9
2 1 5 1 1 1 1 1 5 0
2 2 3 2 0 1 2 0 1 3 6 7 8 0
1 4 0 0 0 0
1 4 0 0 0 0
1 6 0 0 1 11 1 11
1 6 0 0 0 0
2 7 8 1 11 0 1 13 0
0 3 0 1 3 3 0 1 3 10 14 15 16 18 19 20 21 22 23 24 0
0 2 3 2 2 3 2 0 0
30 3
2 1 2 2 2 3 2 2 3 1 4 0
0 0 0 0 0
1 0 4 2 1 0 3 4 2 1 0 3 20 6 8 9 10 11 12 13 14 15 17 18 19 20 21 23 25 0 1 2 3 0
76 10
2 1 2 1 0 1 0 7 1 2 73 5 6 7 10 0
1 3 0 0 0 0
1 3 1 7 1 7 1 13 1 13
2 4 5 1 13 0 2 14 16 0
2 6 5 1 14 1 14 1 17 0
1 6 0 0 1 18 0
2 7 9 1 14 1 14 31 19 20 22 23 24 25 26 27 28 29 30 31 32 33 34 35 36 37 39 40 41 42 43 44 45 46 47 48 49 50 69 0
1 8 0 0 0 0
2 8 9 4 55 20 47 14 3 20 47 14 5 66 53 54 55 70 1 55
0 4 20 14 0 2 4 20 14 0 2 7 56 57 58 74 61 63 75 0
39 4
2 1 2 1 0 1 0 7 34 3 35 5 6 7 8 0
1 3 0 0 0 0
1 3 1 0 1 0 1 10 0
0 2 0 1 2 0 1 14 36 13 37 16 17 19 20 21 22 23 24 25 28 38 0
33 3
2 1 2 2 1 2 2 1 2 3 3 4 5 0
0 0 0 0 0
1 0 3 1 2 0 3 1 2 0 25 7 8 9 10 11 12 13 14 15 16 17 18 19 20 21 22 23 24 25 26 27 29 0 1 2 0
13 1
0 2 0 1 2 0 1 8 2 3 5 6 7 8 9 12 0
15 1
0 3 1 0 2 3 1 0 2 9 4 5 6 7 8 9 10 12 14 0
19 7
2 1 2 1 0 1 0 1 3 0
1 3 0 0 0 0
1 3 0 0 0 1 0
2 4 5 1 0 0 2 5 7 0
2 6 5 1 5 1 5 1 8 0
1 6 0 0 1 9 0
0 2 5 1 2 5 1 8 10 11 12 13 14 15 17 18 0
2 1
0 1 0 1 0 0 0
3 1
0 1 0 1 0 2 1 2 0
5 1
0 1 0 1 0 3 1 2 4 0
24 9
2 1 5 1 1 1 1 1 4 0
2 2 3 2 0 1 2 0 1 3 5 6 7 0
1 4 0 0 0 0
1 4 0 0 0 0
1 6 0 0 1 10 1 10
1 6 0 0 0 0
2 7 8 1 10 0 1 12 0
0 2 0 1 2 0 1 10 13 14 15 17 18 19 20 21 22 23 0
0 1 2 1 2 0 0
29 3
2 1 2 2 2 3 2 2 3 1 4 0
0 0 0 0 0
1 0 4 2 1 0 3 4 2 1 0 3 20 6 8 9 10 11 12 13 14 15 17 18 19 20 21 22 24 0 1 2 3 0
37 7
2 1 2 1 0 1 0 7 1 2 34 5 6 7 10 0
1 3 0 0 0 0
1 3 1 7 1 7 1 13 1 13
2 4 5 1 13 0 2 14 16 0
2 6 5 1 14 1 14 1 17 0
1 6 0 0 1 18 0
0 3 14 0 2 3 14 0 2 10 19 20 21 22 23 24 35 27 29 36 0
38 4
2 1 2 1 0 1 0 7 33 3 34 5 6 7 8 0
1 3 0 0 0 0
1 3 1 0 1 0 1 10 0
0 2 0 1 2 0 1 13 35 13 36 16 17 19 20 21 22 23 24 27 37 0
15 3
2 1 2 2 1 2 2 1 2 3 3 4 5 0
0 0 0 0 0
1 0 3 1 2 0 3 1 2 0 6 8 9 11 0 1 2 0
13 1
0 2 0 1 2 0 1 8 2 3 5 6 7 8 9 12 0
12 1
0 3 0 1 2 3 0 1 2 8 3 4 5 6 7 8 9 11 0
15 1
0 3 1 0 2 3 1 0 2 9 4 5 6 7 8 9 10 12 14 0
5 1
0 2 0 1 2 0 1 1 4 0
5 1
0 0 0 1 4 0
19 7
2 1 2 1 0 1 0 1 3 0
1 3 0 0 0 0
1 3 0 0 0 1 0
2 4 5 1 0 0 2 5 7 0
2 6 5 1 5 1 5 1 8 0
1 6 0 0 1 9 0
0 2 5 1 2 5 1 8 10 11 12 13 14 15 17 18 0
2 1
0 1 0 1 0 0 0
5 1
0 1 0 1 0 3 1 2 4 0
29 9
2 1 5 1 1 1 1 1 4 0
2 2 3 2 0 1 2 0 1 3 5 6 7 0
1 4 0 0 0 0
1 4 0 0 0 0
1 6 0 0 1 10 1 10
1 6 0 0 0 0
2 7 8 1 10 0 1 12 0
0 2 0 1 2 0 1 15 13 14 15 17 18 19 20 21 22 23 24 25 26 27 28 0
0 1 2 1 2 0 0
38 3
2 1 2 2 2 3 2 2 3 1 4 0
0 0 0 0 0
1 0 4 2 1 0 3 4 2 1 0 3 26 6 8 9 10 11 12 13 14 15 16 17 18 20 22 23 24 25 26 28 30 31 33 0 1 2 3 0
37 7
2 1 2 1 0 1 0 7 1 2 34 5 6 7 10 0
1 3 0 0 0 0
1 3 1 7 1 7 1 13 1 13
2 4 5 1 13 0 2 14 16 0
2 6 5 1 14 1 14 1 17 0
1 6 0 0 1 18 0
0 3 14 0 2 3 14 0 2 10 19 20 21 22 23 24 35 27 29 36 0
42 4
2 1 2 1 0 1 0 7 37 3 38 5 6 7 8 0
1 3 0 0 0 0
1 3 1 0 1 0 1 10 0
0 2 0 1 2 0 1 17 39 13 40 16 17 19 20 21 22 23 24 25 26 27 28 31 41 0
73 9
1 1 1 0 1 0 7 66 3 5 6 7 8 9 0
2 2 8 2 20 0 1 0 4 57 67 14 15 0
1 3 2 0 57 2 0 57 2 25 17 0
2 4 5 1 9 1 9 7 68 27 69 29 30 31 32 0
1 6 0 0 0 0
1 6 1 9 1 9 1 34 0
1 7 2 9 17 2 9 17 17 70 37 71 40 41 43 44 45 46 47 48 49 50 51 52 55 72 0
1 1 1 57 1 57 1 20 1 20
0 2 1 9 2 1 9 0 0
16 1
0 7 6 0 1 2 3 4 5 7 6 0 1 2 3 4 5 9 7 8 9 10 11 12 13 14 15 0
26 1
0 1 0 1 0 16 6 7 8 9 10 11 16 17 18 19 20 21 22 23 24 25 0
19 7
2 1 2 1 0 1 0 1 3 0
1 3 0 0 0 0
1 3 0 0 0 1 0
2 4 5 1 0 0 2 5 7 0
2 6 5 1 5 1 5 1 8 0
1 6 0 0 1 9 0
0 2 5 1 2 5 1 8 10 11 12 13 14 15 17 18 0
2 1
0 1 0 1 0 0 0
5 1
0 1 0 1 0 3 1 2 4 0
25 9
2 1 5 1 1 1 1 1 5 0
2 2 3 2 0 1 2 0 1 3 6 7 8 0
1 4 0 0 0 0
1 4 0 0 0 0
1 6 0 0 1 11 1 11
1 6 0 0 0 0
2 7 8 1 11 0 1 13 0
0 3 0 1 3 3 0 1 3 10 14 15 16 18 19 20 21 22 23 24 0
0 2 3 2 2 3 2 0 0
30 3
2 1 2 2 2 3 2 2 3 1 4 0
0 0 0 0 0
1 0 4 2 1 0 3 4 2 1 0 3 20 6 8 9 10 11 12 13 14 15 17 18 19 20 21 23 25 0 1 2 3 0
37 7
2 1 2 1 0 1 0 7 1 2 34 5 6 7 10 0
1 3 0 0 0 0
1 3 1 7 1 7 1 13 1 13
2 4 5 1 13 0 2 14 16 0
2 6 5 1 14 1 14 1 17 0
1 6 0 0 1 18 0
0 3 14 0 2 3 14 0 2 10 19 20 21 22 23 24 35 27 29 36 0
39 4
2 1 2 1 0 1 0 7 34 3 35 5 6 7 8 0
1 3 0 0 0 0
1 3 1 0 1 0 1 10 0
0 2 0 1 2 0 1 14 36 13 37 16 17 19 20 21 22 23 24 25 28 38 0
75 14
1 1 1 0 1 0 7 72 3 5 6 7 8 9 0
2 2 13 2 40 0 1 0 4 66 73 14 15 0
1 3 0 0 21 16 17 18 19 20 21 22 23 24 25 26 27 28 29 30 31 32 33 34 35 36 0
2 4 8 1 66 1 66 1 46 0
2 5 6 2 0 66 2 0 66 3 74 48 49 0
1 7 0 0 0 0
1 7 0 0 0 0
1 9 0 0 1 52 1 52
1 9 0 0 0 0
2 10 11 1 52 0 1 54 0
1 12 3 0 66 36 3 0 66 36 10 55 56 57 59 60 61 62 63 64 65 1 36
1 12 2 36 26 2 36 26 0 1 36
1 1 3 36 9 66 2 9 66 3 37 38 40 1 40
0 2 1 9 2 1 9 0 0
15 1
0 2 0 1 2 0 1 13 2 3 4 5 6 7 8 9 10 11 12 13 14 0
14 1
0 3 0 1 2 3 0 1 2 11 3 4 5 6 7 8 9 10 11 12 13 0
12 1
0 2 0 1 2 0 1 10 2 3 4 5 6 7 8 9 10 11 0
12 1
0 2 0 1 2 0 1 10 2 3 4 5 6 7 8 9 10 11 0
10 1
0 1 0 1 0 9 1 2 3 4 5 6 7 8 9 0
14 1
0 3 0 1 2 3 0 1 2 11 3 4 5 6 7 8 9 10 11 12 13 0
20 1
0 2 0 1 2 0 1 18 2 3 4 5 6 7 8 9 10 11 12 13 14 15 16 17 18 19 0
26 1
0 3 0 1 2 3 0 1 2 23 3 4 5 6 7 8 9 10 11 12 13 14 15 16 17 18 19 20 21 22 23 24 25 0
12 1
0 2 0 1 2 0 1 10 2 3 4 5 6 7 8 9 10 11 0
12 1
0 2 0 1 2 0 1 10 2 3 4 5 6 7 8 9 10 11 0
12 1
0 2 0 1 2 0 1 10 2 3 4 5 6 7 8 9 10 11 0
14 1
0 3 0 1 2 3 0 1 2 11 3 4 5 6 7 8 9 10 11 12 13 0
14 1
0 3 0 1 2 3 0 1 2 11 3 4 5 6 7 8 9 10 11 12 13 0
12 1
0 2 0 1 2 0 1 10 2 3 4 5 6 7 8 9 10 11 0
12 1
0 2 0 1 2 0 1 10 2 3 4 5 6 7 8 9 10 11 0
12 1
0 2 0 1 2 0 1 10 2 3 4 5 6 7 8 9 10 11 0
12 1
0 2 0 1 2 0 1 10 2 3 4 5 6 7 8 9 10 11 0
12 1
0 2 0 1 2 0 1 10 2 3 4 5 6 7 8 9 10 11 0
12 1
0 2 0 1 2 0 1 10 2 3 4 5 6 7 8 9 10 11 0
17 1
0 3 0 1 2 3 0 1 2 14 3 4 5 6 7 8 9 10 11 12 13 14 15 16 0
20 1
0 2 0 1 2 0 1 18 2 3 4 5 6 7 8 9 10 11 12 13 14 15 16 17 18 19 0
30 1
0 5 0 1 2 3 4 5 0 1 2 3 4 25 5 6 7 8 9 10 11 12 13 14 15 16 17 18 19 20 21 22 23 24 25 26 27 28 29 0
36 1
0 7 0 1 2 3 4 5 6 7 0 1 2 3 4 5 6 29 7 8 9 10 11 12 13 14 15 16 17 18 19 20 21 22 23 24 25 26 27 28 29 30 31 32 33 34 35 0
48 1
0 10 0 1 2 3 4 5 6 7 8 9 10 0 1 2 3 4 5 6 7 8 9 38 10 11 12 13 14 15 16 17 18 19 20 21 22 23 24 25 26 27 28 29 30 31 32 33 34 35 36 37 38 39 40 41 42 43 44 45 46 47 0
12 1
0 2 0 1 2 0 1 10 2 3 4 5 6 7 8 9 10 11 0
12 1
0 2 0 1 2 0 1 10 2 3 4 5 6 7 8 9 10 11 0
8 1
0 0 0 8 0 1 2 3 4 5 6 7 0
8 1
0 0 0 8 0 1 2 3 4 5 6 7 0
12 1
0 2 0 1 2 0 1 10 2 3 4 5 6 7 8 9 10 11 0
14 1
0 3 0 1 2 3 0 1 2 11 3 4 5 6 7 8 9 10 11 12 13 0
1 1
0 0 0 0 0
12 1
0 2 0 1 2 0 1 10 2 3 4 5 6 7 8 9 10 11 0
10 1
0 1 0 1 0 9 1 2 3 4 5 6 7 8 9 0
12 1
0 2 0 1 2 0 1 10 2 3 4 5 6 7 8 9 10 11 0
10 1
0 1 0 1 0 9 1 2 3 4 5 6 7 8 9 0
10 1
0 1 0 1 0 9 1 2 3 4 5 6 7 8 9 0
10 1
0 1 0 1 0 9 1 2 3 4 5 6 7 8 9 0
12 1
0 2 0 1 2 0 1 10 2 3 4 5 6 7 8 9 10 11 0
10 1
0 1 0 1 0 9 1 2 3 4 5 6 7 8 9 0
9 1
0 1 0 1 0 8 1 2 3 4 5 6 7 8 0
10 1
0 1 0 1 0 9 1 2 3 4 5 6 7 8 9 0
10 1
0 1 0 1 0 9 1 2 3 4 5 6 7 8 9 0
10 1
0 1 0 1 0 9 1 2 3 4 5 6 7 8 9 0
10 1
0 1 0 1 0 9 1 2 3 4 5 6 7 8 9 0
10 1
0 1 0 1 0 9 1 2 3 4 5 6 7 8 9 0
10 1
0 1 0 1 0 9 1 2 3 4 5 6 7 8 9 0
10 1
0 1 0 1 0 9 1 2 3 4 5 6 7 8 9 0
8 1
0 0 0 8 0 1 2 3 4 5 6 7 0
8 1
0 0 0 8 0 1 2 3 4 5 6 7 0
10 1
0 1 0 1 0 9 1 2 3 4 5 6 7 8 9 0
10 1
0 1 0 1 0 9 1 2 3 4 5 6 7 8 9 0
10 1
0 1 0 1 0 9 1 2 3 4 5 6 7 8 9 0
12 1
0 2 0 1 2 0 1 10 2 3 4 5 6 7 8 9 10 11 0
12 1
0 2 0 1 2 0 1 10 2 3 4 5 6 7 8 9 10 11 0
12 1
0 2 0 1 2 0 1 10 2 3 4 5 6 7 8 9 10 11 0
10 1
0 1 0 1 0 9 1 2 3 4 5 6 7 8 9 0
12 1
0 2 0 1 2 0 1 10 2 3 4 5 6 7 8 9 10 11 0
10 1
0 1 0 1 0 9 1 2 3 4 5 6 7 8 9 0
12 1
0 2 0 1 2 0 1 10 2 3 4 5 6 7 8 9 10 11 0
10 1
0 1 0 1 0 9 1 2 3 4 5 6 7 8 9 0
12 1
0 2 0 1 2 0 1 10 2 3 4 5 6 7 8 9 10 11 0
12 1
0 2 0 1 2 0 1 10 2 3 4 5 6 7 8 9 10 11 0
12 1
0 2 0 1 2 0 1 10 2 3 4 5 6 7 8 9 10 11 0
12 1
0 2 0 1 2 0 1 10 2 3 4 5 6 7 8 9 10 11 0
10 1
0 1 0 1 0 9 1 2 3 4 5 6 7 8 9 0
10 1
0 1 0 1 0 9 1 2 3 4 5 6 7 8 9 0
16 1
0 3 1 2 0 3 1 2 0 13 3 4 5 6 7 8 9 10 11 12 13 14 15 0
15 1
0 4 1 2 3 0 4 1 2 3 0 11 4 5 6 7 8 9 10 11 12 13 14 0
13 1
0 3 1 2 0 3 1 2 0 10 3 4 5 6 7 8 9 10 11 12 0
13 1
0 3 1 2 0 3 1 2 0 10 3 4 5 6 7 8 9 10 11 12 0
11 1
0 2 1 0 2 1 0 9 2 3 4 5 6 7 8 9 10 0
15 1
0 4 1 2 3 0 4 1 2 3 0 11 4 5 6 7 8 9 10 11 12 13 14 0
21 1
0 3 1 2 0 3 1 2 0 18 3 4 5 6 7 8 9 10 11 12 13 14 15 16 17 18 19 20 0
27 1
0 4 1 2 3 0 4 1 2 3 0 23 4 5 6 7 8 9 10 11 12 13 14 15 16 17 18 19 20 21 22 23 24 25 26 0
13 1
0 3 1 2 0 3 1 2 0 10 3 4 5 6 7 8 9 10 11 12 0
13 1
0 3 1 2 0 3 1 2 0 10 3 4 5 6 7 8 9 10 11 12 0
11 1
0 2 1 0 2 1 0 9 2 3 4 5 6 7 8 9 10 0
13 1
0 3 1 2 0 3 1 2 0 10 3 4 5 6 7 8 9 10 11 12 0
15 1
0 4 1 2 3 0 4 1 2 3 0 11 4 5 6 7 8 9 10 11 12 13 14 0
15 1
0 4 1 2 3 0 4 1 2 3 0 11 4 5 6 7 8 9 10 11 12 13 14 0
13 1
0 3 1 2 0 3 1 2 0 10 3 4 5 6 7 8 9 10 11 12 0
13 1
0 3 1 2 0 3 1 2 0 10 3 4 5 6 7 8 9 10 11 12 0
13 1
0 3 1 2 0 3 1 2 0 10 3 4 5 6 7 8 9 10 11 12 0
13 1
0 3 1 2 0 3 1 2 0 10 3 4 5 6 7 8 9 10 11 12 0
13 1
0 3 1 2 0 3 1 2 0 10 3 4 5 6 7 8 9 10 11 12 0
13 1
0 3 1 2 0 3 1 2 0 10 3 4 5 6 7 8 9 10 11 12 0
18 1
0 4 1 2 3 0 4 1 2 3 0 14 4 5 6 7 8 9 10 11 12 13 14 15 16 17 0
21 1
0 3 1 2 0 3 1 2 0 18 3 4 5 6 7 8 9 10 11 12 13 14 15 16 17 18 19 20 0
31 1
0 6 1 2 3 4 5 0 6 1 2 3 4 5 0 25 6 7 8 9 10 11 12 13 14 15 16 17 18 19 20 21 22 23 24 25 26 27 28 29 30 0
37 1
0 8 1 2 3 4 5 6 7 0 8 1 2 3 4 5 6 7 0 29 8 9 10 11 12 13 14 15 16 17 18 19 20 21 22 23 24 25 26 27 28 29 30 31 32 33 34 35 36 0
49 1
0 11 1 2 3 4 5 6 7 8 9 10 0 11 1 2 3 4 5 6 7 8 9 10 0 38 11 12 13 14 15 16 17 18 19 20 21 22 23 24 25 26 27 28 29 30 31 32 33 34 35 36 37 38 39 40 41 42 43 44 45 46 47 48 0
13 1
0 3 1 2 0 3 1 2 0 10 3 4 5 6 7 8 9 10 11 12 0
13 1
0 3 1 2 0 3 1 2 0 10 3 4 5 6 7 8 9 10 11 12 0
9 1
0 1 0 1 0 8 1 2 3 4 5 6 7 8 0
9 1
0 1 0 1 0 8 1 2 3 4 5 6 7 8 0
13 1
0 3 1 2 0 3 1 2 0 10 3 4 5 6 7 8 9 10 11 12 0
15 1
0 4 1 2 3 0 4 1 2 3 0 11 4 5 6 7 8 9 10 11 12 13 14 0
13 1
0 3 1 2 0 3 1 2 0 10 3 4 5 6 7 8 9 10 11 12 0
11 1
0 2 1 0 2 1 0 9 2 3 4 5 6 7 8 9 10 0
13 1
0 3 1 2 0 3 1 2 0 10 3 4 5 6 7 8 9 10 11 12 0
11 1
0 2 1 0 2 1 0 9 2 3 4 5 6 7 8 9 10 0
11 1
0 2 1 0 2 1 0 9 2 3 4 5 6 7 8 9 10 0
11 1
0 2 1 0 2 1 0 9 2 3 4 5 6 7 8 9 10 0
13 1
0 3 1 2 0 3 1 2 0 10 3 4 5 6 7 8 9 10 11 12 0
11 1
0 2 1 0 2 1 0 9 2 3 4 5 6 7 8 9 10 0
10 1
0 2 1 0 2 1 0 8 2 3 4 5 6 7 8 9 0
8 1
0 1 0 1 0 7 1 2 3 4 5 6 7 0
11 1
0 2 1 0 2 1 0 9 2 3 4 5 6 7 8 9 10 0
11 1
0 2 1 0 2 1 0 9 2 3 4 5 6 7 8 9 10 0
11 1
0 2 1 0 2 1 0 9 2 3 4 5 6 7 8 9 10 0
11 1
0 2 1 0 2 1 0 9 2 3 4 5 6 7 8 9 10 0
11 1
0 2 1 0 2 1 0 9 2 3 4 5 6 7 8 9 10 0
11 1
0 2 1 0 2 1 0 9 2 3 4 5 6 7 8 9 10 0
11 1
0 2 1 0 2 1 0 9 2 3 4 5 6 7 8 9 10 0
9 1
0 1 0 1 0 8 1 2 3 4 5 6 7 8 0
9 1
0 1 0 1 0 8 1 2 3 4 5 6 7 8 0
11 1
0 2 1 0 2 1 0 9 2 3 4 5 6 7 8 9 10 0
11 1
0 2 1 0 2 1 0 9 2 3 4 5 6 7 8 9 10 0
11 1
0 2 1 0 2 1 0 9 2 3 4 5 6 7 8 9 10 0
13 1
0 3 1 2 0 3 1 2 0 10 3 4 5 6 7 8 9 10 11 12 0
13 1
0 3 1 2 0 3 1 2 0 10 3 4 5 6 7 8 9 10 11 12 0
13 1
0 3 1 2 0 3 1 2 0 10 3 4 5 6 7 8 9 10 11 12 0
11 1
0 2 1 0 2 1 0 9 2 3 4 5 6 7 8 9 10 0
13 1
0 3 1 2 0 3 1 2 0 10 3 4 5 6 7 8 9 10 11 12 0
11 1
0 2 1 0 2 1 0 9 2 3 4 5 6 7 8 9 10 0
13 1
0 3 1 2 0 3 1 2 0 10 3 4 5 6 7 8 9 10 11 12 0
11 1
0 2 1 0 2 1 0 9 2 3 4 5 6 7 8 9 10 0
13 1
0 3 1 2 0 3 1 2 0 10 3 4 5 6 7 8 9 10 11 12 0
13 1
0 3 1 2 0 3 1 2 0 10 3 4 5 6 7 8 9 10 11 12 0
13 1
0 3 1 2 0 3 1 2 0 10 3 4 5 6 7 8 9 10 11 12 0
13 1
0 3 1 2 0 3 1 2 0 10 3 4 5 6 7 8 9 10 11 12 0
11 1
0 2 1 0 2 1 0 9 2 3 4 5 6 7 8 9 10 0
11 1
0 2 1 0 2 1 0 9 2 3 4 5 6 7 8 9 10 0
5 1
0 1 0 1 0 3 2 3 4 0
36 10
2 1 2 1 0 1 0 1 3 0
1 3 0 0 0 0
1 3 0 0 0 1 0
2 4 5 1 0 0 2 5 7 0
2 6 5 1 5 1 5 1 8 0
1 6 0 0 1 9 0
2 7 9 1 5 1 5 10 10 11 13 14 15 16 17 18 19 34 0
1 8 0 0 0 0
2 8 9 4 24 11 16 5 3 11 16 5 5 31 22 23 24 35 1 24
0 3 11 5 1 3 11 5 1 5 25 26 27 29 30 0
2 1
0 1 0 1 0 0 0
3 1
0 1 0 1 0 2 1 2 0
5 1
0 1 0 1 0 3 1 2 4 0
25 9
2 1 5 1 1 1 1 1 5 0
2 2 3 2 0 1 2 0 1 3 6 7 8 0
1 4 0 0 0 0
1 4 0 0 0 0
1 6 0 0 1 11 1 11
1 6 0 0 0 0
2 7 8 1 11 0 1 13 0
0 3 0 1 3 3 0 1 3 10 14 15 16 18 19 20 21 22 23 24 0
0 2 3 2 2 3 2 0 0
30 3
2 1 2 2 2 3 2 2 3 1 4 0
0 0 0 0 0
1 0 4 2 1 0 3 4 2 1 0 3 20 6 8 9 10 11 12 13 14 15 17 18 19 20 21 23 25 0 1 2 3 0
54 10
2 1 2 1 0 1 0 7 1 2 51 5 6 7 10 0
1 3 0 0 0 0
1 3 1 7 1 7 1 13 1 13
2 4 5 1 13 0 2 14 16 0
2 6 5 1 14 1 14 1 17 0
1 6 0 0 1 18 0
2 7 9 1 14 1 14 10 19 20 22 23 24 25 26 27 28 47 0
1 8 0 0 0 0
2 8 9 4 33 20 25 14 3 20 25 14 5 44 31 32 33 48 1 33
0 4 20 14 0 2 4 20 14 0 2 7 34 35 36 52 39 41 53 0
39 4
2 1 2 1 0 1 0 7 34 3 35 5 6 7 8 0
1 3 0 0 0 0
1 3 1 0 1 0 1 10 0
0 2 0 1 2 0 1 14 36 13 37 16 17 19 20 21 22 23 24 25 28 38 0
3 1
0 1 0 1 0 2 1 2 0
4 1
0 0 0 0 0
49 10
2 1 2 1 0 1 0 1 3 0
1 3 0 0 0 0
1 3 0 0 0 1 0
2 4 5 1 0 0 2 5 7 0
2 6 5 1 5 1 5 1 8 0
1 6 0 0 1 9 0
2 7 9 1 5 1 5 19 10 11 13 14 15 16 17 18 19 20 21 22 23 24 25 26 27 28 47 0
1 8 0 0 0 0
2 8 9 4 33 11 26 5 3 11 26 5 5 44 31 32 33 48 1 33
0 3 11 5 1 3 11 5 1 7 34 35 36 40 41 42 43 0
2 1
0 1 0 1 0 0 0
3 1
0 1 0 1 0 2 1 2 0
6 1
0 1 0 1 0 3 4 5 3 0
29 9
2 1 5 1 1 1 1 1 5 0
2 2 3 2 0 1 2 0 1 3 27 28 7 0
1 4 0 0 0 0
1 4 0 0 0 0
1 6 0 0 1 10 1 10
1 6 0 0 0 0
2 7 8 1 10 0 1 12 0
0 3 0 1 3 3 0 1 3 13 13 14 15 16 17 18 20 21 22 23 24 25 26 0
0 2 3 2 2 3 2 0 0
17 1
0 3 0 1 2 3 0 1 2 13 3 4 5 6 7 8 10 11 12 13 14 15 16 0
16 1
0 2 0 1 2 0 1 13 2 3 4 5 6 7 9 10 11 12 13 14 15 0
33 3
2 1 2 2 3 4 2 3 4 1 5 0
0 0 0 0 0
1 0 5 2 3 1 0 4 5 2 3 1 0 4 23 7 8 10 11 12 13 14 15 16 17 19 20 21 22 23 24 25 27 0 1 2 3 4 0
36 3
2 1 2 2 4 5 2 4 5 1 6 0
0 0 0 0 0
1 0 6 3 4 2 1 0 5 6 3 4 2 1 0 5 25 8 9 10 12 13 14 15 16 17 18 19 21 22 23 24 25 26 27 29 0 1 2 3 4 5 0
79 10
2 1 2 1 0 1 0 10 1 2 73 5 6 7 74 9 10 13 0
1 3 0 0 0 0
1 3 1 10 1 10 1 16 1 16
2 4 5 1 16 0 2 17 19 0
2 6 5 1 17 1 17 1 20 0
1 6 0 0 1 21 0
2 7 9 1 17 1 17 19 22 23 25 26 27 28 29 30 31 32 33 34 35 36 37 38 39 40 67 0
1 8 0 0 0 0
2 8 9 4 45 23 38 17 3 23 38 17 5 64 43 44 45 68 1 45
0 4 23 17 0 2 4 23 17 0 2 11 46 47 48 75 51 76 53 55 77 78 63 0
53 4
2 1 2 1 0 1 0 10 45 3 46 5 6 7 47 9 10 11 0
1 3 0 0 0 0
1 3 1 0 1 0 1 13 0
0 2 0 1 2 0 1 19 48 16 49 18 19 50 22 23 25 26 27 28 29 30 31 51 34 36 52 0
23 3
2 1 2 1 0 1 0 3 22 21 4 0
0 1 1 1 1 0 0
0 3 0 21 1 3 0 21 1 10 5 6 7 8 10 14 16 17 18 19 0
42 3
2 1 2 1 0 1 0 3 2 3 9 0
0 1 1 1 1 1 10 0
0 3 0 3 1 3 0 3 1 26 5 6 41 12 13 15 16 17 18 19 20 21 25 27 29 30 31 32 33 34 35 36 37 38 39 40 0
75 13
2 1 2 2 1 2 2 1 2 3 39 40 4 0
0 0 0 0 0
1 3 2 1 2 2 1 2 33 6 7 8 9 10 11 12 13 14 15 16 17 18 19 41 42 21 22 23 24 25 26 27 28 29 30 31 32 33 34 43 44 45 0
2 4 8 1 44 1 44 1 48 0
2 5 6 2 43 44 2 43 44 3 70 71 50 0
1 7 0 0 0 0
1 7 0 0 0 0
1 9 0 0 1 53 1 53
1 9 0 0 0 0
2 10 11 1 53 0 1 55 0
1 12 3 43 44 34 3 43 44 34 13 56 57 58 59 60 61 63 64 65 66 67 68 69 1 34
1 12 2 34 45 2 34 45 0 1 34
1 0 4 34 0 2 1 3 0 2 1 6 35 36 38 0 1 2 0
123 18
2 1 5 1 1 1 1 3 119 4 6 0
2 2 3 1 1 1 1 2 7 8 0
1 4 0 0 0 0
1 4 0 0 0 0
1 6 0 0 1 11 1 11
1 6 0 0 0 0
2 7 8 1 11 0 1 13 0
0 4 4 1 0 2 4 4 1 0 2 20 17 120 20 21 23 24 25 26 27 28 29 121 31 32 33 35 37 38 39 40 0
2 9 10 1 1 1 1 4 108 109 44 47 0
1 11 0 0 0 0
1 11 1 44 1 44 1 50 1 50
2 12 13 2 50 44 1 44 3 51 53 55 0
2 14 13 1 51 1 51 1 56 0
1 14 0 0 1 57 0
2 15 17 1 51 1 51 19 58 59 61 62 63 64 65 66 67 68 69 70 71 72 73 74 75 76 113 0
1 16 0 0 0 0
2 16 17 4 81 59 74 51 3 59 74 51 5 110 79 80 81 114 1 81
0 8 59 51 53 0 1 109 2 44 8 59 51 53 0 1 109 2 44 17 82 83 84 86 90 93 94 95 96 122 98 100 102 104 105 106 107 0
18 1
0 3 1 0 2 3 1 0 2 11 16 17 5 6 7 8 9 10 11 13 15 0
10 1
0 3 1 0 2 3 1 0 2 7 3 4 5 6 7 8 9 0
4 1
0 2 1 0 2 1 0 2 2 3 0
7 1
0 3 1 2 0 3 1 2 0 4 3 4 5 6 0
11 1
0 4 3 0 1 2 4 3 0 1 2 7 4 5 6 7 8 9 10 0
19 1
0 5 4 0 1 2 3 5 4 0 1 2 3 14 5 6 7 8 9 10 11 12 13 14 15 16 17 18 0
19 1
0 6 4 5 0 1 2 3 6 4 5 0 1 2 3 13 6 7 8 9 10 11 12 13 14 15 16 17 18 0
19 1
0 6 4 5 0 1 2 3 6 4 5 0 1 2 3 13 6 7 8 9 10 11 12 13 14 15 16 17 18 0
13 1
0 5 4 0 1 2 3 5 4 0 1 2 3 8 5 6 7 8 9 10 11 12 0
14 1
0 5 2 4 0 1 3 5 2 4 0 1 3 9 5 6 7 8 9 10 11 12 13 0
14 1
0 4 3 0 1 2 4 3 0 1 2 10 4 5 6 7 8 9 10 11 12 13 0
16 1
0 5 4 0 1 2 3 5 4 0 1 2 3 11 5 6 7 8 9 10 11 12 13 14 15 0
16 1
0 5 4 0 1 2 3 5 4 0 1 2 3 11 5 6 7 8 9 10 11 12 13 14 15 0
18 1
0 6 5 0 1 2 3 4 6 5 0 1 2 3 4 12 6 7 8 9 10 11 12 13 14 15 16 17 0
9 1
0 3 2 0 1 3 2 0 1 6 3 4 5 6 7 8 0
11 1
0 4 3 0 1 2 4 3 0 1 2 7 4 5 6 7 8 9 10 0
5 1
0 2 0 1 2 0 1 3 2 3 4 0
67 23
2 1 2 1 0 1 0 3 2 3 4 0
0 2 0 1 2 0 1 3 6 7 8 0
2 3 4 1 3 1 3 1 9 0
0 2 0 1 2 0 1 3 11 12 13 0
2 5 6 1 3 1 3 1 14 0
0 2 0 1 2 0 1 3 16 17 18 0
2 7 8 1 3 1 3 1 19 0
0 2 0 1 2 0 1 3 21 22 23 0
2 9 10 1 3 1 3 1 24 0
0 2 0 1 2 0 1 3 26 27 28 0
2 11 12 1 3 1 3 1 29 0
0 2 0 1 2 0 1 3 31 32 33 0
2 13 14 1 3 1 3 1 34 0
0 2 0 1 2 0 1 3 36 37 38 0
2 15 16 1 3 1 3 1 39 0
0 2 0 1 2 0 1 3 41 42 43 0
2 17 18 1 3 1 3 1 44 0
0 2 0 1 2 0 1 3 46 47 48 0
2 19 20 1 3 1 3 1 49 0
0 2 0 1 2 0 1 3 51 52 53 0
2 21 22 1 3 1 3 1 54 0
0 2 0 1 2 0 1 9 55 56 57 58 59 60 61 62 63 0
0 1 1 1 1 3 64 65 66 0
20 3
2 1 2 1 0 1 0 9 2 3 4 5 6 7 8 9 10 0
0 1 1 1 1 8 11 12 13 14 15 16 17 18 0
0 2 7 1 2 7 1 1 19 0
12 3
2 1 2 1 0 1 0 8 1 2 3 4 5 7 8 9 0
0 0 0 0 0
0 0 0 0 0
191 23
2 1 2 1 1 1 1 3 3 4 5 0
0 3 1 2 0 3 1 2 0 12 6 7 8 9 10 11 12 13 14 15 16 17 0
2 3 4 1 4 1 4 1 18 0
0 3 1 2 0 3 1 2 0 16 19 20 21 22 23 24 25 26 27 28 29 30 31 32 33 34 0
2 5 6 1 4 1 4 1 35 0
0 3 1 2 0 3 1 2 0 14 36 37 38 39 40 41 42 43 44 45 46 47 48 49 0
2 7 8 1 4 1 4 1 50 0
0 3 1 2 0 3 1 2 0 15 51 52 53 54 55 56 57 58 59 60 61 62 63 64 65 0
2 9 10 1 4 1 4 1 66 0
0 3 1 2 0 3 1 2 0 15 67 68 69 70 71 72 74 75 76 77 78 79 82 83 84 0
2 11 12 1 4 1 4 1 85 0
0 3 1 2 0 3 1 2 0 17 86 87 88 89 90 91 92 94 95 96 97 98 99 100 103 104 105 0
2 13 14 1 4 1 4 1 106 0
0 3 1 2 0 3 1 2 0 18 107 108 109 110 111 112 113 114 116 117 118 119 120 121 122 125 126 127 0
2 15 16 1 4 1 4 1 128 0
0 3 1 2 0 3 1 2 0 20 129 130 131 132 133 134 135 136 137 139 140 141 142 143 144 145 146 149 150 151 0
2 17 18 1 4 1 4 1 152 0
0 3 1 2 0 3 1 2 0 9 153 154 155 156 157 158 159 160 161 0
2 19 20 1 4 1 4 1 162 0
0 3 1 2 0 3 1 2 0 6 163 164 165 166 167 168 0
2 21 22 1 4 1 4 1 169 0
0 3 1 0 2 3 1 0 2 21 170 171 172 173 174 175 176 177 178 179 180 181 182 183 184 185 186 187 188 189 190 0
0 2 2 1 2 2 1 0 0
39 1
0 2 0 1 2 0 1 37 2 3 4 5 6 7 8 9 10 11 12 13 14 15 16 17 18 19 20 21 22 23 24 25 26 27 28 29 30 31 32 33 34 35 36 37 38 0
32 1
0 3 0 1 2 3 0 1 2 29 3 4 5 6 7 8 9 10 11 12 13 14 15 16 17 18 19 20 21 22 23 24 25 26 27 28 29 30 31 0
23 3
2 1 2 1 0 1 0 3 2 3 4 0
0 2 0 1 2 0 1 18 5 6 7 8 9 10 11 12 13 14 15 16 17 18 19 20 21 22 0
0 2 1 0 2 1 0 0 0
34 10
2 1 2 1 0 1 0 1 3 0
1 3 0 0 0 0
1 3 0 0 0 1 0
2 4 5 1 0 0 2 5 7 0
2 6 5 1 5 1 5 1 8 0
1 6 0 0 1 9 0
2 7 8 2 5 7 2 5 7 7 10 11 12 13 14 15 16 0
2 9 8 1 5 1 5 1 18 0
1 9 0 0 1 19 0
0 4 10 5 1 14 4 10 5 1 14 10 21 22 23 24 25 29 30 31 32 33 0
2 1
0 1 0 1 0 0 0
3 1
0 1 0 1 0 2 1 2 0
28 9
2 1 5 1 1 1 1 1 4 0
2 2 3 2 0 1 2 0 1 3 26 27 6 0
1 4 0 0 0 0
1 4 0 0 0 0
1 6 0 0 1 9 1 9
1 6 0 0 0 0
2 7 8 1 9 0 1 11 0
0 2 0 1 2 0 1 13 12 13 14 15 16 17 19 20 21 22 23 24 25 0
0 1 2 1 2 0 0
28 9
2 1 5 1 1 1 1 1 4 0
2 2 3 2 0 1 2 0 1 3 26 27 6 0
1 4 0 0 0 0
1 4 0 0 0 0
1 6 0 0 1 9 1 9
1 6 0 0 0 0
2 7 8 1 9 0 1 11 0
0 2 0 1 2 0 1 13 12 13 14 15 16 17 19 20 21 22 23 24 25 0
0 1 2 1 2 0 0
32 3
2 1 2 2 3 4 2 3 4 1 5 0
0 0 0 0 0
1 0 5 2 3 1 0 4 5 2 3 1 0 4 22 7 8 10 11 12 13 14 15 16 17 19 20 21 22 23 24 26 0 1 2 3 4 0
35 3
2 1 2 2 4 5 2 4 5 1 6 0
0 0 0 0 0
1 0 6 3 4 2 1 0 5 6 3 4 2 1 0 5 24 8 9 10 12 13 14 15 16 17 18 19 21 22 23 24 25 26 28 0 1 2 3 4 5 0
78 10
2 1 2 1 0 1 0 10 1 2 69 5 6 7 70 9 10 13 0
1 3 0 0 0 0
1 3 1 10 1 10 1 16 1 16
2 4 5 1 16 0 2 17 19 0
2 6 5 1 17 1 17 1 20 0
1 6 0 0 1 21 0
2 7 8 2 17 19 2 17 19 7 22 23 24 25 26 27 28 0
2 9 8 1 17 1 17 1 31 0
1 9 0 0 1 32 0
0 5 22 17 0 26 2 5 22 17 0 26 2 19 34 35 36 37 38 71 41 72 43 45 73 47 74 49 52 75 76 77 62 0
63 4
2 1 2 1 0 1 0 10 55 4 56 6 7 8 57 10 11 12 0
1 3 0 0 0 0
1 3 1 0 1 0 1 14 0
0 3 0 1 2 3 0 1 2 26 58 17 59 19 20 60 23 24 26 27 28 29 30 31 32 33 36 37 38 39 40 41 61 44 46 62 0
26 3
2 1 2 1 0 1 0 3 25 24 4 0
0 1 1 1 1 0 0
0 3 0 24 1 3 0 24 1 13 5 6 7 8 9 10 12 16 18 19 20 21 22 0
46 3
2 1 2 1 0 1 0 3 2 3 9 0
0 1 1 1 1 1 10 0
0 3 0 3 1 3 0 3 1 30 5 6 45 12 13 15 16 17 18 19 20 21 24 25 27 29 31 32 33 34 35 36 37 38 39 40 41 42 43 44 0
17 3
2 1 2 2 1 2 2 1 2 3 12 13 4 0
0 0 0 0 0
1 0 3 1 2 0 3 1 2 0 8 6 7 8 9 11 0 1 2 0
143 18
2 1 5 1 2 1 2 3 136 5 7 0
2 2 3 1 2 1 2 2 8 9 0
1 4 0 0 0 0
1 4 0 0 0 0
1 6 0 0 1 12 1 12
1 6 0 0 0 0
2 7 8 1 12 0 1 14 0
0 5 5 2 0 1 3 5 5 2 0 1 3 30 18 137 21 22 24 25 26 27 28 29 138 31 34 35 36 37 38 39 139 41 140 43 44 45 47 49 50 51 52 53 0
2 9 10 1 2 1 2 4 127 128 57 60 0
1 11 0 0 0 0
1 11 1 57 1 57 1 63 1 63
2 12 13 2 63 57 1 57 3 64 66 68 0
2 14 13 1 64 1 64 1 69 0
1 14 0 0 1 70 0
2 15 16 2 64 68 2 64 68 7 71 72 73 74 75 76 77 0
2 17 16 1 64 1 64 1 80 0
1 17 0 0 1 81 0
0 10 71 64 66 75 0 1 2 128 3 57 10 71 64 66 75 0 1 2 128 3 57 30 83 84 85 86 87 89 91 92 93 94 95 96 101 104 105 106 141 108 110 112 113 114 142 116 120 122 123 124 125 126 0
20 1
0 4 2 0 1 3 4 2 0 1 3 12 18 19 6 7 8 9 10 11 12 13 15 17 0
3 1
0 3 0 1 2 3 0 1 2 0 0
23 7
2 1 2 1 0 1 0 1 3 0
1 3 0 0 0 0
1 3 0 0 0 1 0
2 4 5 1 0 0 2 5 7 0
2 6 5 1 5 1 5 1 8 0
1 6 0 0 1 9 0
0 2 5 1 2 5 1 10 10 11 12 13 14 15 19 20 21 22 0
2 1
0 1 0 1 0 0 0
3 1
0 1 0 1 0 2 1 2 0
29 9
2 1 5 1 1 1 1 1 4 0
2 2 3 2 0 1 2 0 1 3 27 28 6 0
1 4 0 0 0 0
1 4 0 0 0 0
1 6 0 0 1 9 1 9
1 6 0 0 0 0
2 7 8 1 9 0 1 11 0
0 2 0 1 2 0 1 14 12 13 14 15 16 17 19 20 21 22 23 24 25 26 0
0 1 2 1 2 0 0
28 9
2 1 5 1 1 1 1 1 4 0
2 2 3 2 0 1 2 0 1 3 26 27 6 0
1 4 0 0 0 0
1 4 0 0 0 0
1 6 0 0 1 9 1 9
1 6 0 0 0 0
2 7 8 1 9 0 1 11 0
0 2 0 1 2 0 1 13 12 13 14 15 16 17 19 20 21 22 23 24 25 0
0 1 2 1 2 0 0
35 3
2 1 2 2 4 5 2 4 5 1 6 0
0 0 0 0 0
1 0 6 3 4 2 1 0 5 6 3 4 2 1 0 5 24 8 9 10 12 13 14 15 16 17 18 19 21 22 23 24 25 26 28 0 1 2 3 4 5 0
49 7
2 1 2 1 0 1 0 7 1 2 44 5 6 7 10 0
1 3 0 0 0 0
1 3 1 7 1 7 1 13 1 13
2 4 5 1 13 0 2 14 16 0
2 6 5 1 14 1 14 1 17 0
1 6 0 0 1 18 0
0 3 14 0 2 3 14 0 2 14 19 20 21 22 23 24 45 27 46 29 32 47 48 40 0
52 4
2 1 2 1 0 1 0 10 44 3 45 5 6 46 8 9 10 11 0
1 3 0 0 0 0
1 3 1 0 1 0 1 13 0
0 2 0 1 2 0 1 18 47 16 48 18 19 49 22 23 25 26 27 28 29 30 50 33 35 51 0
15 3
2 1 2 2 1 2 2 1 2 3 10 11 4 0
0 0 0 0 0
1 0 3 1 2 0 3 1 2 0 6 6 7 9 0 1 2 0
95 15
2 1 5 1 1 1 1 3 91 4 6 0
2 2 3 1 1 1 1 2 7 8 0
1 4 0 0 0 0
1 4 0 0 0 0
1 6 0 0 1 11 1 11
1 6 0 0 0 0
2 7 8 1 11 0 1 13 0
0 4 4 1 0 2 4 4 1 0 2 19 17 92 20 21 23 24 25 26 27 28 93 30 31 32 34 36 37 38 39 0
2 9 10 1 1 1 1 4 85 86 43 46 0
1 11 0 0 0 0
1 11 1 43 1 43 1 49 1 49
2 12 13 2 49 43 1 43 3 50 52 54 0
2 14 13 1 50 1 50 1 55 0
1 14 0 0 1 56 0
0 7 50 52 0 1 86 2 43 7 50 52 0 1 86 2 43 19 57 58 59 60 61 62 64 68 71 72 73 94 75 77 79 81 82 83 84 0
18 1
0 3 1 0 2 3 1 0 2 11 16 17 5 6 7 8 9 10 11 13 15 0
74 13
2 1 2 1 0 1 0 5 70 4 5 6 7 0
2 3 2 1 6 1 6 1 8 0
1 3 0 0 1 9 0
2 4 12 2 6 0 2 6 0 9 10 11 12 13 14 15 71 60 64 0
1 5 0 0 0 0
2 6 7 3 45 1 0 2 1 0 5 61 22 24 26 27 0
1 11 0 0 0 1 22
2 8 9 1 24 1 24 2 28 29 0
1 10 0 0 0 1 24
1 10 0 0 0 0
1 11 1 24 0 1 30 1 30
2 5 12 6 22 30 0 61 13 60 4 0 61 13 60 13 31 33 34 35 36 38 39 40 41 42 43 45 65 1 45
0 3 0 2 13 3 0 2 13 13 72 47 48 49 73 51 52 53 54 55 56 57 58 0
5 1
0 2 0 1 2 0 1 3 2 3 4 0
15 7
2 1 2 1 0 1 0 1 2 0
1 3 0 0 0 0
1 3 0 0 0 1 0
2 4 5 1 0 0 2 4 6 0
2 6 5 1 4 1 4 1 7 0
1 6 0 0 1 8 0
0 1 4 1 4 6 9 10 11 12 13 14 0
3 1
0 2 0 1 2 0 1 1 2 0
3 1
0 2 0 1 2 0 1 1 2 0
2 1
0 1 0 1 0 1 1 0
16 3
2 1 2 2 0 2 2 0 2 3 11 12 4 0
0 0 0 0 0
1 0 3 0 2 1 3 0 2 1 7 6 7 8 10 0 1 2 0
12 1
0 2 0 1 2 0 1 7 10 11 3 4 5 6 9 0
13 1
0 3 1 0 2 3 1 0 2 7 11 12 4 5 6 7 10 0
20 3
2 1 2 2 1 3 2 1 3 3 13 14 5 0
0 0 0 0 0
1 0 4 1 3 0 2 4 1 3 0 2 8 8 9 10 12 0 1 2 3 0
191 38
37 1 2 3 4 5 6 7 8 9 10 11 12 13 14 15 16 17 18 19 20 21 22 23 24 25 26 27 28 29 30 31 32 33 34 35 36 37 1 1 1 1 2 3 4 0
0 1 2 1 2 1 6 0
0 1 2 1 2 1 8 0
0 1 2 1 2 1 10 0
0 1 2 1 2 1 12 0
0 1 2 1 2 1 14 0
0 1 2 1 2 1 16 0
0 1 2 1 2 1 18 0
0 1 2 1 2 1 20 0
0 1 2 1 2 1 22 0
0 1 2 1 2 1 24 0
0 1 2 1 2 1 26 0
0 1 2 1 2 1 28 0
0 1 2 1 2 1 30 0
0 1 2 1 2 1 32 0
0 1 2 1 2 1 34 0
0 1 2 1 2 1 36 0
0 1 2 1 2 1 38 0
0 1 2 1 2 1 40 0
0 1 2 1 2 1 42 0
0 3 1 0 2 3 1 0 2 14 44 45 46 47 48 49 50 51 52 53 54 55 56 57 0
0 3 1 0 2 3 1 0 2 10 59 60 61 62 63 64 65 66 67 68 0
0 3 1 0 2 3 1 0 2 8 70 71 72 73 74 75 76 77 0
0 3 1 0 2 3 1 0 2 5 79 80 81 82 83 0
0 3 1 0 2 3 1 0 2 5 85 86 87 88 89 0
0 3 1 0 2 3 1 0 2 8 91 92 93 94 95 96 97 98 0
0 3 1 0 2 3 1 0 2 8 100 101 102 103 104 105 106 107 0
0 3 1 0 2 3 1 0 2 8 109 110 111 112 113 114 115 116 0
0 2 1 2 2 1 2 4 118 119 120 121 0
0 2 1 2 2 1 2 13 123 124 125 126 127 128 129 130 131 132 133 134 135 0
0 2 1 2 2 1 2 4 137 138 139 140 0
0 2 1 2 2 1 2 13 142 143 144 145 146 147 148 149 150 151 152 153 154 0
0 2 1 2 2 1 2 4 156 157 158 159 0
0 2 1 2 2 1 2 13 161 162 163 164 165 166 167 168 169 170 171 172 173 0
0 3 1 0 2 3 1 0 2 5 175 176 177 178 179 0
0 3 1 0 2 3 1 0 2 5 181 182 183 184 185 0
0 3 1 0 2 3 1 0 2 5 186 187 188 189 190 0
1 37 0 0 1 5 0
65 3
2 1 2 2 0 1 2 0 1 11 2 3 5 61 8 9 62 11 12 13 16 0
0 1 13 1 13 2 18 19 0
0 4 0 1 3 5 4 0 1 3 5 26 20 21 22 55 25 26 27 56 30 31 32 33 34 36 37 38 39 40 42 45 63 50 51 64 53 54 0
20 3
2 1 2 1 1 1 1 3 3 4 5 0
0 1 2 1 2 6 6 7 8 9 10 11 0
0 3 1 0 2 3 1 0 2 8 12 13 14 15 16 17 18 19 0
22 1
0 3 1 0 2 3 1 0 2 17 5 6 7 8 9 10 11 12 13 14 15 16 17 18 19 20 21 0
13 1
0 3 1 0 2 3 1 0 2 7 11 12 4 5 6 7 10 0
40 3
2 1 2 2 1 2 2 1 2 3 34 35 5 0
0 0 0 0 0
1 0 4 1 2 0 3 4 1 2 0 3 30 7 8 9 10 11 12 13 14 15 16 17 18 19 20 21 22 23 24 25 26 27 28 29 30 31 33 0 1 2 3 0
26 1
0 3 1 0 2 3 1 0 2 21 5 6 7 8 9 10 11 12 13 14 15 16 17 18 19 20 21 22 23 24 25 0
24 3
2 1 2 1 0 1 0 3 2 3 4 0
0 1 1 1 1 5 5 6 7 8 9 0
0 2 0 1 2 0 1 14 10 11 12 13 14 15 16 17 18 19 20 21 22 23 0
13 1
0 3 1 0 2 3 1 0 2 7 11 12 4 5 6 7 10 0
81 14
1 1 0 0 0 1 2
2 2 3 3 42 2 1 1 1 4 75 79 44 5 0
0 0 0 0 0
1 4 0 0 21 7 8 9 10 11 12 13 14 15 16 17 18 19 20 21 22 23 24 25 26 27 0
2 5 9 1 75 1 75 1 50 0
2 6 7 2 1 75 2 1 75 3 80 70 52 0
1 8 0 0 0 0
1 8 0 0 0 0
1 10 0 0 1 55 1 55
1 10 0 0 0 0
2 11 12 1 55 0 1 57 0
1 13 3 1 75 27 3 1 75 27 10 58 59 60 62 63 64 65 66 67 68 1 27
1 13 2 27 17 2 27 17 0 1 27
1 1 4 27 0 3 75 3 0 3 75 14 28 29 30 31 32 33 34 35 36 37 38 39 40 42 1 42
26 1
0 3 1 0 2 3 1 0 2 21 5 6 7 8 9 10 11 12 13 14 15 16 17 18 19 20 21 22 23 24 25 0
9 5
2 1 2 1 0 1 0 2 1 2 0
0 0 0 1 3 0
2 3 4 1 1 1 1 1 4 0
0 1 0 1 0 2 5 7 0
0 0 0 1 8 0
43 3
2 1 2 2 1 2 2 1 2 3 37 38 5 0
0 0 0 0 0
1 0 4 1 2 0 3 4 1 2 0 3 33 7 8 9 10 11 12 13 14 15 16 17 18 19 20 21 22 23 24 25 26 27 28 29 30 31 32 33 34 36 0 1 2 3 0
13 1
0 3 1 0 2 3 1 0 2 7 11 12 4 5 6 7 10 0
27 5
2 1 2 1 1 1 1 3 3 4 5 0
0 1 2 1 2 6 6 7 8 9 10 11 0
2 3 4 1 4 1 4 1 12 0
0 1 2 1 2 6 13 14 15 16 17 18 0
0 3 1 0 2 3 1 0 2 8 19 20 21 22 23 24 25 26 0
24 5
2 1 2 1 0 1 0 3 2 3 4 0
0 2 0 1 2 0 1 5 5 6 21 8 9 0
2 3 4 1 3 1 3 1 10 0
0 2 0 1 2 0 1 5 11 12 22 14 15 0
0 2 0 1 2 0 1 5 16 17 23 19 20 0
53 9
2 1 2 2 0 1 2 0 1 3 21 22 4 0
0 0 0 0 0
1 3 2 0 1 2 0 1 14 6 7 8 23 24 25 10 11 12 13 14 15 16 26 0
2 4 5 1 26 1 26 3 28 29 30 0
1 8 2 26 16 2 26 16 6 31 32 47 33 34 35 1 16
2 6 7 1 29 1 29 1 36 0
1 8 2 26 16 2 26 16 6 37 38 48 39 40 41 1 16
1 8 2 26 16 2 26 16 6 42 43 49 44 45 46 1 16
1 0 4 16 2 1 0 3 2 1 0 6 17 18 20 0 1 2 0
12 1
0 2 0 1 2 0 1 7 10 11 3 4 5 6 9 0
33 1
0 3 1 0 2 3 1 0 2 28 5 6 7 8 9 10 11 12 13 14 15 16 17 18 19 20 21 22 23 24 25 26 27 28 29 30 31 32 0
9 5
2 1 2 1 0 1 0 2 1 2 0
0 0 0 1 3 0
2 3 4 1 1 1 1 1 4 0
0 1 0 1 0 2 5 7 0
0 0 0 1 8 0
12 1
0 2 0 1 2 0 1 7 10 11 3 4 5 6 9 0
18 3
2 1 2 2 0 1 2 0 1 3 12 13 4 0
0 0 0 0 0
1 0 3 0 1 2 3 0 1 2 8 14 7 8 9 11 0 1 2 0
21 1
0 3 1 0 2 3 1 0 2 16 5 6 7 8 9 10 11 12 13 14 15 16 17 18 19 20 0
13 1
0 3 1 0 2 3 1 0 2 7 11 12 4 5 6 7 10 0
40 3
2 1 2 2 1 2 2 1 2 3 34 35 5 0
0 0 0 0 0
1 0 4 1 2 0 3 4 1 2 0 3 30 7 8 9 10 11 12 13 14 15 16 17 18 19 20 21 22 23 24 25 26 27 28 29 30 31 33 0 1 2 3 0
7 3
2 1 2 1 0 1 0 2 1 2 0
0 0 0 1 3 0
0 1 0 1 0 2 4 6 0
7 3
2 1 2 1 0 1 0 2 1 2 0
0 0 0 1 3 0
0 1 0 1 0 2 4 6 0
50 7
2 1 2 1 1 1 1 3 3 4 5 0
0 1 2 1 2 6 6 7 8 9 10 11 0
2 3 4 1 4 1 4 1 12 0
0 1 2 1 2 6 13 14 15 16 17 18 0
2 5 6 1 4 1 4 1 19 0
0 3 1 0 2 3 1 0 2 15 20 21 22 23 24 25 26 27 28 29 30 31 32 33 34 0
0 3 1 0 2 3 1 0 2 15 35 36 37 38 39 40 41 42 43 44 45 46 47 48 49 0
7 3
2 1 2 1 0 1 0 2 1 2 0
0 0 0 1 3 0
0 1 0 1 0 2 4 6 0
7 3
2 1 2 1 0 1 0 2 1 2 0
0 0 0 1 3 0
0 1 0 1 0 2 4 6 0
51 1
0 3 1 0 2 3 1 0 2 42 5 6 7 8 9 10 11 12 13 14 15 16 17 18 19 20 21 22 23 24 25 50 27 28 29 30 31 32 34 37 38 39 40 41 42 43 44 45 46 47 48 49 0
11 1
0 2 0 1 2 0 1 7 4 5 6 7 8 9 10 0
58 13
2 1 2 2 0 1 2 0 1 3 24 25 4 0
0 0 0 0 0
1 3 2 0 1 2 0 1 14 6 7 8 9 27 28 29 11 12 13 14 30 31 32 0
2 4 8 1 31 1 31 1 35 0
2 5 6 2 30 31 2 30 31 3 36 37 38 0
1 7 0 0 0 0
1 7 0 0 0 0
1 9 0 0 1 41 1 41
1 9 0 0 0 0
2 10 11 1 41 0 1 43 0
1 12 3 30 31 14 3 30 31 14 10 44 45 46 48 49 50 51 52 53 54 1 14
1 12 2 14 32 2 14 32 0 1 14
1 0 4 14 2 1 0 3 2 1 0 11 15 16 17 18 19 20 21 23 0 1 2 0
12 1
0 2 0 1 2 0 1 7 10 11 3 4 5 6 9 0
41 8
7 1 2 3 4 5 6 7 1 0 1 0 2 2 3 0
0 2 0 1 2 0 1 8 5 6 7 8 39 10 11 12 0
0 2 0 1 2 0 1 5 14 15 40 17 18 0
0 2 0 1 2 0 1 4 20 21 22 23 0
0 2 0 1 2 0 1 4 25 26 27 28 0
0 2 0 1 2 0 1 4 30 31 32 33 0
0 1 1 1 1 5 34 35 36 37 38 0
1 7 0 0 1 4 0
65 8
7 1 2 3 4 5 6 7 1 1 1 1 2 3 4 0
0 3 1 0 2 3 1 0 2 12 6 7 8 9 10 11 12 13 14 15 16 17 0
0 3 1 0 2 3 1 0 2 10 19 20 21 22 23 24 25 26 27 28 0
0 1 2 1 2 8 30 31 32 33 34 35 36 37 0
0 2 1 2 2 1 2 4 39 40 41 42 0
0 3 1 0 2 3 1 0 2 13 44 45 46 47 48 49 50 51 52 53 54 55 56 0
0 2 1 2 2 1 2 8 57 58 59 60 61 62 63 64 0
1 7 0 0 1 5 0
40 3
2 1 2 2 1 2 2 1 2 3 34 35 5 0
0 0 0 0 0
1 0 4 1 2 0 3 4 1 2 0 3 30 7 8 9 10 11 12 13 14 15 16 17 18 19 20 21 22 23 24 25 26 27 28 29 30 31 33 0 1 2 3 0
13 1
0 3 1 0 2 3 1 0 2 7 11 12 4 5 6 7 10 0
21 1
0 3 1 0 2 3 1 0 2 16 5 6 7 8 9 10 11 12 13 14 15 16 17 18 19 20 0
13 1
0 3 1 0 2 3 1 0 2 7 11 12 4 5 6 7 10 0
43 3
2 1 2 2 1 2 2 1 2 3 37 38 5 0
0 0 0 0 0
1 0 4 1 2 0 3 4 1 2 0 3 33 7 8 9 10 11 12 13 14 15 16 17 18 19 20 21 22 23 24 25 26 27 28 29 30 31 32 33 34 36 0 1 2 3 0
20 1
0 3 1 0 2 3 1 0 2 15 5 6 7 8 9 10 11 12 13 14 15 16 17 18 19 0
13 1
0 3 1 0 2 3 1 0 2 7 11 12 4 5 6 7 10 0
37 3
2 1 2 2 1 2 2 1 2 3 31 32 5 0
0 0 0 0 0
1 0 4 1 2 0 3 4 1 2 0 3 27 7 8 9 10 11 12 13 14 15 16 17 18 19 20 21 22 23 24 25 26 27 28 30 0 1 2 3 0
20 1
0 3 1 0 2 3 1 0 2 15 5 6 7 8 9 10 11 12 13 14 15 16 17 18 19 0
46 3
2 1 2 2 1 2 2 1 2 3 40 41 5 0
0 0 0 0 0
1 0 4 1 2 0 3 4 1 2 0 3 36 7 8 9 10 11 12 13 14 15 16 17 18 19 20 21 22 23 24 25 26 27 28 29 30 31 32 33 34 35 36 37 39 0 1 2 3 0
13 1
0 3 1 0 2 3 1 0 2 7 11 12 4 5 6 7 10 0
19 3
2 1 2 2 1 2 2 1 2 3 13 14 5 0
0 0 0 0 0
1 0 4 1 2 0 3 4 1 2 0 3 8 8 9 10 12 0 1 2 3 0
13 1
0 3 1 0 2 3 1 0 2 7 11 12 4 5 6 7 10 0
940 81
80 1 2 3 4 5 6 7 8 9 10 11 12 13 14 15 16 17 18 19 20 21 22 23 24 25 26 27 28 29 30 31 32 33 34 35 36 37 38 39 40 41 42 43 44 45 46 47 48 49 50 51 52 53 54 55 56 57 58 59 60 61 62 63 64 65 66 67 68 69 70 71 72 73 74 75 76 77 78 79 80 1 1 1 1 2 3 4 0
0 3 1 0 2 3 1 0 2 11 6 7 8 9 10 11 13 14 15 18 19 0
0 2 1 2 2 1 2 8 21 22 23 24 25 26 27 28 0
0 2 1 2 2 1 2 4 30 31 32 33 0
0 3 1 0 2 3 1 0 2 12 35 36 37 38 39 40 41 42 43 44 45 46 0
0 3 1 0 2 3 1 0 2 8 48 49 50 51 52 53 54 55 0
0 3 1 0 2 3 1 0 2 11 57 58 59 60 61 62 63 64 65 66 67 0
0 3 1 0 2 3 1 0 2 13 69 70 71 72 73 74 75 76 77 78 79 80 81 0
0 3 1 0 2 3 1 0 2 22 83 84 85 88 89 90 91 92 93 94 95 96 97 98 99 100 101 102 103 104 105 106 0
0 3 1 0 2 3 1 0 2 34 108 109 110 113 114 115 116 117 118 119 120 121 122 123 124 125 126 127 128 129 130 131 132 133 134 135 136 137 138 139 140 141 142 143 0
0 3 1 0 2 3 1 0 2 7 145 146 147 148 149 150 151 0
0 3 1 0 2 3 1 0 2 8 153 154 155 156 157 158 159 160 0
0 3 1 0 2 3 1 0 2 7 162 163 164 165 166 167 168 0
0 3 1 0 2 3 1 0 2 7 170 171 172 173 174 175 176 0
0 3 1 0 2 3 1 0 2 12 178 179 180 181 182 183 184 185 186 187 188 189 0
0 3 1 0 2 3 1 0 2 9 191 192 193 194 195 196 197 198 199 0
0 3 1 0 2 3 1 0 2 13 201 202 203 204 205 206 207 208 209 210 211 212 213 0
0 3 1 0 2 3 1 0 2 13 215 216 217 218 219 220 221 222 223 224 225 226 227 0
0 3 1 0 2 3 1 0 2 9 229 230 231 232 233 234 235 236 237 0
0 3 1 0 2 3 1 0 2 9 239 240 241 242 243 244 245 246 247 0
0 3 1 0 2 3 1 0 2 9 249 250 251 252 253 254 255 256 257 0
0 3 1 0 2 3 1 0 2 7 259 260 261 262 263 264 265 0
0 3 1 0 2 3 1 0 2 7 267 268 269 270 271 272 273 0
0 3 1 0 2 3 1 0 2 8 275 276 277 278 279 280 281 282 0
0 3 1 0 2 3 1 0 2 12 284 285 286 287 288 289 290 291 292 293 294 295 0
0 3 1 0 2 3 1 0 2 12 297 298 299 300 301 302 303 304 305 306 307 308 0
0 3 1 0 2 3 1 0 2 14 310 311 312 313 314 315 317 318 319 320 321 324 325 326 0
0 3 1 0 2 3 1 0 2 22 328 329 330 333 334 335 336 337 338 339 340 341 342 343 344 345 346 347 348 349 350 351 0
0 3 1 0 2 3 1 0 2 38 353 354 355 358 359 360 361 362 363 364 365 366 367 368 369 370 371 372 373 374 375 376 377 378 379 380 381 382 383 384 385 386 387 388 389 390 391 392 0
0 3 1 0 2 3 1 0 2 47 394 395 396 399 400 401 402 403 404 405 406 407 408 409 410 411 412 413 414 415 416 417 418 419 420 421 422 423 424 425 426 427 428 429 430 431 432 433 434 435 436 437 438 439 440 441 442 0
0 3 1 0 2 3 1 0 2 67 444 445 446 449 450 451 452 453 454 455 456 457 458 459 460 461 462 463 464 465 466 467 468 469 470 471 472 473 474 475 476 477 478 479 480 481 482 483 484 485 486 487 488 489 490 491 492 493 494 495 496 497 498 499 500 501 502 503 504 505 506 507 508 509 510 511 512 0
0 3 1 0 2 3 1 0 2 9 514 515 516 517 518 519 520 521 522 0
0 3 1 0 2 3 1 0 2 9 524 525 526 527 528 529 530 531 532 0
0 1 2 1 2 7 534 535 536 537 538 539 540 0
0 1 2 1 2 7 542 543 544 545 546 547 548 0
0 3 1 0 2 3 1 0 2 8 550 551 552 553 554 555 556 557 0
0 3 1 0 2 3 1 0 2 12 559 560 561 562 563 564 565 566 567 568 569 570 0
0 3 1 0 2 3 1 0 2 10 572 573 574 575 576 577 578 579 580 581 0
0 3 1 0 2 3 1 0 2 11 583 584 585 586 587 588 589 590 591 592 593 0
0 3 1 0 2 3 1 0 2 7 595 596 597 598 599 600 601 0
0 3 1 0 2 3 1 0 2 11 603 604 605 606 607 608 609 610 611 612 613 0
0 3 1 0 2 3 1 0 2 25 615 616 617 620 621 622 623 624 625 626 627 628 629 630 631 632 633 634 635 636 637 638 639 640 641 0
0 3 1 0 2 3 1 0 2 5 643 644 645 646 647 0
0 3 1 0 2 3 1 0 2 5 649 650 651 652 653 0
0 3 1 0 2 3 1 0 2 5 655 656 657 658 659 0
0 3 1 0 2 3 1 0 2 9 661 662 663 664 665 666 667 668 669 0
0 3 1 0 2 3 1 0 2 8 671 672 673 674 675 676 677 678 0
0 3 1 0 2 3 1 0 2 9 680 681 682 683 684 685 686 687 688 0
0 3 1 0 2 3 1 0 2 5 690 691 692 693 694 0
0 3 1 0 2 3 1 0 2 5 696 697 698 699 700 0
0 3 1 0 2 3 1 0 2 5 702 703 704 705 706 0
0 3 1 0 2 3 1 0 2 5 708 709 710 711 712 0
0 3 1 0 2 3 1 0 2 5 714 715 716 717 718 0
0 3 1 0 2 3 1 0 2 7 720 721 722 723 724 725 726 0
0 3 1 0 2 3 1 0 2 5 728 729 730 731 732 0
0 3 1 0 2 3 1 0 2 5 734 735 736 737 738 0
0 1 2 1 2 7 740 741 742 743 744 745 746 0
0 1 2 1 2 7 748 749 750 751 752 753 754 0
0 3 1 0 2 3 1 0 2 8 756 757 758 759 760 761 762 763 0
0 3 1 0 2 3 1 0 2 5 765 766 767 768 769 0
0 3 1 0 2 3 1 0 2 5 771 772 773 774 775 0
0 3 1 0 2 3 1 0 2 5 777 778 779 780 781 0
0 3 1 0 2 3 1 0 2 9 783 784 785 786 787 788 789 790 791 0
0 3 1 0 2 3 1 0 2 9 793 794 795 796 797 798 799 800 801 0
0 3 1 0 2 3 1 0 2 12 803 804 805 806 807 808 809 810 811 812 813 814 0
0 3 1 0 2 3 1 0 2 5 816 817 818 819 820 0
0 3 1 0 2 3 1 0 2 12 822 823 824 825 826 827 828 829 830 831 832 833 0
0 3 1 0 2 3 1 0 2 5 835 836 837 838 839 0
0 3 1 0 2 3 1 0 2 9 841 842 843 844 845 846 847 848 849 0
0 3 1 0 2 3 1 0 2 5 851 852 853 854 855 0
0 2 1 2 2 1 2 5 857 858 939 860 861 0
0 1 2 1 2 7 863 864 865 866 867 868 869 0
0 1 2 1 2 7 871 872 873 874 875 876 877 0
0 1 2 1 2 7 879 880 881 882 883 884 885 0
0 3 1 0 2 3 1 0 2 9 887 888 889 890 891 892 893 894 895 0
0 3 1 0 2 3 1 0 2 9 897 898 899 900 901 902 903 904 905 0
0 3 1 0 2 3 1 0 2 9 907 908 909 910 911 912 913 914 915 0
0 3 1 0 2 3 1 0 2 9 917 918 919 920 921 922 923 924 925 0
0 3 1 0 2 3 1 0 2 5 927 928 929 930 931 0
0 3 1 0 2 3 1 0 2 7 932 933 934 935 936 937 938 0
1 80 0 0 1 5 0
69 3
2 1 2 2 0 1 2 0 1 11 2 3 5 65 8 9 66 11 12 13 16 0
0 1 13 1 13 2 18 19 0
0 4 0 1 3 5 4 0 1 3 5 30 20 21 22 59 25 26 27 60 30 31 32 33 34 35 36 38 39 40 41 42 43 44 46 49 67 54 55 68 57 58 0
36 3
2 1 2 1 1 1 1 3 3 4 5 0
0 1 2 1 2 8 6 7 8 9 10 11 12 13 0
0 3 1 0 2 3 1 0 2 19 14 15 16 17 18 19 20 33 34 23 24 25 26 35 28 29 30 31 32 0
33 3
2 1 2 1 1 1 1 6 3 4 5 6 7 8 0
0 1 2 1 2 3 9 10 11 0
0 3 5 0 2 3 5 0 2 21 12 13 14 15 16 17 18 19 20 21 22 23 24 25 26 27 28 29 30 31 32 0
406 20
19 1 2 3 4 5 6 7 8 9 10 11 12 13 14 15 16 17 18 19 1 1 1 1 2 3 4 0
0 2 1 2 2 1 2 4 6 7 8 9 0
0 3 1 0 2 3 1 0 2 15 11 12 13 14 15 16 17 18 19 20 21 22 23 24 25 0
0 3 1 0 2 3 1 0 2 23 27 28 29 30 31 32 33 34 35 36 37 38 39 40 41 42 43 44 45 46 47 48 49 0
0 3 1 0 2 3 1 0 2 34 51 52 53 54 55 56 57 58 59 60 61 62 63 64 65 66 67 68 69 70 71 72 73 74 75 76 77 78 79 80 81 82 83 84 0
0 3 1 0 2 3 1 0 2 28 86 87 88 89 90 91 92 93 94 95 96 97 98 99 100 101 102 103 104 105 106 107 108 109 110 111 112 113 0
0 3 1 0 2 3 1 0 2 40 115 116 117 118 119 120 121 122 123 124 125 126 127 128 129 130 131 132 133 134 135 136 137 138 139 140 141 142 143 144 145 146 147 148 149 150 151 152 153 154 0
0 3 1 0 2 3 1 0 2 27 156 157 158 159 160 161 162 163 164 165 166 167 168 169 170 171 172 173 174 175 176 177 178 179 180 181 182 0
0 3 1 0 2 3 1 0 2 33 184 185 186 187 188 189 190 191 192 193 194 195 196 197 198 199 200 201 202 203 204 205 206 207 208 209 210 211 212 213 214 215 216 0
0 3 1 0 2 3 1 0 2 30 218 219 220 221 222 223 224 225 226 227 228 229 230 231 232 233 234 235 236 237 238 239 240 241 242 243 244 245 246 247 0
0 3 1 0 2 3 1 0 2 36 249 250 251 252 253 254 255 256 257 258 259 260 261 262 263 264 265 266 267 268 269 270 271 272 273 274 275 276 277 278 279 280 281 282 283 284 0
0 3 1 0 2 3 1 0 2 23 286 287 288 289 290 291 292 293 294 295 296 297 298 299 300 301 302 303 304 305 306 307 308 0
0 2 1 2 2 1 2 8 310 311 312 313 402 315 316 317 0
0 2 1 2 2 1 2 8 319 320 321 322 403 324 325 326 0
0 2 1 2 2 1 2 8 328 329 330 331 404 333 334 335 0
0 2 1 2 2 1 2 8 337 338 339 340 405 342 343 344 0
0 3 1 0 2 3 1 0 2 17 346 347 348 349 350 351 352 353 354 355 356 357 358 359 360 361 362 0
0 3 1 0 2 3 1 0 2 14 364 365 366 367 368 369 370 371 373 374 375 376 379 380 0
0 3 1 0 2 3 1 0 2 21 381 382 383 384 385 386 387 388 389 390 391 392 393 394 395 396 397 398 399 400 401 0
1 19 0 0 1 5 0
60 6
1 1 1 1 1 1 12 58 59 5 6 7 8 9 10 11 12 14 15 0
2 2 3 1 5 1 5 23 16 17 18 19 20 21 22 23 24 25 26 27 28 29 30 31 32 33 34 35 36 37 38 0
1 4 0 0 1 14 0
1 4 3 35 0 12 3 35 0 12 19 40 41 42 43 44 45 46 47 48 49 50 51 52 53 54 55 56 57 5 0
2 1 5 1 14 1 14 1 15 0
0 2 2 12 2 2 12 0 0
17 1
0 3 1 0 2 3 1 0 2 12 5 6 7 8 9 10 11 12 13 14 15 16 0
94 1
0 4 1 0 2 3 4 1 0 2 3 62 6 7 9 11 50 51 55 56 57 58 59 61 63 64 14 65 66 70 71 72 73 74 76 78 79 17 19 20 21 22 23 24 25 26 27 28 80 81 85 86 87 88 89 91 92 93 32 33 34 35 36 38 39 40 42 43 44 45 46 47 48 49 0
91 1
0 4 0 1 2 3 4 0 1 2 3 61 4 6 8 47 48 52 53 54 55 56 58 60 61 11 62 63 67 68 69 70 71 73 75 76 14 16 17 18 19 20 21 22 23 24 25 77 78 82 83 84 85 86 88 89 90 29 30 31 32 33 35 36 37 39 40 41 42 43 44 45 46 0
74 38
37 1 2 3 4 5 6 7 8 9 10 11 12 13 14 15 16 17 18 19 20 21 22 23 32 24 25 26 27 33 28 34 29 35 30 31 36 37 1 0 1 0 2 1 2 0
0 0 0 0 0
0 0 0 0 0
0 0 0 0 0
0 0 0 0 0
0 0 0 0 0
0 0 0 0 0
0 0 0 0 0
0 0 0 0 0
0 0 0 0 0
0 0 0 0 0
0 0 0 0 0
0 0 0 0 0
0 0 0 0 0
0 0 0 0 0
0 0 0 0 0
0 0 0 0 0
0 0 0 0 0
0 0 0 0 0
0 0 0 0 0
0 0 0 0 0
0 0 0 0 0
0 0 0 0 0
0 0 0 0 0
0 0 0 0 0
0 0 0 0 0
0 0 0 0 0
0 0 0 0 0
0 0 0 0 0
0 0 0 0 0
0 0 0 0 0
0 0 0 0 0
0 0 0 0 0
0 0 0 0 0
0 0 0 0 0
0 0 0 0 0
0 0 0 0 0
1 37 0 0 1 3 0
160 81
80 1 2 3 4 5 6 7 8 9 10 11 12 13 14 15 16 17 18 19 20 21 22 23 24 25 26 27 28 38 39 40 41 42 43 29 30 31 32 33 34 50 58 59 60 61 35 36 37 62 63 64 65 66 44 45 46 47 48 49 51 52 53 54 55 56 57 67 68 69 70 71 72 73 74 75 76 77 78 79 80 1 0 1 0 2 1 2 0
0 0 0 0 0
0 0 0 0 0
0 0 0 0 0
0 0 0 0 0
0 0 0 0 0
0 0 0 0 0
0 0 0 0 0
0 0 0 0 0
0 0 0 0 0
0 0 0 0 0
0 0 0 0 0
0 0 0 0 0
0 0 0 0 0
0 0 0 0 0
0 0 0 0 0
0 0 0 0 0
0 0 0 0 0
0 0 0 0 0
0 0 0 0 0
0 0 0 0 0
0 0 0 0 0
0 0 0 0 0
0 0 0 0 0
0 0 0 0 0
0 0 0 0 0
0 0 0 0 0
0 0 0 0 0
0 0 0 0 0
0 0 0 0 0
0 0 0 0 0
0 0 0 0 0
0 0 0 0 0
0 0 0 0 0
0 0 0 0 0
0 0 0 0 0
0 0 0 0 0
0 0 0 0 0
0 0 0 0 0
0 0 0 0 0
0 0 0 0 0
0 0 0 0 0
0 0 0 0 0
0 0 0 0 0
0 0 0 0 0
0 0 0 0 0
0 0 0 0 0
0 0 0 0 0
0 0 0 0 0
0 0 0 0 0
0 0 0 0 0
0 0 0 0 0
0 0 0 0 0
0 0 0 0 0
0 0 0 0 0
0 0 0 0 0
0 0 0 0 0
0 0 0 0 0
0 0 0 0 0
0 0 0 0 0
0 0 0 0 0
0 0 0 0 0
0 0 0 0 0
0 0 0 0 0
0 0 0 0 0
0 0 0 0 0
0 0 0 0 0
0 0 0 0 0
0 0 0 0 0
0 0 0 0 0
0 0 0 0 0
0 0 0 0 0
0 0 0 0 0
0 0 0 0 0
0 0 0 0 0
0 0 0 0 0
0 0 0 0 0
0 0 0 0 0
0 0 0 0 0
0 0 0 0 0
1 80 0 0 1 3 0
15 3
2 1 2 1 0 1 0 3 2 3 4 0
0 2 0 1 2 0 1 10 5 6 7 8 9 10 11 12 13 14 0
0 2 1 0 2 1 0 0 0
22 3
2 1 2 1 1 1 1 3 3 4 5 0
0 3 1 0 2 3 1 0 2 16 6 7 8 9 10 11 12 13 14 15 16 17 18 19 20 21 0
0 2 2 1 2 2 1 0 0
48 35
2 1 2 1 0 1 0 3 1 2 3 0
0 0 0 0 0
2 3 4 1 2 1 2 1 6 0
0 0 0 0 0
2 5 6 1 2 1 2 1 9 0
0 0 0 0 0
2 7 8 1 2 1 2 1 12 0
0 0 0 0 0
2 9 10 1 2 1 2 1 15 0
0 0 0 0 0
2 11 12 1 2 1 2 1 18 0
0 0 0 0 0
2 13 14 1 2 1 2 1 21 0
0 0 0 0 0
2 15 16 1 2 1 2 1 24 0
0 0 0 0 0
2 17 18 1 2 1 2 1 26 0
0 0 0 0 0
2 19 20 1 2 1 2 1 28 0
0 0 0 0 0
2 21 22 1 2 1 2 1 30 0
0 0 0 0 0
2 23 24 1 2 1 2 1 32 0
0 0 0 0 0
2 25 26 1 2 1 2 1 34 0
0 0 0 0 0
2 27 28 1 2 1 2 1 36 0
0 0 0 0 0
2 29 30 1 2 1 2 1 38 0
0 0 0 0 0
2 31 32 1 2 1 2 1 41 0
0 0 0 0 0
2 33 34 1 2 1 2 1 44 0
0 0 0 0 0
0 0 0 0 0
4 3
2 1 2 1 0 1 0 1 1 0
0 0 0 0 0
0 0 0 0 0
8 5
2 1 2 1 0 1 0 3 1 2 3 0
0 0 0 0 0
2 3 4 1 2 1 2 1 5 0
0 0 0 0 0
0 0 0 0 0
8 5
2 1 2 1 0 1 0 3 1 2 3 0
0 0 0 0 0
2 3 4 1 2 1 2 1 5 0
0 0 0 0 0
0 0 0 0 0
6 3
2 1 2 1 0 1 0 3 1 2 3 0
0 0 0 0 0
0 0 0 0 0
6 3
2 1 2 1 0 1 0 3 1 2 3 0
0 0 0 0 0
0 0 0 0 0
7 3
2 1 2 1 0 1 0 3 2 3 4 0
0 2 0 1 2 0 1 1 5 0
0 1 1 1 1 1 6 0
35 7
2 1 2 2 3 2 2 3 2 1 4 0
0 0 0 0 0
2 3 6 3 0 3 1 3 0 3 1 20 6 7 8 10 11 12 13 14 15 16 17 18 21 22 23 24 25 26 27 28 0
2 4 5 4 3 0 1 2 4 3 0 1 2 2 30 31 0
0 0 0 0 0
0 0 0 0 0
0 0 0 0 0
15 5
2 1 4 2 0 1 2 0 1 5 11 12 13 14 5 0
2 2 3 3 0 1 12 3 0 1 12 1 7 0
0 0 0 0 0
0 0 0 0 0
0 0 0 0 0
45 7
2 1 2 2 3 2 2 3 2 1 4 0
0 0 0 0 0
2 3 6 3 0 3 1 3 0 3 1 30 6 7 8 10 11 12 13 14 15 16 17 18 19 20 21 22 23 26 27 28 29 30 31 32 33 34 35 36 37 38 0
2 4 5 4 3 0 1 2 4 3 0 1 2 2 40 41 0
0 0 0 0 0
0 0 0 0 0
0 0 0 0 0
15 5
2 1 4 2 0 1 2 0 1 5 11 12 13 14 5 0
2 2 3 3 0 1 12 3 0 1 12 1 7 0
0 0 0 0 0
0 0 0 0 0
0 0 0 0 0
461 142
37 1 4 7 10 13 16 19 22 25 28 31 34 37 40 43 46 49 52 55 58 65 68 75 78 81 88 95 102 105 112 115 122 125 132 135 138 141 1 0 1 0 2 2 3 0
2 2 3 1 1 1 1 3 5 6 7 0
0 0 0 0 0
0 0 0 0 0
2 5 6 1 1 1 1 3 11 12 13 0
0 0 0 0 0
0 0 0 0 0
2 8 9 1 1 1 1 3 17 18 19 0
0 0 0 0 0
0 0 0 0 0
2 11 12 1 1 1 1 3 23 24 25 0
0 0 0 0 0
0 0 0 0 0
2 14 15 1 1 1 1 3 29 30 31 0
0 0 0 0 0
0 0 0 0 0
2 17 18 1 1 1 1 3 35 36 37 0
0 0 0 0 0
0 0 0 0 0
2 20 21 1 1 1 1 3 41 42 43 0
0 0 0 0 0
0 0 0 0 0
2 23 24 1 1 1 1 3 47 48 49 0
0 0 0 0 0
0 0 0 0 0
2 26 27 1 1 1 1 3 53 54 55 0
0 0 0 0 0
0 0 0 0 0
2 29 30 1 1 1 1 3 59 60 61 0
0 0 0 0 0
0 0 0 0 0
2 32 33 1 1 1 1 3 65 66 67 0
0 0 0 0 0
0 0 0 0 0
2 35 36 1 1 1 1 3 71 72 73 0
0 0 0 0 0
0 0 0 0 0
2 38 39 1 1 1 1 3 77 78 79 0
0 0 0 0 0
0 0 0 0 0
2 41 42 1 1 1 1 3 83 84 85 0
0 0 0 0 0
0 0 0 0 0
2 44 45 1 1 1 1 3 89 90 91 0
0 0 0 0 0
0 0 0 0 0
2 47 48 1 1 1 1 3 95 96 97 0
0 0 0 0 0
0 0 0 0 0
2 50 51 1 1 1 1 3 101 102 103 0
0 0 0 0 0
0 0 0 0 0
2 53 54 1 1 1 1 3 107 108 109 0
0 0 0 0 0
0 0 0 0 0
2 56 57 1 1 1 1 3 113 114 115 0
0 0 0 0 0
0 0 0 0 0
2 59 64 2 0 1 2 0 1 5 121 122 123 124 125 0
2 60 63 2 0 1 2 0 1 9 119 120 126 127 128 129 130 131 132 0
2 61 62 2 122 129 2 122 129 11 133 134 135 136 137 138 139 140 141 142 143 0
0 0 0 0 0
0 0 0 0 0
0 0 0 0 0
0 0 0 0 0
2 66 67 1 1 1 1 3 151 152 153 0
0 2 0 1 2 0 1 7 149 150 154 155 156 157 158 0
0 0 0 0 0
2 69 74 2 0 1 2 0 1 5 161 162 165 166 167 0
2 70 73 2 0 1 2 0 1 5 163 164 170 171 172 0
2 71 72 2 1 162 2 1 162 13 168 169 173 174 175 176 177 178 179 180 181 182 183 0
0 0 0 0 0
0 0 0 0 0
0 0 0 0 0
0 0 0 0 0
2 76 77 1 1 1 1 3 191 192 193 0
0 2 0 1 2 0 1 15 189 190 194 195 196 197 198 199 200 201 202 203 204 205 206 0
0 0 0 0 0
2 79 80 1 1 1 1 3 211 212 213 0
0 2 0 1 2 0 1 15 209 210 214 215 216 217 218 219 220 221 222 223 224 225 226 0
0 0 0 0 0
2 82 87 2 0 1 2 0 1 5 231 232 233 234 235 0
2 83 86 2 0 1 2 0 1 5 229 230 236 237 240 0
2 84 85 2 1 232 2 1 232 13 238 239 241 242 243 244 245 246 247 248 249 250 251 0
0 0 0 0 0
0 0 0 0 0
0 0 0 0 0
0 0 0 0 0
2 89 94 2 0 1 2 0 1 5 259 260 261 262 263 0
2 90 93 2 0 1 2 0 1 5 257 258 264 265 268 0
2 91 92 2 1 260 2 1 260 13 266 267 269 270 271 272 273 274 275 276 277 278 279 0
0 0 0 0 0
0 0 0 0 0
0 0 0 0 0
0 0 0 0 0
2 96 101 2 0 1 2 0 1 5 287 288 289 290 291 0
2 97 100 2 0 1 2 0 1 5 285 286 292 293 296 0
2 98 99 2 1 288 2 1 288 13 294 295 297 298 299 300 301 302 303 304 305 306 307 0
0 0 0 0 0
0 0 0 0 0
0 0 0 0 0
0 0 0 0 0
2 103 104 1 1 1 1 3 315 316 317 0
0 2 0 1 2 0 1 5 313 314 318 319 320 0
0 0 0 0 0
2 106 111 2 0 1 2 0 1 5 325 326 327 328 329 0
2 107 110 2 0 1 2 0 1 5 323 324 330 331 334 0
2 108 109 2 1 326 2 1 326 5 332 333 335 336 337 0
0 0 0 0 0
0 0 0 0 0
0 0 0 0 0
0 0 0 0 0
2 113 114 1 1 1 1 3 345 346 347 0
0 2 0 1 2 0 1 5 343 344 348 349 350 0
0 0 0 0 0
2 116 121 2 0 1 2 0 1 5 355 356 357 358 359 0
2 117 120 2 0 1 2 0 1 5 353 354 360 361 364 0
2 118 119 2 1 356 2 1 356 5 362 363 365 366 367 0
0 0 0 0 0
0 0 0 0 0
0 0 0 0 0
0 0 0 0 0
2 123 124 1 1 1 1 3 375 376 377 0
0 2 0 1 2 0 1 5 373 374 378 379 380 0
0 0 0 0 0
2 126 131 2 0 1 2 0 1 5 385 386 387 388 389 0
2 127 130 2 0 1 2 0 1 5 383 384 390 391 394 0
2 128 129 2 1 386 2 1 386 5 392 393 395 396 397 0
0 0 0 0 0
0 0 0 0 0
0 0 0 0 0
0 0 0 0 0
2 133 134 1 1 1 1 3 405 406 407 0
0 2 0 1 2 0 1 15 403 404 408 409 410 411 412 413 414 415 416 417 418 419 420 0
0 0 0 0 0
2 136 137 1 1 1 1 3 425 426 427 0
0 2 0 1 2 0 1 15 423 424 428 429 430 431 432 433 434 435 436 437 438 439 440 0
0 0 0 0 0
2 139 140 1 1 1 1 3 444 445 446 0
0 2 0 1 2 0 1 15 442 443 447 448 449 450 451 452 453 454 455 456 457 458 459 0
0 0 0 0 0
1 141 0 0 1 4 0
23 11
2 1 4 1 0 1 0 3 2 3 4 0
2 2 3 1 1 1 1 3 5 6 7 0
0 0 0 0 0
0 0 0 0 0
2 5 8 1 3 1 3 1 10 0
2 6 7 1 1 1 1 3 11 12 13 0
0 0 0 0 0
0 0 0 0 0
2 9 10 1 1 1 1 3 17 18 19 0
0 2 0 1 2 0 1 3 16 20 21 0
0 0 0 0 0
46 7
2 1 2 2 4 3 2 4 3 1 5 0
0 0 0 0 0
2 3 6 4 1 4 0 2 4 1 4 0 2 30 7 8 9 11 12 13 14 15 16 17 18 19 20 21 22 23 24 27 28 29 30 31 32 33 34 35 36 37 38 39 0
2 4 5 5 4 0 1 2 3 5 4 0 1 2 3 2 41 42 0
0 0 0 0 0
0 0 0 0 0
0 0 0 0 0
20 1
0 5 0 1 2 3 4 5 0 1 2 3 4 9 6 7 11 12 13 14 15 18 19 0
18 1
0 3 0 1 2 3 0 1 2 9 4 5 9 10 11 12 13 16 17 0
490 148
37 1 4 7 10 13 16 19 22 25 28 31 34 37 40 43 46 49 52 55 58 67 74 81 84 87 94 101 108 111 118 121 128 131 138 141 144 147 1 1 1 1 2 3 4 0
2 2 3 1 2 1 2 3 6 7 8 0
0 0 0 0 0
0 0 0 0 0
2 5 6 1 2 1 2 3 12 13 14 0
0 0 0 0 0
0 0 0 0 0
2 8 9 1 2 1 2 3 18 19 20 0
0 0 0 0 0
0 0 0 0 0
2 11 12 1 2 1 2 3 24 25 26 0
0 0 0 0 0
0 0 0 0 0
2 14 15 1 2 1 2 3 30 31 32 0
0 0 0 0 0
0 0 0 0 0
2 17 18 1 2 1 2 3 36 37 38 0
0 0 0 0 0
0 0 0 0 0
2 20 21 1 2 1 2 3 42 43 44 0
0 0 0 0 0
0 0 0 0 0
2 23 24 1 2 1 2 3 48 49 50 0
0 0 0 0 0
0 0 0 0 0
2 26 27 1 2 1 2 3 54 55 56 0
0 0 0 0 0
0 0 0 0 0
2 29 30 1 2 1 2 3 60 61 62 0
0 0 0 0 0
0 0 0 0 0
2 32 33 1 2 1 2 3 66 67 68 0
0 0 0 0 0
0 0 0 0 0
2 35 36 1 2 1 2 3 72 73 74 0
0 0 0 0 0
0 0 0 0 0
2 38 39 1 2 1 2 3 78 79 80 0
0 0 0 0 0
0 0 0 0 0
2 41 42 1 2 1 2 3 84 85 86 0
0 0 0 0 0
0 0 0 0 0
2 44 45 1 2 1 2 3 90 91 92 0
0 0 0 0 0
0 0 0 0 0
2 47 48 1 2 1 2 3 96 97 98 0
0 0 0 0 0
0 0 0 0 0
2 50 51 1 2 1 2 3 102 103 104 0
0 0 0 0 0
0 0 0 0 0
2 53 54 1 2 1 2 3 108 109 110 0
0 0 0 0 0
0 0 0 0 0
2 56 57 1 2 1 2 3 114 115 116 0
0 0 0 0 0
0 0 0 0 0
2 59 66 2 1 2 2 1 2 5 122 123 124 125 126 0
2 60 65 2 1 2 2 1 2 13 120 121 127 128 129 130 131 133 480 481 482 483 138 0
2 61 64 4 0 131 133 481 4 0 131 133 481 1 140 0
2 62 63 3 0 123 130 3 0 123 130 11 141 142 143 144 145 146 147 148 149 150 151 0
0 0 0 0 0
0 0 0 0 0
0 0 0 0 0
0 0 0 0 0
0 0 0 0 0
2 68 73 1 2 1 2 3 160 161 162 0
2 69 72 2 1 2 2 1 2 11 158 159 163 164 165 167 484 485 486 487 172 0
2 70 71 4 0 165 167 485 4 0 165 167 485 1 174 0
0 0 0 0 0
0 0 0 0 0
0 0 0 0 0
0 0 0 0 0
2 75 80 2 1 2 2 1 2 5 180 181 184 185 186 0
2 76 79 2 1 2 2 1 2 5 182 183 189 190 191 0
2 77 78 3 2 0 181 3 2 0 181 13 187 188 192 193 194 195 196 197 198 199 200 201 202 0
0 0 0 0 0
0 0 0 0 0
0 0 0 0 0
0 0 0 0 0
2 82 83 1 2 1 2 3 210 211 212 0
0 3 1 2 0 3 1 2 0 15 208 209 213 214 215 216 217 218 219 220 221 222 223 224 225 0
0 0 0 0 0
2 85 86 1 2 1 2 3 230 231 232 0
0 3 1 2 0 3 1 2 0 15 228 229 233 234 235 236 237 238 239 240 241 242 243 244 245 0
0 0 0 0 0
2 88 93 2 1 2 2 1 2 5 250 251 252 253 254 0
2 89 92 2 1 2 2 1 2 5 248 249 255 256 259 0
2 90 91 3 2 0 251 3 2 0 251 13 257 258 260 261 262 263 264 265 266 267 268 269 270 0
0 0 0 0 0
0 0 0 0 0
0 0 0 0 0
0 0 0 0 0
2 95 100 2 1 2 2 1 2 5 278 279 280 281 282 0
2 96 99 2 1 2 2 1 2 5 276 277 283 284 287 0
2 97 98 3 2 0 279 3 2 0 279 13 285 286 288 289 290 291 292 293 294 295 296 297 298 0
0 0 0 0 0
0 0 0 0 0
0 0 0 0 0
0 0 0 0 0
2 102 107 2 1 2 2 1 2 5 306 307 308 309 310 0
2 103 106 2 1 2 2 1 2 5 304 305 311 312 315 0
2 104 105 3 2 0 307 3 2 0 307 13 313 314 316 317 318 319 320 321 322 323 324 325 326 0
0 0 0 0 0
0 0 0 0 0
0 0 0 0 0
0 0 0 0 0
2 109 110 1 2 1 2 3 334 335 336 0
0 2 1 2 2 1 2 5 332 333 337 338 339 0
0 0 0 0 0
2 112 117 2 1 2 2 1 2 5 344 345 346 347 348 0
2 113 116 2 1 2 2 1 2 5 342 343 349 350 353 0
2 114 115 2 2 345 2 2 345 5 351 352 354 355 356 0
0 0 0 0 0
0 0 0 0 0
0 0 0 0 0
0 0 0 0 0
2 119 120 1 2 1 2 3 364 365 366 0
0 2 1 2 2 1 2 5 362 363 367 368 369 0
0 0 0 0 0
2 122 127 2 1 2 2 1 2 5 374 375 376 377 378 0
2 123 126 2 1 2 2 1 2 5 372 373 379 380 383 0
2 124 125 2 2 375 2 2 375 5 381 382 384 385 386 0
0 0 0 0 0
0 0 0 0 0
0 0 0 0 0
0 0 0 0 0
2 129 130 1 2 1 2 3 394 395 396 0
0 2 1 2 2 1 2 5 392 393 397 398 399 0
0 0 0 0 0
2 132 137 2 1 2 2 1 2 5 404 405 406 407 408 0
2 133 136 2 1 2 2 1 2 5 402 403 409 410 413 0
2 134 135 2 2 405 2 2 405 5 411 412 414 415 416 0
0 0 0 0 0
0 0 0 0 0
0 0 0 0 0
0 0 0 0 0
2 139 140 1 2 1 2 3 424 425 426 0
0 3 1 2 0 3 1 2 0 15 422 423 427 428 429 430 431 432 433 434 435 436 437 438 439 0
0 0 0 0 0
2 142 143 1 2 1 2 3 444 445 446 0
0 3 1 2 0 3 1 2 0 15 442 443 447 448 449 450 451 452 453 454 455 456 457 458 459 0
0 0 0 0 0
2 145 146 1 2 1 2 3 463 464 465 0
0 3 1 2 0 3 1 2 0 15 461 462 466 467 468 469 470 471 472 473 474 475 476 477 478 0
0 0 0 0 0
1 147 0 0 1 5 0
18 1
0 3 0 1 2 3 0 1 2 9 4 5 9 10 11 12 13 16 17 0
24 11
2 1 4 1 1 1 1 3 3 4 5 0
2 2 3 1 2 1 2 3 6 7 8 0
0 0 0 0 0
0 0 0 0 0
2 5 8 1 4 1 4 1 11 0
2 6 7 1 2 1 2 3 12 13 14 0
0 0 0 0 0
0 0 0 0 0
2 9 10 1 2 1 2 3 18 19 20 0
0 3 1 2 0 3 1 2 0 3 17 21 22 0
0 0 0 0 0
33 11
2 1 4 1 0 1 0 3 2 3 4 0
2 2 3 1 1 1 1 3 7 8 9 0
0 2 0 1 2 0 1 5 5 6 10 11 12 0
0 0 0 0 0
2 5 8 1 3 1 3 1 14 0
2 6 7 1 1 1 1 3 17 18 19 0
0 2 0 1 2 0 1 5 15 16 20 21 22 0
0 0 0 0 0
2 9 10 1 1 1 1 3 26 27 28 0
0 2 0 1 2 0 1 5 24 25 29 30 31 0
0 0 0 0 0
16 5
2 1 4 2 0 1 2 0 1 5 12 13 14 15 6 0
2 2 3 3 0 1 13 3 0 1 13 1 8 0
0 0 0 0 0
0 0 0 0 0
0 0 0 0 0
66 19
2 1 2 2 2 3 2 2 3 1 4 0
0 0 0 0 0
1 3 3 0 2 1 3 0 2 1 20 6 7 8 29 30 31 10 11 12 13 14 15 16 32 33 34 18 19 20 21 0
2 4 7 1 13 1 13 3 35 36 37 0
2 5 6 2 13 21 2 13 21 5 38 39 40 41 42 0
1 14 2 21 39 2 21 39 3 43 44 45 1 45
1 14 0 0 0 0
2 8 11 1 36 1 36 1 47 0
2 9 10 2 13 21 2 13 21 5 48 49 50 51 52 0
1 14 2 21 49 2 21 49 3 53 54 55 1 55
1 14 0 0 0 0
2 12 13 2 13 21 2 13 21 5 57 58 59 60 61 0
1 14 2 21 58 2 21 58 3 62 63 64 1 64
1 14 0 0 0 0
2 15 18 3 45 55 64 0 1 22 0
2 16 17 4 2 0 1 3 4 2 0 1 3 2 24 25 0
0 0 0 0 0
0 0 0 0 0
0 0 0 0 0
6 1
0 1 0 1 0 3 3 4 5 0
5 1
0 1 0 1 0 2 3 4 0
5 1
0 2 0 1 2 0 1 1 4 0
5 1
0 2 0 1 2 0 1 1 4 0
5 1
0 1 0 1 0 2 3 4 0
5 1
0 1 0 1 0 2 3 4 0
5 1
0 2 0 1 2 0 1 1 4 0
5 3
2 1 2 1 0 1 0 2 1 2 0
0 0 0 0 0
0 0 0 0 0
5 3
2 1 2 1 0 1 0 2 1 2 0
0 0 0 0 0
0 0 0 0 0
7 5
2 1 2 1 0 1 0 2 1 2 0
0 0 0 0 0
2 3 4 1 1 1 1 1 4 0
0 0 0 0 0
0 0 0 0 0
7 5
2 1 2 1 0 1 0 2 1 2 0
0 0 0 0 0
2 3 4 1 1 1 1 1 4 0
0 0 0 0 0
0 0 0 0 0
6 3
2 1 2 1 0 1 0 3 1 2 3 0
0 0 0 0 0
0 0 0 0 0
105 25
2 1 24 1 0 1 0 3 1 2 3 0
2 2 23 1 0 1 0 6 4 5 6 7 8 10 0
2 3 22 1 8 1 8 3 11 12 14 0
2 4 18 1 8 1 8 19 16 17 18 19 20 21 22 23 24 25 26 27 28 29 30 31 32 33 34 0
2 5 16 1 31 1 31 6 35 36 37 39 40 42 0
2 6 7 1 37 1 37 19 44 45 46 47 48 49 50 51 52 53 54 55 56 57 58 59 60 61 62 0
2 8 14 1 59 1 59 3 63 64 65 0
1 14 0 0 0 0
2 9 10 1 37 1 37 19 69 70 71 72 73 74 75 76 77 78 79 80 81 82 83 84 85 86 87 0
1 11 0 0 0 0
1 12 0 0 0 0
1 13 0 0 0 0
1 13 0 0 0 0
1 15 0 0 1 93 1 93
1 15 0 0 0 0
1 17 1 93 0 1 95 1 95
1 17 0 0 0 0
1 19 1 95 0 1 97 1 97
1 19 0 0 0 0
2 20 21 1 97 0 1 99 0
0 0 0 0 0
0 0 0 0 0
0 0 0 0 0
0 0 0 0 0
0 0 0 0 0
58 17
2 1 16 1 0 1 0 3 51 52 3 0
2 2 12 1 0 1 0 23 5 6 7 8 9 10 11 12 13 14 15 16 17 18 19 20 21 22 23 24 25 26 27 0
2 3 10 1 24 1 24 11 28 29 30 31 32 33 34 35 36 37 39 0
1 4 0 0 0 0
2 5 6 1 37 1 37 3 53 54 55 0
1 7 0 0 0 0
1 8 0 0 0 0
1 9 0 0 0 0
1 9 0 0 0 0
1 11 0 0 1 43 1 43
1 11 0 0 0 0
1 13 1 43 0 1 45 1 45
1 13 0 0 0 0
2 14 15 1 45 0 1 47 0
0 0 0 0 0
0 0 0 0 0
0 0 0 0 0
174 52
2 1 51 1 0 1 0 3 1 2 3 0
2 2 50 1 0 1 0 16 4 5 6 9 10 11 12 13 14 15 16 17 18 162 163 22 0
2 3 13 1 9 1 9 21 24 25 26 27 28 29 30 31 32 33 34 35 36 37 38 39 40 41 42 43 44 0
2 4 11 1 41 1 41 12 45 46 47 48 49 50 51 52 53 54 55 57 0
1 5 0 0 0 0
2 6 7 1 55 1 55 3 164 165 166 0
1 8 0 0 0 0
1 9 0 0 0 0
1 10 0 0 0 0
1 10 0 0 0 0
1 12 0 0 1 61 1 61
1 12 0 0 0 0
1 14 1 61 0 1 63 1 63
1 14 0 0 0 0
2 15 49 1 63 0 1 65 0
2 16 45 1 18 1 18 3 66 67 68 0
2 17 18 1 18 1 18 30 69 70 71 72 73 74 75 76 77 78 79 80 81 83 84 85 86 87 88 89 91 92 93 94 95 96 97 99 100 101 0
1 19 1 81 1 81 5 102 103 104 105 106 1 106
1 19 0 0 0 0
2 20 43 1 106 0 1 108 0
2 21 32 1 89 1 89 3 109 110 111 0
2 22 23 1 89 1 89 16 112 113 114 117 118 119 120 121 122 123 124 125 126 128 129 130 0
1 24 1 126 1 126 5 131 132 133 134 135 1 135
1 24 0 0 0 0
2 25 29 1 135 0 1 137 0
2 26 27 1 119 1 119 1 138 0
1 28 0 0 0 0
1 28 0 0 0 0
1 30 0 0 1 141 1 141
1 30 0 0 0 0
1 31 1 141 0 1 143 0
1 33 0 0 0 1 143
1 33 0 0 0 0
2 34 41 1 143 0 1 146 0
1 35 0 0 0 0
2 36 37 1 97 1 97 3 169 170 171 0
1 38 0 0 0 0
1 39 0 0 0 0
1 40 0 0 0 0
1 40 0 0 0 0
1 42 0 0 1 150 1 150
1 42 0 0 0 0
1 44 1 150 0 1 152 1 152
1 44 0 0 0 0
1 46 1 152 0 1 154 1 154
1 46 0 0 0 0
2 47 48 1 154 0 1 156 0
0 0 0 0 0
0 0 0 0 0
0 0 0 0 0
0 0 0 0 0
0 0 0 0 0
206 1
0 0 0 188 1 2 3 4 182 183 184 185 6 7 8 9 10 11 12 13 14 17 18 19 20 186 187 188 189 22 23 24 25 26 27 28 29 30 32 33 34 35 36 37 38 39 40 41 42 43 44 45 46 47 48 49 50 51 52 54 55 56 57 58 59 60 61 62 63 64 65 66 67 190 191 192 193 69 70 71 72 73 74 75 76 78 79 80 81 82 83 84 194 195 86 87 88 89 90 91 92 93 94 95 96 97 98 99 100 101 102 103 104 105 106 107 108 109 110 111 112 196 197 198 115 116 117 118 119 120 121 122 123 124 125 126 127 128 129 199 200 201 202 132 133 134 135 136 137 138 139 140 203 204 205 142 143 144 145 146 147 148 149 151 152 153 154 155 156 157 158 159 160 162 163 164 165 166 167 168 169 170 171 172 174 175 176 177 178 179 180 181 0
36 10
2 1 9 1 0 1 0 3 3 4 5 0
2 2 8 2 0 1 2 0 1 12 7 8 9 10 11 12 13 14 15 16 17 19 0
2 3 5 1 17 1 17 3 20 21 22 0
2 4 5 1 17 1 17 4 23 24 25 26 0
2 6 7 2 23 2 2 23 2 3 27 28 29 0
1 7 0 0 0 0
0 0 0 0 0
0 0 0 0 0
0 0 0 0 0
0 0 0 0 0
16 7
2 1 6 1 0 1 0 3 2 3 4 0
2 2 5 1 0 1 0 4 5 6 7 9 0
2 3 4 2 7 1 2 7 1 1 11 0
0 0 0 0 0
0 0 0 0 0
0 0 0 0 0
0 0 0 0 0
274 25
2 1 24 0 0 172 0 1 3 4 6 7 8 9 10 11 12 13 14 15 16 17 19 20 21 22 244 245 246 247 24 25 26 27 28 29 30 31 32 33 34 35 36 37 38 39 40 41 42 43 44 45 46 47 49 50 51 52 53 54 55 56 57 58 59 60 62 63 64 65 248 249 250 251 67 68 69 70 71 72 73 74 75 76 77 78 79 80 81 82 83 84 85 86 87 88 89 90 92 93 94 95 96 97 98 99 100 101 102 103 104 105 106 107 108 109 110 111 112 113 114 115 116 117 118 119 120 252 253 254 123 124 125 126 127 128 129 130 131 132 133 134 135 136 137 138 139 140 141 142 143 255 272 273 150 152 153 154 155 156 157 158 159 160 161 162 163 164 165 166 167 168 169 170 171 172 173 174 0
1 2 1 171 1 171 2 175 176 0
2 3 8 1 175 1 175 3 258 259 260 0
2 4 7 1 175 1 175 4 261 262 263 265 0
2 5 6 2 263 1 2 263 1 1 267 0
1 9 0 0 0 0
1 23 0 0 0 0
1 23 0 0 0 0
1 23 0 0 0 0
2 10 19 1 176 1 176 23 179 180 181 182 183 184 185 186 187 188 189 190 191 192 193 194 195 196 197 198 199 200 201 0
2 11 17 2 198 4 2 198 4 2 202 206 0
2 12 13 1 198 1 198 24 203 207 208 209 210 211 212 213 214 215 216 217 218 219 220 221 222 223 224 225 226 227 228 229 0
1 14 0 0 0 0
1 15 0 0 0 0
1 16 0 0 0 0
1 16 0 0 0 0
1 18 0 0 1 235 1 235
1 18 0 0 0 0
1 20 1 235 0 1 237 1 237
1 20 0 0 0 0
2 21 22 1 237 0 1 239 0
0 0 0 0 0
0 0 0 0 0
0 0 0 0 0
0 0 0 0 0
31 9
2 1 8 0 0 15 29 2 3 4 5 6 7 8 9 11 13 30 16 18 19 0
2 2 7 2 9 29 2 9 29 1 20 0
2 3 6 2 29 11 2 29 11 2 22 23 0
2 4 5 1 16 1 16 0 0
0 0 0 0 0
0 0 0 0 0
0 0 0 0 0
0 0 0 0 0
0 0 0 0 0
128 34
2 1 32 0 0 67 0 1 2 3 4 5 6 8 10 11 12 13 14 15 17 19 20 21 22 23 25 26 27 28 120 121 122 123 30 32 34 35 36 37 38 40 41 42 43 124 125 126 127 45 47 49 50 51 52 53 54 56 58 59 60 61 62 63 65 67 68 69 70 71 72 74 76 0
2 2 30 1 8 1 8 1 78 0
2 3 28 1 17 1 17 1 80 0
2 4 26 2 30 45 2 30 45 1 81 0
2 5 24 1 32 1 32 1 83 0
2 6 22 1 47 1 47 1 85 0
2 7 20 2 54 63 2 54 63 1 86 0
2 8 18 1 56 1 56 1 88 0
2 9 16 1 65 1 65 1 90 0
2 10 14 2 54 72 2 54 72 2 91 92 0
2 11 12 1 74 1 74 1 94 0
1 13 0 0 0 0
1 13 0 0 0 0
1 15 0 0 1 97 1 97
1 15 0 0 0 0
1 17 1 97 0 1 99 1 99
1 17 0 0 0 0
1 19 1 99 0 1 101 1 101
1 19 0 0 0 0
1 21 1 101 0 1 103 1 103
1 21 0 0 0 0
1 23 1 103 0 1 105 1 105
1 23 0 0 0 0
1 25 1 105 0 1 107 1 107
1 25 0 0 0 0
1 27 1 107 0 1 109 1 109
1 27 0 0 0 0
1 29 1 109 0 1 111 1 111
1 29 0 0 0 0
1 31 1 111 0 1 113 1 113
1 31 0 0 0 0
1 33 1 113 0 1 115 1 115
1 33 0 0 0 0
0 1 115 0 2 117 119 0
113 21
2 1 20 0 0 39 0 1 2 3 5 6 7 8 10 11 13 15 16 17 18 19 20 21 22 23 24 25 26 27 28 29 30 31 32 33 34 36 37 38 39 40 41 42 43 0
2 2 19 1 40 1 40 27 44 46 47 48 49 50 52 53 54 55 56 57 58 59 60 63 64 65 66 67 68 70 71 72 111 112 76 0
2 3 18 1 68 1 68 3 77 78 80 0
2 4 17 1 68 1 68 3 81 82 84 0
2 5 6 1 68 1 68 3 85 86 87 0
1 7 0 0 0 0
1 16 0 0 0 0
2 8 9 1 72 1 72 2 92 93 0
1 10 0 0 0 0
1 15 0 0 0 0
2 11 12 1 72 1 72 2 98 99 0
1 13 0 0 0 0
1 14 0 0 0 0
0 0 0 0 0
0 0 0 0 0
0 0 0 0 0
0 0 0 0 0
0 0 0 0 0
0 0 0 0 0
0 0 0 0 0
0 0 0 0 0
130 15
2 1 14 0 0 47 0 1 2 3 5 6 7 8 17 18 19 20 21 22 23 24 25 26 27 28 29 30 31 32 34 35 36 37 38 39 40 42 43 44 45 46 47 48 49 50 51 52 53 54 55 56 57 0
2 2 13 1 54 1 54 35 58 59 60 61 62 65 66 67 68 69 70 71 72 73 74 76 79 80 81 82 83 84 85 86 87 88 89 90 91 92 93 94 95 96 99 0
2 3 12 1 62 1 62 3 126 127 102 0
2 4 11 1 74 1 74 3 103 104 106 0
2 5 10 1 76 1 76 3 128 129 109 0
2 6 9 1 96 1 96 3 110 111 113 0
2 7 8 1 96 1 96 3 114 115 117 0
0 0 0 0 0
0 0 0 0 0
0 0 0 0 0
0 0 0 0 0
0 0 0 0 0
0 0 0 0 0
0 0 0 0 0
0 0 0 0 0
277 50
2 1 25 0 0 56 0 2 3 4 5 6 8 9 10 11 12 14 15 16 17 18 19 20 21 22 23 24 25 27 28 30 31 32 33 254 255 256 257 35 36 37 38 258 259 260 40 41 42 43 261 262 263 264 46 47 48 49 50 52 53 54 0
2 2 23 1 50 1 50 10 55 56 57 58 59 60 61 62 63 64 0
2 3 21 1 61 1 61 7 65 66 67 68 69 70 71 0
2 4 16 1 68 1 68 8 72 73 74 75 76 77 78 79 0
2 5 14 1 76 1 76 10 80 81 82 83 84 85 86 87 88 89 0
2 6 12 1 86 1 86 3 92 93 95 0
2 7 8 1 86 1 86 10 90 91 96 97 98 99 100 101 102 103 0
1 9 0 0 0 0
1 10 0 0 0 0
1 11 0 0 0 0
1 11 0 0 0 0
1 13 0 0 1 109 1 109
1 13 0 0 0 0
1 15 1 109 0 1 111 1 111
1 15 0 0 0 0
1 17 1 111 0 1 113 1 113
1 17 0 0 0 0
2 18 19 1 113 0 1 115 0
1 20 0 0 0 0
1 20 0 0 0 0
1 22 0 0 1 118 1 118
1 22 0 0 0 0
1 24 1 118 0 1 120 1 120
1 24 0 0 0 0
1 26 1 120 0 1 122 1 122
1 26 0 0 0 0
2 27 46 2 122 5 1 5 91 124 127 128 129 130 265 266 267 268 134 135 136 137 269 270 271 272 139 140 141 142 143 144 145 146 147 149 150 151 152 153 154 155 156 157 158 160 162 164 166 168 170 173 174 175 176 177 178 179 180 182 183 184 185 186 187 188 189 191 192 193 194 195 196 197 198 199 200 201 202 203 204 205 207 208 209 210 211 212 213 214 215 216 217 218 219 220 221 273 276 275 0
2 28 44 1 160 1 160 0 0
2 29 42 1 162 1 162 0 0
2 30 40 1 164 1 164 0 0
2 31 38 1 166 1 166 0 0
2 32 36 1 168 1 168 0 0
2 33 34 1 170 1 170 0 0
1 35 0 0 0 0
1 35 0 0 0 0
1 37 0 0 1 228 1 228
1 37 0 0 0 0
1 39 1 228 0 1 230 1 230
1 39 0 0 0 0
1 41 1 230 0 1 232 1 232
1 41 0 0 0 0
1 43 1 232 0 1 234 1 234
1 43 0 0 0 0
1 45 1 234 0 1 236 1 236
1 45 0 0 0 0
1 47 1 236 0 1 238 1 238
1 47 0 0 0 0
2 48 49 1 238 0 1 240 0
0 3 50 158 205 3 50 158 205 12 241 242 243 244 245 246 247 248 249 250 251 252 0
0 0 0 0 0
1 1
0 0 0 1 0 0
1 1
0 0 0 1 0 0
1 1
0 0 0 1 0 0
2 1
0 1 0 1 0 1 1 0
4 1
0 2 0 1 2 0 1 1 3 0
14 4
2 1 3 1 0 1 0 1 11 0
1 2 0 0 0 0
2 2 3 2 12 0 1 0 4 8 5 12 13 1 12
0 1 12 0 1 9 0
83 25
2 1 2 1 1 1 1 1 5 0
0 0 0 1 6 0
1 3 2 1 3 2 1 3 2 8 9 1 9
2 4 22 5 73 9 71 69 1 1 1 4 74 72 70 18 0
2 5 9 2 74 0 2 74 0 11 19 21 22 23 24 25 26 27 28 29 30 0
2 6 7 1 70 1 70 1 32 0
1 8 0 0 0 1 70
1 8 0 0 0 1 74
0 2 70 74 0 2 33 35 0
2 10 14 1 29 1 29 1 36 0
2 11 12 1 70 1 70 1 38 0
1 13 0 0 0 1 74
1 13 0 0 0 1 70
1 21 4 70 74 8 72 3 74 8 72 4 68 42 43 45 3 43 45 68
2 15 16 2 27 3 2 27 3 3 48 49 50 0
1 17 2 27 2 2 27 2 3 46 47 67 1 67
1 17 0 0 0 0
2 18 19 1 67 0 1 53 0
0 1 74 1 74 1 55 0
1 20 3 74 8 72 3 74 8 72 3 57 58 60 0
1 21 0 0 0 3 58 60 70
1 3 6 58 43 60 45 70 68 0 3 73 71 69 3 73 71 69
2 23 24 1 70 1 70 1 62 0
0 1 70 1 70 1 64 0
0 0 0 1 65 0
33 12
2 1 2 1 0 1 0 1 3 0
1 3 0 0 0 0
1 3 0 0 0 1 0
1 4 1 0 0 1 5 0
2 5 7 1 5 1 5 1 30 0
1 6 0 0 0 0
2 6 7 2 29 5 1 5 4 27 26 29 31 1 29
1 8 1 29 0 1 32 0
2 9 10 1 32 1 32 1 8 0
2 11 10 1 32 1 32 1 9 0
1 11 0 0 1 10 0
0 2 32 1 2 32 1 9 11 12 13 14 15 16 19 20 21 0
2 1
0 1 0 1 0 0 0
3 1
0 1 0 1 0 2 1 2 0
5 1
0 1 0 1 0 4 1 2 3 4 0
5 1
0 1 0 1 0 4 1 2 3 4 0
3 1
0 1 0 1 0 2 1 2 0
5 1
0 1 0 1 0 3 1 2 4 0
5 3
2 1 2 1 0 1 0 2 2 3 0
0 1 0 1 0 1 4 0
0 1 1 1 1 0 0
40 5
2 1 4 2 0 1 2 0 1 8 38 32 33 34 35 7 8 9 0
2 2 3 2 7 0 2 7 0 14 10 39 12 13 15 16 17 18 19 20 21 22 23 24 0
0 1 21 1 21 3 25 26 28 0
0 0 0 1 29 0
0 0 0 1 30 0
2 1
0 2 0 1 2 0 1 0 0
8 5
1 1 2 0 1 2 0 1 1 3 0
2 2 3 1 3 1 3 2 5 6 0
1 4 1 3 1 3 1 7 1 7
1 4 0 0 0 1 2
0 2 7 2 0 1 4 0
3 1
0 1 1 1 1 1 2 0
4 1
0 2 1 0 2 1 0 2 2 3 0
49 6
2 1 5 2 0 1 2 0 1 8 47 38 39 40 41 8 9 10 0
2 2 3 2 8 0 2 8 0 14 11 48 13 14 16 17 18 19 20 21 22 24 25 26 0
1 4 1 22 1 22 6 27 28 29 30 42 43 1 30
1 4 0 0 4 32 33 34 44 1 34
0 3 34 30 2 1 2 1 36 0
0 2 0 2 2 0 2 0 0
6 3
2 1 2 1 0 1 0 3 1 2 3 0
0 0 0 0 0
0 0 0 0 0
17 3
2 1 2 2 0 1 2 0 1 8 16 3 13 14 15 6 7 8 0
0 0 0 0 0
0 0 0 0 0
2 1
0 2 0 1 2 0 1 0 0
130 21
2 1 2 1 0 1 0 5 123 100 101 102 4 0
1 3 0 0 0 0
1 3 1 102 1 102 1 7 1 7
2 4 5 1 7 0 2 8 10 0
2 6 5 1 8 1 8 1 11 0
1 6 0 0 1 12 0
2 7 19 1 8 1 8 8 13 14 15 16 17 18 26 29 0
2 8 18 1 0 1 0 5 124 31 125 34 113 0
1 9 0 0 0 0
2 10 16 3 112 104 31 1 31 13 107 105 37 126 40 41 42 43 44 45 46 47 48 0
1 11 3 45 26 16 3 45 26 16 11 49 50 51 52 53 54 55 121 60 122 63 1 55
2 12 13 4 74 55 60 63 2 60 63 8 103 57 61 64 65 127 67 68 0
1 15 0 0 0 0
1 14 0 0 0 0
1 11 2 103 26 2 103 26 2 73 74 1 74
1 17 4 50 65 52 54 4 50 65 52 54 5 84 128 86 87 88 1 103
1 17 0 0 0 1 105
2 9 18 4 105 103 107 34 2 107 34 4 104 91 112 114 2 112 104
1 20 0 0 0 0
1 20 0 0 0 0
0 2 0 16 2 0 16 2 129 98 0
18 1
0 1 0 1 0 13 1 2 3 4 5 7 9 14 15 16 17 12 13 0
106 14
1 1 0 0 0 0
2 2 3 1 0 1 0 1 3 0
1 4 1 0 1 0 1 4 0
1 4 0 0 0 0
2 5 6 2 1 0 2 1 0 8 80 97 10 83 84 12 13 14 0
0 5 12 0 1 2 80 5 12 0 1 2 80 15 15 98 17 18 20 21 22 23 24 25 26 27 28 29 30 0
2 7 13 1 13 1 13 1 31 0
2 8 9 2 12 0 2 12 0 13 32 99 34 35 100 38 39 101 41 42 44 45 46 0
1 10 0 0 0 0
1 10 0 0 0 0
2 11 12 5 44 1 2 80 0 5 44 1 2 80 0 9 49 62 63 64 65 102 68 70 103 0
0 1 0 1 0 4 104 74 76 105 0
0 0 0 0 0
1 1 1 0 1 0 1 79 0
3 1
0 3 0 1 2 3 0 1 2 0 0
7 3
2 1 2 2 0 1 2 0 1 1 3 0
0 0 0 0 0
0 3 0 1 2 3 0 1 2 1 5 0
49 3
2 1 2 2 0 1 2 0 1 8 43 3 36 37 38 6 7 8 0
0 2 6 0 2 6 0 19 9 44 11 12 14 15 16 17 18 19 21 45 24 26 46 47 30 32 48 0
0 0 0 0 0
2 1
0 2 0 1 2 0 1 0 0
4 3
2 1 2 1 0 1 0 1 1 0
0 0 0 0 0
0 0 0 0 0
12 3
2 1 2 2 0 1 2 0 1 3 3 4 5 0
0 1 3 1 3 2 6 8 0
0 3 0 1 2 3 0 1 2 2 9 11 0
5 3
2 1 2 1 0 1 0 2 1 2 0
0 0 0 0 0
0 0 0 0 0
6 3
2 1 2 1 0 1 0 2 2 3 0
0 1 0 1 0 1 4 0
0 1 0 1 0 1 5 0
40 5
2 1 2 2 1 0 2 1 0 9 39 5 6 8 9 10 11 12 13 0
0 5 11 1 2 6 39 5 11 1 2 6 39 7 14 16 17 18 19 20 21 0
2 3 4 1 12 1 12 1 22 0
0 5 11 1 2 6 39 5 11 1 2 6 39 7 23 25 26 27 28 29 30 0
0 4 1 2 6 39 4 1 2 6 39 6 33 34 35 36 37 38 0
3 1
0 3 0 1 2 3 0 1 2 0 0
3 1
0 1 0 1 0 2 1 2 0
22 5
2 1 4 1 0 1 0 2 2 3 0
2 2 3 1 0 1 0 15 4 5 6 7 8 10 11 12 13 14 15 16 17 18 19 0
0 1 16 1 16 2 20 21 0
0 1 1 1 1 0 0
0 1 1 1 1 0 0
27 3
2 1 2 1 0 1 0 2 2 3 0
0 2 0 1 2 0 1 21 4 5 6 7 8 10 11 12 13 14 15 16 17 18 19 20 21 22 23 24 25 0
0 0 0 0 0
51 16
2 1 2 1 1 1 1 1 3 0
1 3 0 0 0 0
1 3 0 0 0 1 1
1 4 2 1 0 1 0 5 5 49 36 37 38 1 5
2 5 9 3 41 5 39 0 3 42 40 11 0
2 6 7 2 42 38 2 42 38 1 12 0
1 8 0 0 0 0
1 8 0 0 0 0
1 10 0 0 1 15 1 15
1 10 0 0 0 0
2 11 15 1 15 0 1 17 0
2 12 13 2 0 42 2 0 42 12 50 19 20 22 23 24 25 26 27 29 30 31 0
1 14 0 0 0 1 42
1 14 1 42 1 42 1 34 2 34 40
1 4 3 34 42 40 0 2 41 39 2 41 39
0 1 42 1 42 0 0
40 11
2 1 5 1 1 1 1 1 4 0
2 2 3 2 0 1 2 0 1 5 36 37 38 39 6 0
1 4 0 0 0 0
1 4 0 0 0 0
1 6 0 0 1 9 1 9
1 6 0 0 0 0
2 7 10 1 9 0 1 11 0
2 8 9 2 0 1 2 0 1 13 12 13 14 16 17 18 19 20 21 22 23 24 25 0
0 2 22 2 2 22 2 8 26 27 28 29 30 31 32 33 0
0 1 2 1 2 1 34 0
0 1 2 1 2 1 35 0
7 3
2 1 2 1 0 1 0 3 2 3 4 0
0 1 0 1 0 2 5 6 0
0 1 1 1 1 0 0
18 10
9 1 2 3 4 5 6 7 8 9 1 0 1 0 0 0
0 0 0 0 0
0 0 0 0 0
0 0 0 0 0
0 0 0 0 0
0 0 0 0 0
0 0 0 0 0
0 0 0 0 0
0 0 0 0 0
0 0 0 0 0
22 13
1 1 0 0 0 0
9 2 3 4 5 6 7 8 9 10 1 0 1 0 0 0
1 11 0 0 0 0
1 11 0 0 0 0
1 11 0 0 0 0
1 11 0 0 0 0
1 11 0 0 0 0
1 11 0 0 0 0
1 11 0 0 0 0
1 11 0 0 0 0
1 12 0 0 0 0
0 1 2 1 2 1 4 0
0 2 2 1 2 2 1 0 0
2 1
0 1 0 1 0 0 0
1 1
0 1 0 1 0 0 0
5 1
0 2 0 1 2 0 1 1 4 0
2 1
0 1 0 1 0 0 0
1 1
0 1 0 1 0 0 0
5 3
2 1 2 1 0 1 0 1 2 0
0 0 0 1 3 0
0 1 0 1 0 1 4 0
3 1
0 2 0 1 2 0 1 1 2 0
1 1
0 1 0 1 0 0 0
2 1
0 1 0 1 0 1 1 0
11 3
1 1 0 0 0 0
1 2 0 0 0 0
0 0 0 6 5 6 7 8 9 10 0
7 1
0 0 0 6 1 2 3 4 5 6 0
129019 13
2 1 2 0 0 5 0 70 2 5 6 0
2 3 2 1 5 1 5 1 7 0
1 3 0 0 1 8 0
2 4 12 2 5 2 2 5 2 8 9 10 11 12 13 14 15 44 0
1 5 1 0 1 0 4 71 23 25 26 0
1 6 0 0 0 0
2 7 10 2 2 5 2 2 5 1 48 0
2 8 10 2 2 23 2 2 23 1 47 0
1 9 0 0 0 0
2 9 12 4 64 26 10 2 3 26 10 2 6 52 57 58 62 64 66 1 64
1 11 0 0 0 0
2 11 12 6 38 23 26 5 10 2 5 23 26 5 10 2 9 41 20 24 27 28 33 36 38 46 1 38
0 2 129018 13 2 129018 13 0 0
1 1
0 0 0 0 0
129014 4
2 1 2 0 0 1 1 0
1 3 1 129013 1 129013 1 2 0
1 3 0 0 0 0
0 0 0 0 0
129019 5
2 1 2 0 0 0 0
0 0 0 0 0
1 3 0 0 3 1 3 4 0
1 4 0 0 0 0
0 5 129018 129016 129017 129015 1 5 129018 129016 129017 129015 1 13 10 11 12 13 14 15 17 18 19 20 21 22 25 0
2 1
0 1 0 1 0 1 1 0
129018 6
2 1 2 1 0 1 0 3 1 2 3 0
0 1 1 1 1 1 4 0
2 3 4 0 0 7 5 6 8 9 10 11 12 0
1 5 0 0 0 0
1 5 0 0 1 14 0
0 4 0 5 129017 6 4 0 5 129017 6 18 16 18 20 21 22 23 24 25 28 29 30 31 32 33 34 35 37 38 0
1 1
0 0 0 0 0
19 9
2 1 2 1 0 1 0 1 2 0
1 6 0 0 0 0
2 3 4 1 0 1 0 1 4 0
1 5 0 0 0 0
1 5 0 0 0 0
1 6 0 0 1 7 1 7
2 7 8 1 7 0 1 8 0
0 0 0 1 9 0
0 1 0 1 0 8 10 12 13 14 15 16 17 18 0
3 1
0 2 0 1 2 0 1 1 2 0
1 1
0 0 0 0 0
3 1
0 1 0 1 0 1 2 0
22 5
2 1 2 1 0 1 0 3 2 3 4 0
0 1 1 1 1 3 6 9 10 0
2 3 4 1 3 1 3 1 11 0
0 2 0 1 2 0 1 5 12 13 16 19 20 0
0 1 1 1 1 1 21 0
8 3
2 1 2 1 0 1 0 2 2 3 0
0 1 1 1 1 1 4 0
0 2 0 1 2 0 1 3 5 6 7 0
32 1
0 5 2 1 3 4 0 5 2 1 3 4 0 27 5 6 7 8 9 10 11 12 13 14 15 16 17 18 19 20 21 22 23 24 25 26 27 28 29 30 31 0
14 1
0 3 2 0 1 3 2 0 1 10 4 5 6 7 8 9 10 11 12 13 0
14 1
0 3 2 0 1 3 2 0 1 10 4 5 6 7 8 9 10 11 12 13 0
29 1
0 7 0 1 2 3 4 5 6 7 0 1 2 3 4 5 6 22 7 8 9 10 11 12 13 14 15 16 17 18 19 20 21 22 23 24 25 26 27 28 0
29 1
0 7 0 1 2 3 4 5 6 7 0 1 2 3 4 5 6 22 7 8 9 10 11 12 13 14 15 16 17 18 19 20 21 22 23 24 25 26 27 28 0
29 1
0 7 0 1 2 3 4 5 6 7 0 1 2 3 4 5 6 22 7 8 9 10 11 12 13 14 15 16 17 18 19 20 21 22 23 24 25 26 27 28 0
30 1
0 7 0 1 2 3 4 5 6 7 0 1 2 3 4 5 6 23 7 8 9 10 11 12 13 14 15 16 17 18 19 20 21 22 23 24 25 26 27 28 29 0
27 1
0 6 0 1 2 3 4 5 6 0 1 2 3 4 5 21 6 7 8 9 10 11 12 13 14 15 16 17 18 19 20 21 22 23 24 25 26 0
31 1
0 7 0 1 2 3 4 5 6 7 0 1 2 3 4 5 6 24 7 8 9 10 11 12 13 14 15 16 17 18 19 20 21 22 23 24 25 26 27 28 29 30 0
30 1
0 7 0 1 2 3 4 5 6 7 0 1 2 3 4 5 6 23 7 8 9 10 11 12 13 14 15 16 17 18 19 20 21 22 23 24 25 26 27 28 29 0
33 1
0 8 0 1 2 3 4 5 6 7 8 0 1 2 3 4 5 6 7 25 8 9 10 11 12 13 14 15 16 17 18 19 20 21 22 23 24 25 26 27 28 29 30 31 32 0
36 1
0 8 0 1 2 3 4 5 6 7 8 0 1 2 3 4 5 6 7 28 8 9 10 11 12 13 14 15 16 17 18 19 20 21 22 23 24 25 26 27 28 29 30 31 32 33 34 35 0
31 1
0 5 0 1 2 3 4 5 0 1 2 3 4 26 5 6 7 8 9 10 11 12 13 14 15 16 17 18 19 20 21 22 23 24 25 26 27 28 29 30 0
32 1
0 5 0 1 2 3 4 5 0 1 2 3 4 27 5 6 7 8 9 10 11 12 13 14 15 16 17 18 19 20 21 22 23 24 25 26 27 28 29 30 31 0
7 1
0 3 1 2 0 3 1 2 0 4 3 4 5 6 0
51 1
0 7 4 0 1 2 3 5 6 7 4 0 1 2 3 5 6 44 7 8 9 10 11 12 13 14 15 16 17 18 19 20 21 22 23 24 25 26 27 28 29 30 31 32 33 34 35 36 37 38 39 40 41 42 43 44 45 46 47 48 49 50 0
7 1
0 3 1 2 0 3 1 2 0 4 3 4 5 6 0
54 7
2 1 2 1 1 1 1 3 4 5 7 0
2 3 2 1 5 1 5 1 8 0
1 3 0 0 1 9 0
2 4 6 1 5 1 5 8 10 11 13 14 15 16 17 51 0
1 5 0 0 0 0
2 5 6 4 22 11 15 5 3 11 15 5 5 48 20 21 22 53 1 22
0 5 11 5 0 1 2 5 11 5 0 1 2 13 23 24 25 32 36 38 39 40 41 42 43 44 45 0
11 3
2 1 2 1 0 1 0 3 2 3 4 0
0 2 1 0 2 1 0 0 0
0 2 0 1 2 0 1 6 5 6 7 8 9 10 0
29 3
2 1 2 2 1 2 2 1 2 3 4 5 7 0
2 1 2 3 4 0 5 3 4 0 5 21 8 10 11 12 13 14 15 16 17 18 19 20 21 25 26 27 28 5 24 4 7 0
0 2 3 5 2 3 5 0 0
20 1
0 2 0 1 2 0 1 17 2 3 4 5 7 8 9 10 11 12 13 14 15 16 17 18 19 0
12 3
2 1 2 1 0 1 0 3 2 3 4 0
0 2 0 1 2 0 1 7 5 6 7 8 9 10 11 0
0 2 1 0 2 1 0 0 0
7 1
0 3 1 2 0 3 1 2 0 4 3 4 5 6 0
63 7
2 1 2 1 1 1 1 3 4 5 7 0
2 3 2 1 5 1 5 1 8 0
1 3 0 0 1 9 0
2 4 6 1 5 1 5 17 10 11 12 13 14 15 16 18 19 20 21 22 23 24 25 26 60 0
1 5 0 0 0 0
2 5 6 4 31 11 23 5 3 11 23 5 5 57 29 30 31 62 1 31
0 5 11 5 0 1 2 5 11 5 0 1 2 13 32 33 34 41 45 47 48 49 50 51 52 53 54 0
15 5
2 1 2 1 0 1 0 3 1 2 3 0
0 0 0 0 0
2 3 4 1 2 1 2 1 5 0
0 1 0 1 0 5 6 7 9 10 11 0
0 1 0 1 0 3 12 13 14 0
63 8
2 1 2 1 0 1 0 3 3 4 5 0
0 0 0 0 0
2 3 4 1 4 1 4 1 7 0
0 3 0 2 1 3 0 2 1 14 8 9 10 11 13 14 15 16 17 18 19 20 22 23 0
2 5 7 1 0 1 0 6 24 27 28 30 31 60 0
1 6 0 0 0 0
2 6 7 5 54 2 31 1 28 4 2 31 1 28 20 57 34 35 37 38 39 40 41 42 43 44 46 47 48 49 50 51 52 54 62 1 54
0 0 0 0 0
32 3
2 1 2 2 1 2 2 1 2 3 4 5 7 0
2 1 2 3 4 0 5 3 4 0 5 24 8 10 11 12 13 14 15 16 17 18 19 20 21 22 23 24 28 29 30 31 5 27 4 7 0
0 2 3 5 2 3 5 0 0
26 1
0 2 0 1 2 0 1 23 2 3 4 5 7 8 9 10 11 12 13 14 15 16 17 18 19 20 21 22 23 24 25 0
9 1
0 4 2 3 0 1 4 2 3 0 1 5 4 5 6 7 8 0
62 7
2 1 2 1 2 1 2 3 5 6 8 0
2 3 2 1 6 1 6 1 9 0
1 3 0 0 1 10 0
2 4 6 1 6 1 6 13 11 12 14 15 16 17 18 20 21 22 23 24 59 0
1 5 0 0 0 0
2 5 6 4 29 12 23 6 3 12 23 6 5 56 27 28 29 61 1 29
0 6 12 6 0 1 2 3 6 12 6 0 1 2 3 14 30 31 32 39 43 44 46 47 48 49 50 51 52 53 0
15 5
2 1 2 1 0 1 0 3 1 2 3 0
0 0 0 0 0
2 3 4 1 2 1 2 1 5 0
0 1 0 1 0 5 6 7 9 10 11 0
0 1 0 1 0 3 12 13 14 0
66 8
2 1 2 1 0 1 0 3 3 4 5 0
0 0 0 0 0
2 3 4 1 4 1 4 1 7 0
0 3 0 2 1 3 0 2 1 17 8 9 10 11 12 13 15 16 17 18 19 20 21 22 23 25 26 0
2 5 7 1 0 1 0 6 27 30 31 33 34 63 0
1 6 0 0 0 0
2 6 7 5 57 2 34 1 31 4 2 34 1 31 20 60 37 38 40 41 42 43 44 45 46 47 49 50 51 52 53 54 55 57 65 1 57
0 0 0 0 0
42 7
2 1 2 1 0 1 0 2 2 4 0
2 3 2 1 2 1 2 1 5 0
1 3 0 0 1 6 0
2 4 6 1 2 1 2 13 7 8 10 11 12 13 14 16 17 18 19 20 39 0
1 5 0 0 0 0
2 5 6 4 25 8 19 2 3 8 19 2 5 36 23 24 25 41 1 25
0 4 8 2 0 1 4 8 2 0 1 6 26 27 28 31 32 33 0
30 3
2 1 2 2 1 2 2 1 2 3 4 5 7 0
2 1 2 3 4 0 5 3 4 0 5 22 8 10 11 12 13 14 15 16 18 19 20 21 22 23 24 25 26 27 5 29 4 7 0
0 2 3 5 2 3 5 0 0
22 1
0 2 0 1 2 0 1 19 2 3 4 5 7 8 9 10 11 12 13 14 15 16 17 18 19 20 21 0
13 3
2 1 2 1 0 1 0 3 2 3 4 0
0 2 0 1 2 0 1 8 5 6 7 8 9 10 11 12 0
0 2 1 0 2 1 0 0 0
11 3
2 1 2 1 0 1 0 3 2 3 4 0
0 2 1 0 2 1 0 0 0
0 2 0 1 2 0 1 6 5 6 7 8 9 10 0
15 1
0 4 0 1 2 3 4 0 1 2 3 11 4 5 6 7 8 9 10 11 12 13 14 0
61 7
2 1 2 1 2 1 2 3 5 6 8 0
2 3 2 1 6 1 6 1 9 0
1 3 0 0 1 10 0
2 4 6 1 6 1 6 10 11 12 15 16 17 18 19 20 21 58 0
1 5 0 0 0 0
2 5 6 4 26 12 18 6 3 12 18 6 5 55 24 25 26 60 1 26
0 6 12 6 0 1 2 3 6 12 6 0 1 2 3 16 27 28 29 36 40 41 42 43 45 46 47 48 49 50 51 52 0
15 5
2 1 2 1 0 1 0 3 1 2 3 0
0 0 0 0 0
2 3 4 1 2 1 2 1 5 0
0 1 0 1 0 5 6 7 9 10 11 0
0 1 0 1 0 3 12 13 14 0
63 8
2 1 2 1 0 1 0 3 3 4 5 0
0 0 0 0 0
2 3 4 1 4 1 4 1 7 0
0 3 0 2 1 3 0 2 1 14 8 9 10 11 13 14 15 16 17 18 19 20 22 23 0
2 5 7 1 0 1 0 6 24 27 28 30 31 60 0
1 6 0 0 0 0
2 6 7 5 54 2 31 1 28 4 2 31 1 28 20 57 34 35 37 38 39 40 41 42 43 44 46 47 48 49 50 51 52 54 62 1 54
0 0 0 0 0
69 8
2 1 2 1 0 1 0 3 3 4 5 0
0 0 0 0 0
2 3 4 1 4 1 4 1 7 0
0 3 0 2 1 3 0 2 1 14 8 9 10 11 13 14 15 16 17 18 19 20 22 23 0
2 5 7 1 0 1 0 6 24 27 28 31 32 65 0
1 6 0 0 0 1 2
2 6 7 6 56 54 2 32 1 28 3 32 1 28 21 61 59 35 37 38 39 40 41 42 43 44 46 47 48 49 50 51 52 54 56 68 2 56 54
0 0 0 0 0
39 7
2 1 2 1 0 1 0 2 2 4 0
2 3 2 1 2 1 2 1 5 0
1 3 0 0 1 6 0
2 4 6 1 2 1 2 10 7 8 11 12 13 14 15 16 17 36 0
1 5 0 0 0 0
2 5 6 4 22 8 14 2 3 8 14 2 5 33 20 21 22 38 1 22
0 4 8 2 0 1 4 8 2 0 1 6 23 24 25 28 29 30 0
40 7
2 1 2 1 0 1 0 2 2 4 0
2 3 2 1 2 1 2 1 5 0
1 3 0 0 1 6 0
2 4 6 1 2 1 2 10 7 8 11 12 13 14 15 16 17 37 0
1 5 0 0 0 0
2 5 6 4 22 8 14 2 3 8 14 2 5 34 20 21 22 39 1 22
0 4 8 2 0 1 4 8 2 0 1 7 23 24 25 28 29 30 31 0
32 4
2 1 3 2 1 2 2 1 2 3 4 5 7 0
1 2 3 4 0 5 3 4 0 5 22 8 10 11 12 13 14 15 16 19 20 21 22 23 24 25 26 27 28 29 5 31 4 0
2 1 3 1 4 1 4 1 7 0
0 2 3 5 2 3 5 0 0
22 1
0 2 0 1 2 0 1 19 2 3 4 5 7 8 9 10 11 12 13 14 15 16 17 18 19 20 21 0
13 3
2 1 2 1 0 1 0 3 2 3 4 0
0 2 0 1 2 0 1 8 5 6 7 8 9 10 11 12 0
0 2 1 0 2 1 0 0 0
11 3
2 1 2 1 0 1 0 3 2 3 4 0
0 2 1 0 2 1 0 0 0
0 2 0 1 2 0 1 6 5 6 7 8 9 10 0
8 1
0 2 0 1 2 0 1 6 2 3 4 5 6 7 0
7 1
0 3 1 2 0 3 1 2 0 4 3 4 5 6 0
11 3
2 1 2 1 0 1 0 3 1 2 3 0
0 0 0 0 0
0 1 0 1 0 5 5 6 8 9 10 0
23 3
2 1 2 1 0 1 0 3 3 4 5 0
0 0 0 0 0
0 3 0 2 1 3 0 2 1 14 7 8 9 10 12 13 14 15 16 17 18 19 21 22 0
59 7
2 1 2 1 0 1 0 2 2 4 0
2 3 2 1 2 1 2 1 5 0
1 3 0 0 1 6 0
2 4 6 1 2 1 2 30 7 8 11 12 13 14 15 16 17 18 19 20 21 22 23 24 25 26 27 28 29 30 31 32 33 34 35 36 37 56 0
1 5 0 0 0 0
2 5 6 4 42 8 33 2 3 8 33 2 5 53 40 41 42 58 1 42
0 4 8 2 0 1 4 8 2 0 1 6 43 44 45 48 49 50 0
38 3
2 1 2 2 1 2 2 1 2 3 4 5 7 0
2 1 2 3 4 0 5 3 4 0 5 31 8 10 11 12 13 14 15 16 17 18 19 20 21 22 23 24 25 26 27 28 29 30 31 32 33 34 35 5 37 4 7 0
0 2 3 5 2 3 5 0 0
40 1
0 2 0 1 2 0 1 37 2 3 4 5 7 8 9 10 11 12 13 14 15 16 17 18 19 20 21 22 23 24 25 26 27 28 29 30 31 32 33 34 35 36 37 38 39 0
3 1
0 1 0 1 0 2 1 2 0
5 1
0 1 0 1 0 3 1 2 4 0
28 17
2 1 2 1 0 1 0 3 2 3 4 0
0 1 0 1 0 2 5 6 0
2 3 4 1 3 1 3 1 7 0
0 1 0 1 0 2 8 9 0
2 5 6 1 3 1 3 1 10 0
0 1 0 1 0 2 11 12 0
2 7 8 1 3 1 3 1 13 0
0 1 0 1 0 2 14 15 0
2 9 10 1 3 1 3 1 16 0
0 1 0 1 0 2 17 18 0
2 11 12 1 3 1 3 1 19 0
0 1 0 1 0 2 20 21 0
2 13 14 1 3 1 3 1 22 0
0 1 0 1 0 2 23 24 0
2 15 16 1 3 1 3 1 25 0
0 1 0 1 0 2 26 27 0
0 1 1 1 1 0 0
13 1
0 3 1 0 2 3 1 0 2 9 3 5 6 7 8 9 10 11 12 0
15 1
0 3 0 1 2 3 0 1 2 11 3 4 5 7 8 9 10 11 12 13 14 0
6 3
2 1 2 1 0 1 0 3 1 2 3 0
0 0 0 0 0
0 0 0 0 0
6 3
2 1 2 1 0 1 0 3 1 2 3 0
0 0 0 0 0
0 0 0 0 0
6 3
2 1 2 1 0 1 0 3 1 2 3 0
0 0 0 0 0
0 0 0 0 0
20 4
2 1 2 2 0 1 2 0 1 12 2 3 4 6 7 8 9 10 11 14 15 16 0
1 3 0 0 0 0
1 3 0 0 0 0
0 0 0 1 19 0
20 4
2 1 2 2 0 1 2 0 1 12 2 3 4 6 7 8 9 10 11 14 15 16 0
1 3 0 0 0 0
1 3 0 0 0 0
0 0 0 1 19 0
20 4
2 1 2 2 0 1 2 0 1 12 2 3 4 6 7 8 9 10 11 14 15 16 0
1 3 0 0 0 0
1 3 0 0 0 0
0 0 0 1 19 0
43 9
2 1 2 1 0 1 0 3 2 3 4 0
0 2 0 1 2 0 1 13 5 6 7 8 9 10 11 12 13 14 15 16 17 0
2 3 4 1 3 1 3 1 18 0
0 2 0 1 2 0 1 4 19 20 21 22 0
2 5 6 1 3 1 3 1 23 0
0 2 0 1 2 0 1 9 24 25 26 27 28 29 30 31 32 0
2 7 8 1 3 1 3 1 33 0
0 2 0 1 2 0 1 8 34 35 36 37 38 39 40 41 0
0 1 1 1 1 1 42 0
14 1
0 3 0 1 2 3 0 1 2 10 3 4 5 7 8 9 10 11 12 13 0
47 3
2 1 2 1 0 1 0 5 3 4 5 6 7 0
2 1 2 4 0 3 1 6 4 0 3 1 6 37 8 9 10 12 13 14 15 16 17 18 19 20 21 22 23 24 25 26 27 28 29 30 31 32 36 37 38 40 41 42 43 44 45 46 35 3 7 0
0 0 0 0 0
57 9
2 1 8 1 0 1 0 6 3 5 6 7 8 9 0
2 2 6 3 0 3 1 3 0 3 1 11 10 11 12 14 15 16 17 18 19 20 21 0
2 3 4 2 5 3 2 5 3 2 22 23 0
1 5 3 0 3 5 3 0 3 5 14 24 25 26 28 29 30 31 32 33 34 48 52 55 56 0
1 5 0 0 0 0
1 7 1 5 1 5 2 39 5 0
1 7 0 0 0 0
2 1 8 2 3 8 2 3 8 3 43 3 9 0
0 2 0 5 2 0 5 2 44 45 0
10 1
0 3 1 2 0 3 1 2 0 7 3 4 5 6 7 8 9 0
7 1
0 3 1 2 0 3 1 2 0 4 3 4 5 6 0
15 5
2 1 2 1 0 1 0 3 1 2 3 0
0 0 0 0 0
2 3 4 1 2 1 2 1 5 0
0 1 0 1 0 5 6 7 9 10 11 0
0 1 0 1 0 3 12 13 14 0
62 8
2 1 2 1 0 1 0 3 3 4 5 0
0 0 0 0 0
2 3 4 1 4 1 4 1 7 0
0 3 0 2 1 3 0 2 1 14 8 9 10 11 13 14 15 16 17 18 19 20 22 23 0
2 5 7 1 0 1 0 4 24 27 28 59 0
1 6 0 0 0 0
2 6 7 5 53 2 24 1 28 4 2 24 1 28 22 56 31 32 33 34 36 37 38 39 40 41 42 43 45 46 47 48 49 50 51 53 61 1 53
0 0 0 0 0
69 8
2 1 2 1 0 1 0 3 3 4 5 0
0 0 0 0 0
2 3 4 1 4 1 4 1 7 0
0 3 0 2 1 3 0 2 1 14 8 9 10 11 13 14 15 16 17 18 19 20 22 23 0
2 5 7 1 0 1 0 6 24 27 28 31 32 65 0
1 6 0 0 0 1 2
2 6 7 6 56 54 2 32 1 28 3 32 1 28 21 61 59 35 37 38 39 40 41 42 43 44 46 47 48 49 50 51 52 54 56 68 2 56 54
0 0 0 0 0
53 9
2 1 2 1 0 1 0 2 2 4 0
2 3 2 1 2 1 2 1 5 0
1 3 0 0 1 6 0
2 4 8 1 2 1 2 3 7 8 50 0
1 5 0 0 0 0
1 6 1 36 0 1 47 0
1 7 0 0 0 0
2 5 8 3 47 8 2 3 47 8 2 21 16 17 18 19 21 22 23 24 25 26 27 28 29 30 31 32 33 34 35 36 52 1 36
0 4 8 2 0 1 4 8 2 0 1 6 37 38 39 42 43 44 0
54 9
2 1 2 1 0 1 0 2 2 4 0
2 3 2 1 2 1 2 1 5 0
1 3 0 0 1 6 0
2 4 8 1 2 1 2 3 7 8 51 0
1 5 0 0 0 0
1 6 1 36 0 1 48 0
1 7 0 0 0 0
2 5 8 3 48 8 2 3 48 8 2 21 16 17 18 19 21 22 23 24 25 26 27 28 29 30 31 32 33 34 35 36 53 1 36
0 4 8 2 0 1 4 8 2 0 1 7 37 38 39 42 43 44 45 0
31 3
2 1 2 2 1 2 2 1 2 3 4 5 7 0
2 1 2 3 4 0 5 3 4 0 5 23 8 10 11 12 13 14 15 16 17 18 19 20 21 22 23 27 28 29 30 5 26 4 7 0
0 2 3 5 2 3 5 0 0
24 1
0 2 0 1 2 0 1 21 2 3 4 5 7 8 9 10 11 12 13 14 15 16 17 18 19 20 21 22 23 0
3 1
0 1 0 1 0 2 1 2 0
14 1
0 3 0 1 2 3 0 1 2 10 3 4 5 7 8 9 10 11 12 13 0
14 3
2 1 2 1 0 1 0 3 2 3 4 0
0 2 0 1 2 0 1 9 5 6 7 8 9 10 11 12 13 0
0 2 1 0 2 1 0 0 0
11 3
2 1 2 1 0 1 0 3 2 3 4 0
0 2 1 0 2 1 0 0 0
0 2 0 1 2 0 1 6 5 6 7 8 9 10 0
8 1
0 2 0 1 2 0 1 6 2 3 4 5 6 7 0
25 1
0 2 0 1 2 0 1 21 4 5 6 7 8 9 10 11 12 13 14 15 16 17 18 19 20 21 22 23 24 0
7 1
0 3 1 2 0 3 1 2 0 4 3 4 5 6 0
66 7
2 1 2 1 1 1 1 3 4 5 7 0
2 3 2 1 5 1 5 1 8 0
1 3 0 0 1 9 0
2 4 6 1 5 1 5 20 10 11 12 13 14 15 16 17 19 20 21 22 23 24 25 26 27 28 29 63 0
1 5 0 0 0 0
2 5 6 4 34 11 25 5 3 11 25 5 5 60 32 33 34 65 1 34
0 5 11 5 0 1 2 5 11 5 0 1 2 13 35 36 37 44 48 50 51 52 53 54 55 56 57 0
15 5
2 1 2 1 0 1 0 3 1 2 3 0
0 0 0 0 0
2 3 4 1 2 1 2 1 5 0
0 1 0 1 0 5 6 7 9 10 11 0
0 1 0 1 0 3 12 13 14 0
63 8
2 1 2 1 0 1 0 3 3 4 5 0
0 0 0 0 0
2 3 4 1 4 1 4 1 7 0
0 3 0 2 1 3 0 2 1 14 8 9 10 11 13 14 15 16 17 18 19 20 22 23 0
2 5 7 1 0 1 0 6 24 27 28 30 31 60 0
1 6 0 0 0 0
2 6 7 5 54 2 31 1 28 4 2 31 1 28 20 57 34 35 37 38 39 40 41 42 43 44 46 47 48 49 50 51 52 54 62 1 54
0 0 0 0 0
48 7
2 1 2 1 0 1 0 2 2 4 0
2 3 2 1 2 1 2 1 5 0
1 3 0 0 1 6 0
2 4 6 1 2 1 2 20 7 8 9 10 11 12 13 14 16 17 18 19 20 21 22 23 24 25 26 45 0
1 5 0 0 0 0
2 5 6 4 31 8 22 2 3 8 22 2 5 42 29 30 31 47 1 31
0 4 8 2 0 1 4 8 2 0 1 6 32 33 34 37 38 39 0
33 3
2 1 2 2 1 2 2 1 2 3 4 5 7 0
2 1 2 3 4 0 5 3 4 0 5 25 8 10 11 12 13 14 15 16 17 18 19 20 21 22 23 24 25 29 30 31 32 5 28 4 7 0
0 2 3 5 2 3 5 0 0
28 1
0 2 0 1 2 0 1 25 2 3 4 5 7 8 9 10 11 12 13 14 15 16 17 18 19 20 21 22 23 24 25 26 27 0
3 1
0 1 0 1 0 2 1 2 0
14 1
0 3 0 1 2 3 0 1 2 10 3 4 5 7 8 9 10 11 12 13 0
16 3
2 1 2 1 0 1 0 3 2 3 4 0
0 2 0 1 2 0 1 11 5 6 7 8 9 10 11 12 13 14 15 0
0 2 1 0 2 1 0 0 0
11 3
2 1 2 1 0 1 0 3 2 3 4 0
0 2 1 0 2 1 0 0 0
0 2 0 1 2 0 1 6 5 6 7 8 9 10 0
9 1
0 3 1 2 0 3 1 2 0 6 3 4 5 6 7 8 0
15 5
2 1 2 1 0 1 0 3 1 2 3 0
0 0 0 0 0
2 3 4 1 2 1 2 1 5 0
0 1 0 1 0 5 6 7 9 10 11 0
0 1 0 1 0 3 12 13 14 0
65 8
2 1 2 1 0 1 0 3 3 4 5 0
0 0 0 0 0
2 3 4 1 4 1 4 1 7 0
0 3 0 2 1 3 0 2 1 15 8 9 10 11 13 14 15 16 17 18 19 20 21 23 24 0
2 5 7 1 0 1 0 6 25 28 29 31 32 62 0
1 6 0 0 0 0
2 6 7 5 56 2 32 1 29 4 2 32 1 29 21 59 35 36 38 39 40 41 42 43 44 45 47 48 49 50 51 52 53 54 56 64 1 56
0 0 0 0 0
71 8
2 1 2 1 0 1 0 3 3 4 5 0
0 0 0 0 0
2 3 4 1 4 1 4 1 7 0
0 3 0 2 1 3 0 2 1 15 8 9 10 11 13 14 15 16 17 18 19 20 21 23 24 0
2 5 7 1 0 1 0 6 25 28 29 32 33 67 0
1 6 0 0 0 1 2
2 6 7 6 58 56 2 33 1 29 3 33 1 29 22 63 61 36 38 39 40 41 42 43 44 45 47 48 49 50 51 52 53 54 56 58 70 2 58 56
0 0 0 0 0
83 7
2 1 2 1 0 1 0 2 2 4 0
2 3 2 1 2 1 2 1 5 0
1 3 0 0 1 6 0
2 4 6 1 2 1 2 53 7 8 10 11 12 13 14 15 16 17 18 19 20 21 22 23 24 26 27 28 29 30 31 32 33 34 35 36 37 38 39 40 41 42 43 44 45 46 47 48 49 50 51 52 53 54 55 56 57 58 59 60 80 0
1 5 0 0 0 0
2 5 6 4 66 8 54 2 3 8 54 2 6 77 63 64 65 66 82 1 66
0 4 8 2 0 1 4 8 2 0 1 6 67 68 69 72 73 74 0
84 7
2 1 2 1 0 1 0 2 2 4 0
2 3 2 1 2 1 2 1 5 0
1 3 0 0 1 6 0
2 4 6 1 2 1 2 53 7 8 10 11 12 13 14 15 16 17 18 19 20 21 22 23 24 26 27 28 29 30 31 32 33 34 35 36 37 38 39 40 41 42 43 44 45 46 47 48 49 50 51 52 53 54 55 56 57 58 59 60 81 0
1 5 0 0 0 0
2 5 6 4 66 8 54 2 3 8 54 2 6 78 63 64 65 66 83 1 66
0 4 8 2 0 1 4 8 2 0 1 7 67 68 69 72 73 74 75 0
50 3
2 1 2 2 1 2 2 1 2 3 4 5 7 0
2 1 2 3 4 0 5 3 4 0 5 41 8 10 11 12 13 14 15 16 17 18 19 20 21 22 23 24 25 26 27 28 29 30 31 32 33 34 35 36 37 38 39 44 45 46 47 48 49 5 42 4 7 0
0 2 3 5 2 3 5 1 43 0
57 1
0 2 0 1 2 0 1 54 2 3 4 5 7 8 9 10 11 12 13 14 15 16 17 18 19 20 21 22 23 24 25 26 27 28 29 30 31 32 33 34 35 36 37 38 39 40 41 42 43 44 45 46 47 48 49 50 51 52 53 54 55 56 0
3 1
0 1 0 1 0 2 1 2 0
15 1
0 3 0 1 2 3 0 1 2 11 3 4 5 7 8 9 10 11 12 13 14 0
32 3
2 1 2 1 0 1 0 3 2 3 4 0
0 2 0 1 2 0 1 26 5 6 7 8 9 10 11 12 13 14 15 16 17 18 19 20 21 22 23 24 25 26 27 28 29 30 0
0 2 1 0 2 1 0 1 31 0
12 3
2 1 2 1 0 1 0 3 2 3 4 0
0 2 1 0 2 1 0 1 5 0
0 2 0 1 2 0 1 6 6 7 8 9 10 11 0
8 1
0 2 0 1 2 0 1 6 2 3 4 5 6 7 0
4 3
2 1 2 1 0 1 0 1 2 0
0 0 0 0 0
0 1 0 1 0 0 0
57 7
2 1 2 1 0 1 0 2 2 4 0
2 3 2 1 2 1 2 1 5 0
1 3 0 0 1 6 0
2 4 6 1 2 1 2 30 7 8 11 12 13 14 15 16 17 18 19 20 21 22 23 24 25 26 27 28 29 30 31 32 33 34 35 36 37 54 0
1 5 0 0 0 0
2 5 6 4 42 8 33 2 3 8 33 2 5 51 40 41 42 56 1 42
0 3 8 2 1 3 8 2 1 5 43 44 45 47 48 0
2 1
0 1 0 1 0 0 0
34 4
2 1 3 1 2 1 2 1 31 0
1 2 0 0 0 0
2 2 3 4 25 1 0 2 3 1 0 2 17 28 6 8 9 10 11 12 13 14 17 18 19 20 21 23 25 33 1 25
0 0 0 0 0
73 10
2 1 2 1 0 1 0 5 70 2 3 4 7 0
1 3 0 0 0 0
1 3 1 4 1 4 1 10 1 10
2 4 5 1 10 0 2 11 13 0
2 6 5 1 11 1 11 1 14 0
1 6 0 0 1 15 0
2 7 9 1 11 1 11 30 16 17 20 21 22 23 24 25 26 27 28 29 30 31 32 33 34 35 36 37 38 39 40 41 42 43 44 45 46 66 0
1 8 0 0 0 0
2 8 9 4 51 17 42 11 3 17 42 11 5 63 49 50 51 67 1 51
0 3 17 11 0 3 17 11 0 9 52 53 54 71 57 58 59 60 72 0
39 4
2 1 2 1 0 1 0 7 34 3 35 5 6 7 8 0
1 3 0 0 0 0
1 3 1 0 1 0 1 10 0
0 2 0 1 2 0 1 14 36 13 37 16 17 19 20 21 22 23 24 25 28 38 0
8 1
0 2 0 1 2 0 1 6 2 3 4 5 6 7 0
13 1
0 2 0 1 2 0 1 10 2 3 4 7 8 9 10 11 12 6 0
51 9
2 1 2 1 0 1 0 2 2 4 0
2 3 2 1 2 1 2 1 5 0
1 3 0 0 1 6 0
2 4 8 1 2 1 2 3 7 8 48 0
1 5 0 0 0 0
1 6 1 36 0 1 45 0
1 7 0 0 0 0
2 5 8 3 45 8 2 3 45 8 2 21 16 17 18 19 21 22 23 24 25 26 27 28 29 30 31 32 33 34 35 36 50 1 36
0 3 8 2 1 3 8 2 1 5 37 38 39 41 42 0
2 1
0 1 0 1 0 0 0
34 4
2 1 3 1 2 1 2 1 31 0
1 2 0 0 0 0
2 2 3 4 25 1 0 2 3 1 0 2 17 28 6 8 9 10 11 12 13 14 17 18 19 20 21 23 25 33 1 25
0 0 0 0 0
67 12
2 1 2 1 0 1 0 5 64 2 3 4 7 0
1 3 0 0 0 0
1 3 1 4 1 4 1 10 1 10
2 4 5 1 10 0 2 11 13 0
2 6 5 1 11 1 11 1 14 0
1 6 0 0 1 15 0
2 7 11 1 11 1 11 3 16 17 60 0
1 8 0 0 0 0
1 9 1 45 0 1 57 0
1 10 0 0 0 0
2 8 11 3 57 17 11 3 57 17 11 21 25 26 27 28 30 31 32 33 34 35 36 37 38 39 40 41 42 43 44 45 61 1 45
0 3 17 11 0 3 17 11 0 9 46 47 48 65 51 52 53 54 66 0
39 4
2 1 2 1 0 1 0 7 34 3 35 5 6 7 8 0
1 3 0 0 0 0
1 3 1 0 1 0 1 10 0
0 2 0 1 2 0 1 14 36 13 37 16 17 19 20 21 22 23 24 25 28 38 0
43 8
2 1 2 1 1 1 1 3 2 3 4 0
0 0 0 0 0
2 3 4 1 3 1 3 1 6 0
0 2 1 0 2 1 0 6 7 8 9 10 11 12 0
2 5 7 1 1 1 1 6 13 16 17 19 20 40 0
1 6 0 0 0 0
2 6 7 4 34 20 0 17 3 20 0 17 12 37 23 25 26 27 28 29 30 31 32 34 42 1 34
0 0 0 0 0
13 1
0 2 0 1 2 0 1 11 2 3 4 5 6 7 8 9 10 11 12 0
81 7
2 1 2 1 0 1 0 2 2 4 0
2 3 2 1 2 1 2 1 5 0
1 3 0 0 1 6 0
2 4 6 1 2 1 2 53 7 8 10 11 12 13 14 15 16 17 18 19 20 21 22 23 24 26 27 28 29 30 31 32 33 34 35 36 37 38 39 40 41 42 43 44 45 46 47 48 49 50 51 52 53 54 55 56 57 58 59 60 78 0
1 5 0 0 0 0
2 5 6 4 66 8 54 2 3 8 54 2 6 75 63 64 65 66 80 1 66
0 3 8 2 1 3 8 2 1 5 67 68 69 71 72 0
2 1
0 1 0 1 0 0 0
35 4
2 1 3 1 2 1 2 1 32 0
1 2 0 0 0 0
2 2 3 4 26 1 0 2 3 1 0 2 18 29 6 8 9 10 11 12 13 14 17 18 19 20 21 23 24 26 34 1 26
0 0 0 0 0
97 10
2 1 2 1 0 1 0 5 94 2 3 4 7 0
1 3 0 0 0 0
1 3 1 4 1 4 1 10 1 10
2 4 5 1 10 0 2 11 13 0
2 6 5 1 11 1 11 1 14 0
1 6 0 0 1 15 0
2 7 9 1 11 1 11 53 16 17 19 20 21 22 23 24 25 26 27 28 29 30 31 32 33 35 36 37 38 39 40 41 42 43 44 45 46 47 48 49 50 51 52 53 54 55 56 57 58 59 60 61 62 63 64 65 66 67 68 69 90 0
1 8 0 0 0 0
2 8 9 4 75 17 63 11 3 17 63 11 6 87 72 73 74 75 91 1 75
0 3 17 11 0 3 17 11 0 9 76 77 78 95 81 82 83 84 96 0
40 4
2 1 2 1 0 1 0 7 35 3 36 5 6 7 8 0
1 3 0 0 0 0
1 3 1 0 1 0 1 10 0
0 2 0 1 2 0 1 15 37 13 38 16 17 19 20 21 22 23 24 25 26 29 39 0
43 8
2 1 2 1 1 1 1 3 2 3 4 0
0 0 0 0 0
2 3 4 1 3 1 3 1 6 0
0 2 1 0 2 1 0 6 7 8 9 10 11 12 0
2 5 7 1 1 1 1 6 13 16 17 19 20 40 0
1 6 0 0 0 0
2 6 7 4 34 20 0 17 3 20 0 17 12 37 23 25 26 27 28 29 30 31 32 34 42 1 34
0 0 0 0 0
9 1
0 2 0 1 2 0 1 6 2 3 4 5 6 8 0
13 1
0 2 0 1 2 0 1 11 2 3 4 5 6 7 8 9 10 11 12 0
90 7
2 1 2 1 0 1 0 3 2 3 5 0
2 3 2 1 3 1 3 1 6 0
1 3 0 0 1 7 0
2 4 6 1 3 1 3 53 8 9 11 12 13 14 15 16 17 18 19 20 21 22 23 24 25 27 28 29 30 31 32 33 34 35 36 37 38 39 40 41 42 43 44 45 46 47 48 49 50 51 52 53 54 55 56 57 58 59 60 61 87 0
1 5 0 0 0 0
2 5 6 4 67 9 55 3 3 9 55 3 6 84 64 65 66 67 89 1 67
0 4 9 3 0 1 4 9 3 0 1 13 68 69 70 72 73 74 75 76 77 78 79 80 81 0
34 1
0 2 0 1 2 0 1 30 3 4 5 6 8 9 10 11 12 13 14 15 16 17 18 19 20 21 22 23 24 25 26 27 28 29 30 31 32 33 0
7 1
0 3 1 2 0 3 1 2 0 4 3 4 5 6 0
9 1
0 3 1 2 0 3 1 2 0 6 3 4 5 6 7 8 0
69 8
2 1 2 1 0 1 0 3 3 4 5 0
0 0 0 0 0
2 3 4 1 4 1 4 1 7 0
0 3 0 2 1 3 0 2 1 14 8 9 10 11 13 14 15 16 17 18 19 20 22 23 0
2 5 7 1 0 1 0 6 24 27 28 31 32 65 0
1 6 0 0 0 1 2
2 6 7 6 56 54 2 32 1 28 3 32 1 28 21 61 59 35 37 38 39 40 41 42 43 44 46 47 48 49 50 51 52 54 56 68 2 56 54
0 0 0 0 0
50 3
2 1 2 1 0 1 0 20 2 3 4 5 6 8 9 10 11 12 13 14 15 16 17 18 19 20 21 23 0
2 1 2 3 9 4 21 3 9 4 21 26 24 26 27 28 29 30 31 32 33 34 35 36 37 38 39 40 41 42 46 47 48 49 21 45 9 23 0
0 2 1 21 2 1 21 0 0
3 1
0 1 0 1 0 2 1 2 0
14 1
0 3 0 1 2 3 0 1 2 10 3 4 5 7 8 9 10 11 12 13 0
60 7
2 1 2 1 0 1 0 2 2 4 0
2 3 2 1 2 1 2 1 5 0
1 3 0 0 1 6 0
2 4 6 1 2 1 2 25 7 8 10 11 12 13 14 16 17 18 19 20 21 22 23 24 25 26 27 28 29 30 31 32 57 0
1 5 0 0 0 0
2 5 6 4 37 8 28 2 3 8 28 2 5 54 35 36 37 59 1 37
0 4 8 2 0 1 4 8 2 0 1 12 38 39 40 43 44 45 46 47 48 49 50 51 0
71 8
2 1 2 1 0 1 0 3 3 4 5 0
0 0 0 0 0
2 3 4 1 4 1 4 1 7 0
0 3 0 2 1 3 0 2 1 15 8 9 10 11 13 14 15 16 17 18 19 20 21 23 24 0
2 5 7 1 0 1 0 6 25 28 29 32 33 67 0
1 6 0 0 0 1 2
2 6 7 6 58 56 2 33 1 29 3 33 1 29 22 63 61 36 38 39 40 41 42 43 44 45 47 48 49 50 51 52 53 54 56 58 70 2 58 56
0 0 0 0 0
69 3
2 1 2 1 0 1 0 28 2 3 4 5 6 8 9 10 11 12 13 14 15 16 17 18 19 20 21 22 23 24 25 26 27 28 29 31 0
2 1 2 3 9 4 29 3 9 4 29 36 32 34 35 36 37 38 39 40 41 42 43 44 45 46 47 48 49 50 51 52 53 54 55 56 57 58 63 64 65 66 67 68 29 61 9 31 0
0 2 1 29 2 1 29 1 62 0
3 1
0 1 0 1 0 2 1 2 0
15 1
0 3 0 1 2 3 0 1 2 11 3 4 5 7 8 9 10 11 12 13 14 0
92 9
2 1 2 1 0 1 0 2 2 4 0
2 3 2 1 2 1 2 1 5 0
1 3 0 0 1 6 0
2 4 8 1 2 1 2 3 7 8 89 0
1 5 0 0 0 0
1 6 1 69 0 13 86 13 14 15 16 17 18 19 20 21 22 23 24 0
1 7 0 0 0 0
2 5 8 6 13 17 23 86 8 2 6 13 17 23 86 8 2 39 30 31 32 33 35 36 37 38 39 41 42 43 44 45 46 47 48 49 50 51 52 53 54 55 56 57 58 59 60 61 62 63 64 65 66 67 68 69 91 1 69
0 4 8 2 0 1 4 8 2 0 1 12 70 71 72 75 76 77 78 79 80 81 82 83 0
24 1
0 4 3 0 1 2 4 3 0 1 2 19 4 5 6 7 8 9 10 11 12 13 15 16 17 18 19 20 21 22 23 0
74 14
13 1 2 3 4 5 6 7 8 9 10 11 12 13 1 0 1 0 2 2 3 0
0 2 0 1 2 0 1 4 5 6 7 8 0
0 2 0 1 2 0 1 4 10 11 13 14 0
0 2 0 1 2 0 1 4 16 17 19 20 0
0 2 0 1 2 0 1 4 22 23 25 26 0
0 2 0 1 2 0 1 4 28 29 30 31 0
0 2 0 1 2 0 1 4 33 34 35 36 0
0 2 0 1 2 0 1 4 38 39 40 41 0
0 2 0 1 2 0 1 4 43 44 45 46 0
0 2 0 1 2 0 1 9 48 49 50 51 52 53 54 55 56 0
0 2 0 1 2 0 1 9 58 59 60 61 62 63 64 65 66 0
0 2 0 1 2 0 1 4 68 69 71 72 0
0 1 1 1 1 1 73 0
1 13 0 0 1 4 0
13 3
2 1 2 1 0 1 0 3 2 3 4 0
0 1 1 1 1 1 5 0
0 2 0 1 2 0 1 7 6 7 8 9 10 11 12 0
46 5
2 1 2 1 0 1 0 9 3 4 5 6 7 8 9 10 11 0
0 2 2 1 2 2 1 0 0
2 3 4 1 10 1 10 1 12 0
0 3 8 1 2 3 8 1 2 13 13 14 15 16 17 18 19 20 21 22 23 24 25 0
0 3 8 1 2 3 8 1 2 20 26 27 28 29 30 31 32 33 34 35 36 37 38 39 40 41 42 43 44 45 0
10 1
0 3 0 1 2 3 0 1 2 7 3 4 5 6 7 8 9 0
42 5
2 1 2 1 0 1 0 9 3 4 5 6 7 8 9 10 11 0
0 2 2 1 2 2 1 0 0
2 3 4 1 10 1 10 1 12 0
0 3 8 1 2 3 8 1 2 13 13 14 15 16 17 18 19 20 21 22 23 24 25 0
0 3 8 1 2 3 8 1 2 16 26 27 28 29 30 31 32 33 34 35 36 37 38 39 40 41 0
26 1
0 2 0 1 2 0 1 24 2 3 4 5 6 7 8 9 10 11 12 13 14 15 16 17 18 19 20 21 22 23 24 25 0
128 25
2 1 2 1 0 1 0 3 2 3 4 0
0 1 1 1 1 1 5 0
2 3 4 1 3 1 3 1 6 0
0 2 0 1 2 0 1 7 7 8 9 10 11 12 13 0
2 5 6 1 3 1 3 1 14 0
0 2 0 1 2 0 1 13 15 16 17 18 19 20 21 22 23 24 25 26 27 0
2 7 23 1 0 1 0 10 28 29 30 31 32 33 34 35 36 126 0
1 8 0 0 0 0
1 9 2 48 33 1 33 6 123 39 41 42 43 44 0
13 10 11 12 13 14 15 16 17 18 19 20 21 24 1 41 1 41 2 55 56 0
1 22 2 41 44 2 41 44 4 58 59 60 61 1 44
1 22 2 41 44 2 41 44 4 63 64 65 66 1 44
1 22 2 41 44 2 41 44 4 68 69 70 71 1 44
1 22 2 41 44 2 41 44 4 73 74 75 76 1 44
1 22 2 41 44 2 41 44 4 78 79 80 81 1 44
1 22 2 41 44 2 41 44 4 83 84 85 86 1 44
1 22 2 41 44 2 41 44 4 88 89 90 91 1 44
1 22 2 41 44 2 41 44 4 93 94 95 96 1 44
1 22 2 41 44 2 41 44 9 98 99 100 101 102 103 104 105 106 1 44
1 22 2 41 44 2 41 44 9 108 109 110 111 112 113 114 115 116 1 44
1 22 2 41 44 2 41 44 4 118 119 120 121 1 44
1 22 1 44 1 44 1 122 1 44
2 8 23 5 44 35 39 123 31 4 35 39 123 31 4 45 47 48 127 1 48
0 4 36 35 31 1 4 36 35 31 1 4 49 50 51 52 0
1 24 0 0 1 37 0
3 5
2 1 2 1 0 1 0 1 1 0
0 0 0 0 0
2 3 4 1 0 1 0 1 2 0
0 0 0 0 0
0 0 0 0 0
3 5
2 1 2 1 0 1 0 1 1 0
0 0 0 0 0
2 3 4 1 0 1 0 1 2 0
0 0 0 0 0
0 0 0 0 0
23 1
0 3 1 0 2 3 1 0 2 18 5 6 7 8 9 10 11 12 13 14 15 16 17 18 19 20 21 22 0
41 3
2 1 2 2 3 4 2 3 4 1 5 0
0 0 0 0 0
1 0 5 3 1 0 2 4 5 3 1 0 2 4 31 7 9 10 11 12 13 14 15 16 17 18 19 20 21 22 23 24 25 27 28 29 30 31 32 33 35 0 1 2 3 4 0
58 7
2 1 2 1 1 1 1 5 3 4 6 7 9 0
2 3 2 1 4 1 4 1 10 0
1 3 0 0 1 11 0
2 4 6 1 4 1 4 25 12 13 15 16 17 18 19 20 21 22 23 24 25 26 27 28 29 30 31 32 33 34 35 36 55 0
1 5 0 0 0 0
2 5 6 4 41 13 32 4 3 13 32 4 5 52 39 40 41 57 1 41
0 5 13 4 0 7 2 5 13 4 0 7 2 6 42 43 44 47 48 49 0
43 5
2 1 2 1 1 1 1 3 3 4 5 0
0 1 2 1 2 1 6 0
2 3 4 1 4 1 4 1 7 0
0 3 1 0 2 3 1 0 2 28 8 9 10 11 12 13 14 15 16 17 18 19 20 21 22 23 24 25 26 27 28 29 30 31 32 33 34 35 0
0 3 1 0 2 3 1 0 2 7 36 37 38 39 40 41 42 0
22 3
2 1 2 1 1 1 1 3 3 4 5 0
0 1 2 1 2 1 6 0
0 3 1 0 2 3 1 0 2 15 7 8 9 10 11 12 13 14 15 16 17 18 19 20 21 0
16 1
0 3 1 0 2 3 1 0 2 11 5 6 7 8 9 10 11 12 13 14 15 0
39 3
2 1 2 2 3 4 2 3 4 1 5 0
0 0 0 0 0
1 0 5 3 1 0 2 4 5 3 1 0 2 4 29 7 9 10 11 12 13 14 15 16 17 18 19 20 21 22 23 25 26 27 28 29 30 31 33 0 1 2 3 4 0
50 7
2 1 2 1 1 1 1 5 3 4 6 7 9 0
2 3 2 1 4 1 4 1 10 0
1 3 0 0 1 11 0
2 4 6 1 4 1 4 17 12 13 14 15 16 17 18 20 21 22 23 24 25 26 27 28 47 0
1 5 0 0 0 0
2 5 6 4 33 13 25 4 3 13 25 4 5 44 31 32 33 49 1 33
0 5 13 4 0 7 2 5 13 4 0 7 2 6 34 35 36 39 40 41 0
36 5
2 1 2 1 1 1 1 3 3 4 5 0
0 1 2 1 2 1 6 0
2 3 4 1 4 1 4 1 7 0
0 3 1 0 2 3 1 0 2 21 8 9 10 11 12 13 14 15 16 17 18 19 20 21 22 23 24 25 26 27 28 0
0 3 1 0 2 3 1 0 2 7 29 30 31 32 33 34 35 0
53 5
2 1 2 1 0 1 0 10 3 4 5 6 7 8 9 10 11 12 0
0 2 2 1 2 2 1 0 0
2 3 4 1 11 1 11 1 13 0
0 3 9 1 2 3 9 1 2 15 14 15 16 17 18 19 20 21 22 23 24 25 26 27 28 0
0 3 9 1 2 3 9 1 2 24 29 30 31 32 33 34 35 36 37 38 39 40 41 42 43 44 45 46 47 48 49 50 51 52 0
49 5
2 1 2 1 0 1 0 10 3 4 5 6 7 8 9 10 11 12 0
0 2 2 1 2 2 1 0 0
2 3 4 1 11 1 11 1 13 0
0 3 9 1 2 3 9 1 2 15 14 15 16 17 18 19 20 21 22 23 24 25 26 27 28 0
0 3 9 1 2 3 9 1 2 20 29 30 31 32 33 34 35 36 37 38 39 40 41 42 43 44 45 46 47 48 0
11 1
0 3 0 1 2 3 0 1 2 8 3 4 5 6 7 8 9 10 0
30 1
0 2 0 1 2 0 1 28 2 3 4 5 6 7 8 9 10 11 12 13 14 15 16 17 18 19 20 21 22 23 24 25 26 27 28 29 0
11 1
0 2 0 1 2 0 1 7 4 5 6 7 8 9 10 0
59 6
2 1 2 1 0 1 0 10 3 4 5 6 7 8 9 10 11 12 0
0 2 2 1 2 2 1 0 0
2 3 5 1 11 1 11 1 13 0
1 4 2 9 1 2 9 1 20 14 15 16 17 18 19 20 21 22 25 26 27 28 29 30 31 32 33 34 35 0
0 3 17 35 2 3 17 35 2 7 37 38 39 40 41 42 43 0
0 3 9 1 2 3 9 1 2 15 44 45 46 47 48 49 50 51 52 53 54 55 56 57 58 0
54 6
2 1 2 1 0 1 0 10 3 4 5 6 7 8 9 10 11 12 0
0 2 2 1 2 2 1 0 0
2 3 5 1 11 1 11 1 13 0
1 4 2 9 1 2 9 1 15 14 15 16 17 20 21 22 23 24 25 26 27 28 29 30 0
0 3 17 30 2 3 17 30 2 7 32 33 34 35 36 37 38 0
0 3 9 1 2 3 9 1 2 15 39 40 41 42 43 44 45 46 47 48 49 50 51 52 53 0
11 1
0 3 0 1 2 3 0 1 2 8 3 4 5 6 7 8 9 10 0
30 1
0 2 0 1 2 0 1 28 2 3 4 5 6 7 8 9 10 11 12 13 14 15 16 17 18 19 20 21 22 23 24 25 26 27 28 29 0
186 21
2 1 2 1 1 1 1 3 3 4 5 0
0 3 1 0 2 3 1 0 2 24 6 7 8 9 10 11 12 13 14 15 16 17 18 19 20 21 22 23 24 25 26 27 28 29 0
2 3 4 1 4 1 4 1 30 0
0 3 1 0 2 3 1 0 2 10 31 32 33 34 35 36 37 38 39 40 0
2 5 6 1 4 1 4 1 41 0
0 3 1 0 2 3 1 0 2 18 42 43 44 45 46 47 48 49 50 51 52 53 54 55 56 57 58 59 0
2 7 8 1 4 1 4 1 60 0
0 3 1 0 2 3 1 0 2 15 61 62 63 64 65 66 67 68 69 70 71 72 73 74 75 0
2 9 10 1 4 1 4 1 76 0
0 3 1 0 2 3 1 0 2 15 77 78 79 80 81 82 83 84 85 86 87 88 89 90 91 0
2 11 12 1 4 1 4 1 92 0
0 3 1 0 2 3 1 0 2 18 93 94 95 96 97 98 99 100 101 102 103 104 105 106 107 108 109 110 0
2 13 14 1 4 1 4 1 111 0
0 3 1 0 2 3 1 0 2 18 112 113 114 115 116 117 118 119 120 121 122 123 124 125 126 127 128 129 0
2 15 16 1 4 1 4 1 130 0
0 3 1 0 2 3 1 0 2 18 131 132 133 134 135 136 137 138 139 140 141 142 143 144 145 146 147 148 0
2 17 18 1 4 1 4 1 149 0
0 3 1 0 2 3 1 0 2 15 150 151 152 153 154 155 156 157 158 159 160 161 162 163 164 0
2 19 20 1 4 1 4 1 165 0
0 3 1 0 2 3 1 0 2 15 166 167 168 169 170 171 172 173 174 175 176 177 178 179 180 0
0 2 1 2 2 1 2 5 181 182 183 184 185 0
30 3
2 1 2 2 1 3 2 1 3 3 23 24 5 0
0 0 0 0 0
1 0 4 1 3 0 2 4 1 3 0 2 18 8 9 10 11 12 13 14 15 16 17 18 19 20 22 0 1 2 3 0
13 1
0 3 1 0 2 3 1 0 2 7 11 12 4 5 6 7 10 0
1151 53
52 1 2 3 4 5 6 7 8 9 10 11 12 13 14 15 16 17 18 19 20 21 22 23 24 25 26 27 28 29 30 31 32 33 34 35 36 37 38 39 40 41 42 43 44 45 46 47 48 49 50 51 52 1 1 1 1 2 3 4 0
0 3 1 0 2 3 1 0 2 17 6 7 8 9 10 11 12 13 14 15 16 17 18 19 20 21 22 0
0 3 1 0 2 3 1 0 2 11 24 25 26 27 28 29 30 31 32 33 34 0
0 2 1 2 2 1 2 7 36 37 38 39 40 41 42 0
0 3 1 0 2 3 1 0 2 23 44 45 46 47 48 49 50 51 52 53 54 55 56 57 58 59 60 61 62 63 64 65 66 0
0 3 1 0 2 3 1 0 2 17 68 69 70 71 72 73 74 75 76 77 78 79 80 81 82 83 84 0
0 3 1 0 2 3 1 0 2 20 86 87 88 89 90 91 92 93 94 95 96 97 98 99 100 101 102 103 104 105 0
0 2 1 2 2 1 2 16 107 108 109 110 111 112 113 114 115 116 117 118 119 120 121 122 0
0 2 1 2 2 1 2 16 124 125 126 127 128 129 130 131 132 133 134 135 136 137 138 139 0
0 3 1 0 2 3 1 0 2 24 141 142 143 144 145 146 147 148 149 150 151 152 153 154 155 156 157 158 159 160 161 162 163 164 0
0 3 1 0 2 3 1 0 2 24 166 167 168 169 170 171 172 173 174 175 176 177 178 179 180 181 182 183 184 185 186 187 188 189 0
0 3 1 0 2 3 1 0 2 26 191 192 193 194 195 196 197 198 199 200 201 202 203 204 205 206 207 208 209 210 211 212 213 214 215 216 0
0 3 1 0 2 3 1 0 2 20 218 219 220 221 222 223 224 225 226 227 228 229 230 231 232 233 234 235 236 237 0
0 3 1 0 2 3 1 0 2 14 239 240 241 242 243 244 245 246 247 248 249 250 251 252 0
0 3 1 0 2 3 1 0 2 20 254 255 256 257 258 259 260 261 262 263 264 265 266 267 268 269 270 271 272 273 0
0 3 1 0 2 3 1 0 2 39 275 276 277 280 281 282 283 284 285 286 287 288 289 290 291 292 293 294 295 296 297 298 299 300 301 302 303 304 305 306 307 308 309 310 311 312 313 314 315 0
0 3 1 0 2 3 1 0 2 39 317 318 319 322 323 324 325 326 327 328 329 330 331 332 333 334 335 336 337 338 339 340 341 342 343 344 345 346 347 348 349 350 351 352 353 354 355 356 357 0
0 3 1 0 2 3 1 0 2 23 359 360 361 362 363 364 365 366 367 368 369 370 371 372 373 374 375 376 377 378 379 380 381 0
0 3 1 0 2 3 1 0 2 39 383 384 385 388 389 390 391 392 393 394 395 396 397 398 399 400 401 402 403 404 405 406 407 408 409 410 411 412 413 414 415 416 417 418 419 420 421 422 423 0
0 2 1 2 2 1 2 22 425 426 427 428 429 430 431 432 433 434 435 436 437 438 439 440 441 442 443 444 445 446 0
0 2 1 2 2 1 2 13 448 449 450 451 452 453 454 455 456 457 458 459 460 0
0 2 1 2 2 1 2 16 462 463 464 465 466 467 468 469 470 471 472 473 474 475 476 477 0
0 3 1 0 2 3 1 0 2 29 479 480 481 484 485 486 487 488 489 490 491 492 493 494 495 496 497 498 499 500 501 502 503 504 505 506 507 508 509 0
0 3 1 0 2 3 1 0 2 26 511 512 513 514 515 516 517 518 519 520 521 522 523 524 525 526 527 528 529 530 531 532 533 534 535 536 0
0 3 1 0 2 3 1 0 2 27 538 539 540 543 544 545 546 547 548 549 550 551 552 553 554 555 556 557 558 559 560 561 562 563 564 565 566 0
0 3 1 0 2 3 1 0 2 32 568 569 570 573 574 575 576 577 578 579 580 581 582 583 584 585 586 587 588 589 590 591 592 593 594 595 596 597 598 599 600 601 0
0 3 1 0 2 3 1 0 2 29 603 604 605 608 609 610 611 612 613 614 615 616 617 618 619 620 621 622 623 624 625 626 627 628 629 630 631 632 633 0
0 3 1 0 2 3 1 0 2 31 635 636 637 640 641 642 643 644 645 646 647 648 649 650 651 652 653 654 655 656 657 658 659 660 661 662 663 664 665 666 667 0
0 3 1 0 2 3 1 0 2 35 669 670 671 674 675 676 677 678 679 680 681 682 683 684 685 686 687 688 689 690 691 692 693 694 695 696 697 698 699 700 701 702 703 704 705 0
0 2 1 2 2 1 2 19 707 708 709 710 711 712 713 714 715 716 717 718 719 720 721 722 723 724 725 0
0 2 1 2 2 1 2 4 727 728 729 730 0
0 2 1 2 2 1 2 4 732 733 734 735 0
0 2 1 2 2 1 2 4 737 738 739 740 0
0 2 1 2 2 1 2 19 742 743 744 745 746 747 748 749 750 751 752 753 754 755 756 757 758 759 760 0
0 2 1 2 2 1 2 10 762 763 764 765 766 767 768 769 770 771 0
0 2 1 2 2 1 2 13 773 774 775 776 777 778 779 780 781 782 783 784 785 0
0 3 1 0 2 3 1 0 2 23 787 788 789 790 791 792 794 795 796 797 798 799 800 801 802 803 804 805 806 807 808 809 810 0
0 3 1 0 2 3 1 0 2 26 812 813 814 815 816 817 818 819 820 821 822 823 824 825 826 827 828 829 830 831 832 833 834 835 836 837 0
0 3 1 0 2 3 1 0 2 26 839 840 841 842 843 844 845 846 847 848 849 850 851 852 853 854 855 856 857 858 859 860 861 862 863 864 0
0 3 1 0 2 3 1 0 2 29 866 867 868 871 872 873 874 875 876 877 878 879 881 882 883 884 885 886 887 888 889 890 891 892 893 894 895 896 897 0
0 3 1 0 2 3 1 0 2 32 899 900 901 904 905 906 907 908 909 910 911 912 913 914 915 916 917 918 919 920 921 922 923 924 925 926 927 928 929 930 931 932 0
0 3 1 0 2 3 1 0 2 37 934 935 936 939 940 941 942 943 944 945 946 947 949 950 951 952 953 954 955 956 957 958 959 960 961 962 963 964 965 966 967 968 969 970 971 972 973 0
0 3 1 0 2 3 1 0 2 20 975 976 977 978 980 981 982 983 984 985 986 987 988 989 990 991 992 993 994 995 0
0 3 1 0 2 3 1 0 2 17 997 998 999 1000 1002 1003 1004 1005 1006 1007 1008 1009 1010 1011 1012 1013 1014 0
0 2 1 2 2 1 2 4 1016 1017 1018 1019 0
0 2 1 2 2 1 2 13 1021 1022 1023 1024 1025 1026 1027 1028 1029 1030 1031 1032 1033 0
0 2 1 2 2 1 2 8 1035 1036 1037 1038 1039 1040 1041 1042 0
0 3 1 0 2 3 1 0 2 20 1044 1045 1046 1047 1048 1049 1050 1051 1052 1053 1054 1055 1056 1057 1058 1059 1060 1061 1062 1063 0
0 3 1 0 2 3 1 0 2 19 1065 1066 1067 1068 1069 1070 1071 1072 1073 1074 1075 1076 1077 1078 1079 1080 1081 1082 1083 0
0 3 1 0 2 3 1 0 2 20 1085 1086 1087 1088 1089 1090 1091 1092 1093 1094 1095 1096 1097 1098 1099 1100 1101 1102 1103 1104 0
0 3 1 0 2 3 1 0 2 23 1106 1107 1108 1109 1110 1111 1112 1113 1114 1115 1116 1117 1118 1119 1120 1121 1122 1123 1124 1125 1126 1127 1128 0
0 2 1 2 2 1 2 22 1129 1130 1131 1132 1133 1134 1135 1136 1137 1138 1139 1140 1141 1142 1143 1144 1145 1146 1147 1148 1149 1150 0
1 52 0 0 1 5 0
61 3
2 1 2 1 1 1 1 3 4 5 6 0
0 2 3 2 2 3 2 0 0
0 4 1 0 2 3 4 1 0 2 3 53 7 8 9 10 11 12 13 14 15 16 17 18 19 20 21 22 23 24 25 26 27 28 29 30 31 32 33 34 35 36 37 38 39 57 58 59 60 41 42 43 44 45 46 47 48 49 50 51 52 53 54 55 56 0
46 3
2 1 2 1 0 1 0 3 3 4 5 0
0 2 2 1 2 2 1 0 0
0 3 0 1 2 3 0 1 2 39 6 7 8 9 10 11 12 13 14 15 16 17 18 19 20 21 22 23 24 42 43 44 45 26 27 28 29 30 31 32 33 34 35 36 37 38 39 40 41 0
67 1
0 3 0 1 2 3 0 1 2 64 3 4 5 6 7 8 9 10 11 12 13 14 15 16 17 18 19 20 21 22 23 24 25 26 27 28 29 30 31 32 33 34 35 36 37 38 39 40 41 42 43 44 45 46 47 48 49 50 51 52 53 54 55 56 57 58 59 60 61 62 63 64 65 66 0
50 4
2 1 3 2 3 4 2 3 4 1 47 0
1 2 0 0 0 1 3
2 2 3 6 40 3 1 0 2 4 4 1 0 2 4 31 44 7 9 10 11 12 13 14 15 16 17 18 19 20 21 22 23 24 25 26 27 28 29 32 33 34 35 36 38 40 49 1 40
0 0 0 0 0
64 7
2 1 2 1 1 1 1 5 3 4 6 7 9 0
2 3 2 1 4 1 4 1 10 0
1 3 0 0 1 11 0
2 4 6 1 4 1 4 30 12 13 16 17 18 19 20 21 22 23 24 25 26 27 28 29 30 31 32 33 34 35 36 37 38 39 40 41 42 61 0
1 5 0 0 0 0
2 5 6 4 47 13 38 4 3 13 38 4 5 58 45 46 47 63 1 47
0 5 13 4 0 7 2 5 13 4 0 7 2 6 48 49 50 53 54 55 0
15 1
0 3 1 0 2 3 1 0 2 10 5 6 7 8 9 10 11 12 13 14 0
55 5
2 1 2 1 1 1 1 3 4 5 6 0
0 2 3 2 2 3 2 0 0
2 3 4 1 5 1 5 1 7 0
0 4 1 0 2 3 4 1 0 2 3 29 8 9 10 11 12 13 14 15 16 17 18 19 20 21 22 23 24 51 52 53 54 26 27 28 29 30 31 32 33 0
0 4 1 0 2 3 4 1 0 2 3 17 34 35 36 37 38 39 40 41 42 43 44 45 46 47 48 49 50 0
48 5
2 1 2 1 0 1 0 3 3 4 5 0
0 2 2 1 2 2 1 0 0
2 3 4 1 4 1 4 1 6 0
0 3 0 1 2 3 0 1 2 23 7 8 9 10 11 12 13 14 15 16 17 44 45 46 47 19 20 21 22 23 24 25 26 0
0 3 0 1 2 3 0 1 2 17 27 28 29 30 31 32 33 34 35 36 37 38 39 40 41 42 43 0
35 1
0 3 0 1 2 3 0 1 2 32 3 4 5 6 7 8 9 10 11 12 13 14 15 16 17 18 19 20 21 22 23 24 25 26 27 28 29 30 31 32 33 34 0
24 1
0 3 1 0 2 3 1 0 2 19 5 6 7 8 9 10 11 12 13 14 15 16 17 18 19 20 21 22 23 0
75 5
2 1 2 1 1 1 1 13 4 5 6 7 8 9 10 11 12 13 14 15 16 0
0 2 3 2 2 3 2 0 0
2 3 4 1 15 1 15 1 17 0
0 4 13 0 2 3 4 13 0 2 3 21 18 19 20 21 22 23 24 25 26 27 28 29 30 31 32 33 34 35 36 37 38 0
0 4 13 0 2 3 4 13 0 2 3 35 39 40 41 42 43 44 45 46 47 48 49 50 51 52 53 54 55 56 57 58 59 71 72 73 74 61 62 63 64 65 66 67 68 69 70 0
14 1
0 3 0 1 2 3 0 1 2 11 3 4 5 6 7 8 9 10 11 12 13 0
66 5
2 1 2 1 0 1 0 13 3 4 5 6 7 8 9 10 11 12 13 14 15 0
0 2 2 1 2 2 1 0 0
2 3 4 1 14 1 14 1 16 0
0 3 12 1 2 3 12 1 2 21 17 18 19 20 21 22 23 24 25 26 27 28 29 30 31 32 33 34 35 36 37 0
0 3 12 1 2 3 12 1 2 27 38 39 40 41 42 43 44 45 46 47 48 49 50 62 63 64 65 52 53 54 55 56 57 58 59 60 61 0
43 1
0 3 0 1 2 3 0 1 2 40 3 4 5 6 7 8 9 10 11 12 13 14 15 16 17 18 19 20 21 22 23 24 25 26 27 28 29 30 31 32 33 34 35 36 37 38 39 40 41 42 0
50 1
0 3 1 0 2 3 1 0 2 44 5 6 7 8 9 10 11 13 14 15 16 17 18 19 20 21 22 23 24 25 26 27 28 29 30 31 32 33 34 35 36 37 38 39 40 41 42 43 44 45 46 47 48 49 0
140 5
2 1 2 1 1 1 1 3 4 5 6 0
0 2 3 2 2 3 2 1 7 0
2 3 4 1 5 1 5 1 8 0
0 4 1 0 2 3 4 1 0 2 3 80 9 10 11 12 13 14 15 16 17 18 19 20 21 22 23 24 25 26 27 28 29 30 31 32 33 34 35 36 37 38 39 40 41 42 43 44 45 46 47 48 49 50 51 52 53 54 55 56 57 134 135 136 137 138 139 59 60 61 62 63 64 65 66 67 68 69 70 71 72 73 74 75 76 77 78 79 80 81 82 83 0
0 4 1 0 2 3 4 1 0 2 3 50 84 85 86 87 88 89 90 91 92 93 94 95 96 97 98 99 100 101 102 103 104 105 106 107 108 109 110 111 112 113 114 115 116 117 118 119 120 121 122 123 124 125 126 127 128 129 130 131 132 133 0
117 5
2 1 2 1 0 1 0 3 3 4 5 0
0 2 2 1 2 2 1 1 6 0
2 3 4 1 4 1 4 1 7 0
0 3 0 1 2 3 0 1 2 58 8 9 10 11 12 13 14 15 16 17 18 19 20 21 22 23 24 25 26 27 28 29 30 31 32 33 34 111 112 113 114 115 116 36 37 38 39 40 41 42 43 44 45 46 47 48 49 50 51 52 53 54 55 56 57 58 59 60 0
0 3 0 1 2 3 0 1 2 50 61 62 63 64 65 66 67 68 69 70 71 72 73 74 75 76 77 78 79 80 81 82 83 84 85 86 87 88 89 90 91 92 93 94 95 96 97 98 99 100 101 102 103 104 105 106 107 108 109 110 0
100 1
0 3 0 1 2 3 0 1 2 97 3 4 5 6 7 8 9 10 11 12 13 14 15 16 17 18 19 20 21 22 23 24 25 26 27 28 29 30 31 32 33 34 35 36 37 38 39 40 41 42 43 44 45 46 47 48 49 50 51 52 53 54 55 56 57 58 59 60 61 62 63 64 65 66 67 68 69 70 71 72 73 74 75 76 77 78 79 80 81 82 83 84 85 86 87 88 89 90 91 92 93 94 95 96 97 98 99 0
23 1
0 3 1 0 2 3 1 0 2 17 5 6 7 8 10 11 12 13 14 15 16 17 18 19 20 21 22 0
70 5
2 1 2 1 1 1 1 3 4 5 6 0
0 2 3 2 2 3 2 0 0
2 3 4 1 5 1 5 1 7 0
0 4 1 0 2 3 4 1 0 2 3 38 8 9 10 11 12 13 14 15 16 17 18 19 20 21 22 23 24 25 26 27 28 29 30 66 67 68 69 32 33 34 35 36 37 38 39 40 41 42 0
0 4 1 0 2 3 4 1 0 2 3 23 43 44 45 46 47 48 49 50 51 52 53 54 55 56 57 58 59 60 61 62 63 64 65 0
60 5
2 1 2 1 0 1 0 3 3 4 5 0
0 2 2 1 2 2 1 0 0
2 3 4 1 4 1 4 1 6 0
0 3 0 1 2 3 0 1 2 29 7 8 9 10 11 12 13 14 15 16 17 18 19 20 56 57 58 59 22 23 24 25 26 27 28 29 30 31 32 0
0 3 0 1 2 3 0 1 2 23 33 34 35 36 37 38 39 40 41 42 43 44 45 46 47 48 49 50 51 52 53 54 55 0
47 1
0 3 0 1 2 3 0 1 2 44 3 4 5 6 7 8 9 10 11 12 13 14 15 16 17 18 19 20 21 22 23 24 25 26 27 28 29 30 31 32 33 34 35 36 37 38 39 40 41 42 43 44 45 46 0
47 1
0 3 1 0 2 3 1 0 2 42 5 6 7 8 9 10 11 12 13 14 15 16 17 18 19 20 21 22 23 24 25 26 27 28 29 30 31 32 33 34 35 36 37 38 39 40 41 42 43 44 45 46 0
115 5
2 1 2 1 1 1 1 3 4 5 6 0
0 2 3 2 2 3 2 1 7 0
2 3 4 1 5 1 5 1 8 0
0 4 1 0 2 3 4 1 0 2 3 65 9 10 11 12 13 14 15 16 17 18 19 20 21 22 23 24 25 26 27 28 29 30 31 32 33 34 35 36 37 38 39 40 41 42 43 44 45 46 47 109 110 111 112 113 114 49 50 51 52 53 54 55 56 57 58 59 60 61 62 63 64 65 66 67 68 0
0 4 1 0 2 3 4 1 0 2 3 40 69 70 71 72 73 74 75 76 77 78 79 80 81 82 83 84 85 86 87 88 89 90 91 92 93 94 95 96 97 98 99 100 101 102 103 104 105 106 107 108 0
97 5
2 1 2 1 0 1 0 3 3 4 5 0
0 2 2 1 2 2 1 1 6 0
2 3 4 1 4 1 4 1 7 0
0 3 0 1 2 3 0 1 2 48 8 9 10 11 12 13 14 15 16 17 18 19 20 21 22 23 24 25 26 27 28 29 91 92 93 94 95 96 31 32 33 34 35 36 37 38 39 40 41 42 43 44 45 46 47 48 49 50 0
0 3 0 1 2 3 0 1 2 40 51 52 53 54 55 56 57 58 59 60 61 62 63 64 65 66 67 68 69 70 71 72 73 74 75 76 77 78 79 80 81 82 83 84 85 86 87 88 89 90 0
80 1
0 3 0 1 2 3 0 1 2 77 3 4 5 6 7 8 9 10 11 12 13 14 15 16 17 18 19 20 21 22 23 24 25 26 27 28 29 30 31 32 33 34 35 36 37 38 39 40 41 42 43 44 45 46 47 48 49 50 51 52 53 54 55 56 57 58 59 60 61 62 63 64 65 66 67 68 69 70 71 72 73 74 75 76 77 78 79 0
117 10
2 1 2 1 0 1 0 5 2 3 5 6 8 0
2 3 2 1 3 1 3 1 9 0
1 3 0 0 1 10 0
2 4 6 1 3 1 3 53 11 12 14 15 16 17 18 19 20 21 22 23 24 25 26 27 28 30 31 32 33 34 35 36 37 38 39 40 41 42 43 44 45 46 47 48 49 50 51 52 53 54 55 56 57 58 59 60 61 62 63 64 110 0
1 5 0 0 0 0
2 5 6 4 70 12 58 3 3 12 58 3 6 107 67 68 69 70 112 1 70
2 7 9 3 12 3 110 3 12 3 110 3 71 72 73 0
1 8 0 0 0 0
2 8 9 4 98 6 71 3 3 6 71 3 18 103 78 80 81 82 83 84 85 86 89 90 91 92 93 95 96 98 116 1 98
0 3 1 71 3 3 1 71 3 2 99 100 0
135 5
2 1 2 1 0 1 0 3 2 3 4 0
0 2 0 1 2 0 1 7 5 6 7 8 9 10 11 0
2 3 4 1 3 1 3 1 12 0
0 1 1 1 1 25 13 14 15 16 17 18 19 20 21 22 23 24 25 26 27 28 29 30 31 32 33 34 35 36 37 0
0 2 0 1 2 0 1 97 38 39 40 41 42 43 44 45 46 47 48 49 50 51 52 53 54 55 56 57 58 59 60 61 62 63 64 65 66 67 68 69 70 71 72 73 74 75 76 77 78 79 80 81 82 83 84 85 86 87 88 89 90 91 92 93 94 95 96 97 98 99 100 101 102 103 104 105 106 107 108 109 110 111 112 113 114 115 116 117 118 119 120 121 122 123 124 125 126 127 128 129 130 131 132 133 134 0
68 1
0 3 1 0 2 3 1 0 2 63 5 6 7 8 9 10 11 12 13 14 15 16 17 18 19 20 21 22 23 24 25 26 27 28 29 30 31 32 33 34 35 36 37 38 39 40 41 42 43 44 45 46 47 48 49 50 51 52 53 54 55 56 57 58 59 60 61 62 63 64 65 66 67 0
37 6
2 1 2 2 1 2 2 1 2 3 35 29 4 0
0 0 0 1 5 0
2 3 4 3 1 2 0 3 1 2 0 11 7 8 9 10 11 12 13 15 36 32 17 0
1 5 0 0 1 18 1 18
1 5 3 0 1 15 3 0 1 15 4 19 22 23 24 1 24
0 3 18 24 13 1 13 3 25 26 27 0
4 1
0 2 0 1 2 0 1 1 3 0
30 6
2 1 2 2 0 1 2 0 1 3 28 23 3 0
0 0 0 1 4 0
2 3 4 2 0 1 2 0 1 7 5 6 7 9 29 25 11 0
1 5 0 0 1 12 1 12
1 5 2 0 9 2 0 9 4 13 16 17 18 1 18
0 3 12 18 7 1 7 3 19 20 21 0
3 1
0 1 0 1 0 1 2 0
9 1
0 2 1 0 2 1 0 5 2 3 8 5 6 0
241 38
37 1 2 3 4 5 6 7 8 9 10 11 12 13 14 15 16 17 18 19 20 21 22 23 24 25 26 27 28 29 30 31 32 33 34 35 36 37 1 1 1 1 2 2 3 0
0 0 0 1 5 0
0 0 0 1 7 0
0 0 0 1 9 0
0 0 0 1 11 0
0 0 0 1 13 0
0 0 0 1 15 0
0 0 0 1 17 0
0 0 0 1 19 0
0 0 0 1 21 0
0 0 0 1 23 0
0 0 0 1 25 0
0 0 0 1 27 0
0 0 0 1 29 0
0 0 0 1 31 0
0 0 0 1 33 0
0 0 0 1 35 0
0 0 0 1 37 0
0 0 0 1 39 0
0 0 0 1 41 0
0 2 1 0 2 1 0 16 43 44 45 46 47 48 49 50 51 52 53 54 55 56 57 58 0
0 2 1 0 2 1 0 7 60 61 62 63 64 65 66 0
0 2 1 0 2 1 0 15 68 69 70 71 72 73 74 75 76 77 78 79 80 81 82 0
0 2 1 0 2 1 0 11 84 85 86 87 88 89 90 91 92 93 94 0
0 2 1 0 2 1 0 11 96 97 98 99 100 101 102 103 104 105 106 0
0 2 1 0 2 1 0 15 108 109 110 111 112 113 114 115 116 117 118 119 120 121 122 0
0 2 1 0 2 1 0 15 124 125 126 127 128 129 130 131 132 133 134 135 136 137 138 0
0 2 1 0 2 1 0 15 140 141 142 143 144 145 146 147 148 149 150 151 152 153 154 0
0 1 1 1 1 2 156 157 0
0 1 1 1 1 11 159 160 161 162 163 164 220 221 226 223 224 0
0 1 1 1 1 2 167 168 0
0 1 1 1 1 11 170 171 172 173 174 175 227 228 233 230 231 0
0 1 1 1 1 2 178 179 0
0 1 1 1 1 11 181 182 183 184 185 186 234 235 240 237 238 0
0 2 1 0 2 1 0 11 189 190 191 192 193 194 195 196 197 198 199 0
0 2 1 0 2 1 0 11 201 202 203 204 205 206 207 208 209 210 211 0
0 2 1 0 2 1 0 8 212 213 214 215 216 217 218 219 0
1 37 0 0 1 4 0
3 1
0 1 0 1 0 2 1 2 0
70 16
13 1 2 3 4 5 6 7 10 11 12 13 14 15 1 0 1 0 2 1 2 0
0 1 0 1 0 5 4 5 6 7 8 0
0 1 0 1 0 5 10 11 12 13 14 0
0 1 0 1 0 5 16 17 18 19 20 0
0 1 0 1 0 5 22 23 24 25 26 0
0 1 0 1 0 3 28 29 30 0
0 1 0 1 0 7 32 33 34 66 67 36 37 0
2 8 9 1 0 1 0 2 39 40 0
0 0 0 1 41 0
0 0 0 1 42 0
0 1 0 1 0 4 44 45 46 47 0
0 1 0 1 0 2 49 50 0
0 1 0 1 0 8 52 53 54 68 69 56 57 58 0
0 1 0 1 0 5 60 61 62 63 64 0
0 0 0 1 65 0
1 15 0 0 1 3 0
55 10
2 1 2 1 0 1 0 9 1 2 3 4 5 6 7 8 9 0
0 0 0 1 10 0
2 3 4 1 8 1 8 1 11 0
0 1 6 1 6 8 12 13 14 15 16 17 18 19 0
2 5 6 1 6 1 6 14 20 21 22 23 24 25 26 27 28 29 30 31 32 33 0
1 9 0 0 1 34 1 34
2 7 8 1 32 1 32 1 35 0
1 9 1 30 1 30 11 36 37 38 39 40 41 42 43 44 45 46 1 46
1 9 1 24 1 24 4 47 49 50 51 1 51
0 4 51 46 34 23 1 23 3 52 53 54 0
11 1
0 1 0 1 0 8 3 4 5 6 7 8 9 10 0
20 7
2 1 2 1 0 1 0 3 1 2 3 0
0 0 0 1 4 0
2 3 6 1 2 1 2 1 5 0
2 4 5 1 0 1 0 4 6 7 8 10 0
0 0 0 1 11 0
0 1 0 1 0 4 12 13 14 15 0
0 1 0 1 0 4 16 17 18 19 0
23 5
2 1 2 1 0 1 0 3 1 2 3 0
0 0 0 1 4 0
2 3 4 1 2 1 2 1 5 0
0 1 0 1 0 8 6 7 8 9 10 11 12 13 0
0 1 0 1 0 9 14 15 16 17 18 19 20 21 22 0
15 5
2 1 2 1 0 1 0 3 1 2 3 0
0 0 0 0 0
2 3 4 1 2 1 2 1 5 0
0 1 0 1 0 5 6 7 9 10 11 0
0 1 0 1 0 3 12 13 14 0
63 8
2 1 2 1 0 1 0 3 3 4 5 0
0 0 0 0 0
2 3 4 1 4 1 4 1 7 0
0 3 0 2 1 3 0 2 1 14 8 9 10 11 13 14 15 16 17 18 19 20 22 23 0
2 5 7 1 0 1 0 6 24 27 28 30 31 60 0
1 6 0 0 0 0
2 6 7 5 54 2 31 1 28 4 2 31 1 28 20 57 34 35 37 38 39 40 41 42 43 44 46 47 48 49 50 51 52 54 62 1 54
0 0 0 0 0
36 7
2 1 2 1 0 1 0 2 2 4 0
2 3 2 1 2 1 2 1 5 0
1 3 0 0 1 6 0
2 4 6 1 2 1 2 8 7 8 10 11 12 13 14 33 0
1 5 0 0 0 0
2 5 6 4 19 8 12 2 3 8 12 2 5 30 17 18 19 35 1 19
0 4 8 2 0 1 4 8 2 0 1 6 20 21 22 25 26 27 0
36 7
2 1 2 1 0 1 0 2 2 4 0
2 3 2 1 2 1 2 1 5 0
1 3 0 0 1 6 0
2 4 6 1 2 1 2 8 7 8 10 11 12 13 14 33 0
1 5 0 0 0 0
2 5 6 4 19 8 12 2 3 8 12 2 5 30 17 18 19 35 1 19
0 4 8 2 0 1 4 8 2 0 1 6 20 21 22 25 26 27 0
72 13
2 1 2 1 0 1 0 9 2 3 4 5 6 7 8 9 10 0
0 1 1 1 1 1 11 0
2 3 4 1 9 1 9 1 12 0
0 2 7 1 2 7 1 8 13 14 15 16 17 18 19 20 0
2 5 6 1 7 1 7 13 21 22 23 24 25 26 27 28 29 30 31 32 33 0
0 2 1 21 2 1 21 2 34 35 0
2 7 8 1 32 1 32 1 36 0
0 3 30 21 1 3 30 21 1 17 37 38 39 40 41 42 43 44 45 46 47 48 68 69 70 71 50 0
2 9 10 1 30 1 30 12 52 53 54 55 56 57 58 59 60 61 62 63 0
0 3 30 1 21 3 30 1 21 4 51 64 65 66 0
2 11 12 1 62 1 62 1 67 0
0 2 0 1 2 0 1 0 0
0 2 0 1 2 0 1 0 0
35 6
2 1 2 2 0 1 2 0 1 3 33 3 4 0
0 0 0 1 5 0
2 3 4 3 1 3 0 3 1 3 0 11 6 10 11 12 13 14 15 17 34 19 20 0
1 5 0 0 1 21 1 21
1 5 2 0 17 2 0 17 4 22 25 26 27 1 27
0 3 21 27 15 1 15 3 28 29 30 0
18 7
2 1 2 1 0 1 0 3 1 2 3 0
0 0 0 1 4 0
2 3 4 1 2 1 2 1 5 0
0 1 0 1 0 2 6 7 0
2 5 6 1 2 1 2 1 8 0
0 1 0 1 0 6 9 10 11 12 13 14 0
0 1 0 1 0 2 15 16 0
13 7
2 1 2 1 0 1 0 3 1 2 3 0
0 0 0 0 0
2 3 4 1 2 1 2 1 5 0
0 0 0 0 0
2 5 6 1 2 1 2 1 7 0
0 0 0 0 0
0 1 0 1 0 4 9 10 11 12 0
6 5
2 1 2 1 0 1 0 1 1 0
0 0 0 1 2 0
2 3 4 1 0 1 0 1 3 0
0 0 0 1 4 0
0 0 0 1 5 0
6 5
2 1 2 1 0 1 0 1 1 0
0 0 0 1 2 0
2 3 4 1 0 1 0 1 3 0
0 0 0 1 4 0
0 0 0 1 5 0
14 1
0 2 1 0 2 1 0 10 4 5 6 7 8 9 10 11 12 13 0
34 6
2 1 2 2 1 2 2 1 2 3 3 4 9 0
0 0 0 1 10 0
2 3 4 4 1 2 0 4 4 1 2 0 4 13 6 7 11 13 14 15 16 17 18 19 20 22 23 0
1 5 0 0 1 24 1 24
1 5 3 0 1 22 3 0 1 22 4 25 28 29 30 1 30
0 3 24 30 20 1 20 3 31 32 33 0
23 7
2 1 2 1 1 1 1 3 2 3 4 0
0 0 0 1 5 0
2 3 6 1 3 1 3 1 6 0
2 4 5 1 1 1 1 7 7 8 9 10 11 12 13 0
0 2 0 7 2 0 7 1 14 0
0 3 0 7 10 3 0 7 10 4 15 16 18 19 0
0 2 1 0 2 1 0 2 20 22 0
15 5
2 1 2 1 0 1 0 3 1 2 3 0
0 0 0 0 0
2 3 4 1 2 1 2 1 5 0
0 1 0 1 0 5 6 7 9 10 11 0
0 1 0 1 0 3 12 13 14 0
27 5
2 1 2 1 0 1 0 3 3 4 5 0
0 0 0 0 0
2 3 4 1 4 1 4 1 7 0
0 3 0 2 1 3 0 2 1 14 8 9 10 11 13 14 15 16 17 18 19 20 22 23 0
0 3 0 1 2 3 0 1 2 2 24 26 0
35 3
2 1 2 2 0 2 2 0 2 3 4 5 6 0
0 0 0 0 0
1 0 4 3 2 0 1 4 3 2 0 1 24 8 9 10 11 13 14 15 16 17 18 19 20 22 23 24 25 26 27 28 30 0 1 2 3 0
62 11
2 1 2 1 0 1 0 3 2 3 4 0
0 2 1 0 2 1 0 0 0
2 3 4 1 3 1 3 1 5 0
0 2 1 0 2 1 0 0 0
2 5 6 1 0 1 0 2 6 8 0
2 7 6 1 6 1 6 1 9 0
1 7 0 0 1 10 0
2 8 10 1 6 1 6 25 11 12 14 15 16 17 18 19 20 21 22 23 24 25 26 27 28 29 30 31 32 33 34 35 59 0
1 9 0 0 0 0
2 9 10 4 40 12 31 6 3 12 31 6 5 56 38 39 40 61 1 40
0 4 12 6 0 1 4 12 6 0 1 11 41 42 43 46 47 48 49 50 51 52 53 0
13 3
2 1 2 1 1 1 1 3 2 3 4 0
0 0 0 1 5 0
0 2 1 0 2 1 0 7 6 7 8 9 10 11 12 0
34 3
1 1 0 0 0 0
1 2 0 0 0 0
0 4 1 2 0 3 4 1 2 0 3 19 9 10 11 12 13 14 16 17 19 20 22 23 25 26 28 29 31 32 33 0
55 3
1 1 0 0 0 0
1 2 0 0 0 0
0 7 1 2 3 4 0 5 6 7 1 2 3 4 0 5 6 31 12 13 14 15 16 17 19 20 22 23 25 26 28 29 31 32 34 35 37 38 40 41 43 44 46 47 49 50 52 53 54 0
34 3
1 1 0 0 0 0
1 2 0 0 0 0
0 4 1 2 0 3 4 1 2 0 3 19 9 10 11 12 13 14 16 17 19 20 22 23 25 26 28 29 31 32 33 0
7 7
2 1 2 1 0 1 0 1 1 0
0 0 0 1 2 0
2 3 4 1 0 1 0 1 3 0
0 0 0 1 4 0
2 5 6 1 0 1 0 1 5 0
0 0 0 1 6 0
0 1 0 1 0 0 0
8 7
2 1 2 1 0 1 0 1 1 0
0 0 0 1 2 0
2 3 4 1 0 1 0 1 3 0
0 0 0 1 4 0
2 5 6 1 0 1 0 1 5 0
0 0 0 1 6 0
0 0 0 1 7 0
4 3
2 1 2 1 0 1 0 1 1 0
0 0 0 1 2 0
0 0 0 1 3 0
6 5
2 1 2 1 0 1 0 1 1 0
0 0 0 1 2 0
2 3 4 1 0 1 0 1 3 0
0 0 0 1 4 0
0 0 0 1 5 0
10 7
6 1 2 3 4 5 6 1 0 1 0 0 0
0 0 0 1 2 0
0 0 0 1 4 0
0 0 0 1 6 0
0 0 0 1 8 0
0 0 0 1 9 0
1 6 0 0 1 1 0
4 3
2 1 2 1 0 1 0 1 1 0
0 0 0 1 2 0
0 0 0 1 3 0
5 1
0 1 0 1 0 4 1 2 3 4 0
7 1
0 3 1 0 2 3 1 0 2 4 3 4 5 6 0
7 3
2 1 2 1 0 1 0 3 1 2 3 0
0 0 0 1 4 0
0 1 0 1 0 2 5 6 0
74 10
2 1 2 1 0 1 0 10 1 2 3 4 5 6 7 8 9 10 0
0 0 0 1 11 0
2 3 4 1 9 1 9 1 12 0
0 1 7 1 7 9 13 14 15 16 17 18 19 20 21 0
1 5 1 7 1 7 5 22 23 24 25 26 0
1 6 0 0 0 0
2 7 8 3 22 24 26 3 22 24 26 27 32 33 34 35 36 37 39 40 42 43 45 46 48 49 51 52 54 55 56 57 58 59 60 61 62 63 64 0
1 9 0 0 1 65 1 65
1 9 1 54 1 54 4 66 68 69 70 1 70
0 3 70 65 52 1 52 3 71 72 73 0
41 8
2 1 2 1 1 1 1 3 2 3 4 0
0 0 0 1 5 0
2 3 4 1 3 1 3 1 6 0
0 2 1 0 2 1 0 11 7 8 9 10 11 12 13 14 15 16 17 0
2 5 6 2 1 0 2 1 0 13 18 19 20 23 24 25 26 27 28 29 30 31 32 0
1 7 0 0 1 33 1 33
1 7 2 0 29 2 0 29 4 34 36 37 38 1 38
0 5 38 33 26 27 28 3 26 27 28 2 39 40 0
1754 114
52 1 2 3 4 5 6 7 10 13 16 19 22 23 24 27 30 33 36 39 42 43 46 49 52 55 58 61 67 70 73 74 75 76 79 80 81 84 87 90 93 98 96 99 100 101 104 105 106 107 97 110 113 1 1 1 1 2 2 3 0
0 2 1 0 2 1 0 14 5 6 7 8 1582 1583 1584 1585 10 1586 1587 1588 1589 12 0
0 2 1 0 2 1 0 10 14 15 16 1590 1591 1592 1593 18 19 20 0
0 1 1 1 1 11 22 23 24 25 1594 1595 1596 1597 27 28 29 0
0 2 1 0 2 1 0 17 31 32 33 34 35 1598 1599 1600 1601 37 38 39 1602 1603 1604 1605 41 0
0 2 1 0 2 1 0 14 43 44 45 46 1606 1607 1608 1609 48 1610 1611 1612 1613 50 0
0 2 1 0 2 1 0 11 52 53 54 55 56 57 1614 1615 1616 1617 59 0
1 8 1 1 1 1 4 61 62 63 64 0
1 9 0 0 0 0
0 3 61 62 64 3 61 62 64 19 70 71 72 73 74 75 77 78 80 81 83 84 86 87 89 90 92 93 94 0
1 11 1 1 1 1 4 96 97 98 99 0
1 12 0 0 0 0
0 3 96 97 99 3 96 97 99 21 105 106 107 108 109 110 112 113 115 116 118 119 121 122 124 125 127 128 130 131 132 0
1 14 1 1 1 1 5 134 135 136 137 138 0
1 15 0 0 0 0
0 5 135 136 0 137 138 5 135 136 0 137 138 24 144 145 146 147 148 149 1618 1619 1620 1621 152 154 155 157 158 160 161 163 164 166 167 169 170 171 0
1 17 1 1 1 1 5 173 174 175 176 177 0
1 18 0 0 0 0
0 5 174 175 0 176 177 5 174 175 0 176 177 24 183 184 185 186 187 188 1622 1623 1624 1625 191 193 194 196 197 199 200 202 203 205 206 208 209 210 0
1 20 1 1 1 1 7 212 213 214 215 216 217 218 0
1 21 0 0 0 0
0 6 213 215 216 217 0 218 6 213 215 216 217 0 218 25 224 225 226 227 228 229 1626 1627 1628 1629 232 234 235 237 238 240 241 243 244 1630 1631 1632 1633 247 248 0
0 2 1 0 2 1 0 17 250 251 252 253 254 255 1634 1635 1636 1637 257 258 1638 1639 1640 1641 260 0
0 2 1 0 2 1 0 14 262 263 264 265 266 1642 1643 1644 1645 268 269 270 271 272 0
1 25 1 1 1 1 6 274 275 276 277 278 279 0
1 26 0 0 0 0
0 5 275 276 278 0 279 5 275 276 278 0 279 24 285 286 287 288 289 290 1646 1647 1648 1649 293 295 296 298 299 301 302 304 305 307 308 310 311 312 0
1 28 1 1 1 1 12 314 315 316 319 320 321 322 323 324 325 326 327 0
1 29 0 0 0 0
0 7 320 322 323 324 326 0 327 7 320 322 323 324 326 0 327 32 333 334 335 336 337 338 1650 1651 1652 1653 341 343 344 346 347 349 350 352 353 355 356 358 359 361 362 364 365 367 368 370 371 372 0
1 31 1 1 1 1 12 374 375 376 379 380 381 382 383 384 385 386 387 0
1 32 0 0 0 0
0 7 380 382 383 384 386 0 387 7 380 382 383 384 386 0 387 32 393 394 395 396 397 398 1654 1655 1656 1657 401 403 404 406 407 409 410 412 413 415 416 418 419 421 422 424 425 427 428 430 431 432 0
1 34 1 1 1 1 8 434 435 436 437 438 439 440 441 0
1 35 0 0 0 0
0 6 435 437 438 440 0 441 6 435 437 438 440 0 441 28 447 448 449 450 451 452 1658 1659 1660 1661 455 457 458 460 461 463 464 466 467 469 470 472 473 475 476 478 479 480 0
1 37 1 1 1 1 12 482 483 484 487 488 489 490 491 492 493 494 495 0
1 38 0 0 0 0
0 7 488 490 491 492 494 0 495 7 488 490 491 492 494 0 495 32 501 502 503 504 505 506 1662 1663 1664 1665 509 511 512 514 515 517 518 520 521 523 524 526 527 529 530 532 533 535 536 538 539 540 0
1 40 1 1 1 1 8 542 543 544 545 546 547 548 549 0
1 41 0 0 0 0
0 5 543 545 546 547 549 5 543 545 546 547 549 28 555 556 557 558 559 560 1666 1667 1668 1669 563 565 566 568 569 571 572 574 575 577 578 580 581 583 584 586 587 588 0
0 1 1 1 1 14 590 591 592 593 594 1670 1671 1672 1673 596 597 598 599 600 0
1 44 1 1 1 1 7 602 603 604 605 606 607 608 0
1 45 0 0 0 0
0 4 603 605 606 608 4 603 605 606 608 24 614 615 616 617 618 619 1674 1675 1676 1677 622 624 625 627 628 630 631 633 634 636 637 639 640 641 0
1 47 1 1 1 1 11 643 644 645 648 649 650 651 652 653 654 655 0
1 48 0 0 0 0
0 7 649 650 651 652 654 0 655 7 649 650 651 652 654 0 655 32 661 662 663 664 665 666 1678 1679 1680 1681 669 671 672 674 675 677 678 680 681 683 684 686 687 689 690 692 693 695 696 698 699 700 0
1 50 1 1 1 1 7 702 703 704 705 706 707 708 0
1 51 0 0 0 0
0 6 703 704 705 707 0 708 6 703 704 705 707 0 708 28 714 715 716 717 718 719 1682 1683 1684 1685 722 724 725 727 728 730 731 733 734 736 737 739 740 742 743 745 746 747 0
1 53 1 1 1 1 9 749 750 751 754 755 756 757 758 759 0
1 54 0 0 0 0
0 6 754 755 756 758 0 759 6 754 755 756 758 0 759 27 765 766 767 768 769 770 772 773 775 776 778 779 781 782 784 785 787 788 790 791 793 794 796 797 799 800 801 0
1 56 1 1 1 1 10 803 804 805 808 809 810 811 812 813 814 0
1 57 0 0 0 0
0 7 808 809 810 811 813 0 814 7 808 809 810 811 813 0 814 31 820 821 822 823 824 825 827 828 830 831 833 834 836 837 839 840 842 843 845 846 848 849 851 852 854 855 857 858 860 861 862 0
1 59 1 1 1 1 11 864 865 866 869 870 871 872 873 874 875 876 0
1 60 0 0 0 0
0 7 870 871 872 873 875 0 876 7 870 871 872 873 875 0 876 32 882 883 884 885 886 887 1686 1687 1688 1689 890 892 893 895 896 898 899 901 902 904 905 907 908 910 911 913 914 916 917 919 920 921 0
1 62 1 1 1 1 13 923 924 925 928 929 930 931 932 933 934 935 936 937 0
1 63 0 0 0 0
2 64 65 5 929 930 931 932 934 5 929 930 931 932 934 25 943 944 945 946 947 948 1690 1691 1692 1693 951 953 954 956 957 959 960 962 963 965 966 968 969 971 972 0
1 66 0 0 1 974 1 974
1 66 0 0 1 975 1 975
0 6 974 975 972 936 0 937 4 972 936 0 937 11 976 977 979 980 982 983 985 986 988 989 990 0
1 68 1 1 1 1 12 992 993 994 997 998 999 1000 1001 1002 1003 1004 1005 0
1 69 0 0 0 0
0 8 998 999 1000 1001 1002 1004 0 1005 8 998 999 1000 1001 1002 1004 0 1005 36 1011 1012 1013 1014 1015 1016 1694 1695 1696 1697 1019 1021 1022 1024 1025 1027 1028 1030 1031 1033 1034 1036 1037 1039 1040 1042 1043 1045 1046 1048 1049 1051 1052 1054 1055 1056 0
1 71 1 1 1 1 6 1058 1059 1060 1061 1062 1063 0
1 72 0 0 0 0
0 4 1059 1060 1061 1063 4 1059 1060 1061 1063 24 1069 1070 1071 1072 1073 1074 1698 1699 1700 1701 1077 1079 1080 1082 1083 1085 1086 1088 1089 1091 1092 1094 1095 1096 0
0 1 1 1 1 9 1098 1099 1702 1703 1704 1705 1101 1102 1103 0
0 1 1 1 1 9 1105 1106 1706 1707 1708 1709 1108 1109 1110 0
0 1 1 1 1 9 1112 1113 1710 1711 1712 1713 1115 1116 1117 0
1 77 1 1 1 1 6 1119 1120 1121 1122 1123 1124 0
1 78 0 0 0 0
0 4 1120 1121 1122 1124 4 1120 1121 1122 1124 24 1130 1131 1132 1133 1134 1135 1714 1715 1716 1717 1138 1140 1141 1143 1144 1146 1147 1149 1150 1152 1153 1155 1156 1157 0
0 1 1 1 1 10 1159 1160 1161 1718 1719 1720 1721 1163 1164 1165 0
0 1 1 1 1 11 1167 1168 1169 1722 1723 1724 1725 1171 1172 1173 1174 0
1 82 1 1 1 1 6 1176 1177 1178 1179 1180 1181 0
1 83 0 0 0 0
0 5 1177 1179 1180 0 1181 5 1177 1179 1180 0 1181 24 1187 1188 1189 1190 1191 1192 1726 1727 1728 1729 1195 1197 1198 1200 1201 1203 1204 1206 1207 1209 1210 1212 1213 1214 0
1 85 1 1 1 1 5 1216 1217 1218 1219 1220 0
1 86 0 0 0 0
0 5 1217 1218 1219 0 1220 5 1217 1218 1219 0 1220 24 1226 1227 1228 1229 1230 1231 1730 1731 1732 1733 1234 1236 1237 1239 1240 1242 1243 1245 1246 1248 1249 1251 1252 1253 0
1 88 1 1 1 1 5 1255 1256 1257 1258 1259 0
1 89 0 0 0 0
0 5 1256 1257 1258 0 1259 5 1256 1257 1258 0 1259 24 1265 1266 1267 1268 1269 1270 1734 1735 1736 1737 1273 1275 1276 1278 1279 1281 1282 1284 1285 1287 1288 1290 1291 1292 0
1 91 1 1 1 1 8 1294 1295 1296 1299 1300 1301 1302 1303 0
1 92 0 0 0 0
0 5 1301 1302 1299 0 1303 5 1301 1302 1299 0 1303 25 1309 1310 1311 1312 1313 1314 1316 1317 1319 1320 1322 1323 1325 1326 1328 1329 1331 1332 1334 1335 1337 1338 1340 1341 1342 0
1 94 1 1 1 1 7 1344 1345 1346 1349 1350 1351 1352 0
1 95 0 0 0 0
0 5 1350 1351 1349 0 1352 5 1350 1351 1349 0 1352 25 1358 1359 1360 1361 1362 1363 1365 1366 1368 1369 1371 1372 1374 1375 1377 1378 1380 1381 1383 1384 1386 1387 1389 1390 1391 0
0 2 1 0 2 1 0 5 1393 1394 1395 1396 1397 0
0 2 1 0 2 1 0 4 1399 1400 1401 1402 0
0 2 1 0 2 1 0 13 1404 1405 1406 1409 1410 1411 1412 1413 1414 1415 1416 1417 1418 0
0 2 1 0 2 1 0 12 1420 1421 1422 1423 1424 1425 1426 1738 1739 1740 1741 1428 0
0 1 1 1 1 6 1430 1431 1432 1433 1434 1435 0
1 102 1 1 1 1 5 1437 1438 1439 1440 1441 0
1 103 0 0 0 0
0 3 1437 1439 1441 3 1437 1439 1441 19 1447 1448 1449 1450 1451 1452 1454 1455 1457 1458 1460 1461 1463 1464 1466 1467 1469 1470 1471 0
0 1 1 1 1 5 1473 1474 1475 1476 1477 0
0 2 1 0 2 1 0 13 1479 1480 1481 1482 1742 1743 1744 1745 1484 1485 1486 1487 1488 0
0 2 1 0 2 1 0 13 1490 1491 1492 1493 1746 1747 1748 1749 1495 1496 1497 1498 1499 0
1 108 1 1 1 1 6 1501 1502 1503 1504 1505 1506 0
1 109 0 0 0 0
0 5 1502 1503 1505 0 1506 5 1502 1503 1505 0 1506 24 1512 1513 1514 1515 1516 1517 1750 1751 1752 1753 1520 1522 1523 1525 1526 1528 1529 1531 1532 1534 1535 1537 1538 1539 0
1 111 1 1 1 1 6 1540 1541 1542 1543 1544 1545 0
1 112 0 0 0 0
0 4 1540 1542 1543 1545 4 1540 1542 1543 1545 23 1551 1552 1553 1554 1555 1556 1558 1559 1561 1562 1564 1565 1567 1568 1570 1571 1573 1574 1576 1577 1579 1580 1581 0
1 113 0 0 1 4 0
25 3
2 1 2 2 1 2 2 1 2 3 23 24 4 0
0 0 0 1 5 0
0 3 1 2 0 3 1 2 0 15 6 7 8 10 11 12 13 14 15 16 17 18 20 21 22 0
12 1
0 2 1 0 2 1 0 7 4 5 6 7 8 10 11 0
50 8
2 1 2 1 1 1 1 11 2 3 4 5 6 7 8 9 10 11 12 0
0 0 0 1 13 0
2 3 4 1 11 1 11 1 14 0
0 2 9 0 2 9 0 10 15 16 17 18 19 20 21 22 23 24 0
2 5 6 2 9 0 2 9 0 16 25 26 27 28 29 30 31 32 33 34 35 36 37 38 39 40 0
1 7 0 0 1 41 1 41
1 7 2 0 29 2 0 29 4 42 44 45 46 1 46
0 3 46 41 28 1 28 3 47 48 49 0
14 1
0 2 1 0 2 1 0 10 4 5 6 7 8 9 10 11 12 13 0
56 8
2 1 2 1 1 1 1 13 2 3 4 5 6 7 8 9 10 11 12 13 14 0
0 0 0 1 15 0
2 3 4 1 13 1 13 1 16 0
0 2 11 0 2 11 0 12 17 18 19 20 21 22 23 24 25 26 27 28 0
2 5 6 2 11 0 2 11 0 18 29 30 31 32 33 34 35 36 37 38 39 40 41 42 43 44 45 46 0
1 7 0 0 1 47 1 47
1 7 2 0 33 2 0 33 4 48 50 51 52 1 52
0 3 52 47 32 1 32 3 53 54 55 0
56 3
1 1 1 1 1 1 7 4 5 6 7 8 9 10 0
1 2 0 0 0 0
0 6 5 0 6 7 9 10 6 5 0 6 7 9 10 29 16 17 18 19 20 21 23 24 26 27 29 30 32 33 35 36 38 39 41 42 44 45 47 48 50 51 53 54 55 0
98 8
2 1 2 1 1 1 1 27 2 3 4 5 6 7 8 9 10 11 12 13 14 15 16 17 18 19 20 21 22 23 24 25 26 27 28 0
0 0 0 1 29 0
2 3 4 1 27 1 27 1 30 0
0 2 25 0 2 25 0 26 31 32 33 34 35 36 37 38 39 40 41 42 43 44 45 46 47 48 49 50 51 52 53 54 55 56 0
2 5 6 2 25 0 2 25 0 32 57 58 59 60 61 62 63 64 65 66 67 68 69 70 71 72 73 74 75 76 77 78 79 80 81 82 83 84 85 86 87 88 0
1 7 0 0 1 89 1 89
1 7 2 0 61 2 0 61 4 90 92 93 94 1 94
0 3 94 89 60 1 60 3 95 96 97 0
41 3
1 1 1 1 1 1 4 4 5 6 7 0
1 2 0 0 0 0
0 4 5 0 6 7 4 5 0 6 7 21 13 14 15 16 17 18 20 21 23 24 26 27 29 30 32 33 35 36 38 39 40 0
28 5
2 1 2 1 1 1 1 3 2 3 4 0
0 0 0 1 5 0
2 3 4 1 3 1 3 1 6 0
0 2 1 0 2 1 0 13 7 8 9 10 11 12 13 14 15 16 17 18 19 0
0 2 1 0 2 1 0 8 20 21 22 23 24 25 26 27 0
13 5
2 1 2 1 1 1 1 3 2 3 4 0
0 0 0 1 5 0
2 3 4 1 3 1 3 1 6 0
0 0 0 1 7 0
0 2 1 0 2 1 0 5 8 9 10 11 12 0
55 6
1 1 1 1 1 1 8 4 5 6 7 8 9 10 11 0
1 2 0 0 0 0
2 3 4 6 5 7 0 8 9 11 6 5 7 0 8 9 11 21 17 18 19 20 21 22 24 25 27 28 30 31 33 35 36 38 39 41 42 44 45 0
1 5 0 0 1 47 1 47
1 5 0 0 1 48 1 48
0 3 47 48 45 1 45 5 49 50 52 53 54 0
36 5
2 1 2 1 1 1 1 3 2 3 4 0
0 0 0 1 5 0
2 3 4 1 3 1 3 1 6 0
0 2 1 0 2 1 0 21 7 8 9 10 11 12 13 14 15 16 17 18 19 20 21 22 23 24 25 26 27 0
0 2 1 0 2 1 0 8 28 29 30 31 32 33 34 35 0
47 9
1 1 1 1 1 1 3 4 5 6 0
1 2 0 0 0 0
2 3 4 2 0 4 2 0 4 12 12 13 14 15 16 17 19 20 22 23 25 27 0
1 5 0 0 1 28 1 28
1 5 0 0 1 29 1 29
2 6 7 5 28 29 23 0 6 3 23 0 6 6 30 31 33 34 36 38 0
1 8 0 0 1 39 1 39
1 8 0 0 1 40 1 40
0 5 39 40 34 0 5 3 34 0 5 5 41 42 44 45 46 0
25 20
7 1 4 7 10 13 16 19 1 0 1 0 0 0
2 2 3 1 1 1 1 1 3 0
0 0 0 0 0
0 0 0 0 0
2 5 6 1 1 1 1 1 7 0
0 0 0 0 0
0 0 0 0 0
2 8 9 1 1 1 1 1 11 0
0 0 0 0 0
0 0 0 0 0
2 11 12 1 1 1 1 1 15 0
0 0 0 0 0
0 0 0 0 0
2 14 15 1 1 1 1 1 19 0
0 0 0 0 0
0 0 0 0 0
2 17 18 1 1 1 1 1 22 0
0 0 0 0 0
0 0 0 0 0
1 19 0 0 1 2 0
12 8
7 1 2 3 4 5 6 7 1 0 1 0 0 0
0 0 0 0 0
0 0 0 0 0
0 0 0 0 0
0 0 0 0 0
0 0 0 0 0
0 0 0 0 0
1 7 0 0 1 1 0
4 3
2 1 2 1 0 1 0 1 1 0
0 0 0 0 0
0 0 0 0 0
13 11
2 1 10 1 0 1 0 1 2 0
2 2 3 1 0 1 0 1 3 0
1 7 0 0 0 0
2 4 5 1 0 1 0 1 5 0
1 6 0 0 0 0
1 6 0 0 0 0
1 7 0 0 1 8 1 8
2 8 9 1 8 0 1 9 0
0 0 0 0 0
0 0 0 0 0
0 0 0 0 0
41 38
2 1 37 1 0 1 0 1 2 0
2 2 3 1 0 1 0 1 40 0
1 34 0 0 0 0
2 4 5 1 0 1 0 1 5 0
1 33 0 0 0 0
2 6 7 1 0 1 0 1 7 0
1 32 0 0 0 0
2 8 9 1 0 1 0 1 9 0
1 31 0 0 0 0
2 10 11 1 0 1 0 1 11 0
1 30 0 0 0 0
2 12 13 1 0 1 0 1 13 0
1 29 0 0 0 0
2 14 15 1 0 1 0 1 15 0
1 28 0 0 0 0
2 16 17 1 0 1 0 1 17 0
1 27 0 0 0 0
2 18 19 1 0 1 0 1 19 0
1 26 0 0 0 0
2 20 21 1 0 1 0 1 21 0
1 25 0 0 0 0
2 22 23 1 0 1 0 1 23 0
1 24 0 0 0 0
1 24 0 0 0 0
1 25 0 0 1 26 1 26
1 26 1 26 0 1 27 1 27
1 27 1 27 0 1 28 1 28
1 28 1 28 0 1 29 1 29
1 29 1 29 0 1 30 1 30
1 30 1 30 0 1 31 1 31
1 31 1 31 0 1 32 1 32
1 32 1 32 0 1 33 1 33
1 33 1 33 0 1 34 1 34
1 34 1 34 0 1 35 1 35
2 35 36 1 35 0 1 36 0
0 0 0 0 0
0 0 0 0 0
0 0 0 0 0
19 17
2 1 16 1 0 1 0 1 2 0
2 2 3 1 0 1 0 1 3 0
1 13 0 0 0 0
2 4 5 1 0 1 0 1 5 0
1 12 0 0 0 0
2 6 7 1 0 1 0 1 7 0
1 11 0 0 0 0
2 8 9 1 0 1 0 1 9 0
1 10 0 0 0 0
1 10 0 0 0 0
1 11 0 0 1 12 1 12
1 12 1 12 0 1 13 1 13
1 13 1 13 0 1 14 1 14
2 14 15 1 14 0 1 15 0
0 0 0 0 0
0 0 0 0 0
0 0 0 0 0
34 35
1 1 0 0 0 0
2 2 11 1 0 1 0 1 5 0
2 3 4 1 0 1 0 1 6 0
1 8 0 0 0 0
2 5 6 1 0 1 0 1 8 0
1 7 0 0 0 0
1 7 0 0 0 0
1 8 0 0 1 11 1 11
2 9 10 1 11 0 1 12 0
1 12 0 0 0 0
1 13 0 0 0 0
1 13 0 0 0 0
0 0 0 0 0
2 14 15 1 0 1 0 1 2 0
0 0 0 0 0
1 16 0 0 0 0
2 17 32 1 5 1 5 0 0
2 18 19 1 0 1 0 1 18 0
1 29 0 0 0 0
2 20 21 1 0 1 0 1 20 0
1 28 0 0 0 0
2 22 23 1 0 1 0 1 22 0
1 27 0 0 0 0
2 24 25 1 0 1 0 1 24 0
1 26 0 0 0 0
1 26 0 0 0 0
1 27 0 0 1 27 1 27
1 28 1 27 0 1 28 1 28
1 29 1 28 0 1 29 1 29
2 30 31 1 29 0 1 30 0
1 33 0 0 0 0
1 34 0 0 0 0
1 34 0 0 0 0
0 0 0 0 0
0 0 0 0 0
105 53
52 1 31 2 3 20 32 33 43 4 5 6 7 9 10 11 12 13 14 15 16 17 18 21 35 36 22 23 24 19 25 26 27 28 29 30 37 38 39 40 41 42 44 34 45 46 47 8 48 49 50 51 52 1 0 1 0 2 1 2 0
0 0 0 0 0
0 0 0 0 0
0 0 0 0 0
0 0 0 0 0
0 0 0 0 0
0 0 0 0 0
0 0 0 0 0
0 0 0 0 0
0 0 0 0 0
0 0 0 0 0
0 0 0 0 0
0 0 0 0 0
0 0 0 0 0
0 0 0 0 0
0 0 0 0 0
0 0 0 0 0
0 0 0 0 0
0 0 0 0 0
0 0 0 0 0
0 0 0 0 0
0 0 0 0 0
0 0 0 0 0
0 0 0 0 0
0 0 0 0 0
0 0 0 0 0
0 0 0 0 0
0 0 0 0 0
0 0 0 0 0
0 0 0 0 0
0 0 0 0 0
0 0 0 0 0
0 0 0 0 0
0 0 0 0 0
0 0 0 0 0
0 0 0 0 0
0 0 0 0 0
0 1 0 1 0 2 75 76 0
0 0 0 0 0
0 0 0 0 0
0 0 0 0 0
0 0 0 0 0
0 0 0 0 0
0 0 0 0 0
0 0 0 0 0
0 0 0 0 0
0 0 0 0 0
0 0 0 0 0
0 0 0 0 0
0 0 0 0 0
0 0 0 0 0
0 0 0 0 0
1 52 0 0 1 3 0
128728 1
0 2 128727 0 2 128727 0 0 0
1 1
0 0 0 0 0
18 3
2 1 2 1 0 1 0 3 2 3 4 0
0 1 1 1 1 1 5 0
0 2 0 1 2 0 1 9 6 7 8 9 10 11 13 16 17 0
13 3
1 1 0 0 0 0
1 2 0 0 0 0
0 1 0 1 0 6 6 7 8 9 11 12 0
13 3
1 1 0 0 0 0
1 2 0 0 0 0
0 1 0 1 0 6 6 7 8 9 11 12 0
14 1
0 1 0 1 0 12 1 2 3 4 5 6 7 8 10 11 12 13 0
14 1
0 2 0 1 2 0 1 9 4 5 6 7 8 10 11 12 13 0
3 1
0 1 0 1 0 2 1 2 0
34 4
2 1 3 2 2 3 2 2 3 1 31 0
1 2 0 0 0 1 2
2 2 3 5 25 2 1 0 3 3 1 0 3 17 28 6 8 9 10 11 12 13 14 17 18 19 20 21 23 25 33 1 25
0 0 0 0 0
17 7
2 1 2 1 0 1 0 1 2 0
1 3 0 0 0 0
1 3 0 0 0 1 0
2 4 6 1 0 0 2 4 14 0
1 5 0 0 0 0
2 5 6 2 13 4 1 4 4 11 10 13 15 1 13
0 1 13 0 1 16 0
101 9
2 1 2 1 0 1 0 7 3 4 6 7 100 10 12 0
0 5 7 10 4 1 2 5 7 10 4 1 2 9 13 17 18 19 20 21 23 24 25 0
2 3 4 1 7 1 7 3 27 28 30 0
2 5 4 1 28 1 28 1 31 0
1 5 0 0 1 32 0
2 6 8 1 28 1 28 14 33 34 53 54 55 56 57 58 59 60 61 64 65 95 0
1 7 0 0 0 0
2 7 8 4 70 34 58 28 3 34 58 28 5 92 68 69 70 97 1 70
0 7 34 28 4 7 1 2 27 7 34 28 4 7 1 2 27 14 71 72 73 76 77 79 80 81 82 83 84 85 88 89 0
39 15
2 1 8 1 0 1 0 3 2 3 4 0
2 2 7 2 0 1 2 0 1 5 5 6 9 10 11 0
2 3 6 2 0 1 2 0 1 5 7 8 14 15 16 0
2 4 5 2 1 6 2 1 6 3 12 13 17 0
0 0 0 0 0
0 0 0 0 0
0 0 0 0 0
0 0 0 0 0
2 9 14 2 0 1 2 0 1 5 22 23 26 27 28 0
2 10 13 2 0 1 2 0 1 5 24 25 31 32 33 0
2 11 12 2 1 23 2 1 23 3 29 30 34 0
0 0 0 0 0
0 0 0 0 0
0 0 0 0 0
0 0 0 0 0
3 1
0 1 0 1 0 2 1 2 0
34 4
2 1 3 2 2 3 2 2 3 1 31 0
1 2 0 0 0 1 2
2 2 3 5 25 2 1 0 3 3 1 0 3 17 28 6 8 9 10 11 12 13 14 17 18 19 20 21 23 25 33 1 25
0 0 0 0 0
110 9
2 1 2 1 0 1 0 7 3 4 6 7 109 10 12 0
0 5 7 10 4 1 2 5 7 10 4 1 2 9 13 17 18 19 20 21 23 24 25 0
2 3 4 1 7 1 7 3 27 28 30 0
2 5 4 1 28 1 28 1 31 0
1 5 0 0 1 32 0
2 6 8 1 28 1 28 23 33 34 37 38 39 40 41 42 43 60 61 62 63 64 65 66 67 68 69 70 73 74 104 0
1 7 0 0 0 0
2 7 8 4 79 34 67 28 3 34 67 28 5 101 77 78 79 106 1 79
0 7 34 28 4 7 1 2 27 7 34 28 4 7 1 2 27 14 80 81 82 85 86 88 89 90 91 92 93 94 97 98 0
36 5
2 1 2 1 1 1 1 1 5 0
0 1 3 1 3 1 6 0
2 3 4 3 1 0 2 3 1 0 2 15 7 9 10 11 12 13 14 15 18 19 20 21 22 23 24 0
0 2 3 23 2 3 23 5 25 26 27 28 29 0
1 0 4 1 0 2 3 4 1 0 2 3 5 31 0 1 2 3 0
44 5
2 1 2 1 1 1 1 1 5 0
0 1 3 1 3 1 6 0
2 3 4 3 1 0 2 3 1 0 2 17 7 9 10 11 12 13 14 15 18 19 20 21 22 23 24 25 26 0
0 3 20 25 3 3 20 25 3 11 27 28 29 30 31 32 33 34 35 36 37 0
1 0 4 1 0 2 3 4 1 0 2 3 5 39 0 1 2 3 0
9 1
0 3 0 1 2 3 0 1 2 5 3 4 5 6 8 0
9 1
0 3 0 1 2 3 0 1 2 5 3 4 5 6 8 0
32 1
0 4 0 1 2 3 4 0 1 2 3 25 6 7 8 9 11 12 13 14 15 16 17 18 19 20 21 22 23 24 25 26 27 28 29 30 31 0
32 1
0 5 0 1 2 3 4 5 0 1 2 3 4 25 7 8 9 10 11 12 13 14 15 16 17 18 19 20 21 22 23 24 25 26 27 28 29 30 31 0
40 5
2 1 2 1 1 1 1 1 5 0
0 1 3 1 3 1 6 0
2 3 4 3 1 0 2 3 1 0 2 16 7 9 10 11 12 13 14 15 18 19 20 21 22 23 24 35 0
0 2 3 24 2 3 24 5 26 27 28 29 30 0
1 0 4 1 0 2 3 4 1 0 2 3 5 32 0 1 2 3 0
48 5
2 1 2 1 1 1 1 1 5 0
0 1 3 1 3 1 6 0
2 3 4 3 1 0 2 3 1 0 2 18 7 9 10 11 12 13 14 15 18 19 20 21 22 23 24 25 26 43 0
0 3 21 26 3 3 21 26 3 11 28 29 30 31 32 33 34 35 36 37 38 0
1 0 4 1 0 2 3 4 1 0 2 3 5 40 0 1 2 3 0
9 1
0 3 0 1 2 3 0 1 2 5 3 4 5 6 8 0
12 1
0 3 0 1 2 3 0 1 2 6 5 6 7 8 9 11 0
11 1
0 3 0 1 2 3 0 1 2 6 5 6 7 8 9 10 0
36 1
0 4 0 1 2 3 4 0 1 2 3 28 6 7 8 9 11 12 13 14 15 16 17 18 19 20 21 22 23 24 25 26 27 28 29 31 32 33 34 35 0
36 1
0 5 0 1 2 3 4 5 0 1 2 3 4 28 7 8 9 10 11 12 13 14 15 16 17 18 19 20 21 22 23 24 25 26 27 28 29 31 32 33 34 35 0
5 1
0 5 0 1 2 3 4 5 0 1 2 3 4 0 0
748 85
2 1 2 1 2 1 2 3 5 6 7 0
0 5 2 1 0 3 4 5 2 1 0 3 4 17 8 9 10 11 12 13 14 15 16 17 18 19 20 21 22 23 24 0
2 3 4 1 6 1 6 1 25 0
0 5 2 1 0 3 4 5 2 1 0 3 4 17 26 27 28 29 30 31 32 33 34 35 36 37 38 39 40 41 42 0
2 5 6 1 6 1 6 1 43 0
0 5 2 1 0 3 4 5 2 1 0 3 4 17 44 45 46 47 48 49 50 51 52 53 54 55 56 57 58 59 60 0
2 7 8 1 6 1 6 1 61 0
0 5 2 1 0 3 4 5 2 1 0 3 4 17 62 63 64 65 66 67 68 69 70 71 72 73 74 75 76 77 78 0
2 9 10 1 6 1 6 1 79 0
0 5 2 1 0 3 4 5 2 1 0 3 4 17 80 81 82 83 84 85 86 87 88 89 90 91 92 93 94 95 96 0
2 11 12 1 6 1 6 1 97 0
0 5 2 1 0 3 4 5 2 1 0 3 4 17 98 99 100 101 102 103 104 105 106 107 108 109 110 111 112 113 114 0
2 13 14 1 6 1 6 1 115 0
0 5 2 1 0 3 4 5 2 1 0 3 4 17 116 117 118 119 120 121 122 123 124 125 126 127 128 129 130 131 132 0
2 15 16 1 6 1 6 1 133 0
0 5 2 1 0 3 4 5 2 1 0 3 4 17 134 135 136 137 138 139 140 141 142 143 144 145 146 147 148 149 150 0
2 17 18 1 6 1 6 1 151 0
0 5 2 1 0 3 4 5 2 1 0 3 4 17 152 153 154 155 156 157 158 159 160 161 162 163 164 165 166 167 168 0
2 19 20 1 6 1 6 1 169 0
0 5 2 1 0 3 4 5 2 1 0 3 4 17 170 171 172 173 174 175 176 177 178 179 180 181 182 183 184 185 186 0
2 21 22 1 6 1 6 1 187 0
0 5 2 1 0 3 4 5 2 1 0 3 4 17 188 189 190 191 192 193 194 195 196 197 198 199 200 201 202 203 204 0
2 23 24 1 6 1 6 1 205 0
0 5 2 1 0 3 4 5 2 1 0 3 4 20 206 207 208 211 212 213 214 215 216 217 218 219 220 221 222 223 224 225 226 227 0
2 25 26 1 6 1 6 1 228 0
0 5 2 1 0 3 4 5 2 1 0 3 4 20 229 230 231 234 235 236 237 238 239 240 241 242 243 244 245 246 247 248 249 250 0
2 27 28 1 6 1 6 1 251 0
0 5 2 1 0 3 4 5 2 1 0 3 4 17 252 253 254 255 256 257 258 259 260 261 262 263 264 265 266 267 268 0
2 29 30 1 6 1 6 1 269 0
0 5 2 1 0 3 4 5 2 1 0 3 4 20 270 271 272 275 276 277 278 279 280 281 282 283 284 285 286 287 288 289 290 291 0
2 31 32 1 6 1 6 1 292 0
0 5 2 1 0 3 4 5 2 1 0 3 4 17 293 294 295 296 297 298 299 300 301 302 303 304 305 306 307 308 309 0
2 33 34 1 6 1 6 1 310 0
0 5 2 1 0 3 4 5 2 1 0 3 4 17 311 312 313 314 315 316 317 318 319 320 321 322 323 324 325 326 327 0
2 35 36 1 6 1 6 1 328 0
0 5 2 1 0 3 4 5 2 1 0 3 4 17 329 330 331 332 333 334 335 336 337 338 339 340 341 342 343 344 345 0
2 37 38 1 6 1 6 1 346 0
0 5 2 1 0 3 4 5 2 1 0 3 4 20 347 348 349 352 353 354 355 356 357 358 359 360 361 362 363 364 365 366 367 368 0
2 39 40 1 6 1 6 1 369 0
0 5 2 1 0 3 4 5 2 1 0 3 4 17 370 371 372 373 374 375 376 377 378 379 380 381 382 383 384 385 386 0
2 41 42 1 6 1 6 1 387 0
0 5 2 1 0 3 4 5 2 1 0 3 4 20 388 389 390 393 394 395 396 397 398 399 400 401 402 403 404 405 406 407 408 409 0
2 43 44 1 6 1 6 1 410 0
0 5 2 1 0 3 4 5 2 1 0 3 4 20 411 412 413 416 417 418 419 420 421 422 423 424 425 426 427 428 429 430 431 432 0
2 45 46 1 6 1 6 1 433 0
0 5 2 1 0 3 4 5 2 1 0 3 4 20 434 435 436 439 440 441 442 443 444 445 446 447 448 449 450 451 452 453 454 455 0
2 47 48 1 6 1 6 1 456 0
0 5 2 1 0 3 4 5 2 1 0 3 4 17 457 458 459 460 461 462 463 464 465 466 467 468 469 470 471 472 473 0
2 49 50 1 6 1 6 1 474 0
0 5 2 1 0 3 4 5 2 1 0 3 4 17 475 476 477 478 479 480 481 482 483 484 485 486 487 488 489 490 491 0
2 51 52 1 6 1 6 1 492 0
0 5 2 1 0 3 4 5 2 1 0 3 4 17 493 494 495 496 497 498 499 500 501 502 503 504 505 506 507 508 509 0
2 53 54 1 6 1 6 1 510 0
0 5 2 1 0 3 4 5 2 1 0 3 4 17 511 512 513 514 515 516 517 518 519 520 521 522 523 524 525 526 527 0
2 55 56 1 6 1 6 1 528 0
0 5 2 1 0 3 4 5 2 1 0 3 4 17 529 530 531 532 533 534 535 536 537 538 539 540 541 542 543 544 545 0
2 57 58 1 6 1 6 1 546 0
0 5 2 1 0 3 4 5 2 1 0 3 4 17 547 548 549 550 551 552 553 554 555 556 557 558 559 560 561 562 563 0
2 59 60 1 6 1 6 1 564 0
0 5 2 1 0 3 4 5 2 1 0 3 4 17 565 566 567 568 569 570 571 572 573 574 575 576 577 578 579 580 581 0
2 61 62 1 6 1 6 1 582 0
0 5 2 1 0 3 4 5 2 1 0 3 4 17 583 584 585 586 587 588 589 590 591 592 593 594 595 596 597 598 599 0
2 63 64 1 6 1 6 1 600 0
0 5 2 1 0 3 4 5 2 1 0 3 4 17 601 602 603 604 605 606 607 608 609 610 611 612 613 614 615 616 617 0
2 65 66 1 6 1 6 1 618 0
0 5 2 1 0 3 4 5 2 1 0 3 4 17 619 620 621 622 623 624 625 626 627 628 629 630 631 632 633 634 635 0
2 67 68 1 6 1 6 1 636 0
0 2 4 0 2 4 0 0 0
2 69 70 1 6 1 6 1 642 0
0 2 4 0 2 4 0 0 0
2 71 74 1 6 1 6 1 648 0
2 72 73 1 2 1 2 7 649 650 651 654 655 656 657 0
0 2 4 0 2 4 0 0 0
0 5 654 1 0 3 4 5 654 1 0 3 4 17 658 659 660 661 662 663 664 665 666 667 668 669 670 671 672 673 674 0
2 75 76 1 6 1 6 1 675 0
0 5 2 1 0 3 4 5 2 1 0 3 4 17 676 677 678 679 680 681 682 683 684 685 686 687 688 689 690 691 692 0
2 77 78 1 6 1 6 1 693 0
0 5 2 1 0 3 4 5 2 1 0 3 4 17 694 695 696 697 698 699 700 701 702 703 704 705 706 707 708 709 710 0
2 79 80 1 6 1 6 1 711 0
0 2 4 0 2 4 0 0 0
2 81 82 1 6 1 6 1 712 0
0 5 2 1 0 3 4 5 2 1 0 3 4 17 713 714 715 716 717 718 719 720 721 722 723 724 725 726 727 728 729 0
2 83 84 1 6 1 6 1 730 0
0 5 2 1 0 3 4 5 2 1 0 3 4 17 731 732 733 734 735 736 737 738 739 740 741 742 743 744 745 746 747 0
0 2 4 0 2 4 0 0 0
76 3
2 1 2 4 0 1 2 4 4 0 1 2 4 13 64 65 8 9 10 11 12 13 14 15 68 69 18 0
0 4 15 3 4 5 4 15 3 4 5 22 21 72 23 73 25 27 28 74 31 32 75 34 35 36 39 55 56 57 58 59 60 61 0
0 2 5 15 2 5 15 0 0
679 85
2 1 2 2 0 2 2 0 2 4 6 7 8 9 0
0 4 2 1 6 3 4 2 1 6 3 15 10 11 12 13 14 15 16 17 18 19 20 21 22 23 24 0
2 3 4 1 8 1 8 1 25 0
0 4 2 1 6 3 4 2 1 6 3 15 26 27 28 29 30 31 32 33 34 35 36 37 38 39 40 0
2 5 6 1 8 1 8 1 41 0
0 4 2 1 6 3 4 2 1 6 3 15 42 43 44 45 46 47 48 49 50 51 52 53 54 55 56 0
2 7 8 1 8 1 8 1 57 0
0 4 2 1 6 3 4 2 1 6 3 15 58 59 60 61 62 63 64 65 66 67 68 69 70 71 72 0
2 9 10 1 8 1 8 1 73 0
0 4 2 1 6 3 4 2 1 6 3 15 74 75 76 77 78 79 80 81 82 83 84 85 86 87 88 0
2 11 12 1 8 1 8 1 89 0
0 4 2 1 6 3 4 2 1 6 3 15 90 91 92 93 94 95 96 97 98 99 100 101 102 103 104 0
2 13 14 1 8 1 8 1 105 0
0 4 2 1 6 3 4 2 1 6 3 15 106 107 108 109 110 111 112 113 114 115 116 117 118 119 120 0
2 15 16 1 8 1 8 1 121 0
0 4 2 1 6 3 4 2 1 6 3 15 122 123 124 125 126 127 128 129 130 131 132 133 134 135 136 0
2 17 18 1 8 1 8 1 137 0
0 4 2 1 6 3 4 2 1 6 3 15 138 139 140 141 142 143 144 145 146 147 148 149 150 151 152 0
2 19 20 1 8 1 8 1 153 0
0 4 2 1 6 3 4 2 1 6 3 15 154 155 156 157 158 159 160 161 162 163 164 165 166 167 168 0
2 21 22 1 8 1 8 1 169 0
0 4 2 1 6 3 4 2 1 6 3 15 170 171 172 173 174 175 176 177 178 179 180 181 182 183 184 0
2 23 24 1 8 1 8 1 185 0
0 4 2 1 6 3 4 2 1 6 3 18 186 187 188 191 192 193 194 195 196 197 198 199 200 201 202 203 204 205 0
2 25 26 1 8 1 8 1 206 0
0 4 2 1 6 3 4 2 1 6 3 18 207 208 209 212 213 214 215 216 217 218 219 220 221 222 223 224 225 226 0
2 27 28 1 8 1 8 1 227 0
0 4 2 1 6 3 4 2 1 6 3 15 228 229 230 231 232 233 234 235 236 237 238 239 240 241 242 0
2 29 30 1 8 1 8 1 243 0
0 4 2 1 6 3 4 2 1 6 3 18 244 245 246 249 250 251 252 253 254 255 256 257 258 259 260 261 262 263 0
2 31 32 1 8 1 8 1 264 0
0 4 2 1 6 3 4 2 1 6 3 15 265 266 267 268 269 270 271 272 273 274 275 276 277 278 279 0
2 33 34 1 8 1 8 1 280 0
0 4 2 1 6 3 4 2 1 6 3 15 281 282 283 284 285 286 287 288 289 290 291 292 293 294 295 0
2 35 36 1 8 1 8 1 296 0
0 4 2 1 6 3 4 2 1 6 3 15 297 298 299 300 301 302 303 304 305 306 307 308 309 310 311 0
2 37 38 1 8 1 8 1 312 0
0 4 2 1 6 3 4 2 1 6 3 18 313 314 315 318 319 320 321 322 323 324 325 326 327 328 329 330 331 332 0
2 39 40 1 8 1 8 1 333 0
0 4 2 1 6 3 4 2 1 6 3 15 334 335 336 337 338 339 340 341 342 343 344 345 346 347 348 0
2 41 42 1 8 1 8 1 349 0
0 4 2 1 6 3 4 2 1 6 3 18 350 351 352 355 356 357 358 359 360 361 362 363 364 365 366 367 368 369 0
2 43 44 1 8 1 8 1 370 0
0 4 2 1 6 3 4 2 1 6 3 18 371 372 373 376 377 378 379 380 381 382 383 384 385 386 387 388 389 390 0
2 45 46 1 8 1 8 1 391 0
0 4 2 1 6 3 4 2 1 6 3 18 392 393 394 397 398 399 400 401 402 403 404 405 406 407 408 409 410 411 0
2 47 48 1 8 1 8 1 412 0
0 4 2 1 6 3 4 2 1 6 3 15 413 414 415 416 417 418 419 420 421 422 423 424 425 426 427 0
2 49 50 1 8 1 8 1 428 0
0 4 2 1 6 3 4 2 1 6 3 15 429 430 431 432 433 434 435 436 437 438 439 440 441 442 443 0
2 51 52 1 8 1 8 1 444 0
0 4 2 1 6 3 4 2 1 6 3 15 445 446 447 448 449 450 451 452 453 454 455 456 457 458 459 0
2 53 54 1 8 1 8 1 460 0
0 4 2 1 6 3 4 2 1 6 3 15 461 462 463 464 465 466 467 468 469 470 471 472 473 474 475 0
2 55 56 1 8 1 8 1 476 0
0 4 2 1 6 3 4 2 1 6 3 15 477 478 479 480 481 482 483 484 485 486 487 488 489 490 491 0
2 57 58 1 8 1 8 1 492 0
0 4 2 1 6 3 4 2 1 6 3 15 493 494 495 496 497 498 499 500 501 502 503 504 505 506 507 0
2 59 60 1 8 1 8 1 508 0
0 4 2 1 6 3 4 2 1 6 3 15 509 510 511 512 513 514 515 516 517 518 519 520 521 522 523 0
2 61 62 1 8 1 8 1 524 0
0 4 2 1 6 3 4 2 1 6 3 15 525 526 527 528 529 530 531 532 533 534 535 536 537 538 539 0
2 63 64 1 8 1 8 1 540 0
0 4 2 1 6 3 4 2 1 6 3 15 541 542 543 544 545 546 547 548 549 550 551 552 553 554 555 0
2 65 66 1 8 1 8 1 556 0
0 4 2 1 6 3 4 2 1 6 3 15 557 558 559 560 561 562 563 564 565 566 567 568 569 570 571 0
2 67 68 1 8 1 8 1 572 0
0 1 3 1 3 1 578 0
2 69 70 1 8 1 8 1 579 0
0 1 3 1 3 1 585 0
2 71 74 1 8 1 8 1 586 0
2 72 73 1 2 1 2 7 587 588 589 592 593 594 595 0
0 1 3 1 3 1 596 0
0 4 592 1 6 3 4 592 1 6 3 15 597 598 599 600 601 602 603 604 605 606 607 608 609 610 611 0
2 75 76 1 8 1 8 1 612 0
0 4 2 1 6 3 4 2 1 6 3 15 613 614 615 616 617 618 619 620 621 622 623 624 625 626 627 0
2 77 78 1 8 1 8 1 628 0
0 4 2 1 6 3 4 2 1 6 3 15 629 630 631 632 633 634 635 636 637 638 639 640 641 642 643 0
2 79 80 1 8 1 8 1 644 0
0 1 3 1 3 1 645 0
2 81 82 1 8 1 8 1 646 0
0 4 2 1 6 3 4 2 1 6 3 15 647 648 649 650 651 652 653 654 655 656 657 658 659 660 661 0
2 83 84 1 8 1 8 1 662 0
0 4 2 1 6 3 4 2 1 6 3 15 663 664 665 666 667 668 669 670 671 672 673 674 675 676 677 0
0 1 3 1 3 1 678 0
29 5
1 1 3 0 1 2 3 0 1 2 6 4 5 6 7 8 9 0
2 2 3 1 9 1 9 3 13 14 15 0
1 4 1 3 1 3 1 16 0
1 4 2 9 3 2 9 3 9 17 18 19 20 21 22 24 27 28 0
0 1 3 1 3 0 0
7 1
0 1 0 1 0 3 3 5 6 0
5 1
0 1 0 1 0 2 3 4 0
7 1
0 2 0 1 2 0 1 3 4 5 6 0
111 15
1 1 2 0 1 2 0 1 17 5 6 9 10 11 12 13 14 15 16 17 18 19 20 21 22 23 0
2 2 7 2 9 13 2 9 13 3 24 25 26 0
2 3 4 2 13 20 2 13 20 18 27 29 30 31 32 33 34 35 38 39 40 41 42 43 44 45 46 48 0
1 5 4 17 39 41 46 4 17 39 41 46 8 49 50 51 52 53 54 55 56 1 56
1 5 3 17 39 46 3 17 39 46 8 57 58 59 60 61 62 63 64 1 64
1 6 3 56 64 13 1 13 4 65 17 67 13 0
1 1 0 0 0 0
1 8 0 0 0 0
2 9 14 2 10 16 2 10 16 3 68 69 70 0
2 10 11 2 16 23 2 16 23 17 71 73 74 75 76 77 78 79 82 83 84 85 86 87 88 89 91 0
1 12 4 17 82 84 89 4 17 82 84 89 8 92 93 94 95 96 97 98 99 1 99
1 12 3 17 82 89 3 17 82 89 8 100 101 102 103 104 105 106 107 1 107
1 13 3 99 107 16 1 16 4 108 17 110 16 0
1 8 0 0 0 0
0 2 2 17 2 2 17 0 0
5 1
0 1 0 1 0 2 3 4 0
5 1
0 1 0 1 0 2 3 4 0
5 1
0 1 0 1 0 2 3 4 0
5 1
0 1 0 1 0 2 3 4 0
5 1
0 1 0 1 0 2 3 4 0
5 1
0 1 0 1 0 2 3 4 0
5 1
0 1 0 1 0 2 3 4 0
5 1
0 1 0 1 0 2 3 4 0
5 1
0 1 0 1 0 2 3 4 0
5 1
0 1 0 1 0 2 3 4 0
5 1
0 1 0 1 0 2 3 4 0
30 1
0 1 0 1 0 22 3 4 5 6 7 8 9 10 11 12 13 14 16 18 20 22 24 25 26 27 28 29 0
16 5
2 1 2 1 0 1 0 3 1 2 3 0
0 0 0 0 0
2 3 4 1 2 1 2 1 5 0
0 1 0 1 0 5 6 7 9 10 11 0
0 1 0 1 0 3 12 14 15 0
16 5
2 1 2 1 0 1 0 3 1 2 3 0
0 0 0 0 0
2 3 4 1 2 1 2 1 5 0
0 1 0 1 0 5 6 7 9 10 11 0
0 1 0 1 0 3 12 14 15 0
3 3
2 1 2 2 0 1 2 0 1 1 2 0
0 1 0 1 0 0 0
0 1 1 1 1 0 0
43 17
2 1 2 1 0 1 0 3 1 2 3 0
0 1 0 1 0 2 4 5 0
2 3 4 1 2 1 2 1 6 0
0 1 0 1 0 2 7 8 0
2 5 6 1 2 1 2 1 9 0
0 1 0 1 0 2 10 11 0
2 7 8 1 2 1 2 1 12 0
0 1 0 1 0 5 13 14 15 18 19 0
2 9 10 1 2 1 2 1 20 0
0 1 0 1 0 5 21 22 23 26 27 0
2 11 12 1 2 1 2 1 28 0
0 1 0 1 0 5 29 30 31 34 35 0
2 13 14 1 2 1 2 1 36 0
0 1 0 1 0 2 37 38 0
2 15 16 1 2 1 2 1 39 0
0 1 0 1 0 2 40 41 0
0 0 0 0 0
7 3
2 1 2 1 0 1 0 3 1 2 3 0
0 1 0 1 0 2 4 5 0
0 0 0 0 0
71 22
2 2 1 2 1 2 2 1 2 1 68 1 3
1 3 0 0 0 2 1 3
0 2 3 67 0 1 70 0
1 4 5 1 6 3 67 0 1 0 11 65 64 6 7 9 10 11 12 13 14 15 0
2 5 6 1 15 1 15 3 18 19 20 0
1 21 1 15 1 15 2 21 22 1 22
2 7 8 1 19 1 19 1 23 0
1 21 1 15 1 15 2 24 25 1 25
2 9 10 1 19 1 19 1 26 0
1 21 1 15 1 15 2 27 28 1 28
2 11 12 1 19 1 19 1 29 0
1 21 1 15 1 15 5 30 31 32 35 36 1 36
2 13 14 1 19 1 19 1 37 0
1 21 1 15 1 15 5 38 39 40 43 44 1 44
2 15 16 1 19 1 19 1 45 0
1 21 1 15 1 15 5 46 47 48 51 52 1 52
2 17 18 1 19 1 19 1 53 0
1 21 1 15 1 15 2 54 55 1 55
2 19 20 1 19 1 19 1 56 0
1 21 1 15 1 15 2 57 58 1 58
1 21 0 0 0 0
2 2 3 11 22 25 28 36 44 52 55 58 64 6 2 3 64 6 2 4 16 17 67 69 2 67 6
7 1
0 1 0 1 0 4 1 2 4 5 0
35 8
2 2 1 2 1 2 2 1 2 1 32 1 3
1 3 0 0 0 2 1 3
0 2 3 31 0 1 34 0
1 4 5 1 6 3 31 0 1 0 11 29 28 6 7 9 10 11 12 13 14 15 0
2 5 6 1 15 1 15 3 18 19 20 0
1 7 1 15 1 15 2 21 22 1 22
1 7 0 0 0 0
2 2 3 4 22 28 6 2 3 28 6 2 4 16 17 31 33 2 31 6
7 1
0 1 0 1 0 4 1 2 4 5 0
15 5
2 1 2 1 0 1 0 3 1 2 3 0
0 0 0 0 0
2 3 4 1 2 1 2 1 5 0
0 1 0 1 0 5 6 7 9 10 11 0
0 1 0 1 0 3 12 13 14 0
33 8
2 1 2 1 0 1 0 3 1 2 3 0
0 0 0 0 0
2 3 7 1 2 1 2 1 5 0
2 4 5 1 0 1 0 7 6 7 8 11 31 32 14 0
1 6 0 0 0 0
1 6 0 0 0 0
0 1 8 1 8 4 17 18 19 20 0
0 1 0 1 0 10 21 22 23 24 25 26 27 28 29 30 0
27 5
2 1 2 1 0 1 0 3 1 2 3 0
0 0 0 0 0
2 3 4 1 2 1 2 1 5 0
0 1 0 1 0 8 6 7 8 11 25 26 13 14 0
0 1 0 1 0 10 15 16 17 18 19 20 21 22 23 24 0
26 5
2 1 2 1 0 1 0 3 1 2 3 0
0 0 0 0 0
2 3 4 1 2 1 2 1 5 0
0 1 0 1 0 8 6 7 8 11 12 13 14 15 0
0 1 0 1 0 10 16 17 18 19 20 21 22 23 24 25 0
26 5
2 1 2 1 0 1 0 3 1 2 3 0
0 0 0 0 0
2 3 4 1 2 1 2 1 5 0
0 1 0 1 0 8 6 7 8 11 12 13 14 15 0
0 1 0 1 0 10 16 17 18 19 20 21 22 23 24 25 0
28 5
2 1 2 1 0 1 0 3 1 2 3 0
0 0 0 0 0
2 3 4 1 2 1 2 1 5 0
0 1 0 1 0 9 6 7 8 11 26 27 13 14 15 0
0 1 0 1 0 10 16 17 18 19 20 21 22 23 24 25 0
5 1
0 1 0 1 0 2 3 4 0
5 1
0 1 0 1 0 2 3 4 0
5 1
0 1 0 1 0 2 3 4 0
5 1
0 1 0 1 0 2 3 4 0
5 1
0 1 0 1 0 2 3 4 0
5 1
0 1 0 1 0 2 3 4 0
5 1
0 1 0 1 0 2 3 4 0
5 1
0 1 0 1 0 2 3 4 0
41 4
2 1 3 1 0 1 0 5 1 2 4 5 37 0
1 2 0 0 0 0
2 2 3 4 24 38 2 5 2 2 5 16 33 31 12 14 15 16 17 18 19 20 27 28 22 38 24 40 2 24 38
0 1 38 0 1 32 0
41 4
2 1 3 1 0 1 0 5 1 2 4 5 37 0
1 2 0 0 0 0
2 2 3 4 24 38 2 5 2 2 5 16 33 31 12 14 15 16 17 18 19 20 27 28 22 38 24 40 2 24 38
0 1 38 0 1 32 0
41 4
2 1 3 1 0 1 0 5 1 2 4 5 37 0
1 2 0 0 0 0
2 2 3 4 24 38 2 5 2 2 5 16 33 31 12 14 15 16 17 18 19 20 27 28 22 38 24 40 2 24 38
0 1 38 0 1 32 0
41 4
2 1 3 1 0 1 0 5 1 2 4 5 37 0
1 2 0 0 0 0
2 2 3 4 24 38 2 5 2 2 5 16 33 31 12 14 15 16 17 18 19 20 27 28 22 38 24 40 2 24 38
0 1 38 0 1 32 0
41 4
2 1 3 1 0 1 0 5 1 2 4 5 37 0
1 2 0 0 0 0
2 2 3 4 24 38 2 5 2 2 5 16 33 31 12 14 15 16 17 18 19 20 27 28 22 38 24 40 2 24 38
0 1 38 0 1 32 0
41 4
2 1 3 1 0 1 0 5 1 2 4 5 37 0
1 2 0 0 0 0
2 2 3 4 24 38 2 5 2 2 5 16 33 31 12 14 15 16 17 18 19 20 27 28 22 38 24 40 2 24 38
0 1 38 0 1 32 0
41 4
2 1 3 1 0 1 0 5 1 2 4 5 37 0
1 2 0 0 0 0
2 2 3 4 24 38 2 5 2 2 5 16 33 31 12 14 15 16 17 18 19 20 27 28 22 38 24 40 2 24 38
0 1 38 0 1 32 0
174 12
2 1 11 1 0 1 0 3 4 5 37 0
1 2 1 0 1 0 7 1 2 14 15 17 18 42 0
1 3 0 0 0 0
2 4 9 2 5 15 2 5 15 1 45 0
1 5 0 0 0 0
2 6 8 1 5 1 5 2 169 170 1 42
2 7 8 1 169 1 169 1 171 1 42
2 7 8 5 167 42 168 166 169 1 169 70 70 71 72 73 74 75 78 79 80 81 84 85 86 87 90 91 92 93 96 97 98 99 102 103 104 105 108 109 110 111 114 115 116 117 120 121 122 123 126 127 128 129 132 133 134 135 138 139 140 141 144 145 146 147 150 151 152 153 156 157 158 159 162 163 164 165 166 167 168 173 3 167 168 166
2 8 11 8 65 167 42 68 168 63 166 5 1 5 10 48 49 50 59 60 62 63 65 68 67 3 65 68 63
1 10 0 0 0 1 42
2 10 11 6 42 44 24 38 15 5 2 15 5 12 43 33 31 12 16 27 28 22 38 24 44 40 3 44 24 38
0 2 38 63 0 1 32 0
16 5
2 1 2 1 0 1 0 3 1 2 3 0
0 0 0 0 0
2 3 4 1 2 1 2 1 5 0
0 1 0 1 0 5 6 7 9 10 11 0
0 1 0 1 0 3 12 14 15 0
19 5
2 1 2 1 0 1 0 3 1 2 3 0
0 0 0 0 0
2 3 4 1 2 1 2 1 5 0
0 1 0 1 0 8 6 7 8 17 18 10 11 12 0
0 1 0 1 0 2 13 14 0
19 5
2 1 2 1 0 1 0 3 1 2 3 0
0 0 0 0 0
2 3 4 1 2 1 2 1 5 0
0 1 0 1 0 8 6 7 8 17 18 10 11 12 0
0 1 0 1 0 2 13 14 0
19 5
2 1 2 1 0 1 0 3 1 2 3 0
0 0 0 0 0
2 3 4 1 2 1 2 1 5 0
0 1 0 1 0 8 6 7 8 17 18 10 11 12 0
0 1 0 1 0 2 13 14 0
18 5
2 1 2 1 0 1 0 3 1 2 3 0
0 0 0 0 0
2 3 4 1 2 1 2 1 5 0
0 1 0 1 0 7 6 7 8 16 17 10 11 0
0 1 0 1 0 2 12 13 0
18 5
2 1 2 1 0 1 0 3 1 2 3 0
0 0 0 0 0
2 3 4 1 2 1 2 1 5 0
0 1 0 1 0 7 6 7 8 16 17 10 11 0
0 1 0 1 0 2 12 13 0
19 5
2 1 2 1 0 1 0 3 1 2 3 0
0 0 0 0 0
2 3 4 1 2 1 2 1 5 0
0 1 0 1 0 8 6 7 8 17 18 10 11 12 0
0 1 0 1 0 2 13 14 0
19 5
2 1 2 1 0 1 0 3 1 2 3 0
0 0 0 0 0
2 3 4 1 2 1 2 1 5 0
0 1 0 1 0 8 6 7 8 17 18 10 11 12 0
0 1 0 1 0 2 13 14 0
19 5
2 1 2 1 0 1 0 3 1 2 3 0
0 0 0 0 0
2 3 4 1 2 1 2 1 5 0
0 1 0 1 0 8 6 7 8 17 18 10 11 12 0
0 1 0 1 0 2 13 14 0
30 1
0 2 0 1 2 0 1 26 4 5 6 7 8 9 10 11 12 13 14 15 16 17 18 19 20 21 22 23 24 25 26 27 28 29 0
22 3
2 1 2 2 1 2 2 1 2 3 19 20 4 0
0 0 0 1 5 0
0 3 1 2 0 3 1 2 0 11 6 8 9 10 11 12 13 14 16 17 18 0
4 1
0 2 0 1 2 0 1 1 3 0
245 38
37 1 2 3 4 5 6 7 8 9 10 11 12 13 14 15 16 17 18 19 20 21 22 23 24 25 26 27 28 29 30 31 32 33 34 35 36 37 1 1 1 1 2 2 3 0
0 0 0 1 5 0
0 0 0 1 7 0
0 0 0 1 9 0
0 0 0 1 11 0
0 0 0 1 13 0
0 0 0 1 15 0
0 0 0 1 17 0
0 0 0 1 19 0
0 0 0 1 21 0
0 0 0 1 23 0
0 0 0 1 25 0
0 0 0 1 27 0
0 0 0 1 29 0
0 0 0 1 31 0
0 0 0 1 33 0
0 0 0 1 35 0
0 0 0 1 37 0
0 0 0 1 39 0
0 0 0 1 41 0
0 2 1 0 2 1 0 16 43 44 45 46 47 48 49 50 51 52 53 54 55 56 57 58 0
0 2 1 0 2 1 0 7 60 61 62 63 64 65 66 0
0 2 1 0 2 1 0 15 68 69 70 71 72 73 74 75 76 77 78 79 80 81 82 0
0 2 1 0 2 1 0 11 84 85 86 87 88 89 90 91 92 93 94 0
0 2 1 0 2 1 0 11 96 97 98 99 100 101 102 103 104 105 106 0
0 2 1 0 2 1 0 15 108 109 110 111 112 113 114 115 116 117 118 119 120 121 122 0
0 2 1 0 2 1 0 15 124 125 126 127 128 129 130 131 132 133 134 135 136 137 138 0
0 2 1 0 2 1 0 15 140 141 142 143 144 145 146 147 148 149 150 151 152 153 154 0
0 1 1 1 1 2 156 157 0
0 1 1 1 1 11 159 160 161 162 163 164 224 225 230 227 228 0
0 1 1 1 1 2 167 168 0
0 1 1 1 1 11 170 171 172 173 174 175 231 232 237 234 235 0
0 1 1 1 1 6 178 179 180 181 182 183 0
0 1 1 1 1 11 185 186 187 188 189 190 238 239 244 241 242 0
0 2 1 0 2 1 0 11 193 194 195 196 197 198 199 200 201 202 203 0
0 2 1 0 2 1 0 11 205 206 207 208 209 210 211 212 213 214 215 0
0 2 1 0 2 1 0 8 216 217 218 219 220 221 222 223 0
1 37 0 0 1 4 0
9 1
0 3 0 1 2 3 0 1 2 6 3 4 5 6 7 8 0
5 1
0 1 0 1 0 4 1 2 3 4 0
75 16
13 1 2 3 4 5 6 7 10 11 12 13 14 15 1 0 1 0 2 1 2 0
0 1 0 1 0 6 4 5 6 7 8 9 0
0 1 0 1 0 6 11 12 13 14 15 16 0
0 1 0 1 0 6 18 19 20 21 22 23 0
0 1 0 1 0 6 25 26 27 28 29 30 0
0 1 0 1 0 3 32 33 34 0
0 1 0 1 0 7 36 37 38 71 72 40 41 0
2 8 9 1 0 1 0 2 43 44 0
0 0 0 1 45 0
0 0 0 1 46 0
0 1 0 1 0 4 48 49 50 51 0
0 1 0 1 0 2 53 54 0
0 1 0 1 0 8 56 57 58 73 74 60 61 62 0
0 1 0 1 0 6 64 65 66 67 68 69 0
0 0 0 1 70 0
1 15 0 0 1 3 0
51 9
2 1 2 1 0 1 0 9 1 2 3 4 5 6 7 8 9 0
0 0 0 1 10 0
2 3 4 1 8 1 8 1 11 0
0 1 6 1 6 8 12 13 14 15 16 17 18 19 0
2 5 6 1 6 1 6 13 20 21 22 23 24 25 26 27 28 29 30 31 32 0
0 1 20 1 20 1 33 0
2 7 8 1 31 1 31 1 34 0
0 2 29 20 2 29 20 11 35 36 37 38 39 40 41 42 43 44 45 0
0 2 20 23 2 20 23 4 46 47 49 50 0
14 1
0 2 1 0 2 1 0 10 4 5 6 7 8 9 10 11 12 13 0
34 6
2 1 2 2 1 2 2 1 2 3 3 4 9 0
0 0 0 1 10 0
2 3 4 4 1 2 0 4 4 1 2 0 4 13 6 7 11 13 14 15 16 17 18 19 20 22 23 0
1 5 0 0 1 24 1 24
1 5 3 0 1 22 3 0 1 22 4 25 28 29 30 1 30
0 3 24 30 20 1 20 3 31 32 33 0
23 7
2 1 2 1 1 1 1 3 2 3 4 0
0 0 0 1 5 0
2 3 6 1 3 1 3 1 6 0
2 4 5 1 1 1 1 7 7 8 9 10 11 12 13 0
0 2 0 7 2 0 7 1 14 0
0 3 0 7 10 3 0 7 10 4 15 16 18 19 0
0 2 1 0 2 1 0 2 20 22 0
22 3
2 1 2 1 1 1 1 3 2 3 4 0
0 0 0 1 5 0
0 2 1 0 2 1 0 16 6 7 8 9 10 11 12 13 14 15 16 17 18 19 20 21 0
44 24
23 1 2 3 4 5 6 7 8 9 10 11 12 13 14 15 16 17 18 19 20 21 22 23 1 0 1 0 0 0
0 0 0 1 2 0
0 0 0 1 4 0
0 0 0 1 6 0
0 0 0 1 8 0
0 0 0 1 10 0
0 0 0 1 12 0
0 0 0 1 14 0
0 0 0 1 16 0
0 0 0 1 18 0
0 0 0 1 20 0
0 0 0 1 22 0
0 0 0 1 24 0
0 0 0 1 26 0
0 0 0 1 28 0
0 0 0 1 30 0
0 0 0 1 32 0
0 0 0 1 34 0
0 0 0 1 36 0
0 0 0 1 38 0
0 0 0 1 40 0
0 0 0 1 42 0
0 0 0 1 43 0
1 23 0 0 1 1 0
4 3
2 1 2 1 0 1 0 1 1 0
0 0 0 1 2 0
0 0 0 1 3 0
6 5
2 1 2 1 0 1 0 1 1 0
0 0 0 1 2 0
2 3 4 1 0 1 0 1 3 0
0 0 0 1 4 0
0 0 0 1 5 0
10 7
6 1 2 3 4 5 6 1 0 1 0 0 0
0 0 0 1 2 0
0 0 0 1 4 0
0 0 0 1 6 0
0 0 0 1 8 0
0 0 0 1 9 0
1 6 0 0 1 1 0
4 3
2 1 2 1 0 1 0 1 1 0
0 0 0 1 2 0
0 0 0 1 3 0
7 1
0 3 1 0 2 3 1 0 2 4 3 4 5 6 0
11 1
0 3 1 0 2 3 1 0 2 7 3 7 8 9 10 5 6 0
1077 78
2 1 2 1 1 1 1 3 2 3 4 0
0 2 1 0 2 1 0 19 5 6 7 8 9 10 11 12 13 14 15 16 17 977 978 979 980 19 20 0
2 3 6 1 3 1 3 1 21 0
1 4 1 1 1 1 6 22 23 24 25 26 27 0
1 5 0 0 0 0
0 5 23 24 26 0 27 5 23 24 26 0 27 30 33 34 35 36 37 38 40 41 43 44 45 46 47 48 49 51 52 54 55 981 985 986 987 988 983 984 58 60 61 62 0
2 7 10 1 3 1 3 1 63 0
1 8 1 1 1 1 12 64 65 66 69 70 71 72 73 74 75 76 77 0
1 9 0 0 0 0
0 7 70 72 73 74 76 0 77 7 70 72 73 74 76 0 77 36 83 84 85 86 87 88 90 91 93 94 95 96 97 98 99 101 102 104 105 107 108 110 111 113 114 116 117 989 993 994 995 996 991 992 120 121 0
2 11 14 1 3 1 3 1 122 0
1 12 1 1 1 1 12 123 124 125 128 129 130 131 132 133 134 135 136 0
1 13 0 0 0 0
0 7 129 131 132 133 135 0 136 7 129 131 132 133 135 0 136 36 142 143 144 145 146 147 149 150 152 153 154 155 156 157 158 160 161 163 164 166 167 169 170 172 173 175 176 997 1001 1002 1003 1004 999 1000 179 180 0
2 15 18 1 3 1 3 1 181 0
1 16 1 1 1 1 8 182 183 184 185 186 187 188 189 0
1 17 0 0 0 0
0 6 183 185 186 188 0 189 6 183 185 186 188 0 189 32 195 196 197 198 199 200 202 203 205 206 207 208 209 210 211 213 214 216 217 219 220 222 223 1005 1009 1010 1011 1012 1007 1008 226 227 0
2 19 22 1 3 1 3 1 228 0
1 20 1 1 1 1 12 229 230 231 234 235 236 237 238 239 240 241 242 0
1 21 0 0 0 0
0 7 235 237 238 239 241 0 242 7 235 237 238 239 241 0 242 36 248 249 250 251 252 253 255 256 258 259 260 261 262 263 264 266 267 269 270 272 273 275 276 278 279 281 282 1013 1017 1018 1019 1020 1015 1016 285 286 0
2 23 26 1 3 1 3 1 287 0
1 24 1 1 1 1 8 288 289 290 291 292 293 294 295 0
1 25 0 0 0 0
0 5 289 291 292 293 295 5 289 291 292 293 295 32 301 302 303 304 305 306 308 309 311 312 313 314 315 316 317 319 320 322 323 325 326 328 329 331 332 334 335 337 338 340 341 342 0
2 27 30 1 3 1 3 1 343 0
1 28 1 1 1 1 5 344 345 346 347 348 0
1 29 0 0 0 0
0 3 345 346 348 3 345 346 348 24 354 355 356 357 358 359 361 362 364 365 366 367 368 369 370 372 373 375 376 378 379 381 382 383 0
2 31 34 1 3 1 3 1 384 0
1 32 1 1 1 1 7 385 386 387 388 389 390 391 0
1 33 0 0 0 0
0 4 386 388 389 391 4 386 388 389 391 28 397 398 399 400 401 402 404 405 407 408 409 410 411 412 413 415 416 418 419 421 422 424 425 427 428 430 431 432 0
2 35 38 1 3 1 3 1 433 0
1 36 1 1 1 1 11 434 435 436 439 440 441 442 443 444 445 446 0
1 37 0 0 0 0
0 7 440 441 442 443 445 0 446 7 440 441 442 443 445 0 446 36 452 453 454 455 456 457 459 460 462 463 464 465 466 467 468 470 471 473 474 476 477 479 480 482 483 485 486 1021 1025 1026 1027 1028 1023 1024 489 490 0
2 39 42 1 3 1 3 1 491 0
1 40 1 1 1 1 7 492 493 494 495 496 497 498 0
1 41 0 0 0 0
0 6 493 494 495 497 0 498 6 493 494 495 497 0 498 32 504 505 506 507 508 509 511 512 514 515 516 517 518 519 520 522 523 525 526 528 529 531 532 1029 1033 1034 1035 1036 1031 1032 535 536 0
2 43 46 1 3 1 3 1 537 0
1 44 1 1 1 1 9 538 539 540 543 544 545 546 547 548 0
1 45 0 0 0 0
0 6 543 544 545 547 0 548 6 543 544 545 547 0 548 27 554 555 556 557 558 559 561 562 564 565 567 568 570 571 573 574 576 577 1037 1041 1042 1043 1044 1039 1040 580 581 0
2 47 50 1 3 1 3 1 582 0
1 48 1 1 1 1 10 583 584 585 588 589 590 591 592 593 594 0
1 49 0 0 0 0
0 7 588 589 590 591 593 0 594 7 588 589 590 591 593 0 594 31 600 601 602 603 604 605 607 608 610 611 613 614 616 617 619 620 622 623 625 626 628 629 1045 1049 1050 1051 1052 1047 1048 632 633 0
2 51 54 1 3 1 3 1 634 0
1 52 1 1 1 1 11 635 636 637 640 641 642 643 644 645 646 647 0
1 53 0 0 0 0
0 7 641 642 643 644 646 0 647 7 641 642 643 644 646 0 647 36 653 654 655 656 657 658 660 661 663 664 665 666 667 668 669 671 672 674 675 677 678 680 681 683 684 686 687 1053 1057 1058 1059 1060 1055 1056 690 691 0
2 55 61 1 3 1 3 1 692 0
1 56 1 1 1 1 13 693 694 695 698 699 700 701 702 703 704 705 706 707 0
1 57 0 0 0 0
2 58 59 5 699 700 701 702 704 5 699 700 701 702 704 27 713 714 715 716 717 718 720 721 723 724 725 726 727 728 729 731 732 734 735 737 738 740 741 743 744 746 747 0
1 60 0 0 1 749 1 749
1 60 0 0 1 750 1 750
0 6 749 750 747 706 0 707 4 747 706 0 707 11 751 752 1061 1065 1066 1067 1068 1063 1064 755 756 0
2 62 65 1 3 1 3 1 757 0
1 63 1 1 1 1 12 758 759 760 763 764 765 766 767 768 769 770 771 0
1 64 0 0 0 0
0 8 764 765 766 767 768 770 0 771 8 764 765 766 767 768 770 0 771 40 777 778 779 780 781 782 784 785 787 788 789 790 791 792 793 795 796 798 799 801 802 804 805 807 808 810 811 813 814 816 817 1069 1073 1074 1075 1076 1071 1072 820 821 0
2 66 69 1 3 1 3 1 822 0
1 67 1 1 1 1 6 823 824 825 826 827 828 0
1 68 0 0 0 0
0 4 824 825 826 828 4 824 825 826 828 28 834 835 836 837 838 839 841 842 844 845 846 847 848 849 850 852 853 855 856 858 859 861 862 864 865 867 868 869 0
2 70 73 1 3 1 3 1 870 0
1 71 1 1 1 1 12 871 872 873 876 877 878 879 880 881 882 883 884 0
1 72 0 0 0 0
0 7 877 879 881 882 0 883 884 7 877 879 881 882 0 883 884 31 890 891 892 893 894 895 897 898 900 901 903 904 906 907 909 910 912 913 915 916 918 919 921 922 924 925 927 928 930 931 932 0
2 74 77 1 3 1 3 1 933 0
1 75 1 1 1 1 6 934 935 936 937 938 939 0
1 76 0 0 0 0
0 4 934 936 937 939 4 934 936 937 939 23 945 946 947 948 949 950 952 953 955 956 958 959 961 962 964 965 967 968 970 971 973 974 975 0
0 0 0 1 976 0
9 3
2 1 2 1 0 1 0 3 2 3 4 0
0 2 0 1 2 0 1 3 5 6 7 0
0 0 0 0 0
27 22
1 1 1 0 1 0 1 2 0
7 2 5 8 11 14 17 21 1 2 1 2 0 0
2 3 4 1 1 1 1 1 5 0
1 20 0 0 0 0
1 20 0 0 0 0
2 6 7 1 1 1 1 1 9 0
1 20 0 0 0 0
1 20 0 0 0 0
2 9 10 1 1 1 1 1 13 0
1 20 0 0 0 0
1 20 0 0 0 0
2 12 13 1 1 1 1 1 17 0
1 20 0 0 0 0
1 20 0 0 0 0
2 15 16 1 1 1 1 1 21 0
1 20 0 0 0 0
1 20 0 0 0 0
2 18 19 1 1 1 1 1 24 0
1 20 0 0 0 0
1 20 0 0 0 0
0 0 0 1 3 0
1 21 0 0 1 4 0
707 43
2 1 42 0 0 28 2 3 4 5 6 7 8 9 10 11 12 13 14 15 16 17 18 19 20 21 22 23 24 25 26 27 28 29 0
2 2 41 0 0 17 32 33 34 35 36 37 38 39 40 41 42 43 44 45 46 47 48 0
2 3 40 0 0 34 51 52 53 54 55 57 58 59 60 61 62 63 64 65 66 67 68 69 70 71 72 73 74 75 76 77 78 79 80 81 82 83 84 85 0
2 4 39 0 0 34 88 89 90 91 92 93 94 95 96 97 98 99 100 101 102 103 104 105 106 107 108 109 110 111 112 113 114 115 116 117 118 119 120 121 0
2 5 38 0 0 35 124 125 126 127 128 130 131 132 133 134 135 136 137 138 139 140 141 142 143 144 145 146 147 148 149 150 151 152 153 154 155 156 157 158 159 0
2 6 37 0 0 29 162 163 164 165 166 167 168 169 170 171 172 173 174 175 176 177 178 179 180 181 182 183 184 185 186 187 188 189 190 0
2 7 36 0 0 44 193 194 195 196 197 198 199 200 201 202 203 204 205 206 207 208 209 210 211 212 213 214 215 216 217 218 219 220 221 222 223 224 225 226 227 228 229 230 231 232 233 234 235 236 0
2 8 35 0 0 28 239 240 241 242 243 244 245 246 247 248 249 250 251 252 253 254 255 256 257 258 259 260 261 262 263 264 265 266 0
2 9 34 0 0 22 268 269 270 271 272 273 274 275 276 277 278 279 280 281 282 283 284 285 286 287 288 289 0
2 10 33 0 0 33 291 292 293 294 295 297 298 299 300 301 302 303 304 305 306 307 308 309 310 311 312 313 314 315 316 317 318 319 320 321 322 323 324 0
2 11 32 0 0 28 326 327 328 329 330 332 333 334 335 336 338 339 340 341 342 343 344 345 346 347 348 349 350 351 352 353 354 355 0
2 12 31 0 0 30 356 705 359 360 361 362 363 364 365 366 367 368 369 370 371 372 373 374 375 376 377 378 379 380 381 382 383 384 385 386 0
2 13 30 0 0 31 388 389 390 391 392 393 394 395 396 397 398 399 400 401 402 403 404 405 406 407 408 409 410 411 412 413 414 415 416 417 418 0
2 14 29 0 0 29 421 422 423 424 425 427 428 429 430 431 433 434 435 436 437 438 439 440 441 442 443 444 445 446 447 448 449 450 451 0
2 15 28 0 0 22 454 455 456 457 458 459 460 461 462 463 464 465 466 467 468 469 470 471 472 473 474 475 0
2 16 27 0 0 30 477 478 479 480 481 483 484 485 486 487 488 489 490 491 492 493 494 495 496 497 498 499 500 501 502 503 504 505 506 507 0
2 17 26 0 0 44 508 706 511 512 513 514 515 517 518 519 520 521 522 523 524 525 526 527 528 529 530 531 532 533 534 535 536 537 538 539 540 541 542 543 544 545 546 547 548 549 550 551 552 553 0
2 18 25 0 0 18 554 555 556 557 558 559 560 561 562 563 564 565 566 567 568 569 570 571 0
2 19 24 0 0 27 573 574 575 576 577 578 579 580 581 582 583 584 585 586 587 588 589 590 591 592 593 594 595 596 597 598 599 0
2 20 23 0 0 51 601 602 603 604 605 608 609 611 612 613 614 615 616 617 618 619 620 621 622 623 624 625 626 627 628 629 630 631 632 633 634 635 636 637 638 639 640 641 642 643 644 645 646 647 648 649 650 651 652 653 654 0
2 21 22 0 0 27 656 657 658 659 660 661 662 663 664 665 666 667 668 669 670 671 672 673 674 675 676 677 678 679 680 681 682 0
0 0 0 0 0
0 0 0 0 0
0 0 0 0 0
0 0 0 0 0
0 0 0 0 0
0 0 0 0 0
0 0 0 0 0
0 0 0 0 0
0 0 0 0 0
0 0 0 0 0
0 0 0 0 0
0 0 0 0 0
0 0 0 0 0
0 0 0 0 0
0 0 0 0 0
0 0 0 0 0
0 0 0 0 0
0 0 0 0 0
0 0 0 0 0
0 0 0 0 0
0 0 0 0 0
0 0 0 0 0
531 31
2 1 30 0 0 23 2 3 4 5 6 7 8 9 10 11 12 13 14 15 16 17 18 19 20 21 22 23 24 0
2 2 29 0 0 29 27 28 29 30 31 33 34 35 36 37 38 39 40 41 42 43 44 45 46 47 48 49 50 51 52 53 54 55 56 0
2 3 28 0 0 30 59 60 61 62 63 65 66 67 68 69 71 72 73 74 75 76 77 78 79 80 81 82 83 84 85 86 87 88 89 90 0
2 4 27 0 0 30 93 94 95 96 97 99 100 101 102 103 105 106 107 108 109 110 111 112 113 114 115 116 117 118 119 120 121 122 123 124 0
2 5 26 0 0 30 127 128 129 130 131 133 134 135 136 137 138 139 140 141 142 143 144 145 146 147 148 149 150 151 152 153 154 155 156 157 0
2 6 25 0 0 30 160 161 162 163 164 166 167 168 169 170 172 173 174 175 176 177 178 179 180 181 182 183 184 185 186 187 188 189 190 191 0
2 7 24 0 0 30 194 195 196 197 198 200 201 202 203 204 206 207 208 209 210 211 212 213 214 215 216 217 218 219 220 221 222 223 224 225 0
2 8 23 0 0 23 228 229 230 231 232 234 235 236 237 238 239 240 241 242 243 244 245 246 247 248 249 250 251 0
2 9 22 0 0 24 254 255 256 257 258 260 261 262 263 264 265 266 267 268 269 270 271 272 273 274 275 276 277 278 0
2 10 21 0 0 35 281 282 283 284 285 287 288 289 290 291 293 294 295 296 297 299 300 301 302 303 304 305 306 307 308 309 310 311 312 313 314 315 316 317 318 0
2 11 20 0 0 29 321 322 323 324 325 327 328 329 330 331 333 334 335 336 337 338 339 340 341 342 343 344 345 346 347 348 349 350 351 0
2 12 19 0 0 35 354 355 356 357 358 360 361 362 363 364 366 367 368 369 370 371 372 373 374 375 376 377 378 379 380 381 382 383 384 385 386 387 388 389 390 0
2 13 18 0 0 35 393 394 395 396 397 399 400 401 402 403 405 406 407 408 409 411 412 413 414 415 416 417 418 419 420 421 422 423 424 425 426 427 428 429 430 0
2 14 17 0 0 35 432 433 434 435 436 438 439 440 441 442 444 445 446 447 448 450 451 452 453 454 455 456 457 458 459 460 461 462 463 464 465 466 467 468 469 0
2 15 16 0 0 40 471 472 473 474 475 477 478 479 480 481 483 484 485 486 487 489 490 491 492 493 495 496 497 498 499 500 501 502 503 504 505 506 507 508 509 510 511 512 513 514 0
0 0 0 0 0
0 0 0 0 0
0 0 0 0 0
0 0 0 0 0
0 0 0 0 0
0 0 0 0 0
0 0 0 0 0
0 0 0 0 0
0 0 0 0 0
0 0 0 0 0
0 0 0 0 0
0 0 0 0 0
0 0 0 0 0
0 0 0 0 0
0 0 0 0 0
0 0 0 0 0
46 37
2 1 36 0 0 2 0 1 0
2 2 35 0 0 2 2 3 0
2 3 34 0 0 1 4 0
2 4 33 0 0 1 5 0
2 5 32 0 0 1 6 0
2 6 31 0 0 1 7 0
1 7 0 0 0 0
1 8 0 0 0 0
1 9 0 0 0 0
1 10 0 0 0 0
1 11 0 0 0 0
1 12 0 0 0 0
1 13 0 0 0 0
1 14 0 0 0 0
1 15 0 0 0 0
1 16 0 0 0 0
1 17 0 0 0 0
1 18 0 0 0 0
1 19 0 0 0 0
1 20 0 0 0 0
1 21 0 0 0 0
1 22 0 0 0 0
1 23 0 0 0 0
1 24 0 0 0 0
1 25 0 0 0 0
1 26 0 0 0 0
1 27 0 0 0 0
1 28 0 0 0 0
1 29 0 0 0 0
1 30 0 0 0 0
0 0 0 0 0
0 0 0 0 0
0 0 0 0 0
0 0 0 0 0
0 0 0 0 0
0 0 0 0 0
0 0 0 0 0
27 5
2 1 4 0 0 14 0 1 2 3 4 5 17 18 19 20 21 22 8 9 0
2 2 3 0 0 6 23 24 25 26 12 13 0
0 0 0 0 0
0 0 0 0 0
0 0 0 0 0
49 25
2 1 24 0 0 3 0 1 2 0
2 2 23 0 0 3 3 4 5 0
2 3 22 0 0 3 6 7 8 0
2 4 21 0 0 3 9 10 11 0
2 5 20 0 0 3 12 13 14 0
2 6 19 0 0 3 15 16 17 0
2 7 18 0 0 3 18 19 20 0
2 8 17 0 0 3 21 22 23 0
2 9 16 0 0 3 24 25 26 0
2 10 15 0 0 3 27 28 29 0
2 11 14 0 0 3 30 31 32 0
2 12 13 0 0 3 33 34 35 0
0 0 0 0 0
0 0 0 0 0
0 0 0 0 0
0 0 0 0 0
0 0 0 0 0
0 0 0 0 0
0 0 0 0 0
0 0 0 0 0
0 0 0 0 0
0 0 0 0 0
0 0 0 0 0
0 0 0 0 0
0 0 0 0 0
555 40
2 1 2 1 0 1 0 26 2 5 6 7 8 9 10 11 12 13 14 15 16 17 18 19 20 21 22 23 24 25 26 27 28 29 0
1 3 0 0 0 0
1 3 0 0 0 0
2 4 5 1 1 1 1 33 540 33 36 37 38 39 40 42 43 44 45 46 47 48 49 50 51 52 53 54 55 56 57 58 59 60 61 62 63 64 65 66 67 0
1 6 0 0 0 1 540
1 6 0 0 0 0
2 7 8 4 540 2 0 1 3 2 0 1 34 539 71 74 75 76 77 78 80 81 82 83 84 86 87 88 89 90 91 92 93 94 95 96 97 98 99 100 101 102 103 104 105 106 107 0
1 9 0 0 0 1 539
1 9 0 0 0 0
2 10 11 3 539 8 2 2 8 2 34 538 111 114 115 116 117 118 120 121 122 123 124 125 126 127 128 129 130 131 132 133 134 135 136 137 138 139 140 141 142 143 144 145 146 0
1 12 0 0 0 1 538
1 12 0 0 0 0
2 13 14 4 538 3 0 1 3 3 0 1 34 537 150 153 154 155 156 157 159 160 161 162 163 165 166 167 168 169 170 171 172 173 174 175 176 177 178 179 180 181 182 183 184 185 186 0
1 15 0 0 0 1 537
1 15 0 0 0 0
2 16 17 3 537 4 3 2 4 3 34 536 190 193 194 195 196 197 199 200 201 202 203 205 206 207 208 209 210 211 212 213 214 215 216 217 218 219 220 221 222 223 224 225 226 0
1 18 0 0 0 1 536
1 18 0 0 0 0
2 19 20 3 536 5 4 2 5 4 27 535 230 233 234 235 236 237 239 240 241 242 243 244 245 246 247 248 249 250 251 252 253 254 255 256 257 258 0
1 21 0 0 0 1 535
1 21 0 0 0 0
2 22 23 3 535 9 5 2 9 5 28 534 262 265 266 267 268 269 271 272 273 274 275 276 277 278 279 280 281 282 283 284 285 286 287 288 289 290 291 0
1 24 0 0 0 1 534
1 24 0 0 0 0
2 25 26 5 534 6 5 2 1 4 6 5 2 1 39 533 295 298 299 300 301 302 304 305 306 307 308 310 311 312 313 314 316 317 318 319 320 321 322 323 324 325 326 327 328 329 330 331 332 333 334 335 336 337 0
1 27 0 0 0 1 533
1 27 0 0 0 0
2 28 29 4 533 7 10 11 3 7 10 11 39 532 341 344 345 346 347 348 350 351 352 353 354 356 357 358 359 360 361 362 363 364 365 366 367 368 369 370 371 372 373 374 375 376 377 378 379 380 381 382 0
1 30 0 0 0 1 532
1 30 0 0 0 0
2 31 32 4 532 12 11 6 3 12 11 6 39 531 386 388 389 390 391 392 394 395 396 397 398 400 401 402 403 404 406 407 408 409 410 411 412 413 414 415 416 417 418 419 420 421 422 423 424 425 426 427 0
1 33 0 0 0 1 531
1 33 0 0 0 0
2 34 35 5 531 12 11 6 5 4 12 11 6 5 44 530 431 433 434 435 436 437 439 440 441 442 443 445 446 447 448 449 451 452 453 454 455 457 458 459 460 461 462 463 464 465 466 467 468 469 470 471 472 473 474 475 476 477 478 0
1 36 0 0 0 1 530
1 36 0 0 0 0
2 37 38 5 530 10 12 11 5 4 10 12 11 5 39 529 482 485 486 487 488 489 491 492 493 494 495 497 498 499 500 501 503 504 505 506 507 508 509 510 511 512 513 514 515 516 517 518 519 520 521 522 523 524 0
1 39 0 0 0 1 529
1 39 0 0 0 0
0 1 529 0 1 528 0
126 37
2 1 36 1 7 1 7 51 2 3 4 5 6 8 9 10 11 12 14 15 16 17 18 19 20 21 22 23 24 25 26 27 28 29 30 31 32 34 35 36 37 39 40 41 42 43 44 45 46 47 48 49 50 51 52 54 55 56 57 0
2 2 35 3 32 42 7 3 32 42 7 4 58 59 60 61 0
2 3 34 1 32 1 32 1 62 0
2 4 30 1 52 1 52 3 63 64 65 0
2 5 27 1 52 1 52 12 66 67 68 71 72 73 74 75 76 77 78 81 0
2 6 7 1 74 1 74 1 82 0
1 8 0 0 0 0
1 25 0 0 0 0
2 9 23 1 75 1 75 1 87 0
2 10 11 1 76 1 76 3 88 89 90 0
2 12 21 1 76 1 76 3 91 92 94 0
1 21 0 0 0 0
2 13 19 1 78 1 78 1 98 0
2 14 15 1 68 1 68 3 99 100 101 0
1 16 0 0 0 0
1 17 0 0 0 0
1 18 0 0 0 0
1 18 0 0 0 0
1 20 0 0 1 107 1 107
1 20 0 0 0 0
1 22 1 107 0 1 109 1 109
1 22 0 0 0 0
1 24 1 109 0 1 111 1 111
1 24 0 0 0 0
1 26 1 111 0 1 113 1 113
1 26 0 0 0 0
1 28 1 113 0 1 115 1 115
1 28 0 0 0 0
1 29 1 115 0 1 117 0
1 31 0 0 0 1 117
1 31 0 0 0 0
2 32 33 1 117 0 1 120 0
0 0 0 0 0
0 0 0 0 0
0 0 0 0 0
0 0 0 0 0
0 0 0 0 0
82 22
2 1 21 1 1 1 1 32 2 3 4 5 6 8 9 10 11 12 14 15 16 17 18 19 20 21 22 23 24 25 26 76 77 29 30 78 33 34 35 36 0
2 2 20 1 26 1 26 1 37 0
2 3 16 1 26 1 26 3 79 39 40 0
2 4 14 1 26 1 26 5 80 42 81 46 48 0
2 5 12 1 29 1 29 1 50 0
2 6 10 1 30 1 30 1 52 0
2 7 8 1 46 1 46 1 54 0
1 9 0 0 0 0
1 9 0 0 0 0
1 11 0 0 1 57 1 57
1 11 0 0 0 0
1 13 1 57 0 1 59 1 59
1 13 0 0 0 0
1 15 1 59 0 1 61 1 61
1 15 0 0 0 0
1 17 1 61 0 1 63 1 63
1 17 0 0 0 0
2 18 19 1 63 0 1 65 0
0 0 0 0 0
0 0 0 0 0
0 0 0 0 0
0 0 0 0 0
60 36
2 1 35 0 0 1 0 0
1 2 0 0 0 0
2 3 26 0 0 3 11 12 13 0
2 4 25 0 0 3 14 15 16 0
2 5 24 0 0 3 17 18 19 0
2 6 23 0 0 3 20 21 22 0
2 7 22 0 0 3 23 24 25 0
2 8 21 0 0 3 26 27 28 0
2 9 20 0 0 3 29 30 31 0
2 10 19 0 0 3 32 33 34 0
2 11 18 0 0 3 35 36 37 0
2 12 17 0 0 3 38 39 40 0
2 13 16 0 0 3 41 42 43 0
2 14 15 0 0 3 44 45 46 0
1 27 0 0 0 0
1 34 0 0 0 0
1 34 0 0 0 0
1 34 0 0 0 0
1 34 0 0 0 0
1 34 0 0 0 0
1 34 0 0 0 0
1 34 0 0 0 0
1 34 0 0 0 0
1 34 0 0 0 0
1 34 0 0 0 0
1 34 0 0 0 0
1 34 0 0 0 0
2 28 33 0 0 1 2 0
2 29 32 0 0 1 3 0
2 30 31 0 0 1 4 0
0 0 0 0 0
0 0 0 0 0
0 0 0 0 0
0 0 0 0 0
0 0 0 0 0
0 0 0 0 0
50 1
0 1 3 1 3 47 0 1 49 4 5 6 7 8 10 11 12 13 14 15 16 17 18 19 20 21 22 23 24 25 26 27 28 29 30 31 32 33 34 35 36 37 38 39 40 41 42 43 44 45 46 47 48 0
67 5
2 1 4 0 0 54 1 2 4 5 6 7 8 9 10 11 12 13 14 15 16 17 18 19 20 21 22 23 24 25 26 29 30 31 32 33 35 36 37 38 39 40 41 42 43 44 45 46 47 48 49 50 51 52 53 54 56 57 58 59 0
2 2 3 2 49 9 2 49 9 4 60 61 62 63 0
0 0 0 0 0
0 0 0 0 0
0 0 0 0 0
570 99
1 1 0 0 212 4 5 10 11 16 17 18 19 21 22 23 25 26 27 29 30 31 33 34 35 37 38 41 43 44 45 47 48 49 51 52 53 54 55 57 58 59 60 61 62 63 64 65 66 67 68 69 70 71 72 73 75 76 77 78 79 80 81 82 83 84 85 86 87 88 89 90 91 92 93 94 95 96 97 98 99 100 101 102 103 104 105 106 107 108 109 110 111 112 113 114 115 116 117 118 119 120 121 122 123 124 125 126 127 128 129 130 131 132 133 134 135 136 137 138 139 140 141 142 143 144 145 146 147 148 149 150 151 152 153 154 155 156 157 158 159 160 161 162 163 164 165 166 167 170 171 172 173 174 175 176 177 178 179 180 181 182 183 184 185 186 187 188 189 190 191 192 193 194 195 196 197 198 199 200 201 202 203 204 205 207 208 209 210 211 212 213 214 216 217 218 219 220 221 222 223 224 225 226 227 228 229 230 231 232 233 234 235 236 237 238 240 0
2 2 9 1 240 1 240 1 242 0
2 3 4 1 240 1 240 1 245 0
1 5 0 0 0 1 17
1 5 0 0 0 1 5
2 6 7 5 17 5 51 229 240 3 51 229 240 20 246 247 248 249 250 251 252 253 254 255 256 257 258 259 260 261 262 263 229 266 0
1 8 0 0 0 1 17
1 8 0 0 0 1 5
1 1 5 17 5 238 197 240 3 238 197 240 12 267 268 269 270 271 272 273 274 275 238 277 240 0
2 10 98 1 92 1 92 3 514 515 280 0
2 11 97 1 117 1 117 4 518 520 521 283 0
2 12 96 1 229 1 229 3 522 523 286 0
2 13 95 1 229 1 229 5 287 288 289 290 292 0
2 14 21 1 238 1 238 4 295 296 297 299 0
2 15 19 1 295 1 295 3 300 301 303 0
2 16 17 1 295 1 295 5 304 305 306 307 309 0
1 18 0 0 0 0
1 18 0 0 0 0
1 20 0 0 1 312 1 312
1 20 0 0 0 0
1 22 1 312 0 1 314 1 314
1 22 0 0 0 0
1 23 1 314 0 1 316 0
2 24 94 1 316 1 316 0 0
2 25 32 2 92 25 2 92 25 8 318 319 320 321 322 323 324 325 0
2 26 30 1 322 1 322 9 326 327 328 329 330 525 526 527 333 0
2 27 28 1 330 1 330 4 528 529 530 336 0
1 29 0 0 0 0
1 29 0 0 0 0
1 31 0 0 1 339 1 339
1 31 0 0 0 0
1 33 1 339 0 1 341 1 341
1 33 0 0 0 0
2 34 93 1 341 0 1 343 0
2 35 42 2 229 51 2 229 51 8 344 345 346 347 348 349 350 351 0
2 36 40 1 348 1 348 9 352 353 354 355 356 532 533 534 359 0
2 37 38 1 356 1 356 4 535 536 537 362 0
1 39 0 0 0 0
1 39 0 0 0 0
1 41 0 0 1 365 1 365
1 41 0 0 0 0
1 43 1 365 0 1 367 1 367
1 43 0 0 0 0
2 44 92 1 367 0 1 369 0
2 45 52 2 142 37 2 142 37 8 370 371 372 373 374 375 376 377 0
2 46 50 1 374 1 374 9 378 379 380 381 382 539 540 541 385 0
2 47 48 1 382 1 382 4 542 543 544 388 0
1 49 0 0 0 0
1 49 0 0 0 0
1 51 0 0 1 391 1 391
1 51 0 0 0 0
1 53 1 391 0 1 393 1 393
1 53 0 0 0 0
2 54 91 1 393 0 1 395 0
2 55 90 2 43 47 2 43 47 2 547 397 0
2 56 89 2 43 47 2 43 47 3 398 399 400 0
2 57 58 2 167 43 2 167 43 8 401 402 403 404 405 406 407 408 0
1 59 1 405 1 405 6 409 410 549 550 551 416 1 416
1 59 0 0 0 0
2 60 88 1 416 0 1 418 0
2 61 62 2 167 47 2 167 47 8 419 420 421 422 423 424 425 426 0
1 63 1 423 1 423 6 427 428 553 554 555 434 1 434
1 63 0 0 0 0
2 64 87 1 434 0 1 436 0
2 65 72 2 224 197 2 224 197 8 438 439 440 441 442 443 444 445 0
2 66 70 1 442 1 442 9 446 447 448 449 450 557 558 559 453 0
2 67 68 1 450 1 450 4 560 561 562 456 0
1 69 0 0 0 0
1 69 0 0 0 0
1 71 0 0 1 459 1 459
1 71 0 0 0 0
1 73 1 459 0 1 461 1 461
1 73 0 0 0 0
2 74 86 1 461 0 1 463 0
2 75 82 2 238 197 2 238 197 8 465 466 467 468 469 470 471 472 0
2 76 80 1 469 1 469 9 473 474 475 476 477 564 565 566 480 0
2 77 78 1 477 1 477 4 567 568 569 483 0
1 79 0 0 0 0
1 79 0 0 0 0
1 81 0 0 1 486 1 486
1 81 0 0 0 0
1 83 1 486 0 1 488 1 488
1 83 0 0 0 0
2 84 85 1 488 0 1 490 0
0 0 0 0 0
0 0 0 0 0
0 0 0 0 0
0 0 0 0 0
0 0 0 0 0
0 0 0 0 0
0 0 0 0 0
0 0 0 0 0
0 0 0 0 0
0 0 0 0 0
0 0 0 0 0
0 0 0 0 0
0 0 0 0 0
0 0 0 0 0
0 0 0 0 0
14 5
2 1 2 1 0 1 0 3 2 3 4 0
0 0 0 0 0
2 3 4 1 0 1 0 4 6 7 8 9 0
0 2 6 1 2 6 1 3 10 11 12 0
0 0 0 0 0
21 3
2 1 2 2 0 1 2 0 1 13 3 4 5 7 8 9 10 11 12 13 14 15 16 0
0 2 13 2 2 13 2 3 17 18 19 0
0 0 0 0 0
29 5
2 1 4 2 0 1 2 0 1 13 3 4 5 7 8 9 10 11 12 13 14 15 16 0
2 2 4 1 13 1 13 4 17 18 19 20 0
2 3 4 1 17 1 17 4 21 22 23 24 0
0 2 21 2 2 21 2 3 25 26 27 0
0 0 0 0 0
26 7
2 1 2 1 0 1 0 3 2 3 4 0
0 2 0 1 2 0 1 9 5 6 7 8 10 11 12 13 14 0
2 3 4 1 3 1 3 1 15 0
0 2 0 1 2 0 1 6 16 17 18 19 20 21 0
2 5 6 1 3 1 3 1 22 0
0 2 0 1 2 0 1 3 23 24 25 0
0 2 1 0 2 1 0 0 0
6 3
2 1 2 1 0 1 0 3 1 2 3 0
0 0 0 0 0
0 0 0 0 0
187 9
2 1 8 0 0 161 2 3 4 5 6 7 8 9 10 11 12 13 14 15 16 17 18 19 20 21 22 23 24 25 26 27 28 31 32 33 34 35 36 37 38 39 40 41 42 43 44 45 46 47 48 49 50 51 52 53 54 55 56 57 59 60 61 62 63 64 65 66 67 68 69 70 71 72 73 74 75 76 77 78 79 80 81 82 83 84 85 86 87 88 89 90 91 92 93 94 95 96 97 98 99 100 101 102 103 104 105 106 107 108 109 110 111 112 113 114 115 173 174 175 176 117 118 119 120 121 122 123 124 125 126 127 128 129 130 131 177 178 179 180 133 134 135 136 137 138 139 140 141 142 143 144 145 146 147 181 182 183 184 150 151 152 153 155 185 186 158 0
2 2 7 1 153 1 153 1 161 0
2 3 6 1 153 1 153 1 164 0
2 4 5 1 153 1 153 1 167 0
0 0 0 0 0
0 0 0 0 0
0 0 0 0 0
0 0 0 0 0
0 0 0 0 0
266 11
2 1 10 0 0 235 2 3 4 5 6 7 8 9 10 11 12 13 14 15 16 17 18 19 20 21 22 23 24 25 26 27 28 30 31 32 33 34 35 36 37 38 39 40 41 42 43 44 45 46 47 48 49 50 53 54 55 56 57 58 59 60 61 62 63 64 65 66 67 68 69 70 71 72 73 74 75 76 77 78 79 81 82 83 84 85 86 87 88 89 90 91 92 93 94 95 96 97 98 99 100 101 102 103 104 105 106 107 108 109 110 111 112 113 114 115 116 117 118 119 120 121 122 123 124 125 126 127 128 129 130 131 132 133 134 135 136 137 248 249 250 251 139 140 141 142 143 144 145 146 147 148 149 150 151 152 153 252 253 254 255 155 156 157 158 159 160 161 162 163 164 165 166 167 168 169 256 257 258 259 171 172 173 174 175 176 177 178 179 180 181 182 183 184 185 260 261 262 263 188 189 190 191 192 193 194 195 196 197 198 199 200 201 202 203 204 205 206 207 208 209 210 211 212 213 214 215 216 217 218 219 220 221 222 223 224 225 226 264 265 229 0
2 2 9 1 209 1 209 2 230 232 0
2 3 8 1 192 1 192 1 235 0
2 4 7 1 192 1 192 1 238 0
2 5 6 1 192 1 192 1 241 0
0 0 0 0 0
0 0 0 0 0
0 0 0 0 0
0 0 0 0 0
0 0 0 0 0
0 0 0 0 0
23 5
2 1 2 1 0 1 0 11 2 3 4 5 6 7 8 9 10 11 12 0
0 2 9 1 2 9 1 5 13 16 17 18 19 0
2 3 4 1 11 1 11 1 20 0
0 0 0 0 0
0 0 0 0 0
24 7
2 1 2 1 0 1 0 3 3 4 5 0
0 0 0 0 0
2 3 6 1 4 1 4 1 7 0
2 4 5 1 1 1 1 1 12 0
0 2 0 2 2 0 2 5 8 15 16 17 18 0
0 3 0 1 2 3 0 1 2 5 9 10 19 21 22 0
0 0 0 0 0
12 1
0 3 0 1 2 3 0 1 2 9 3 4 5 6 7 8 9 10 11 0
24 7
2 1 2 1 0 1 0 3 3 4 5 0
0 0 0 0 0
2 3 6 1 4 1 4 1 7 0
2 4 5 1 1 1 1 1 12 0
0 2 0 2 2 0 2 5 8 15 16 17 18 0
0 3 0 1 2 3 0 1 2 5 9 10 19 21 22 0
0 0 0 0 0
28 1
0 3 0 1 2 3 0 1 2 25 3 4 5 6 7 8 9 10 11 12 13 14 15 16 17 18 19 20 21 22 23 24 25 26 27 0
34 1
0 2 0 1 2 0 1 30 33 3 4 5 6 7 8 9 10 11 12 13 14 15 16 17 19 20 21 22 23 24 25 26 27 28 29 30 31 32 0
401 25
2 1 24 0 0 344 1 2 3 4 5 7 8 9 10 11 13 14 15 16 17 18 19 20 21 22 23 24 25 26 27 28 29 30 31 32 33 34 35 36 37 38 39 40 41 42 43 44 45 46 47 48 49 50 51 52 53 54 55 56 57 58 59 60 61 62 63 64 65 66 67 68 69 70 71 72 75 76 77 78 79 80 81 82 83 84 85 86 87 88 89 90 91 92 93 94 95 96 97 98 99 100 101 102 105 106 107 108 109 110 111 112 113 114 115 116 117 118 119 120 121 122 123 124 125 126 127 128 129 130 131 132 134 135 136 137 138 139 140 141 142 143 144 145 146 147 148 149 150 151 152 153 154 155 156 157 158 159 160 161 162 163 393 394 395 396 397 398 165 166 167 168 169 170 171 172 173 174 175 176 177 178 179 180 181 182 183 184 185 186 187 188 189 190 191 192 193 194 195 196 197 198 199 200 201 202 203 204 205 206 207 208 209 210 211 212 213 214 215 216 217 218 219 220 221 222 223 224 225 226 227 228 229 230 231 232 233 234 235 236 237 238 239 240 241 242 243 244 245 246 247 248 249 250 251 252 253 254 255 256 257 258 259 260 261 262 263 264 265 266 267 268 269 270 271 272 273 274 275 276 277 278 279 280 281 282 283 284 285 286 287 288 289 290 291 292 293 294 295 296 297 298 299 300 301 302 303 304 305 306 307 308 309 310 311 312 313 314 315 316 317 318 319 320 321 322 323 324 325 326 327 328 329 330 331 332 333 334 335 336 337 338 339 340 341 342 343 399 400 346 0
2 2 23 1 38 1 38 1 349 0
2 3 22 1 38 1 38 1 352 0
2 4 21 1 38 1 38 1 355 0
2 5 20 1 47 1 47 2 356 358 0
2 6 19 1 47 1 47 2 360 361 0
2 7 18 1 47 1 47 2 363 364 0
2 8 17 1 47 1 47 2 366 367 0
2 9 16 1 72 1 72 2 368 370 0
2 10 15 1 72 1 72 2 372 373 0
2 11 14 1 72 1 72 2 375 376 0
2 12 13 1 72 1 72 2 378 379 0
0 0 0 0 0
0 0 0 0 0
0 0 0 0 0
0 0 0 0 0
0 0 0 0 0
0 0 0 0 0
0 0 0 0 0
0 0 0 0 0
0 0 0 0 0
0 0 0 0 0
0 0 0 0 0
0 0 0 0 0
0 0 0 0 0
45 17
2 1 2 1 1 1 1 1 5 0
1 6 0 0 0 0
2 3 4 2 0 1 2 0 1 3 7 8 9 0
1 5 0 0 0 0
1 5 0 0 0 0
1 6 0 0 1 12 1 12
2 7 8 1 12 0 1 13 0
0 0 0 0 0
2 9 16 3 0 1 2 3 0 1 2 15 15 16 17 19 20 21 22 23 24 25 28 29 31 32 33 0
2 10 15 2 32 3 2 32 3 1 34 0
2 11 12 1 25 1 25 3 35 36 37 0
1 13 0 0 0 0
1 14 0 0 0 0
0 0 0 0 0
0 0 0 0 0
0 0 0 0 0
0 0 0 0 0
45 17
2 1 2 1 1 1 1 1 5 0
1 6 0 0 0 0
2 3 4 2 0 1 2 0 1 3 7 8 9 0
1 5 0 0 0 0
1 5 0 0 0 0
1 6 0 0 1 12 1 12
2 7 8 1 12 0 1 13 0
0 0 0 0 0
2 9 16 3 0 1 2 3 0 1 2 15 15 16 17 19 20 21 22 23 24 25 28 29 31 32 33 0
2 10 15 2 32 3 2 32 3 1 34 0
2 11 12 1 25 1 25 3 35 36 37 0
1 13 0 0 0 0
1 14 0 0 0 0
0 0 0 0 0
0 0 0 0 0
0 0 0 0 0
0 0 0 0 0
289 60
2 1 59 0 0 164 0 1 2 3 5 6 7 8 9 10 12 13 14 15 16 17 18 19 20 21 22 23 24 25 26 27 28 30 31 32 33 34 35 36 37 38 39 40 41 42 43 44 45 46 47 48 49 50 51 52 53 54 55 56 57 58 59 60 61 62 63 64 65 66 67 68 69 70 72 73 74 75 76 77 78 79 80 81 83 84 85 86 87 88 89 90 91 92 93 94 95 96 97 98 99 100 101 102 104 280 106 107 108 109 110 112 113 114 115 116 117 118 119 120 121 122 123 124 125 126 127 128 129 130 131 132 133 134 135 136 137 138 139 140 141 142 143 144 145 146 148 149 150 151 152 153 154 155 156 157 158 159 160 161 162 163 164 165 166 167 168 169 171 173 0
2 2 12 1 70 1 70 3 174 175 176 0
2 3 10 1 70 1 70 4 177 281 282 180 0
2 4 8 1 177 1 177 2 182 184 0
2 5 6 1 177 1 177 2 186 188 0
1 7 0 0 0 0
1 7 0 0 0 0
1 9 0 0 1 191 1 191
1 9 0 0 0 0
1 11 1 191 0 1 193 1 193
1 11 0 0 0 0
1 13 1 193 0 1 195 1 195
1 13 0 0 0 0
2 14 58 1 195 0 1 197 0
2 15 25 1 81 1 81 3 198 199 200 0
2 16 23 1 81 1 81 4 201 283 284 204 0
2 17 21 1 201 1 201 2 206 208 0
2 18 19 1 201 1 201 2 210 212 0
1 20 0 0 0 0
1 20 0 0 0 0
1 22 0 0 1 215 1 215
1 22 0 0 0 0
1 24 1 215 0 1 217 1 217
1 24 0 0 0 0
1 26 1 217 0 1 219 1 219
1 26 0 0 0 0
2 27 57 1 219 0 1 221 0
2 28 38 1 102 1 102 3 222 223 224 0
2 29 36 1 102 1 102 4 225 285 286 228 0
2 30 34 1 225 1 225 2 230 232 0
2 31 32 1 225 1 225 2 234 236 0
1 33 0 0 0 0
1 33 0 0 0 0
1 35 0 0 1 239 1 239
1 35 0 0 0 0
1 37 1 239 0 1 241 1 241
1 37 0 0 0 0
1 39 1 241 0 1 243 1 243
1 39 0 0 0 0
2 40 56 1 243 0 1 245 0
2 41 51 1 169 1 169 4 248 249 250 251 0
2 42 49 1 248 1 248 4 252 287 288 255 0
2 43 47 1 252 1 252 2 257 259 0
2 44 45 1 252 1 252 2 261 263 0
1 46 0 0 0 0
1 46 0 0 0 0
1 48 0 0 1 266 1 266
1 48 0 0 0 0
1 50 1 266 0 1 268 1 268
1 50 0 0 0 0
1 52 1 268 0 1 270 1 270
1 52 0 0 0 0
1 53 1 270 0 1 272 0
2 54 55 1 272 1 272 0 0
0 0 0 0 0
0 0 0 0 0
0 0 0 0 0
0 0 0 0 0
0 0 0 0 0
0 0 0 0 0
40 15
2 1 2 1 1 1 1 1 4 0
1 6 0 0 0 0
2 3 4 2 0 1 2 0 1 3 6 7 8 0
1 5 0 0 0 0
1 5 0 0 0 0
1 6 0 0 1 11 1 11
2 7 8 1 11 0 1 12 0
0 0 0 0 0
2 9 14 3 0 1 2 3 0 1 2 13 14 15 16 18 19 20 21 22 23 24 28 29 30 0
2 10 11 1 24 1 24 3 31 32 33 0
1 12 0 0 0 0
1 13 0 0 0 0
0 0 0 0 0
0 0 0 0 0
0 0 0 0 0
40 15
2 1 2 1 1 1 1 1 4 0
1 6 0 0 0 0
2 3 4 2 0 1 2 0 1 3 6 7 8 0
1 5 0 0 0 0
1 5 0 0 0 0
1 6 0 0 1 11 1 11
2 7 8 1 11 0 1 12 0
0 0 0 0 0
2 9 14 3 0 1 2 3 0 1 2 13 14 15 16 18 19 20 21 22 23 24 28 29 30 0
2 10 11 1 24 1 24 3 31 32 33 0
1 12 0 0 0 0
1 13 0 0 0 0
0 0 0 0 0
0 0 0 0 0
0 0 0 0 0
126 31
2 1 30 0 0 70 0 1 2 3 5 6 7 8 9 11 12 13 14 15 16 17 18 19 20 21 22 23 24 26 27 28 29 30 31 32 33 34 35 36 37 38 39 40 41 42 43 44 45 46 47 48 49 50 51 52 53 54 55 56 57 58 59 60 61 63 64 65 66 67 68 69 70 71 73 75 0
2 2 12 1 61 1 61 3 76 77 78 0
2 3 10 1 61 1 61 4 79 80 81 83 0
2 4 8 1 79 1 79 1 86 0
2 5 6 1 79 1 79 1 89 0
1 7 0 0 0 0
1 7 0 0 0 0
1 9 0 0 1 92 1 92
1 9 0 0 0 0
1 11 1 92 0 1 94 1 94
1 11 0 0 0 0
1 13 1 94 0 1 96 1 96
1 13 0 0 0 0
2 14 29 1 96 0 1 98 0
2 15 25 1 71 1 71 3 99 100 101 0
2 16 23 1 71 1 71 4 102 103 104 106 0
2 17 21 1 102 1 102 1 109 0
2 18 19 1 102 1 102 1 112 0
1 20 0 0 0 0
1 20 0 0 0 0
1 22 0 0 1 115 1 115
1 22 0 0 0 0
1 24 1 115 0 1 117 1 117
1 24 0 0 0 0
1 26 1 117 0 1 119 1 119
1 26 0 0 0 0
2 27 28 1 119 0 1 121 0
0 0 0 0 0
0 0 0 0 0
0 0 0 0 0
0 0 0 0 0
32 11
2 1 2 1 1 1 1 1 4 0
1 6 0 0 0 0
2 3 4 2 0 1 2 0 1 3 6 7 8 0
1 5 0 0 0 0
1 5 0 0 0 0
1 6 0 0 1 11 1 11
2 7 8 1 11 0 1 12 0
0 0 0 0 0
2 9 10 2 0 1 2 0 1 13 14 15 16 18 19 20 21 22 23 24 25 26 27 0
0 2 24 2 2 24 2 3 28 29 30 0
0 0 0 0 0
129 35
1 1 0 0 59 1 2 3 4 5 7 8 9 10 11 12 13 14 15 16 17 18 19 20 21 22 23 24 25 26 27 28 29 31 32 33 34 35 36 39 40 41 42 43 44 45 46 47 48 49 50 51 52 53 54 55 56 57 58 59 128 61 62 63 0
2 2 12 1 62 1 62 3 69 70 71 0
2 3 10 1 62 1 62 4 72 73 74 76 0
2 4 8 1 72 1 72 1 79 0
2 5 6 1 72 1 72 1 82 0
1 7 0 0 0 0
1 7 0 0 0 0
1 9 0 0 1 85 1 85
1 9 0 0 0 0
1 11 1 85 0 1 87 1 87
1 11 0 0 0 0
1 13 1 87 0 1 89 1 89
1 13 0 0 0 0
1 14 1 89 0 1 91 0
2 15 34 1 91 1 91 0 0
2 16 26 1 36 1 36 3 94 95 96 0
2 17 24 1 36 1 36 4 97 98 99 101 0
2 18 22 1 97 1 97 1 104 0
2 19 20 1 97 1 97 1 107 0
1 21 0 0 0 0
1 21 0 0 0 0
1 23 0 0 1 110 1 110
1 23 0 0 0 0
1 25 1 110 0 1 112 1 112
1 25 0 0 0 0
1 27 1 112 0 1 114 1 114
1 27 0 0 0 0
2 28 33 1 114 0 1 116 0
2 29 32 3 29 10 20 3 29 10 20 3 117 118 119 0
2 30 31 3 29 10 20 3 29 10 20 3 120 121 122 0
0 0 0 0 0
0 0 0 0 0
0 0 0 0 0
0 0 0 0 0
0 0 0 0 0
312 97
2 1 5 0 0 77 0 4 8 9 10 11 12 14 15 16 17 18 19 20 21 22 23 24 25 26 27 28 29 30 31 32 36 37 38 39 40 41 42 43 44 45 46 47 48 49 50 51 52 53 54 58 59 60 61 62 63 64 65 66 67 68 69 70 71 72 73 74 75 76 78 79 80 81 82 83 84 85 86 87 88 89 90 0
2 2 3 1 87 1 87 3 91 92 97 0
1 4 0 0 0 0
1 4 0 0 0 0
1 6 0 0 1 100 1 100
1 6 0 0 0 0
2 7 96 1 100 0 1 102 0
2 8 12 0 0 14 104 105 106 107 108 109 110 111 112 113 114 115 116 117 0
2 9 10 1 114 1 114 3 118 119 124 0
1 11 1 114 1 114 3 120 121 127 1 127
1 11 0 0 0 0
1 13 1 127 0 1 129 1 129
1 13 0 0 0 0
2 14 95 1 129 0 1 131 0
2 15 16 0 0 15 134 135 136 137 138 139 140 141 142 143 144 145 146 147 148 0
1 17 0 0 0 0
1 94 0 0 0 0
2 18 19 0 0 13 152 153 154 155 156 157 158 159 160 161 162 163 164 0
1 20 0 0 0 0
1 93 0 0 0 0
2 21 22 1 4 1 4 8 168 169 170 171 172 173 174 175 0
2 23 92 1 172 1 172 3 176 177 179 0
1 92 0 0 0 0
2 24 48 1 32 1 32 3 182 183 184 0
2 25 46 1 32 1 32 4 185 186 187 190 0
2 26 27 1 32 1 32 3 191 192 193 0
1 28 0 0 0 0
1 44 0 0 0 0
2 29 39 1 187 1 187 3 197 198 199 0
2 30 37 1 187 1 187 4 200 201 202 204 0
2 31 35 1 200 1 200 1 207 0
2 32 33 1 200 1 200 1 210 0
1 34 0 0 0 0
1 34 0 0 0 0
1 36 0 0 1 213 1 213
1 36 0 0 0 0
1 38 1 213 0 1 215 1 215
1 38 0 0 0 0
1 40 1 215 0 1 217 1 217
1 40 0 0 0 0
2 41 42 1 217 0 1 219 0
1 43 0 0 0 0
1 43 0 0 0 0
1 45 0 0 1 222 1 222
1 45 0 0 0 0
1 47 1 222 0 1 224 1 224
1 47 0 0 0 0
1 49 1 224 0 1 226 1 226
1 49 0 0 0 0
2 50 91 1 226 0 1 228 0
2 51 67 1 54 1 54 3 229 230 231 0
2 52 67 1 54 1 54 4 234 235 236 237 0
2 53 65 2 54 234 2 54 234 7 232 233 238 239 240 241 244 0
2 54 63 1 239 1 239 1 246 0
2 55 61 1 241 1 241 1 248 0
2 56 57 1 54 1 54 3 249 250 251 0
1 58 0 0 0 0
1 59 0 0 0 0
1 60 0 0 0 0
1 60 0 0 0 0
1 62 0 0 1 257 1 257
1 62 0 0 0 0
1 64 1 257 0 1 259 1 259
1 64 0 0 0 0
1 66 1 259 0 1 261 1 261
1 66 0 0 0 0
1 68 1 261 0 1 263 1 263
1 68 0 0 0 0
2 69 90 1 263 0 1 265 0
2 70 86 1 76 1 76 3 266 267 268 0
2 71 86 1 76 1 76 4 271 272 273 274 0
2 72 84 2 76 271 2 76 271 7 269 270 275 276 277 278 281 0
2 73 82 1 276 1 276 1 283 0
2 74 80 1 278 1 278 1 285 0
2 75 76 1 76 1 76 3 286 287 288 0
1 77 0 0 0 0
1 78 0 0 0 0
1 79 0 0 0 0
1 79 0 0 0 0
1 81 0 0 1 294 1 294
1 81 0 0 0 0
1 83 1 294 0 1 296 1 296
1 83 0 0 0 0
1 85 1 296 0 1 298 1 298
1 85 0 0 0 0
1 87 1 298 0 1 300 1 300
1 87 0 0 0 0
2 88 89 1 300 0 1 302 0
0 0 0 0 0
0 0 0 0 0
0 0 0 0 0
0 0 0 0 0
0 0 0 0 0
0 0 0 0 0
0 0 0 0 0
0 0 0 0 0
0 0 0 0 0
43 15
2 1 2 1 1 1 1 1 5 0
1 6 0 0 0 0
2 3 4 2 0 1 2 0 1 3 7 8 9 0
1 5 0 0 0 0
1 5 0 0 0 0
1 6 0 0 1 12 1 12
2 7 8 1 12 0 1 13 0
0 0 0 0 0
2 9 14 3 0 1 3 3 0 1 3 14 15 16 17 19 20 21 22 23 24 25 27 28 29 30 0
2 10 11 1 25 1 25 4 31 32 33 34 0
2 12 13 2 31 2 2 31 2 3 35 36 37 0
1 13 0 0 0 0
0 0 0 0 0
0 0 0 0 0
0 0 0 0 0
151 45
2 1 44 0 0 65 1 2 3 4 5 6 7 9 10 11 12 13 14 15 16 17 18 19 20 21 22 23 24 25 26 27 28 29 30 31 32 33 34 35 36 37 38 39 40 41 42 43 45 46 47 48 49 50 51 53 54 55 56 57 58 59 60 61 62 63 64 65 66 68 70 0
2 2 12 1 43 1 43 3 71 72 73 0
2 3 10 1 43 1 43 4 74 75 76 78 0
2 4 8 1 74 1 74 2 81 82 0
2 5 6 1 74 1 74 2 85 86 0
1 7 0 0 0 0
1 7 0 0 0 0
1 9 0 0 1 89 1 89
1 9 0 0 0 0
1 11 1 89 0 1 91 1 91
1 11 0 0 0 0
1 13 1 91 0 1 93 1 93
1 13 0 0 0 0
2 14 43 1 93 0 1 95 0
2 15 25 1 51 1 51 3 96 97 98 0
2 16 23 1 51 1 51 4 99 100 101 103 0
2 17 21 1 99 1 99 2 106 107 0
2 18 19 1 99 1 99 2 110 111 0
1 20 0 0 0 0
1 20 0 0 0 0
1 22 0 0 1 114 1 114
1 22 0 0 0 0
1 24 1 114 0 1 116 1 116
1 24 0 0 0 0
1 26 1 116 0 1 118 1 118
1 26 0 0 0 0
2 27 42 1 118 0 1 120 0
2 28 38 1 66 1 66 3 121 122 123 0
2 29 36 1 66 1 66 4 124 125 126 128 0
2 30 34 1 124 1 124 2 131 132 0
2 31 32 1 124 1 124 2 135 136 0
1 33 0 0 0 0
1 33 0 0 0 0
1 35 0 0 1 139 1 139
1 35 0 0 0 0
1 37 1 139 0 1 141 1 141
1 37 0 0 0 0
1 39 1 141 0 1 143 1 143
1 39 0 0 0 0
2 40 41 1 143 0 1 145 0
0 0 0 0 0
0 0 0 0 0
0 0 0 0 0
0 0 0 0 0
0 0 0 0 0
38 13
2 1 2 1 1 1 1 1 5 0
1 6 0 0 0 0
2 3 4 2 0 1 2 0 1 3 7 8 9 0
1 5 0 0 0 0
1 5 0 0 0 0
1 6 0 0 1 12 1 12
2 7 8 1 12 0 1 13 0
0 0 0 0 0
2 9 12 3 0 1 2 3 0 1 2 15 15 16 17 19 20 21 22 23 24 25 28 29 30 31 32 0
2 10 11 2 31 3 2 31 3 2 33 34 0
0 0 0 0 0
0 0 0 0 0
0 0 0 0 0
145 47
2 1 46 0 0 55 1 2 4 5 6 7 8 9 10 11 12 13 14 15 16 17 18 19 20 21 22 23 24 25 26 27 28 29 30 31 32 33 35 36 37 38 39 40 41 43 44 45 46 47 48 49 50 51 52 53 54 55 56 58 60 0
2 2 45 1 33 1 33 3 61 62 63 0
2 3 13 1 33 1 33 3 64 65 66 0
2 4 11 1 33 1 33 4 67 68 69 71 0
2 5 9 1 67 1 67 2 74 75 0
2 6 7 1 67 1 67 2 78 79 0
1 8 0 0 0 0
1 8 0 0 0 0
1 10 0 0 1 82 1 82
1 10 0 0 0 0
1 12 1 82 0 1 84 1 84
1 12 0 0 0 0
1 14 1 84 0 1 86 1 86
1 14 0 0 0 0
2 15 44 1 86 0 1 88 0
2 16 26 1 41 1 41 3 89 90 91 0
2 17 24 1 41 1 41 4 92 93 94 96 0
2 18 22 1 92 1 92 2 99 100 0
2 19 20 1 92 1 92 2 103 104 0
1 21 0 0 0 0
1 21 0 0 0 0
1 23 0 0 1 107 1 107
1 23 0 0 0 0
1 25 1 107 0 1 109 1 109
1 25 0 0 0 0
1 27 1 109 0 1 111 1 111
1 27 0 0 0 0
2 28 43 1 111 0 1 113 0
2 29 39 1 56 1 56 3 114 115 116 0
2 30 37 1 56 1 56 4 117 118 119 121 0
2 31 35 1 117 1 117 2 124 125 0
2 32 33 1 117 1 117 2 128 129 0
1 34 0 0 0 0
1 34 0 0 0 0
1 36 0 0 1 132 1 132
1 36 0 0 0 0
1 38 1 132 0 1 134 1 134
1 38 0 0 0 0
1 40 1 134 0 1 136 1 136
1 40 0 0 0 0
2 41 42 1 136 0 1 138 0
0 0 0 0 0
0 0 0 0 0
0 0 0 0 0
0 0 0 0 0
0 0 0 0 0
0 0 0 0 0
286 25
2 1 24 0 0 211 2 3 4 5 6 7 8 9 10 11 12 13 14 15 16 17 18 19 20 21 22 23 24 25 26 27 28 31 32 33 34 35 36 37 38 39 40 41 42 43 44 45 46 47 48 49 50 51 52 53 54 55 56 57 59 60 61 62 63 64 65 66 67 68 69 70 71 72 73 74 75 76 77 78 79 80 81 82 83 84 85 86 87 88 89 90 91 92 93 94 95 96 97 98 99 100 101 102 103 104 105 106 107 108 109 110 111 112 113 114 115 251 252 253 254 117 118 119 120 121 122 123 124 125 126 127 128 129 130 131 255 256 257 258 133 134 135 136 137 138 139 140 141 142 143 144 145 146 147 259 260 261 262 150 151 152 153 155 156 157 158 159 160 161 162 163 164 165 166 167 168 169 170 172 173 174 175 176 177 178 179 180 181 182 183 184 185 186 187 188 189 190 191 192 193 194 263 264 265 266 197 198 199 200 201 202 203 204 285 268 208 0
2 2 23 1 268 1 268 2 272 210 0
2 3 4 1 153 1 153 10 211 212 216 217 218 219 220 223 224 225 0
1 5 0 0 0 0
1 22 0 0 0 0
2 6 21 1 170 1 170 2 229 231 0
2 7 20 1 194 1 194 2 232 234 0
2 8 19 1 204 1 204 2 235 237 0
2 9 18 1 204 1 204 2 238 239 0
1 10 0 0 0 0
2 11 12 1 170 1 170 3 273 274 275 0
1 15 0 0 0 0
2 13 14 1 170 1 170 4 277 278 279 280 0
1 15 1 277 1 277 3 281 282 283 1 283
1 15 0 0 0 0
2 16 17 1 283 0 1 241 0
0 0 0 0 0
0 0 0 0 0
0 0 0 0 0
0 0 0 0 0
0 0 0 0 0
0 0 0 0 0
0 0 0 0 0
0 0 0 0 0
0 0 0 0 0
52 52
2 1 2 0 0 1 0 0
1 3 0 0 0 0
0 0 0 0 0
2 4 5 0 0 1 3 0
1 6 0 0 0 0
0 0 0 0 0
2 7 8 0 0 1 6 0
1 9 0 0 0 0
0 0 0 0 0
2 10 11 0 0 1 9 0
1 12 0 0 0 0
0 0 0 0 0
2 13 14 0 0 1 12 0
1 15 0 0 0 0
0 0 0 0 0
2 16 17 0 0 1 15 0
1 18 0 0 0 0
0 0 0 0 0
2 19 20 0 0 1 18 0
1 21 0 0 0 0
0 0 0 0 0
2 22 23 0 0 1 21 0
1 24 0 0 0 0
0 0 0 0 0
2 25 26 0 0 1 24 0
1 27 0 0 0 0
0 0 0 0 0
2 28 29 0 0 1 27 0
1 30 0 0 0 0
0 0 0 0 0
2 31 32 0 0 1 30 0
1 33 0 0 0 0
0 0 0 0 0
2 34 35 0 0 1 33 0
1 36 0 0 0 0
0 0 0 0 0
2 37 38 0 0 1 36 0
1 39 0 0 0 0
0 0 0 0 0
2 40 41 0 0 1 39 0
1 42 0 0 0 0
0 0 0 0 0
2 43 44 0 0 1 42 0
1 45 0 0 0 0
0 0 0 0 0
2 46 47 0 0 1 45 0
1 48 0 0 0 0
0 0 0 0 0
2 49 50 0 0 1 48 0
1 51 0 0 0 0
0 0 0 0 0
0 0 0 0 0
3 1
0 1 0 1 0 1 2 0
3 1
0 2 0 1 2 0 1 1 2 0
14 4
2 1 3 1 0 1 0 1 11 0
1 2 0 0 0 0
2 2 3 2 12 0 1 0 4 8 5 12 13 1 12
0 1 12 0 1 9 0
77 22
2 1 2 1 1 1 1 1 5 0
0 0 0 1 6 0
1 3 2 1 3 2 1 3 2 8 9 1 9
2 4 19 5 67 9 65 63 1 1 1 4 68 66 64 18 0
2 5 9 2 68 0 2 68 0 11 19 21 22 23 24 25 26 27 28 29 30 0
2 6 7 2 27 2 2 27 2 3 31 32 61 0
0 1 68 1 68 1 35 0
1 8 3 68 8 66 3 68 8 66 3 37 38 40 0
1 18 0 0 0 3 38 40 64
2 10 14 1 29 1 29 1 41 0
2 11 12 1 64 1 64 1 43 0
1 13 0 0 0 1 64
1 13 0 0 0 1 68
0 2 64 68 0 2 44 46 0
2 15 16 1 64 1 64 1 48 0
1 17 0 0 0 1 68
1 17 0 0 0 1 64
1 18 4 64 68 8 66 3 68 8 66 4 62 52 53 55 3 53 55 62
1 3 6 53 38 55 40 62 64 0 3 67 65 63 3 67 65 63
2 20 21 1 64 1 64 1 57 0
0 1 64 1 64 1 59 0
0 0 0 1 60 0
33 12
2 1 2 1 0 1 0 1 3 0
1 3 0 0 0 0
1 3 0 0 0 1 0
1 4 1 0 0 1 5 0
2 5 7 1 5 1 5 1 30 0
1 6 0 0 0 0
2 6 7 2 29 5 1 5 4 27 26 29 31 1 29
1 8 1 29 0 1 32 0
2 9 10 1 32 1 32 1 8 0
2 11 10 1 32 1 32 1 9 0
1 11 0 0 1 10 0
0 2 32 1 2 32 1 9 11 12 13 14 15 16 19 20 21 0
2 1
0 1 0 1 0 0 0
3 1
0 1 0 1 0 2 1 2 0
5 1
0 1 0 1 0 4 1 2 3 4 0
5 1
0 1 0 1 0 4 1 2 3 4 0
3 1
0 1 0 1 0 2 1 2 0
5 1
0 1 0 1 0 3 1 2 4 0
5 3
2 1 2 1 0 1 0 2 2 3 0
0 1 0 1 0 1 4 0
0 1 1 1 1 0 0
41 5
2 1 4 2 0 1 2 0 1 8 39 32 33 34 36 7 8 9 0
2 2 3 2 7 0 2 7 0 14 10 40 12 13 15 16 17 18 19 20 21 22 23 24 0
0 1 21 1 21 3 25 26 28 0
0 0 0 1 29 0
0 0 0 1 30 0
2 1
0 2 0 1 2 0 1 0 0
67 14
2 1 2 1 0 1 0 7 66 4 8 9 11 12 15 0
0 1 2 1 2 0 0
1 3 2 1 12 2 1 12 3 17 20 21 0
1 4 0 0 0 1 21
2 5 9 4 55 21 52 9 1 9 7 56 53 29 30 31 32 33 0
2 6 7 2 30 1 2 30 1 3 34 35 38 0
0 1 30 1 30 2 36 37 0
1 8 3 56 20 53 3 56 20 53 3 40 41 43 0
1 12 0 0 0 2 41 43
2 10 11 1 32 1 32 1 44 0
0 1 2 1 2 0 0
1 12 3 56 20 53 3 56 20 53 3 46 47 49 2 47 49
2 4 13 5 47 41 49 43 12 1 12 3 55 52 65 2 55 52
0 1 2 1 2 0 0
3 1
0 1 1 1 1 1 2 0
4 1
0 2 1 0 2 1 0 2 2 3 0
50 6
2 1 5 2 0 1 2 0 1 8 48 38 39 40 42 8 9 10 0
2 2 3 2 8 0 2 8 0 14 11 49 13 14 16 17 18 19 20 21 22 24 25 26 0
1 4 1 22 1 22 6 27 28 29 30 43 44 1 30
1 4 0 0 4 32 33 34 45 1 34
0 3 34 30 2 1 2 1 36 0
0 2 0 2 2 0 2 0 0
6 3
2 1 2 1 0 1 0 3 1 2 3 0
0 0 0 0 0
0 0 0 0 0
18 3
2 1 2 2 0 1 2 0 1 8 17 3 13 14 16 6 7 8 0
0 0 0 0 0
0 0 0 0 0
2 1
0 2 0 1 2 0 1 0 0
102 21
2 1 2 1 0 1 0 5 97 76 77 78 4 0
1 3 0 0 0 0
1 3 1 78 1 78 1 7 1 7
2 4 5 1 7 0 2 8 10 0
2 6 5 1 8 1 8 1 11 0
1 6 0 0 1 12 0
2 7 19 1 8 1 8 8 13 14 15 16 98 18 26 29 0
2 8 18 3 0 16 78 3 0 16 78 7 99 31 32 33 100 36 89 0
1 9 0 0 0 0
2 10 16 3 88 80 33 1 33 7 83 81 39 40 42 43 44 0
1 11 2 40 26 2 40 26 4 45 46 48 49 1 49
2 12 13 3 61 49 36 1 36 6 79 51 52 53 54 55 0
1 15 0 0 0 0
1 14 0 0 0 0
1 11 2 79 26 2 79 26 2 60 61 1 61
1 17 2 52 40 2 52 40 0 1 79
1 17 0 0 0 1 81
2 9 18 4 81 79 83 78 2 83 78 4 80 67 88 90 2 88 80
1 20 0 0 0 0
1 20 0 0 0 0
0 2 0 16 2 0 16 2 101 74 0
18 1
0 1 0 1 0 13 1 2 3 4 5 7 9 14 15 16 17 12 13 0
190 26
2 1 2 1 0 1 0 5 178 4 5 6 15 0
1 3 0 0 0 0
2 3 4 2 0 6 2 0 6 8 8 9 10 11 12 18 20 21 0
1 5 1 0 1 0 1 23 0
1 5 0 0 0 0
1 6 2 0 1 2 0 1 9 179 27 28 29 33 34 37 40 42 1 42
1 7 3 156 42 154 0 2 157 155 0
2 8 11 2 157 29 2 157 29 5 48 49 50 51 52 0
2 9 10 1 155 1 155 1 54 0
0 4 49 1 2 0 4 49 1 2 0 6 165 166 180 68 70 181 0
0 5 155 29 1 2 0 5 155 29 1 2 0 12 73 74 168 169 182 86 88 183 184 92 94 185 0
2 12 16 1 51 1 51 1 97 0
2 13 14 1 155 1 155 1 99 0
1 15 0 0 0 1 157
1 15 0 0 0 1 155
1 20 3 155 157 40 2 157 40 3 153 103 104 2 104 153
2 17 18 2 49 1 2 49 1 3 105 106 107 0
0 3 49 1 2 3 49 1 2 2 172 173 0
1 19 2 157 40 2 157 40 2 121 122 0
1 20 0 0 0 2 122 155
2 21 24 5 122 104 155 153 42 1 42 3 156 154 123 0
2 22 23 1 154 1 154 1 125 0
0 0 0 0 0
0 5 154 29 1 2 0 5 154 29 1 2 0 12 127 128 174 175 186 140 142 187 188 146 148 189 0
1 25 0 0 0 0
1 6 0 0 0 2 156 154
3 1
0 3 0 1 2 3 0 1 2 0 0
7 3
2 1 2 2 0 1 2 0 1 1 3 0
0 0 0 0 0
0 3 0 1 2 3 0 1 2 1 5 0
50 3
2 1 2 2 0 1 2 0 1 8 44 3 36 37 39 6 7 8 0
0 2 6 0 2 6 0 19 9 45 11 12 14 15 16 17 18 19 21 46 24 26 47 48 30 32 49 0
0 0 0 0 0
95 14
2 1 2 1 0 1 0 7 85 3 4 5 90 11 14 0
0 0 0 0 0
1 3 2 1 11 2 1 11 3 16 19 20 0
1 4 0 0 0 1 20
2 5 9 4 74 20 71 5 1 5 7 75 72 28 29 30 31 32 0
2 6 7 2 29 1 2 29 1 3 33 34 35 0
0 3 3 28 0 3 3 28 0 11 41 42 45 91 48 50 92 93 54 56 94 0
1 8 3 75 19 72 3 75 19 72 3 59 60 62 0
1 12 0 0 0 2 60 62
2 10 11 1 31 1 31 1 63 0
0 0 0 0 0
1 12 3 75 19 72 3 75 19 72 3 65 66 68 2 66 68
2 4 13 5 66 60 68 62 11 1 11 3 74 71 84 2 74 71
0 0 0 0 0
4 3
2 1 2 1 0 1 0 1 1 0
0 0 0 0 0
0 0 0 0 0
12 3
2 1 2 2 0 1 2 0 1 3 3 4 5 0
0 1 3 1 3 2 6 8 0
0 3 0 1 2 3 0 1 2 2 9 11 0
5 3
2 1 2 1 0 1 0 2 1 2 0
0 0 0 0 0
0 0 0 0 0
6 3
2 1 2 1 0 1 0 2 2 3 0
0 1 0 1 0 1 4 0
0 1 0 1 0 1 5 0
38 5
2 1 2 2 1 0 2 1 0 9 37 5 6 8 9 10 11 12 13 0
0 5 11 2 6 1 37 5 11 2 6 1 37 6 14 16 17 18 19 20 0
2 3 4 1 12 1 12 1 21 0
0 5 11 2 6 1 37 5 11 2 6 1 37 6 22 24 25 26 27 28 0
0 4 2 6 1 37 4 2 6 1 37 5 31 32 33 34 35 0
3 1
0 3 0 1 2 3 0 1 2 0 0
3 1
0 1 0 1 0 2 1 2 0
22 5
2 1 4 1 0 1 0 2 2 3 0
2 2 3 1 0 1 0 15 4 5 6 7 8 10 11 12 13 14 15 16 17 18 19 0
0 1 16 1 16 2 20 21 0
0 1 1 1 1 0 0
0 1 1 1 1 0 0
23 3
2 1 2 1 0 1 0 2 2 3 0
0 2 0 1 2 0 1 17 4 5 6 7 8 10 11 12 13 14 15 16 17 18 19 20 21 0
0 0 0 0 0
51 16
2 1 2 1 1 1 1 1 3 0
1 3 0 0 0 0
1 3 0 0 0 1 1
1 4 2 1 0 1 0 5 5 49 36 37 38 1 5
2 5 9 3 41 5 39 0 3 42 40 11 0
2 6 7 2 42 38 2 42 38 1 12 0
1 8 0 0 0 0
1 8 0 0 0 0
1 10 0 0 1 15 1 15
1 10 0 0 0 0
2 11 15 1 15 0 1 17 0
2 12 13 2 0 42 2 0 42 12 50 19 20 22 23 24 25 26 27 29 30 31 0
1 14 0 0 0 1 42
1 14 1 42 1 42 1 34 2 34 40
1 4 3 34 42 40 0 2 41 39 2 41 39
0 1 42 1 42 0 0
39 11
2 1 5 1 1 1 1 1 4 0
2 2 3 2 0 1 2 0 1 5 35 36 37 38 6 0
1 4 0 0 0 0
1 4 0 0 0 0
1 6 0 0 1 9 1 9
1 6 0 0 0 0
2 7 10 1 9 0 1 11 0
2 8 9 2 0 1 2 0 1 13 12 13 14 16 17 18 19 20 21 22 23 24 25 0
0 2 22 2 2 22 2 7 26 27 28 29 30 31 32 0
0 1 2 1 2 1 33 0
0 1 2 1 2 1 34 0
7 3
2 1 2 1 0 1 0 3 2 3 4 0
0 1 0 1 0 2 5 6 0
0 1 1 1 1 0 0
22 3
2 1 2 1 0 1 0 3 2 3 4 0
0 0 0 0 0
0 2 0 1 2 0 1 14 6 7 8 9 11 12 13 15 16 17 18 19 20 21 0
26 5
2 1 2 1 0 1 0 3 2 3 4 0
0 1 1 1 1 5 5 6 7 8 9 0
2 3 4 1 0 1 0 3 12 13 15 0
0 1 1 1 1 5 16 17 18 19 20 0
0 3 0 13 1 3 0 13 1 6 10 11 22 23 24 25 0
131 22
2 1 4 1 1 1 1 3 3 4 5 0
1 2 0 0 0 0
1 3 0 0 0 0
0 2 0 2 2 0 2 9 11 12 13 14 15 25 27 28 29 0
2 5 6 1 1 1 1 7 30 31 32 33 129 35 36 0
0 5 33 35 31 0 2 5 33 35 31 0 2 9 37 41 42 43 44 46 47 48 49 0
2 7 8 1 33 1 33 1 51 0
1 9 0 0 0 0
1 9 1 33 1 33 1 54 1 54
2 10 11 1 54 0 2 55 57 0
2 12 11 1 55 1 55 1 58 0
1 12 0 0 1 59 0
2 13 21 2 55 33 2 55 33 7 60 61 62 63 64 65 105 0
1 14 1 31 1 31 4 130 73 75 76 0
1 15 0 0 0 0
2 16 19 2 33 55 2 33 55 1 108 0
2 17 19 2 33 73 2 33 73 1 107 0
1 18 0 0 0 0
2 18 21 4 123 76 61 33 3 76 61 33 6 112 116 117 121 123 125 1 123
1 20 0 0 0 0
2 20 21 6 88 73 76 55 61 33 5 73 76 55 61 33 9 102 70 74 77 78 83 86 88 106 1 88
0 4 33 63 0 2 4 33 63 0 2 11 89 91 92 93 94 95 96 98 99 100 101 0
11 3
1 1 0 0 0 0
1 2 0 0 0 0
0 1 0 1 0 5 6 7 8 9 10 0
1 1
0 0 0 0 0
1 1
0 0 0 0 0
1 1
0 0 0 0 0
3 3
2 1 2 2 0 1 2 0 1 1 2 0
0 1 0 1 0 0 0
0 1 1 1 1 0 0
3 3
2 1 2 2 0 1 2 0 1 1 2 0
0 1 0 1 0 0 0
0 1 1 1 1 0 0
4 1
0 1 0 1 0 1 2 0
4 1
0 1 0 1 0 1 2 0
7 1
0 1 0 1 0 2 5 3 0
3 1
0 1 0 1 0 2 1 2 0
13 3
1 1 0 0 0 0
1 2 0 0 0 0
0 0 0 8 5 6 7 8 9 10 11 12 0
4 1
0 1 0 1 0 3 1 2 3 0
6 1
0 1 0 1 0 4 4 5 2 3 0
21 9
2 1 5 2 0 1 2 0 1 3 19 20 5 0
2 2 3 2 20 1 2 20 1 3 6 7 8 0
1 4 0 0 0 0
1 4 0 0 0 0
1 6 0 0 1 11 1 11
1 6 0 0 0 0
2 7 8 1 11 0 1 13 0
0 2 20 1 2 20 1 4 14 15 16 17 0
0 0 0 0 0
9 1
0 2 0 1 2 0 1 6 7 8 3 4 5 6 0
29 3
2 1 2 2 2 3 2 2 3 1 4 0
0 0 0 0 0
1 0 4 2 1 0 3 4 2 1 0 3 20 6 8 9 10 11 12 13 14 15 17 18 19 20 21 22 24 0 1 2 3 0
23 4
2 1 2 2 0 1 2 0 1 5 21 22 4 5 7 0
2 3 2 1 1 1 1 1 8 0
1 3 0 0 1 9 0
0 3 1 5 22 3 1 5 22 8 10 11 12 13 14 15 17 20 0
28 10
1 1 0 0 0 1 1
2 2 6 2 24 1 0 2 25 4 0
2 3 4 2 25 0 2 25 0 10 6 7 9 10 11 12 13 14 15 17 0
1 5 0 0 0 0
1 5 0 0 0 0
1 7 0 0 1 20 1 20
1 7 0 0 0 0
2 8 9 1 20 0 1 22 0
1 1 1 25 1 25 1 24 1 24
0 1 25 1 25 0 0
24 8
2 1 2 2 0 1 2 0 1 2 3 6 0
0 1 2 1 2 0 0
2 3 4 2 0 3 2 0 3 3 7 8 9 0
0 2 2 0 2 2 0 1 10 0
2 5 6 1 3 1 3 1 11 0
2 7 6 1 3 1 3 1 12 0
1 7 0 0 1 13 0
0 3 3 0 2 3 3 0 2 8 14 15 16 17 18 19 22 23 0
23 3
2 1 2 1 1 1 1 1 3 0
0 0 0 0 0
0 2 1 0 2 1 0 7 15 21 19 9 10 12 13 0
70 16
2 1 2 2 0 1 2 0 1 9 66 35 32 33 67 40 37 38 6 0
1 3 0 0 0 1 33
1 3 0 0 0 1 38
1 4 2 33 38 0 1 7 0
2 5 9 3 30 55 7 1 7 3 57 56 13 0
2 6 7 1 56 1 56 1 14 0
1 8 0 0 0 0
1 8 0 0 0 0
1 10 0 0 1 17 1 17
1 10 0 0 0 0
2 11 15 1 17 0 1 19 0
2 12 13 3 0 57 1 3 0 57 1 14 68 47 42 43 44 45 69 54 49 50 51 52 24 25 0
1 14 0 0 0 0
1 14 0 0 0 1 56
1 4 2 56 57 1 57 2 55 30 2 30 55
0 1 56 1 56 0 0
56 5
2 1 2 1 1 1 1 1 4 0
0 2 0 2 2 0 2 3 5 6 7 0
2 3 4 2 1 0 2 1 0 13 39 45 43 54 51 48 49 14 15 17 19 21 22 0
0 2 0 2 2 0 2 3 55 24 25 0
0 6 0 15 17 43 39 2 6 0 15 17 43 39 2 10 26 28 29 31 32 33 34 35 36 37 0
66 7
2 1 2 1 1 1 1 1 4 0
0 2 0 2 2 0 2 3 5 6 7 0
2 3 4 2 1 0 2 1 0 8 40 63 46 43 44 51 49 14 0
0 2 0 2 2 0 2 3 64 16 17 0
2 5 6 3 46 40 49 3 46 40 49 5 54 55 56 57 22 0
0 2 0 2 2 0 2 3 65 24 25 0
0 6 0 44 49 57 40 2 6 0 44 49 57 40 2 10 26 29 30 31 33 34 35 36 37 38 0
161 40
2 1 2 2 0 1 2 0 1 11 150 113 151 115 7 8 9 10 11 12 14 0
0 2 0 2 2 0 2 3 152 16 17 0
2 3 4 1 8 1 8 1 19 0
0 2 1 2 2 1 2 3 153 21 22 0
1 5 4 11 8 113 115 4 11 8 113 115 5 25 154 35 155 40 1 25
2 6 10 3 54 120 25 0 3 122 121 27 0
2 7 8 2 122 11 2 122 11 1 28 0
1 9 0 0 0 0
1 9 0 0 0 0
1 11 0 0 1 31 1 31
1 11 0 0 0 0
2 12 16 1 31 0 1 33 0
2 13 14 3 35 122 40 3 35 122 40 7 36 37 41 42 45 48 49 0
1 15 0 0 0 0
1 15 0 0 0 1 121
1 5 2 121 122 1 122 2 120 54 2 54 120
2 17 39 1 121 1 121 0 0
2 18 19 2 8 11 2 8 11 1 55 0
1 20 0 0 0 1 12
1 20 0 0 0 1 9
2 21 22 3 12 9 55 1 55 1 56 0
1 23 0 0 0 1 9
1 23 0 0 0 1 12
2 24 25 3 9 12 56 1 56 2 59 61 0
2 26 25 1 56 1 56 1 62 0
1 26 0 0 1 63 0
2 27 29 4 56 113 115 59 4 56 113 115 59 13 64 65 66 67 156 69 157 72 158 75 159 78 131 0
1 28 0 0 0 0
2 28 29 5 128 72 75 78 59 4 72 75 78 59 10 119 85 86 87 88 89 144 91 128 132 1 128
2 30 34 2 128 55 1 55 1 133 0
2 31 33 2 133 56 2 133 56 1 148 0
1 32 0 0 0 1 133
2 32 33 5 133 99 75 78 56 3 75 78 56 6 118 96 97 145 99 149 1 99
1 38 0 0 0 0
1 35 0 0 0 1 133
2 36 37 3 106 133 56 1 56 2 116 100 0
1 35 3 72 116 78 3 72 116 78 4 103 104 146 106 1 106
1 38 0 0 0 0
0 2 2 67 2 2 67 1 108 0
0 2 0 2 2 0 2 3 160 110 111 0
140 32
1 1 2 0 1 2 0 1 13 134 88 89 90 7 8 10 11 13 135 27 136 32 0
2 2 6 2 44 92 0 3 94 93 19 0
2 3 4 2 94 13 2 94 13 1 20 0
1 5 0 0 0 0
1 5 0 0 0 0
1 7 0 0 1 23 1 23
1 7 0 0 0 0
2 8 12 1 23 0 1 25 0
2 9 10 3 27 94 32 3 27 94 32 6 28 29 33 34 38 39 0
1 11 0 0 0 0
1 11 0 0 0 1 93
1 1 2 93 94 1 94 2 92 44 2 44 92
2 13 31 1 93 1 93 0 0
2 14 15 1 8 1 8 1 45 0
2 16 15 1 8 1 8 1 46 0
1 16 0 0 1 47 0
2 17 30 1 8 1 8 7 48 49 50 51 52 53 101 0
1 18 2 88 90 2 88 90 4 137 59 138 65 0
1 19 0 0 0 0
2 20 25 1 8 1 8 1 103 0
1 21 0 0 0 0
2 22 23 3 124 59 11 2 59 11 4 106 107 108 110 0
1 24 2 65 106 2 65 106 2 111 112 1 112
1 24 0 0 0 0
2 21 30 5 112 108 49 106 8 4 108 49 106 8 6 114 117 118 122 124 126 1 124
1 26 0 0 0 0
2 27 28 3 83 59 11 2 59 11 4 91 60 61 63 0
1 29 2 65 91 2 65 91 2 66 67 1 67
1 29 0 0 0 0
2 26 30 5 67 61 91 8 49 4 61 91 8 49 8 69 72 73 74 78 81 83 102 1 83
0 3 51 8 2 3 51 8 2 0 0
0 2 0 2 2 0 2 3 139 85 86 0
41 13
1 1 2 0 1 2 0 1 9 26 27 24 25 31 32 29 30 4 0
2 2 6 2 35 33 0 2 36 34 0
2 3 4 2 36 4 2 36 4 1 10 0
1 5 0 0 0 0
1 5 0 0 0 0
1 7 0 0 1 13 1 13
1 7 0 0 0 0
2 8 12 1 13 0 1 15 0
2 9 10 3 0 36 1 3 0 36 1 3 16 17 18 0
1 11 1 36 1 36 1 20 2 20 34
1 11 0 0 0 1 36
1 1 3 36 20 34 0 2 35 33 2 35 33
0 1 34 1 34 0 0
18 6
2 1 2 1 1 1 1 1 3 0
0 0 0 0 0
2 3 4 2 1 0 2 1 0 3 6 7 9 0
1 5 0 0 0 0
1 5 0 0 0 0
0 2 1 0 2 1 0 4 12 14 15 16 0
42 4
2 1 3 1 0 1 0 5 40 18 15 16 34 0
1 2 0 0 0 0
2 2 3 4 13 35 0 16 2 0 16 13 30 28 41 25 20 21 22 23 10 11 35 13 37 2 13 35
0 1 35 0 1 29 0
24 6
2 1 2 1 2 1 2 1 5 0
0 1 3 1 3 0 0
2 3 4 2 2 0 2 2 0 4 7 9 10 12 0
1 5 0 0 0 1 3
1 5 3 2 1 3 3 2 1 3 4 14 15 17 18 1 18
1 0 5 3 18 0 1 7 3 0 1 7 5 19 0 1 2 3 0
52 4
2 1 3 1 0 1 0 6 50 22 19 20 3 43 0
1 2 0 0 0 1 3
2 2 3 4 17 3 44 0 1 0 13 38 36 51 29 24 25 26 27 11 15 44 17 47 2 17 44
0 1 44 0 1 37 0
42 3
2 1 2 1 1 1 1 1 3 0
0 0 0 0 0
0 2 1 0 2 1 0 13 28 7 36 10 11 37 13 40 15 34 32 18 41 0
20 7
2 1 2 1 0 1 0 1 2 0
1 3 0 0 0 0
1 3 1 0 1 0 2 18 6 1 6
2 4 5 1 6 0 2 7 8 0
2 6 5 1 7 1 7 1 9 0
1 6 0 0 1 10 0
0 1 7 1 7 6 11 12 13 14 15 16 0
6 1
0 2 0 1 2 0 1 3 2 4 5 0
9 1
0 3 0 1 2 3 0 1 2 5 3 4 6 7 8 0
12 1
0 4 0 1 2 3 4 0 1 2 3 7 4 5 6 8 9 10 11 0
15 1
0 5 0 1 2 3 4 5 0 1 2 3 4 9 5 6 7 8 10 11 12 13 14 0
18 1
0 6 0 1 2 3 4 5 6 0 1 2 3 4 5 11 6 7 8 9 10 12 13 14 15 16 17 0
21 1
0 7 0 1 2 3 4 5 6 7 0 1 2 3 4 5 6 13 7 8 9 10 11 12 14 15 16 17 18 19 20 0
24 1
0 8 0 1 2 3 4 5 6 7 8 0 1 2 3 4 5 6 7 15 8 9 10 11 12 13 14 16 17 18 19 20 21 22 23 0
246 102
1 1 0 0 46 0 1 202 203 204 5 6 7 13 14 15 21 22 23 26 27 28 32 33 205 206 208 209 210 35 36 37 41 42 211 212 214 215 216 44 45 46 49 50 51 53 54 55 61 62 63 0
2 2 3 2 1 7 2 1 7 1 67 0
1 4 0 0 0 0
1 4 0 0 0 0
1 5 0 0 1 70 0
2 6 10 1 70 1 70 0 0
2 7 8 1 15 1 15 2 73 75 0
1 9 0 0 0 0
1 9 0 0 0 0
1 11 0 0 1 78 1 78
1 11 0 0 0 0
2 12 16 1 78 0 1 80 0
2 13 14 1 15 1 15 1 82 0
1 15 0 0 0 0
1 15 0 0 0 0
1 17 0 0 1 85 1 85
1 17 0 0 0 0
2 18 22 1 85 0 1 87 0
2 19 20 1 15 1 15 1 89 0
1 21 0 0 0 0
1 21 0 0 0 0
1 23 0 0 1 92 1 92
1 23 0 0 0 0
2 24 28 1 92 0 1 94 0
2 25 26 1 15 1 15 1 96 0
1 27 0 0 0 0
1 27 0 0 0 0
1 29 0 0 1 99 1 99
1 29 0 0 0 0
2 30 34 1 99 0 1 101 0
2 31 32 1 15 1 15 1 103 0
1 33 0 0 0 0
1 33 0 0 0 0
1 35 0 0 1 106 1 106
1 35 0 0 0 0
2 36 40 1 106 0 1 108 0
2 37 38 1 15 1 15 2 110 111 0
1 39 0 0 0 0
1 39 0 0 0 0
1 41 0 0 1 114 1 114
1 41 0 0 0 0
2 42 46 1 114 0 1 116 0
2 43 44 1 15 1 15 2 118 119 0
1 45 0 0 0 0
1 45 0 0 0 0
1 47 0 0 1 122 1 122
1 47 0 0 0 0
2 48 52 1 122 0 1 124 0
2 49 50 2 15 23 2 15 23 1 125 0
1 51 0 0 0 0
1 51 0 0 0 0
1 53 0 0 1 128 1 128
1 53 0 0 0 0
2 54 58 1 128 0 1 130 0
2 55 56 2 15 23 2 15 23 3 131 132 133 0
1 57 0 0 0 0
1 57 0 0 0 0
1 59 0 0 1 136 1 136
1 59 0 0 0 0
2 60 64 1 136 0 1 138 0
2 61 62 1 28 1 28 2 139 141 0
1 63 0 0 0 0
1 63 0 0 0 0
1 65 0 0 1 144 1 144
1 65 0 0 0 0
2 66 70 1 144 0 1 146 0
2 67 68 1 28 1 28 2 148 149 0
1 69 0 0 0 0
1 69 0 0 0 0
1 71 0 0 1 152 1 152
1 71 0 0 0 0
2 72 76 1 152 0 1 154 0
2 73 74 1 37 1 37 2 155 157 0
1 75 0 0 0 0
1 75 0 0 0 0
1 77 0 0 1 160 1 160
1 77 0 0 0 0
2 78 82 1 160 0 1 162 0
2 79 80 1 46 1 46 4 166 167 168 169 0
1 81 0 0 0 0
1 81 0 0 0 0
1 83 0 0 1 172 1 172
1 83 0 0 0 0
2 84 88 1 172 0 1 174 0
2 85 86 1 55 1 55 2 175 177 0
1 87 0 0 0 0
1 87 0 0 0 0
1 89 0 0 1 180 1 180
1 89 0 0 0 0
2 90 94 1 180 0 1 182 0
2 91 92 1 55 1 55 5 220 221 218 219 185 0
1 93 0 0 0 0
1 93 0 0 0 0
1 95 0 0 1 188 1 188
1 95 0 0 0 0
2 96 100 1 188 0 1 190 0
2 97 98 1 63 1 63 8 193 194 222 223 225 226 227 196 0
1 99 0 0 0 0
1 99 0 0 0 0
1 101 0 0 1 199 1 199
1 101 0 0 0 0
0 1 199 0 1 201 0
16 5
2 1 2 1 0 1 0 3 2 3 4 0
0 0 0 0 0
2 3 4 2 0 1 2 0 1 2 7 8 0
0 0 0 0 0
0 2 0 1 2 0 1 6 10 11 12 13 14 15 0
4 3
2 1 2 2 0 1 2 0 1 1 3 0
0 2 2 0 2 2 0 0 0
0 3 1 0 2 3 1 0 2 0 0
7 3
2 1 2 1 0 1 0 3 1 2 3 0
0 0 0 0 0
0 1 0 1 0 2 5 6 0
7 3
2 1 2 1 0 1 0 3 2 3 4 0
0 2 0 1 2 0 1 2 5 6 0
0 1 1 1 1 0 0
11 3
2 1 2 1 1 1 1 3 3 4 5 0
0 3 1 0 2 3 1 0 2 2 6 7 0
0 2 0 2 2 0 2 3 8 9 10 0
12 1
0 3 1 0 2 3 1 0 2 9 3 4 5 6 7 8 9 10 11 0
13 1
0 4 1 2 0 3 4 1 2 0 3 9 4 5 6 7 8 9 10 11 12 0
14 1
0 5 1 2 3 0 4 5 1 2 3 0 4 9 5 6 7 8 9 10 11 12 13 0
33 5
2 1 2 1 0 1 0 9 2 3 4 5 6 7 8 9 10 0
0 1 1 1 1 0 0
2 3 4 1 9 1 9 1 11 0
0 2 7 1 2 7 1 8 12 13 14 15 16 17 18 19 0
0 2 7 1 2 7 1 13 20 21 22 23 24 25 26 27 28 29 30 31 32 0
30 3
2 1 2 2 0 1 2 0 1 3 28 4 5 0
0 1 2 1 2 0 0
0 3 1 0 2 3 1 0 2 18 7 8 9 10 11 29 14 15 16 17 18 19 20 21 22 23 24 25 0
25 7
2 1 2 1 0 1 0 3 2 3 4 0
0 1 1 1 1 0 0
2 3 4 1 3 1 3 1 5 0
0 2 0 1 2 0 1 7 6 7 8 9 10 11 12 0
2 5 6 1 3 1 3 1 13 0
0 2 0 1 2 0 1 8 14 15 16 17 18 19 20 21 0
0 2 0 1 2 0 1 2 22 23 0
31 3
2 1 2 2 0 1 2 0 1 3 3 4 5 0
0 1 2 1 2 0 0
0 3 0 1 2 3 0 1 2 21 6 7 8 10 11 12 13 14 15 16 19 21 22 23 24 25 26 27 28 29 30 0
30 5
2 1 2 1 0 1 0 3 2 3 4 0
0 1 1 1 1 0 0
2 3 4 1 3 1 3 1 5 0
0 2 0 1 2 0 1 14 6 7 8 11 12 13 14 15 16 17 18 19 20 21 0
0 2 0 1 2 0 1 7 22 24 25 26 27 28 29 0
7 3
2 1 2 1 0 1 0 3 2 3 4 0
0 1 1 1 1 0 0
0 2 0 1 2 0 1 2 5 6 0
12 3
2 1 2 1 0 1 0 3 2 3 4 0
0 1 1 1 1 0 0
0 2 0 1 2 0 1 7 5 6 7 8 9 10 11 0
35 5
2 1 2 1 0 1 0 10 2 3 4 5 6 7 8 9 10 11 0
0 1 1 1 1 0 0
2 3 4 1 10 1 10 1 12 0
0 2 8 1 2 8 1 9 13 14 15 16 17 18 19 20 21 0
0 2 8 1 2 8 1 13 22 23 24 25 26 27 28 29 30 31 32 33 34 0
38 5
2 1 2 1 1 1 1 3 3 4 5 0
0 2 2 0 2 2 0 0 0
2 3 4 1 4 1 4 1 6 0
0 3 1 0 2 3 1 0 2 16 7 8 9 12 13 14 15 16 17 18 19 20 21 22 23 24 0
0 3 1 0 2 3 1 0 2 13 25 26 27 28 29 30 31 32 33 34 35 36 37 0
479 53
52 1 2 3 4 5 6 7 8 9 10 11 12 13 14 15 16 17 18 19 20 21 22 23 24 25 26 27 28 29 30 31 32 33 34 35 36 37 38 39 40 41 42 43 49 44 45 46 47 48 50 51 52 1 0 1 0 2 2 3 0
0 2 0 1 2 0 1 7 5 6 7 8 9 10 11 0
0 1 1 1 1 0 0
0 2 0 1 2 0 1 2 14 15 0
0 2 0 1 2 0 1 8 17 18 19 20 21 22 23 24 0
0 2 0 1 2 0 1 7 26 27 28 29 30 31 32 0
0 2 0 1 2 0 1 8 34 35 36 37 38 39 40 41 0
0 2 0 1 2 0 1 8 43 44 45 46 47 48 49 50 0
0 2 0 1 2 0 1 8 52 53 54 55 56 57 58 59 0
0 2 0 1 2 0 1 7 61 62 63 64 65 66 67 0
0 2 0 1 2 0 1 7 69 70 71 72 73 74 75 0
0 2 0 1 2 0 1 8 77 78 79 80 81 82 83 84 0
0 2 0 1 2 0 1 7 86 87 88 89 90 91 92 0
0 1 1 1 1 0 0
0 2 0 1 2 0 1 7 95 96 97 98 99 100 101 0
0 2 0 1 2 0 1 11 103 104 105 108 109 110 111 112 113 114 115 0
0 2 0 1 2 0 1 11 117 118 119 122 123 124 125 126 127 128 129 0
0 2 0 1 2 0 1 7 131 132 133 134 135 136 137 0
0 2 0 1 2 0 1 11 139 140 141 144 145 146 147 148 149 150 151 0
0 2 0 1 2 0 1 8 153 154 155 156 157 158 159 160 0
0 2 0 1 2 0 1 7 162 163 164 165 166 167 168 0
0 2 0 1 2 0 1 7 170 171 172 173 174 175 176 0
0 2 0 1 2 0 1 12 178 179 180 183 184 185 186 187 188 189 190 191 0
0 2 0 1 2 0 1 8 193 194 195 196 197 198 199 200 0
0 2 0 1 2 0 1 12 202 203 204 207 208 209 210 211 212 213 214 215 0
0 2 0 1 2 0 1 13 217 218 219 222 223 224 225 226 227 228 229 230 231 0
0 2 0 1 2 0 1 12 233 234 235 238 239 240 241 242 243 244 245 246 0
0 2 0 1 2 0 1 12 248 249 250 253 254 255 256 257 258 259 260 261 0
0 2 0 1 2 0 1 14 263 264 265 268 269 270 271 272 273 274 275 276 277 278 0
0 2 0 1 2 0 1 8 280 281 282 283 284 285 286 287 0
0 1 1 1 1 0 0
0 1 1 1 1 0 0
0 1 1 1 1 0 0
0 2 0 1 2 0 1 8 292 293 294 295 296 297 298 299 0
0 2 0 1 2 0 1 7 301 302 303 304 305 306 307 0
0 2 0 1 2 0 1 7 309 310 311 312 313 314 315 0
0 2 0 1 2 0 1 7 317 318 319 320 321 322 323 0
0 2 0 1 2 0 1 11 325 326 327 328 329 330 331 332 333 334 335 0
0 2 0 1 2 0 1 11 337 338 339 340 341 342 343 344 345 346 347 0
0 2 0 1 2 0 1 14 349 350 351 354 355 356 357 358 359 360 361 362 363 364 0
0 2 0 1 2 0 1 18 366 367 368 371 372 373 374 375 376 377 378 379 380 381 382 383 384 385 0
0 2 0 1 2 0 1 14 387 388 389 392 393 394 395 396 397 398 399 400 401 402 0
0 2 0 1 2 0 1 7 404 405 406 407 408 409 410 0
0 2 0 1 2 0 1 7 412 413 414 415 416 417 418 0
0 2 0 1 2 0 1 7 420 421 422 423 424 425 426 0
0 2 0 1 2 0 1 7 428 429 430 431 432 433 434 0
0 2 0 1 2 0 1 7 436 437 438 439 440 441 442 0
0 2 0 1 2 0 1 7 444 445 446 447 448 449 450 0
0 2 0 1 2 0 1 7 452 453 454 455 456 457 458 0
0 1 1 1 1 0 0
0 2 0 1 2 0 1 11 461 462 463 464 465 466 467 468 469 470 471 0
0 2 0 1 2 0 1 7 472 473 474 475 476 477 478 0
1 52 0 0 1 4 0
160 75
2 1 2 1 0 1 0 3 2 3 4 0
0 2 0 1 2 0 1 2 5 6 0
2 3 4 1 3 1 3 1 7 0
0 2 0 1 2 0 1 2 8 9 0
2 5 6 1 3 1 3 1 10 0
0 2 0 1 2 0 1 2 11 12 0
2 7 8 1 3 1 3 1 13 0
0 2 0 1 2 0 1 2 14 15 0
2 9 10 1 3 1 3 1 16 0
0 2 0 1 2 0 1 2 17 18 0
2 11 12 1 3 1 3 1 19 0
0 2 0 1 2 0 1 2 20 21 0
2 13 14 1 3 1 3 1 22 0
0 2 0 1 2 0 1 2 23 24 0
2 15 16 1 3 1 3 1 25 0
0 2 0 1 2 0 1 2 26 27 0
2 17 18 1 3 1 3 1 28 0
0 2 0 1 2 0 1 2 29 30 0
2 19 20 1 3 1 3 1 31 0
0 2 0 1 2 0 1 2 32 33 0
2 21 22 1 3 1 3 1 34 0
0 2 0 1 2 0 1 2 35 36 0
2 23 24 1 3 1 3 1 37 0
0 2 0 1 2 0 1 5 38 39 40 43 44 0
2 25 26 1 3 1 3 1 45 0
0 2 0 1 2 0 1 5 46 47 48 51 52 0
2 27 28 1 3 1 3 1 53 0
0 2 0 1 2 0 1 2 54 55 0
2 29 30 1 3 1 3 1 56 0
0 2 0 1 2 0 1 5 57 58 59 62 63 0
2 31 32 1 3 1 3 1 64 0
0 2 0 1 2 0 1 2 65 66 0
2 33 34 1 3 1 3 1 67 0
0 2 0 1 2 0 1 2 68 69 0
2 35 36 1 3 1 3 1 70 0
0 2 0 1 2 0 1 2 71 72 0
2 37 38 1 3 1 3 1 73 0
0 2 0 1 2 0 1 5 74 75 76 79 80 0
2 39 40 1 3 1 3 1 81 0
0 2 0 1 2 0 1 2 82 83 0
2 41 42 1 3 1 3 1 84 0
0 2 0 1 2 0 1 5 85 86 87 90 91 0
2 43 44 1 3 1 3 1 92 0
0 2 0 1 2 0 1 5 93 94 95 98 99 0
2 45 46 1 3 1 3 1 100 0
0 2 0 1 2 0 1 5 101 102 103 106 107 0
2 47 48 1 3 1 3 1 108 0
0 2 0 1 2 0 1 2 109 110 0
2 49 50 1 3 1 3 1 111 0
0 2 0 1 2 0 1 2 112 113 0
2 51 52 1 3 1 3 1 114 0
0 2 0 1 2 0 1 2 115 116 0
2 53 54 1 3 1 3 1 117 0
0 2 0 1 2 0 1 2 118 119 0
2 55 56 1 3 1 3 1 120 0
0 2 0 1 2 0 1 2 121 122 0
2 57 58 1 3 1 3 1 123 0
0 2 0 1 2 0 1 2 124 125 0
2 59 60 1 3 1 3 1 126 0
0 2 0 1 2 0 1 2 127 128 0
2 61 62 1 3 1 3 1 129 0
0 2 0 1 2 0 1 2 130 131 0
2 63 64 1 3 1 3 1 132 0
0 2 0 1 2 0 1 2 133 134 0
2 65 66 1 3 1 3 1 135 0
0 2 0 1 2 0 1 2 136 137 0
2 67 68 1 3 1 3 1 138 0
0 2 0 1 2 0 1 10 139 140 141 144 145 146 147 148 149 150 0
2 69 70 1 3 1 3 1 151 0
0 2 0 1 2 0 1 2 152 153 0
2 71 72 1 3 1 3 1 154 0
0 2 0 1 2 0 1 2 155 156 0
2 73 74 1 3 1 3 1 157 0
0 2 0 1 2 0 1 2 158 159 0
0 1 1 1 1 0 0
38 3
2 1 2 1 0 1 0 3 4 5 6 0
0 3 1 3 2 3 1 3 2 6 7 8 9 10 11 12 0
0 4 0 2 1 3 4 0 2 1 3 23 13 14 15 16 17 18 20 21 22 24 25 26 27 28 29 30 31 32 33 34 35 36 37 0
18 1
0 2 0 1 2 0 1 14 2 3 12 13 14 5 6 15 16 17 8 9 10 11 0
50 3
2 1 2 2 0 1 2 0 1 3 48 49 6 0
0 3 2 4 3 3 2 4 3 6 7 8 9 10 11 12 0
0 5 0 1 3 2 4 5 0 1 3 2 4 30 13 14 15 17 18 19 20 21 22 23 25 26 27 29 30 31 34 35 36 37 38 39 40 41 42 43 44 45 46 47 0
19 1
0 2 0 1 2 0 1 14 3 4 13 14 15 6 7 16 17 18 9 10 11 12 0
41 3
2 1 2 1 0 1 0 3 40 35 37 0
0 1 1 1 1 15 3 4 5 6 7 8 9 10 11 12 13 14 15 16 17 0
0 3 0 35 1 3 0 35 1 13 18 19 22 23 25 26 27 28 29 30 31 32 33 0
84 9
2 1 2 1 0 1 0 19 4 5 6 7 8 9 10 11 12 13 14 15 16 17 18 19 20 21 22 0
0 1 1 1 1 5 23 24 25 26 27 0
2 3 4 1 19 1 19 4 28 29 30 31 0
0 2 28 1 2 28 1 12 32 33 34 35 36 37 38 39 40 41 42 43 0
2 5 6 1 30 1 30 1 44 0
0 2 28 1 2 28 1 15 45 46 47 48 49 50 51 52 53 54 55 56 57 58 59 0
2 7 8 1 30 1 30 1 60 0
0 2 28 1 2 28 1 18 61 62 63 64 65 66 67 68 69 70 71 72 73 74 75 76 77 78 0
0 1 1 1 1 5 79 80 81 82 83 0
69 5
1 1 1 0 1 0 19 5 6 9 10 40 41 63 12 13 43 44 64 15 16 17 18 19 20 21 0
1 2 0 0 0 0
1 3 0 0 0 0
1 4 1 21 1 21 5 52 53 54 55 65 0
0 7 2 6 1 10 13 19 21 7 2 6 1 10 13 19 21 17 23 24 25 26 27 28 29 66 31 32 67 34 35 36 68 38 39 0
20 1
0 2 0 1 2 0 1 16 4 5 6 7 8 9 10 11 12 13 14 15 16 17 18 19 0
7 3
2 1 2 2 0 1 2 0 1 3 2 3 4 0
0 1 2 1 2 1 5 0
0 0 0 0 0
70 15
2 1 2 2 0 1 2 0 1 3 68 3 4 0
0 1 0 1 0 0 0
2 3 4 1 1 1 1 1 5 0
2 5 4 1 1 1 1 1 6 0
1 5 0 0 1 7 0
2 6 14 1 1 1 1 7 8 9 10 11 12 13 42 0
1 7 1 0 1 0 4 69 21 23 24 0
1 8 0 0 0 0
2 9 12 1 1 1 1 1 46 0
2 10 12 2 1 21 2 1 21 1 45 0
1 11 0 0 0 0
2 11 14 4 62 24 9 1 3 24 9 1 6 50 55 56 60 62 64 1 62
1 13 0 0 0 0
2 13 14 5 36 21 24 9 1 4 21 24 9 1 8 39 18 22 25 26 34 36 44 1 36
0 1 11 1 11 0 0
36 5
2 1 2 1 0 1 0 3 4 5 6 0
0 1 3 1 3 0 0
2 3 4 2 0 1 2 0 1 3 8 10 13 0
0 5 3 2 10 0 1 5 3 2 10 0 1 14 14 16 17 18 19 20 21 22 23 24 25 26 28 29 0
0 4 0 1 2 3 4 0 1 2 3 6 30 31 32 33 34 35 0
19 4
2 1 2 1 0 1 0 2 3 4 0
2 3 2 1 3 1 3 1 5 0
1 3 0 0 1 6 0
0 4 3 0 1 2 4 3 0 1 2 9 7 8 9 10 11 12 15 17 18 0
60 6
2 1 2 2 0 2 2 0 2 3 3 4 5 0
0 0 0 0 0
1 3 2 2 0 2 2 0 12 7 9 10 11 12 13 14 15 16 17 18 20 0
2 4 5 2 18 20 2 18 20 3 21 22 23 0
1 3 4 20 22 18 1 4 20 22 18 1 20 24 28 29 30 31 32 34 36 37 38 39 40 41 42 44 45 49 52 54 20 0
1 0 3 2 0 1 3 2 0 1 4 56 0 1 2 0
40 6
2 1 2 2 0 1 2 0 1 3 3 4 5 0
0 0 0 0 0
2 3 4 3 1 2 0 3 1 2 0 17 7 9 10 11 12 13 14 15 16 18 19 20 21 22 23 24 25 0
2 5 4 1 24 1 24 1 26 0
1 5 0 0 1 27 0
1 0 5 24 15 1 0 2 5 24 15 1 0 2 11 28 29 30 31 32 33 34 36 0 1 2 0
83 6
2 1 2 2 0 3 2 0 3 3 4 5 6 0
0 0 0 0 0
1 3 2 3 0 2 3 0 12 8 10 11 12 13 14 15 16 17 18 19 21 0
2 4 5 2 19 21 2 19 21 3 22 23 24 0
1 3 6 21 23 19 2 1 3 6 21 23 19 2 1 3 38 25 29 30 31 32 33 34 35 37 38 39 40 41 42 43 45 47 48 49 50 51 52 53 54 55 57 59 60 61 62 63 64 66 67 71 74 76 21 0
1 0 4 3 0 1 2 4 3 0 1 2 5 78 0 1 2 3 0
70 15
2 1 2 1 0 1 0 3 1 2 4 0
2 3 2 1 2 1 2 1 5 0
1 3 0 0 1 6 0
2 4 5 2 2 4 2 2 4 6 7 8 9 10 11 12 0
2 6 5 1 2 1 2 1 15 0
1 6 0 0 1 16 0
2 7 11 2 7 2 2 7 2 2 18 63 0
1 8 0 0 0 0
1 9 1 37 0 1 60 0
1 10 0 0 0 0
2 8 11 3 60 18 2 3 60 18 2 13 25 26 27 28 29 30 68 32 69 35 36 37 65 1 37
2 12 13 3 18 2 4 3 18 2 4 3 38 39 40 0
2 14 13 1 2 1 2 1 43 0
1 14 0 0 1 44 0
0 5 7 2 0 10 38 5 7 2 0 10 38 8 46 47 48 49 50 53 55 57 0
45 3
2 1 2 2 0 2 2 0 2 3 44 6 7 0
0 2 3 4 2 3 4 3 8 9 10 0
0 6 1 2 6 0 3 4 6 1 2 6 0 3 4 27 11 12 13 17 18 19 20 21 22 24 25 26 27 28 29 30 33 34 35 36 37 38 39 40 41 42 43 0
18 1
0 3 0 1 2 3 0 1 2 13 3 4 6 7 15 16 17 9 10 11 12 13 14 0
51 1
0 4 0 1 2 3 4 0 1 2 3 41 4 6 8 9 10 12 13 14 15 16 17 18 19 20 21 23 24 25 26 27 28 30 31 32 34 35 36 37 38 39 40 41 42 43 44 45 46 47 48 49 50 0
11 5
2 1 4 2 0 1 2 0 1 3 2 3 4 0
2 2 3 2 0 1 2 0 1 3 5 6 7 0
0 0 0 0 0
0 0 0 0 0
0 0 0 0 0
19 3
2 1 2 2 0 1 2 0 1 3 2 3 4 0
0 0 0 0 0
1 0 2 1 0 2 1 0 10 7 9 10 11 12 13 14 16 0 1 0
52 13
1 1 1 0 1 0 3 46 2 4 1 4
2 2 6 3 38 4 39 0 3 41 40 9 0
2 3 4 1 40 1 40 1 11 0
1 5 0 0 0 0
1 5 0 0 0 0
1 7 0 0 1 14 1 14
1 7 0 0 0 0
2 8 12 1 14 0 1 16 0
2 9 10 3 41 2 0 3 41 2 0 6 17 21 47 23 50 25 0
1 11 2 23 41 2 23 41 1 51 1 41
1 11 0 0 0 1 40
1 1 2 40 41 1 41 2 39 38 2 38 39
0 1 40 1 40 0 0
48 4
2 1 3 3 0 1 2 3 0 1 2 20 3 4 5 7 8 9 10 11 12 14 15 45 20 27 28 34 35 37 38 46 0
1 2 0 0 0 0
2 2 3 5 41 20 28 35 38 4 20 28 35 38 10 42 22 26 29 30 32 36 39 41 47 1 41
0 0 0 0 0
13 1
0 3 1 0 2 3 1 0 2 10 3 4 5 6 7 8 9 10 11 12 0
45 3
2 1 2 1 1 1 1 1 6 0
0 2 2 4 2 2 4 3 7 8 9 0
0 5 0 1 3 2 4 5 0 1 3 2 4 29 10 11 12 14 15 16 17 18 19 20 24 25 26 27 28 29 31 32 33 35 36 37 38 39 40 41 42 43 44 0
66 9
2 1 2 1 0 1 0 3 48 49 5 0
2 3 2 1 49 1 49 1 6 0
1 3 0 0 1 7 0
2 4 8 1 49 1 49 3 8 9 55 0
1 5 0 0 0 0
1 6 1 28 0 1 52 0
1 7 0 0 0 0
2 5 8 3 52 9 49 3 52 9 49 13 16 17 18 19 20 21 62 23 63 26 27 28 57 1 28
0 5 9 49 0 1 2 5 9 49 0 1 2 16 29 30 31 34 35 36 37 39 40 64 65 43 44 45 46 47 0
37 1
0 3 0 1 2 3 0 1 2 26 5 6 7 8 9 10 12 13 18 20 21 22 23 24 25 26 27 28 29 30 31 32 33 34 35 36 0
46 1
0 2 0 1 2 0 1 35 4 5 6 7 8 10 11 12 13 14 15 16 17 18 19 20 22 23 24 25 26 27 28 29 30 32 44 34 35 36 45 38 39 40 41 0
5 3
2 1 2 1 0 1 0 3 2 3 4 0
0 1 1 1 1 0 0
0 2 0 1 2 0 1 0 0
50 3
2 1 2 2 0 1 2 0 1 3 48 49 6 0
0 3 2 4 3 3 2 4 3 6 7 8 9 10 11 12 0
0 5 0 1 3 2 4 5 0 1 3 2 4 30 13 14 15 17 18 19 20 21 22 23 25 26 27 29 30 31 34 35 36 37 38 39 40 41 42 43 44 45 46 47 0
33 1
0 2 0 1 2 0 1 26 4 6 7 27 28 29 9 10 30 31 32 12 13 14 15 16 17 18 19 20 21 22 23 24 25 26 0
88 19
2 1 2 1 0 1 0 10 3 4 5 6 7 8 9 10 11 12 0
0 0 0 0 0
2 3 4 1 11 1 11 1 14 0
0 3 9 1 2 3 9 1 2 9 15 16 17 18 19 20 21 22 23 0
2 5 17 1 9 1 9 6 24 27 28 29 30 31 0
2 6 15 3 9 24 1 3 9 24 1 6 25 26 32 33 34 37 0
1 7 0 0 0 0
2 8 9 2 2 34 2 2 34 3 84 41 42 0
1 10 0 0 0 0
1 10 0 0 0 0
1 11 0 0 1 45 0
2 12 13 1 45 1 45 0 0
1 14 4 34 41 2 33 4 34 41 2 33 17 48 52 85 54 55 56 57 58 59 86 63 64 87 66 69 70 71 0
1 14 0 0 0 0
1 16 0 0 0 0
1 16 0 0 0 0
1 18 0 0 0 0
1 18 0 0 0 0
0 3 28 1 2 3 28 1 2 2 77 78 0
60 10
2 1 9 1 0 1 0 3 43 44 50 0
1 2 0 0 0 0
2 3 7 2 42 0 1 0 13 47 53 9 10 58 13 14 59 16 17 20 21 22 0
2 4 5 1 20 1 20 3 34 35 36 0
1 6 3 20 1 2 3 20 1 2 2 37 38 0
1 6 0 0 0 0
1 8 0 0 0 0
1 8 0 0 0 0
2 2 9 2 47 44 2 47 44 2 42 52 1 42
0 0 0 0 0
76 10
2 1 5 3 0 1 2 3 0 1 2 16 5 7 9 10 11 13 14 15 16 17 18 19 20 21 22 25 0
2 2 3 2 3 2 2 3 2 3 26 27 28 0
1 4 0 0 0 0
1 4 0 0 0 0
1 6 0 0 1 31 1 31
1 6 0 0 0 0
2 7 8 1 31 0 1 33 0
1 9 4 3 11 18 22 4 3 11 18 22 9 36 37 38 39 40 42 43 44 45 1 45
1 9 0 0 0 1 22
0 6 45 22 7 5 0 4 4 7 5 0 4 27 46 48 49 50 51 52 53 55 56 57 59 60 61 62 63 64 65 66 67 68 69 70 71 72 73 74 75 0
83 13
2 1 2 1 0 1 0 5 72 4 78 9 10 0
2 3 2 1 9 1 9 1 11 0
1 3 0 0 1 12 0
1 4 1 9 1 9 6 14 15 16 17 18 23 0
1 5 0 0 0 0
2 6 7 2 66 16 1 16 3 67 25 28 0
1 11 0 0 0 0
2 8 9 4 25 4 0 1 4 25 4 0 1 20 30 79 33 34 80 36 37 38 40 41 42 43 44 45 46 47 48 49 50 52 0
1 10 0 0 0 0
1 10 7 4 30 37 50 0 25 16 7 4 30 37 50 0 25 16 7 81 57 58 82 60 62 63 0
1 11 0 0 0 1 67
2 5 12 1 67 0 2 66 71 1 66
0 2 2 0 2 2 0 0 0
13 1
0 3 1 0 2 3 1 0 2 10 3 4 5 6 7 8 9 10 11 12 0
45 3
2 1 2 1 1 1 1 1 6 0
0 2 2 4 2 2 4 3 7 8 9 0
0 5 0 1 3 2 4 5 0 1 3 2 4 29 10 11 12 14 15 16 17 18 19 20 24 25 26 27 28 29 31 32 33 35 36 37 38 39 40 41 42 43 44 0
87 9
2 1 2 1 0 1 0 4 5 69 70 8 0
2 3 2 1 70 1 70 1 9 0
1 3 0 0 1 10 0
2 4 8 1 70 1 70 3 11 12 76 0
1 5 0 0 0 0
1 6 1 31 0 1 73 0
1 7 0 0 0 0
2 5 8 3 73 12 70 3 73 12 70 13 19 20 21 22 23 24 83 26 84 29 30 31 78 1 31
0 5 12 70 1 5 2 5 12 70 1 5 2 31 32 33 34 37 38 39 40 41 42 43 48 49 50 85 52 53 54 55 56 57 58 59 60 61 62 63 64 65 86 67 68 0
67 4
2 1 3 2 0 1 2 0 1 6 47 48 62 4 5 54 0
1 2 0 0 0 0
2 2 3 4 46 0 1 5 3 0 1 5 34 51 10 11 12 13 14 15 16 63 19 20 64 22 23 24 25 26 27 28 29 30 31 32 33 34 35 65 39 40 66 42 44 46 56 1 46
0 0 0 0 0
125 12
2 1 2 1 0 1 0 21 2 3 4 5 7 8 9 10 11 12 13 14 15 16 17 19 21 22 23 24 25 0
2 3 2 1 24 1 24 1 26 0
1 3 0 0 1 27 0
2 4 8 1 24 1 24 3 28 29 108 0
1 5 0 0 0 0
1 6 1 48 0 1 105 0
1 7 0 0 0 0
2 5 8 3 105 29 24 3 105 29 24 13 36 37 38 39 40 41 121 43 122 46 47 48 110 1 48
2 9 11 3 29 24 108 3 29 24 108 3 49 50 51 0
1 10 0 0 0 0
2 10 11 3 75 49 24 2 49 24 16 101 59 60 96 97 117 62 118 65 66 67 68 69 73 75 114 1 75
0 4 19 5 49 1 4 19 5 49 1 19 76 77 78 79 80 81 82 83 84 85 123 88 89 90 124 92 93 94 95 0
12 1
0 2 0 1 2 0 1 8 4 5 6 7 8 9 10 11 0
6 1
0 2 0 1 2 0 1 2 4 5 0
35 3
2 1 2 2 0 1 2 0 1 5 5 6 7 8 11 0
0 3 8 7 2 3 8 7 2 10 12 14 15 16 17 18 19 20 21 22 0
0 1 2 1 2 12 23 24 25 26 27 28 29 30 31 32 33 34 0
6 1
0 2 0 1 2 0 1 3 3 4 5 0
6 1
0 2 0 1 2 0 1 3 3 4 5 0
6 1
0 2 0 1 2 0 1 3 3 4 5 0
6 1
0 2 0 1 2 0 1 3 3 4 5 0
3 1
0 2 0 1 2 0 1 1 2 0
6 1
0 2 0 1 2 0 1 3 3 4 5 0
28 9
2 1 2 2 0 1 2 0 1 3 3 4 7 0
1 6 0 0 0 0
2 3 4 2 4 1 2 4 1 3 9 10 11 0
1 5 0 0 0 0
1 5 0 0 0 0
1 6 0 0 1 14 1 14
2 7 8 1 14 0 1 15 0
0 1 2 1 2 0 0
0 3 1 4 2 3 1 4 2 10 16 18 19 20 21 22 23 25 26 27 0
28 3
2 1 2 2 0 1 2 0 1 15 4 5 6 7 8 9 10 11 12 13 14 15 16 17 18 0
0 3 15 2 3 3 15 2 3 7 19 20 21 25 26 27 23 0
0 1 3 1 3 0 0
2 1
0 1 0 1 0 1 1 0
226 1
0 1 0 1 0 210 1 206 3 4 5 6 7 8 9 10 11 12 13 14 15 16 207 19 20 23 24 25 26 27 28 29 30 31 208 33 34 35 36 37 38 39 40 41 42 43 44 45 46 47 48 49 52 53 54 55 56 58 59 60 61 62 63 64 65 66 209 68 69 70 71 72 73 74 75 76 77 78 79 80 81 82 83 84 85 86 88 89 90 91 92 93 94 95 96 97 98 99 100 101 102 103 104 105 106 107 108 109 110 111 112 113 114 115 116 117 118 119 120 121 122 123 124 125 126 127 128 129 130 131 132 133 134 135 136 137 138 139 140 141 142 143 144 210 211 212 213 146 147 148 149 150 151 152 153 154 155 156 157 158 159 160 214 215 216 217 162 163 164 165 166 167 168 169 170 171 172 173 174 175 176 218 219 220 221 178 179 180 181 182 183 184 185 186 187 188 189 190 191 192 193 194 195 196 197 198 222 223 224 225 200 201 202 203 204 205 0
284 1
0 1 0 1 0 271 1 258 3 4 5 6 7 8 9 10 11 12 13 14 15 16 259 19 20 22 23 24 25 26 27 28 29 30 31 32 33 34 35 36 37 38 39 40 41 42 43 44 45 46 47 48 49 50 51 52 53 54 55 56 57 58 59 60 61 62 63 64 65 66 67 68 69 70 71 72 73 74 75 76 77 78 260 261 262 263 80 81 82 83 84 85 86 87 89 90 91 92 93 94 95 96 97 98 99 100 101 102 103 104 105 106 107 108 109 110 111 112 113 114 115 116 117 118 119 120 121 122 123 124 125 126 127 128 129 130 131 132 133 134 135 136 137 138 139 140 141 142 143 144 145 264 265 266 267 147 148 149 150 151 152 153 154 156 157 158 159 160 161 162 163 164 165 166 167 168 169 170 171 172 173 174 175 176 177 178 179 180 181 182 183 184 185 186 187 188 189 190 191 192 193 194 195 196 197 198 199 200 201 202 203 204 205 206 207 208 209 210 211 212 268 269 270 271 214 215 216 217 218 219 220 221 222 223 224 225 226 227 228 229 230 231 232 233 234 272 273 274 275 236 237 238 239 240 241 242 276 277 278 279 244 245 246 247 248 249 250 280 281 282 283 252 253 254 255 256 257 0
528 1
0 1 0 1 0 501 1 479 3 4 5 6 7 8 9 10 11 12 13 14 15 16 480 19 20 22 23 24 25 26 27 28 29 30 31 32 33 34 35 36 37 38 39 40 41 42 43 44 45 46 47 48 49 50 51 52 53 54 55 56 57 58 59 60 61 62 63 64 65 66 67 68 69 70 71 72 73 74 75 76 77 78 481 482 483 484 80 81 82 83 84 85 86 87 90 91 92 93 94 95 96 97 98 485 100 101 102 103 104 105 106 107 108 109 110 111 112 113 114 115 116 117 118 119 120 121 122 123 124 125 126 127 128 129 130 131 132 133 134 135 136 137 138 139 140 141 142 143 144 145 146 147 148 149 150 151 152 153 154 155 156 157 158 159 160 161 162 163 164 486 487 488 489 166 167 168 169 170 171 172 173 174 175 176 177 178 179 180 490 491 492 493 182 183 184 185 186 187 188 189 192 193 194 195 196 197 198 199 200 494 202 203 204 205 206 207 208 209 210 211 212 213 214 215 216 217 218 219 220 221 222 223 224 225 226 227 228 229 230 231 232 233 234 235 236 237 238 239 240 241 242 243 244 245 246 247 248 249 250 251 252 253 254 255 256 257 258 259 260 261 262 263 264 265 266 495 496 497 498 268 269 270 271 272 273 274 275 276 277 278 279 280 281 282 499 500 501 502 284 285 286 287 288 289 290 291 294 295 296 297 298 299 300 302 303 304 305 306 307 308 309 310 311 312 313 314 315 316 317 318 319 320 321 322 323 324 325 326 327 328 329 330 331 332 333 503 335 336 337 338 339 340 341 342 343 344 345 346 347 348 349 350 351 353 354 355 356 357 358 359 360 361 362 363 364 365 366 367 368 369 370 371 372 373 374 375 376 377 378 379 380 381 382 383 384 385 386 387 388 389 390 391 392 393 394 395 396 397 398 399 400 401 402 403 404 405 406 407 408 409 504 505 506 507 411 412 413 414 415 416 417 418 419 420 421 422 423 424 425 508 509 510 511 427 428 429 430 431 432 433 434 435 436 437 438 439 440 441 442 443 444 445 446 447 512 513 514 515 449 450 451 452 453 454 455 516 517 518 519 457 458 459 460 461 462 463 520 521 522 523 465 466 467 468 469 470 471 524 525 526 527 473 474 475 476 477 478 0
486 5
2 1 4 0 0 434 2 3 4 5 6 7 8 9 10 446 12 13 14 15 16 17 18 19 20 21 22 23 24 25 26 27 28 31 32 33 34 35 37 38 39 40 41 42 43 44 45 447 47 48 49 50 51 52 53 54 55 56 57 58 59 60 61 62 63 64 65 68 69 70 71 72 73 74 75 76 448 78 79 80 81 82 83 84 85 86 87 88 89 90 91 92 93 94 95 97 449 100 101 102 103 104 106 107 108 109 110 111 112 113 114 115 116 117 118 119 120 121 122 123 450 125 126 127 128 129 130 131 132 133 134 135 136 137 138 139 140 141 142 143 451 146 147 148 149 150 151 152 153 154 452 156 157 158 159 160 161 162 163 164 165 166 167 168 169 170 171 172 174 175 176 177 178 179 180 181 182 183 184 185 186 187 188 189 190 191 192 193 194 195 196 197 198 199 202 203 204 205 206 207 208 209 210 211 212 213 214 215 216 217 218 219 220 221 222 223 224 225 226 453 228 229 230 231 232 233 234 235 236 237 238 239 240 241 242 243 244 246 247 248 249 250 251 252 253 254 255 256 257 258 259 260 261 262 263 264 265 266 267 268 269 270 271 272 273 274 275 276 277 278 279 280 281 282 283 284 285 286 287 288 289 290 291 292 293 294 295 296 297 298 299 300 301 302 454 455 456 457 304 305 306 307 308 309 310 311 312 313 314 315 316 317 318 458 459 460 461 320 321 322 323 324 325 326 327 328 329 330 331 332 333 334 462 463 464 465 336 337 338 339 340 341 342 343 344 345 346 347 348 349 350 466 467 468 469 352 353 354 355 356 357 358 359 360 361 362 363 364 365 366 470 471 472 473 368 369 370 371 372 373 374 375 376 377 378 379 380 381 382 474 475 476 477 384 385 386 387 388 389 390 391 392 393 394 395 396 397 398 478 479 480 481 400 401 402 403 404 405 406 407 408 409 410 411 412 413 414 482 483 484 485 416 417 418 419 421 429 430 431 432 0
2 2 3 1 419 1 419 5 433 439 440 441 442 0
0 0 0 0 0
0 0 0 0 0
0 0 0 0 0
346 5
2 1 4 0 0 305 1 2 3 4 311 6 7 8 9 10 11 12 13 14 15 16 17 18 19 20 21 24 25 26 27 28 29 30 31 32 33 34 35 36 37 38 39 42 43 44 45 46 48 49 50 51 52 53 54 55 56 312 58 59 60 61 62 63 64 65 66 67 68 69 70 71 72 73 74 75 78 79 80 81 82 83 84 85 86 313 88 89 90 91 92 93 94 95 96 97 98 99 100 101 102 103 104 106 107 108 109 110 112 113 114 115 116 117 118 119 120 314 122 123 124 125 126 127 128 129 130 131 132 133 134 135 136 137 138 141 142 143 144 145 146 147 148 149 315 151 152 153 154 155 156 157 158 159 160 161 162 163 164 165 166 167 168 169 170 171 172 173 174 175 176 177 178 179 180 181 182 183 184 185 186 187 188 189 190 191 192 193 194 195 196 197 198 199 200 201 202 203 204 316 317 318 319 206 207 208 209 210 211 212 213 214 215 216 217 218 219 220 320 321 322 323 222 223 224 225 226 227 228 229 230 231 232 233 234 235 236 324 325 326 327 238 239 240 241 242 243 244 245 246 247 248 249 250 251 252 328 329 330 331 254 255 256 257 258 259 260 261 262 263 264 265 266 267 268 332 333 334 335 270 271 272 273 274 275 276 277 278 279 280 281 282 283 284 336 337 338 339 286 287 288 289 291 294 295 340 341 343 344 345 297 0
2 2 3 1 289 1 289 5 298 304 305 306 307 0
0 0 0 0 0
0 0 0 0 0
0 0 0 0 0
419 5
2 1 4 0 0 361 2 3 4 5 386 7 8 9 10 11 12 13 14 15 16 17 18 19 20 21 22 23 26 27 28 29 30 32 33 34 35 387 37 38 39 40 41 42 43 44 45 46 47 48 49 50 51 52 53 54 57 58 59 60 61 63 64 65 66 67 69 70 71 72 388 74 75 76 77 78 79 80 81 82 83 84 85 86 87 90 91 92 93 94 96 97 98 99 100 102 103 104 105 106 107 108 109 110 111 112 113 114 115 116 117 118 119 122 123 124 125 126 128 129 130 131 132 134 135 136 137 138 140 141 142 143 389 145 146 147 148 149 150 151 152 153 154 155 156 157 158 160 161 162 163 164 166 167 168 169 170 172 173 174 175 176 178 179 180 181 182 184 185 186 187 390 189 190 191 192 193 194 195 196 197 198 199 200 201 202 205 206 207 208 209 211 212 213 214 215 216 217 218 219 220 221 222 223 224 225 226 227 228 229 230 231 232 233 234 235 236 237 238 239 240 241 242 243 244 245 246 247 248 249 250 251 252 253 254 255 256 257 258 259 391 392 393 394 261 262 263 264 265 266 267 268 269 270 271 272 273 274 275 395 396 397 398 277 278 279 280 281 282 283 284 285 286 287 288 289 290 291 399 400 401 402 293 294 295 296 297 298 299 300 301 302 303 304 305 306 307 403 404 405 406 309 310 311 312 313 314 315 316 317 318 319 320 321 322 323 407 408 409 410 325 326 327 328 329 330 331 332 333 334 335 336 337 338 339 411 412 413 414 341 342 343 344 345 346 347 348 349 350 351 352 353 354 355 415 416 417 418 357 358 359 360 362 368 369 370 371 0
2 2 3 1 360 1 360 5 372 379 380 381 382 0
0 0 0 0 0
0 0 0 0 0
0 0 0 0 0
168 17
2 1 16 0 0 46 0 1 2 3 4 5 6 7 8 9 10 11 12 13 14 15 16 17 18 19 20 21 22 23 24 25 26 27 28 30 31 32 33 34 35 36 37 38 39 40 41 42 43 44 45 46 0
2 2 15 1 43 1 43 12 47 48 49 123 124 125 52 53 126 128 129 55 0
2 3 14 1 47 1 47 13 56 57 131 132 133 61 62 134 135 137 138 139 64 0
2 4 13 1 47 1 47 11 65 66 141 142 143 69 70 144 146 147 72 0
2 5 12 1 47 1 47 11 73 74 149 150 151 76 77 152 153 154 79 0
2 6 11 1 28 1 28 13 80 81 83 84 85 88 89 155 156 158 159 160 91 0
2 7 10 1 28 1 28 11 92 93 95 96 97 99 100 161 163 164 102 0
2 8 9 1 28 1 28 11 103 104 106 107 108 109 110 165 166 167 112 0
0 0 0 0 0
0 0 0 0 0
0 0 0 0 0
0 0 0 0 0
0 0 0 0 0
0 0 0 0 0
0 0 0 0 0
0 0 0 0 0
0 0 0 0 0
95 11
2 1 10 0 0 46 0 1 2 3 4 5 6 7 8 9 10 11 12 13 14 15 16 17 18 19 20 21 22 23 24 25 26 27 28 30 31 32 33 34 35 36 37 38 39 40 41 42 43 44 45 46 0
2 2 9 1 43 1 43 8 47 48 49 50 51 88 53 55 0
2 3 8 1 88 1 88 7 56 57 58 59 61 62 63 0
2 4 7 1 88 1 88 7 64 65 66 67 69 70 71 0
2 5 6 1 47 1 47 9 72 73 92 93 94 78 79 80 81 0
0 0 0 0 0
0 0 0 0 0
0 0 0 0 0
0 0 0 0 0
0 0 0 0 0
0 0 0 0 0
153 16
2 1 15 0 0 46 0 1 2 3 4 5 6 7 8 9 10 11 12 13 14 15 16 17 18 19 20 21 22 23 24 25 26 27 28 30 31 32 33 34 35 36 37 38 39 40 41 42 43 44 45 46 0
2 2 14 1 43 1 43 14 47 48 49 121 122 123 53 54 124 125 127 128 129 56 0
2 3 13 1 47 1 47 11 57 58 131 132 133 61 62 134 136 137 64 0
2 4 12 1 47 1 47 13 65 66 139 140 141 70 71 142 143 145 146 147 73 0
2 5 11 1 28 1 28 11 74 75 77 78 79 81 82 148 150 151 84 0
2 6 7 1 28 1 28 17 85 86 87 88 89 90 91 92 93 94 95 96 97 98 99 100 101 0
1 8 1 98 1 98 9 102 103 104 105 106 152 108 109 110 1 110
1 8 0 0 0 0
2 9 10 1 110 0 1 112 0
0 0 0 0 0
0 0 0 0 0
0 0 0 0 0
0 0 0 0 0
0 0 0 0 0
0 0 0 0 0
0 0 0 0 0
260 23
2 1 22 0 0 75 0 1 2 3 4 5 6 7 8 9 10 11 12 13 14 15 16 17 18 19 20 21 22 23 24 25 26 27 28 30 31 32 33 34 35 36 37 38 39 40 41 42 43 44 45 46 47 48 49 50 51 52 53 54 55 56 57 58 60 61 62 63 64 65 66 67 68 69 70 71 72 73 74 75 76 0
2 2 21 2 73 58 2 73 58 18 77 78 79 80 81 82 83 84 85 86 87 88 89 90 91 92 93 94 0
2 3 20 2 91 28 2 91 28 18 95 96 97 98 99 100 101 102 103 104 105 106 107 108 109 110 111 112 0
2 4 19 2 109 58 2 109 58 18 113 114 115 116 117 118 119 120 121 122 123 124 125 126 127 128 129 130 0
2 5 18 2 127 58 2 127 58 18 131 132 133 134 135 136 137 138 139 140 141 142 143 144 145 146 147 148 0
2 6 17 2 145 77 2 145 77 14 149 150 151 211 212 213 155 156 214 215 217 218 219 158 0
2 7 16 1 95 1 95 11 159 160 221 222 223 162 163 224 225 226 165 0
2 8 15 1 95 1 95 11 166 167 228 229 230 169 170 231 232 233 172 0
2 9 14 1 113 1 113 13 173 174 235 236 237 178 179 238 239 241 242 243 181 0
2 10 13 1 131 1 131 11 182 183 245 246 247 186 187 248 250 251 189 0
2 11 12 1 149 1 149 11 190 191 253 254 255 194 195 256 258 259 197 0
0 0 0 0 0
0 0 0 0 0
0 0 0 0 0
0 0 0 0 0
0 0 0 0 0
0 0 0 0 0
0 0 0 0 0
0 0 0 0 0
0 0 0 0 0
0 0 0 0 0
0 0 0 0 0
0 0 0 0 0
150 13
2 1 12 0 0 109 1 2 4 5 6 7 8 9 10 11 12 13 14 15 16 17 18 19 20 21 22 23 24 25 26 29 30 31 32 33 35 36 37 38 39 40 41 42 43 44 45 46 47 48 49 50 51 52 53 54 56 57 58 59 60 61 62 63 64 65 66 67 68 69 70 71 72 73 74 75 76 77 78 79 80 81 82 83 84 85 86 139 140 141 142 89 90 91 92 93 94 95 96 98 99 100 101 102 104 105 106 107 109 111 112 143 145 146 114 0
2 2 11 1 107 1 107 7 115 116 117 147 148 149 119 0
2 3 10 1 102 1 102 2 120 122 0
2 4 9 1 102 1 102 3 123 124 125 0
2 5 8 1 102 1 102 3 126 127 128 0
2 6 7 1 102 1 102 3 129 130 131 0
0 0 0 0 0
0 0 0 0 0
0 0 0 0 0
0 0 0 0 0
0 0 0 0 0
0 0 0 0 0
0 0 0 0 0
31 30
2 1 26 0 0 1 0 0
2 2 24 0 0 1 1 0
2 3 22 0 0 1 2 0
2 4 20 0 0 1 3 0
2 5 18 0 0 1 4 0
2 6 16 0 0 1 5 0
2 7 14 0 0 1 6 0
2 8 12 0 0 1 7 0
2 9 10 0 0 1 8 0
1 11 0 0 0 0
1 11 0 0 0 0
1 13 0 0 1 11 1 11
1 13 0 0 0 0
1 15 1 11 0 1 13 1 13
1 15 0 0 0 0
1 17 1 13 0 1 15 1 15
1 17 0 0 0 0
1 19 1 15 0 1 17 1 17
1 19 0 0 0 0
1 21 1 17 0 1 19 1 19
1 21 0 0 0 0
1 23 1 19 0 1 21 1 21
1 23 0 0 0 0
1 25 1 21 0 1 23 1 23
1 25 0 0 0 0
1 27 1 23 0 1 25 1 25
1 27 0 0 0 0
2 28 29 1 25 0 1 27 0
0 0 0 0 0
0 0 0 2 29 30 0
6 3
2 1 2 1 0 1 0 3 2 3 4 0
0 2 0 1 2 0 1 1 5 0
0 2 0 1 2 0 1 0 0
174 20
2 1 2 1 0 1 0 3 136 137 3 0
2 3 2 1 137 1 137 1 4 0
1 3 0 0 1 5 0
2 4 16 1 137 1 137 3 6 7 147 0
1 5 0 0 0 0
1 6 1 100 0 1 144 0
1 7 0 0 0 0
1 8 0 0 7 15 16 17 18 19 20 164 0
1 9 0 0 0 0
1 10 0 0 7 26 27 28 29 30 31 165 0
1 11 0 0 0 0
1 12 0 0 7 37 38 39 40 41 42 166 0
1 13 0 0 0 0
1 14 0 0 12 48 49 50 51 52 53 167 55 56 57 58 59 0
1 15 0 0 0 0
2 5 16 8 20 31 42 53 58 144 7 137 8 20 31 42 53 58 144 7 137 38 64 65 66 67 68 69 168 71 72 73 74 75 76 77 78 79 80 81 169 83 84 170 86 87 171 89 90 172 92 93 94 173 96 97 98 99 100 149 1 100
2 17 19 3 7 137 147 3 7 137 147 3 101 102 103 0
1 18 0 0 0 0
2 18 19 4 135 0 101 137 3 0 101 137 28 140 108 109 110 111 112 113 114 115 116 117 118 119 120 121 122 123 124 125 127 128 129 130 131 132 133 135 153 1 135
0 1 101 1 101 0 0
174 20
2 1 2 1 0 1 0 3 136 137 3 0
2 3 2 1 137 1 137 1 4 0
1 3 0 0 1 5 0
2 4 16 1 137 1 137 3 6 7 147 0
1 5 0 0 0 0
1 6 1 100 0 1 144 0
1 7 0 0 0 0
1 8 0 0 7 15 16 17 18 19 20 164 0
1 9 0 0 0 0
1 10 0 0 7 26 27 28 29 30 31 165 0
1 11 0 0 0 0
1 12 0 0 7 37 38 39 40 41 42 166 0
1 13 0 0 0 0
1 14 0 0 12 48 49 50 51 52 53 167 55 56 57 58 59 0
1 15 0 0 0 0
2 5 16 8 20 31 42 53 58 144 7 137 8 20 31 42 53 58 144 7 137 38 64 65 66 67 68 69 168 71 72 73 74 75 76 77 78 79 80 81 169 83 84 170 86 87 171 89 90 172 92 93 94 173 96 97 98 99 100 149 1 100
2 17 19 3 7 137 147 3 7 137 147 3 101 102 103 0
1 18 0 0 0 0
2 18 19 4 135 0 101 137 3 0 101 137 28 140 108 109 110 111 112 113 114 115 116 117 118 119 120 121 122 123 124 125 127 128 129 130 131 132 133 135 153 1 135
0 1 101 1 101 0 0
30 5
2 1 4 1 0 1 0 3 20 21 27 0
1 2 0 0 0 0
1 3 4 19 0 1 2 3 0 1 2 9 24 8 9 10 11 12 13 16 17 0
2 2 4 2 24 21 2 24 21 2 19 29 1 19
0 0 0 0 0
59 8
2 1 2 2 0 3 2 0 3 3 4 5 6 0
0 0 0 0 0
1 3 3 3 0 1 3 3 0 1 13 8 10 11 12 13 14 15 16 18 19 20 36 37 0
2 4 5 1 36 1 36 2 39 40 0
2 6 5 1 39 1 39 1 41 0
1 6 0 0 1 42 0
1 7 4 39 36 37 20 4 39 36 37 20 9 43 44 45 46 47 48 51 53 54 0
1 0 5 3 2 20 0 1 5 3 2 20 0 1 16 22 24 25 26 27 28 29 30 31 32 33 35 0 1 2 3 0
91 16
2 1 2 1 0 1 0 3 87 3 5 0
2 3 2 1 3 1 3 1 6 0
1 3 0 0 1 7 0
2 4 8 1 3 1 3 3 8 9 79 0
1 5 0 0 0 0
1 6 1 28 0 1 74 0
1 7 0 0 0 0
2 5 8 3 74 9 3 3 74 9 3 13 16 17 18 19 20 21 88 23 89 26 27 28 80 1 28
2 9 15 3 9 3 79 3 9 3 79 10 29 30 31 34 36 37 38 39 40 41 0
1 10 0 0 0 0
1 11 2 62 0 1 0 10 73 46 90 49 50 51 52 53 56 57 0
2 12 13 2 41 57 2 41 57 1 69 0
1 14 0 0 0 0
1 14 3 41 57 73 3 41 57 73 1 71 0
2 10 15 2 73 3 2 73 3 2 62 86 1 62
0 4 0 41 29 1 4 0 41 29 1 5 64 65 66 67 68 0
13 1
0 3 1 2 0 3 1 2 0 9 3 4 5 6 7 8 9 10 12 0
67 4
2 1 3 2 0 1 2 0 1 6 47 48 62 4 5 54 0
1 2 0 0 0 0
2 2 3 4 46 0 1 5 3 0 1 5 34 51 10 11 12 13 14 15 16 63 19 20 64 22 23 24 25 26 27 28 29 30 31 32 33 34 35 65 39 40 66 42 44 46 56 1 46
0 0 0 0 0
82 13
2 1 2 1 0 1 0 5 71 3 77 8 9 0
2 3 2 1 8 1 8 1 10 0
1 3 0 0 1 11 0
1 4 1 8 1 8 6 13 14 15 16 17 22 0
1 5 0 0 0 0
2 6 7 2 65 15 1 15 3 66 24 27 0
1 11 0 0 0 0
2 8 9 3 24 3 0 3 24 3 0 20 29 78 32 33 79 35 36 37 39 40 41 42 43 44 45 46 47 48 49 51 0
1 10 0 0 0 0
1 10 7 3 29 36 49 0 24 15 7 3 29 36 49 0 24 15 7 80 56 57 81 59 61 62 0
1 11 0 0 0 1 66
2 5 12 1 66 0 2 65 70 1 65
0 2 1 0 2 1 0 0 0
33 5
2 1 2 1 0 1 0 3 2 3 4 0
0 2 0 1 2 0 1 9 5 6 7 8 9 10 11 12 13 0
2 3 4 1 3 1 3 1 14 0
0 2 0 1 2 0 1 9 15 16 17 18 19 20 21 22 23 0
0 2 0 1 2 0 1 9 24 25 26 27 28 29 30 31 32 0
67 10
2 1 9 1 0 1 0 10 2 3 4 5 6 7 8 9 10 65 0
1 2 0 0 0 0
1 3 2 22 7 1 7 6 62 13 15 16 17 18 0
2 4 5 1 15 1 15 3 31 32 33 0
1 8 2 15 18 2 15 18 9 34 35 36 37 38 39 40 41 42 1 18
2 6 7 1 32 1 32 1 43 0
1 8 2 15 18 2 15 18 9 44 45 46 47 48 49 50 51 52 1 18
1 8 2 15 18 2 15 18 9 53 54 55 56 57 58 59 60 61 1 18
2 2 9 5 18 9 13 62 5 4 9 13 62 5 4 19 21 22 66 1 22
0 5 10 9 5 0 1 5 10 9 5 0 1 6 23 24 25 26 27 28 0
16 5
2 1 2 1 0 1 0 3 2 3 4 0
0 1 1 1 1 1 5 0
2 3 4 1 3 1 3 1 6 0
0 1 1 1 1 1 7 0
0 2 0 1 2 0 1 8 8 9 10 11 12 13 14 15 0
18 1
0 2 0 1 2 0 1 16 2 3 4 5 6 7 8 9 10 11 12 13 14 15 16 17 0
18 1
0 2 0 1 2 0 1 16 2 3 4 5 6 7 8 9 10 11 12 13 14 15 16 17 0
180 38
37 1 2 3 4 5 6 7 8 9 10 11 12 13 14 15 16 17 18 19 20 21 22 23 24 25 26 27 28 29 30 31 32 33 34 35 36 37 1 0 1 0 2 2 3 0
0 1 1 1 1 1 5 0
0 1 1 1 1 1 7 0
0 1 1 1 1 1 9 0
0 1 1 1 1 1 11 0
0 1 1 1 1 1 13 0
0 1 1 1 1 1 15 0
0 1 1 1 1 1 17 0
0 1 1 1 1 1 19 0
0 1 1 1 1 1 21 0
0 1 1 1 1 1 23 0
0 1 1 1 1 1 25 0
0 1 1 1 1 1 27 0
0 1 1 1 1 1 29 0
0 1 1 1 1 1 31 0
0 1 1 1 1 1 33 0
0 1 1 1 1 1 35 0
0 1 1 1 1 1 37 0
0 1 1 1 1 1 39 0
0 1 1 1 1 1 41 0
0 2 0 1 2 0 1 13 43 44 45 46 47 48 49 50 51 52 53 54 55 0
0 2 0 1 2 0 1 10 57 58 59 60 61 62 63 64 65 66 0
0 2 0 1 2 0 1 7 68 69 70 71 72 73 74 0
0 2 0 1 2 0 1 4 76 77 78 79 0
0 2 0 1 2 0 1 4 81 82 83 84 0
0 2 0 1 2 0 1 7 86 87 88 89 90 91 92 0
0 2 0 1 2 0 1 7 94 95 96 97 98 99 100 0
0 2 0 1 2 0 1 7 102 103 104 105 106 107 108 0
0 2 0 1 2 0 1 4 110 111 112 113 0
0 2 0 1 2 0 1 13 115 116 117 118 119 120 121 122 123 124 125 126 127 0
0 2 0 1 2 0 1 4 129 130 131 132 0
0 2 0 1 2 0 1 13 134 135 136 137 138 139 140 141 142 143 144 145 146 0
0 2 0 1 2 0 1 4 148 149 150 151 0
0 2 0 1 2 0 1 13 153 154 155 156 157 158 159 160 161 162 163 164 165 0
0 2 0 1 2 0 1 4 167 168 169 170 0
0 2 0 1 2 0 1 4 172 173 174 175 0
0 2 0 1 2 0 1 4 176 177 178 179 0
1 37 0 0 1 4 0
70 14
13 1 2 3 4 5 6 7 8 9 10 11 12 13 1 0 1 0 2 2 3 0
0 2 0 1 2 0 1 4 5 6 7 8 0
0 2 0 1 2 0 1 4 10 11 12 13 0
0 2 0 1 2 0 1 4 15 16 17 18 0
0 2 0 1 2 0 1 4 20 21 22 23 0
0 2 0 1 2 0 1 4 25 26 27 28 0
0 2 0 1 2 0 1 4 30 31 32 33 0
0 2 0 1 2 0 1 4 35 36 37 38 0
0 2 0 1 2 0 1 4 40 41 42 43 0
0 2 0 1 2 0 1 9 45 46 47 48 49 50 51 52 53 0
0 2 0 1 2 0 1 9 55 56 57 58 59 60 61 62 63 0
0 2 0 1 2 0 1 4 65 66 67 68 0
0 1 1 1 1 1 69 0
1 13 0 0 1 4 0
