# benchmarks/regalloc_greedy corpus v1
# sources: target/bench6-dumps/aug25/compiler_load.final.opt2.ir target/bench6-dumps/aug25/compiler_regalloc.final.opt2.ir
# format: see benchmarks/regalloc_greedy/tools/export_intervals.py
1
766
2788
2 1 1 1 0 0 1 1
0 4
0
0


0 1 0 2 2 -1 0 0
3 1 2 1 0 0 2 2
0 4
0 2
0


0 1 0 0 1 -1 2 1
2 1 0 0 1 -1 0 0
69 16 28 3 1 0 32 28
0 4 8 16 20 22 30 36 38 42 44 48 54 58 80 82 94
0 2 5 6 8 66 11 12 14 67 64 68 23 33 60 63 38 54 49 53 41 42 46 65 62 25 26 27
10 24 82
62

0 1 0 38 6 6 -1 1
2 1 0 2 2 -1 -1 0
5 1 4 8 2 6 -1 0
6 1 8 58 4 0 2 0
8 1 10 48 4 12 0 0
11 2 16 19 22 22 2 12 -1 0
12 1 22 90 3 11 -1 0
14 1 24 86 4 -1 0 0
23 1 44 54 2 -1 -1 0
25 1 82 92 4 -1 0 0
26 1 84 86 2 -1 -1 0
27 1 88 90 2 -1 -1 0
33 2 48 57 60 60 4 53 -1 0
38 2 58 58 62 79 6 54 -1 0
41 1 64 66 4 -1 -1 0
42 1 66 68 4 -1 -1 0
46 1 68 72 4 -1 -1 0
49 2 60 60 74 79 6 53 -1 0
53 1 60 74 6 33 -1 0
54 1 58 66 6 6 -1 0
60 1 50 52 2 -1 -1 0
62 1 76 78 4 -1 -1 0
63 1 54 79 3 -1 -1 0
64 1 30 32 2 -1 -1 0
65 1 70 72 4 -1 -1 0
66 1 12 14 2 -1 -1 0
67 1 26 28 2 -1 -1 0
68 1 38 40 2 -1 -1 0
316 49 180 2 3 0 202 180
0 20 24 28 44 46 52 56 58 104 120 124 126 132 136 138 164 180 182 184 200 202 208 212 214 260 276 280 282 288 292 294 320 338 340 342 358 360 366 370 416 432 436 438 444 448 474 490 492 504
0 1 2 3 4 6 7 9 10 12 13 16 17 18 28 29 32 35 40 125 136 177 178 179 148 175 151 152 262 154 158 159 263 161 165 166 264 168 172 173 265 181 48 123 45 46 266 137 138 199 200 201 182 197 186 187 267 189 194 195 268 203 56 122 53 54 269 139 58 59 62 65 70 129 140 233 234 235 204 231 207 208 270 210 214 215 271 217 221 222 272 224 228 229 273 237 78 121 75 76 274 141 142 255 256 257 238 253 242 243 275 245 250 251 276 259 86 120 80 83 84 277 143 23 88 89 92 95 100 144 297 298 299 280 296 281 282 283 284 285 286 287 288 289 290 291 292 293 294 295 301 108 119 105 106 278 145 146 311 312 313 302 310 303 304 305 306 307 308 309 315 116 118 113 114 279 147 25 26 27
24 492
32 188 348

0 2 0 19 23 28 2 -1 -1 1
1 2 0 19 23 184 2 -1 -1 1
2 2 0 19 23 344 2 -1 -1 1
3 1 0 2 2 -1 -1 0
4 2 2 19 23 342 12 -1 -1 0
6 1 4 6 2 -1 -1 0
7 2 6 19 23 342 9 -1 -1 0
9 1 8 10 2 -1 -1 0
10 2 10 19 23 489 8 -1 -1 0
12 1 12 14 2 -1 -1 0
13 2 14 19 23 500 4 -1 -1 0
16 1 16 18 2 -1 -1 0
17 1 20 22 2 -1 -1 0
18 1 24 496 13 -1 0 0
23 1 342 350 2 -1 -1 0
25 1 492 502 4 -1 0 0
26 1 494 496 2 -1 -1 0
27 1 498 500 2 -1 -1 0
28 1 28 30 2 -1 -1 0
29 1 30 179 17 -1 -1 0
32 1 32 119 7 -1 -1 0
35 1 34 119 11 -1 -1 0
40 1 36 132 4 125 -1 0
45 1 106 108 4 -1 -1 0
46 1 108 112 4 -1 -1 0
48 2 104 104 114 119 6 123 -1 0
53 1 166 168 4 -1 -1 0
54 1 168 172 4 -1 -1 0
56 2 164 164 174 179 6 122 -1 0
58 1 184 186 2 -1 -1 0
59 1 186 337 17 -1 -1 0
62 1 188 275 7 -1 -1 0
65 1 190 319 15 -1 -1 0
70 1 192 288 4 129 -1 0
75 1 262 264 4 -1 -1 0
76 1 264 268 4 -1 -1 0
78 2 260 260 270 275 6 121 -1 0
80 1 322 328 4 -1 -1 0
83 1 324 326 4 -1 -1 0
84 1 326 330 4 -1 -1 0
86 2 320 320 332 337 6 120 -1 0
88 1 344 346 2 -1 -1 0
89 1 346 489 17 -1 -1 0
92 1 348 431 7 -1 -1 0
95 1 350 489 17 -1 -1 0
100 2 352 448 474 474 9 302 -1 0
105 1 418 420 4 -1 -1 0
106 1 420 424 4 -1 -1 0
108 2 416 416 426 431 6 119 -1 0
113 1 476 478 4 -1 -1 0
114 1 478 482 4 -1 -1 0
116 2 474 474 484 489 6 118 -1 0
118 1 474 484 8 100 -1 0
119 1 416 426 8 108 -1 0
120 1 320 332 8 129 -1 0
121 1 260 270 8 78 -1 0
122 1 164 174 8 125 -1 0
123 1 104 114 8 48 -1 0
125 2 38 138 164 164 7 40 -1 0
129 2 194 294 320 320 7 70 -1 0
136 1 40 42 2 -1 -1 0
137 1 116 118 4 -1 -1 0
138 1 120 122 2 -1 -1 0
139 1 176 178 4 -1 -1 0
140 1 196 198 2 -1 -1 0
141 1 272 274 4 -1 -1 0
142 1 276 278 2 -1 -1 0
143 1 334 336 4 -1 -1 0
144 1 354 356 2 -1 -1 0
145 1 428 430 4 -1 -1 0
146 1 432 434 2 -1 -1 0
147 1 486 488 4 -1 -1 0
148 1 58 98 14 175 -1 0
151 1 60 62 4 -1 -1 0
152 1 62 66 4 -1 -1 0
154 1 68 74 6 -1 -1 0
158 1 70 72 4 -1 -1 0
159 1 72 76 4 -1 -1 0
161 1 78 84 6 -1 -1 0
165 1 80 82 4 -1 -1 0
166 1 82 86 4 -1 -1 0
168 1 88 94 6 -1 -1 0
172 1 90 92 4 -1 -1 0
173 1 92 96 4 -1 -1 0
175 2 58 58 98 104 8 148 -1 0
177 1 46 103 5 -1 -1 0
178 1 48 50 2 -1 -1 0
179 1 52 54 2 -1 -1 0
181 1 100 102 4 -1 -1 0
182 1 138 158 10 125 -1 0
186 1 140 142 4 -1 -1 0
187 1 142 146 4 -1 -1 0
189 1 148 154 6 -1 -1 0
194 1 150 152 4 -1 -1 0
195 1 152 156 4 -1 -1 0
197 2 138 138 158 164 8 182 -1 0
199 1 126 163 5 -1 -1 0
200 1 128 130 2 -1 -1 0
201 1 132 134 2 -1 -1 0
203 1 160 162 4 -1 -1 0
204 1 214 254 14 231 -1 0
207 1 216 218 4 -1 -1 0
208 1 218 222 4 -1 -1 0
210 1 224 230 6 -1 -1 0
214 1 226 228 4 -1 -1 0
215 1 228 232 4 -1 -1 0
217 1 234 240 6 -1 -1 0
221 1 236 238 4 -1 -1 0
222 1 238 242 4 -1 -1 0
224 1 244 250 6 -1 -1 0
228 1 246 248 4 -1 -1 0
229 1 248 252 4 -1 -1 0
231 2 214 214 254 260 8 204 -1 0
233 1 202 259 5 -1 -1 0
234 1 204 206 2 -1 -1 0
235 1 208 210 2 -1 -1 0
237 1 256 258 4 -1 -1 0
238 1 294 314 10 129 -1 0
242 1 296 298 4 -1 -1 0
243 1 298 302 4 -1 -1 0
245 1 304 310 6 -1 -1 0
250 1 306 308 4 -1 -1 0
251 1 308 312 4 -1 -1 0
253 2 294 294 314 320 8 238 -1 0
255 1 282 319 5 -1 -1 0
256 1 284 286 2 -1 -1 0
257 1 288 290 2 -1 -1 0
259 1 316 318 4 -1 -1 0
262 1 64 66 4 -1 -1 0
263 1 74 76 4 -1 -1 0
264 1 84 86 4 -1 -1 0
265 1 94 96 4 -1 -1 0
266 1 110 112 4 -1 -1 0
267 1 144 146 4 -1 -1 0
268 1 154 156 4 -1 -1 0
269 1 170 172 4 -1 -1 0
270 1 220 222 4 -1 -1 0
271 1 230 232 4 -1 -1 0
272 1 240 242 4 -1 -1 0
273 1 250 252 4 -1 -1 0
274 1 266 268 4 -1 -1 0
275 1 300 302 4 -1 -1 0
276 1 310 312 4 -1 -1 0
277 1 328 330 4 -1 -1 0
278 1 422 424 4 -1 -1 0
279 1 480 482 4 -1 -1 0
280 1 370 410 14 296 -1 0
281 1 372 374 4 -1 -1 0
282 1 374 378 4 -1 -1 0
283 1 376 378 4 -1 -1 0
284 1 380 386 6 -1 -1 0
285 1 382 384 4 -1 -1 0
286 1 384 388 4 -1 -1 0
287 1 386 388 4 -1 -1 0
288 1 390 396 6 -1 -1 0
289 1 392 394 4 -1 -1 0
290 1 394 398 4 -1 -1 0
291 1 396 398 4 -1 -1 0
292 1 400 406 6 -1 -1 0
293 1 402 404 4 -1 -1 0
294 1 404 408 4 -1 -1 0
295 1 406 408 4 -1 -1 0
296 2 370 370 410 416 8 280 -1 0
297 1 360 415 5 -1 -1 0
298 1 362 364 2 -1 -1 0
299 1 366 368 2 -1 -1 0
301 1 412 414 4 -1 -1 0
302 1 448 468 10 100 -1 0
303 1 450 452 4 -1 -1 0
304 1 452 456 4 -1 -1 0
305 1 454 456 4 -1 -1 0
306 1 458 464 6 -1 -1 0
307 1 460 462 4 -1 -1 0
308 1 462 466 4 -1 -1 0
309 1 464 466 4 -1 -1 0
310 2 448 448 468 474 8 302 -1 0
311 1 438 473 5 -1 -1 0
312 1 440 442 2 -1 -1 0
313 1 444 446 2 -1 -1 0
315 1 470 472 4 -1 -1 0
5 1 5 0 0 0 5 5
0 8
0 1 2 3 4



0 1 0 0 1 -1 -1 1
1 1 0 2 1 -1 -1 1
2 1 0 4 2 -1 -1 0
3 1 2 4 2 -1 -1 0
4 1 4 6 2 -1 -1 0
124 21 32 2 0 0 36 32
0 12 16 20 22 32 36 40 42 46 50 52 56 60 68 78 82 86 88 92 96 106
0 1 2 7 123 21 30 110 14 26 27 67 69 72 75 78 50 108 34 44 45 46 47 89 91 94 97 100 54 55 101 102
100 102


0 1 0 102 4 -1 2 1
1 1 0 2 2 -1 -1 0
2 1 2 95 6 -1 -1 0
7 1 4 52 3 108 -1 0
14 1 16 18 4 -1 -1 0
21 1 8 95 5 -1 -1 0
26 1 22 24 4 -1 -1 0
27 1 24 26 4 -1 -1 0
30 2 12 12 46 49 4 110 -1 0
34 1 56 58 4 -1 -1 0
44 1 60 64 4 -1 -1 0
45 1 62 64 4 -1 -1 0
46 1 68 70 4 -1 -1 0
47 1 70 72 4 -1 -1 0
50 2 52 52 92 95 4 108 -1 0
54 1 96 98 2 -1 -1 0
55 1 98 102 3 -1 5 0
67 1 26 42 10 -1 -1 0
69 1 28 30 4 -1 -1 0
72 1 32 34 4 -1 -1 0
75 1 36 38 4 -1 -1 0
78 1 42 44 4 -1 -1 0
89 1 72 88 10 -1 -1 0
91 1 74 76 4 -1 -1 0
94 1 78 80 4 -1 -1 0
97 1 82 84 4 -1 -1 0
100 1 88 90 4 -1 -1 0
101 1 100 100 1 -1 0 0
102 1 102 104 2 -1 0 0
108 2 52 92 95 96 11 50 -1 0
110 2 12 46 49 102 13 30 1 0
123 1 6 8 2 -1 -1 0
19 6 14 4 0 0 14 14
0 4 6 12 16 20 44
0 1 3 5 7 8 9 11 12 13 14 15 17 18
16 20 22 24


0 1 0 6 2 5 -1 1
1 1 0 42 3 -1 -1 1
3 1 0 2 2 -1 -1 0
5 1 6 32 6 0 2 0
7 1 8 10 2 -1 -1 0
8 1 12 14 2 -1 -1 0
9 1 16 16 1 -1 0 0
11 1 20 28 3 -1 2 0
12 1 22 22 1 -1 0 0
13 1 24 36 4 -1 0 0
14 1 26 28 2 -1 -1 0
15 1 30 32 2 -1 -1 0
17 1 34 36 2 -1 -1 0
18 1 38 40 2 -1 -1 0
16 4 11 0 0 0 12 11
0 4 12 22 24
0 1 2 4 12 13 6 14 15 10 11



0 1 0 12 2 -1 -1 1
1 1 0 16 3 -1 -1 1
2 2 0 11 21 22 1 -1 -1 1
4 1 0 2 2 -1 -1 0
6 1 8 10 2 -1 -1 0
10 1 16 18 2 -1 -1 0
11 1 18 20 2 -1 -1 0
12 1 4 6 2 -1 -1 0
13 1 6 8 2 -1 -1 0
14 1 12 14 2 -1 -1 0
15 1 14 16 2 -1 -1 0
20 4 15 0 0 0 16 15
0 4 12 32 34
0 1 2 4 18 19 6 9 10 12 13 14 15 16 17



0 1 0 12 2 -1 -1 1
1 1 0 26 4 -1 -1 1
2 2 0 11 31 32 1 -1 -1 1
4 1 0 2 2 -1 -1 0
6 1 8 10 2 -1 -1 0
9 1 12 14 2 -1 -1 0
10 1 14 22 3 -1 -1 0
12 1 16 18 2 -1 -1 0
13 1 18 20 2 -1 -1 0
14 1 22 24 2 -1 -1 0
15 1 24 26 2 -1 -1 0
16 1 26 28 2 -1 -1 0
17 1 28 30 2 -1 -1 0
18 1 4 6 2 -1 -1 0
19 1 6 8 2 -1 -1 0
52 4 33 2 0 0 34 33
0 22 32 62 72
0 1 2 3 4 5 6 7 8 9 10 11 50 39 45 15 16 21 48 34 42 22 23 25 26 28 29 30 31 32 47 36 51
4 12


0 1 0 12 1 -1 2 1
1 1 0 22 2 -1 -1 1
2 1 0 28 2 -1 1 1
3 1 0 62 6 -1 5 1
4 1 0 70 2 -1 -1 1
5 1 0 2 2 -1 -1 0
6 1 2 4 2 -1 2 0
7 1 4 4 1 -1 0 0
8 1 6 6 1 -1 -1 0
9 1 8 10 2 -1 -1 0
10 1 10 12 2 -1 5 0
11 1 12 68 5 -1 0 0
15 1 22 24 2 -1 -1 0
16 1 24 28 2 -1 -1 0
21 1 26 61 3 -1 -1 0
22 1 34 48 6 -1 -1 0
23 1 36 52 6 -1 -1 0
25 1 38 40 4 -1 -1 0
26 1 40 54 4 -1 -1 0
28 1 42 44 4 -1 -1 0
29 1 44 46 4 -1 -1 0
30 1 48 50 4 -1 -1 0
31 1 50 52 4 -1 -1 0
32 1 52 54 4 -1 -1 0
34 2 32 32 56 61 6 42 -1 0
36 1 62 66 2 -1 -1 0
39 1 16 62 4 -1 -1 0
42 1 32 56 8 34 -1 0
45 1 18 20 2 -1 -1 0
47 1 58 60 4 -1 -1 0
48 1 28 61 3 -1 -1 0
50 1 14 16 2 -1 -1 0
51 1 64 66 2 -1 -1 0
20 4 14 5 0 0 14 14
0 8 12 16 38
0 18 19 3 4 5 7 8 9 10 11 14 15 17
12 16 18 20 34


0 1 0 30 2 -1 -1 1
3 1 4 6 2 -1 -1 0
4 1 8 10 2 -1 -1 0
5 1 12 12 1 -1 0 0
7 1 16 24 3 -1 2 0
8 1 18 18 1 -1 0 0
9 1 20 36 5 -1 2 0
10 1 22 24 2 -1 -1 0
11 1 26 28 2 -1 -1 0
14 1 30 32 2 -1 -1 0
15 1 32 34 2 -1 5 0
17 1 34 34 1 -1 0 0
18 1 0 2 2 -1 -1 0
19 1 2 34 7 -1 2 0
72 25 34 1 0 0 39 34
0 4 8 14 16 22 26 32 36 40 44 48 52 56 60 62 66 70 74 76 80 86 90 94 104 108
0 1 2 3 4 69 60 17 64 63 67 18 19 10 20 23 26 29 32 35 37 40 42 12 51 54 14 58 59 61 62 15 70 71
86


0 1 0 103 2 -1 -1 1
1 1 0 103 3 -1 -1 1
2 1 0 103 2 10 -1 1
3 1 0 103 2 -1 -1 1
4 1 0 103 2 -1 -1 1
10 1 22 48 6 2 -1 0
12 1 62 70 6 -1 -1 0
14 2 76 85 89 90 6 -1 -1 0
15 1 94 96 4 61 -1 0
17 2 8 8 98 103 6 64 -1 0
18 1 16 18 4 -1 -1 0
19 1 18 22 4 10 -1 0
20 1 26 56 16 -1 -1 0
23 1 28 30 4 -1 -1 0
26 1 32 34 4 -1 -1 0
29 1 36 38 4 -1 -1 0
32 1 40 42 4 -1 -1 0
35 1 44 46 4 -1 -1 0
37 1 48 50 4 -1 -1 0
40 1 52 54 4 -1 -1 0
42 1 56 58 4 -1 -1 0
51 1 66 68 4 -1 -1 0
54 1 70 72 4 -1 -1 0
58 1 80 82 4 -1 -1 0
59 1 82 84 4 -1 -1 0
60 1 4 103 3 -1 2 0
61 2 86 89 94 94 4 15 0 0
62 1 90 94 4 15 -1 0
63 2 10 85 89 90 6 67 -1 0
64 1 8 98 6 17 -1 0
67 2 10 10 96 104 5 63 -1 0
69 1 0 2 2 -1 -1 0
70 1 100 102 4 -1 -1 0
71 1 104 106 2 67 -1 0
4 1 0 0 0 0 0 0
0 2




15 3 11 1 0 0 16 11
0 4 6 18
0 1 2 3 4 6 8 9 10 13 14
14


0 2 0 3 5 6 1 -1 -1 1
1 2 0 3 5 10 1 -1 -1 1
2 2 0 3 5 12 1 -1 -1 1
3 2 0 3 5 12 1 -1 -1 1
4 2 0 3 5 14 2 -1 5 1
6 1 0 2 2 -1 -1 0
8 1 6 8 2 -1 -1 0
9 1 8 10 2 -1 -1 0
10 1 10 14 2 -1 1 0
13 1 12 14 2 -1 2 0
14 1 14 14 1 -1 0 0
26 4 15 2 0 0 17 15
0 4 14 18 30
0 1 2 3 5 9 10 11 14 15 16 18 24 25 23
20 28


0 2 0 4 13 14 3 -1 -1 1
1 1 0 28 1 -1 4 1
2 1 0 28 1 -1 8 1
3 1 0 28 1 -1 3 1
5 1 0 28 3 -1 2 0
9 1 4 6 2 -1 -1 0
10 1 6 8 2 -1 -1 0
11 1 8 10 2 -1 -1 0
14 2 10 13 18 18 2 16 -1 0
15 1 14 18 2 16 -1 0
16 1 18 20 2 14 2 0
18 1 20 28 3 -1 1 0
23 1 26 28 2 -1 5 0
24 1 22 24 2 -1 -1 0
25 1 24 26 2 -1 -1 0
133 15 78 5 0 0 91 78
0 12 16 20 44 48 50 54 64 98 108 146 154 166 188 202
0 1 2 130 4 5 6 7 8 9 10 11 12 13 14 15 17 18 85 97 99 131 105 107 109 102 123 103 121 108 110 111 112 113 114 116 118 120 125 132 27 29 31 81 86 77 87 30 32 33 34 35 36 38 44 46 48 88 82 78 91 54 55 56 57 98 60 79 75 93 52 58 62 96 76 63 65 66
16 22 24 26 190


0 2 0 54 97 98 4 -1 -1 1
1 1 0 145 4 -1 -1 1
2 1 0 200 3 -1 -1 1
4 1 2 4 2 -1 -1 0
5 1 4 6 2 -1 -1 0
6 2 6 53 97 145 8 -1 -1 0
7 1 8 10 2 -1 -1 0
8 1 12 14 2 -1 -1 0
9 1 16 16 1 -1 0 0
10 1 20 24 3 -1 2 0
11 1 22 145 7 -1 2 0
12 1 24 24 1 -1 0 0
13 1 26 194 7 -1 2 0
14 1 28 30 2 -1 -1 0
15 1 32 34 2 -1 -1 0
17 1 36 38 2 -1 -1 0
18 1 38 145 7 -1 -1 0
27 1 100 104 3 -1 -1 0
29 1 102 145 3 -1 -1 0
30 1 112 114 4 -1 -1 0
31 1 104 145 3 -1 -1 0
32 1 116 118 4 -1 -1 0
33 1 118 120 4 -1 -1 0
34 1 120 122 4 -1 -1 0
35 1 122 124 4 -1 -1 0
36 1 124 134 6 -1 -1 0
38 1 126 132 4 -1 -1 0
44 1 130 132 4 -1 -1 0
46 1 134 136 4 86 -1 0
48 1 138 142 6 87 -1 0
52 1 170 176 4 -1 -1 0
54 1 154 156 2 -1 -1 0
55 1 156 187 3 -1 -1 0
56 1 158 160 2 -1 -1 0
57 1 160 187 3 -1 -1 0
58 1 174 176 4 -1 -1 0
60 2 166 166 178 187 6 79 -1 0
62 1 180 182 4 93 -1 0
63 1 190 198 2 -1 0 0
65 1 192 194 2 -1 -1 0
66 1 196 198 2 -1 -1 0
75 1 168 180 8 93 -1 0
76 1 188 190 2 93 1 0
77 1 110 138 12 87 -1 0
78 3 148 165 168 168 188 188 4 87 -1 0
79 1 166 178 6 60 -1 0
81 1 108 124 4 86 -1 0
82 1 146 166 4 86 -1 0
85 1 40 42 2 -1 -1 0
86 2 108 108 136 146 5 81 -1 0
87 3 110 110 140 145 148 148 5 77 -1 0
88 1 142 144 4 -1 -1 0
91 1 150 152 2 -1 -1 0
93 2 168 168 182 188 5 75 -1 0
96 1 184 186 4 -1 -1 0
97 1 44 145 5 -1 -1 0
98 1 162 187 3 -1 -1 0
99 1 50 52 2 -1 -1 0
102 1 64 92 10 123 -1 0
103 1 66 80 4 121 -1 0
105 1 56 60 3 -1 -1 0
107 1 58 97 3 -1 -1 0
108 1 68 70 4 -1 -1 0
109 1 60 97 3 -1 -1 0
110 1 72 74 4 -1 -1 0
111 1 74 76 4 -1 -1 0
112 1 76 78 4 -1 -1 0
113 1 78 80 4 -1 -1 0
114 1 80 88 6 -1 -1 0
116 1 82 86 4 -1 -1 0
118 1 84 86 4 -1 -1 0
120 1 88 90 4 121 -1 0
121 3 66 66 90 97 146 146 5 103 -1 0
123 3 64 64 92 97 148 148 7 102 -1 0
125 1 94 96 4 -1 -1 0
130 1 0 2 2 -1 -1 0
131 1 54 56 2 -1 -1 0
132 1 98 100 2 -1 -1 0
86 7 48 5 1 0 51 48
0 12 16 20 46 56 94 120
0 1 2 82 4 5 6 7 8 9 10 11 12 13 14 15 83 21 23 73 84 30 32 34 68 74 51 66 28 33 35 36 37 38 40 47 48 49 77 69 85 53 54 56 57 59 60 61
16 22 24 26 100
74

0 1 0 96 4 -1 -1 1
1 1 0 93 4 -1 -1 1
2 1 0 118 4 -1 -1 1
4 1 2 4 2 -1 -1 0
5 1 4 6 2 -1 -1 0
6 1 6 93 7 -1 -1 0
7 1 8 10 2 -1 -1 0
8 1 12 14 2 -1 -1 0
9 1 16 16 1 -1 0 0
10 1 20 24 3 -1 2 0
11 1 22 93 5 -1 2 0
12 1 24 24 1 -1 0 0
13 1 26 108 5 -1 2 0
14 1 28 30 2 -1 -1 0
15 1 32 34 2 -1 -1 0
21 1 38 40 2 -1 -1 0
23 2 40 55 58 58 4 66 -1 0
28 1 60 72 4 -1 -1 0
30 1 48 52 3 -1 -1 0
32 1 50 93 3 -1 -1 0
33 1 62 64 4 -1 -1 0
34 1 52 93 3 -1 -1 0
35 1 66 68 4 -1 -1 0
36 1 68 70 4 -1 -1 0
37 1 70 72 4 -1 -1 0
38 1 72 84 6 -1 -1 0
40 1 74 82 6 -1 -1 0
47 1 78 80 4 -1 -1 0
48 1 82 84 4 -1 -1 0
49 1 84 86 4 74 -1 0
51 2 58 58 88 93 6 66 -1 0
53 1 98 100 2 -1 1 0
54 1 100 112 2 -1 0 0
56 1 102 102 1 -1 -1 0
57 1 104 104 1 -1 -1 0
59 1 106 108 2 -1 -1 0
60 1 110 112 2 -1 -1 0
61 1 114 116 2 -1 -1 0
66 1 58 88 12 51 -1 0
68 1 56 60 4 74 -1 0
69 1 94 116 2 74 -1 0
73 1 42 44 2 -1 -1 0
74 2 56 56 86 94 5 68 -1 0
77 1 90 92 4 -1 -1 0
82 1 0 2 2 -1 -1 0
83 1 36 38 2 -1 -1 0
84 1 46 48 2 -1 -1 0
85 1 96 98 2 -1 -1 0
20 7 13 1 0 0 16 13
0 2 4 12 14 22 28 34
0 1 2 5 6 9 12 13 14 15 16 18 19
24


0 1 0 0 1 -1 -1 1
1 1 0 6 1 -1 -1 1
2 3 0 11 13 21 27 28 3 -1 -1 1
5 1 4 6 2 -1 -1 0
6 2 6 21 27 30 4 -1 -1 0
9 1 8 10 2 -1 -1 0
12 1 14 16 2 -1 -1 0
13 1 16 18 2 -1 -1 0
14 1 18 20 2 -1 -1 0
15 1 22 24 2 -1 2 0
16 1 24 26 2 -1 0 0
18 1 28 30 2 -1 -1 0
19 1 30 32 2 -1 -1 0
66 13 20 4 0 0 28 22
0 18 20 24 28 32 36 40 48 52 54 58 60 68
0 1 3 6 9 13 16 24 28 31 34 65 40 41 44 46 61 62 63 64
12 52 54 64


0 1 0 12 2 -1 2 1
1 3 0 17 19 27 39 40 3 -1 -1 0
3 1 2 10 4 -1 -1 0
6 1 4 6 2 -1 -1 0
9 2 6 17 19 20 3 -1 -1 0
13 2 8 17 19 24 2 -1 -1 0
16 2 10 17 19 28 2 -1 -1 0
24 2 12 27 39 64 6 -1 2 0
28 1 14 16 2 -1 -1 0
31 1 20 22 2 -1 -1 0
34 1 24 26 2 -1 -1 0
40 1 32 34 2 -1 -1 0
41 1 36 38 2 -1 -1 0
44 1 40 42 2 -1 -1 0
46 1 42 48 3 -1 -1 0
50 1 44 46 2 -1 -1 0
54 1 48 50 2 -1 -1 0
61 1 54 56 2 -1 0 0
62 1 60 64 2 -1 1 0
63 1 62 64 2 -1 5 0
64 1 64 66 2 -1 0 0
65 1 28 30 2 -1 -1 0
0 1 0 0 0 0 0 0
0 2




18 9 8 3 0 0 11 8
0 8 12 14 20 22 30 34 36 38
0 1 4 6 7 10 13 14
0 2 8


0 1 0 0 1 -1 0 0
1 2 2 7 11 14 3 7 0 0
4 1 4 6 2 -1 -1 0
6 2 8 11 14 14 2 7 0 0
7 2 14 19 21 36 4 6 -1 0
10 1 16 18 2 -1 -1 0
13 1 22 24 2 -1 -1 0
14 1 26 28 2 -1 -1 0
3 1 1 0 0 0 1 1
0 4
2



2 1 0 2 2 -1 -1 0
8 1 4 0 0 0 4 4
0 8
0 7 3 6



0 1 0 0 1 -1 -1 1
3 1 2 4 2 -1 -1 0
6 1 4 6 2 -1 -1 0
7 1 0 2 2 -1 -1 0
6 1 3 0 0 0 3 3
0 6
0 5 4



0 1 0 0 1 -1 -1 1
4 1 2 4 2 -1 -1 0
5 1 0 2 2 -1 -1 0
35 11 8 2 0 0 16 11
0 10 14 16 20 24 28 32 36 38 40 42
0 30 4 7 11 14 19 34
38 40


0 5 0 13 15 20 23 27 31 35 37 40 7 -1 2 1
4 1 2 4 2 -1 -1 0
7 2 4 13 15 16 3 -1 -1 0
11 1 6 8 2 -1 -1 0
14 1 10 12 2 -1 -1 0
19 1 16 18 2 -1 -1 0
20 1 20 22 2 -1 -1 0
23 1 24 26 2 -1 -1 0
27 1 32 34 2 -1 -1 0
30 1 0 10 3 -1 -1 0
34 1 28 30 2 -1 -1 0
82 12 10 0 0 0 37 31
0 4 16 28 32 36 38 60 66 68 72 74 80
0 1 2 8 13 71 26 72 63 73



0 2 0 8 15 20 2 -1 -1 1
1 2 0 4 15 16 2 -1 -1 1
2 1 0 0 1 -1 -1 1
8 1 0 2 2 -1 -1 0
13 1 4 6 2 -1 -1 0
17 1 8 10 2 -1 -1 0
18 1 10 12 2 -1 -1 0
21 1 12 14 2 -1 -1 0
26 1 16 60 3 -1 -1 0
30 1 20 42 3 -1 -1 0
31 2 22 48 71 74 8 76 -1 0
34 1 24 26 2 -1 -1 0
36 1 28 30 2 -1 -1 0
43 1 32 34 2 -1 -1 0
46 1 38 54 4 -1 -1 0
48 1 40 42 2 -1 -1 0
50 1 42 50 2 -1 -1 0
52 1 44 52 3 -1 -1 0
54 1 46 48 2 -1 -1 0
55 1 48 50 2 -1 -1 0
56 1 50 52 2 -1 -1 0
57 1 52 54 2 -1 -1 0
58 2 54 59 65 68 3 75 -1 0
60 1 56 58 2 -1 -1 0
63 1 60 62 2 -1 -1 0
70 1 76 78 2 -1 -1 0
71 1 6 10 3 -1 -1 0
72 1 18 40 4 -1 -1 0
73 2 62 65 68 68 2 75 -1 0
75 2 68 71 74 74 2 58 -1 0
76 1 74 76 2 31 -1 0
39 9 11 0 0 0 18 11
0 12 14 18 20 28 30 34 36 38
0 2 5 8 9 13 17 21 24 28 36



0 4 0 11 13 17 19 27 29 30 3 -1 -1 1
2 1 0 2 2 -1 -1 0
5 2 2 11 13 14 4 -1 -1 0
8 1 4 6 2 -1 -1 0
9 3 6 11 13 17 19 20 2 -1 -1 0
13 1 8 10 2 -1 -1 0
17 1 14 16 2 -1 -1 0
21 2 20 27 29 30 3 -1 -1 0
24 1 22 24 2 -1 -1 0
28 1 24 26 2 -1 -1 0
36 1 30 32 2 -1 -1 0
141 13 38 1 0 0 80 62
0 10 30 44 48 62 64 70 88 92 108 136 162 166
0 1 119 6 8 18 25 37 49 123 124 62 63 64 67 72 73 74 83 84 88 92 93 120 96 101 102 103 104 105 140 108 109 110 112 116 117 118
130


0 1 0 4 2 -1 -1 1
1 1 0 164 14 -1 -1 1
6 3 2 9 87 91 107 116 5 -1 -1 0
8 3 4 36 43 54 87 92 7 -1 -1 0
18 1 6 8 2 -1 -1 0
20 1 10 12 2 -1 -1 0
22 1 12 14 2 -1 -1 0
24 2 14 32 43 50 6 -1 -1 0
25 3 16 30 43 48 61 64 4 123 -1 0
27 1 18 20 2 -1 -1 0
28 1 20 24 2 -1 -1 0
30 1 22 24 2 -1 -1 0
31 4 24 29 43 47 61 63 66 66 4 121 -1 0
35 1 26 28 2 -1 -1 0
37 2 30 43 70 70 2 124 -1 0
39 1 32 38 3 -1 -1 0
41 1 34 36 2 -1 -1 0
42 1 36 40 2 -1 -1 0
44 1 38 40 2 -1 -1 0
45 2 40 43 72 72 2 122 -1 0
47 1 44 46 2 -1 -1 0
49 2 48 61 64 64 2 123 -1 0
51 1 50 56 3 -1 -1 0
53 1 52 54 2 -1 -1 0
54 1 54 58 2 -1 -1 0
56 1 56 58 2 -1 -1 0
57 2 58 61 66 66 2 121 -1 0
62 1 74 76 2 -1 -1 0
63 1 78 80 2 -1 -1 0
64 1 82 84 2 -1 -1 0
67 1 88 90 2 -1 -1 0
68 1 92 100 2 -1 -1 0
72 1 94 96 2 -1 -1 0
73 1 98 100 2 -1 -1 0
74 1 102 104 2 -1 -1 0
83 1 108 110 2 -1 -1 0
84 1 110 112 2 -1 -1 0
88 1 112 130 3 -1 4 0
92 1 114 116 2 -1 -1 0
93 1 116 118 2 -1 -1 0
96 1 120 130 2 -1 2 0
101 1 122 122 1 -1 -1 0
102 1 124 124 1 -1 -1 0
103 1 126 128 2 -1 -1 0
104 1 128 130 2 -1 -1 0
105 2 130 142 161 162 4 -1 0 0
108 1 136 138 2 -1 -1 0
109 1 138 140 2 -1 -1 0
110 1 140 150 2 -1 -1 0
112 1 142 144 2 -1 -1 0
113 1 144 146 2 -1 -1 0
114 1 146 154 2 -1 -1 0
116 1 148 150 2 -1 -1 0
117 1 152 154 2 -1 -1 0
118 1 156 158 2 -1 -1 0
119 3 0 9 87 91 107 132 3 -1 -1 0
120 1 118 120 2 -1 -1 0
121 2 66 69 72 72 2 31 -1 0
122 1 72 80 2 121 -1 0
123 1 64 70 2 25 -1 0
124 1 70 76 2 123 -1 0
140 1 132 134 2 -1 -1 0
49 13 22 6 0 0 38 30
0 8 12 14 18 22 26 46 52 56 62 66 74 84
0 48 4 8 11 12 15 17 18 19 20 21 23 24 26 29 30 33 34 37 39 44
16 34 50 60 72 78


0 3 0 14 17 22 25 34 6 -1 2 1
4 2 2 8 17 18 4 -1 -1 0
8 1 4 6 2 -1 -1 0
11 1 8 10 2 -1 -1 0
12 1 14 16 2 -1 2 0
15 1 18 20 2 -1 -1 0
16 1 22 24 2 -1 -1 0
17 1 26 26 1 -1 -1 0
18 1 28 28 1 -1 -1 0
19 1 30 32 2 -1 -1 0
20 1 32 34 2 -1 1 0
21 4 34 46 51 56 61 66 73 74 6 -1 0 0
23 1 36 38 2 -1 -1 0
24 1 38 40 2 -1 -1 0
26 3 40 45 51 55 61 62 4 -1 -1 0
29 1 42 44 2 -1 -1 0
30 1 46 48 2 -1 -1 0
31 1 48 50 2 -1 2 0
33 1 52 54 2 -1 -1 0
34 1 56 58 2 -1 -1 0
35 1 58 60 2 -1 2 0
37 1 62 64 2 -1 -1 0
39 1 66 68 2 -1 -1 0
40 1 68 70 2 -1 -1 0
41 1 70 72 2 -1 2 0
44 1 74 76 2 -1 -1 0
45 1 76 78 2 -1 2 0
46 1 78 80 2 -1 -1 0
47 1 80 82 2 -1 -1 0
48 1 0 2 2 -1 -1 0
3 1 2 0 0 0 2 2
0 4
0 2



0 1 0 0 1 -1 -1 1
2 1 0 2 2 -1 -1 0
3 1 1 0 0 0 2 2
0 4
0



0 1 0 0 1 -1 -1 1
2 1 0 2 2 -1 -1 0
8 1 5 1 0 0 5 5
0 6
0 1 2 7 6
4


0 1 0 2 1 -1 -1 1
1 1 0 0 1 -1 -1 1
2 1 0 2 1 -1 -1 1
6 1 2 4 2 -1 2 0
7 1 0 2 2 -1 -1 0
3 1 3 1 0 0 3 3
0 2
0 1 2
0


0 1 0 0 1 -1 2 1
1 1 0 0 1 -1 1 1
2 1 0 0 1 -1 5 1
11 7 4 0 0 0 6 4
0 4 6 10 12 16 18 20
0 2 4 6



0 3 0 3 5 9 11 12 3 -1 -1 1
2 1 0 2 2 -1 -1 0
4 1 6 8 2 -1 -1 0
6 1 12 14 2 -1 -1 0
27 4 12 0 0 0 13 12
0 10 16 28 30
0 1 8 9 10 11 6 24 4 12 13 16



0 1 0 4 2 -1 -1 1
1 1 0 10 2 24 -1 1
4 1 12 14 4 -1 -1 0
6 2 10 10 16 27 8 24 -1 0
8 1 0 2 2 -1 -1 0
9 1 2 27 3 -1 -1 0
10 1 4 6 2 -1 -1 0
11 1 6 27 3 -1 -1 0
12 1 20 22 4 -1 -1 0
13 1 22 24 4 -1 -1 0
16 1 24 26 4 -1 -1 0
24 1 10 28 7 6 -1 0
20 1 16 3 0 0 16 16
0 30
0 1 2 5 6 7 8 10 11 12 13 14 16 17 18 19
6 16 24


0 1 0 6 1 -1 2 1
1 1 0 8 1 -1 -1 1
2 1 0 28 2 -1 -1 1
5 1 0 0 1 -1 -1 0
6 1 2 4 2 -1 -1 0
7 1 4 6 2 -1 5 0
8 1 6 24 2 -1 2 0
10 1 8 16 2 -1 2 0
11 1 10 10 1 -1 -1 0
12 1 12 14 2 -1 -1 0
13 1 14 16 2 -1 1 0
14 1 16 24 2 -1 1 0
16 1 18 18 1 -1 -1 0
17 1 20 22 2 -1 -1 0
18 1 22 24 2 -1 5 0
19 1 24 26 2 -1 0 0
3 1 2 0 0 0 2 2
0 4
0 2



0 1 0 0 1 -1 -1 1
2 1 0 2 2 -1 -1 0
1 1 1 1 0 0 1 1
0 2
0
0


0 1 0 0 1 -1 2 1
5 1 3 1 0 0 3 3
0 4
0 1 3
0


0 1 0 0 1 -1 2 1
1 1 0 0 1 -1 1 1
3 1 0 2 2 -1 0 0
7 3 5 1 0 0 5 5
0 4 12 14
0 1 2 5 6
0


0 1 0 6 2 -1 2 1
1 1 0 2 2 -1 0 0
2 1 4 6 2 -1 -1 0
5 1 6 8 2 -1 -1 0
6 1 8 10 2 -1 -1 0
7 3 7 0 0 0 8 7
0 8 12 18
0 1 2 3 4 5 6



0 2 0 7 11 12 2 -1 -1 1
1 1 0 8 1 -1 -1 1
2 1 0 16 4 -1 -1 1
3 1 0 2 2 -1 -1 0
4 1 2 4 2 -1 -1 0
5 1 4 6 2 -1 -1 0
6 1 12 14 2 -1 -1 0
7 3 7 0 0 0 8 7
0 8 14 16
0 1 2 3 4 5 6



0 1 0 8 2 -1 -1 1
1 2 0 7 13 14 1 -1 -1 1
2 1 0 2 2 -1 -1 0
3 1 2 4 2 -1 -1 0
4 1 4 6 2 -1 -1 0
5 1 8 10 2 -1 -1 0
6 1 10 12 2 -1 -1 0
33 12 22 0 0 0 31 22
0 2 4 6 16 26 36 46 56 66 76 86 100
0 1 2 4 5 7 8 10 11 13 14 16 17 19 20 22 23 25 26 27 28 29



0 9 0 12 15 22 25 32 35 42 45 52 55 62 65 72 75 82 85 96 9 -1 -1 1
1 2 0 3 85 92 2 -1 -1 1
2 1 0 98 28 -1 -1 1
4 1 6 8 2 -1 -1 0
5 1 10 12 2 -1 -1 0
7 1 16 18 2 -1 -1 0
8 1 20 22 2 -1 -1 0
10 1 26 28 2 -1 -1 0
11 1 30 32 2 -1 -1 0
13 1 36 38 2 -1 -1 0
14 1 40 42 2 -1 -1 0
16 1 46 48 2 -1 -1 0
17 1 50 52 2 -1 -1 0
19 1 56 58 2 -1 -1 0
20 1 60 62 2 -1 -1 0
22 1 66 68 2 -1 -1 0
23 1 70 72 2 -1 -1 0
25 1 76 78 2 -1 -1 0
26 1 80 82 2 -1 -1 0
27 1 86 88 2 -1 -1 0
28 1 90 92 2 -1 -1 0
29 1 94 96 2 -1 -1 0
3 1 3 0 0 0 3 3
0 6
0 1 2



0 1 0 0 1 -1 -1 1
1 1 0 4 2 -1 -1 1
2 1 0 2 2 -1 -1 0
15 3 14 3 0 0 15 14
0 20 22 30
0 1 2 3 4 5 6 7 8 9 10 12 13 14
10 24 26


0 1 0 10 1 -1 2 1
1 1 0 10 1 -1 1 1
2 1 0 0 1 -1 -1 0
3 1 2 2 1 -1 -1 0
4 1 4 4 1 -1 -1 0
5 1 6 8 2 -1 -1 0
6 1 8 10 2 -1 5 0
7 2 10 19 21 22 3 -1 0 0
8 1 12 14 2 -1 -1 0
9 1 14 16 2 -1 -1 0
10 1 16 18 2 -1 -1 0
12 1 22 24 2 -1 2 0
13 1 24 26 2 -1 2 0
14 1 26 26 1 -1 0 0
14 3 8 2 0 0 8 8
0 14 16 20
0 10 11 12 13 2 4 7
8 16


0 1 0 4 2 -1 -1 1
2 1 8 10 2 -1 0 0
4 1 10 12 2 -1 -1 0
7 1 16 16 1 -1 0 0
10 1 0 2 2 -1 -1 0
11 1 2 8 2 -1 1 0
12 1 4 6 2 -1 -1 0
13 1 6 8 2 -1 5 0
10 1 2 0 0 0 2 2
0 4
0 2



0 1 0 0 1 -1 -1 1
2 1 0 2 2 -1 -1 0
9 1 9 0 0 0 9 9
0 16
0 1 2 3 4 5 6 7 8



0 1 0 0 1 -1 -1 1
1 1 0 6 1 -1 -1 1
2 1 0 2 2 -1 -1 0
3 1 2 4 2 -1 -1 0
4 1 4 12 2 -1 -1 0
5 1 6 8 2 -1 -1 0
6 1 8 10 2 -1 -1 0
7 1 10 12 2 -1 -1 0
8 1 12 14 2 -1 -1 0
1 1 1 0 0 0 1 1
0 4
0



0 1 0 2 2 -1 -1 0
11 3 5 3 0 0 5 5
0 2 4 20
5 6 7 8 9
4 6 8


5 1 4 12 3 -1 2 0
6 1 6 6 1 -1 0 0
7 1 8 18 4 -1 0 0
8 1 10 12 2 -1 -1 0
9 1 14 16 2 -1 -1 0
3 1 2 0 0 0 2 2
0 8
0 2



0 1 0 6 2 -1 -1 0
2 1 2 4 2 -1 -1 0
1 1 0 0 0 0 0 0
0 2




9 4 4 1 0 0 4 4
0 6 10 12 18
0 2 3 7
6


0 1 0 16 4 -1 -1 0
2 1 2 4 2 -1 -1 0
3 1 6 6 1 -1 0 0
7 1 12 14 2 -1 -1 0
13 1 10 0 0 0 10 10
0 24
12 2 3 4 5 7 8 9 10 11



2 1 2 4 2 -1 -1 0
3 1 4 6 2 -1 -1 0
4 1 8 10 2 -1 -1 0
5 1 10 12 2 -1 -1 0
7 1 12 14 2 -1 -1 0
8 1 14 16 2 -1 -1 0
9 1 16 18 2 -1 -1 0
10 1 18 20 2 -1 -1 0
11 1 20 22 2 -1 -1 0
12 1 0 8 3 -1 -1 0
11 3 5 3 0 0 5 5
0 2 4 20
5 6 7 8 9
4 6 8


5 1 4 12 3 -1 2 0
6 1 6 6 1 -1 0 0
7 1 8 18 4 -1 0 0
8 1 10 12 2 -1 -1 0
9 1 14 16 2 -1 -1 0
16 1 13 0 0 0 13 13
0 26
0 1 2 3 5 6 7 8 9 11 12 13 15



0 1 0 0 1 -1 -1 1
1 1 0 14 2 -1 -1 1
2 1 0 2 2 -1 -1 0
3 1 2 10 3 -1 -1 0
5 1 4 6 2 -1 -1 0
6 1 6 8 2 -1 -1 0
7 1 10 12 2 -1 -1 0
8 1 12 16 2 -1 -1 0
9 1 14 16 2 -1 -1 0
11 1 16 18 2 -1 -1 0
12 1 18 20 2 -1 -1 0
13 1 20 22 2 -1 -1 0
15 1 22 24 2 -1 -1 0
57 4 38 4 0 0 38 38
0 66 88 90 94
0 1 23 24 27 28 29 30 31 32 4 55 6 8 10 11 12 13 14 15 33 34 37 38 39 40 41 42 17 56 44 47 48 49 50 51 52 22
0 20 26 90


0 1 0 66 4 -1 -1 1
1 1 0 90 2 -1 2 0
4 1 20 20 1 -1 0 0
6 1 24 34 3 -1 -1 0
8 1 26 40 2 -1 0 0
10 1 28 30 2 -1 -1 0
11 1 30 32 2 -1 -1 0
12 1 34 36 2 -1 -1 0
13 1 36 38 2 -1 -1 0
14 1 38 40 2 -1 -1 0
15 1 42 62 2 -1 -1 0
17 1 62 64 2 -1 -1 0
22 1 90 90 1 -1 0 0
23 1 2 4 2 -1 -1 0
24 1 4 12 3 -1 -1 0
27 1 6 8 2 -1 -1 0
28 1 8 10 2 -1 -1 0
29 1 12 14 2 -1 -1 0
30 1 14 16 2 -1 -1 0
31 1 16 18 2 -1 -1 0
32 1 18 20 2 -1 2 0
33 1 44 46 2 -1 -1 0
34 1 46 54 3 -1 -1 0
37 1 48 50 2 -1 -1 0
38 1 50 52 2 -1 -1 0
39 1 54 56 2 -1 -1 0
40 1 56 58 2 -1 -1 0
41 1 58 60 2 -1 -1 0
42 1 60 62 2 -1 -1 0
44 1 68 76 3 -1 -1 0
47 1 70 72 2 -1 -1 0
48 1 72 74 2 -1 -1 0
49 1 76 78 2 -1 -1 0
50 1 78 80 2 -1 -1 0
51 1 80 82 2 -1 -1 0
52 1 82 84 2 -1 -1 0
55 1 22 24 2 -1 -1 0
56 1 66 68 2 -1 -1 0
78 4 54 6 0 0 54 54
0 78 86 88 130
0 1 2 3 6 7 8 9 10 11 12 18 19 20 21 22 24 25 26 27 28 29 76 31 32 33 64 65 68 69 70 71 72 73 35 77 37 38 42 43 44 46 48 49 50 51 52 53 54 58 59 60 61 62
44 46 52 82 88 94


0 1 0 110 11 -1 2 1
1 1 0 88 2 -1 5 1
2 1 0 2 2 -1 -1 0
3 1 2 10 3 -1 -1 0
6 1 4 6 2 -1 -1 0
7 1 6 8 2 -1 -1 0
8 1 10 12 2 -1 -1 0
9 1 12 14 2 -1 -1 0
10 1 14 16 2 -1 -1 0
11 1 18 20 2 -1 -1 0
12 1 20 28 3 -1 -1 0
18 1 22 24 2 -1 -1 0
19 1 24 26 2 -1 -1 0
20 1 28 30 2 -1 -1 0
21 1 30 32 2 -1 -1 0
22 1 32 34 2 -1 -1 0
24 1 36 38 2 -1 -1 0
25 1 38 40 2 -1 -1 0
26 1 40 42 2 -1 -1 0
27 1 42 44 2 -1 5 0
28 1 44 44 1 -1 0 0
29 1 46 46 1 -1 0 0
31 1 50 52 2 -1 2 0
32 1 52 52 1 -1 0 0
33 1 54 74 2 -1 -1 0
35 1 74 76 2 -1 -1 0
37 1 80 82 2 -1 2 0
38 1 82 82 1 -1 0 0
42 1 88 88 1 -1 0 0
43 1 90 92 2 -1 -1 0
44 1 92 102 3 -1 -1 0
46 1 94 108 2 -1 0 0
48 1 96 98 2 -1 -1 0
49 1 98 100 2 -1 -1 0
50 1 102 104 2 -1 -1 0
51 1 104 106 2 -1 -1 0
52 1 106 108 2 -1 -1 0
53 1 110 112 2 -1 -1 0
54 1 112 120 3 -1 -1 0
58 1 114 116 2 -1 -1 0
59 1 116 118 2 -1 -1 0
60 1 120 122 2 -1 -1 0
61 1 122 124 2 -1 -1 0
62 1 124 126 2 -1 -1 0
64 1 56 58 2 -1 -1 0
65 1 58 66 3 -1 -1 0
68 1 60 62 2 -1 -1 0
69 1 62 64 2 -1 -1 0
70 1 66 68 2 -1 -1 0
71 1 68 70 2 -1 -1 0
72 1 70 72 2 -1 -1 0
73 1 72 74 2 -1 -1 0
76 1 48 50 2 -1 -1 0
77 1 78 80 2 -1 -1 0
6 1 6 2 0 0 6 6
0 4
0 1 2 3 4 5
0 2


0 1 0 0 1 -1 2 1
1 1 0 0 1 -1 1 1
2 1 0 0 1 -1 5 1
3 1 0 0 1 -1 4 1
4 1 0 2 1 -1 1 1
5 1 0 2 2 -1 2 0
16 1 13 0 0 0 13 13
0 26
0 1 2 3 5 6 7 8 9 11 12 13 15



0 1 0 0 1 -1 -1 1
1 1 0 14 2 -1 -1 1
2 1 0 2 2 -1 -1 0
3 1 2 10 3 -1 -1 0
5 1 4 6 2 -1 -1 0
6 1 6 8 2 -1 -1 0
7 1 10 12 2 -1 -1 0
8 1 12 16 2 -1 -1 0
9 1 14 16 2 -1 -1 0
11 1 16 18 2 -1 -1 0
12 1 18 20 2 -1 -1 0
13 1 20 22 2 -1 -1 0
15 1 22 24 2 -1 -1 0
0 1 0 0 0 0 0 0
0 2




8 1 8 4 0 0 8 8
0 12
0 1 2 3 4 5 6 7
0 4 6 8


0 1 0 6 1 -1 2 1
1 1 0 6 1 -1 1 1
2 1 0 6 1 -1 5 1
3 1 0 8 2 -1 2 0
4 1 2 4 2 -1 2 0
5 1 4 4 1 -1 0 0
6 1 6 10 2 -1 0 0
7 1 8 8 1 -1 0 0
326 44 150 2 0 0 240 150
0 96 104 108 120 174 188 202 210 214 218 222 234 238 242 246 252 256 272 276 278 284 286 290 292 294 296 304 320 334 336 340 342 346 356 368 370 374 376 380 382 386 388 390 398
0 1 2 3 4 5 6 7 318 9 298 11 20 21 319 58 60 61 62 63 301 69 302 72 303 74 80 81 98 99 306 205 307 208 308 210 213 214 216 217 218 219 227 228 230 231 232 233 165 166 168 169 170 171 251 252 284 194 283 13 14 22 320 196 199 26 321 29 30 31 201 322 34 35 36 37 323 41 42 324 44 46 47 48 49 50 53 55 64 65 67 325 76 77 78 84 95 96 101 106 124 278 112 118 119 120 121 122 296 128 268 269 261 262 130 136 137 138 139 140 141 142 144 148 211 212 220 222 223 224 226 153 236 237 238 240 155 158 160 248 249 164 172 173 174 176 179 182 185 191
104 120


0 4 0 103 107 154 173 387 389 397 10 -1 2 1
1 4 0 103 107 120 173 387 389 397 3 -1 1 1
2 4 0 103 107 170 173 387 389 397 3 -1 -1 1
3 1 0 96 2 284 -1 1
4 2 0 95 98 98 2 283 -1 1
5 4 0 103 107 120 173 387 389 397 3 -1 5 1
6 4 0 103 107 120 173 387 389 397 3 -1 4 1
7 4 0 103 107 120 173 387 389 397 3 -1 8 1
9 1 2 8 3 -1 -1 0
11 4 6 103 107 119 173 387 389 397 6 -1 -1 0
13 1 100 102 4 -1 -1 0
14 1 104 106 2 -1 0 0
20 1 8 10 2 -1 -1 0
21 4 10 103 107 119 173 387 389 397 3 -1 -1 0
22 1 110 150 5 -1 -1 0
26 1 120 172 3 -1 0 0
29 1 124 142 3 -1 -1 0
30 1 126 128 2 -1 -1 0
31 1 128 146 3 -1 -1 0
34 1 136 138 2 -1 -1 0
35 1 138 140 2 -1 -1 0
36 1 142 144 2 -1 -1 0
37 1 144 150 2 -1 -1 0
41 1 148 152 2 -1 -1 0
42 1 150 152 2 -1 -1 0
44 1 156 164 3 -1 -1 0
46 1 158 160 2 -1 -1 0
47 1 160 162 2 -1 -1 0
48 1 164 166 2 -1 -1 0
49 1 166 168 2 -1 -1 0
50 1 168 170 2 -1 -1 0
53 1 174 176 4 -1 -1 0
55 1 176 388 25 -1 -1 0
58 1 14 20 3 -1 -1 0
60 1 16 18 2 -1 -1 0
61 4 18 103 107 119 173 387 389 397 3 -1 -1 0
62 1 20 22 2 -1 -1 0
63 4 22 103 107 119 173 387 389 397 3 -1 -1 0
64 1 180 182 4 -1 -1 0
65 1 182 184 4 -1 -1 0
67 1 184 186 4 -1 -1 0
69 1 26 32 3 -1 -1 0
72 4 30 103 107 119 173 387 389 397 3 -1 -1 0
74 4 34 103 107 119 173 387 389 397 3 -1 -1 0
76 1 192 202 6 -1 -1 0
77 1 194 196 4 -1 -1 0
78 1 196 283 10 -1 -1 0
80 1 36 38 2 -1 -1 0
81 4 38 103 107 119 173 387 389 397 3 -1 -1 0
84 1 198 200 4 -1 -1 0
95 1 202 204 4 -1 -1 0
96 1 204 283 12 -1 -1 0
98 1 40 42 2 -1 -1 0
99 4 42 103 107 119 173 387 389 397 11 -1 -1 0
101 1 206 208 4 -1 -1 0
106 1 210 242 8 -1 -1 0
112 1 218 220 8 -1 -1 0
118 1 222 224 8 -1 -1 0
119 1 224 230 8 -1 -1 0
120 1 226 228 8 -1 -1 0
121 1 228 230 8 -1 -1 0
122 1 230 232 8 -1 -1 0
124 2 214 214 234 237 8 278 -1 0
128 2 242 245 248 248 6 262 -1 0
130 1 252 254 8 -1 -1 0
136 1 256 258 8 -1 -1 0
137 1 258 260 8 -1 -1 0
138 1 260 268 8 -1 -1 0
139 1 262 264 8 -1 -1 0
140 1 264 266 8 -1 -1 0
141 1 266 268 8 -1 -1 0
142 1 268 270 8 -1 -1 0
144 2 272 275 280 280 8 261 -1 0
148 1 286 292 4 269 -1 0
153 1 316 318 4 -1 -1 0
155 1 330 332 4 -1 -1 0
158 2 336 339 342 342 4 160 -1 0
160 2 342 345 376 376 4 158 -1 0
164 1 352 354 4 -1 -1 0
165 1 80 82 2 -1 -1 0
166 1 82 88 3 -1 -1 0
168 1 84 86 2 -1 -1 0
169 4 86 103 107 119 173 387 389 397 3 -1 -1 0
170 1 88 90 2 -1 -1 0
171 4 90 103 107 119 173 387 389 397 3 -1 -1 0
172 1 358 360 4 -1 -1 0
173 1 360 362 4 -1 -1 0
174 1 362 364 4 -1 -1 0
176 1 364 366 4 -1 -1 0
179 1 370 376 4 182 -1 0
182 1 376 378 4 160 -1 0
185 1 382 386 4 -1 -1 0
191 1 390 392 4 -1 -1 0
194 2 98 98 394 397 4 283 -1 0
196 2 114 119 173 174 6 -1 -1 0
199 1 116 118 4 -1 -1 0
201 1 130 134 2 -1 -1 0
205 1 46 52 3 -1 -1 0
208 4 50 103 107 119 173 387 389 397 5 -1 -1 0
210 4 54 103 107 119 173 387 389 397 5 -1 -1 0
211 1 298 300 4 -1 -1 0
212 1 300 302 4 -1 -1 0
213 1 56 58 2 -1 -1 0
214 1 58 64 3 -1 -1 0
216 1 60 62 2 -1 -1 0
217 4 62 103 107 119 173 387 389 397 3 -1 -1 0
218 1 64 66 2 -1 -1 0
219 4 66 103 107 119 173 387 389 397 3 -1 -1 0
220 1 306 322 6 -1 -1 0
222 1 308 310 4 -1 -1 0
223 1 310 312 4 -1 -1 0
224 1 312 314 4 -1 -1 0
226 1 314 316 4 -1 -1 0
227 1 68 70 2 -1 -1 0
228 1 70 76 3 -1 -1 0
230 1 72 74 2 -1 -1 0
231 4 74 103 107 119 173 387 389 397 3 -1 -1 0
232 1 76 78 2 -1 -1 0
233 4 78 103 107 119 173 387 389 397 3 -1 -1 0
236 1 322 324 4 -1 -1 0
237 1 324 326 4 -1 -1 0
238 1 326 328 4 -1 -1 0
240 1 328 330 4 -1 -1 0
248 1 348 350 4 -1 -1 0
249 1 350 352 4 -1 -1 0
251 4 92 103 107 119 173 387 389 397 3 -1 -1 0
252 2 96 96 392 397 4 284 -1 0
261 2 248 248 280 283 8 262 -1 0
262 3 248 272 275 277 280 280 24 261 -1 0
268 2 246 246 278 283 8 269 -1 0
269 3 246 275 278 278 286 286 16 268 -1 0
278 1 214 234 20 124 -1 0
283 4 98 103 107 119 173 387 389 394 6 194 -1 0
284 4 96 103 107 168 173 387 389 390 15 252 -1 0
296 1 238 246 8 269 -1 0
298 1 4 6 2 -1 -1 0
301 1 24 26 2 -1 -1 0
302 1 28 30 2 -1 -1 0
303 1 32 34 2 -1 -1 0
306 1 44 46 2 -1 -1 0
307 1 48 50 2 -1 -1 0
308 1 52 54 2 -1 -1 0
318 1 0 2 2 -1 -1 0
319 1 12 14 2 -1 -1 0
320 1 112 114 4 -1 -1 0
321 1 122 124 2 -1 -1 0
322 1 132 134 2 -1 -1 0
323 1 146 148 2 -1 -1 0
324 1 154 156 2 -1 -1 0
325 1 190 192 4 -1 -1 0
19 1 13 1 0 0 13 13
0 24
0 1 2 3 4 8 9 12 13 14 15 16 17
22


0 1 0 4 2 -1 -1 1
1 1 0 22 1 -1 4 1
2 1 0 22 1 -1 3 1
3 1 0 2 2 -1 -1 0
4 1 2 22 2 -1 2 0
8 1 4 6 2 -1 -1 0
9 1 6 14 3 -1 -1 0
12 1 8 10 2 -1 -1 0
13 1 10 12 2 -1 -1 0
14 1 14 16 2 -1 -1 0
15 1 16 18 2 -1 -1 0
16 1 18 20 2 -1 -1 0
17 1 20 22 2 -1 1 0
49 7 23 0 0 0 35 23
0 6 18 20 36 48 50 58
0 1 39 40 42 5 6 7 8 43 44 27 35 10 47 29 13 48 15 16 18 19 41



0 3 0 17 19 47 49 57 2 -1 -1 1
1 2 0 17 22 22 4 35 -1 1
5 1 8 10 2 -1 -1 0
6 3 10 17 19 47 49 57 3 -1 -1 0
7 1 12 14 2 -1 -1 0
8 3 14 17 19 47 49 57 3 -1 -1 0
10 1 26 36 6 -1 -1 0
13 1 32 34 4 -1 -1 0
15 1 38 40 4 -1 -1 0
16 1 40 42 4 -1 -1 0
18 1 42 44 4 -1 -1 0
19 1 44 46 4 -1 -1 0
27 2 22 22 50 57 6 35 -1 0
29 1 30 32 4 -1 -1 0
35 2 22 47 49 50 6 1 -1 0
39 1 0 12 3 -1 -1 0
40 1 2 4 2 -1 -1 0
41 1 54 56 4 -1 -1 0
42 2 6 17 20 20 3 43 -1 0
43 2 20 47 49 52 6 42 -1 0
44 2 20 20 52 57 4 43 -1 0
47 1 28 30 4 -1 -1 0
48 1 36 38 4 -1 -1 0
1 1 0 0 0 0 0 0
0 2




8 3 7 3 0 0 11 7
0 6 10 12
0 1 2 3 4 6 7
0 6 10


0 2 0 5 9 10 1 -1 2 1
1 2 0 5 9 10 2 -1 2 1
2 2 0 5 9 10 1 -1 5 1
3 2 0 5 9 10 1 -1 4 1
4 1 0 2 2 -1 0 0
6 1 2 4 2 -1 -1 0
7 1 6 8 2 -1 0 0
122 20 70 8 0 0 79 70
0 6 12 16 40 42 102 104 112 118 122 124 138 144 146 160 166 170 186 188 190
0 1 2 3 5 7 8 13 14 16 17 18 19 20 21 58 59 25 61 62 63 64 65 66 67 29 30 31 32 33 34 36 37 38 39 40 42 43 44 45 46 47 82 83 101 84 85 105 106 119 107 117 110 111 114 121 81 95 92 93 90 91 77 102 104 51 52 53 54 55
0 6 12 46 50 52 54 70


0 1 0 0 1 -1 2 1
1 3 0 11 15 39 41 180 11 -1 2 1
2 3 0 11 15 39 41 52 2 -1 2 1
3 1 0 2 2 -1 0 0
5 1 2 4 2 -1 -1 0
7 1 6 8 2 -1 0 0
8 1 8 10 2 -1 -1 0
13 1 12 14 2 -1 0 0
14 1 16 24 3 -1 -1 0
16 1 18 20 2 -1 -1 0
17 1 20 22 2 -1 -1 0
18 1 24 26 2 -1 -1 0
19 1 26 28 2 -1 -1 0
20 1 28 30 2 -1 -1 0
21 1 30 40 3 -1 -1 0
25 1 36 38 2 -1 -1 0
29 1 56 58 2 -1 -1 0
30 1 58 60 2 -1 -1 0
31 1 62 64 2 -1 -1 0
32 1 64 66 2 -1 -1 0
33 1 66 68 2 -1 -1 0
34 1 70 84 2 -1 0 0
36 1 72 74 2 -1 -1 0
37 1 74 76 2 -1 -1 0
38 1 78 80 2 -1 -1 0
39 1 80 82 2 -1 -1 0
40 1 82 84 2 -1 -1 0
42 1 86 88 2 -1 -1 0
43 1 88 90 2 -1 -1 0
44 1 92 94 2 -1 -1 0
45 1 94 96 2 -1 -1 0
46 1 96 98 2 -1 -1 0
47 1 98 100 2 -1 -1 0
51 1 170 172 2 -1 -1 0
52 1 172 174 2 -1 -1 0
53 1 176 178 2 -1 -1 0
54 1 178 180 2 -1 -1 0
55 1 180 182 2 -1 -1 0
58 1 32 34 2 -1 -1 0
59 1 34 36 2 -1 -1 0
61 1 42 44 2 -1 -1 0
62 1 44 52 2 -1 5 0
63 1 46 54 2 -1 2 0
64 1 48 50 2 -1 2 0
65 1 50 50 1 -1 0 0
66 1 52 188 6 -1 2 0
67 1 54 54 1 -1 0 0
77 1 154 156 4 -1 -1 0
81 2 146 146 160 165 6 95 -1 0
82 1 104 106 2 -1 -1 0
83 1 106 165 8 -1 -1 0
84 1 112 114 2 -1 -1 0
85 1 114 165 5 -1 -1 0
90 1 150 152 4 -1 -1 0
91 1 152 154 4 -1 -1 0
92 2 148 148 156 166 5 93 -1 0
93 1 148 156 4 92 -1 0
95 1 146 160 8 81 -1 0
101 1 108 110 2 -1 -1 0
102 1 162 164 4 -1 -1 0
104 1 166 182 2 92 -1 0
105 1 118 120 2 -1 -1 0
106 1 124 138 8 119 -1 0
107 1 126 134 4 117 -1 0
110 1 128 130 4 -1 -1 0
111 1 130 132 4 -1 -1 0
114 1 132 134 4 -1 -1 0
117 3 126 126 134 143 166 166 5 107 -1 0
119 2 124 124 138 143 6 106 -1 0
121 1 140 142 4 -1 -1 0
4 1 3 1 0 0 3 3
0 2
0 1 2
0


0 1 0 0 1 -1 2 1
1 1 0 0 1 -1 5 1
2 1 0 0 1 -1 4 1
47 9 22 0 0 0 27 22
0 8 22 24 28 30 42 48 52 54
0 1 2 3 4 5 6 7 8 10 11 42 44 33 37 23 24 26 27 28 45 43



0 1 0 8 2 -1 -1 1
1 1 0 12 1 -1 -1 1
2 1 0 16 1 -1 -1 1
3 2 0 27 29 47 4 -1 -1 1
4 1 0 2 2 -1 -1 0
5 1 2 4 2 -1 -1 0
6 1 4 6 2 -1 -1 0
7 1 8 10 2 -1 -1 0
8 2 10 27 29 47 3 -1 -1 0
10 1 12 14 2 -1 -1 0
11 1 14 16 2 -1 -1 0
23 1 30 32 4 -1 -1 0
24 1 32 38 4 -1 -1 0
26 1 34 36 4 -1 -1 0
27 1 36 38 4 -1 -1 0
28 1 38 40 4 -1 -1 0
33 2 24 24 42 47 6 37 -1 0
37 2 24 27 29 42 8 33 -1 0
42 2 16 27 29 47 3 -1 -1 0
43 1 48 50 2 -1 -1 0
44 1 18 20 2 -1 -1 0
45 1 44 46 4 -1 -1 0
20 1 12 7 0 0 12 12
0 32
0 5 6 7 9 10 11 12 13 15 16 17
8 10 14 18 20 22 24


0 1 0 20 2 -1 1 1
5 1 4 6 2 -1 -1 0
6 1 6 8 2 -1 1 0
7 1 8 8 1 -1 0 0
9 1 10 10 1 -1 0 0
10 1 12 14 2 -1 2 0
11 1 14 14 1 -1 0 0
12 1 16 18 2 -1 2 0
13 1 18 18 1 -1 0 0
15 1 20 20 1 -1 0 0
16 1 22 22 1 -1 0 0
17 1 24 26 2 -1 0 0
147 21 89 19 0 0 90 89
0 2 4 8 12 14 28 30 44 46 60 62 76 78 92 94 108 110 124 126 224 284
0 6 104 137 13 14 15 16 21 22 23 24 29 30 31 32 37 38 39 40 45 46 47 48 53 54 55 56 61 62 63 64 69 70 71 72 77 78 79 80 81 82 83 84 85 86 87 88 89 90 91 92 93 94 95 96 97 98 99 100 101 102 103 142 105 145 107 110 111 112 113 114 115 116 117 118 119 120 121 122 123 125 126 127 128 130 146 132 133
4 14 16 30 32 46 48 62 64 78 80 94 96 110 112 126 128 224 260


0 1 0 260 1 -1 2 1
6 1 4 228 4 -1 0 0
13 1 14 20 4 -1 0 0
14 1 16 166 8 -1 0 0
15 1 18 20 4 -1 -1 0
16 1 22 24 4 -1 -1 0
21 1 30 36 4 -1 0 0
22 1 32 170 8 -1 0 0
23 1 34 36 4 -1 -1 0
24 1 38 40 4 -1 -1 0
29 1 46 52 4 -1 0 0
30 1 48 174 8 -1 0 0
31 1 50 52 4 -1 -1 0
32 1 54 56 4 -1 -1 0
37 1 62 68 4 -1 0 0
38 1 64 178 8 -1 0 0
39 1 66 68 4 -1 -1 0
40 1 70 72 4 -1 -1 0
45 1 78 84 4 -1 0 0
46 1 80 182 8 -1 0 0
47 1 82 84 4 -1 -1 0
48 1 86 88 4 -1 -1 0
53 1 94 100 4 -1 0 0
54 1 96 186 8 -1 0 0
55 1 98 100 4 -1 -1 0
56 1 102 104 4 -1 -1 0
61 1 110 116 4 -1 0 0
62 1 112 190 8 -1 0 0
63 1 114 116 4 -1 -1 0
64 1 118 120 4 -1 -1 0
69 1 126 132 4 -1 0 0
70 1 128 194 8 -1 0 0
71 1 130 132 4 -1 -1 0
72 1 134 136 4 -1 -1 0
77 1 138 138 2 -1 -1 0
78 1 140 140 2 -1 -1 0
79 1 142 142 2 -1 -1 0
80 1 144 144 2 -1 -1 0
81 1 146 146 2 -1 -1 0
82 1 148 148 2 -1 -1 0
83 1 150 150 2 -1 -1 0
84 1 152 152 2 -1 -1 0
85 1 154 154 2 -1 -1 0
86 1 156 156 2 -1 -1 0
87 1 158 158 2 -1 -1 0
88 1 160 162 4 -1 -1 0
89 1 162 216 28 -1 -1 0
90 1 164 166 4 -1 -1 0
91 1 168 170 4 -1 -1 0
92 1 172 174 4 -1 -1 0
93 1 176 178 4 -1 -1 0
94 1 180 182 4 -1 -1 0
95 1 184 186 4 -1 -1 0
96 1 188 190 4 -1 -1 0
97 1 192 194 4 -1 -1 0
98 1 196 198 4 -1 -1 0
99 1 200 202 4 -1 -1 0
100 1 204 206 4 -1 -1 0
101 1 208 210 4 -1 -1 0
102 1 212 214 4 -1 -1 0
103 1 214 216 4 -1 -1 0
104 2 8 8 218 223 6 137 -1 0
105 1 224 276 6 -1 0 0
107 1 230 232 2 -1 -1 0
110 1 234 234 1 -1 -1 0
111 1 236 236 1 -1 -1 0
112 1 238 238 1 -1 -1 0
113 1 240 240 1 -1 -1 0
114 1 242 242 1 -1 -1 0
115 1 244 244 1 -1 -1 0
116 1 246 246 1 -1 -1 0
117 1 248 248 1 -1 -1 0
118 1 250 250 1 -1 -1 0
119 1 252 252 1 -1 -1 0
120 1 254 254 1 -1 -1 0
121 1 256 258 2 -1 -1 0
122 1 258 260 2 -1 1 0
123 1 260 274 2 -1 0 0
125 1 262 264 2 -1 -1 0
126 1 264 266 2 -1 -1 0
127 1 268 270 2 -1 -1 0
128 1 270 272 2 -1 -1 0
130 1 272 274 2 -1 -1 0
132 1 278 280 2 -1 -1 0
133 1 280 282 2 -1 -1 0
137 1 8 218 6 104 -1 0
142 1 220 222 4 -1 -1 0
145 1 226 228 2 -1 -1 0
146 1 276 278 2 -1 -1 0
8 1 8 0 0 0 8 8
0 16
0 1 2 3 4 5 6 7



0 1 0 0 1 -1 -1 1
1 1 0 2 2 -1 -1 0
2 1 2 4 2 -1 -1 0
3 1 4 10 2 -1 -1 0
4 1 6 8 2 -1 -1 0
5 1 8 10 2 -1 -1 0
6 1 10 12 2 -1 -1 0
7 1 12 14 2 -1 -1 0
54 8 38 0 0 0 43 38
0 22 44 46 68 70 94 96 98
0 51 52 53 25 26 27 28 29 30 32 33 34 35 36 38 39 40 42 3 44 45 46 47 48 49 50 7 10 11 12 13 14 16 17 18 20 22



0 2 0 32 43 46 5 3 -1 1
3 2 46 67 69 90 6 42 -1 0
7 1 64 66 2 -1 -1 0
10 1 70 72 2 -1 -1 0
11 1 72 74 2 -1 -1 0
12 1 76 78 2 -1 -1 0
13 1 78 82 2 -1 -1 0
14 1 80 82 2 -1 -1 0
16 1 82 84 2 -1 -1 0
17 1 84 86 2 -1 -1 0
18 1 86 88 2 -1 -1 0
20 2 88 93 95 96 3 -1 -1 0
22 1 90 92 2 -1 -1 0
25 1 6 8 2 -1 -1 0
26 1 8 10 2 -1 -1 0
27 1 12 14 2 -1 -1 0
28 1 14 16 2 -1 -1 0
29 1 16 18 2 -1 -1 0
30 1 18 20 2 -1 -1 0
32 1 22 24 2 -1 -1 0
33 1 24 26 2 -1 -1 0
34 1 28 30 2 -1 -1 0
35 1 30 34 2 -1 -1 0
36 1 32 34 2 -1 -1 0
38 1 34 36 2 -1 -1 0
39 1 36 38 2 -1 -1 0
40 1 38 40 2 -1 -1 0
42 2 40 43 46 46 2 3 -1 0
44 1 48 50 2 -1 -1 0
45 1 50 52 2 -1 -1 0
46 1 54 56 2 -1 -1 0
47 1 56 58 2 -1 -1 0
48 1 58 60 2 -1 -1 0
49 1 60 62 2 -1 -1 0
50 1 62 64 2 -1 -1 0
51 1 0 54 3 -1 -1 0
52 2 2 67 69 76 5 -1 -1 0
53 1 4 12 3 -1 -1 0
650 118 288 62 0 0 343 288
0 74 76 82 84 90 92 100 102 120 122 128 130 136 138 144 146 152 154 160 162 170 172 180 182 190 192 200 202 210 212 218 220 236 238 248 250 260 262 284 286 312 314 338 340 348 350 372 374 394 396 408 410 422 424 432 434 446 448 460 466 468 472 474 506 508 516 518 524 526 532 534 540 542 550 552 558 560 586 588 612 614 620 622 628 630 640 642 654 660 662 666 668 680 682 692 694 700 702 708 710 722 728 730 734 736 750 752 758 760 776 778 792 794 800 802 818 820 826
0 1 2 4 5 7 8 10 11 13 14 16 19 22 24 25 26 27 30 32 33 34 35 36 37 39 40 42 45 46 48 49 51 52 56 57 591 61 590 66 589 70 71 588 75 421 422 423 424 77 78 587 85 586 92 585 99 584 106 583 113 582 433 119 581 124 125 580 130 131 579 136 138 578 143 145 577 150 576 435 436 437 438 155 156 575 162 163 164 574 170 171 172 573 440 441 442 443 444 445 446 178 572 448 449 450 451 452 454 455 456 458 183 571 460 461 462 463 466 467 468 470 188 570 192 193 569 475 476 477 478 479 480 481 473 568 483 484 485 486 487 488 202 567 206 207 208 209 566 212 213 214 215 565 218 219 564 223 224 225 226 563 229 230 231 232 233 234 562 561 239 240 242 245 246 248 249 251 252 254 255 257 258 260 560 492 266 559 270 558 274 557 278 556 282 283 555 287 554 495 496 497 498 499 501 502 503 505 292 553 507 508 509 510 513 514 515 517 297 552 301 551 306 550 312 313 314 549 318 319 320 321 322 323 548 547 328 329 330 331 546 334 335 340 545 344 544 349 543 353 354 355 356 357 358 542 541 363 364 365 367 368 540 375 539 523 524 525 526 380 381 538 386 387 388 390 392 537 399 536 531 532 533 534 404 405 535 410
0 4 8 12 16 20 24 26 28 30 32 36 38 40 42 44 46 48 52 56 58 62 66 78 94 104 116 174 184 194 204 232 244 256 342 400 414 438 452 478 482 484 488 492 496 500 520 528 536 544 636 646 672 686 714 738 742 772 780 784 814 822


0 1 0 0 1 -1 0 0
1 1 2 4 2 -1 2 0
2 1 4 462 5 -1 1 0
4 1 6 8 2 -1 2 0
5 1 8 500 4 -1 5 0
7 1 10 12 2 -1 2 0
8 1 12 582 9 -1 4 0
10 1 14 16 2 -1 2 0
11 1 16 608 6 -1 5 0
13 1 18 20 2 -1 2 0
14 1 20 492 5 -1 4 0
16 1 22 746 6 -1 2 0
19 1 24 104 5 -1 2 0
22 1 26 86 2 -1 0 0
24 1 28 42 2 -1 2 0
25 1 30 32 2 -1 2 0
26 1 32 32 1 -1 0 0
27 1 34 36 2 -1 2 0
30 1 36 38 2 -1 2 0
32 1 38 544 7 -1 2 0
33 1 40 46 2 -1 2 0
34 1 42 42 1 -1 0 0
35 1 44 48 2 -1 2 0
36 1 46 46 1 -1 0 0
37 1 48 48 1 -1 0 0
39 1 50 52 2 -1 2 0
40 1 52 214 3 -1 0 0
42 1 54 56 2 -1 2 0
45 1 56 58 2 -1 2 0
46 1 58 140 2 -1 0 0
48 1 60 62 2 -1 2 0
49 1 62 256 3 -1 2 0
51 1 64 66 2 -1 2 0
52 1 66 386 13 -1 2 0
56 1 68 70 2 -1 -1 0
57 1 70 72 2 -1 -1 0
61 1 78 80 2 -1 0 0
66 1 86 88 2 -1 -1 0
70 1 94 96 2 -1 0 0
71 1 96 98 2 -1 -1 0
75 1 104 110 2 -1 0 0
77 1 114 116 2 -1 1 0
78 1 116 118 2 -1 0 0
85 1 124 126 2 -1 -1 0
92 1 132 134 2 -1 -1 0
99 1 140 142 2 -1 -1 0
106 1 148 150 2 -1 -1 0
113 1 156 158 2 -1 -1 0
119 1 166 168 2 -1 -1 0
124 1 174 176 2 -1 0 0
125 1 176 178 2 -1 -1 0
130 1 184 186 2 -1 0 0
131 1 186 188 2 -1 -1 0
136 1 194 196 2 -1 0 0
138 1 196 198 2 -1 -1 0
143 1 204 206 2 -1 0 0
145 1 206 208 2 -1 -1 0
150 1 214 216 2 -1 -1 0
155 1 230 232 2 -1 1 0
156 1 232 234 2 -1 0 0
162 1 240 244 2 -1 4 0
163 1 242 244 2 -1 8 0
164 1 244 246 2 -1 0 0
170 1 252 256 2 -1 4 0
171 1 254 256 2 -1 8 0
172 1 256 258 2 -1 0 0
178 1 280 282 2 -1 -1 0
183 1 308 310 2 -1 -1 0
188 1 334 336 2 -1 -1 0
192 1 342 344 2 -1 0 0
193 1 344 346 2 -1 -1 0
202 1 390 392 2 -1 -1 0
206 1 398 400 2 -1 2 0
207 1 400 402 2 -1 0 0
208 1 402 404 2 -1 -1 0
209 1 404 406 2 -1 -1 0
212 1 412 414 2 -1 2 0
213 1 414 416 2 -1 0 0
214 1 416 418 2 -1 -1 0
215 1 418 420 2 -1 -1 0
218 1 426 428 2 -1 -1 0
219 1 428 430 2 -1 -1 0
223 1 436 438 2 -1 2 0
224 1 438 440 2 -1 0 0
225 1 440 442 2 -1 -1 0
226 1 442 444 2 -1 -1 0
229 1 450 452 2 -1 2 0
230 1 452 460 3 -1 0 0
231 1 454 456 2 -1 -1 0
232 1 456 458 2 -1 -1 0
233 1 460 462 2 -1 -1 0
234 1 462 464 2 -1 -1 0
239 1 476 478 2 -1 2 0
240 1 478 704 7 -1 2 0
242 1 480 482 2 -1 2 0
245 1 482 484 2 -1 2 0
246 1 484 502 2 -1 0 0
248 1 486 488 2 -1 2 0
249 1 488 594 6 -1 2 0
251 1 490 492 2 -1 2 0
252 1 492 554 2 -1 0 0
254 1 494 496 2 -1 2 0
255 1 496 636 5 -1 2 0
257 1 498 500 2 -1 2 0
258 1 500 616 2 -1 0 0
260 1 502 504 2 -1 -1 0
266 1 512 514 2 -1 -1 0
270 1 520 522 2 -1 0 0
274 1 528 530 2 -1 0 0
278 1 536 538 2 -1 0 0
282 1 544 546 2 -1 0 0
283 1 546 548 2 -1 -1 0
287 1 554 556 2 -1 -1 0
292 1 582 584 2 -1 -1 0
297 1 608 610 2 -1 -1 0
301 1 616 618 2 -1 -1 0
306 1 624 626 2 -1 -1 0
312 1 632 636 2 -1 4 0
313 1 634 636 2 -1 8 0
314 1 636 638 2 -1 0 0
318 1 644 646 2 -1 2 0
319 1 646 654 3 -1 0 0
320 1 648 650 2 -1 -1 0
321 1 650 652 2 -1 -1 0
322 1 654 656 2 -1 -1 0
323 1 656 658 2 -1 -1 0
328 1 670 672 2 -1 2 0
329 1 672 674 2 -1 0 0
330 1 674 676 2 -1 -1 0
331 1 676 678 2 -1 -1 0
334 1 684 686 2 -1 2 0
335 1 686 724 4 -1 0 0
340 1 688 690 2 -1 -1 0
344 1 696 698 2 -1 -1 0
349 1 704 706 2 -1 -1 0
353 1 712 714 2 -1 2 0
354 1 714 722 3 -1 0 0
355 1 716 718 2 -1 -1 0
356 1 718 720 2 -1 -1 0
357 1 722 724 2 -1 -1 0
358 1 724 726 2 -1 -1 0
363 1 738 738 1 -1 0 0
364 1 740 742 2 -1 2 0
365 1 742 766 3 -1 0 0
367 1 744 746 2 -1 -1 0
368 1 746 748 2 -1 -1 0
375 1 754 756 2 -1 -1 0
380 1 770 772 2 -1 1 0
381 1 772 774 2 -1 0 0
386 1 780 780 1 -1 0 0
387 1 782 784 2 -1 2 0
388 1 784 808 3 -1 0 0
390 1 786 788 2 -1 -1 0
392 1 788 790 2 -1 -1 0
399 1 796 798 2 -1 -1 0
404 1 812 814 2 -1 1 0
405 1 814 816 2 -1 0 0
410 1 822 822 1 -1 0 0
421 1 106 108 2 -1 -1 0
422 1 108 110 2 -1 -1 0
423 1 110 112 2 -1 -1 0
424 1 112 116 2 -1 2 0
433 1 164 166 2 -1 -1 0
435 1 222 224 2 -1 -1 0
436 1 224 226 2 -1 -1 0
437 1 226 228 2 -1 -1 0
438 1 228 232 2 -1 2 0
440 1 264 266 2 -1 -1 0
441 1 266 268 2 -1 -1 0
442 1 270 272 2 -1 -1 0
443 1 272 274 2 -1 -1 0
444 1 274 276 2 -1 -1 0
445 1 276 278 2 -1 -1 0
446 1 278 280 2 -1 -1 0
448 1 288 290 2 -1 -1 0
449 1 290 292 2 -1 -1 0
450 1 294 296 2 -1 -1 0
451 1 296 300 2 -1 -1 0
452 1 298 326 3 -1 -1 0
454 1 300 302 2 -1 -1 0
455 1 302 304 2 -1 -1 0
456 1 304 306 2 -1 -1 0
458 1 306 308 2 -1 -1 0
460 1 316 318 2 -1 -1 0
461 1 318 320 2 -1 -1 0
462 1 322 324 2 -1 -1 0
463 1 324 326 2 -1 -1 0
466 1 326 328 2 -1 -1 0
467 1 328 330 2 -1 -1 0
468 1 330 332 2 -1 -1 0
470 1 332 334 2 -1 -1 0
473 1 368 370 2 -1 -1 0
475 1 352 354 2 -1 -1 0
476 1 354 356 2 -1 -1 0
477 1 358 360 2 -1 -1 0
478 1 360 362 2 -1 -1 0
479 1 362 364 2 -1 -1 0
480 1 364 366 2 -1 -1 0
481 1 366 368 2 -1 -1 0
483 1 376 378 2 -1 -1 0
484 1 378 380 2 -1 -1 0
485 1 382 384 2 -1 -1 0
486 1 384 386 2 -1 -1 0
487 1 386 388 2 -1 -1 0
488 1 388 390 2 -1 -1 0
492 1 510 512 2 -1 -1 0
495 1 562 564 2 -1 -1 0
496 1 564 566 2 -1 -1 0
497 1 568 570 2 -1 -1 0
498 1 570 574 2 -1 -1 0
499 1 572 600 3 -1 -1 0
501 1 574 576 2 -1 -1 0
502 1 576 578 2 -1 -1 0
503 1 578 580 2 -1 -1 0
505 1 580 582 2 -1 -1 0
507 1 590 592 2 -1 -1 0
508 1 592 594 2 -1 -1 0
509 1 596 598 2 -1 -1 0
510 1 598 600 2 -1 -1 0
513 1 600 602 2 -1 -1 0
514 1 602 604 2 -1 -1 0
515 1 604 606 2 -1 -1 0
517 1 606 608 2 -1 -1 0
523 1 762 764 2 -1 -1 0
524 1 764 766 2 -1 -1 0
525 1 766 768 2 -1 -1 0
526 1 768 772 2 -1 2 0
531 1 804 806 2 -1 -1 0
532 1 806 808 2 -1 -1 0
533 1 808 810 2 -1 -1 0
534 1 810 814 2 -1 2 0
535 1 820 824 2 536 -1 0
536 2 802 817 820 820 2 537 -1 0
537 2 794 799 802 802 2 538 -1 0
538 2 778 791 794 794 2 539 -1 0
539 2 760 775 778 778 2 540 -1 0
540 2 752 757 760 760 2 541 -1 0
541 2 736 749 752 752 2 542 -1 0
542 2 730 733 736 736 2 543 -1 0
543 2 710 727 730 730 2 544 -1 0
544 2 702 707 710 710 2 545 -1 0
545 2 694 699 702 702 2 546 -1 0
546 2 682 691 694 694 2 547 -1 0
547 1 668 682 2 548 -1 0
548 2 662 665 668 668 2 549 -1 0
549 2 642 659 662 662 2 550 -1 0
550 2 630 639 642 642 2 551 -1 0
551 2 622 627 630 630 2 552 -1 0
552 2 614 619 622 622 2 553 -1 0
553 2 588 611 614 614 2 554 -1 0
554 2 560 585 588 588 2 555 -1 0
555 2 552 557 560 560 2 556 -1 0
556 2 542 549 552 552 2 557 -1 0
557 2 534 539 542 542 2 558 -1 0
558 2 526 531 534 534 2 559 -1 0
559 2 518 523 526 526 2 560 -1 0
560 2 508 515 518 518 2 561 -1 0
561 2 474 505 508 508 2 562 -1 0
562 2 468 471 474 474 2 563 -1 0
563 2 448 465 468 468 2 564 -1 0
564 2 434 445 448 448 2 565 -1 0
565 2 424 431 434 434 2 566 -1 0
566 2 410 421 424 424 2 567 -1 0
567 2 396 407 410 410 2 568 -1 0
568 2 374 393 396 396 2 569 -1 0
569 2 350 371 374 374 2 570 -1 0
570 2 340 347 350 350 2 571 -1 0
571 2 314 337 340 340 2 572 -1 0
572 2 286 311 314 314 2 573 -1 0
573 2 262 283 286 286 2 574 -1 0
574 2 250 259 262 262 2 575 -1 0
575 2 238 247 250 250 2 576 -1 0
576 2 220 235 238 238 2 577 -1 0
577 2 212 217 220 220 2 578 -1 0
578 2 202 209 212 212 2 579 -1 0
579 2 192 199 202 202 2 580 -1 0
580 2 182 189 192 192 2 581 -1 0
581 2 172 179 182 182 2 582 -1 0
582 2 162 169 172 172 2 583 -1 0
583 2 154 159 162 162 2 584 -1 0
584 2 146 151 154 154 2 585 -1 0
585 2 138 143 146 146 2 586 -1 0
586 2 130 135 138 138 2 587 -1 0
587 2 122 127 130 130 2 588 -1 0
588 2 102 119 122 122 2 589 -1 0
589 2 92 99 102 102 2 590 -1 0
590 2 84 89 92 92 2 591 -1 0
591 2 76 81 84 84 2 590 -1 0
10 3 5 3 0 0 5 5
0 2 4 20
5 6 7 8 9
4 6 8


5 1 4 12 3 -1 2 0
6 1 6 6 1 -1 0 0
7 1 8 18 4 -1 0 0
8 1 10 12 2 -1 -1 0
9 1 14 16 2 -1 -1 0
37 5 15 0 0 0 15 15
0 22 32 34 36 38
0 1 2 30 11 35 15 36 17 18 19 4 28 29 6



0 1 0 0 1 -1 -1 1
1 1 0 18 1 -1 -1 1
2 1 0 28 1 -1 -1 1
4 1 18 20 2 -1 -1 0
6 1 28 30 2 -1 -1 0
11 1 2 10 3 -1 -1 0
15 1 6 22 3 -1 -1 0
17 1 12 24 3 -1 -1 0
18 1 14 16 2 -1 -1 0
19 1 16 18 2 -1 -1 0
28 1 24 26 2 -1 -1 0
29 1 26 28 2 -1 -1 0
30 1 0 2 2 -1 -1 0
35 1 4 6 2 -1 -1 0
36 1 10 12 2 -1 -1 0
4 1 0 0 0 0 0 0
0 10




9 5 6 1 0 0 9 6
0 4 6 10 12 14
0 1 2 3 4 6
6


0 2 0 3 5 6 2 -1 2 1
1 1 0 0 1 -1 -1 1
2 2 0 3 5 6 1 -1 1 1
3 2 0 3 5 6 1 -1 5 1
4 1 0 2 2 -1 -1 0
6 1 6 8 2 -1 0 0
3 1 3 1 0 0 3 3
0 6
0 1 2
0


0 1 0 2 1 -1 -1 1
1 1 0 0 1 -1 0 0
2 1 2 4 2 -1 -1 0
3 1 3 1 0 0 3 3
0 6
0 1 2
0


0 1 0 2 1 -1 -1 1
1 1 0 0 1 -1 0 0
2 1 2 4 2 -1 -1 0
2 1 2 2 0 0 2 2
0 4
0 1
0 2


0 1 0 2 1 -1 2 1
1 1 0 0 1 -1 0 0
7 5 4 2 0 0 5 4
0 6 8 12 14 16
0 1 2 4
0 2


0 2 0 5 7 8 2 -1 2 1
1 1 0 0 1 -1 0 0
2 1 2 4 2 -1 0 0
4 1 8 10 2 -1 -1 0
7 5 4 3 0 0 5 4
0 6 8 12 14 16
0 1 2 4
0 2 8


0 2 0 5 7 8 2 -1 2 1
1 1 0 0 1 -1 0 0
2 1 2 4 2 -1 0 0
4 1 8 10 2 -1 0 0
1 1 1 1 0 0 1 1
0 2
0
0


0 1 0 0 1 -1 2 1
3 1 3 1 0 0 3 3
0 6
0 1 2
0


0 1 0 2 1 -1 -1 1
1 1 0 0 1 -1 0 0
2 1 2 4 2 -1 -1 0
2 1 2 1 0 0 2 2
0 4
0 1
0


0 1 0 0 1 -1 2 1
1 1 0 2 2 -1 0 0
173 18 87 14 0 0 91 87
0 6 10 22 28 32 44 54 56 62 66 78 114 140 144 154 204 208 214
0 2 5 6 8 9 10 11 13 23 26 27 29 30 31 32 34 46 115 116 50 52 55 56 58 59 60 61 63 72 74 75 76 119 120 78 83 84 122 123 86 91 92 125 126 94 96 98 99 100 128 129 102 107 108 131 132 110 111 133 135 136 138 163 164 165 166 167 168 169 142 144 148 149 150 151 153 154 155 157 158 159 160 161 112 171 172
44 88 98 108 110 124 134 136 144 158 162 164 166 210


0 3 0 53 55 168 207 210 9 -1 2 1
2 1 0 10 4 -1 -1 0
5 1 2 4 2 -1 -1 0
6 1 6 8 2 -1 -1 0
8 1 10 12 2 -1 -1 0
9 1 12 14 2 -1 -1 0
10 1 14 16 2 -1 -1 0
11 1 16 18 2 -1 -1 0
13 1 18 20 2 -1 -1 0
23 1 22 32 4 -1 -1 0
26 1 24 26 2 -1 -1 0
27 1 28 30 2 -1 -1 0
29 1 32 34 2 -1 -1 0
30 1 34 36 2 -1 -1 0
31 1 36 38 2 -1 -1 0
32 1 38 40 2 -1 -1 0
34 1 40 42 2 -1 -1 0
46 1 44 54 3 -1 0 0
50 1 50 52 2 -1 -1 0
52 1 56 66 4 -1 -1 0
55 1 58 60 2 -1 -1 0
56 1 62 64 2 -1 -1 0
58 1 66 68 2 -1 -1 0
59 1 68 70 2 -1 -1 0
60 1 70 72 2 -1 -1 0
61 1 72 74 2 -1 -1 0
63 1 74 76 2 -1 -1 0
72 1 78 80 2 -1 -1 0
74 1 80 102 4 -1 -1 0
75 1 82 84 2 -1 -1 0
76 1 84 88 2 -1 2 0
78 1 90 110 2 -1 1 0
83 1 92 94 2 -1 -1 0
84 1 94 98 2 -1 2 0
86 1 100 110 2 -1 4 0
91 1 102 104 2 -1 -1 0
92 1 104 108 2 -1 2 0
94 2 110 113 140 140 2 111 0 0
96 1 114 116 2 -1 -1 0
98 1 116 128 3 -1 -1 0
99 1 118 120 2 -1 -1 0
100 1 120 124 2 -1 2 0
102 1 126 136 2 -1 1 0
107 1 128 130 2 -1 -1 0
108 1 130 134 2 -1 2 0
110 1 136 140 2 111 0 0
111 1 140 164 3 94 2 0
112 1 204 206 2 133 -1 0
115 1 46 48 2 -1 -1 0
116 1 48 50 2 -1 -1 0
119 1 86 88 2 -1 1 0
120 1 88 110 2 -1 2 0
122 1 96 98 2 -1 1 0
123 1 98 110 2 -1 5 0
125 1 106 108 2 -1 1 0
126 1 108 110 2 -1 8 0
128 1 122 124 2 -1 1 0
129 1 124 136 2 -1 2 0
131 1 132 134 2 -1 1 0
132 1 134 136 2 -1 5 0
133 2 144 153 204 204 3 112 0 0
135 1 146 148 2 -1 -1 0
136 1 148 150 2 -1 -1 0
138 1 150 152 2 -1 -1 0
142 1 168 170 2 -1 -1 0
144 1 170 198 3 -1 -1 0
148 1 172 174 2 -1 -1 0
149 1 174 176 2 -1 -1 0
150 1 178 180 2 -1 -1 0
151 1 180 182 2 -1 -1 0
153 1 182 184 2 -1 -1 0
154 1 184 186 2 -1 -1 0
155 1 186 194 3 -1 -1 0
157 1 188 190 2 -1 -1 0
158 1 190 192 2 -1 -1 0
159 1 194 196 2 -1 -1 0
160 1 196 198 2 -1 -1 0
161 1 198 200 2 -1 -1 0
163 1 154 156 2 -1 -1 0
164 1 156 164 2 -1 5 0
165 1 158 166 2 -1 2 0
166 1 160 162 2 -1 2 0
167 1 162 162 1 -1 0 0
168 1 164 204 3 112 0 0
169 1 166 166 1 -1 0 0
171 1 208 210 2 -1 1 0
172 1 210 212 2 -1 0 0
6 1 5 0 0 0 5 5
0 10
0 2 3 4 5



0 1 0 4 1 -1 -1 1
2 1 0 2 2 -1 -1 0
3 1 2 4 2 -1 -1 0
4 1 4 6 2 -1 -1 0
5 1 6 8 2 -1 -1 0
74 15 40 3 0 0 57 40
0 12 14 18 20 24 26 28 36 40 86 90 92 96 102 106
0 1 2 3 4 6 47 48 11 13 15 44 68 66 67 21 23 29 49 50 51 52 53 54 55 56 31 57 58 59 60 61 62 63 64 34 36 38 65 46
0 60 80


0 4 0 11 13 17 19 23 25 101 5 -1 2 1
1 1 0 0 1 -1 1 1
2 1 0 2 2 -1 5 1
3 4 0 11 13 17 19 23 25 101 5 -1 -1 1
4 4 0 11 13 17 19 23 25 101 4 -1 0 0
6 4 2 11 13 17 19 23 25 101 6 -1 -1 0
11 1 8 10 2 -1 -1 0
13 1 14 16 2 -1 -1 0
15 1 20 22 2 -1 -1 0
21 1 32 34 4 -1 -1 0
23 1 36 38 4 -1 -1 0
29 1 40 56 6 -1 -1 0
31 1 60 86 6 -1 0 0
34 1 80 86 6 -1 0 0
36 1 82 84 4 -1 -1 0
38 1 86 88 4 -1 -1 0
44 2 28 28 98 101 4 68 -1 0
46 1 102 104 2 -1 -1 0
47 1 4 6 2 -1 -1 0
48 3 6 11 13 17 19 20 3 -1 -1 0
49 1 42 44 4 -1 -1 0
50 1 44 56 4 -1 -1 0
51 1 46 48 4 -1 -1 0
52 1 48 52 4 -1 -1 0
53 1 50 54 4 -1 -1 0
54 1 52 54 4 -1 -1 0
55 1 56 58 4 -1 -1 0
56 1 58 60 4 -1 2 0
57 1 62 64 4 -1 -1 0
58 1 64 76 4 -1 -1 0
59 1 66 68 4 -1 -1 0
60 1 68 72 4 -1 -1 0
61 1 70 74 4 -1 -1 0
62 1 72 74 4 -1 -1 0
63 1 76 78 4 -1 -1 0
64 1 78 80 4 -1 2 0
65 1 92 96 4 67 -1 0
66 2 30 30 96 101 4 67 -1 0
67 2 30 92 101 102 7 66 -1 0
68 1 28 98 12 44 -1 0
5 1 3 0 0 0 3 3
0 6
0 3 4



0 1 0 0 1 -1 -1 1
3 1 0 2 2 -1 -1 0
4 1 2 4 2 -1 -1 0
4 3 4 0 0 0 5 4
0 6 8 12
0 1 2 3



0 2 0 5 7 8 2 -1 -1 1
1 1 0 2 2 -1 -1 0
2 1 2 4 2 -1 -1 0
3 1 8 10 2 -1 -1 0
1 1 1 1 0 0 1 1
0 4
0
0


0 1 0 2 2 -1 0 0
227 27 141 6 0 0 160 141
0 8 26 30 50 62 66 72 74 96 104 108 110 176 208 226 234 238 240 296 300 308 312 332 344 346 366 368
0 1 2 3 4 5 6 7 8 9 10 11 13 15 139 141 145 142 143 146 147 148 149 22 24 25 26 29 30 31 34 150 152 156 153 154 157 158 159 160 39 40 41 42 43 46 48 49 50 51 52 53 56 57 60 61 63 161 164 165 168 169 172 174 178 175 176 179 180 70 73 74 75 76 77 78 80 81 82 83 84 85 86 183 185 189 186 187 190 191 87 88 89 90 93 95 96 97 98 99 100 103 104 107 108 110 114 194 196 200 197 198 201 202 115 116 117 119 121 205 207 211 208 209 212 213 214 215 128 130 131 132 135 137 216 218 222 219 220 223 224
56 62 104 204 234 338


0 5 0 71 73 162 175 212 225 282 295 352 10 -1 -1 1
1 2 0 16 295 300 5 -1 -1 1
2 1 0 2 2 -1 -1 0
3 2 2 7 295 296 3 -1 -1 0
4 1 4 6 2 -1 -1 0
5 1 8 10 2 -1 -1 0
6 1 10 62 6 -1 5 0
7 1 12 14 2 -1 -1 0
8 4 14 71 73 136 175 207 225 266 4 -1 -1 0
9 1 16 18 2 -1 -1 0
10 4 18 71 73 140 175 207 225 270 4 -1 -1 0
11 3 20 71 73 95 175 204 2 -1 1 0
13 1 22 24 2 -1 -1 0
15 1 26 28 2 -1 -1 0
22 1 50 56 2 149 2 0
24 1 52 56 2 -1 1 0
25 1 54 56 2 -1 4 0
26 2 56 61 66 66 3 31 0 0
29 1 58 60 2 -1 -1 0
30 1 62 66 2 31 0 0
31 4 66 71 73 128 175 207 225 262 6 26 -1 0
34 1 68 70 2 -1 -1 0
39 1 92 94 2 -1 -1 0
40 1 96 98 2 -1 -1 0
41 1 98 100 2 -1 -1 0
42 1 100 102 2 -1 -1 0
43 1 104 104 1 -1 0 0
46 1 110 142 4 -1 -1 0
48 1 112 114 2 -1 -1 0
49 1 114 116 2 -1 -1 0
50 1 118 120 2 -1 -1 0
51 1 120 124 2 -1 -1 0
52 1 122 124 2 -1 -1 0
53 1 124 138 5 -1 -1 0
56 1 126 128 2 -1 -1 0
57 1 130 132 2 -1 -1 0
60 1 134 136 2 -1 -1 0
61 1 138 140 2 -1 -1 0
63 1 142 172 4 -1 -1 0
70 1 176 188 3 -1 -1 0
73 1 178 180 2 -1 -1 0
74 1 180 182 2 -1 -1 0
75 1 184 186 2 -1 -1 0
76 1 186 190 2 -1 -1 0
77 1 188 190 2 -1 -1 0
78 1 190 192 2 -1 -1 0
80 1 192 198 3 -1 -1 0
81 1 194 196 2 -1 -1 0
82 1 196 202 2 -1 -1 0
83 1 198 200 2 -1 -1 0
84 1 200 202 2 -1 -1 0
85 1 202 204 2 -1 2 0
86 1 204 206 2 -1 0 0
87 1 226 228 2 -1 -1 0
88 1 228 230 2 -1 -1 0
89 1 230 232 2 -1 -1 0
90 1 234 234 1 -1 0 0
93 1 240 272 4 -1 -1 0
95 1 242 244 2 -1 -1 0
96 1 244 246 2 -1 -1 0
97 1 248 250 2 -1 -1 0
98 1 250 254 2 -1 -1 0
99 1 252 254 2 -1 -1 0
100 1 254 268 5 -1 -1 0
103 1 256 258 2 -1 -1 0
104 1 260 262 2 -1 -1 0
107 1 264 266 2 -1 -1 0
108 1 268 270 2 -1 -1 0
110 1 272 276 3 -1 -1 0
114 1 276 292 2 -1 -1 0
115 1 296 298 2 -1 -1 0
116 1 300 302 2 -1 -1 0
117 1 302 316 5 -1 -1 0
119 1 304 306 2 -1 -1 0
121 1 308 310 2 -1 -1 0
128 1 332 346 3 215 2 0
130 1 334 338 2 -1 1 0
131 1 336 338 2 -1 4 0
132 1 338 340 2 -1 0 0
135 1 340 342 2 -1 -1 0
137 1 346 362 2 128 -1 0
139 1 30 36 2 -1 -1 0
141 1 32 36 2 -1 -1 0
142 1 36 38 2 -1 -1 0
143 1 38 40 2 -1 -1 0
145 1 34 40 2 -1 -1 0
146 1 40 42 2 -1 -1 0
147 1 42 44 2 -1 -1 0
148 1 44 46 2 -1 -1 0
149 1 46 50 2 22 -1 0
150 1 74 80 2 -1 -1 0
152 1 76 148 3 -1 -1 0
153 1 80 82 2 -1 -1 0
154 1 82 84 2 -1 -1 0
156 1 78 152 3 -1 -1 0
157 1 84 86 2 -1 -1 0
158 1 86 88 2 -1 -1 0
159 1 88 90 2 -1 -1 0
160 2 90 95 175 222 4 -1 -1 0
161 1 146 148 2 -1 -1 0
164 1 148 150 2 -1 -1 0
165 1 150 152 2 -1 -1 0
168 1 152 154 2 -1 -1 0
169 1 154 156 2 -1 -1 0
172 1 158 164 2 -1 -1 0
174 1 160 164 2 -1 -1 0
175 1 164 166 2 -1 -1 0
176 1 166 168 2 -1 -1 0
178 1 162 168 2 -1 -1 0
179 1 168 170 2 -1 -1 0
180 1 170 172 2 -1 -1 0
183 1 208 214 2 -1 -1 0
185 1 210 214 2 -1 -1 0
186 1 214 216 2 -1 -1 0
187 1 216 218 2 -1 -1 0
189 1 212 218 2 -1 -1 0
190 1 218 220 2 -1 -1 0
191 1 220 222 2 -1 -1 0
194 1 278 284 2 -1 -1 0
196 1 280 284 2 -1 -1 0
197 1 284 286 2 -1 -1 0
198 1 286 288 2 -1 -1 0
200 1 282 288 2 -1 -1 0
201 1 288 290 2 -1 -1 0
202 1 290 292 2 -1 -1 0
205 1 312 318 2 -1 -1 0
207 1 314 318 2 -1 -1 0
208 1 318 320 2 -1 -1 0
209 1 320 322 2 -1 -1 0
211 1 316 322 2 -1 -1 0
212 1 322 324 2 -1 -1 0
213 1 324 326 2 -1 -1 0
214 1 326 328 2 -1 -1 0
215 1 328 332 2 128 -1 0
216 1 348 354 2 -1 -1 0
218 1 350 354 2 -1 -1 0
219 1 354 356 2 -1 -1 0
220 1 356 358 2 -1 -1 0
222 1 352 358 2 -1 -1 0
223 1 358 360 2 -1 -1 0
224 1 360 362 2 -1 -1 0
4 3 2 0 0 0 3 2
0 4 6 8
0 2



0 2 0 3 5 6 2 -1 -1 1
2 1 0 2 2 -1 -1 0
57 7 37 8 0 0 39 37
0 22 26 30 58 66 92 94
0 1 2 3 55 6 8 10 11 12 14 15 16 17 18 19 20 21 22 23 24 34 39 41 53 46 49 29 30 56 33 35 36 37 40 42 44
10 16 26 32 34 36 46 92


0 1 0 92 4 -1 2 1
1 1 0 92 1 -1 4 1
2 1 0 2 2 -1 -1 0
3 1 2 91 5 -1 -1 0
6 1 6 8 2 -1 -1 0
8 1 8 44 5 -1 -1 0
10 1 10 46 2 -1 2 0
11 1 12 14 2 -1 -1 0
12 1 14 16 2 -1 2 0
14 1 16 16 1 -1 0 0
15 1 18 20 2 -1 -1 0
16 1 22 24 2 -1 -1 0
17 1 26 26 1 -1 0 0
18 1 30 34 3 -1 2 0
19 1 32 40 3 -1 2 0
20 1 34 34 1 -1 0 0
21 1 36 92 6 -1 1 0
22 1 38 40 2 -1 -1 0
23 1 42 44 2 -1 -1 0
24 1 46 46 1 -1 0 0
29 2 60 65 91 92 5 -1 5 0
30 1 62 64 4 -1 -1 0
33 1 68 70 4 -1 -1 0
34 1 48 91 3 -1 -1 0
35 1 72 76 4 -1 -1 0
36 1 74 84 6 -1 -1 0
37 1 76 86 4 -1 -1 0
39 1 50 91 3 -1 -1 0
40 1 78 80 4 -1 -1 0
41 1 52 91 3 -1 -1 0
42 1 82 84 4 -1 -1 0
44 1 84 86 4 -1 -1 0
46 2 58 58 88 91 4 49 -1 0
49 1 58 88 12 46 -1 0
53 1 54 91 3 -1 -1 0
55 1 4 6 2 -1 -1 0
56 1 66 68 4 -1 -1 0
43 6 29 2 0 0 35 29
0 6 12 18 22 28 68
0 1 2 3 4 5 6 7 10 11 12 15 17 22 24 26 27 28 29 30 31 32 33 34 35 36 38 41 42
0 12


0 1 0 0 1 -1 2 1
1 2 0 5 11 12 1 -1 2 1
2 1 0 0 1 -1 1 1
3 3 0 5 11 21 27 36 2 -1 -1 1
4 2 0 5 11 18 1 -1 -1 1
5 1 0 0 1 -1 5 1
6 1 0 66 8 -1 -1 1
7 2 0 5 11 12 3 -1 1 0
10 1 2 4 2 -1 -1 0
11 1 6 8 2 -1 -1 0
12 2 12 21 27 28 4 -1 0 0
15 1 14 16 2 -1 -1 0
17 1 18 20 2 -1 -1 0
22 1 22 24 2 -1 -1 0
24 1 28 40 3 -1 -1 0
26 1 30 32 2 -1 -1 0
27 1 32 34 2 -1 -1 0
28 1 36 38 2 -1 -1 0
29 1 38 42 2 -1 -1 0
30 1 40 42 2 -1 -1 0
31 1 42 44 2 -1 -1 0
32 1 44 50 3 -1 -1 0
33 1 46 48 2 -1 -1 0
34 1 48 60 2 -1 -1 0
35 1 50 52 2 -1 -1 0
36 1 52 64 2 -1 -1 0
38 1 54 56 2 -1 -1 0
41 1 58 60 2 -1 -1 0
42 1 62 64 2 -1 -1 0
16 1 16 0 0 0 16 16
0 54
0 1 2 3 4 5 6 7 8 9 10 11 12 13 14 15



0 1 0 52 12 -1 -1 1
1 1 0 10 2 -1 -1 0
2 1 2 30 2 -1 -1 0
3 1 4 34 2 -1 -1 0
4 1 6 42 2 -1 -1 0
5 1 8 10 2 -1 -1 0
6 1 12 14 2 -1 -1 0
7 1 16 18 2 -1 -1 0
8 1 20 22 2 -1 -1 0
9 1 24 26 2 -1 -1 0
10 1 28 30 2 -1 -1 0
11 1 32 34 2 -1 -1 0
12 1 36 38 2 -1 -1 0
13 1 40 42 2 -1 -1 0
14 1 44 46 2 -1 -1 0
15 1 48 50 2 -1 -1 0
12 1 9 2 0 0 9 9
0 18
0 1 10 11 3 4 5 6 9
10 12


0 1 0 12 2 -1 2 1
1 1 0 16 2 -1 -1 1
3 1 4 4 1 -1 -1 0
4 1 6 8 2 -1 -1 0
5 1 8 10 2 -1 1 0
6 1 10 14 3 -1 1 0
9 1 12 12 1 -1 0 0
10 1 0 2 2 -1 -1 0
11 1 2 10 2 -1 2 0
3 1 3 0 0 0 3 3
0 6
0 1 2



0 1 0 0 1 -1 -1 1
1 1 0 2 2 -1 -1 0
2 1 2 4 2 -1 -1 0
48 1 30 5 0 0 30 30
0 60
0 1 2 3 4 5 7 9 10 11 12 13 14 15 17 18 19 21 26 22 23 27 28 32 37 38 46 43 44 47
4 6 16 18 58


0 1 0 58 3 -1 2 1
1 1 0 28 2 -1 -1 1
2 1 0 16 1 -1 2 1
3 1 0 58 1 -1 1 1
4 1 0 2 2 -1 -1 0
5 1 2 6 2 -1 2 0
7 1 4 18 2 -1 2 0
9 1 6 6 1 -1 0 0
10 1 8 8 1 -1 -1 0
11 1 10 10 1 -1 -1 0
12 1 12 14 2 -1 -1 0
13 1 14 16 2 -1 1 0
14 1 16 50 4 -1 0 0
15 1 18 18 1 -1 0 0
17 1 20 22 2 -1 -1 0
18 1 22 24 2 -1 -1 0
19 1 24 30 2 -1 -1 0
21 1 26 30 2 -1 -1 0
22 1 30 32 2 -1 -1 0
23 1 32 34 2 -1 -1 0
26 1 28 34 2 -1 -1 0
27 1 34 36 2 -1 -1 0
28 1 36 54 4 -1 -1 0
32 1 38 40 2 -1 -1 0
37 1 42 44 2 -1 -1 0
38 1 44 48 2 -1 -1 0
43 1 50 52 2 -1 -1 0
44 1 52 56 2 -1 -1 0
46 1 46 48 2 -1 -1 0
47 1 54 56 2 -1 -1 0
31 7 24 1 0 0 28 24
0 4 6 46 52 54 56 58
0 1 2 3 4 6 7 9 10 11 12 15 16 18 19 20 21 13 14 22 23 24 26 27
48


0 2 0 3 5 48 2 -1 2 1
1 2 0 3 5 48 2 -1 1 1
2 2 0 3 5 48 2 -1 5 1
3 2 0 3 5 46 6 -1 -1 1
4 1 0 2 2 -1 -1 0
6 1 6 8 2 -1 -1 0
7 1 8 16 3 -1 -1 0
9 1 10 12 2 -1 -1 0
10 1 12 14 2 -1 -1 0
11 1 16 18 2 -1 -1 0
12 1 18 34 2 -1 -1 0
13 1 34 36 2 -1 -1 0
14 1 36 42 2 -1 -1 0
15 1 20 22 2 -1 -1 0
16 1 22 30 3 -1 -1 0
18 1 24 26 2 -1 -1 0
19 1 26 28 2 -1 -1 0
20 1 30 32 2 -1 -1 0
21 1 32 38 2 -1 -1 0
22 1 38 40 2 -1 -1 0
23 1 40 42 2 -1 -1 0
24 1 42 44 2 -1 -1 0
26 1 46 48 2 -1 4 0
27 1 48 50 2 -1 0 0
9 3 8 2 0 0 9 8
0 2 20 22
0 1 2 3 4 7 8 6
16 20


0 2 0 16 19 20 2 -1 1 1
1 1 2 2 1 -1 -1 0
2 1 4 4 1 -1 -1 0
3 1 6 8 2 -1 -1 0
4 1 8 16 3 -1 2 0
6 1 16 18 2 -1 0 0
7 1 10 12 2 -1 -1 0
8 1 12 14 2 -1 -1 0
4 1 4 1 0 0 4 4
0 2
0 1 2 3
0


0 1 0 0 1 -1 2 1
1 1 0 0 1 -1 1 1
2 1 0 0 2 -1 5 1
3 1 0 0 1 -1 8 1
6 1 6 2 0 0 6 6
0 16
0 1 2 3 4 5
8 10


0 1 0 0 1 -1 -1 0
1 1 2 2 1 -1 -1 0
2 1 4 6 2 -1 -1 0
3 1 6 8 2 -1 2 0
4 1 8 12 2 -1 0 0
5 1 10 14 3 -1 0 0
45 3 35 1 0 0 35 35
0 2 84 86
0 1 2 3 39 40 5 6 9 10 11 12 14 15 16 17 18 41 42 20 21 24 25 26 27 29 30 31 32 33 43 44 35 36 37
80


0 1 2 2 1 -1 -1 0
1 1 4 4 1 -1 -1 0
2 1 6 8 2 -1 -1 0
3 1 8 16 3 -1 -1 0
5 1 16 18 2 -1 -1 0
6 1 18 26 3 -1 -1 0
9 1 20 22 2 -1 -1 0
10 1 22 24 2 -1 -1 0
11 1 26 28 2 -1 -1 0
12 1 28 30 2 -1 -1 0
14 1 30 80 2 -1 2 0
15 1 32 32 1 -1 -1 0
16 1 34 34 1 -1 -1 0
17 1 36 38 2 -1 -1 0
18 1 38 46 3 -1 -1 0
20 1 46 48 2 -1 -1 0
21 1 48 56 3 -1 -1 0
24 1 50 52 2 -1 -1 0
25 1 52 54 2 -1 -1 0
26 1 56 58 2 -1 -1 0
27 1 58 60 2 -1 -1 0
29 1 60 80 2 -1 1 0
30 1 62 62 1 -1 -1 0
31 1 64 64 1 -1 -1 0
32 1 66 68 2 -1 -1 0
33 1 68 76 3 -1 -1 0
35 1 76 78 2 -1 -1 0
36 1 78 80 2 -1 5 0
37 1 80 80 1 -1 0 0
39 1 10 12 2 -1 -1 0
40 1 12 14 2 -1 -1 0
41 1 40 42 2 -1 -1 0
42 1 42 44 2 -1 -1 0
43 1 70 72 2 -1 -1 0
44 1 72 74 2 -1 -1 0
66 3 27 1 0 0 28 27
0 2 4 72
0 60 3 53 7 54 9 11 61 26 29 30 31 32 34 62 36 37 63 40 41 64 44 45 65 48 49
40


0 2 0 1 3 58 6 -1 -1 1
3 1 6 14 3 -1 -1 0
7 1 10 12 2 -1 -1 0
9 1 16 18 2 -1 -1 0
11 1 18 40 2 -1 2 0
26 1 22 30 3 -1 -1 0
29 1 24 26 2 -1 -1 0
30 1 26 28 2 -1 -1 0
31 1 30 32 2 -1 -1 0
32 1 32 34 2 -1 -1 0
34 1 34 40 2 -1 1 0
36 1 38 40 2 -1 5 0
37 1 40 40 1 -1 0 0
40 1 44 48 2 -1 -1 0
41 1 46 48 2 -1 -1 0
44 1 52 56 2 -1 -1 0
45 1 54 56 2 -1 -1 0
48 1 60 64 2 -1 -1 0
49 1 62 64 2 -1 -1 0
53 1 8 10 2 -1 -1 0
54 1 14 16 2 -1 -1 0
60 1 4 6 2 -1 -1 0
61 1 20 22 2 -1 -1 0
62 1 36 38 2 -1 -1 0
63 1 42 44 2 -1 -1 0
64 1 50 52 2 -1 -1 0
65 1 58 60 2 -1 -1 0
73 1 27 0 0 0 27 27
0 56
0 68 11 69 15 70 17 19 71 21 9 72 35 23 48 49 50 51 37 64 65 66 67 53 5 6 7



0 1 0 0 1 -1 -1 1
5 1 48 50 2 -1 -1 0
6 1 50 52 2 -1 -1 0
7 1 52 54 2 -1 -1 0
9 1 20 52 2 -1 -1 0
11 1 2 10 3 -1 -1 0
15 1 6 8 2 -1 -1 0
17 1 12 14 2 -1 -1 0
19 1 14 38 5 -1 -1 0
21 1 18 20 2 -1 -1 0
23 1 26 50 2 -1 -1 0
35 1 24 26 2 -1 -1 0
37 1 36 48 2 -1 -1 0
48 1 28 30 2 -1 -1 0
49 1 30 32 2 -1 -1 0
50 1 32 34 2 -1 -1 0
51 1 34 36 2 -1 -1 0
53 1 46 48 2 -1 -1 0
64 1 38 40 2 -1 -1 0
65 1 40 42 2 -1 -1 0
66 1 42 44 2 -1 -1 0
67 1 44 46 2 -1 -1 0
68 1 0 2 2 -1 -1 0
69 1 4 6 2 -1 -1 0
70 1 10 12 2 -1 -1 0
71 1 16 18 2 -1 -1 0
72 1 22 24 2 -1 -1 0
30 10 12 4 0 0 13 12
0 6 10 14 16 20 24 28 32 34 38
0 1 2 3 5 7 12 16 18 21 23 29
0 10 20 34


0 1 0 28 4 -1 2 1
1 2 0 31 33 34 4 -1 2 1
2 1 0 10 1 -1 2 1
3 1 0 6 3 -1 0 0
5 1 2 4 2 -1 -1 0
7 1 6 8 2 -1 -1 0
12 1 10 10 1 -1 0 0
16 1 16 18 2 -1 -1 0
18 1 20 20 1 -1 0 0
21 1 24 26 2 -1 -1 0
23 1 28 30 2 -1 -1 0
29 1 34 34 1 -1 0 0
14 1 10 0 0 0 10 10
0 18
0 1 2 3 5 10 6 7 11 12



0 1 0 0 1 -1 -1 1
1 1 0 4 2 -1 -1 1
2 1 0 16 2 -1 -1 1
3 1 0 6 2 -1 -1 0
5 1 2 6 2 -1 -1 0
6 1 6 8 2 -1 -1 0
7 1 8 10 2 -1 -1 0
10 1 4 10 2 -1 -1 0
11 1 10 12 2 -1 -1 0
12 1 12 14 2 -1 -1 0
45 1 28 2 0 0 28 28
0 58
0 1 2 36 4 41 11 42 13 15 16 17 18 19 20 21 22 23 24 25 26 27 28 43 31 44 33 35
40 56


0 1 0 0 1 -1 -1 1
1 1 0 40 1 -1 1 1
2 1 0 40 1 -1 5 1
4 1 2 48 5 -1 -1 0
11 1 6 8 2 -1 -1 0
13 1 12 14 2 -1 -1 0
15 1 14 40 2 -1 2 0
16 1 16 16 1 -1 -1 0
17 1 18 18 1 -1 -1 0
18 1 20 20 1 -1 -1 0
19 1 22 22 1 -1 -1 0
20 1 24 24 1 -1 -1 0
21 1 26 26 1 -1 -1 0
22 1 28 28 1 -1 -1 0
23 1 30 30 1 -1 -1 0
24 1 32 32 1 -1 -1 0
25 1 34 34 1 -1 -1 0
26 1 36 38 2 -1 -1 0
27 1 38 40 2 -1 4 0
28 1 40 54 2 -1 0 0
31 1 44 46 2 -1 -1 0
33 1 50 52 2 -1 -1 0
35 1 52 54 2 -1 -1 0
36 1 0 2 2 -1 -1 0
41 1 4 6 2 -1 -1 0
42 1 10 12 2 -1 -1 0
43 1 42 44 2 -1 -1 0
44 1 48 50 2 -1 -1 0
212 16 116 12 0 0 122 116
0 44 46 122 126 138 142 146 166 176 178 182 186 194 196 214 296
0 1 2 3 6 7 8 9 11 155 156 15 157 19 23 25 26 27 28 29 30 167 76 164 198 36 39 40 41 42 44 45 46 47 48 49 50 51 52 53 54 55 56 57 58 59 60 61 64 199 66 69 70 71 72 74 169 77 78 200 81 83 84 85 86 87 88 89 90 91 171 201 98 99 100 175 174 181 184 189 110 160 101 102 108 173 194 112 195 116 196 118 120 202 133 203 135 204 137 138 139 140 141 205 143 206 145 207 208 209 149 150 151 210 211 154
20 22 24 38 72 96 142 148 150 152 190 290


0 1 0 0 1 -1 -1 1
1 1 0 294 2 -1 -1 1
2 1 0 2 2 -1 -1 0
3 1 2 10 3 -1 -1 0
6 1 4 6 2 -1 -1 0
7 1 6 8 2 -1 -1 0
8 1 10 12 2 -1 -1 0
9 1 12 14 2 -1 -1 0
11 1 14 246 7 -1 2 0
15 1 20 290 2 -1 2 0
19 1 24 24 1 -1 0 0
23 1 26 28 2 -1 -1 0
25 1 28 38 2 -1 1 0
26 1 30 30 1 -1 -1 0
27 1 32 32 1 -1 -1 0
28 1 34 36 2 -1 -1 0
29 1 36 38 2 -1 4 0
30 1 38 292 7 -1 0 0
36 1 50 58 6 -1 -1 0
39 1 52 54 4 -1 -1 0
40 1 54 56 4 -1 -1 0
41 1 58 60 4 -1 -1 0
42 1 60 62 4 -1 -1 0
44 1 62 96 4 -1 2 0
45 1 64 64 2 -1 -1 0
46 1 66 66 2 -1 -1 0
47 1 68 70 4 -1 -1 0
48 1 70 72 4 -1 5 0
49 1 72 96 4 -1 1 0
50 1 74 74 2 -1 -1 0
51 1 76 76 2 -1 -1 0
52 1 78 78 2 -1 -1 0
53 1 80 80 2 -1 -1 0
54 1 82 82 2 -1 -1 0
55 1 84 84 2 -1 -1 0
56 1 86 86 2 -1 -1 0
57 1 88 88 2 -1 -1 0
58 1 90 90 2 -1 -1 0
59 1 92 94 4 -1 -1 0
60 1 94 96 4 -1 5 0
61 1 96 98 4 -1 0 0
64 1 98 116 4 -1 -1 0
66 1 102 110 6 -1 -1 0
69 1 104 106 4 -1 -1 0
70 1 106 108 4 -1 -1 0
71 1 110 112 4 -1 -1 0
72 1 112 114 4 -1 -1 0
74 1 114 116 4 -1 -1 0
76 2 46 46 118 125 6 164 -1 0
77 1 126 128 2 -1 -1 0
78 1 128 170 4 -1 -1 0
81 2 132 190 193 213 12 -1 5 0
83 1 134 136 2 -1 -1 0
84 1 138 140 2 -1 -1 0
85 1 142 142 1 -1 0 0
86 1 146 150 3 -1 2 0
87 2 148 188 193 213 6 -1 2 0
88 1 150 150 1 -1 0 0
89 1 152 276 4 -1 0 0
90 1 154 156 2 -1 -1 0
91 1 158 160 2 -1 -1 0
98 2 168 185 193 213 4 -1 -1 0
99 1 170 172 2 -1 -1 0
100 2 172 186 193 213 4 -1 -1 0
101 1 200 202 4 -1 -1 0
102 1 202 206 4 -1 -1 0
108 1 204 206 4 -1 -1 0
110 2 196 196 208 213 6 160 -1 0
112 1 216 224 3 -1 -1 0
116 1 220 222 2 -1 -1 0
118 1 226 228 2 -1 -1 0
120 1 228 286 14 -1 -1 0
133 1 232 260 2 -1 -1 0
135 1 236 264 2 -1 -1 0
137 1 240 268 2 -1 -1 0
138 1 242 244 2 -1 -1 0
139 1 244 272 2 -1 -1 0
140 1 246 248 2 -1 -1 0
141 1 248 280 2 -1 -1 0
143 1 252 284 2 -1 -1 0
145 1 256 288 2 -1 -1 0
149 1 270 272 2 -1 -1 0
150 1 274 276 2 -1 -1 0
151 1 278 280 2 -1 -1 0
154 1 290 290 1 -1 0 0
155 1 16 18 2 -1 -1 0
156 1 18 125 5 -1 -1 0
157 1 22 38 3 -1 2 0
160 1 196 208 10 110 -1 0
164 1 46 118 6 76 1 0
167 1 40 42 2 -1 -1 0
169 1 122 124 4 -1 -1 0
171 1 162 164 2 -1 -1 0
173 1 210 212 4 -1 -1 0
174 1 182 184 2 -1 -1 0
175 1 178 180 2 -1 -1 0
181 1 186 190 2 -1 1 0
184 1 188 190 2 -1 2 0
189 1 190 190 1 -1 0 0
194 1 214 216 2 -1 -1 0
195 1 218 220 2 -1 -1 0
196 1 224 226 2 -1 -1 0
198 1 48 50 4 -1 -1 0
199 1 100 102 4 -1 -1 0
200 1 130 132 2 -1 -1 0
201 1 166 168 2 -1 -1 0
202 1 230 232 2 -1 -1 0
203 1 234 236 2 -1 -1 0
204 1 238 240 2 -1 -1 0
205 1 250 252 2 -1 -1 0
206 1 254 256 2 -1 -1 0
207 1 258 260 2 -1 -1 0
208 1 262 264 2 -1 -1 0
209 1 266 268 2 -1 -1 0
210 1 282 284 2 -1 -1 0
211 1 286 288 2 -1 -1 0
20 6 16 4 0 0 17 16
0 4 16 18 22 26 52
0 1 3 4 6 7 9 10 11 12 13 14 15 16 18 19
22 28 30 32


0 2 0 3 15 40 4 -1 -1 1
1 1 0 50 6 -1 -1 1
3 1 0 2 2 -1 -1 0
4 1 4 8 2 -1 -1 0
6 1 6 8 2 -1 -1 0
7 1 10 12 2 -1 -1 0
9 1 18 20 2 -1 -1 0
10 1 22 22 1 -1 0 0
11 1 26 30 3 -1 2 0
12 1 28 36 3 -1 2 0
13 1 30 30 1 -1 0 0
14 1 32 44 4 -1 0 0
15 1 34 36 2 -1 -1 0
16 1 38 40 2 -1 -1 0
18 1 42 44 2 -1 -1 0
19 1 46 48 2 -1 -1 0
18 4 13 2 0 0 14 13
0 8 12 14 30
0 1 2 16 17 5 6 8 9 10 11 12 15
22 24


0 1 0 24 2 -1 1 1
1 1 0 24 3 -1 5 1
2 1 0 28 2 -1 -1 1
5 1 4 6 2 -1 -1 0
6 2 8 11 14 14 2 8 -1 0
8 1 14 22 2 6 2 0
9 1 16 16 1 -1 -1 0
10 1 18 20 2 -1 -1 0
11 1 20 22 2 -1 1 0
12 1 22 26 3 -1 2 0
15 1 24 24 1 -1 0 0
16 1 0 2 2 -1 -1 0
17 1 2 8 3 -1 -1 0
7 1 7 1 0 0 7 7
0 16
0 1 2 3 4 5 6
0


0 1 0 0 1 -1 2 1
1 1 0 12 1 -1 -1 1
2 1 0 14 4 -1 -1 1
3 1 0 8 2 -1 0 0
4 1 2 4 2 -1 -1 0
5 1 6 8 2 -1 -1 0
6 1 10 12 2 -1 -1 0
21 3 16 1 0 0 17 16
0 8 32 36
0 1 2 3 4 5 6 7 9 10 13 14 15 16 19 20
30


0 1 0 12 1 -1 -1 1
1 2 0 8 31 32 3 -1 -1 1
2 1 0 34 3 -1 5 1
3 1 0 2 2 -1 -1 0
4 1 2 4 2 -1 -1 0
5 1 4 6 2 -1 -1 0
6 1 8 10 2 -1 -1 0
7 1 10 30 2 -1 1 0
9 1 12 14 2 -1 -1 0
10 1 14 22 3 -1 -1 0
13 1 16 18 2 -1 -1 0
14 1 18 20 2 -1 -1 0
15 1 22 24 2 -1 -1 0
16 1 24 26 2 -1 -1 0
19 1 26 28 2 -1 -1 0
20 1 28 30 2 -1 2 0
6 1 6 1 0 0 6 6
0 12
0 1 2 3 4 5
0


0 1 0 0 1 -1 2 1
1 1 0 0 1 -1 1 1
2 1 0 10 3 -1 -1 1
3 1 0 8 2 -1 0 0
4 1 2 4 2 -1 -1 0
5 1 6 8 2 -1 -1 0
36 3 21 1 0 0 21 21
0 16 20 50
0 1 31 5 32 3 6 7 8 10 33 13 34 16 18 19 20 21 22 25 35
16


0 1 0 44 6 -1 2 1
1 1 0 40 1 -1 -1 1
3 1 6 12 2 -1 -1 0
5 1 2 8 2 -1 -1 0
6 1 8 10 2 -1 -1 0
7 1 10 12 2 -1 -1 0
8 1 12 14 2 -1 -1 0
10 1 16 16 1 -1 0 0
13 1 22 42 4 -1 -1 0
16 1 26 34 3 -1 -1 0
18 1 28 30 2 -1 -1 0
19 1 30 32 2 -1 -1 0
20 1 34 36 2 -1 -1 0
21 1 36 38 2 -1 -1 0
22 1 38 40 2 -1 -1 0
25 1 42 46 2 -1 -1 0
31 1 0 2 2 -1 -1 0
32 1 4 6 2 -1 -1 0
33 1 20 22 2 -1 -1 0
34 1 24 26 2 -1 -1 0
35 1 44 46 2 -1 -1 0
42 4 19 0 0 0 24 19
0 4 6 8 44
0 1 2 3 36 21 31 7 8 9 10 11 12 14 15 16 17 19 41



0 2 0 3 5 43 4 -1 -1 1
1 2 0 3 5 43 4 -1 -1 1
2 2 0 3 5 8 3 31 -1 1
3 2 0 3 5 43 3 -1 -1 1
7 1 10 12 4 -1 -1 0
8 1 12 14 4 -1 -1 0
9 1 16 18 4 -1 -1 0
10 1 18 22 4 -1 -1 0
11 1 20 34 6 -1 -1 0
12 1 22 36 4 -1 -1 0
14 1 24 26 4 -1 -1 0
15 1 26 28 4 -1 -1 0
16 1 30 32 4 -1 -1 0
17 1 32 34 4 -1 -1 0
19 1 34 36 4 -1 -1 0
21 2 8 8 38 43 6 31 -1 0
31 1 8 38 10 21 -1 0
36 1 0 2 2 -1 -1 0
41 1 40 42 4 -1 -1 0
23 4 14 0 0 0 14 14
0 4 12 32 34
0 1 2 7 3 4 8 14 15 17 18 19 20 21



0 1 0 12 2 -1 -1 1
1 1 0 26 4 -1 -1 1
2 1 0 28 1 -1 -1 1
3 1 4 6 2 -1 -1 0
4 1 6 8 2 -1 -1 0
7 1 0 2 2 -1 -1 0
8 1 8 10 2 -1 -1 0
14 1 12 14 2 -1 -1 0
15 1 14 22 3 -1 -1 0
17 1 16 18 2 -1 -1 0
18 1 18 20 2 -1 -1 0
19 1 22 24 2 -1 -1 0
20 1 24 26 2 -1 -1 0
21 1 26 28 2 -1 -1 0
3 1 3 0 0 0 3 3
0 6
0 1 2



0 1 0 0 1 -1 -1 1
1 1 0 2 2 -1 -1 0
2 1 2 4 2 -1 -1 0
3 1 3 0 0 0 3 3
0 6
0 1 2



0 1 0 0 1 -1 -1 1
1 1 0 2 2 -1 -1 0
2 1 2 4 2 -1 -1 0
2 1 1 1 0 0 1 1
0 2
0
0


0 1 0 0 1 -1 1 1
23 4 16 0 0 0 17 16
0 4 12 34 36
0 1 2 4 5 6 7 13 14 16 17 18 19 20 21 22



0 1 0 12 2 -1 -1 1
1 1 0 26 4 -1 -1 1
2 2 0 11 33 34 1 -1 -1 1
4 1 0 2 2 -1 -1 0
5 1 4 6 2 -1 -1 0
6 1 6 8 2 -1 -1 0
7 1 8 10 2 -1 -1 0
13 1 12 14 2 -1 -1 0
14 1 14 22 3 -1 -1 0
16 1 16 18 2 -1 -1 0
17 1 18 20 2 -1 -1 0
18 1 22 24 2 -1 -1 0
19 1 24 28 2 -1 -1 0
20 1 26 28 2 -1 -1 0
21 1 28 30 2 -1 -1 0
22 1 30 32 2 -1 -1 0
37 3 22 1 0 0 22 22
0 16 20 52
0 1 32 5 33 3 6 7 8 10 34 13 35 16 18 19 20 21 22 23 26 36
16


0 1 0 46 6 -1 2 1
1 1 0 42 1 -1 -1 1
3 1 6 12 2 -1 -1 0
5 1 2 8 2 -1 -1 0
6 1 8 10 2 -1 -1 0
7 1 10 12 2 -1 -1 0
8 1 12 14 2 -1 -1 0
10 1 16 16 1 -1 0 0
13 1 22 44 4 -1 -1 0
16 1 26 34 3 -1 -1 0
18 1 28 30 2 -1 -1 0
19 1 30 32 2 -1 -1 0
20 1 34 36 2 -1 -1 0
21 1 36 40 2 -1 -1 0
22 1 38 40 2 -1 -1 0
23 1 40 42 2 -1 -1 0
26 1 44 48 2 -1 -1 0
32 1 0 2 2 -1 -1 0
33 1 4 6 2 -1 -1 0
34 1 20 22 2 -1 -1 0
35 1 24 26 2 -1 -1 0
36 1 46 48 2 -1 -1 0
42 4 19 0 0 0 24 19
0 4 6 8 44
0 1 2 3 36 21 31 7 8 9 10 11 12 14 15 16 17 19 41



0 2 0 3 5 43 4 -1 -1 1
1 2 0 3 5 43 4 -1 -1 1
2 2 0 3 5 8 3 31 -1 1
3 2 0 3 5 43 3 -1 -1 1
7 1 10 12 4 -1 -1 0
8 1 12 14 4 -1 -1 0
9 1 16 18 4 -1 -1 0
10 1 18 22 4 -1 -1 0
11 1 20 34 6 -1 -1 0
12 1 22 36 4 -1 -1 0
14 1 24 26 4 -1 -1 0
15 1 26 28 4 -1 -1 0
16 1 30 32 4 -1 -1 0
17 1 32 34 4 -1 -1 0
19 1 34 36 4 -1 -1 0
21 2 8 8 38 43 6 31 -1 0
31 1 8 38 10 21 -1 0
36 1 0 2 2 -1 -1 0
41 1 40 42 4 -1 -1 0
37 3 22 1 0 0 22 22
0 16 20 52
0 1 32 5 33 3 6 7 8 10 34 13 35 16 18 19 20 21 22 23 26 36
16


0 1 0 46 6 -1 2 1
1 1 0 42 1 -1 -1 1
3 1 6 12 2 -1 -1 0
5 1 2 8 2 -1 -1 0
6 1 8 10 2 -1 -1 0
7 1 10 12 2 -1 -1 0
8 1 12 14 2 -1 -1 0
10 1 16 16 1 -1 0 0
13 1 22 44 4 -1 -1 0
16 1 26 34 3 -1 -1 0
18 1 28 30 2 -1 -1 0
19 1 30 32 2 -1 -1 0
20 1 34 36 2 -1 -1 0
21 1 36 40 2 -1 -1 0
22 1 38 40 2 -1 -1 0
23 1 40 42 2 -1 -1 0
26 1 44 48 2 -1 -1 0
32 1 0 2 2 -1 -1 0
33 1 4 6 2 -1 -1 0
34 1 20 22 2 -1 -1 0
35 1 24 26 2 -1 -1 0
36 1 46 48 2 -1 -1 0
3 1 2 0 0 0 2 2
0 4
0 2



0 1 0 0 1 -1 -1 1
2 1 0 2 2 -1 -1 0
40 3 25 1 0 0 25 25
0 16 20 60
0 1 35 5 36 3 6 7 8 10 37 13 38 16 18 19 20 21 22 23 24 25 26 29 39
16


0 1 0 54 6 -1 2 1
1 1 0 44 2 -1 -1 1
3 1 6 12 2 -1 -1 0
5 1 2 8 2 -1 -1 0
6 1 8 10 2 -1 -1 0
7 1 10 12 2 -1 -1 0
8 1 12 14 2 -1 -1 0
10 1 16 16 1 -1 0 0
13 1 22 52 4 -1 -1 0
16 1 26 34 3 -1 -1 0
18 1 28 30 2 -1 -1 0
19 1 30 32 2 -1 -1 0
20 1 34 36 2 -1 -1 0
21 1 36 40 2 -1 -1 0
22 1 38 40 2 -1 -1 0
23 1 40 48 3 -1 -1 0
24 1 42 46 2 -1 -1 0
25 1 44 50 2 -1 -1 0
26 1 48 50 2 -1 -1 0
29 1 52 56 2 -1 -1 0
35 1 0 2 2 -1 -1 0
36 1 4 6 2 -1 -1 0
37 1 20 22 2 -1 -1 0
38 1 24 26 2 -1 -1 0
39 1 54 56 2 -1 -1 0
42 4 19 0 0 0 24 19
0 4 6 8 44
0 1 2 3 36 21 31 7 8 9 10 11 12 14 15 16 17 19 41



0 2 0 3 5 43 4 -1 -1 1
1 2 0 3 5 43 4 -1 -1 1
2 2 0 3 5 8 3 31 -1 1
3 2 0 3 5 43 3 -1 -1 1
7 1 10 12 4 -1 -1 0
8 1 12 14 4 -1 -1 0
9 1 16 18 4 -1 -1 0
10 1 18 22 4 -1 -1 0
11 1 20 34 6 -1 -1 0
12 1 22 36 4 -1 -1 0
14 1 24 26 4 -1 -1 0
15 1 26 28 4 -1 -1 0
16 1 30 32 4 -1 -1 0
17 1 32 34 4 -1 -1 0
19 1 34 36 4 -1 -1 0
21 2 8 8 38 43 6 31 -1 0
31 1 8 38 10 21 -1 0
36 1 0 2 2 -1 -1 0
41 1 40 42 4 -1 -1 0
5 1 4 0 0 0 4 4
0 8
0 1 2 4



0 1 0 0 1 -1 -1 1
1 1 0 2 2 -1 -1 0
2 1 2 4 2 -1 -1 0
4 1 4 6 2 -1 -1 0
5 1 5 1 0 0 5 5
0 14
0 1 2 3 4
0


0 1 0 2 1 -1 -1 1
1 1 0 12 3 -1 -1 1
2 1 0 10 3 -1 0 0
3 1 4 6 2 -1 -1 0
4 1 8 10 2 -1 -1 0
37 3 22 1 0 0 22 22
0 16 20 52
0 1 32 5 33 3 6 7 8 10 34 13 35 16 18 19 20 21 22 23 26 36
16


0 1 0 46 6 -1 2 1
1 1 0 42 1 -1 -1 1
3 1 6 12 2 -1 -1 0
5 1 2 8 2 -1 -1 0
6 1 8 10 2 -1 -1 0
7 1 10 12 2 -1 -1 0
8 1 12 14 2 -1 -1 0
10 1 16 16 1 -1 0 0
13 1 22 44 4 -1 -1 0
16 1 26 34 3 -1 -1 0
18 1 28 30 2 -1 -1 0
19 1 30 32 2 -1 -1 0
20 1 34 36 2 -1 -1 0
21 1 36 40 2 -1 -1 0
22 1 38 40 2 -1 -1 0
23 1 40 42 2 -1 -1 0
26 1 44 48 2 -1 -1 0
32 1 0 2 2 -1 -1 0
33 1 4 6 2 -1 -1 0
34 1 20 22 2 -1 -1 0
35 1 24 26 2 -1 -1 0
36 1 46 48 2 -1 -1 0
61 9 39 4 0 0 40 39
0 16 20 26 30 34 74 76 90 112
0 1 2 58 5 6 7 10 13 14 16 17 18 19 20 25 26 27 28 29 30 31 32 33 34 35 54 40 51 38 39 55 41 42 43 59 46 48 60
30 36 90 104


0 1 0 106 4 -1 -1 1
1 1 0 2 2 -1 -1 0
2 1 2 104 2 -1 4 0
5 1 6 8 2 -1 -1 0
6 1 8 10 2 -1 -1 0
7 1 10 16 3 -1 -1 0
10 1 12 14 2 -1 -1 0
13 1 16 20 2 14 -1 0
14 1 20 98 8 13 -1 0
16 1 22 24 2 -1 -1 0
17 1 26 28 2 -1 -1 0
18 1 30 30 1 -1 0 0
19 1 34 36 2 -1 2 0
20 1 36 94 4 -1 0 0
25 1 38 38 1 -1 -1 0
26 1 40 40 1 -1 -1 0
27 1 42 42 1 -1 -1 0
28 1 44 44 1 -1 -1 0
29 1 46 48 2 -1 -1 0
30 1 48 89 8 -1 -1 0
31 1 50 52 2 -1 -1 0
32 1 54 56 2 -1 -1 0
33 1 58 60 2 -1 -1 0
34 1 62 64 2 -1 -1 0
35 1 66 68 2 -1 -1 0
38 1 78 80 4 -1 -1 0
39 1 80 82 4 -1 -1 0
40 2 76 76 84 89 6 51 -1 0
41 1 90 108 5 -1 2 0
42 1 92 94 2 -1 -1 0
43 1 96 98 2 -1 -1 0
46 1 102 104 2 -1 1 0
48 1 104 104 1 -1 0 0
51 1 76 84 6 40 -1 0
54 1 70 72 2 -1 -1 0
55 1 86 88 4 -1 -1 0
58 1 4 6 2 -1 -1 0
59 1 100 102 2 -1 -1 0
60 1 106 108 2 -1 -1 0
23 4 16 0 0 0 17 16
0 4 12 34 38
0 1 2 3 5 6 7 8 14 15 17 18 19 20 21 22



0 1 0 12 2 -1 -1 1
1 1 0 26 4 -1 -1 1
2 2 0 11 33 34 1 -1 -1 1
3 1 0 36 4 -1 -1 1
5 1 0 2 2 -1 -1 0
6 1 4 6 2 -1 -1 0
7 1 6 8 2 -1 -1 0
8 1 8 10 2 -1 -1 0
14 1 12 14 2 -1 -1 0
15 1 14 22 3 -1 -1 0
17 1 16 18 2 -1 -1 0
18 1 18 20 2 -1 -1 0
19 1 22 24 2 -1 -1 0
20 1 24 28 2 -1 -1 0
21 1 26 28 2 -1 -1 0
22 1 28 30 2 -1 -1 0
5 1 4 0 0 0 4 4
0 8
0 1 2 4



0 1 0 0 1 -1 -1 1
1 1 0 2 2 -1 -1 0
2 1 2 4 2 -1 -1 0
4 1 4 6 2 -1 -1 0
5 1 1 0 0 0 1 1
0 4
4



4 1 0 2 2 -1 -1 0
19 6 15 4 0 0 15 15
0 4 6 12 16 20 46
0 1 3 5 7 8 9 10 11 12 13 14 15 17 18
16 22 24 26


0 1 0 6 2 5 -1 1
1 1 0 44 3 -1 -1 1
3 1 0 2 2 -1 -1 0
5 1 6 34 5 0 -1 0
7 1 8 10 2 -1 -1 0
8 1 12 14 2 -1 -1 0
9 1 16 16 1 -1 0 0
10 1 20 24 3 -1 2 0
11 1 22 30 3 -1 2 0
12 1 24 24 1 -1 0 0
13 1 26 38 4 -1 0 0
14 1 28 30 2 -1 -1 0
15 1 32 34 2 -1 -1 0
17 1 36 38 2 -1 -1 0
18 1 40 42 2 -1 -1 0
11 1 11 1 0 0 11 11
0 26
0 1 2 3 4 5 6 7 8 9 10
22


0 1 0 16 1 -1 -1 1
1 1 0 20 1 -1 -1 1
2 1 0 0 1 -1 -1 0
3 1 2 2 1 -1 -1 0
4 1 4 4 1 -1 -1 0
5 1 6 8 2 -1 -1 0
6 1 8 22 5 -1 2 0
7 1 10 12 2 -1 -1 0
8 1 14 16 2 -1 -1 0
9 1 18 20 2 -1 -1 0
10 1 22 24 2 -1 0 0
13 1 13 1 0 0 13 13
0 30
0 1 2 3 4 5 6 7 8 9 10 11 12
26


0 1 0 16 1 -1 -1 1
1 1 0 20 1 -1 -1 1
2 1 0 24 1 -1 -1 1
3 1 0 0 1 -1 -1 0
4 1 2 2 1 -1 -1 0
5 1 4 4 1 -1 -1 0
6 1 6 8 2 -1 -1 0
7 1 8 26 6 -1 2 0
8 1 10 12 2 -1 -1 0
9 1 14 16 2 -1 -1 0
10 1 18 20 2 -1 -1 0
11 1 22 24 2 -1 -1 0
12 1 26 28 2 -1 0 0
3 1 1 1 0 0 1 1
0 2
0
0


0 1 0 0 1 -1 2 1
12 1 12 2 0 0 12 12
0 28
0 1 2 3 4 5 6 7 8 9 10 11
0 24


0 1 0 18 1 -1 -1 1
1 1 0 0 1 -1 2 1
2 1 0 22 2 -1 0 0
3 1 2 2 1 -1 -1 0
4 1 4 4 1 -1 -1 0
5 1 6 6 1 -1 -1 0
6 1 8 10 2 -1 -1 0
7 1 10 24 5 -1 2 0
8 1 12 14 2 -1 -1 0
9 1 16 18 2 -1 -1 0
10 1 20 22 2 -1 -1 0
11 1 24 26 2 -1 0 0
11 1 11 1 0 0 11 11
0 26
0 1 2 3 4 5 6 7 8 9 10
22


0 1 0 16 1 -1 -1 1
1 1 0 20 1 -1 -1 1
2 1 0 0 1 -1 -1 0
3 1 2 2 1 -1 -1 0
4 1 4 4 1 -1 -1 0
5 1 6 8 2 -1 -1 0
6 1 8 22 5 -1 2 0
7 1 10 12 2 -1 -1 0
8 1 14 16 2 -1 -1 0
9 1 18 20 2 -1 -1 0
10 1 22 24 2 -1 0 0
6 3 6 1 0 0 7 6
0 8 10 16
0 1 2 3 4 5
12


0 2 0 7 9 10 2 -1 -1 1
1 1 0 2 2 -1 -1 0
2 1 2 4 2 -1 -1 0
3 1 4 6 2 -1 -1 0
4 1 10 12 2 -1 2 0
5 1 12 14 2 -1 0 0
7 1 7 1 0 0 7 7
0 18
0 1 2 3 4 5 6
14


0 1 0 0 1 -1 -1 0
1 1 2 2 1 -1 -1 0
2 1 4 4 1 -1 -1 0
3 1 6 8 2 -1 -1 0
4 1 8 14 3 -1 2 0
5 1 10 12 2 -1 -1 0
6 1 14 16 2 -1 0 0
11 1 11 1 0 0 11 11
0 26
0 1 2 3 4 5 6 7 8 9 10
22


0 1 0 16 1 -1 -1 1
1 1 0 20 1 -1 -1 1
2 1 0 0 1 -1 -1 0
3 1 2 2 1 -1 -1 0
4 1 4 4 1 -1 -1 0
5 1 6 8 2 -1 -1 0
6 1 8 22 5 -1 2 0
7 1 10 12 2 -1 -1 0
8 1 14 16 2 -1 -1 0
9 1 18 20 2 -1 -1 0
10 1 22 24 2 -1 0 0
14 1 14 1 0 0 14 14
0 30
0 1 2 3 4 5 6 7 8 9 10 11 12 13
26


0 1 0 26 1 -1 2 1
1 1 0 16 1 -1 -1 1
2 1 0 20 1 -1 -1 1
3 1 0 24 1 -1 -1 1
4 1 0 0 1 -1 -1 0
5 1 2 2 1 -1 -1 0
6 1 4 4 1 -1 -1 0
7 1 6 8 2 -1 -1 0
8 1 8 26 6 -1 1 0
9 1 10 12 2 -1 -1 0
10 1 14 16 2 -1 -1 0
11 1 18 20 2 -1 -1 0
12 1 22 24 2 -1 -1 0
13 1 26 28 2 -1 0 0
10 1 10 1 0 0 10 10
0 22
0 1 2 3 4 5 6 7 8 9
18


0 1 0 18 1 -1 2 1
1 1 0 16 1 -1 -1 1
2 1 0 0 1 -1 -1 0
3 1 2 2 1 -1 -1 0
4 1 4 4 1 -1 -1 0
5 1 6 8 2 -1 -1 0
6 1 8 18 4 -1 1 0
7 1 10 12 2 -1 -1 0
8 1 14 16 2 -1 -1 0
9 1 18 20 2 -1 0 0
19 1 19 2 0 0 19 19
0 30
0 1 2 3 4 5 6 7 8 9 10 11 12 13 14 15 16 17 18
6 26


0 1 0 26 1 -1 2 1
1 1 0 6 1 -1 2 1
2 1 0 6 1 -1 1 1
3 1 0 6 1 -1 5 1
4 1 0 6 1 -1 4 1
5 1 0 6 1 -1 8 1
6 1 0 6 1 -1 3 1
7 1 0 0 1 -1 -1 0
8 1 2 4 2 -1 -1 0
9 1 4 6 2 -1 -1 0
10 1 6 24 2 -1 0 0
11 1 8 8 1 -1 -1 0
12 1 10 10 1 -1 -1 0
13 1 12 12 1 -1 -1 0
14 1 14 16 2 -1 -1 0
15 1 16 26 4 -1 1 0
16 1 18 20 2 -1 -1 0
17 1 22 24 2 -1 -1 0
18 1 26 28 2 -1 0 0
47 1 47 2 0 0 47 47
0 102
0 1 2 3 4 5 6 7 8 9 10 11 12 13 14 15 16 17 18 19 20 21 22 23 24 25 26 27 28 29 30 31 32 33 34 35 36 37 38 39 40 41 42 43 44 45 46
76 98


0 1 0 98 1 -1 2 1
1 1 0 38 1 -1 -1 1
2 1 0 42 1 -1 -1 1
3 1 0 46 1 -1 -1 1
4 1 0 50 1 -1 -1 1
5 1 0 54 1 -1 -1 1
6 1 0 58 1 -1 -1 1
7 1 0 62 1 -1 -1 1
8 1 0 66 1 -1 -1 1
9 1 0 70 1 -1 -1 1
10 1 0 74 1 -1 -1 1
11 1 0 0 1 -1 -1 0
12 1 2 2 1 -1 -1 0
13 1 4 4 1 -1 -1 0
14 1 6 6 1 -1 -1 0
15 1 8 8 1 -1 -1 0
16 1 10 10 1 -1 -1 0
17 1 12 12 1 -1 -1 0
18 1 14 14 1 -1 -1 0
19 1 16 16 1 -1 -1 0
20 1 18 18 1 -1 -1 0
21 1 20 20 1 -1 -1 0
22 1 22 22 1 -1 -1 0
23 1 24 24 1 -1 -1 0
24 1 26 26 1 -1 -1 0
25 1 28 30 2 -1 -1 0
26 1 30 78 13 -1 -1 0
27 1 32 34 2 -1 -1 0
28 1 36 38 2 -1 -1 0
29 1 40 42 2 -1 -1 0
30 1 44 46 2 -1 -1 0
31 1 48 50 2 -1 -1 0
32 1 52 54 2 -1 -1 0
33 1 56 58 2 -1 -1 0
34 1 60 62 2 -1 -1 0
35 1 64 66 2 -1 -1 0
36 1 68 70 2 -1 -1 0
37 1 72 74 2 -1 -1 0
38 1 76 96 3 -1 0 0
39 1 80 80 1 -1 -1 0
40 1 82 82 1 -1 -1 0
41 1 84 84 1 -1 -1 0
42 1 86 88 2 -1 -1 0
43 1 88 98 4 -1 1 0
44 1 90 92 2 -1 -1 0
45 1 94 96 2 -1 -1 0
46 1 98 100 2 -1 0 0
10 1 10 1 0 0 10 10
0 22
0 1 2 3 4 5 6 7 8 9
18


0 1 0 18 1 -1 2 1
1 1 0 16 1 -1 -1 1
2 1 0 0 1 -1 -1 0
3 1 2 2 1 -1 -1 0
4 1 4 4 1 -1 -1 0
5 1 6 8 2 -1 -1 0
6 1 8 18 4 -1 1 0
7 1 10 12 2 -1 -1 0
8 1 14 16 2 -1 -1 0
9 1 18 20 2 -1 0 0
10 1 10 1 0 0 10 10
0 22
0 1 2 3 4 5 6 7 8 9
18


0 1 0 18 1 -1 2 1
1 1 0 16 1 -1 -1 1
2 1 0 0 1 -1 -1 0
3 1 2 2 1 -1 -1 0
4 1 4 4 1 -1 -1 0
5 1 6 8 2 -1 -1 0
6 1 8 18 4 -1 1 0
7 1 10 12 2 -1 -1 0
8 1 14 16 2 -1 -1 0
9 1 18 20 2 -1 0 0
12 1 12 1 0 0 12 12
0 26
0 1 2 3 4 5 6 7 8 9 10 11
22


0 1 0 22 1 -1 2 1
1 1 0 16 1 -1 -1 1
2 1 0 20 1 -1 -1 1
3 1 0 0 1 -1 -1 0
4 1 2 2 1 -1 -1 0
5 1 4 4 1 -1 -1 0
6 1 6 8 2 -1 -1 0
7 1 8 22 5 -1 1 0
8 1 10 12 2 -1 -1 0
9 1 14 16 2 -1 -1 0
10 1 18 20 2 -1 -1 0
11 1 22 24 2 -1 0 0
12 1 12 1 0 0 12 12
0 26
0 1 2 3 4 5 6 7 8 9 10 11
22


0 1 0 22 1 -1 2 1
1 1 0 16 1 -1 -1 1
2 1 0 20 1 -1 -1 1
3 1 0 0 1 -1 -1 0
4 1 2 2 1 -1 -1 0
5 1 4 4 1 -1 -1 0
6 1 6 8 2 -1 -1 0
7 1 8 22 5 -1 1 0
8 1 10 12 2 -1 -1 0
9 1 14 16 2 -1 -1 0
10 1 18 20 2 -1 -1 0
11 1 22 24 2 -1 0 0
54 9 35 4 0 0 36 35
0 16 20 26 30 34 62 64 78 100
0 1 2 51 5 6 7 10 13 14 16 17 18 19 20 22 23 24 25 26 27 28 47 33 44 31 32 48 34 35 36 52 39 41 53
30 36 78 92


0 1 0 94 4 -1 -1 1
1 1 0 2 2 -1 -1 0
2 1 2 92 2 -1 4 0
5 1 6 8 2 -1 -1 0
6 1 8 10 2 -1 -1 0
7 1 10 16 3 -1 -1 0
10 1 12 14 2 -1 -1 0
13 1 16 20 2 14 -1 0
14 1 20 86 8 13 -1 0
16 1 22 24 2 -1 -1 0
17 1 26 28 2 -1 -1 0
18 1 30 30 1 -1 0 0
19 1 34 36 2 -1 2 0
20 1 36 82 4 -1 0 0
22 1 38 38 1 -1 -1 0
23 1 40 40 1 -1 -1 0
24 1 42 44 2 -1 -1 0
25 1 44 77 6 -1 -1 0
26 1 46 48 2 -1 -1 0
27 1 50 52 2 -1 -1 0
28 1 54 56 2 -1 -1 0
31 1 66 68 4 -1 -1 0
32 1 68 70 4 -1 -1 0
33 2 64 64 72 77 6 44 -1 0
34 1 78 96 5 -1 2 0
35 1 80 82 2 -1 -1 0
36 1 84 86 2 -1 -1 0
39 1 90 92 2 -1 1 0
41 1 92 92 1 -1 0 0
44 1 64 72 6 33 -1 0
47 1 58 60 2 -1 -1 0
48 1 74 76 4 -1 -1 0
51 1 4 6 2 -1 -1 0
52 1 88 90 2 -1 -1 0
53 1 94 96 2 -1 -1 0
14 1 13 0 0 0 13 13
0 26
0 1 2 3 4 5 6 8 9 10 11 12 13



0 1 0 4 2 -1 -1 1
1 1 0 8 1 -1 -1 1
2 1 0 2 2 -1 -1 0
3 1 2 16 3 -1 -1 0
4 1 4 6 2 -1 -1 0
5 1 6 8 2 -1 -1 0
6 1 8 20 3 -1 -1 0
8 1 10 12 2 -1 -1 0
9 1 12 14 2 -1 -1 0
10 1 16 18 2 -1 -1 0
11 1 18 22 2 -1 -1 0
12 1 20 22 2 -1 -1 0
13 1 22 24 2 -1 -1 0
119 12 75 4 0 0 78 75
0 8 14 64 74 78 86 90 94 138 140 154 202
0 1 2 115 4 6 7 8 17 116 20 22 23 24 25 26 27 117 29 30 31 33 35 36 37 38 104 105 42 45 48 49 51 53 54 55 56 57 59 60 61 62 63 64 65 66 67 68 69 70 71 72 73 74 109 79 106 77 78 110 80 81 82 89 90 91 92 118 94 96 98 100 101 102 103
90 96 154 182


0 2 0 34 63 170 2 -1 -1 1
1 2 0 40 63 176 8 -1 -1 1
2 1 0 200 10 -1 -1 1
4 1 2 14 3 -1 -1 0
6 1 4 6 2 -1 -1 0
7 1 8 10 2 -1 -1 0
8 1 10 12 2 -1 -1 0
17 1 14 52 4 -1 -1 0
20 1 18 26 3 -1 -1 0
22 1 20 22 2 -1 -1 0
23 1 22 24 2 -1 -1 0
24 1 26 28 2 -1 -1 0
25 1 28 32 2 -1 -1 0
26 1 30 32 2 -1 -1 0
27 1 32 34 2 -1 -1 0
29 1 38 48 2 -1 -1 0
30 1 40 42 2 -1 -1 0
31 1 42 44 2 -1 -1 0
33 1 44 56 2 -1 -1 0
35 1 46 48 2 -1 -1 0
36 1 50 52 2 -1 -1 0
37 1 54 56 2 -1 -1 0
38 1 58 60 2 -1 -1 0
42 1 68 194 4 -1 -1 0
45 1 70 72 2 -1 -1 0
48 1 74 78 2 49 -1 0
49 1 78 164 10 48 -1 0
51 1 80 190 5 -1 -1 0
53 1 82 84 2 -1 -1 0
54 1 86 88 2 -1 -1 0
55 1 90 90 1 -1 0 0
56 1 94 96 2 -1 2 0
57 1 96 168 5 -1 0 0
59 1 98 98 1 -1 -1 0
60 1 100 100 1 -1 -1 0
61 1 102 102 1 -1 -1 0
62 1 104 104 1 -1 -1 0
63 1 106 106 1 -1 -1 0
64 1 108 108 1 -1 -1 0
65 1 110 110 1 -1 -1 0
66 1 112 112 1 -1 -1 0
67 1 114 114 1 -1 -1 0
68 1 116 116 1 -1 -1 0
69 1 118 118 1 -1 -1 0
70 1 120 120 1 -1 -1 0
71 1 122 124 2 -1 -1 0
72 1 124 153 5 -1 -1 0
73 1 126 128 2 -1 -1 0
74 1 130 132 2 -1 -1 0
77 1 142 144 4 -1 -1 0
78 1 144 146 4 -1 -1 0
79 2 140 140 148 153 6 106 -1 0
80 1 154 186 5 -1 2 0
81 1 156 158 2 -1 -1 0
82 1 160 162 2 -1 -1 0
89 1 166 168 2 -1 -1 0
90 1 168 170 2 -1 -1 0
91 1 172 174 2 -1 -1 0
92 1 174 182 2 -1 1 0
94 1 178 182 2 -1 5 0
96 1 180 182 2 -1 4 0
98 1 182 182 1 -1 0 0
100 1 184 186 2 -1 -1 0
101 1 188 190 2 -1 -1 0
102 1 192 194 2 -1 -1 0
103 1 196 198 2 -1 -1 0
104 1 64 66 2 -1 -1 0
105 1 66 182 4 -1 3 0
106 1 140 148 6 79 -1 0
109 1 134 136 2 -1 -1 0
110 1 150 152 4 -1 -1 0
115 1 0 2 2 -1 -1 0
116 1 16 18 2 -1 -1 0
117 1 36 38 2 -1 -1 0
118 1 176 178 2 -1 -1 0
14 1 14 0 0 0 14 14
0 34
0 1 2 3 4 5 6 7 8 9 10 11 12 13



0 1 0 14 1 -1 -1 1
1 1 0 18 2 -1 -1 1
2 1 0 30 1 -1 -1 1
3 1 0 32 7 -1 -1 1
4 1 0 2 2 -1 -1 0
5 1 4 6 2 -1 -1 0
6 1 6 10 2 -1 -1 0
7 1 8 10 2 -1 -1 0
8 1 12 14 2 -1 -1 0
9 1 16 22 2 -1 -1 0
10 1 18 26 2 -1 -1 0
11 1 20 22 2 -1 -1 0
12 1 24 26 2 -1 -1 0
13 1 28 30 2 -1 -1 0
191 13 168 2 0 0 189 168
0 6 42 90 132 176 220 270 322 380 408 428 478 482
0 1 2 3 4 6 7 8 9 10 11 12 13 14 15 16 17 19 20 21 22 23 24 25 26 27 28 29 30 31 32 33 34 36 37 38 39 40 41 42 43 44 45 46 47 48 49 51 52 53 54 55 56 57 58 59 60 61 62 63 64 65 67 68 69 70 71 72 74 75 76 77 78 79 82 83 84 86 87 88 89 90 91 92 94 95 96 97 98 99 100 103 104 105 107 108 109 110 111 112 113 114 116 117 118 119 120 121 122 125 126 127 129 130 131 132 133 134 135 136 137 139 140 141 142 143 144 145 146 149 150 151 153 154 155 156 157 158 159 160 161 163 164 165 166 167 168 170 171 172 173 174 175 176 177 178 179 180 181 182 183 184 185 186 187 188 189 190
462 464


0 11 0 20 41 60 89 106 131 150 175 194 219 240 269 292 321 346 379 390 407 414 427 462 11 -1 2 1
1 12 0 12 41 54 89 98 131 144 175 188 219 234 269 286 321 340 379 384 407 408 427 428 477 478 42 -1 -1 1
2 1 0 480 74 -1 -1 1
3 1 0 2 2 -1 -1 0
4 1 2 4 2 -1 -1 0
6 1 6 8 2 -1 -1 0
7 1 8 30 2 -1 -1 0
8 1 10 34 2 -1 -1 0
9 1 12 14 2 -1 -1 0
10 1 14 38 2 -1 -1 0
11 1 16 18 2 -1 -1 0
12 1 20 22 2 -1 -1 0
13 1 22 26 2 -1 -1 0
14 1 24 26 2 -1 -1 0
15 1 28 30 2 -1 -1 0
16 1 32 34 2 -1 -1 0
17 1 36 38 2 -1 -1 0
19 1 42 44 2 -1 -1 0
20 1 44 70 2 -1 -1 0
21 1 46 74 2 -1 -1 0
22 1 48 78 2 -1 -1 0
23 1 50 52 2 -1 -1 0
24 1 52 82 2 -1 -1 0
25 1 54 86 2 -1 -1 0
26 1 56 58 2 -1 -1 0
27 1 60 62 2 -1 -1 0
28 1 62 66 2 -1 -1 0
29 1 64 66 2 -1 -1 0
30 1 68 70 2 -1 -1 0
31 1 72 74 2 -1 -1 0
32 1 76 78 2 -1 -1 0
33 1 80 82 2 -1 -1 0
34 1 84 86 2 -1 -1 0
36 1 90 92 2 -1 -1 0
37 1 92 116 2 -1 -1 0
38 1 94 120 2 -1 -1 0
39 1 96 124 2 -1 -1 0
40 1 98 100 2 -1 -1 0
41 1 100 128 2 -1 -1 0
42 1 102 104 2 -1 -1 0
43 1 106 108 2 -1 -1 0
44 1 108 112 2 -1 -1 0
45 1 110 112 2 -1 -1 0
46 1 114 116 2 -1 -1 0
47 1 118 120 2 -1 -1 0
48 1 122 124 2 -1 -1 0
49 1 126 128 2 -1 -1 0
51 1 132 134 2 -1 -1 0
52 1 134 160 2 -1 -1 0
53 1 136 138 2 -1 -1 0
54 1 138 164 2 -1 -1 0
55 1 140 142 2 -1 -1 0
56 1 142 168 2 -1 -1 0
57 1 144 172 2 -1 -1 0
58 1 146 148 2 -1 -1 0
59 1 150 152 2 -1 -1 0
60 1 152 156 2 -1 -1 0
61 1 154 156 2 -1 -1 0
62 1 158 160 2 -1 -1 0
63 1 162 164 2 -1 -1 0
64 1 166 168 2 -1 -1 0
65 1 170 172 2 -1 -1 0
67 1 176 178 2 -1 -1 0
68 1 178 204 2 -1 -1 0
69 1 180 182 2 -1 -1 0
70 1 182 208 2 -1 -1 0
71 1 184 186 2 -1 -1 0
72 1 186 212 2 -1 -1 0
74 1 188 216 2 -1 -1 0
75 1 190 192 2 -1 -1 0
76 1 194 196 2 -1 -1 0
77 1 196 200 2 -1 -1 0
78 1 198 200 2 -1 -1 0
79 1 202 204 2 -1 -1 0
82 1 206 208 2 -1 -1 0
83 1 210 212 2 -1 -1 0
84 1 214 216 2 -1 -1 0
86 1 220 222 2 -1 -1 0
87 1 222 250 2 -1 -1 0
88 1 224 254 2 -1 -1 0
89 1 226 228 2 -1 -1 0
90 1 228 258 2 -1 -1 0
91 1 230 232 2 -1 -1 0
92 1 232 262 2 -1 -1 0
94 1 234 266 2 -1 -1 0
95 1 236 238 2 -1 -1 0
96 1 240 242 2 -1 -1 0
97 1 242 246 2 -1 -1 0
98 1 244 246 2 -1 -1 0
99 1 248 250 2 -1 -1 0
100 1 252 254 2 -1 -1 0
103 1 256 258 2 -1 -1 0
104 1 260 262 2 -1 -1 0
105 1 264 266 2 -1 -1 0
107 1 270 272 2 -1 -1 0
108 1 272 302 2 -1 -1 0
109 1 274 276 2 -1 -1 0
110 1 276 306 2 -1 -1 0
111 1 278 280 2 -1 -1 0
112 1 280 310 2 -1 -1 0
113 1 282 284 2 -1 -1 0
114 1 284 314 2 -1 -1 0
116 1 286 318 2 -1 -1 0
117 1 288 290 2 -1 -1 0
118 1 292 294 2 -1 -1 0
119 1 294 298 2 -1 -1 0
120 1 296 298 2 -1 -1 0
121 1 300 302 2 -1 -1 0
122 1 304 306 2 -1 -1 0
125 1 308 310 2 -1 -1 0
126 1 312 314 2 -1 -1 0
127 1 316 318 2 -1 -1 0
129 1 322 324 2 -1 -1 0
130 1 324 356 2 -1 -1 0
131 1 326 360 2 -1 -1 0
132 1 328 330 2 -1 -1 0
133 1 330 364 2 -1 -1 0
134 1 332 334 2 -1 -1 0
135 1 334 368 2 -1 -1 0
136 1 336 338 2 -1 -1 0
137 1 338 372 2 -1 -1 0
139 1 340 376 2 -1 -1 0
140 1 342 344 2 -1 -1 0
141 1 346 348 2 -1 -1 0
142 1 348 352 2 -1 -1 0
143 1 350 352 2 -1 -1 0
144 1 354 356 2 -1 -1 0
145 1 358 360 2 -1 -1 0
146 1 362 364 2 -1 -1 0
149 1 366 368 2 -1 -1 0
150 1 370 372 2 -1 -1 0
151 1 374 376 2 -1 -1 0
153 1 380 382 2 -1 -1 0
154 1 382 400 2 -1 -1 0
155 1 384 404 2 -1 -1 0
156 1 386 388 2 -1 -1 0
157 1 390 392 2 -1 -1 0
158 1 392 396 2 -1 -1 0
159 1 394 396 2 -1 -1 0
160 1 398 400 2 -1 -1 0
161 1 402 404 2 -1 -1 0
163 1 408 424 2 -1 -1 0
164 1 410 412 2 -1 -1 0
165 1 414 416 2 -1 -1 0
166 1 416 420 2 -1 -1 0
167 1 418 420 2 -1 -1 0
168 1 422 424 2 -1 -1 0
170 1 428 430 2 -1 -1 0
171 1 430 432 2 -1 -1 0
172 1 432 462 2 -1 1 0
173 1 434 434 1 -1 -1 0
174 1 436 436 1 -1 -1 0
175 1 438 438 1 -1 -1 0
176 1 440 440 1 -1 -1 0
177 1 442 442 1 -1 -1 0
178 1 444 444 1 -1 -1 0
179 1 446 446 1 -1 -1 0
180 1 448 448 1 -1 -1 0
181 1 450 450 1 -1 -1 0
182 1 452 452 1 -1 -1 0
183 1 454 454 1 -1 -1 0
184 1 456 456 1 -1 -1 0
185 1 458 460 2 -1 -1 0
186 1 460 462 2 -1 5 0
187 1 462 466 2 -1 0 0
188 1 464 474 3 -1 0 0
189 1 468 470 2 -1 -1 0
190 1 472 474 2 -1 -1 0
36 9 29 8 0 0 29 29
0 4 6 12 16 20 44 48 52 90
0 1 3 5 7 8 9 10 11 12 13 14 15 16 18 19 20 21 22 23 24 25 26 27 31 32 33 34 35
16 22 26 28 48 54 56 58


0 1 0 6 2 5 -1 1
1 1 0 88 6 -1 -1 1
3 1 0 2 2 -1 -1 0
5 1 6 38 7 0 1 0
7 1 8 10 2 -1 -1 0
8 1 12 14 2 -1 -1 0
9 1 16 16 1 -1 0 0
10 1 20 22 2 -1 2 0
11 1 22 32 3 -1 2 0
12 1 24 26 2 -1 5 0
13 1 26 26 1 -1 0 0
14 1 28 70 4 -1 0 0
15 1 30 32 2 -1 -1 0
16 1 34 36 2 -1 -1 0
18 1 38 66 5 -1 -1 0
19 1 40 42 2 -1 -1 0
20 1 44 46 2 -1 -1 0
21 1 48 48 1 -1 0 0
22 1 52 56 3 -1 2 0
23 1 54 62 3 -1 2 0
24 1 56 56 1 -1 0 0
25 1 58 74 4 -1 0 0
26 1 60 62 2 -1 -1 0
27 1 64 66 2 -1 -1 0
31 1 68 70 2 -1 -1 0
32 1 72 74 2 -1 -1 0
33 1 76 78 2 -1 -1 0
34 1 80 82 2 -1 -1 0
35 1 84 86 2 -1 -1 0
79 3 50 1 0 0 50 50
0 22 26 112
0 1 2 3 68 7 8 9 69 11 12 70 5 13 15 71 18 72 20 21 73 24 26 27 28 29 30 74 32 34 35 36 37 38 75 40 76 42 43 44 45 47 48 49 50 51 77 54 56 78
22


0 1 0 106 12 -1 2 1
1 1 0 52 1 -1 -1 1
2 1 0 70 1 -1 -1 1
3 1 0 98 1 -1 -1 1
5 1 16 18 2 -1 -1 0
7 1 2 4 2 -1 -1 0
8 1 4 6 2 -1 -1 0
9 1 6 12 2 -1 -1 0
11 1 10 12 2 -1 -1 0
12 1 12 18 2 -1 -1 0
13 1 18 20 2 -1 -1 0
15 1 22 22 1 -1 0 0
18 1 28 34 2 -1 -1 0
20 1 32 34 2 -1 -1 0
21 1 34 84 6 -1 -1 0
24 1 38 46 3 -1 -1 0
26 1 40 42 2 -1 -1 0
27 1 42 44 2 -1 -1 0
28 1 46 48 2 -1 -1 0
29 1 48 50 2 -1 -1 0
30 1 50 52 2 -1 -1 0
32 1 56 64 3 -1 -1 0
34 1 58 60 2 -1 -1 0
35 1 60 62 2 -1 -1 0
36 1 64 66 2 -1 -1 0
37 1 66 68 2 -1 -1 0
38 1 68 70 2 -1 -1 0
40 1 74 92 3 -1 -1 0
42 1 78 80 2 -1 -1 0
43 1 80 82 2 -1 -1 0
44 1 82 84 2 -1 -1 0
45 1 84 96 3 -1 -1 0
47 1 86 88 2 -1 -1 0
48 1 88 90 2 -1 -1 0
49 1 92 94 2 -1 -1 0
50 1 94 96 2 -1 -1 0
51 1 96 98 2 -1 -1 0
54 1 102 104 2 -1 -1 0
56 1 104 108 2 -1 -1 0
68 1 0 2 2 -1 -1 0
69 1 8 10 2 -1 -1 0
70 1 14 16 2 -1 -1 0
71 1 26 28 2 -1 -1 0
72 1 30 32 2 -1 -1 0
73 1 36 38 2 -1 -1 0
74 1 54 56 2 -1 -1 0
75 1 72 74 2 -1 -1 0
76 1 76 78 2 -1 -1 0
77 1 100 102 2 -1 -1 0
78 1 106 108 2 -1 -1 0
2 1 1 1 0 0 1 1
0 2
0
0


0 1 0 0 1 -1 1 1
98 11 60 7 0 0 63 60
0 14 18 22 46 48 58 62 64 68 120 158
0 1 2 88 4 5 6 9 10 11 12 13 14 15 16 17 18 89 72 76 57 73 25 27 30 32 33 34 90 37 38 91 41 92 43 44 93 46 47 48 49 94 52 95 54 55 77 96 59 60 61 97 63 64 65 66 67 68 69 70
18 24 26 28 50 52 98


0 1 0 132 14 -1 2 1
1 1 0 119 2 -1 2 1
2 1 0 156 6 -1 -1 1
4 1 2 4 2 -1 -1 0
5 1 4 6 2 -1 -1 0
6 1 6 119 4 -1 -1 0
9 1 8 36 5 -1 -1 0
10 1 10 12 2 -1 -1 0
11 1 14 16 2 -1 -1 0
12 1 18 18 1 -1 0 0
13 1 22 26 3 -1 2 0
14 1 24 32 3 -1 2 0
15 1 26 26 1 -1 0 0
16 1 28 142 12 -1 0 0
17 1 30 32 2 -1 -1 0
18 1 34 36 2 -1 -1 0
25 2 50 57 68 68 6 34 0 0
27 2 52 61 64 64 6 33 0 0
30 1 54 56 4 -1 -1 0
32 1 58 60 4 -1 -1 0
33 1 64 68 4 27 -1 0
34 1 68 88 4 25 -1 0
37 1 72 74 4 -1 -1 0
38 1 74 86 6 -1 -1 0
41 1 78 80 4 -1 -1 0
43 1 84 86 4 -1 -1 0
44 1 86 88 4 -1 -1 0
46 1 92 94 4 -1 -1 0
47 1 94 96 4 -1 -1 0
48 1 96 110 6 -1 -1 0
49 1 98 112 4 -1 0 0
52 1 102 104 4 -1 -1 0
54 1 108 110 4 -1 -1 0
55 1 110 112 4 -1 -1 0
57 2 48 48 114 119 6 73 -1 0
59 1 122 138 2 -1 -1 0
60 1 124 126 2 -1 -1 0
61 1 126 146 2 -1 -1 0
63 1 130 150 2 -1 -1 0
64 1 132 134 2 -1 -1 0
65 1 134 154 2 -1 -1 0
66 1 136 138 2 -1 -1 0
67 1 140 142 2 -1 -1 0
68 1 144 146 2 -1 -1 0
69 1 148 150 2 -1 -1 0
70 1 152 154 2 -1 -1 0
72 1 40 119 4 -1 -1 0
73 1 48 114 14 57 1 0
76 1 42 44 2 -1 -1 0
77 1 116 118 4 -1 -1 0
88 1 0 2 2 -1 -1 0
89 1 38 40 2 -1 -1 0
90 1 70 72 4 -1 -1 0
91 1 76 78 4 -1 -1 0
92 1 82 84 4 -1 -1 0
93 1 90 92 4 -1 -1 0
94 1 100 102 4 -1 -1 0
95 1 106 108 4 -1 -1 0
96 1 120 122 2 -1 -1 0
97 1 128 130 2 -1 -1 0
197 39 162 22 0 0 192 162
0 6 12 18 24 30 36 42 48 54 60 66 72 78 84 90 96 102 108 114 120 158 186 210 226 242 266 290 314 328 364 378 414 428 464 480 496 512 528 532
0 1 2 3 4 6 8 10 12 14 16 18 20 22 24 26 28 30 32 34 36 38 40 42 44 45 46 47 48 49 50 51 52 53 54 55 56 57 59 60 61 62 63 64 65 66 67 68 70 71 72 73 74 75 76 77 79 80 81 82 83 85 86 87 88 89 91 92 93 94 95 96 97 98 100 101 102 103 104 105 106 107 109 110 111 112 113 114 115 116 118 119 120 121 123 124 125 126 127 128 129 130 131 132 133 134 135 137 138 139 140 142 143 144 145 146 147 148 149 150 151 152 153 154 156 157 158 159 161 162 163 164 165 166 167 168 169 170 171 172 173 175 176 177 178 179 181 182 183 184 185 187 188 189 190 191 192 193 194 195 196 5
136 138 142 170 172 194 214 230 250 274 298 344 346 394 396 444 446 468 484 500 516 528


0 13 0 5 119 142 157 170 185 194 209 214 225 230 241 250 265 274 289 298 463 468 479 484 495 500 511 516 13 -1 2 1
1 19 0 5 119 124 157 158 185 190 209 210 225 226 241 246 265 270 289 294 313 314 327 332 363 364 377 382 413 414 427 432 463 464 479 480 495 496 511 512 27 -1 -1 1
2 1 0 526 100 -1 -1 1
3 1 0 2 2 -1 -1 0
4 1 2 4 2 -1 -1 0
5 1 528 528 2 -1 0 0
6 1 6 8 2 -1 -1 0
8 1 12 14 2 -1 -1 0
10 1 18 20 2 -1 -1 0
12 1 24 26 2 -1 -1 0
14 1 30 32 2 -1 -1 0
16 1 36 38 2 -1 -1 0
18 1 42 44 2 -1 -1 0
20 1 48 50 2 -1 -1 0
22 1 54 56 2 -1 -1 0
24 1 60 62 2 -1 -1 0
26 1 66 68 2 -1 -1 0
28 1 72 74 2 -1 -1 0
30 1 78 80 2 -1 -1 0
32 1 84 86 2 -1 -1 0
34 1 90 92 2 -1 -1 0
36 1 96 98 2 -1 -1 0
38 1 102 104 2 -1 -1 0
40 1 108 110 2 -1 -1 0
42 1 114 116 2 -1 -1 0
44 1 120 122 2 -1 -1 0
45 1 122 128 2 -1 -1 0
46 1 124 126 2 -1 -1 0
47 1 126 142 2 -1 1 0
48 1 128 136 2 -1 1 0
49 1 130 130 1 -1 -1 0
50 1 132 134 2 -1 -1 0
51 1 134 136 2 -1 5 0
52 1 136 140 2 -1 0 0
53 1 138 150 3 -1 0 0
54 1 142 154 2 -1 0 0
55 1 144 146 2 -1 -1 0
56 1 148 150 2 -1 -1 0
57 1 152 154 2 -1 -1 0
59 1 158 160 2 -1 -1 0
60 1 160 162 2 -1 -1 0
61 1 162 170 2 -1 1 0
62 1 164 164 1 -1 -1 0
63 1 166 168 2 -1 -1 0
64 1 168 170 2 -1 5 0
65 1 170 174 2 -1 0 0
66 1 172 182 3 -1 0 0
67 1 176 178 2 -1 -1 0
68 1 180 182 2 -1 -1 0
70 1 186 188 2 -1 -1 0
71 1 188 194 2 -1 1 0
72 1 190 192 2 -1 -1 0
73 1 192 206 2 -1 -1 0
74 1 194 202 2 -1 0 0
75 1 196 198 2 -1 -1 0
76 1 200 202 2 -1 -1 0
77 1 204 206 2 -1 -1 0
79 1 210 212 2 -1 -1 0
80 1 212 214 2 -1 1 0
81 1 214 222 2 -1 0 0
82 1 216 218 2 -1 -1 0
83 1 220 222 2 -1 -1 0
85 1 226 228 2 -1 -1 0
86 1 228 230 2 -1 1 0
87 1 230 238 2 -1 0 0
88 1 232 234 2 -1 -1 0
89 1 236 238 2 -1 -1 0
91 1 242 244 2 -1 -1 0
92 1 244 258 2 -1 -1 0
93 1 246 248 2 -1 -1 0
94 1 248 250 2 -1 1 0
95 1 250 262 2 -1 0 0
96 1 252 254 2 -1 -1 0
97 1 256 258 2 -1 -1 0
98 1 260 262 2 -1 -1 0
100 1 266 268 2 -1 -1 0
101 1 268 282 2 -1 -1 0
102 1 270 272 2 -1 -1 0
103 1 272 274 2 -1 1 0
104 1 274 286 2 -1 0 0
105 1 276 278 2 -1 -1 0
106 1 280 282 2 -1 -1 0
107 1 284 286 2 -1 -1 0
109 1 290 292 2 -1 -1 0
110 1 292 306 2 -1 -1 0
111 1 294 296 2 -1 -1 0
112 1 296 298 2 -1 1 0
113 1 298 310 2 -1 0 0
114 1 300 302 2 -1 -1 0
115 1 304 306 2 -1 -1 0
116 1 308 310 2 -1 -1 0
118 1 314 316 2 -1 -1 0
119 1 316 324 2 -1 -1 0
120 1 318 320 2 -1 -1 0
121 1 322 324 2 -1 -1 0
123 1 328 330 2 -1 -1 0
124 1 330 356 2 -1 -1 0
125 1 332 334 2 -1 -1 0
126 1 334 336 2 -1 -1 0
127 1 336 344 2 -1 2 0
128 1 338 338 1 -1 -1 0
129 1 340 342 2 -1 -1 0
130 1 342 344 2 -1 1 0
131 1 344 348 2 -1 0 0
132 1 346 360 3 -1 0 0
133 1 350 352 2 -1 -1 0
134 1 354 356 2 -1 -1 0
135 1 358 360 2 -1 -1 0
137 1 364 366 2 -1 -1 0
138 1 366 374 2 -1 -1 0
139 1 368 370 2 -1 -1 0
140 1 372 374 2 -1 -1 0
142 1 378 380 2 -1 -1 0
143 1 380 406 2 -1 -1 0
144 1 382 384 2 -1 -1 0
145 1 384 386 2 -1 -1 0
146 1 386 394 2 -1 2 0
147 1 388 388 1 -1 -1 0
148 1 390 392 2 -1 -1 0
149 1 392 394 2 -1 1 0
150 1 394 398 2 -1 0 0
151 1 396 410 3 -1 0 0
152 1 400 402 2 -1 -1 0
153 1 404 406 2 -1 -1 0
154 1 408 410 2 -1 -1 0
156 1 414 416 2 -1 -1 0
157 1 416 424 2 -1 -1 0
158 1 418 420 2 -1 -1 0
159 1 422 424 2 -1 -1 0
161 1 428 430 2 -1 -1 0
162 1 430 456 2 -1 -1 0
163 1 432 434 2 -1 -1 0
164 1 434 436 2 -1 -1 0
165 1 436 444 2 -1 2 0
166 1 438 438 1 -1 -1 0
167 1 440 442 2 -1 -1 0
168 1 442 444 2 -1 1 0
169 1 444 448 2 -1 0 0
170 1 446 460 3 -1 0 0
171 1 450 452 2 -1 -1 0
172 1 454 456 2 -1 -1 0
173 1 458 460 2 -1 -1 0
175 1 464 466 2 -1 -1 0
176 1 466 468 2 -1 1 0
177 1 468 476 2 -1 0 0
178 1 470 472 2 -1 -1 0
179 1 474 476 2 -1 -1 0
181 1 480 482 2 -1 -1 0
182 1 482 484 2 -1 1 0
183 1 484 492 2 -1 0 0
184 1 486 488 2 -1 -1 0
185 1 490 492 2 -1 -1 0
187 1 496 498 2 -1 -1 0
188 1 498 500 2 -1 1 0
189 1 500 508 2 -1 0 0
190 1 502 504 2 -1 -1 0
191 1 506 508 2 -1 -1 0
192 1 512 514 2 -1 -1 0
193 1 514 516 2 -1 1 0
194 1 516 524 2 -1 0 0
195 1 518 520 2 -1 -1 0
196 1 522 524 2 -1 -1 0
26 1 24 2 0 0 24 24
0 54
0 1 2 5 6 7 8 9 10 11 12 13 14 15 16 17 18 19 20 21 22 23 24 25
24 26


0 1 0 24 1 -1 2 1
1 1 0 10 4 -1 -1 1
2 1 0 52 6 -1 -1 1
5 1 0 2 2 -1 -1 0
6 1 2 34 2 -1 -1 0
7 1 4 24 2 -1 1 0
8 1 6 8 2 -1 -1 0
9 1 8 14 2 -1 -1 0
10 1 10 12 2 -1 -1 0
11 1 12 14 2 -1 -1 0
12 1 14 26 2 -1 2 0
13 1 16 16 1 -1 -1 0
14 1 18 18 1 -1 -1 0
15 1 20 22 2 -1 -1 0
16 1 22 24 2 -1 5 0
17 1 24 38 2 -1 0 0
18 1 26 42 3 -1 0 0
19 1 28 30 2 -1 -1 0
20 1 32 34 2 -1 -1 0
21 1 36 38 2 -1 -1 0
22 1 40 46 2 -1 -1 0
23 1 42 50 2 -1 -1 0
24 1 44 46 2 -1 -1 0
25 1 48 50 2 -1 -1 0
12 1 9 2 0 0 9 9
0 18
0 1 10 11 3 4 5 6 9
10 12


0 1 0 12 2 -1 2 1
1 1 0 16 2 -1 -1 1
3 1 4 4 1 -1 -1 0
4 1 6 8 2 -1 -1 0
5 1 8 10 2 -1 1 0
6 1 10 14 3 -1 5 0
9 1 12 12 1 -1 0 0
10 1 0 2 2 -1 -1 0
11 1 2 10 2 -1 2 0
55 1 48 6 0 0 48 48
0 112
0 1 2 5 6 7 8 9 10 11 12 13 14 15 16 17 18 19 20 21 22 23 24 25 52 53 54 50 27 28 29 30 31 32 34 37 38 39 40 41 42 43 44 45 46 47 48 49
40 46 48 50 52 62


0 1 0 40 1 -1 2 1
1 1 0 26 7 -1 -1 1
2 1 0 110 9 -1 -1 1
5 1 0 40 2 -1 1 0
6 1 2 4 2 -1 -1 0
7 1 4 48 4 -1 2 0
8 1 6 8 2 -1 -1 0
9 1 8 14 2 -1 -1 0
10 1 10 12 2 -1 -1 0
11 1 12 14 2 -1 -1 0
12 1 14 50 2 -1 2 0
13 1 16 18 2 -1 -1 0
14 1 18 24 2 -1 -1 0
15 1 20 22 2 -1 -1 0
16 1 22 24 2 -1 -1 0
17 1 24 52 2 -1 2 0
18 1 26 28 2 -1 -1 0
19 1 28 58 3 -1 -1 0
20 1 30 30 1 -1 -1 0
21 1 32 32 1 -1 -1 0
22 1 34 34 1 -1 -1 0
23 1 36 38 2 -1 -1 0
24 1 38 40 2 -1 5 0
25 1 40 76 2 -1 0 0
27 1 50 84 3 -1 0 0
28 1 52 96 3 -1 0 0
29 1 54 56 2 -1 -1 0
30 1 56 64 2 -1 -1 0
31 1 58 60 2 -1 -1 0
32 1 60 68 2 -1 -1 0
34 1 62 108 4 -1 0 0
37 1 66 68 2 -1 -1 0
38 1 70 72 2 -1 -1 0
39 1 74 76 2 -1 -1 0
40 1 78 80 2 -1 -1 0
41 1 82 88 2 -1 -1 0
42 1 84 92 2 -1 -1 0
43 1 86 88 2 -1 -1 0
44 1 90 92 2 -1 -1 0
45 1 94 100 2 -1 -1 0
46 1 96 104 2 -1 -1 0
47 1 98 100 2 -1 -1 0
48 1 102 104 2 -1 -1 0
49 1 106 108 2 -1 -1 0
50 1 48 80 2 -1 0 0
52 1 42 44 2 -1 -1 0
53 1 44 48 3 -1 5 0
54 1 46 46 1 -1 0 0
51 4 37 4 0 0 42 37
0 2 12 14 74
0 1 2 3 36 44 37 38 5 7 8 9 10 11 12 13 14 15 16 17 18 19 20 21 22 23 24 25 26 27 28 29 30 31 32 33 34
30 48 66 68


0 2 0 11 13 73 2 -1 2 1
1 2 0 11 13 73 4 -1 2 1
2 1 0 2 2 44 -1 1
3 2 0 11 13 73 2 -1 2 1
5 1 8 10 4 -1 -1 0
7 1 14 14 2 -1 -1 0
8 1 16 16 2 -1 -1 0
9 1 18 18 2 -1 -1 0
10 1 20 20 2 -1 -1 0
11 1 22 22 2 -1 -1 0
12 1 24 24 2 -1 -1 0
13 1 26 28 4 -1 -1 0
14 1 28 30 4 -1 2 0
15 1 30 48 4 -1 5 0
16 1 32 32 2 -1 -1 0
17 1 34 34 2 -1 -1 0
18 1 36 36 2 -1 -1 0
19 1 38 38 2 -1 -1 0
20 1 40 40 2 -1 -1 0
21 1 42 42 2 -1 -1 0
22 1 44 46 4 -1 -1 0
23 1 46 48 4 -1 4 0
24 1 48 66 4 -1 1 0
25 1 50 50 2 -1 -1 0
26 1 52 52 2 -1 -1 0
27 1 54 54 2 -1 -1 0
28 1 56 56 2 -1 -1 0
29 1 58 58 2 -1 -1 0
30 1 60 60 2 -1 -1 0
31 1 62 64 4 -1 -1 0
32 1 64 66 4 -1 5 0
33 1 66 68 4 -1 1 0
34 1 68 68 2 -1 0 0
36 2 2 2 70 73 4 44 -1 0
37 1 4 6 4 -1 -1 0
38 1 6 8 4 -1 -1 0
44 2 2 11 13 70 8 36 1 0
105 9 66 6 0 0 78 66
0 8 10 38 40 42 48 50 98 158
0 1 2 3 5 6 7 9 99 13 100 15 101 17 19 20 23 25 26 102 36 37 38 39 40 41 42 43 45 46 47 48 49 50 52 53 54 55 91 57 58 59 60 61 92 64 65 66 67 68 69 70 71 73 74 75 76 77 78 80 83 103 87 104 89 90
68 80 94 124 136 138


0 4 0 7 9 37 47 90 97 136 9 -1 2 1
1 2 0 40 47 124 8 -1 1 1
2 1 0 2 2 -1 -1 0
3 2 2 7 9 14 3 -1 -1 0
5 1 4 6 2 -1 -1 0
6 1 10 12 2 -1 -1 0
7 3 12 37 47 49 97 148 5 -1 -1 0
9 3 14 37 47 50 97 152 6 -1 -1 0
13 1 18 20 2 -1 -1 0
15 2 24 37 47 50 3 -1 -1 0
17 2 28 39 41 42 3 -1 -1 0
19 1 30 32 2 -1 -1 0
20 2 32 38 47 48 3 -1 -1 0
23 1 34 36 2 -1 -1 0
25 1 42 44 2 -1 -1 0
26 1 44 46 2 -1 -1 0
36 1 54 56 2 -1 -1 0
37 1 56 68 2 -1 2 0
38 1 58 58 1 -1 -1 0
39 1 60 60 1 -1 -1 0
40 1 62 62 1 -1 -1 0
41 1 64 66 2 -1 -1 0
42 1 66 68 2 -1 5 0
43 1 68 80 2 -1 1 0
45 1 70 70 1 -1 -1 0
46 1 72 72 1 -1 -1 0
47 1 74 74 1 -1 -1 0
48 1 76 78 2 -1 -1 0
49 1 78 80 2 -1 5 0
50 1 80 94 2 -1 5 0
52 1 82 82 1 -1 -1 0
53 1 84 84 1 -1 -1 0
54 1 86 88 2 -1 -1 0
55 1 88 94 3 -1 2 0
57 1 94 94 1 -1 0 0
58 1 98 98 1 -1 -1 0
59 1 100 100 1 -1 -1 0
60 1 102 104 2 -1 -1 0
61 1 104 138 3 -1 2 0
64 1 110 112 2 -1 -1 0
65 1 112 124 2 -1 2 0
66 1 114 114 1 -1 -1 0
67 1 116 116 1 -1 -1 0
68 1 118 118 1 -1 -1 0
69 1 120 122 2 -1 -1 0
70 1 122 124 2 -1 5 0
71 1 124 136 2 -1 1 0
73 1 126 126 1 -1 -1 0
74 1 128 128 1 -1 -1 0
75 1 130 130 1 -1 -1 0
76 1 132 134 2 -1 -1 0
77 1 134 136 2 -1 5 0
78 1 136 138 2 -1 1 0
80 1 138 156 3 -1 0 0
83 1 140 154 2 -1 -1 0
87 1 144 146 2 -1 -1 0
89 1 150 152 2 -1 -1 0
90 1 152 154 2 -1 -1 0
91 1 90 92 2 -1 -1 0
92 1 106 108 2 -1 -1 0
99 1 16 18 2 -1 -1 0
100 1 22 24 2 -1 -1 0
101 1 26 28 2 -1 -1 0
102 1 50 52 2 -1 -1 0
103 1 142 144 2 -1 -1 0
104 1 148 150 2 -1 -1 0
76 39 4 1 0 0 4 4
0 6 8 10 12 14 16 18 20 22 24 26 28 30 32 34 36 38 40 42 44 46 48 50 52 54 56 58 60 62 64 66 68 70 72 74 76 78 80 84
0 1 2 3
80


0 1 0 0 1 -1 -1 1
1 1 0 2 2 -1 -1 0
2 1 2 4 2 -1 -1 0
3 1 80 80 2 -1 0 0
6 3 4 0 0 0 4 4
0 8 10 12
0 1 2 3



0 1 0 0 1 -1 -1 1
1 1 0 2 2 -1 -1 0
2 1 2 4 2 -1 -1 0
3 1 4 6 2 -1 -1 0
510 151 377 39 0 0 443 377
0 6 14 16 18 26 28 30 38 40 42 50 52 54 62 64 66 74 76 78 86 88 90 98 100 102 110 112 114 122 124 126 134 136 138 146 148 150 158 160 162 170 172 174 182 184 186 194 196 198 206 208 210 218 220 222 230 232 234 246 274 278 302 304 306 308 310 312 320 344 348 350 352 354 356 368 380 408 410 412 414 416 424 456 458 466 498 500 512 524 552 554 556 558 560 572 584 612 614 616 618 620 632 644 672 674 676 678 680 688 700 702 714 726 738 740 742 744 746 754 766 768 780 792 804 806 808 810 812 820 832 834 846 858 870 872 874 876 878 886 918 920 928 960 962 970 1002 1004 1012 1044 1046 1050
0 1 2 3 4 6 7 8 12 13 14 18 19 20 24 25 26 30 31 32 36 37 38 42 43 44 48 49 50 54 55 56 60 61 62 66 67 68 72 73 74 78 79 80 84 85 86 90 91 92 96 97 98 102 103 104 108 109 110 114 115 116 122 123 124 125 126 120 121 127 128 129 130 131 133 500 501 502 503 138 140 141 142 143 144 145 146 147 148 149 150 151 160 161 162 158 159 163 164 165 167 504 505 506 507 172 174 180 181 184 185 186 182 183 189 190 191 187 188 192 193 194 195 196 197 198 199 200 201 202 210 211 212 208 209 213 214 215 216 217 218 219 220 221 222 223 224 225 230 231 232 228 229 233 234 235 236 237 238 239 240 241 242 243 244 245 250 251 252 253 254 248 249 255 256 259 257 258 260 261 262 263 264 265 266 267 268 269 270 278 279 280 281 282 276 277 283 284 287 285 286 288 289 290 291 292 293 294 295 296 297 298 306 307 308 309 310 304 305 311 312 315 313 314 316 317 318 319 320 321 322 323 324 325 326 334 335 336 332 333 337 338 339 344 345 346 347 348 342 343 349 350 353 351 352 354 355 356 364 365 366 362 363 367 368 369 374 375 376 377 378 372 373 379 380 383 381 382 384 385 386 394 395 396 392 393 397 398 399 404 405 406 407 408 402 403 409 410 413 411 412 414 415 416 424 425 426 422 423 427 428 429 430 431 432 433 434 435 436 437 438 439 444 445 446 442 443 447 448 449 450 451 452 453 454 455 456 457 458 459 464 465 466 462 463 467 468 469 470 471 472 473 474 475 476 477 478 479 483 484 485 481 482 486 487 488 489 490 491 492 493 494 495 496 497 498 5
274 286 296 298 344 392 402 404 440 450 452 482 492 494 536 546 548 596 606 608 656 666 668 734 800 866 902 912 914 944 954 956 986 996 998 1028 1038 1040 1046


0 13 0 5 233 298 311 344 355 404 415 452 457 494 499 548 559 608 619 668 877 914 919 956 961 998 1003 1040 35 -1 2 1
1 19 0 5 233 246 311 320 355 368 415 424 457 466 499 512 559 572 619 632 679 688 701 714 745 754 767 780 811 820 833 846 877 886 919 928 961 970 1003 1012 27 -1 -1 1
2 37 0 6 17 18 29 30 41 42 53 54 65 66 77 78 89 90 101 102 113 114 125 126 137 138 149 150 161 162 173 174 185 186 197 198 209 210 221 222 233 254 311 324 355 380 415 428 457 470 499 524 559 584 619 644 679 692 701 726 745 758 767 792 811 824 833 858 877 890 919 932 961 974 1003 1016 63 -1 -1 1
3 1 0 2 2 -1 -1 0
4 1 2 4 2 -1 -1 0
5 1 1046 1046 2 -1 0 0
6 1 6 8 2 -1 -1 0
7 1 8 10 2 -1 -1 0
8 1 10 12 2 -1 -1 0
12 1 18 20 2 -1 -1 0
13 1 20 22 2 -1 -1 0
14 1 22 24 2 -1 -1 0
18 1 30 32 2 -1 -1 0
19 1 32 34 2 -1 -1 0
20 1 34 36 2 -1 -1 0
24 1 42 44 2 -1 -1 0
25 1 44 46 2 -1 -1 0
26 1 46 48 2 -1 -1 0
30 1 54 56 2 -1 -1 0
31 1 56 58 2 -1 -1 0
32 1 58 60 2 -1 -1 0
36 1 66 68 2 -1 -1 0
37 1 68 70 2 -1 -1 0
38 1 70 72 2 -1 -1 0
42 1 78 80 2 -1 -1 0
43 1 80 82 2 -1 -1 0
44 1 82 84 2 -1 -1 0
48 1 90 92 2 -1 -1 0
49 1 92 94 2 -1 -1 0
50 1 94 96 2 -1 -1 0
54 1 102 104 2 -1 -1 0
55 1 104 106 2 -1 -1 0
56 1 106 108 2 -1 -1 0
60 1 114 116 2 -1 -1 0
61 1 116 118 2 -1 -1 0
62 1 118 120 2 -1 -1 0
66 1 126 128 2 -1 -1 0
67 1 128 130 2 -1 -1 0
68 1 130 132 2 -1 -1 0
72 1 138 140 2 -1 -1 0
73 1 140 142 2 -1 -1 0
74 1 142 144 2 -1 -1 0
78 1 150 152 2 -1 -1 0
79 1 152 154 2 -1 -1 0
80 1 154 156 2 -1 -1 0
84 1 162 164 2 -1 -1 0
85 1 164 166 2 -1 -1 0
86 1 166 168 2 -1 -1 0
90 1 174 176 2 -1 -1 0
91 1 176 178 2 -1 -1 0
92 1 178 180 2 -1 -1 0
96 1 186 188 2 -1 -1 0
97 1 188 190 2 -1 -1 0
98 1 190 192 2 -1 -1 0
102 1 198 200 2 -1 -1 0
103 1 200 202 2 -1 -1 0
104 1 202 204 2 -1 -1 0
108 1 210 212 2 -1 -1 0
109 1 212 214 2 -1 -1 0
110 1 214 216 2 -1 -1 0
114 1 222 224 2 -1 -1 0
115 1 224 226 2 -1 -1 0
116 1 226 228 2 -1 -1 0
120 1 246 248 2 -1 -1 0
121 1 248 258 2 -1 -1 0
122 1 234 236 2 -1 -1 0
123 1 236 286 2 -1 1 0
124 1 238 240 2 -1 -1 0
125 1 240 242 2 -1 -1 0
126 1 242 244 2 -1 -1 0
127 1 250 252 2 -1 -1 0
128 1 252 260 2 -1 -1 0
129 1 254 256 2 -1 -1 0
130 1 256 296 2 -1 1 0
131 1 258 274 3 -1 1 0
133 1 260 274 3 -1 5 0
138 1 270 272 2 -1 -1 0
140 1 274 276 2 -1 0 0
141 1 278 278 1 -1 -1 0
142 1 280 280 1 -1 -1 0
143 1 282 284 2 -1 -1 0
144 1 284 286 2 -1 5 0
145 1 286 298 2 -1 1 0
146 1 288 288 1 -1 -1 0
147 1 290 290 1 -1 -1 0
148 1 292 294 2 -1 -1 0
149 1 294 296 2 -1 5 0
150 1 296 298 2 -1 5 0
151 1 298 300 2 -1 0 0
158 1 320 322 2 -1 -1 0
159 1 322 328 2 -1 -1 0
160 1 312 314 2 -1 -1 0
161 1 314 316 2 -1 -1 0
162 1 316 318 2 -1 -1 0
163 1 324 326 2 -1 -1 0
164 1 326 330 2 -1 -1 0
165 1 328 344 3 -1 1 0
167 1 330 344 3 -1 5 0
172 1 340 342 2 -1 -1 0
174 1 344 346 2 -1 0 0
180 1 356 358 2 -1 -1 0
181 1 358 392 2 -1 1 0
182 1 368 370 2 -1 -1 0
183 1 370 376 2 -1 -1 0
184 1 360 362 2 -1 -1 0
185 1 362 364 2 -1 -1 0
186 1 364 366 2 -1 -1 0
187 1 380 382 2 -1 -1 0
188 1 382 402 2 -1 1 0
189 1 372 374 2 -1 -1 0
190 1 374 376 2 -1 -1 0
191 1 376 378 2 -1 -1 0
192 1 384 384 1 -1 -1 0
193 1 386 386 1 -1 -1 0
194 1 388 390 2 -1 -1 0
195 1 390 392 2 -1 5 0
196 1 392 404 2 -1 1 0
197 1 394 394 1 -1 -1 0
198 1 396 396 1 -1 -1 0
199 1 398 400 2 -1 -1 0
200 1 400 402 2 -1 5 0
201 1 402 404 2 -1 5 0
202 1 404 406 2 -1 0 0
208 1 424 426 2 -1 -1 0
209 1 426 440 2 -1 1 0
210 1 416 418 2 -1 -1 0
211 1 418 420 2 -1 -1 0
212 1 420 422 2 -1 -1 0
213 1 428 430 2 -1 -1 0
214 1 430 450 2 -1 1 0
215 1 432 432 1 -1 -1 0
216 1 434 434 1 -1 -1 0
217 1 436 438 2 -1 -1 0
218 1 438 440 2 -1 5 0
219 1 440 452 2 -1 1 0
220 1 442 442 1 -1 -1 0
221 1 444 444 1 -1 -1 0
222 1 446 448 2 -1 -1 0
223 1 448 450 2 -1 5 0
224 1 450 452 2 -1 5 0
225 1 452 454 2 -1 0 0
228 1 466 468 2 -1 -1 0
229 1 468 482 2 -1 1 0
230 1 458 460 2 -1 -1 0
231 1 460 462 2 -1 -1 0
232 1 462 464 2 -1 -1 0
233 1 470 472 2 -1 -1 0
234 1 472 492 2 -1 1 0
235 1 474 474 1 -1 -1 0
236 1 476 476 1 -1 -1 0
237 1 478 480 2 -1 -1 0
238 1 480 482 2 -1 5 0
239 1 482 494 2 -1 1 0
240 1 484 484 1 -1 -1 0
241 1 486 486 1 -1 -1 0
242 1 488 490 2 -1 -1 0
243 1 490 492 2 -1 5 0
244 1 492 494 2 -1 5 0
245 1 494 496 2 -1 0 0
248 1 512 514 2 -1 -1 0
249 1 514 520 2 -1 -1 0
250 1 500 502 2 -1 -1 0
251 1 502 536 2 -1 1 0
252 1 504 506 2 -1 -1 0
253 1 506 508 2 -1 -1 0
254 1 508 510 2 -1 -1 0
255 1 516 518 2 -1 -1 0
256 1 518 520 2 -1 -1 0
257 1 524 526 2 -1 -1 0
258 1 526 546 2 -1 1 0
259 1 520 522 2 -1 -1 0
260 1 528 528 1 -1 -1 0
261 1 530 530 1 -1 -1 0
262 1 532 534 2 -1 -1 0
263 1 534 536 2 -1 5 0
264 1 536 548 2 -1 1 0
265 1 538 538 1 -1 -1 0
266 1 540 540 1 -1 -1 0
267 1 542 544 2 -1 -1 0
268 1 544 546 2 -1 5 0
269 1 546 548 2 -1 5 0
270 1 548 550 2 -1 0 0
276 1 572 574 2 -1 -1 0
277 1 574 580 2 -1 -1 0
278 1 560 562 2 -1 -1 0
279 1 562 596 2 -1 1 0
280 1 564 566 2 -1 -1 0
281 1 566 568 2 -1 -1 0
282 1 568 570 2 -1 -1 0
283 1 576 578 2 -1 -1 0
284 1 578 580 2 -1 -1 0
285 1 584 586 2 -1 -1 0
286 1 586 606 2 -1 1 0
287 1 580 582 2 -1 -1 0
288 1 588 588 1 -1 -1 0
289 1 590 590 1 -1 -1 0
290 1 592 594 2 -1 -1 0
291 1 594 596 2 -1 5 0
292 1 596 608 2 -1 1 0
293 1 598 598 1 -1 -1 0
294 1 600 600 1 -1 -1 0
295 1 602 604 2 -1 -1 0
296 1 604 606 2 -1 5 0
297 1 606 608 2 -1 5 0
298 1 608 610 2 -1 0 0
304 1 632 634 2 -1 -1 0
305 1 634 640 2 -1 -1 0
306 1 620 622 2 -1 -1 0
307 1 622 656 2 -1 1 0
308 1 624 626 2 -1 -1 0
309 1 626 628 2 -1 -1 0
310 1 628 630 2 -1 -1 0
311 1 636 638 2 -1 -1 0
312 1 638 640 2 -1 -1 0
313 1 644 646 2 -1 -1 0
314 1 646 666 2 -1 1 0
315 1 640 642 2 -1 -1 0
316 1 648 648 1 -1 -1 0
317 1 650 650 1 -1 -1 0
318 1 652 654 2 -1 -1 0
319 1 654 656 2 -1 5 0
320 1 656 668 2 -1 1 0
321 1 658 658 1 -1 -1 0
322 1 660 660 1 -1 -1 0
323 1 662 664 2 -1 -1 0
324 1 664 666 2 -1 5 0
325 1 666 668 2 -1 5 0
326 1 668 670 2 -1 0 0
332 1 688 690 2 -1 -1 0
333 1 690 696 2 -1 -1 0
334 1 680 682 2 -1 -1 0
335 1 682 684 2 -1 -1 0
336 1 684 686 2 -1 -1 0
337 1 692 694 2 -1 -1 0
338 1 694 696 2 -1 -1 0
339 1 696 698 2 -1 -1 0
342 1 714 716 2 -1 -1 0
343 1 716 722 2 -1 -1 0
344 1 702 704 2 -1 -1 0
345 1 704 730 2 -1 -1 0
346 1 706 708 2 -1 -1 0
347 1 708 710 2 -1 -1 0
348 1 710 712 2 -1 -1 0
349 1 718 720 2 -1 -1 0
350 1 720 722 2 -1 -1 0
351 1 726 728 2 -1 -1 0
352 1 728 732 2 -1 -1 0
353 1 722 724 2 -1 -1 0
354 1 730 734 2 -1 2 0
355 1 732 734 2 -1 1 0
356 1 734 736 2 -1 0 0
362 1 754 756 2 -1 -1 0
363 1 756 762 2 -1 -1 0
364 1 746 748 2 -1 -1 0
365 1 748 750 2 -1 -1 0
366 1 750 752 2 -1 -1 0
367 1 758 760 2 -1 -1 0
368 1 760 762 2 -1 -1 0
369 1 762 764 2 -1 -1 0
372 1 780 782 2 -1 -1 0
373 1 782 788 2 -1 -1 0
374 1 768 770 2 -1 -1 0
375 1 770 796 2 -1 -1 0
376 1 772 774 2 -1 -1 0
377 1 774 776 2 -1 -1 0
378 1 776 778 2 -1 -1 0
379 1 784 786 2 -1 -1 0
380 1 786 788 2 -1 -1 0
381 1 792 794 2 -1 -1 0
382 1 794 798 2 -1 -1 0
383 1 788 790 2 -1 -1 0
384 1 796 800 2 -1 2 0
385 1 798 800 2 -1 1 0
386 1 800 802 2 -1 0 0
392 1 820 822 2 -1 -1 0
393 1 822 828 2 -1 -1 0
394 1 812 814 2 -1 -1 0
395 1 814 816 2 -1 -1 0
396 1 816 818 2 -1 -1 0
397 1 824 826 2 -1 -1 0
398 1 826 828 2 -1 -1 0
399 1 828 830 2 -1 -1 0
402 1 846 848 2 -1 -1 0
403 1 848 854 2 -1 -1 0
404 1 834 836 2 -1 -1 0
405 1 836 862 2 -1 -1 0
406 1 838 840 2 -1 -1 0
407 1 840 842 2 -1 -1 0
408 1 842 844 2 -1 -1 0
409 1 850 852 2 -1 -1 0
410 1 852 854 2 -1 -1 0
411 1 858 860 2 -1 -1 0
412 1 860 864 2 -1 -1 0
413 1 854 856 2 -1 -1 0
414 1 862 866 2 -1 2 0
415 1 864 866 2 -1 1 0
416 1 866 868 2 -1 0 0
422 1 886 888 2 -1 -1 0
423 1 888 902 2 -1 1 0
424 1 878 880 2 -1 -1 0
425 1 880 882 2 -1 -1 0
426 1 882 884 2 -1 -1 0
427 1 890 892 2 -1 -1 0
428 1 892 912 2 -1 1 0
429 1 894 894 1 -1 -1 0
430 1 896 896 1 -1 -1 0
431 1 898 900 2 -1 -1 0
432 1 900 902 2 -1 5 0
433 1 902 914 2 -1 1 0
434 1 904 904 1 -1 -1 0
435 1 906 906 1 -1 -1 0
436 1 908 910 2 -1 -1 0
437 1 910 912 2 -1 5 0
438 1 912 914 2 -1 5 0
439 1 914 916 2 -1 0 0
442 1 928 930 2 -1 -1 0
443 1 930 944 2 -1 1 0
444 1 920 922 2 -1 -1 0
445 1 922 924 2 -1 -1 0
446 1 924 926 2 -1 -1 0
447 1 932 934 2 -1 -1 0
448 1 934 954 2 -1 1 0
449 1 936 936 1 -1 -1 0
450 1 938 938 1 -1 -1 0
451 1 940 942 2 -1 -1 0
452 1 942 944 2 -1 5 0
453 1 944 956 2 -1 1 0
454 1 946 946 1 -1 -1 0
455 1 948 948 1 -1 -1 0
456 1 950 952 2 -1 -1 0
457 1 952 954 2 -1 5 0
458 1 954 956 2 -1 5 0
459 1 956 958 2 -1 0 0
462 1 970 972 2 -1 -1 0
463 1 972 986 2 -1 1 0
464 1 962 964 2 -1 -1 0
465 1 964 966 2 -1 -1 0
466 1 966 968 2 -1 -1 0
467 1 974 976 2 -1 -1 0
468 1 976 996 2 -1 1 0
469 1 978 978 1 -1 -1 0
470 1 980 980 1 -1 -1 0
471 1 982 984 2 -1 -1 0
472 1 984 986 2 -1 5 0
473 1 986 998 2 -1 1 0
474 1 988 988 1 -1 -1 0
475 1 990 990 1 -1 -1 0
476 1 992 994 2 -1 -1 0
477 1 994 996 2 -1 5 0
478 1 996 998 2 -1 5 0
479 1 998 1000 2 -1 0 0
481 1 1012 1014 2 -1 -1 0
482 1 1014 1028 2 -1 1 0
483 1 1004 1006 2 -1 -1 0
484 1 1006 1008 2 -1 -1 0
485 1 1008 1010 2 -1 -1 0
486 1 1016 1018 2 -1 -1 0
487 1 1018 1038 2 -1 1 0
488 1 1020 1020 1 -1 -1 0
489 1 1022 1022 1 -1 -1 0
490 1 1024 1026 2 -1 -1 0
491 1 1026 1028 2 -1 5 0
492 1 1028 1040 2 -1 1 0
493 1 1030 1030 1 -1 -1 0
494 1 1032 1032 1 -1 -1 0
495 1 1034 1036 2 -1 -1 0
496 1 1036 1038 2 -1 5 0
497 1 1038 1040 2 -1 5 0
498 1 1040 1042 2 -1 0 0
500 1 262 264 2 -1 -1 0
501 1 264 274 3 -1 4 0
502 1 266 268 2 -1 -1 0
503 1 268 270 2 -1 -1 0
504 1 332 334 2 -1 -1 0
505 1 334 344 3 -1 4 0
506 1 336 338 2 -1 -1 0
507 1 338 340 2 -1 -1 0
5 1 3 0 0 0 3 3
0 6
0 1 4



0 1 0 0 1 -1 -1 1
1 1 0 4 2 -1 -1 1
4 1 0 2 2 -1 -1 0
35 9 27 1 0 0 27 27
0 8 32 40 50 58 60 62 64 66
0 1 2 3 4 5 7 8 9 10 11 12 13 14 15 16 18 19 20 21 22 23 24 25 26 27 28
26


0 1 0 12 3 -1 -1 1
1 1 0 28 1 -1 -1 1
2 1 0 54 1 -1 -1 1
3 1 0 2 2 -1 -1 0
4 1 2 4 2 -1 -1 0
5 1 4 6 2 -1 -1 0
7 1 8 10 2 -1 -1 0
8 1 10 28 2 -1 -1 0
9 1 12 14 2 -1 -1 0
10 1 14 26 2 -1 2 0
11 1 16 16 1 -1 -1 0
12 1 18 18 1 -1 -1 0
13 1 20 20 1 -1 -1 0
14 1 22 24 2 -1 -1 0
15 1 24 26 2 -1 1 0
16 1 26 40 3 -1 0 0
18 1 28 30 2 -1 -1 0
19 1 32 34 2 -1 -1 0
20 1 34 36 2 -1 -1 0
21 1 36 38 2 -1 -1 0
22 1 40 50 3 -1 -1 0
23 1 42 44 2 -1 -1 0
24 1 44 46 2 -1 -1 0
25 1 46 48 2 -1 -1 0
26 1 50 52 2 -1 -1 0
27 1 52 54 2 -1 -1 0
28 1 54 56 2 -1 -1 0
460 65 283 39 0 0 293 283
0 148 166 186 198 210 216 218 232 236 240 246 248 266 270 274 276 294 316 324 346 348 352 354 358 360 362 366 368 372 374 378 474 478 480 482 484 532 544 552 560 562 564 694 696 698 700 702 704 706 708 710 714 716 720 722 726 728 732 734 738 740 744 746 770 772
0 2 3 4 5 6 8 9 10 11 12 14 15 16 17 18 19 20 256 21 22 23 24 257 25 27 28 30 31 32 33 261 262 263 264 35 36 37 38 265 266 267 40 41 42 43 268 269 270 271 46 47 48 49 272 273 451 275 457 57 58 59 60 61 62 63 64 65 66 67 68 277 278 279 280 70 281 282 284 285 288 290 291 293 294 296 301 445 314 437 306 307 308 309 311 446 316 448 329 433 319 320 321 322 323 324 326 449 72 73 74 75 76 77 78 79 80 81 82 83 84 85 86 87 88 89 92 93 95 90 91 96 97 98 99 100 101 102 103 109 111 118 120 122 127 128 129 130 331 332 333 334 134 135 136 137 335 336 337 338 139 140 141 142 143 144 145 146 148 149 150 151 152 153 154 155 156 158 160 162 164 339 349 350 351 458 353 363 372 375 376 377 459 380 381 387 388 389 390 397 398 399 400 401 402 403 407 404 405 409 166 168 170 173 174 175 176 177 178 179 423 424 425 426 427 182 183 184 185 186 187 188 189 191 192 193 194 195 196 197 198 199 200 201 202 203 204 205 207 208 209 210 211 212 213 214 215 216 217 218 219 220 221 430 456 432 228 230 232 234 236 238 243 244 245 246 247 248 249 250 251 252 253
0 32 40 42 50 52 56 66 88 106 128 132 156 284 306 336 440 460 462 464 466 468 470 474 484 486 488 566 568 610 618 648 660 672 680 746 758 760 762


0 1 0 0 1 -1 0 0
2 1 2 2 1 -1 -1 0
3 1 4 4 1 -1 -1 0
4 1 6 8 2 -1 -1 0
5 1 8 648 6 -1 2 0
6 1 10 12 2 -1 -1 0
8 1 14 14 1 -1 -1 0
9 1 16 16 1 -1 -1 0
10 1 18 20 2 -1 -1 0
11 1 20 40 3 -1 2 0
12 1 22 24 2 -1 -1 0
14 1 26 26 1 -1 -1 0
15 1 28 30 2 -1 -1 0
16 1 30 32 2 -1 1 0
17 1 32 42 2 -1 1 0
18 1 34 34 1 -1 -1 0
19 1 36 38 2 -1 -1 0
20 1 38 42 2 -1 5 0
21 1 42 52 2 -1 1 0
22 1 44 44 1 -1 -1 0
23 1 46 48 2 -1 -1 0
24 1 48 52 2 -1 5 0
25 1 52 130 2 -1 0 0
27 1 54 56 2 -1 2 0
28 1 56 114 2 -1 0 0
30 1 58 58 1 -1 -1 0
31 1 60 60 1 -1 -1 0
32 1 62 64 2 -1 -1 0
33 1 64 88 5 -1 2 0
35 1 80 80 1 -1 -1 0
36 1 82 82 1 -1 -1 0
37 1 84 86 2 -1 -1 0
38 1 86 106 4 -1 2 0
40 1 98 98 1 -1 -1 0
41 1 100 100 1 -1 -1 0
42 1 102 104 2 -1 -1 0
43 1 104 132 5 -1 2 0
46 1 120 120 1 -1 -1 0
47 1 122 122 1 -1 -1 0
48 1 124 126 2 -1 -1 0
49 1 126 746 5 -1 2 0
57 1 148 148 1 -1 -1 0
58 1 150 150 1 -1 -1 0
59 1 152 154 2 -1 -1 0
60 1 154 156 2 -1 1 0
61 1 156 170 4 -1 0 0
62 1 158 160 2 -1 -1 0
63 1 160 162 2 -1 -1 0
64 1 162 164 2 -1 -1 0
65 1 166 168 2 -1 -1 0
66 1 168 178 2 -1 -1 0
67 1 170 172 2 -1 -1 0
68 1 172 284 2 -1 2 0
70 1 182 202 3 -1 -1 0
72 1 276 276 1 -1 -1 0
73 1 278 278 1 -1 -1 0
74 1 280 282 2 -1 -1 0
75 1 282 284 2 -1 1 0
76 1 284 294 3 -1 0 0
77 1 286 288 2 -1 -1 0
78 1 288 290 2 -1 -1 0
79 1 290 292 2 -1 -1 0
80 1 294 296 2 -1 -1 0
81 1 296 306 2 -1 2 0
82 1 298 298 1 -1 -1 0
83 1 300 300 1 -1 -1 0
84 1 302 304 2 -1 -1 0
85 1 304 306 2 -1 1 0
86 1 306 324 4 -1 0 0
87 1 308 310 2 -1 -1 0
88 1 310 312 2 -1 -1 0
89 1 312 314 2 -1 -1 0
90 1 324 326 2 -1 -1 0
91 1 326 336 2 -1 2 0
92 1 316 318 2 -1 -1 0
93 1 318 320 2 -1 -1 0
95 1 320 322 2 -1 -1 0
96 1 328 328 1 -1 -1 0
97 1 330 330 1 -1 -1 0
98 1 332 334 2 -1 -1 0
99 1 334 336 2 -1 1 0
100 1 336 338 2 -1 0 0
101 1 338 340 2 -1 -1 0
102 1 340 342 2 -1 -1 0
103 1 342 344 2 -1 -1 0
109 2 348 351 354 354 2 111 -1 0
111 1 354 358 2 109 -1 0
118 2 362 365 368 368 2 120 -1 0
120 2 368 371 374 374 2 118 -1 0
122 1 374 692 2 120 -1 0
127 1 378 378 1 -1 -1 0
128 1 380 380 1 -1 -1 0
129 1 382 384 2 -1 -1 0
130 1 384 458 5 -1 -1 0
134 1 400 400 1 -1 -1 0
135 1 402 402 1 -1 -1 0
136 1 404 406 2 -1 -1 0
137 1 406 438 5 -1 -1 0
139 1 422 422 1 -1 -1 0
140 1 424 424 1 -1 -1 0
141 1 426 426 1 -1 -1 0
142 1 428 430 2 -1 -1 0
143 1 430 440 4 -1 2 0
144 1 432 434 2 -1 -1 0
145 1 436 438 2 -1 -1 0
146 1 440 462 2 -1 5 0
148 1 442 442 1 -1 -1 0
149 1 444 444 1 -1 -1 0
150 1 446 446 1 -1 -1 0
151 1 448 450 2 -1 -1 0
152 1 450 460 4 -1 2 0
153 1 452 454 2 -1 -1 0
154 1 456 458 2 -1 -1 0
155 1 460 462 2 -1 1 0
156 1 462 758 3 -1 4 0
158 1 464 694 2 -1 0 0
160 1 466 696 2 -1 0 0
162 1 468 698 2 -1 0 0
164 1 470 700 2 -1 0 0
166 1 564 702 2 -1 -1 0
168 1 566 704 2 -1 0 0
170 1 568 706 2 -1 0 0
173 1 570 570 1 -1 -1 0
174 1 572 572 1 -1 -1 0
175 1 574 574 1 -1 -1 0
176 1 576 576 1 -1 -1 0
177 1 578 578 1 -1 -1 0
178 1 580 582 2 -1 -1 0
179 1 582 618 7 -1 2 0
182 1 604 604 1 -1 -1 0
183 1 606 608 2 -1 -1 0
184 1 608 610 2 -1 1 0
185 1 610 618 2 -1 1 0
186 1 612 612 1 -1 -1 0
187 1 614 616 2 -1 -1 0
188 1 616 618 2 -1 5 0
189 1 618 648 2 -1 1 0
191 1 620 620 1 -1 -1 0
192 1 622 622 1 -1 -1 0
193 1 624 624 1 -1 -1 0
194 1 626 626 1 -1 -1 0
195 1 628 628 1 -1 -1 0
196 1 630 630 1 -1 -1 0
197 1 632 632 1 -1 -1 0
198 1 634 634 1 -1 -1 0
199 1 636 636 1 -1 -1 0
200 1 638 638 1 -1 -1 0
201 1 640 640 1 -1 -1 0
202 1 642 642 1 -1 -1 0
203 1 644 646 2 -1 -1 0
204 1 646 648 2 -1 8 0
205 1 648 762 3 -1 2 0
207 1 650 650 1 -1 -1 0
208 1 652 652 1 -1 -1 0
209 1 654 654 1 -1 -1 0
210 1 656 658 2 -1 -1 0
211 1 658 660 2 -1 1 0
212 1 660 672 2 -1 1 0
213 1 662 662 1 -1 -1 0
214 1 664 664 1 -1 -1 0
215 1 666 666 1 -1 -1 0
216 1 668 670 2 -1 -1 0
217 1 670 672 2 -1 5 0
218 1 672 682 2 -1 0 0
219 1 674 674 1 -1 -1 0
220 1 676 678 2 -1 -1 0
221 1 678 688 3 -1 -1 0
228 2 710 713 716 716 2 230 -1 0
230 2 716 719 722 722 2 228 -1 0
232 2 722 725 728 728 2 230 -1 0
234 2 728 731 734 734 2 232 -1 0
236 2 734 737 740 740 2 234 -1 0
238 1 740 744 2 236 -1 0
243 1 746 766 2 -1 0 0
244 1 748 748 1 -1 -1 0
245 1 750 750 1 -1 -1 0
246 1 752 752 1 -1 -1 0
247 1 754 756 2 -1 -1 0
248 1 756 758 2 -1 1 0
249 1 758 760 2 -1 2 0
250 1 760 764 2 -1 0 0
251 1 762 764 2 -1 0 0
252 1 764 766 2 -1 -1 0
253 1 766 768 2 -1 -1 0
256 1 40 42 2 -1 2 0
257 1 50 52 2 -1 2 0
261 1 66 74 2 -1 0 0
262 1 68 70 2 -1 -1 0
263 1 72 74 2 -1 -1 0
264 1 76 78 2 -1 -1 0
265 1 88 96 2 -1 0 0
266 1 90 92 2 -1 -1 0
267 1 94 96 2 -1 -1 0
268 1 106 118 2 -1 0 0
269 1 108 110 2 -1 -1 0
270 1 112 114 2 -1 -1 0
271 1 116 118 2 -1 -1 0
272 1 128 140 3 -1 0 0
273 1 132 156 3 -1 2 0
275 1 138 140 2 -1 -1 0
277 1 174 176 2 -1 -1 0
278 1 176 178 2 -1 -1 0
279 1 178 180 2 -1 -1 0
280 1 180 198 3 -1 -1 0
281 1 186 188 2 -1 -1 0
282 1 188 273 6 -1 -1 0
284 1 190 192 2 -1 -1 0
285 1 192 194 2 -1 -1 0
288 1 194 196 2 -1 -1 0
290 1 198 200 2 -1 -1 0
291 1 200 273 6 -1 -1 0
293 1 202 204 2 -1 -1 0
294 1 204 273 6 -1 -1 0
296 1 206 208 2 -1 -1 0
301 1 210 240 5 -1 -1 0
306 1 220 222 4 -1 -1 0
307 1 222 228 4 -1 -1 0
308 1 224 226 4 -1 -1 0
309 1 226 228 4 -1 -1 0
311 1 228 230 4 -1 -1 0
314 2 218 218 232 239 6 437 -1 0
316 1 240 248 4 433 -1 0
319 1 250 252 4 -1 -1 0
320 1 252 254 4 -1 -1 0
321 1 254 262 4 -1 -1 0
322 1 256 258 4 -1 -1 0
323 1 258 260 4 -1 -1 0
324 1 260 262 4 -1 -1 0
326 1 262 264 4 -1 -1 0
329 2 248 248 266 273 6 433 -1 0
331 1 386 398 2 -1 -1 0
332 1 388 390 2 -1 -1 0
333 1 392 394 2 -1 -1 0
334 1 396 398 2 -1 -1 0
335 1 408 420 2 -1 -1 0
336 1 410 412 2 -1 -1 0
337 1 414 416 2 -1 -1 0
338 1 418 420 2 -1 -1 0
339 1 474 476 2 -1 0 0
349 1 484 502 5 -1 2 0
350 1 486 486 1 -1 0 0
351 1 488 516 4 -1 0 0
353 1 494 496 2 -1 -1 0
363 1 498 500 2 -1 -1 0
372 1 502 512 4 -1 -1 0
375 1 504 506 2 -1 -1 0
376 1 508 510 2 -1 -1 0
377 1 512 514 2 -1 -1 0
380 1 518 520 2 -1 -1 0
381 1 520 532 3 -1 -1 0
387 1 522 524 2 -1 -1 0
388 1 524 526 2 -1 -1 0
389 1 526 528 2 -1 -1 0
390 1 528 530 2 -1 -1 0
397 1 532 534 2 -1 -1 0
398 1 534 552 4 -1 -1 0
399 1 536 538 2 -1 -1 0
400 1 538 540 2 -1 -1 0
401 1 540 542 2 -1 -1 0
402 1 544 546 2 -1 -1 0
403 1 546 548 2 -1 -1 0
404 1 552 554 2 -1 -1 0
405 1 554 556 2 -1 -1 0
407 1 548 550 2 -1 -1 0
409 1 556 558 2 -1 -1 0
423 1 584 586 2 -1 -1 0
424 1 588 590 2 -1 -1 0
425 1 592 594 2 -1 -1 0
426 1 596 598 2 -1 -1 0
427 1 600 602 2 -1 -1 0
430 1 680 690 3 -1 0 0
432 1 688 690 2 -1 -1 0
433 1 248 266 8 316 -1 0
437 1 218 232 8 314 -1 0
445 1 212 214 2 -1 -1 0
446 1 236 238 4 -1 -1 0
448 1 242 244 2 -1 -1 0
449 1 270 272 4 -1 -1 0
451 1 134 136 2 -1 -1 0
456 1 684 686 2 -1 -1 0
457 1 142 144 2 -1 -1 0
458 1 490 492 2 -1 -1 0
459 1 516 518 2 -1 -1 0
37 3 22 1 0 0 22 22
0 16 20 52
0 1 32 5 33 3 6 7 8 10 34 13 35 16 18 19 20 21 22 23 26 36
16


0 1 0 46 6 -1 2 1
1 1 0 42 1 -1 -1 1
3 1 6 12 2 -1 -1 0
5 1 2 8 2 -1 -1 0
6 1 8 10 2 -1 -1 0
7 1 10 12 2 -1 -1 0
8 1 12 14 2 -1 -1 0
10 1 16 16 1 -1 0 0
13 1 22 50 5 -1 -1 0
16 1 26 34 3 -1 -1 0
18 1 28 30 2 -1 -1 0
19 1 30 32 2 -1 -1 0
20 1 34 36 2 -1 -1 0
21 1 36 40 2 -1 -1 0
22 1 38 40 2 -1 -1 0
23 1 40 42 2 -1 -1 0
26 1 44 48 2 -1 -1 0
32 1 0 2 2 -1 -1 0
33 1 4 6 2 -1 -1 0
34 1 20 22 2 -1 -1 0
35 1 24 26 2 -1 -1 0
36 1 46 48 2 -1 -1 0
10 1 6 0 0 0 6 6
0 12
0 4 6 7 8 9



0 1 0 0 1 -1 -1 1
4 1 0 6 2 -1 -1 0
6 1 2 4 2 -1 -1 0
7 1 4 6 2 -1 -1 0
8 1 6 8 2 -1 -1 0
9 1 8 10 2 -1 -1 0
6 1 3 1 0 0 3 3
0 4
0 1 4
2


0 1 0 2 1 -1 2 1
1 1 0 0 1 -1 -1 1
4 1 0 2 2 -1 1 0
3 1 3 0 0 0 3 3
0 6
0 1 2



0 1 0 0 1 -1 -1 1
1 1 0 4 2 -1 -1 1
2 1 0 2 2 -1 -1 0
31 16 6 1 0 0 7 6
0 6 8 10 12 14 16 18 24 26 28 30 32 34 36 38 42
0 1 2 16 17 3
38


0 2 0 5 17 18 2 -1 -1 1
1 1 0 2 2 -1 -1 0
2 1 2 4 2 -1 -1 0
3 1 38 38 2 -1 0 0
16 1 18 20 2 -1 -1 0
17 1 20 22 2 -1 -1 0
1 1 0 0 0 0 0 0
0 2




1 1 0 0 0 0 0 0
0 2




9 1 6 0 0 0 6 6
0 16
0 1 2 3 8 7



0 1 0 14 3 -1 -1 1
1 1 0 0 1 -1 -1 0
2 1 2 2 1 -1 -1 0
3 1 4 4 1 -1 -1 0
7 1 10 12 2 -1 -1 0
8 1 6 8 2 -1 -1 0
22 5 18 1 0 0 26 18
0 12 16 20 24 48
0 1 2 3 4 6 7 10 12 13 14 15 16 17 18 19 20 21
36


0 3 0 12 15 19 23 26 3 -1 -1 1
1 3 0 11 15 20 23 24 3 -1 -1 1
2 1 0 46 7 -1 -1 1
3 1 0 2 2 -1 -1 0
4 3 2 11 15 19 23 38 3 -1 -1 0
6 1 4 6 2 -1 -1 0
7 3 6 11 15 19 23 38 3 -1 -1 0
10 1 8 10 2 -1 -1 0
12 1 16 18 2 -1 -1 0
13 1 24 36 2 -1 2 0
14 1 26 36 2 -1 1 0
15 1 28 28 1 -1 -1 0
16 1 30 30 1 -1 -1 0
17 1 32 34 2 -1 -1 0
18 1 34 36 2 -1 5 0
19 1 36 40 2 -1 0 0
20 1 38 44 2 -1 -1 0
21 1 42 44 2 -1 -1 0
1 1 0 0 0 0 0 0
0 2




2 1 1 1 0 0 1 1
0 2
0
0


0 1 0 0 1 -1 1 1
20 3 14 1 0 0 14 14
0 8 28 34
0 1 2 3 5 6 7 10 11 12 13 15 16 17
32


0 1 0 8 2 -1 -1 1
1 1 0 32 3 -1 8 1
2 1 0 2 2 -1 -1 0
3 1 2 4 2 -1 -1 0
5 1 4 6 2 -1 -1 0
6 1 8 10 2 -1 -1 0
7 1 10 18 3 -1 -1 0
10 1 12 14 2 -1 -1 0
11 1 14 16 2 -1 -1 0
12 1 18 20 2 -1 -1 0
13 1 20 22 2 -1 -1 0
15 1 22 24 2 -1 -1 0
16 1 28 32 2 -1 2 0
17 1 30 32 2 -1 4 0
6 1 4 0 0 0 4 4
0 8
0 1 4 5



0 1 0 0 1 -1 -1 1
1 1 0 2 2 -1 -1 0
4 1 2 4 2 -1 -1 0
5 1 4 6 2 -1 -1 0
1 1 1 0 0 0 1 1
0 4
0



0 1 0 2 2 -1 -1 0
3 1 3 0 0 0 3 3
0 6
0 1 2



0 1 0 0 1 -1 -1 1
1 1 0 4 2 -1 -1 1
2 1 0 2 2 -1 -1 0
12 1 11 0 0 0 11 11
0 22
0 1 2 3 4 6 7 8 9 10 11



0 1 0 0 1 -1 -1 1
1 1 0 14 2 -1 -1 1
2 1 0 20 2 -1 -1 1
3 1 0 2 2 -1 -1 0
4 1 2 10 3 -1 -1 0
6 1 4 6 2 -1 -1 0
7 1 6 8 2 -1 -1 0
8 1 10 12 2 -1 -1 0
9 1 12 16 2 -1 -1 0
10 1 14 16 2 -1 -1 0
11 1 16 18 2 -1 -1 0
19 1 18 3 0 0 18 18
0 40
0 1 2 3 16 17 18 4 5 6 7 8 9 10 11 12 13 14
8 10 24


0 1 0 16 3 -1 -1 1
1 1 0 38 4 -1 -1 1
2 1 0 2 2 -1 -1 0
3 1 2 10 4 -1 2 0
4 1 10 28 2 -1 0 0
5 1 12 14 2 -1 -1 0
6 1 14 32 2 -1 -1 0
7 1 16 24 2 -1 2 0
8 1 18 18 1 -1 -1 0
9 1 20 22 2 -1 -1 0
10 1 22 24 2 -1 1 0
11 1 24 36 2 -1 0 0
12 1 26 28 2 -1 -1 0
13 1 30 32 2 -1 -1 0
14 1 34 36 2 -1 -1 0
16 1 4 6 2 -1 -1 0
17 1 6 10 3 -1 5 0
18 1 8 8 1 -1 0 0
20 7 12 1 0 0 12 12
0 14 22 26 28 30 32 34
0 1 2 4 5 18 19 8 9 10 12 13
22


0 1 0 22 1 -1 2 1
1 1 0 2 2 -1 -1 1
2 1 0 22 3 -1 1 0
4 1 2 4 2 -1 -1 0
5 1 4 6 2 -1 -1 0
8 1 10 12 2 -1 -1 0
9 1 14 16 2 -1 -1 0
10 1 16 18 2 -1 -1 0
12 1 18 20 2 -1 -1 0
13 1 22 24 2 -1 0 0
18 1 6 8 2 -1 -1 0
19 1 8 10 2 -1 -1 0
88 18 46 4 0 0 48 46
0 4 16 28 34 36 50 54 58 64 66 84 88 92 94 100 118 120 124
0 1 2 3 14 15 17 18 21 23 24 26 27 29 34 82 47 76 39 40 41 42 44 83 49 85 62 74 52 53 54 55 56 57 59 86 4 5 67 68 71 72 73 69 7 8
108 110 114 118


0 1 0 120 3 -1 2 1
1 1 0 118 3 -1 1 1
2 1 0 122 3 -1 5 1
3 1 0 20 3 -1 -1 0
4 1 94 96 2 -1 -1 0
5 1 96 98 2 -1 -1 0
7 1 112 114 2 -1 1 0
8 1 114 116 2 -1 0 0
14 1 4 6 2 -1 -1 0
15 1 6 91 6 -1 -1 0
17 1 8 10 2 -1 -1 0
18 1 10 12 2 -1 -1 0
21 1 12 14 2 -1 -1 0
23 1 16 18 2 -1 -1 0
24 1 18 91 6 -1 -1 0
26 1 20 22 2 -1 -1 0
27 1 22 91 6 -1 -1 0
29 1 24 26 2 -1 -1 0
34 1 28 58 5 -1 -1 0
39 1 38 40 4 -1 -1 0
40 1 40 46 4 -1 -1 0
41 1 42 44 4 -1 -1 0
42 1 44 46 4 -1 -1 0
44 1 46 48 4 -1 -1 0
47 2 36 36 50 57 6 76 -1 0
49 1 58 66 4 74 -1 0
52 1 68 70 4 -1 -1 0
53 1 70 72 4 -1 -1 0
54 1 72 80 4 -1 -1 0
55 1 74 76 4 -1 -1 0
56 1 76 78 4 -1 -1 0
57 1 78 80 4 -1 -1 0
59 1 80 82 4 -1 -1 0
62 2 66 66 84 91 6 74 -1 0
67 1 100 102 2 -1 -1 0
68 1 102 110 4 -1 2 0
69 1 110 114 2 -1 2 0
71 1 104 106 2 -1 -1 0
72 1 106 110 3 -1 5 0
73 1 108 108 1 -1 0 0
74 1 66 84 8 49 -1 0
76 1 36 50 8 47 -1 0
82 1 30 32 2 -1 -1 0
83 1 54 56 4 -1 -1 0
85 1 60 62 2 -1 -1 0
86 1 88 90 4 -1 -1 0
60 1 51 1 0 0 51 51
0 130
0 1 2 49 50 51 52 5 6 7 53 9 10 11 54 13 14 15 16 17 18 55 20 21 22 56 24 25 26 57 28 29 30 58 32 33 34 35 36 37 38 59 40 41 42 43 44 45 46 47 48
80


0 1 0 88 9 -1 -1 1
1 1 0 80 1 -1 2 1
2 1 0 128 10 -1 -1 1
5 1 8 8 1 -1 -1 0
6 1 10 12 2 -1 -1 0
7 1 12 102 3 -1 -1 0
9 1 18 18 1 -1 -1 0
10 1 20 22 2 -1 -1 0
11 1 22 106 3 -1 -1 0
13 1 28 28 1 -1 -1 0
14 1 30 30 1 -1 -1 0
15 1 32 32 1 -1 -1 0
16 1 34 34 1 -1 -1 0
17 1 36 38 2 -1 -1 0
18 1 38 110 3 -1 -1 0
20 1 44 44 1 -1 -1 0
21 1 46 48 2 -1 -1 0
22 1 48 114 3 -1 -1 0
24 1 54 54 1 -1 -1 0
25 1 56 58 2 -1 -1 0
26 1 58 118 3 -1 -1 0
28 1 64 64 1 -1 -1 0
29 1 66 68 2 -1 -1 0
30 1 68 80 3 -1 1 0
32 1 74 74 1 -1 -1 0
33 1 76 78 2 -1 -1 0
34 1 78 80 2 -1 5 0
35 1 80 122 2 -1 0 0
36 1 82 82 1 -1 -1 0
37 1 84 86 2 -1 -1 0
38 1 86 126 3 -1 -1 0
40 1 92 94 2 -1 -1 0
41 1 96 98 2 -1 -1 0
42 1 100 102 2 -1 -1 0
43 1 104 106 2 -1 -1 0
44 1 108 110 2 -1 -1 0
45 1 112 114 2 -1 -1 0
46 1 116 118 2 -1 -1 0
47 1 120 122 2 -1 -1 0
48 1 124 126 2 -1 -1 0
49 1 0 2 2 -1 -1 0
50 1 2 94 2 -1 -1 0
51 1 4 6 2 -1 -1 0
52 1 6 98 2 -1 -1 0
53 1 14 16 2 -1 -1 0
54 1 24 26 2 -1 -1 0
55 1 40 42 2 -1 -1 0
56 1 50 52 2 -1 -1 0
57 1 60 62 2 -1 -1 0
58 1 70 72 2 -1 -1 0
59 1 88 90 2 -1 -1 0
53 4 40 5 0 0 44 40
0 22 24 80 86
0 1 39 40 6 7 8 9 10 11 48 49 37 45 43 50 14 15 16 17 18 19 20 21 22 23 25 26 27 28 29 30 31 32 33 34 35 52 44 38
14 44 46 58 82


0 1 0 79 2 -1 2 1
1 1 0 79 3 -1 2 1
6 1 4 4 1 -1 -1 0
7 1 6 6 1 -1 -1 0
8 1 8 8 1 -1 -1 0
9 1 10 12 2 -1 -1 0
10 1 12 14 2 -1 2 0
11 1 14 16 2 48 0 0
14 1 28 28 2 -1 -1 0
15 1 30 30 2 -1 -1 0
16 1 32 32 2 -1 -1 0
17 1 34 34 2 -1 -1 0
18 1 36 36 2 -1 -1 0
19 1 38 38 2 -1 -1 0
20 1 40 42 4 -1 -1 0
21 1 42 44 4 -1 5 0
22 1 44 46 4 -1 1 0
23 1 46 58 4 -1 1 0
25 1 48 48 2 -1 -1 0
26 1 50 50 2 -1 -1 0
27 1 52 52 2 -1 -1 0
28 1 54 56 4 -1 -1 0
29 1 56 58 4 -1 5 0
30 1 58 70 4 -1 0 0
31 1 60 60 2 -1 -1 0
32 1 62 62 2 -1 -1 0
33 1 64 64 2 -1 -1 0
34 1 66 68 4 -1 -1 0
35 1 68 72 6 50 -1 0
37 2 24 24 74 79 6 45 -1 0
38 1 82 84 2 -1 0 0
39 1 0 2 2 -1 -1 0
40 1 2 79 4 -1 -1 0
43 1 26 58 4 50 2 0
44 1 80 82 2 50 2 0
45 1 24 74 6 37 1 0
48 3 16 23 26 26 80 80 4 11 -1 0
49 1 18 20 2 -1 -1 0
50 2 26 26 72 80 5 43 -1 0
52 1 76 78 4 -1 -1 0
181 16 105 6 0 0 109 105
0 16 28 40 46 48 62 66 70 76 78 96 100 104 106 108 266
0 1 36 37 40 41 42 38 4 43 44 46 47 50 52 53 55 56 58 63 161 76 155 68 69 70 71 73 162 78 164 91 153 81 82 83 84 85 86 88 165 6 9 10 11 14 174 94 96 97 98 99 100 175 102 104 105 106 107 108 19 176 110 112 113 114 115 116 117 118 23 177 120 122 123 124 125 126 26 178 128 130 131 132 133 134 135 136 30 179 138 140 141 142 143 144 33 180 146 148 149 150 151 152 35
8 10 114 178 222 262


0 2 0 105 108 108 2 6 -1 1
1 1 0 218 3 -1 -1 1
4 1 12 32 3 -1 -1 0
6 1 108 152 2 0 -1 0
9 1 110 112 2 -1 -1 0
10 1 112 114 2 -1 1 0
11 1 114 262 9 -1 2 0
14 1 116 134 2 -1 -1 0
19 1 154 172 2 -1 -1 0
23 1 178 196 2 -1 0 0
26 1 198 216 2 -1 -1 0
30 1 222 240 2 -1 0 0
33 1 242 260 2 -1 -1 0
35 1 262 264 2 -1 0 0
36 1 0 2 2 -1 -1 0
37 1 2 10 4 -1 2 0
38 2 10 103 105 108 4 6 0 0
40 1 4 6 2 -1 -1 0
41 1 6 10 3 -1 5 0
42 1 8 8 1 -1 0 0
43 1 16 18 2 -1 -1 0
44 1 18 103 6 -1 -1 0
46 1 20 22 2 -1 -1 0
47 1 22 24 2 -1 -1 0
50 1 24 26 2 -1 -1 0
52 1 28 30 2 -1 -1 0
53 1 30 103 6 -1 -1 0
55 1 32 34 2 -1 -1 0
56 1 34 103 6 -1 -1 0
58 1 36 38 2 -1 -1 0
63 1 40 70 5 -1 -1 0
68 1 50 52 4 -1 -1 0
69 1 52 58 4 -1 -1 0
70 1 54 56 4 -1 -1 0
71 1 56 58 4 -1 -1 0
73 1 58 60 4 -1 -1 0
76 2 48 48 62 69 6 155 -1 0
78 1 70 78 4 153 -1 0
81 1 80 82 4 -1 -1 0
82 1 82 84 4 -1 -1 0
83 1 84 92 4 -1 -1 0
84 1 86 88 4 -1 -1 0
85 1 88 90 4 -1 -1 0
86 1 90 92 4 -1 -1 0
88 1 92 94 4 -1 -1 0
91 2 78 78 96 103 6 153 -1 0
94 1 120 128 3 -1 -1 0
96 1 122 124 2 -1 -1 0
97 1 124 126 2 -1 -1 0
98 1 128 130 2 -1 -1 0
99 1 130 132 2 -1 -1 0
100 1 132 134 2 -1 -1 0
102 1 138 146 3 -1 -1 0
104 1 140 142 2 -1 -1 0
105 1 142 144 2 -1 -1 0
106 1 146 148 2 -1 -1 0
107 1 148 150 2 -1 -1 0
108 1 150 152 2 -1 -1 0
110 1 158 166 3 -1 -1 0
112 1 160 162 2 -1 -1 0
113 1 162 164 2 -1 -1 0
114 1 166 168 2 -1 -1 0
115 1 168 170 2 -1 -1 0
116 1 170 172 2 -1 -1 0
117 1 174 176 2 -1 -1 0
118 1 176 178 2 -1 2 0
120 1 182 190 3 -1 -1 0
122 1 184 186 2 -1 -1 0
123 1 186 188 2 -1 -1 0
124 1 190 192 2 -1 -1 0
125 1 192 194 2 -1 -1 0
126 1 194 196 2 -1 -1 0
128 1 202 210 3 -1 -1 0
130 1 204 206 2 -1 -1 0
131 1 206 208 2 -1 -1 0
132 1 210 212 2 -1 -1 0
133 1 212 214 2 -1 -1 0
134 1 214 216 2 -1 -1 0
135 1 218 220 2 -1 -1 0
136 1 220 222 2 -1 2 0
138 1 226 234 3 -1 -1 0
140 1 228 230 2 -1 -1 0
141 1 230 232 2 -1 -1 0
142 1 234 236 2 -1 -1 0
143 1 236 238 2 -1 -1 0
144 1 238 240 2 -1 -1 0
146 1 246 254 3 -1 -1 0
148 1 248 250 2 -1 -1 0
149 1 250 252 2 -1 -1 0
150 1 254 256 2 -1 -1 0
151 1 256 258 2 -1 -1 0
152 1 258 260 2 -1 -1 0
153 1 78 96 8 78 -1 0
155 1 48 62 8 76 -1 0
161 1 42 44 2 -1 -1 0
162 1 66 68 4 -1 -1 0
164 1 72 74 2 -1 -1 0
165 1 100 102 4 -1 -1 0
174 1 118 120 2 -1 -1 0
175 1 136 138 2 -1 -1 0
176 1 156 158 2 -1 -1 0
177 1 180 182 2 -1 -1 0
178 1 200 202 2 -1 -1 0
179 1 224 226 2 -1 -1 0
180 1 244 246 2 -1 -1 0
143 5 96 10 0 0 97 96
0 148 156 168 172 226
0 1 2 3 4 5 6 7 8 9 10 51 13 16 17 18 21 136 53 55 56 57 58 59 24 137 61 63 64 65 66 67 27 138 69 71 72 73 74 75 30 139 77 79 80 81 82 83 87 88 91 92 93 89 34 35 36 94 38 140 96 98 99 100 101 102 103 104 105 106 107 108 109 110 111 41 141 113 115 116 117 118 119 44 45 46 120 48 142 122 124 125 126 127 128 50
22 24 44 84 112 114 126 164 202 222


0 1 0 198 5 -1 2 1
1 1 0 126 2 -1 1 1
2 1 0 24 1 -1 1 1
3 1 0 24 1 -1 5 1
4 1 0 156 2 -1 -1 1
5 1 0 0 1 -1 -1 0
6 1 2 2 1 -1 -1 0
7 1 4 4 1 -1 -1 0
8 1 6 6 1 -1 -1 0
9 1 8 10 2 -1 -1 0
10 1 10 84 3 -1 2 0
13 1 16 84 2 -1 5 0
16 1 18 20 2 -1 -1 0
17 1 20 22 2 -1 1 0
18 1 22 222 9 -1 2 0
21 1 24 42 2 -1 0 0
24 1 44 62 2 -1 0 0
27 1 64 82 2 -1 -1 0
30 1 84 102 2 -1 0 0
34 1 116 116 1 -1 -1 0
35 1 118 120 2 -1 -1 0
36 1 120 126 3 -1 5 0
38 1 126 144 2 -1 0 0
41 1 172 190 2 110 -1 0
44 1 192 192 1 -1 -1 0
45 1 194 196 2 -1 -1 0
46 1 196 202 3 -1 2 0
48 1 202 220 2 -1 0 0
50 1 222 224 2 -1 0 0
51 1 12 104 3 -1 -1 0
53 1 28 36 3 -1 -1 0
55 1 30 32 2 -1 -1 0
56 1 32 34 2 -1 -1 0
57 1 36 38 2 -1 -1 0
58 1 38 40 2 -1 -1 0
59 1 40 42 2 -1 -1 0
61 1 48 56 3 -1 -1 0
63 1 50 52 2 -1 -1 0
64 1 52 54 2 -1 -1 0
65 1 56 58 2 -1 -1 0
66 1 58 60 2 -1 -1 0
67 1 60 62 2 -1 -1 0
69 1 68 76 3 -1 -1 0
71 1 70 72 2 -1 -1 0
72 1 72 74 2 -1 -1 0
73 1 76 78 2 -1 -1 0
74 1 78 80 2 -1 -1 0
75 1 80 82 2 -1 -1 0
77 1 88 96 3 -1 -1 0
79 1 90 92 2 -1 -1 0
80 1 92 94 2 -1 -1 0
81 1 96 98 2 -1 -1 0
82 1 98 100 2 -1 -1 0
83 1 100 102 2 -1 -1 0
87 1 104 106 2 -1 -1 0
88 1 106 114 4 -1 2 0
89 1 114 126 2 -1 2 0
91 1 108 110 2 -1 -1 0
92 1 110 114 3 -1 5 0
93 1 112 112 1 -1 0 0
94 1 122 124 2 -1 -1 0
96 1 130 138 3 -1 -1 0
98 1 132 134 2 -1 -1 0
99 1 134 136 2 -1 -1 0
100 1 138 140 2 -1 -1 0
101 1 140 142 2 -1 -1 0
102 1 142 144 2 -1 -1 0
103 1 148 150 2 -1 -1 0
104 1 150 152 2 -1 -1 0
105 1 152 154 2 -1 -1 0
106 1 156 158 2 -1 -1 0
107 1 158 164 2 -1 1 0
108 1 160 164 2 -1 2 0
109 1 162 164 2 -1 5 0
110 2 164 167 172 172 2 41 0 0
111 1 168 172 2 41 -1 0
113 1 176 184 3 -1 -1 0
115 1 178 180 2 -1 -1 0
116 1 180 182 2 -1 -1 0
117 1 184 186 2 -1 -1 0
118 1 186 188 2 -1 -1 0
119 1 188 190 2 -1 -1 0
120 1 198 200 2 -1 -1 0
122 1 206 214 3 -1 -1 0
124 1 208 210 2 -1 -1 0
125 1 210 212 2 -1 -1 0
126 1 214 216 2 -1 -1 0
127 1 216 218 2 -1 -1 0
128 1 218 220 2 -1 -1 0
136 1 26 28 2 -1 -1 0
137 1 46 48 2 -1 -1 0
138 1 66 68 2 -1 -1 0
139 1 86 88 2 -1 -1 0
140 1 128 130 2 -1 -1 0
141 1 174 176 2 -1 -1 0
142 1 204 206 2 -1 -1 0
8 5 3 0 0 0 3 3
0 4 8 10 12 14
0 2 4



0 1 0 4 2 -1 -1 1
2 1 0 2 2 -1 -1 0
4 1 4 6 2 -1 -1 0
30 5 17 1 0 0 17 17
0 6 28 38 40 42
0 1 2 4 5 28 7 29 9 10 11 12 13 15 22 24 25
36


0 1 0 10 2 -1 -1 1
1 1 0 20 3 -1 -1 1
2 1 0 2 1 -1 -1 1
4 1 0 32 4 -1 -1 0
5 1 2 4 2 -1 -1 0
7 1 8 32 3 -1 -1 0
9 1 12 16 2 -1 -1 0
10 1 14 18 2 -1 -1 0
11 1 16 30 3 -1 -1 0
12 1 20 22 2 -1 -1 0
13 1 22 24 2 -1 -1 0
15 1 24 26 2 -1 -1 0
22 1 28 30 2 -1 -1 0
24 1 32 34 2 -1 -1 0
25 1 34 36 2 -1 2 0
28 1 6 8 2 -1 -1 0
29 1 10 12 2 -1 -1 0
66 17 28 0 0 0 33 28
0 4 12 16 20 26 30 34 36 44 46 50 56 60 64 78 82 86
0 1 2 30 65 36 39 38 37 46 47 42 59 44 52 53 55 12 13 26 29 6 16 17 18 19 21 34



0 2 0 20 49 50 3 -1 -1 1
1 1 0 12 3 30 -1 1
2 1 0 81 6 -1 -1 1
6 1 60 62 4 -1 -1 0
12 1 50 52 2 -1 -1 0
13 1 52 81 3 -1 -1 0
16 1 64 68 4 -1 -1 0
17 1 66 68 4 -1 -1 0
18 1 70 72 4 -1 -1 0
19 1 72 74 4 -1 -1 0
21 1 74 76 4 -1 -1 0
26 2 56 56 78 81 4 29 -1 0
29 1 56 78 10 26 -1 0
30 2 0 26 49 56 5 1 -1 0
34 1 82 84 2 -1 -1 0
36 2 6 19 49 81 4 -1 -1 0
37 1 16 18 2 -1 -1 0
38 1 12 14 2 -1 -1 0
39 1 8 10 2 -1 -1 0
42 1 26 46 8 59 -1 0
44 1 30 32 4 -1 -1 0
46 1 20 22 2 -1 -1 0
47 1 22 49 3 -1 -1 0
52 1 36 38 4 -1 -1 0
53 1 38 40 4 -1 -1 0
55 1 40 42 4 -1 -1 0
59 2 26 26 46 49 4 42 -1 0
65 1 4 6 2 -1 -1 0
29 11 22 2 0 0 36 22
0 22 26 30 34 38 42 46 50 54 58 64
0 1 2 3 4 5 6 7 8 9 12 13 15 16 18 19 21 22 24 25 28 27
58 60


0 6 0 21 25 29 33 37 41 45 49 53 57 60 4 -1 2 1
1 6 0 21 25 29 33 37 41 45 49 53 57 60 4 -1 1 1
2 1 0 2 2 -1 -1 0
3 1 2 14 2 -1 -1 0
4 1 4 6 2 -1 -1 0
5 1 6 10 2 -1 -1 0
6 1 8 12 2 -1 -1 0
7 1 10 12 2 -1 -1 0
8 1 14 16 2 -1 -1 0
9 5 16 21 25 29 33 37 41 45 49 50 6 -1 -1 0
12 1 18 20 2 -1 -1 0
13 1 22 24 2 -1 -1 0
15 1 26 28 2 -1 -1 0
16 1 30 32 2 -1 -1 0
18 1 34 36 2 -1 -1 0
19 1 38 40 2 -1 -1 0
21 1 42 44 2 -1 -1 0
22 1 46 48 2 -1 -1 0
24 1 50 52 2 -1 -1 0
25 1 54 56 2 -1 -1 0
27 1 60 62 2 -1 0 0
28 1 58 58 1 -1 0 0
74 15 47 0 0 0 74 47
0 10 20 24 28 30 44 48 52 62 64 84 88 92 102 120
0 1 2 3 4 5 36 37 38 43 10 11 12 13 48 47 50 71 51 67 52 68 55 56 58 60 65 73 27 35 33 34 31 32 14 15 16 17 19 21 24 44 45 46 28 29 30



0 1 0 14 2 -1 -1 1
1 1 0 20 3 36 -1 1
2 1 0 101 6 -1 -1 1
3 1 0 2 1 37 -1 1
4 1 0 4 1 38 -1 1
5 1 0 118 4 -1 -1 1
10 1 10 12 2 -1 -1 0
11 1 12 101 5 -1 -1 0
12 1 14 16 2 -1 -1 0
13 2 16 27 61 101 4 -1 -1 0
14 1 70 74 4 -1 -1 0
15 1 72 74 4 -1 -1 0
16 1 76 78 4 -1 -1 0
17 1 78 80 4 -1 -1 0
19 1 80 82 4 -1 -1 0
21 2 84 87 92 92 4 33 -1 0
24 2 88 91 94 94 4 31 -1 0
27 2 64 64 96 101 6 35 -1 0
28 1 106 108 2 -1 -1 0
29 1 110 112 2 -1 -1 0
30 1 114 116 2 -1 -1 0
31 3 68 68 94 101 104 104 5 32 -1 0
32 2 68 83 87 88 4 38 -1 0
33 2 66 66 92 102 5 34 -1 0
34 2 66 84 87 92 6 37 -1 0
35 1 64 96 8 36 -1 0
36 2 0 30 61 64 5 1 -1 0
37 5 2 29 32 32 61 63 66 66 102 102 6 3 -1 0
38 5 4 29 34 34 61 63 68 68 104 104 6 4 -1 0
43 1 6 8 2 -1 -1 0
44 1 98 100 4 -1 -1 0
45 1 102 112 2 37 -1 0
46 1 104 116 2 38 -1 0
47 1 24 26 2 -1 -1 0
48 1 20 22 2 -1 -1 0
50 1 30 56 6 36 -1 0
51 2 32 44 47 52 6 37 -1 0
52 2 34 43 47 48 4 38 -1 0
55 1 36 38 4 -1 -1 0
56 1 38 40 4 -1 -1 0
58 1 40 42 4 -1 -1 0
60 2 44 47 52 52 4 67 -1 0
65 2 48 51 54 54 4 68 -1 0
67 3 32 32 52 61 102 102 5 51 -1 0
68 3 34 34 54 61 104 104 5 52 -1 0
71 2 30 30 56 61 6 50 -1 0
73 1 58 60 4 -1 -1 0
9 3 4 2 0 0 4 4
0 2 4 18
5 6 7 8
4 6


5 1 4 10 2 -1 0 0
6 1 6 16 4 -1 0 0
7 1 8 10 2 -1 -1 0
8 1 12 14 2 -1 -1 0
14 1 14 1 0 0 14 14
0 30
0 1 2 3 4 5 6 7 8 9 10 11 12 13
24


0 1 0 24 1 -1 2 1
1 1 0 28 2 -1 -1 1
2 1 0 0 1 -1 -1 0
3 1 2 4 2 -1 -1 0
4 1 4 24 3 -1 1 0
5 1 6 8 2 -1 -1 0
6 1 10 10 1 -1 -1 0
7 1 12 12 1 -1 -1 0
8 1 14 14 1 -1 -1 0
9 1 16 16 1 -1 -1 0
10 1 18 18 1 -1 -1 0
11 1 20 22 2 -1 -1 0
12 1 22 24 2 -1 5 0
13 1 24 26 2 -1 0 0
1 1 1 0 0 0 1 1
0 4
0



0 1 0 2 2 -1 -1 0
117 24 68 1 0 0 74 68
0 24 26 34 46 58 64 66 80 84 88 94 96 114 118 122 124 140 148 156 164 172 174 176 178
0 1 2 3 4 5 6 7 8 9 10 11 12 13 14 16 29 30 31 32 34 35 38 40 41 43 44 46 51 111 64 105 56 57 58 59 61 112 66 114 79 103 69 70 71 72 73 74 76 115 19 20 21 22 23 81 95 96 83 97 98 85 99 100 87 101 102 89
14


0 1 0 14 1 -1 2 1
1 2 0 23 25 160 2 -1 -1 1
2 2 0 23 25 168 2 -1 -1 1
3 2 0 23 25 50 2 -1 -1 1
4 1 0 0 1 -1 -1 0
5 1 2 2 1 -1 -1 0
6 1 4 4 1 -1 -1 0
7 1 6 6 1 -1 -1 0
8 1 8 8 1 -1 -1 0
9 1 10 12 2 -1 -1 0
10 1 12 14 2 -1 1 0
11 2 14 23 25 26 3 -1 0 0
12 1 16 18 2 -1 -1 0
13 1 18 20 2 -1 -1 0
14 1 20 22 2 -1 -1 0
16 1 26 134 3 -1 -1 0
19 1 124 124 1 -1 -1 0
20 1 126 126 1 -1 -1 0
21 1 128 128 1 -1 -1 0
22 1 130 132 2 -1 -1 0
23 1 132 164 6 -1 -1 0
29 1 28 30 2 -1 -1 0
30 1 30 46 3 -1 -1 0
31 1 34 36 2 -1 -1 0
32 1 36 121 6 -1 -1 0
34 1 38 40 2 -1 -1 0
35 1 40 42 2 -1 -1 0
38 1 42 44 2 -1 -1 0
40 1 46 48 2 -1 -1 0
41 1 48 121 6 -1 -1 0
43 1 50 52 2 -1 -1 0
44 1 52 121 6 -1 -1 0
46 1 54 56 2 -1 -1 0
51 1 58 88 5 -1 -1 0
56 1 68 70 4 -1 -1 0
57 1 70 76 4 -1 -1 0
58 1 72 74 4 -1 -1 0
59 1 74 76 4 -1 -1 0
61 1 76 78 4 -1 -1 0
64 2 66 66 80 87 6 105 -1 0
66 1 88 96 4 103 -1 0
69 1 98 100 4 -1 -1 0
70 1 100 102 4 -1 -1 0
71 1 102 110 4 -1 -1 0
72 1 104 106 4 -1 -1 0
73 1 106 108 4 -1 -1 0
74 1 108 110 4 -1 -1 0
76 1 110 112 4 -1 -1 0
79 2 96 96 114 121 6 103 -1 0
81 1 134 136 2 -1 -1 0
83 1 144 146 2 -1 -1 0
85 1 152 154 2 -1 -1 0
87 1 160 162 2 -1 -1 0
89 1 168 170 2 -1 -1 0
95 1 140 142 2 -1 -1 0
96 1 142 144 2 -1 -1 0
97 1 148 150 2 -1 -1 0
98 1 150 152 2 -1 -1 0
99 1 156 158 2 -1 -1 0
100 1 158 160 2 -1 -1 0
101 1 164 166 2 -1 -1 0
102 1 166 168 2 -1 -1 0
103 1 96 114 8 66 -1 0
105 1 66 80 8 64 -1 0
111 1 60 62 2 -1 -1 0
112 1 84 86 4 -1 -1 0
114 1 90 92 2 -1 -1 0
115 1 118 120 4 -1 -1 0
59 9 33 13 0 0 33 33
0 18 36 50 74 76 78 80 82 84
28 29 4 33 34 32 6 7 8 38 39 37 10 11 12 13 14 15 43 44 42 17 50 51 52 53 49 57 58 56 20 21 22
10 14 18 24 30 32 38 44 46 58 64 68 70


4 1 4 10 2 -1 1 0
6 1 12 14 2 -1 1 0
7 1 14 16 2 -1 0 0
8 1 18 24 2 -1 1 0
10 1 26 30 2 -1 2 0
11 1 28 30 2 -1 5 0
12 1 30 32 2 -1 1 0
13 1 32 34 2 -1 0 0
14 1 36 38 2 -1 5 0
15 1 38 44 2 -1 1 0
17 1 46 48 2 -1 0 0
20 1 66 68 2 -1 5 0
21 1 68 70 2 -1 1 0
22 1 70 72 2 -1 0 0
28 1 0 68 5 -1 2 0
29 1 2 68 4 -1 1 0
32 1 10 14 2 -1 2 0
33 1 6 10 2 -1 2 0
34 1 8 10 2 -1 5 0
37 1 24 32 2 -1 2 0
38 1 20 24 2 -1 2 0
39 1 22 24 2 -1 5 0
42 1 44 46 2 -1 2 0
43 1 40 44 2 -1 2 0
44 1 42 44 2 -1 5 0
49 1 58 64 2 -1 1 0
50 1 50 58 2 -1 2 0
51 1 52 58 2 -1 1 0
52 1 54 58 2 -1 5 0
53 1 56 58 2 -1 4 0
56 1 64 70 2 -1 2 0
57 1 60 64 2 -1 2 0
58 1 62 64 2 -1 5 0
9 3 4 2 0 0 4 4
0 2 4 18
5 6 7 8
4 6


5 1 4 10 2 -1 0 0
6 1 6 16 4 -1 0 0
7 1 8 10 2 -1 -1 0
8 1 12 14 2 -1 -1 0
91 15 64 7 0 0 68 64
0 8 12 20 24 26 36 40 44 112 114 128 144 150 182 190
0 1 4 7 8 10 12 13 14 16 18 19 20 21 22 23 25 30 31 32 33 34 35 36 37 38 39 40 41 42 43 44 45 46 47 48 49 50 87 55 82 53 54 88 56 57 58 60 89 72 74 79 81 65 66 67 68 69 70 73 75 77 90 80
20 28 30 40 46 128 186


0 1 0 2 2 -1 -1 0
1 1 2 8 3 -1 -1 0
4 1 4 6 2 -1 -1 0
7 1 8 12 2 8 -1 0
8 1 12 136 8 7 -1 0
10 2 14 19 23 26 3 14 -1 0
12 1 16 18 2 -1 -1 0
13 2 20 23 26 26 2 14 0 0
14 1 26 182 3 13 2 0
16 1 28 186 2 -1 2 0
18 1 30 30 1 -1 0 0
19 1 32 34 2 -1 -1 0
20 1 36 38 2 -1 -1 0
21 1 40 40 1 -1 0 0
22 1 44 46 2 -1 2 0
23 1 46 132 4 -1 0 0
25 1 48 102 2 -1 -1 0
30 1 50 50 1 -1 -1 0
31 1 52 52 1 -1 -1 0
32 1 54 54 1 -1 -1 0
33 1 56 58 2 -1 -1 0
34 1 58 106 6 -1 -1 0
35 1 60 62 2 -1 -1 0
36 1 64 66 2 -1 -1 0
37 1 68 70 2 -1 -1 0
38 1 72 74 2 -1 -1 0
39 1 76 76 1 -1 -1 0
40 1 78 78 1 -1 -1 0
41 1 80 80 1 -1 -1 0
42 1 82 82 1 -1 -1 0
43 1 84 84 1 -1 -1 0
44 1 86 86 1 -1 -1 0
45 1 88 90 2 -1 -1 0
46 1 90 127 7 -1 -1 0
47 1 92 94 2 -1 -1 0
48 1 96 98 2 -1 -1 0
49 1 100 102 2 -1 -1 0
50 1 104 106 2 -1 -1 0
53 1 116 118 4 -1 -1 0
54 1 118 120 4 -1 -1 0
55 2 114 114 122 127 6 82 -1 0
56 1 128 184 6 -1 0 0
57 1 130 132 2 -1 -1 0
58 1 134 136 2 -1 -1 0
60 1 138 181 4 -1 -1 0
65 1 152 154 4 -1 -1 0
66 1 154 156 4 -1 -1 0
67 1 158 160 4 -1 -1 0
68 1 160 164 4 -1 -1 0
69 1 162 172 6 -1 -1 0
70 1 164 174 4 -1 -1 0
72 1 144 181 3 -1 -1 0
73 1 166 168 4 -1 -1 0
74 1 146 181 3 -1 -1 0
75 1 170 172 4 -1 -1 0
77 1 172 174 4 -1 -1 0
79 2 150 150 176 181 6 81 -1 0
80 1 186 186 1 -1 0 0
81 1 150 176 10 79 -1 0
82 1 114 122 6 55 -1 0
87 1 108 110 2 -1 -1 0
88 1 124 126 4 -1 -1 0
89 1 140 142 2 -1 -1 0
90 1 178 180 4 -1 -1 0
6 1 6 0 0 0 6 6
0 12
0 1 2 3 4 5



0 1 0 4 1 -1 -1 1
1 1 0 10 2 -1 -1 1
2 1 0 2 2 -1 -1 0
3 1 2 6 2 -1 -1 0
4 1 4 6 2 -1 -1 0
5 1 6 8 2 -1 -1 0
1 1 1 0 0 0 1 1
0 4
0



0 1 0 2 2 -1 -1 0
17 1 16 3 0 0 16 16
0 28
0 1 2 3 16 5 6 7 8 9 10 11 12 13 14 15
2 4 22


0 1 0 2 1 -1 1 1
1 1 0 4 1 -1 1 1
2 1 0 22 1 -1 1 1
3 1 0 26 2 -1 -1 1
5 1 2 4 2 -1 2 0
6 1 4 22 2 -1 2 0
7 1 6 6 1 -1 -1 0
8 1 8 8 1 -1 -1 0
9 1 10 10 1 -1 -1 0
10 1 12 12 1 -1 -1 0
11 1 14 14 1 -1 -1 0
12 1 16 16 1 -1 -1 0
13 1 18 20 2 -1 -1 0
14 1 20 22 2 -1 5 0
15 1 22 24 2 -1 0 0
16 1 0 2 2 -1 2 0
42 9 36 3 0 0 42 36
0 6 28 42 52 66 80 94 104 108
0 1 2 3 5 6 7 8 9 10 11 13 14 15 16 18 19 20 21 24 25 26 27 29 30 31 32 34 35 36 37 38 39 40 41 4
50 102 104


0 7 0 10 27 28 41 46 51 56 65 66 79 80 93 98 11 -1 -1 1
1 1 0 102 18 -1 5 1
2 1 0 2 2 -1 -1 0
3 1 2 4 2 -1 -1 0
4 1 104 104 2 -1 0 0
5 1 6 8 2 -1 -1 0
6 1 8 20 2 -1 -1 0
7 1 10 12 2 -1 -1 0
8 1 12 24 2 -1 -1 0
9 1 14 16 2 -1 -1 0
10 1 18 20 2 -1 -1 0
11 1 22 24 2 -1 -1 0
13 1 28 30 2 -1 -1 0
14 1 30 38 2 -1 -1 0
15 1 32 34 2 -1 -1 0
16 1 36 38 2 -1 -1 0
18 1 42 44 2 -1 -1 0
19 1 44 50 2 -1 2 0
20 1 46 48 2 -1 -1 0
21 1 48 50 2 -1 1 0
24 1 52 54 2 -1 -1 0
25 1 56 58 2 -1 -1 0
26 1 58 62 2 -1 -1 0
27 1 60 62 2 -1 -1 0
29 1 66 68 2 -1 -1 0
30 1 68 76 2 -1 -1 0
31 1 70 72 2 -1 -1 0
32 1 74 76 2 -1 -1 0
34 1 80 82 2 -1 -1 0
35 1 82 90 2 -1 -1 0
36 1 84 86 2 -1 -1 0
37 1 88 90 2 -1 -1 0
38 1 94 96 2 -1 -1 0
39 1 96 102 2 -1 2 0
40 1 98 100 2 -1 -1 0
41 1 100 102 2 -1 1 0
41 1 39 5 0 0 39 39
0 80
0 1 2 3 4 5 6 7 8 9 10 11 12 13 14 15 40 18 19 20 21 22 23 24 25 26 27 28 29 30 31 32 33 34 35 36 37 38 39
10 22 54 56 74


0 1 0 48 1 -1 -1 1
1 1 0 52 2 -1 2 1
2 1 0 56 2 -1 2 1
3 1 0 78 2 -1 -1 1
4 1 0 0 1 -1 -1 0
5 1 2 2 1 -1 -1 0
6 1 4 4 1 -1 -1 0
7 1 6 8 2 -1 -1 0
8 1 8 10 2 -1 1 0
9 1 10 22 2 -1 1 0
10 1 12 12 1 -1 -1 0
11 1 14 14 1 -1 -1 0
12 1 16 16 1 -1 -1 0
13 1 18 20 2 -1 -1 0
14 1 20 22 2 -1 5 0
15 1 22 74 2 -1 1 0
18 1 26 26 1 -1 -1 0
19 1 28 28 1 -1 -1 0
20 1 30 30 1 -1 -1 0
21 1 32 32 1 -1 -1 0
22 1 34 34 1 -1 -1 0
23 1 36 36 1 -1 -1 0
24 1 38 40 2 -1 -1 0
25 1 40 54 5 -1 1 0
26 1 42 44 2 -1 -1 0
27 1 46 48 2 -1 -1 0
28 1 50 52 2 -1 -1 0
29 1 54 56 2 -1 2 0
30 1 56 74 2 -1 2 0
31 1 58 58 1 -1 -1 0
32 1 60 60 1 -1 -1 0
33 1 62 62 1 -1 -1 0
34 1 64 64 1 -1 -1 0
35 1 66 66 1 -1 -1 0
36 1 68 68 1 -1 -1 0
37 1 70 72 2 -1 -1 0
38 1 72 74 2 -1 5 0
39 1 74 76 2 -1 0 0
40 1 24 54 2 -1 2 0
64 16 32 0 0 0 50 32
0 4 12 16 20 24 30 40 42 48 52 56 62 78 82 88 92
0 1 2 24 62 28 31 30 29 63 36 37 34 49 42 43 46 57 58 59 15 16 14 23 19 20 21 22 7 61 60 26



0 2 0 24 51 56 3 -1 -1 1
1 2 0 20 51 52 5 24 -1 1
2 3 0 47 51 77 81 87 8 -1 -1 1
7 1 74 76 4 -1 -1 0
14 3 62 62 78 78 82 87 7 23 -1 0
15 1 56 58 2 -1 -1 0
16 2 58 77 81 87 3 -1 -1 0
19 1 64 68 4 -1 -1 0
20 1 66 68 4 -1 -1 0
21 1 70 72 4 -1 -1 0
22 1 72 74 4 -1 -1 0
23 3 62 77 81 82 88 88 9 24 -1 0
24 4 0 30 48 48 51 62 78 78 7 1 -1 0
26 1 88 90 2 23 -1 0
28 3 6 19 51 77 81 87 4 -1 -1 0
29 1 16 18 2 -1 -1 0
30 1 12 14 2 -1 -1 0
31 1 8 10 2 -1 -1 0
34 2 30 42 88 88 7 24 -1 0
36 1 24 26 2 -1 -1 0
37 1 26 47 3 -1 -1 0
42 1 32 34 4 -1 -1 0
43 1 34 36 4 -1 -1 0
46 1 36 38 4 -1 -1 0
49 2 30 30 42 48 7 34 -1 0
57 1 44 46 4 -1 -1 0
58 2 48 51 88 88 2 24 -1 0
59 1 52 54 2 -1 -1 0
60 1 84 86 4 -1 -1 0
61 2 78 81 88 88 2 24 -1 0
62 1 4 6 2 -1 -1 0
63 1 20 22 2 -1 -1 0
30 3 24 3 0 0 27 24
0 26 38 56
0 1 2 3 28 8 9 10 11 12 13 14 16 17 18 19 20 21 22 23 24 25 26 27
16 42 44


0 1 0 16 1 -1 2 1
1 1 0 16 1 -1 1 1
2 1 0 54 6 -1 -1 1
3 2 0 25 37 44 2 -1 2 0
8 1 4 16 2 -1 4 0
9 1 6 6 1 -1 -1 0
10 1 8 8 1 -1 -1 0
11 1 10 10 1 -1 -1 0
12 1 12 14 2 -1 -1 0
13 1 14 16 2 -1 3 0
14 2 16 26 37 38 4 -1 0 0
16 1 18 20 2 -1 -1 0
17 1 20 22 2 -1 -1 0
18 1 22 24 2 -1 -1 0
19 1 26 34 2 -1 -1 0
20 1 28 30 2 -1 -1 0
21 1 32 34 2 -1 -1 0
22 1 38 40 2 -1 -1 0
23 1 40 52 2 -1 -1 0
24 1 42 42 1 -1 0 0
25 1 44 44 1 -1 0 0
26 1 46 48 2 -1 -1 0
27 1 50 52 2 -1 -1 0
28 2 2 25 37 42 3 -1 8 0
331 46 238 10 0 0 246 238
0 28 30 62 64 72 80 90 98 106 114 164 216 270 280 292 304 310 312 326 330 334 340 342 360 364 368 418 472 522 524 528 530 534 536 538 542 544 548 550 554 556 560 562 564 566 568
0 1 2 3 4 5 6 7 8 9 10 11 12 14 15 16 17 18 19 20 21 22 23 24 25 26 27 28 30 31 33 34 35 36 41 37 38 43 39 40 45 246 247 48 248 249 51 52 53 54 55 56 57 58 59 60 61 62 63 64 65 66 67 68 69 70 71 72 73 74 75 76 77 78 79 80 81 82 83 84 85 86 87 88 89 90 91 92 93 94 95 96 97 98 99 100 101 102 103 104 105 106 107 108 109 110 111 112 113 114 115 116 117 118 119 120 121 122 123 124 125 126 127 128 250 130 251 252 254 255 258 260 261 263 264 266 271 325 284 311 276 277 278 279 281 326 286 328 299 301 289 290 291 292 293 294 296 329 134 135 136 137 138 139 140 141 142 143 144 145 146 147 148 149 150 151 152 153 154 155 156 157 158 159 160 161 162 163 164 165 166 167 168 169 170 171 172 173 174 175 176 177 178 179 180 181 182 183 187 188 189 190 191 192 193 194 195 196 197 198 199 200 201 202 203 204 205 206 207 208 209 210 223 225 232 234 236 238
0 18 52 154 206 260 274 408 462 512


0 1 0 0 1 -1 0 0
1 1 2 18 2 -1 2 0
2 1 4 4 1 -1 -1 0
3 1 6 6 1 -1 -1 0
4 1 8 8 1 -1 -1 0
5 1 10 10 1 -1 -1 0
6 1 12 12 1 -1 -1 0
7 1 14 16 2 -1 -1 0
8 1 16 18 2 -1 1 0
9 2 18 27 29 30 3 -1 0 0
10 1 20 22 2 -1 -1 0
11 1 22 24 2 -1 -1 0
12 1 24 26 2 -1 -1 0
14 1 30 32 2 -1 -1 0
15 1 32 52 2 -1 2 0
16 1 34 34 1 -1 -1 0
17 1 36 36 1 -1 -1 0
18 1 38 38 1 -1 -1 0
19 1 40 40 1 -1 -1 0
20 1 42 42 1 -1 -1 0
21 1 44 44 1 -1 -1 0
22 1 46 46 1 -1 -1 0
23 1 48 50 2 -1 -1 0
24 1 50 52 2 -1 1 0
25 2 52 61 63 64 3 -1 0 0
26 1 54 56 2 -1 -1 0
27 1 56 58 2 -1 -1 0
28 1 58 60 2 -1 -1 0
30 1 64 154 6 -1 2 0
31 1 66 68 2 -1 -1 0
33 1 68 70 2 -1 -1 0
34 1 72 74 2 -1 -1 0
35 1 74 76 2 -1 -1 0
36 1 76 78 2 -1 -1 0
37 1 82 84 2 -1 -1 0
38 1 84 86 2 -1 -1 0
39 1 90 92 2 -1 -1 0
40 1 92 94 2 -1 -1 0
41 1 80 106 3 -1 -1 0
43 1 86 88 2 -1 -1 0
45 1 94 96 2 -1 -1 0
48 1 102 104 2 -1 -1 0
51 1 110 112 2 -1 -1 0
52 1 114 114 1 -1 -1 0
53 1 116 116 1 -1 -1 0
54 1 118 118 1 -1 -1 0
55 1 120 120 1 -1 -1 0
56 1 122 122 1 -1 -1 0
57 1 124 124 1 -1 -1 0
58 1 126 126 1 -1 -1 0
59 1 128 128 1 -1 -1 0
60 1 130 130 1 -1 -1 0
61 1 132 132 1 -1 -1 0
62 1 134 134 1 -1 -1 0
63 1 136 136 1 -1 -1 0
64 1 138 138 1 -1 -1 0
65 1 140 140 1 -1 -1 0
66 1 142 142 1 -1 -1 0
67 1 144 144 1 -1 -1 0
68 1 146 146 1 -1 -1 0
69 1 148 148 1 -1 -1 0
70 1 150 152 2 -1 -1 0
71 1 152 154 2 -1 1 0
72 1 154 164 3 -1 0 0
73 1 156 158 2 -1 -1 0
74 1 158 160 2 -1 -1 0
75 1 160 162 2 -1 -1 0
76 1 164 206 2 -1 2 0
77 1 166 166 1 -1 -1 0
78 1 168 168 1 -1 -1 0
79 1 170 170 1 -1 -1 0
80 1 172 172 1 -1 -1 0
81 1 174 174 1 -1 -1 0
82 1 176 176 1 -1 -1 0
83 1 178 178 1 -1 -1 0
84 1 180 180 1 -1 -1 0
85 1 182 182 1 -1 -1 0
86 1 184 184 1 -1 -1 0
87 1 186 186 1 -1 -1 0
88 1 188 188 1 -1 -1 0
89 1 190 190 1 -1 -1 0
90 1 192 192 1 -1 -1 0
91 1 194 194 1 -1 -1 0
92 1 196 196 1 -1 -1 0
93 1 198 198 1 -1 -1 0
94 1 200 200 1 -1 -1 0
95 1 202 204 2 -1 -1 0
96 1 204 206 2 -1 1 0
97 1 206 218 4 -1 0 0
98 1 208 210 2 -1 -1 0
99 1 210 212 2 -1 -1 0
100 1 212 214 2 -1 -1 0
101 1 216 260 2 -1 2 0
102 1 218 408 2 -1 2 0
103 1 220 220 1 -1 -1 0
104 1 222 222 1 -1 -1 0
105 1 224 224 1 -1 -1 0
106 1 226 226 1 -1 -1 0
107 1 228 228 1 -1 -1 0
108 1 230 230 1 -1 -1 0
109 1 232 232 1 -1 -1 0
110 1 234 234 1 -1 -1 0
111 1 236 236 1 -1 -1 0
112 1 238 238 1 -1 -1 0
113 1 240 240 1 -1 -1 0
114 1 242 242 1 -1 -1 0
115 1 244 244 1 -1 -1 0
116 1 246 246 1 -1 -1 0
117 1 248 248 1 -1 -1 0
118 1 250 250 1 -1 -1 0
119 1 252 252 1 -1 -1 0
120 1 254 254 1 -1 -1 0
121 1 256 258 2 -1 -1 0
122 1 258 260 2 -1 1 0
123 1 260 270 3 -1 0 0
124 1 262 264 2 -1 -1 0
125 1 264 266 2 -1 -1 0
126 1 266 268 2 -1 -1 0
127 1 270 272 2 -1 -1 0
128 1 272 274 2 -1 2 0
130 1 276 296 3 -1 -1 0
134 1 368 368 1 -1 -1 0
135 1 370 370 1 -1 -1 0
136 1 372 372 1 -1 -1 0
137 1 374 374 1 -1 -1 0
138 1 376 376 1 -1 -1 0
139 1 378 378 1 -1 -1 0
140 1 380 380 1 -1 -1 0
141 1 382 382 1 -1 -1 0
142 1 384 384 1 -1 -1 0
143 1 386 386 1 -1 -1 0
144 1 388 388 1 -1 -1 0
145 1 390 390 1 -1 -1 0
146 1 392 392 1 -1 -1 0
147 1 394 394 1 -1 -1 0
148 1 396 396 1 -1 -1 0
149 1 398 398 1 -1 -1 0
150 1 400 400 1 -1 -1 0
151 1 402 402 1 -1 -1 0
152 1 404 406 2 -1 -1 0
153 1 406 408 2 -1 1 0
154 1 408 420 4 -1 0 0
155 1 410 412 2 -1 -1 0
156 1 412 414 2 -1 -1 0
157 1 414 416 2 -1 -1 0
158 1 418 462 2 -1 2 0
159 1 420 512 2 -1 2 0
160 1 422 422 1 -1 -1 0
161 1 424 424 1 -1 -1 0
162 1 426 426 1 -1 -1 0
163 1 428 428 1 -1 -1 0
164 1 430 430 1 -1 -1 0
165 1 432 432 1 -1 -1 0
166 1 434 434 1 -1 -1 0
167 1 436 436 1 -1 -1 0
168 1 438 438 1 -1 -1 0
169 1 440 440 1 -1 -1 0
170 1 442 442 1 -1 -1 0
171 1 444 444 1 -1 -1 0
172 1 446 446 1 -1 -1 0
173 1 448 448 1 -1 -1 0
174 1 450 450 1 -1 -1 0
175 1 452 452 1 -1 -1 0
176 1 454 454 1 -1 -1 0
177 1 456 456 1 -1 -1 0
178 1 458 460 2 -1 -1 0
179 1 460 462 2 -1 1 0
180 1 462 464 2 -1 0 0
181 1 464 466 2 -1 -1 0
182 1 466 468 2 -1 -1 0
183 1 468 470 2 -1 -1 0
187 1 472 472 1 -1 -1 0
188 1 474 474 1 -1 -1 0
189 1 476 476 1 -1 -1 0
190 1 478 478 1 -1 -1 0
191 1 480 480 1 -1 -1 0
192 1 482 482 1 -1 -1 0
193 1 484 484 1 -1 -1 0
194 1 486 486 1 -1 -1 0
195 1 488 488 1 -1 -1 0
196 1 490 490 1 -1 -1 0
197 1 492 492 1 -1 -1 0
198 1 494 494 1 -1 -1 0
199 1 496 496 1 -1 -1 0
200 1 498 498 1 -1 -1 0
201 1 500 500 1 -1 -1 0
202 1 502 502 1 -1 -1 0
203 1 504 504 1 -1 -1 0
204 1 506 506 1 -1 -1 0
205 1 508 510 2 -1 -1 0
206 1 510 512 2 -1 1 0
207 1 512 514 2 -1 0 0
208 1 514 516 2 -1 -1 0
209 1 516 518 2 -1 -1 0
210 1 518 520 2 -1 -1 0
223 2 524 527 530 530 2 225 -1 0
225 1 530 534 2 223 -1 0
232 2 538 541 544 544 2 234 -1 0
234 2 544 547 550 550 2 232 -1 0
236 2 550 553 556 556 2 234 -1 0
238 1 556 560 2 236 -1 0
246 1 98 100 2 -1 -1 0
247 1 100 102 2 -1 -1 0
248 1 106 108 2 -1 -1 0
249 1 108 110 2 -1 -1 0
250 1 274 292 3 -1 0 0
251 1 280 282 2 -1 -1 0
252 1 282 367 6 -1 -1 0
254 1 284 286 2 -1 -1 0
255 1 286 288 2 -1 -1 0
258 1 288 290 2 -1 -1 0
260 1 292 294 2 -1 -1 0
261 1 294 367 6 -1 -1 0
263 1 296 298 2 -1 -1 0
264 1 298 367 6 -1 -1 0
266 1 300 302 2 -1 -1 0
271 1 304 334 5 -1 -1 0
276 1 314 316 4 -1 -1 0
277 1 316 322 4 -1 -1 0
278 1 318 320 4 -1 -1 0
279 1 320 322 4 -1 -1 0
281 1 322 324 4 -1 -1 0
284 2 312 312 326 333 6 311 -1 0
286 1 334 342 4 301 -1 0
289 1 344 346 4 -1 -1 0
290 1 346 348 4 -1 -1 0
291 1 348 356 4 -1 -1 0
292 1 350 352 4 -1 -1 0
293 1 352 354 4 -1 -1 0
294 1 354 356 4 -1 -1 0
296 1 356 358 4 -1 -1 0
299 2 342 342 360 367 6 301 -1 0
301 1 342 360 8 286 -1 0
311 1 312 326 8 284 -1 0
325 1 306 308 2 -1 -1 0
326 1 330 332 4 -1 -1 0
328 1 336 338 2 -1 -1 0
329 1 364 366 4 -1 -1 0
3 1 3 0 0 0 3 3
0 8
0 1 2



0 1 0 6 2 -1 -1 1
1 1 0 2 2 -1 -1 0
2 1 2 4 2 -1 -1 0
12 1 8 1 0 0 8 8
0 18
0 1 2 6 7 8 9 11
16


0 1 0 14 1 -1 -1 1
1 1 0 16 1 -1 2 1
2 1 0 16 1 -1 1 1
6 1 2 4 2 -1 -1 0
7 1 4 6 2 -1 -1 0
8 1 8 10 2 -1 -1 0
9 1 10 12 2 -1 -1 0
11 1 12 14 2 -1 -1 0
306 39 215 10 0 0 296 215
0 12 38 40 126 140 144 150 228 236 244 320 360 362 368 370 376 378 384 388 392 400 410 418 424 434 438 440 448 450 458 468 470 480 482 496 506 510 514 518
0 1 2 3 60 110 172 175 194 283 303 282 304 219 281 6 8 9 10 11 12 285 299 210 278 275 276 267 268 260 261 250 251 21 22 23 24 25 26 27 28 220 221 222 223 30 31 32 33 34 35 36 37 38 39 40 41 42 43 44 45 46 47 48 49 50 51 52 53 56 57 58 54 55 59 61 63 64 71 72 73 74 75 76 77 78 79 224 225 226 227 81 82 83 84 85 86 87 88 89 90 91 92 93 94 95 96 97 98 99 100 101 102 103 104 105 106 109 107 108 111 119 120 121 122 123 124 125 126 228 229 230 231 128 129 130 131 132 133 134 135 136 137 138 139 140 141 142 143 144 145 146 147 148 149 150 151 152 153 154 155 156 157 158 159 160 161 162 163 164 165 166 270 253 271 254 272 255 173 176 232 233 185 234 235 186 187 236 237 195 238 239 198 240 241 199 200 263 256 246 264 257 247 273 265 258 248 274 266 259 249 300 302 305 212
116 140 218 240 310 322 384 388 414 490


0 1 0 12 2 283 -1 1
1 2 0 11 14 14 2 282 -1 1
2 2 0 11 16 16 2 281 -1 1
3 1 0 516 2 -1 -1 1
6 1 18 495 16 -1 1 0
8 1 20 20 2 -1 -1 0
9 1 22 22 2 -1 -1 0
10 1 24 26 4 -1 -1 0
11 1 26 32 6 285 -1 0
12 1 28 30 4 -1 -1 0
21 1 50 50 4 -1 -1 0
22 1 52 52 4 -1 -1 0
23 1 54 54 4 -1 -1 0
24 1 56 56 4 -1 -1 0
25 1 58 58 4 -1 -1 0
26 1 60 60 4 -1 -1 0
27 1 62 64 8 -1 -1 0
28 1 64 116 12 -1 2 0
30 1 76 76 4 -1 -1 0
31 1 78 78 4 -1 -1 0
32 1 80 80 4 -1 -1 0
33 1 82 82 4 -1 -1 0
34 1 84 84 4 -1 -1 0
35 1 86 86 4 -1 -1 0
36 1 88 88 4 -1 -1 0
37 1 90 90 4 -1 -1 0
38 1 92 92 4 -1 -1 0
39 1 94 94 4 -1 -1 0
40 1 96 96 4 -1 -1 0
41 1 98 98 4 -1 -1 0
42 1 100 100 4 -1 -1 0
43 1 102 102 4 -1 -1 0
44 1 104 104 4 -1 -1 0
45 1 106 106 4 -1 -1 0
46 1 108 108 4 -1 -1 0
47 1 110 110 4 -1 -1 0
48 1 112 114 8 -1 -1 0
49 1 114 116 8 -1 1 0
50 1 116 132 20 -1 0 0
51 1 118 120 8 -1 -1 0
52 1 120 122 8 -1 -1 0
53 1 122 124 8 -1 -1 0
54 1 132 134 8 -1 -1 0
55 1 134 136 8 -1 -1 0
56 1 126 128 8 -1 -1 0
57 2 128 149 383 414 20 -1 2 0
58 3 130 149 383 418 423 426 24 -1 -1 0
59 1 136 138 8 -1 -1 0
60 1 0 513 5 -1 1 0
61 1 140 142 8 -1 0 0
63 1 144 264 12 -1 -1 0
64 1 146 148 8 -1 -1 0
71 1 150 172 8 -1 -1 0
72 1 152 152 4 -1 -1 0
73 1 154 154 4 -1 -1 0
74 1 156 156 4 -1 -1 0
75 1 158 158 4 -1 -1 0
76 1 160 160 4 -1 -1 0
77 1 162 162 4 -1 -1 0
78 1 164 166 8 -1 -1 0
79 1 166 218 12 -1 2 0
81 1 178 178 4 -1 -1 0
82 1 180 180 4 -1 -1 0
83 1 182 182 4 -1 -1 0
84 1 184 184 4 -1 -1 0
85 1 186 186 4 -1 -1 0
86 1 188 188 4 -1 -1 0
87 1 190 190 4 -1 -1 0
88 1 192 192 4 -1 -1 0
89 1 194 194 4 -1 -1 0
90 1 196 196 4 -1 -1 0
91 1 198 198 4 -1 -1 0
92 1 200 200 4 -1 -1 0
93 1 202 202 4 -1 -1 0
94 1 204 204 4 -1 -1 0
95 1 206 206 4 -1 -1 0
96 1 208 208 4 -1 -1 0
97 1 210 210 4 -1 -1 0
98 1 212 212 4 -1 -1 0
99 1 214 216 8 -1 -1 0
100 1 216 218 8 -1 1 0
101 1 218 236 16 -1 0 0
102 1 220 222 8 -1 -1 0
103 1 222 224 8 -1 -1 0
104 1 224 226 8 -1 -1 0
105 1 228 230 8 -1 -1 0
106 1 230 232 8 -1 -1 0
107 1 236 238 8 -1 -1 0
108 1 238 240 8 -1 2 0
109 1 232 234 8 -1 -1 0
110 1 2 513 5 -1 1 0
111 1 240 242 8 -1 0 0
119 1 244 244 4 -1 -1 0
120 1 246 246 4 -1 -1 0
121 1 248 248 4 -1 -1 0
122 1 250 250 4 -1 -1 0
123 1 252 252 4 -1 -1 0
124 1 254 254 4 -1 -1 0
125 1 256 258 8 -1 -1 0
126 1 258 310 12 -1 2 0
128 1 270 270 4 -1 -1 0
129 1 272 272 4 -1 -1 0
130 1 274 274 4 -1 -1 0
131 1 276 276 4 -1 -1 0
132 1 278 278 4 -1 -1 0
133 1 280 280 4 -1 -1 0
134 1 282 282 4 -1 -1 0
135 1 284 284 4 -1 -1 0
136 1 286 286 4 -1 -1 0
137 1 288 288 4 -1 -1 0
138 1 290 290 4 -1 -1 0
139 1 292 292 4 -1 -1 0
140 1 294 294 4 -1 -1 0
141 1 296 296 4 -1 -1 0
142 1 298 298 4 -1 -1 0
143 1 300 300 4 -1 -1 0
144 1 302 302 4 -1 -1 0
145 1 304 304 4 -1 -1 0
146 1 306 308 8 -1 -1 0
147 1 308 310 8 -1 1 0
148 1 310 320 12 -1 0 0
149 1 312 314 8 -1 -1 0
150 1 314 316 8 -1 -1 0
151 1 316 318 8 -1 -1 0
152 1 320 322 8 -1 2 0
153 1 322 338 12 -1 0 0
154 1 324 324 4 -1 -1 0
155 1 326 326 4 -1 -1 0
156 1 328 330 8 -1 -1 0
157 1 330 356 20 -1 -1 0
158 1 332 334 8 -1 -1 0
159 1 336 342 8 -1 -1 0
160 1 338 346 8 -1 -1 0
161 1 340 342 8 -1 -1 0
162 1 344 346 8 -1 -1 0
163 1 348 348 4 -1 -1 0
164 1 350 350 4 -1 -1 0
165 1 352 354 8 -1 -1 0
166 2 354 359 362 362 12 270 -1 0
172 1 4 513 5 -1 1 0
173 1 384 386 8 -1 0 0
175 1 6 513 5 -1 1 0
176 1 388 390 8 -1 0 0
185 1 396 398 8 -1 -1 0
186 1 404 406 8 -1 -1 0
187 1 406 408 8 -1 -1 0
194 1 8 513 5 -1 1 0
195 1 414 416 8 -1 0 0
198 1 424 430 8 -1 -1 0
199 1 430 434 8 200 -1 0
200 2 434 437 442 442 8 239 -1 0
210 2 40 40 490 495 12 278 0 0
212 1 506 508 4 -1 -1 0
219 2 16 16 510 513 4 281 -1 0
220 1 66 68 8 -1 -1 0
221 1 68 72 8 -1 -1 0
222 1 70 72 8 -1 -1 0
223 1 72 74 8 -1 -1 0
224 1 168 170 8 -1 -1 0
225 1 170 174 8 -1 -1 0
226 1 172 174 8 -1 -1 0
227 1 174 176 8 -1 -1 0
228 1 260 262 8 -1 -1 0
229 1 262 266 8 -1 -1 0
230 1 264 266 8 -1 -1 0
231 1 266 268 8 -1 -1 0
232 1 392 394 8 -1 -1 0
233 2 394 417 423 424 16 -1 -1 0
234 1 400 402 8 -1 -1 0
235 1 402 404 8 -1 -1 0
236 1 410 412 8 -1 -1 0
237 2 412 437 440 440 8 263 -1 0
238 1 418 420 8 -1 -1 0
239 2 420 423 434 434 8 200 -1 0
240 1 426 428 8 -1 -1 0
241 1 428 430 8 -1 -1 0
246 2 444 447 454 454 8 251 -1 0
247 2 454 457 464 464 8 251 -1 0
248 2 464 467 476 476 8 247 -1 0
249 2 476 479 488 488 8 251 -1 0
250 3 48 48 488 495 502 502 10 251 -1 0
251 16 48 319 359 361 364 364 367 369 372 372 375 377 380 380 383 409 437 439 444 444 447 449 454 454 467 469 476 476 479 481 488 488 32 250 -1 0
253 2 364 367 372 372 8 251 -1 0
254 2 372 375 380 380 8 251 -1 0
255 2 380 383 464 464 8 251 -1 0
256 2 442 447 452 452 8 261 -1 0
257 2 452 457 462 462 8 261 -1 0
258 2 462 467 474 474 8 257 -1 0
259 2 474 479 486 486 8 261 -1 0
260 3 46 46 486 495 500 500 10 261 -1 0
261 10 46 409 437 439 442 442 447 449 452 452 462 462 467 469 474 474 479 481 486 486 24 260 -1 0
263 2 440 447 450 450 8 268 -1 0
264 2 450 457 460 460 8 268 -1 0
265 2 460 467 472 472 8 264 -1 0
266 2 472 479 484 484 8 268 -1 0
267 3 44 44 484 495 498 498 10 268 -1 0
268 8 44 409 437 440 447 450 460 460 467 469 472 472 479 481 484 484 24 267 -1 0
270 2 362 367 370 370 8 276 -1 0
271 2 370 375 378 378 8 276 -1 0
272 2 378 383 458 458 8 276 -1 0
273 2 458 467 470 470 8 276 -1 0
274 2 470 479 482 482 8 276 -1 0
275 2 42 42 482 496 10 276 -1 0
276 7 42 319 359 362 367 370 375 378 383 458 467 470 479 482 28 285 -1 0
278 1 40 490 20 210 2 0
281 1 16 510 6 219 -1 0
282 1 14 495 18 304 -1 0
283 1 12 495 6 303 -1 0
285 3 32 39 42 42 496 496 8 11 -1 0
299 1 34 36 4 -1 -1 0
300 1 492 494 8 -1 -1 0
302 2 496 509 513 514 3 285 -1 0
303 2 12 12 498 513 4 283 -1 0
304 2 14 14 500 513 4 282 -1 0
305 1 502 504 4 250 -1 0
113 14 51 0 0 0 58 51
0 2 10 12 40 48 62 76 78 82 84 88 90 126 128
0 1 2 3 4 5 100 8 10 19 85 22 101 25 102 27 28 29 103 32 34 104 36 37 105 39 106 41 42 43 107 45 108 47 48 49 52 54 109 69 110 71 72 111 74 112 76 77 78 79 80



0 2 0 9 11 14 2 -1 -1 1
1 2 0 9 11 58 1 -1 -1 1
2 2 0 9 11 98 1 -1 -1 1
3 2 0 9 11 44 1 -1 -1 1
4 2 0 9 11 72 1 -1 -1 1
5 1 0 0 1 -1 -1 1
8 2 4 9 11 12 3 -1 -1 0
10 1 6 8 2 -1 -1 0
19 1 12 28 3 -1 -1 0
22 1 16 24 3 -1 -1 0
25 1 20 22 2 -1 -1 0
27 1 26 30 2 -1 -1 0
28 1 28 30 2 -1 -1 0
29 1 30 120 15 -1 -1 0
32 1 34 36 2 -1 -1 0
34 1 36 38 2 -1 -1 0
36 1 42 44 2 -1 -1 0
37 1 44 46 2 -1 -1 0
39 1 50 56 2 -1 -1 0
41 1 54 56 2 -1 -1 0
42 1 56 58 2 -1 -1 0
43 1 58 60 2 -1 -1 0
45 1 64 70 2 -1 -1 0
47 1 68 70 2 -1 -1 0
48 1 70 72 2 -1 -1 0
49 1 72 74 2 -1 -1 0
52 2 78 81 84 84 2 54 -1 0
54 1 84 88 2 52 -1 0
69 1 92 110 2 -1 -1 0
71 1 96 98 2 -1 -1 0
72 1 98 114 2 -1 -1 0
74 1 102 118 2 -1 -1 0
76 1 106 122 2 -1 -1 0
77 1 108 110 2 -1 -1 0
78 1 112 114 2 -1 -1 0
79 1 116 118 2 -1 -1 0
80 1 120 122 2 -1 -1 0
85 1 14 16 2 -1 -1 0
100 1 2 4 2 -1 -1 0
101 1 18 20 2 -1 -1 0
102 1 24 26 2 -1 -1 0
103 1 32 34 2 -1 -1 0
104 1 40 42 2 -1 -1 0
105 1 48 50 2 -1 -1 0
106 1 52 54 2 -1 -1 0
107 1 62 64 2 -1 -1 0
108 1 66 68 2 -1 -1 0
109 1 90 92 2 -1 -1 0
110 1 94 96 2 -1 -1 0
111 1 100 102 2 -1 -1 0
112 1 104 106 2 -1 -1 0
8 1 8 1 0 0 8 8
0 12
0 1 2 3 4 5 6 7
10


0 1 0 0 1 -1 -1 1
1 1 0 10 1 -1 1 1
2 1 0 10 1 -1 5 1
3 1 0 2 2 -1 -1 0
4 1 2 4 2 -1 -1 0
5 1 4 6 2 -1 -1 0
6 1 6 8 2 -1 -1 0
7 1 8 10 2 -1 2 0
5 1 5 0 0 0 5 5
0 8
0 1 2 3 4



0 1 0 0 1 -1 -1 1
1 1 0 2 1 -1 -1 1
2 1 0 2 2 -1 -1 0
3 1 2 4 2 -1 -1 0
4 1 4 6 2 -1 -1 0
29 1 29 2 0 0 29 29
0 56
0 1 2 3 4 5 6 7 8 9 10 11 12 13 14 15 16 17 18 19 20 21 22 23 24 26 27 28 25
44 52


0 1 0 44 1 -1 2 1
1 1 0 46 1 -1 -1 1
2 1 0 0 1 -1 -1 0
3 1 2 2 1 -1 -1 0
4 1 4 4 1 -1 -1 0
5 1 6 6 1 -1 -1 0
6 1 8 8 1 -1 -1 0
7 1 10 10 1 -1 -1 0
8 1 12 12 1 -1 -1 0
9 1 14 14 1 -1 -1 0
10 1 16 16 1 -1 -1 0
11 1 18 18 1 -1 -1 0
12 1 20 20 1 -1 -1 0
13 1 22 22 1 -1 -1 0
14 1 24 24 1 -1 -1 0
15 1 26 26 1 -1 -1 0
16 1 28 28 1 -1 -1 0
17 1 30 30 1 -1 -1 0
18 1 32 32 1 -1 -1 0
19 1 34 34 1 -1 -1 0
20 1 36 36 1 -1 -1 0
21 1 38 38 1 -1 -1 0
22 1 40 42 2 -1 -1 0
23 1 42 44 2 -1 1 0
24 1 44 52 2 -1 2 0
25 1 52 54 2 -1 0 0
26 1 46 48 2 -1 -1 0
27 1 48 50 2 -1 -1 0
28 1 50 52 2 -1 1 0
25 1 25 2 0 0 25 25
0 50
0 1 2 3 4 5 6 7 8 9 10 11 12 13 14 15 16 17 18 19 20 21 22 23 24
44 46


0 1 0 46 1 -1 1 1
1 1 0 0 1 -1 -1 0
2 1 2 2 1 -1 -1 0
3 1 4 4 1 -1 -1 0
4 1 6 6 1 -1 -1 0
5 1 8 8 1 -1 -1 0
6 1 10 10 1 -1 -1 0
7 1 12 12 1 -1 -1 0
8 1 14 14 1 -1 -1 0
9 1 16 16 1 -1 -1 0
10 1 18 18 1 -1 -1 0
11 1 20 20 1 -1 -1 0
12 1 22 22 1 -1 -1 0
13 1 24 24 1 -1 -1 0
14 1 26 26 1 -1 -1 0
15 1 28 28 1 -1 -1 0
16 1 30 30 1 -1 -1 0
17 1 32 32 1 -1 -1 0
18 1 34 34 1 -1 -1 0
19 1 36 36 1 -1 -1 0
20 1 38 38 1 -1 -1 0
21 1 40 42 2 -1 -1 0
22 1 42 44 2 -1 2 0
23 1 44 46 2 -1 2 0
24 1 46 48 2 -1 0 0
75 7 75 3 0 0 76 75
0 50 102 120 136 150 162 174
0 1 2 3 4 5 6 7 8 9 10 11 12 13 14 15 16 17 18 19 20 21 22 23 24 25 26 28 29 30 31 32 33 34 35 36 37 38 39 40 41 42 43 44 45 46 47 48 49 50 51 52 27 53 54 55 56 57 58 59 60 61 62 63 64 65 66 67 68 69 70 71 72 73 74
40 92 110


0 1 0 110 1 -1 2 1
1 1 0 40 1 -1 2 1
2 1 0 172 12 -1 -1 1
3 1 0 0 1 -1 -1 0
4 1 2 2 1 -1 -1 0
5 1 4 4 1 -1 -1 0
6 1 6 6 1 -1 -1 0
7 1 8 8 1 -1 -1 0
8 1 10 10 1 -1 -1 0
9 1 12 12 1 -1 -1 0
10 1 14 14 1 -1 -1 0
11 1 16 16 1 -1 -1 0
12 1 18 18 1 -1 -1 0
13 1 20 20 1 -1 -1 0
14 1 22 22 1 -1 -1 0
15 1 24 24 1 -1 -1 0
16 1 26 26 1 -1 -1 0
17 1 28 28 1 -1 -1 0
18 1 30 30 1 -1 -1 0
19 1 32 32 1 -1 -1 0
20 1 34 34 1 -1 -1 0
21 1 36 38 2 -1 -1 0
22 1 38 40 2 -1 1 0
23 1 40 102 4 -1 0 0
24 1 42 44 2 -1 -1 0
25 1 44 46 2 -1 -1 0
26 1 46 48 2 -1 -1 0
27 1 102 110 2 -1 1 0
28 1 50 92 2 -1 2 0
29 1 52 52 1 -1 -1 0
30 1 54 54 1 -1 -1 0
31 1 56 56 1 -1 -1 0
32 1 58 58 1 -1 -1 0
33 1 60 60 1 -1 -1 0
34 1 62 62 1 -1 -1 0
35 1 64 64 1 -1 -1 0
36 1 66 66 1 -1 -1 0
37 1 68 68 1 -1 -1 0
38 1 70 70 1 -1 -1 0
39 1 72 72 1 -1 -1 0
40 1 74 74 1 -1 -1 0
41 1 76 76 1 -1 -1 0
42 1 78 78 1 -1 -1 0
43 1 80 80 1 -1 -1 0
44 1 82 82 1 -1 -1 0
45 1 84 84 1 -1 -1 0
46 1 86 86 1 -1 -1 0
47 1 88 90 2 -1 -1 0
48 1 90 92 2 -1 1 0
49 1 92 94 2 -1 0 0
50 1 94 96 2 -1 -1 0
51 1 96 98 2 -1 -1 0
52 1 98 100 2 -1 -1 0
53 1 104 104 1 -1 -1 0
54 1 106 108 2 -1 -1 0
55 1 108 110 2 -1 5 0
56 2 110 120 135 136 4 -1 0 0
57 1 112 114 2 -1 -1 0
58 1 114 116 2 -1 -1 0
59 1 116 118 2 -1 -1 0
60 1 120 122 2 -1 -1 0
61 1 122 124 2 -1 -1 0
62 1 124 132 2 -1 -1 0
63 1 126 128 2 -1 -1 0
64 1 130 132 2 -1 -1 0
65 1 136 138 2 -1 -1 0
66 1 138 146 2 -1 -1 0
67 1 140 142 2 -1 -1 0
68 1 144 146 2 -1 -1 0
69 1 150 158 2 -1 -1 0
70 1 152 154 2 -1 -1 0
71 1 156 158 2 -1 -1 0
72 1 162 170 2 -1 -1 0
73 1 164 166 2 -1 -1 0
74 1 168 170 2 -1 -1 0
45 4 21 1 0 0 22 21
0 6 16 50 54
0 1 2 3 7 30 31 32 12 34 35 37 38 40 41 43 44 26 27 28 29
0


0 1 0 0 1 -1 2 1
1 2 0 15 49 50 1 -1 -1 1
2 1 0 52 7 -1 -1 1
3 1 0 6 3 -1 0 0
7 1 2 4 2 -1 -1 0
12 1 12 14 2 -1 -1 0
26 1 32 34 2 -1 -1 0
27 1 36 38 2 -1 -1 0
28 1 40 42 2 -1 -1 0
29 1 44 46 2 -1 -1 0
30 1 6 28 6 -1 -1 0
31 1 8 10 2 -1 -1 0
32 1 10 12 2 -1 -1 0
34 1 16 18 2 -1 -1 0
35 1 18 34 2 -1 -1 0
37 1 20 22 2 -1 -1 0
38 1 22 38 2 -1 -1 0
40 1 24 26 2 -1 -1 0
41 1 26 42 2 -1 -1 0
43 1 28 30 2 -1 -1 0
44 1 30 46 2 -1 -1 0
1 1 0 0 0 0 0 0
0 2




1 1 0 0 0 0 0 0
0 2




1 1 0 0 0 0 0 0
0 2




1 1 0 0 0 0 0 0
0 2




1 1 0 0 0 0 0 0
0 2




1 1 0 0 0 0 0 0
0 2




1 1 0 0 0 0 0 0
0 2




1 1 0 0 0 0 0 0
0 2




1 1 0 0 0 0 0 0
0 2




1 1 0 0 0 0 0 0
0 2




1 1 0 0 0 0 0 0
0 2




1 1 0 0 0 0 0 0
0 2




1 1 0 0 0 0 0 0
0 2




1 1 0 0 0 0 0 0
0 2




1 1 0 0 0 0 0 0
0 2




145 1 98 16 0 0 98 98
0 196
0 1 2 4 5 6 7 8 10 12 13 14 15 16 18 20 21 22 23 24 26 28 29 30 31 32 34 36 37 38 39 40 42 44 45 46 47 48 50 52 53 54 55 56 58 60 61 62 63 64 66 68 69 70 71 72 74 76 77 78 79 80 82 84 85 86 87 88 90 92 93 94 95 96 98 100 101 102 103 104 106 108 109 110 111 112 114 116 117 118 119 120 122 124 125 126 127 128
10 22 34 46 58 70 82 94 106 118 130 142 154 166 178 190


0 1 0 10 1 -1 2 1
1 1 0 194 2 -1 -1 1
2 1 0 10 2 -1 1 0
4 1 2 2 1 -1 -1 0
5 1 4 4 1 -1 -1 0
6 1 6 8 2 -1 -1 0
7 1 8 10 2 -1 4 0
8 1 10 22 2 -1 2 0
10 1 12 22 2 -1 1 0
12 1 14 14 1 -1 -1 0
13 1 16 16 1 -1 -1 0
14 1 18 20 2 -1 -1 0
15 1 20 22 2 -1 4 0
16 1 22 34 2 -1 2 0
18 1 24 34 2 -1 1 0
20 1 26 26 1 -1 -1 0
21 1 28 28 1 -1 -1 0
22 1 30 32 2 -1 -1 0
23 1 32 34 2 -1 4 0
24 1 34 46 2 -1 2 0
26 1 36 46 2 -1 1 0
28 1 38 38 1 -1 -1 0
29 1 40 40 1 -1 -1 0
30 1 42 44 2 -1 -1 0
31 1 44 46 2 -1 4 0
32 1 46 58 2 -1 2 0
34 1 48 58 2 -1 1 0
36 1 50 50 1 -1 -1 0
37 1 52 52 1 -1 -1 0
38 1 54 56 2 -1 -1 0
39 1 56 58 2 -1 4 0
40 1 58 70 2 -1 2 0
42 1 60 70 2 -1 1 0
44 1 62 62 1 -1 -1 0
45 1 64 64 1 -1 -1 0
46 1 66 68 2 -1 -1 0
47 1 68 70 2 -1 4 0
48 1 70 82 2 -1 2 0
50 1 72 82 2 -1 1 0
52 1 74 74 1 -1 -1 0
53 1 76 76 1 -1 -1 0
54 1 78 80 2 -1 -1 0
55 1 80 82 2 -1 4 0
56 1 82 94 2 -1 2 0
58 1 84 94 2 -1 1 0
60 1 86 86 1 -1 -1 0
61 1 88 88 1 -1 -1 0
62 1 90 92 2 -1 -1 0
63 1 92 94 2 -1 4 0
64 1 94 106 2 -1 2 0
66 1 96 106 2 -1 1 0
68 1 98 98 1 -1 -1 0
69 1 100 100 1 -1 -1 0
70 1 102 104 2 -1 -1 0
71 1 104 106 2 -1 4 0
72 1 106 118 2 -1 2 0
74 1 108 118 2 -1 1 0
76 1 110 110 1 -1 -1 0
77 1 112 112 1 -1 -1 0
78 1 114 116 2 -1 -1 0
79 1 116 118 2 -1 4 0
80 1 118 130 2 -1 2 0
82 1 120 130 2 -1 1 0
84 1 122 122 1 -1 -1 0
85 1 124 124 1 -1 -1 0
86 1 126 128 2 -1 -1 0
87 1 128 130 2 -1 4 0
88 1 130 142 2 -1 2 0
90 1 132 142 2 -1 1 0
92 1 134 134 1 -1 -1 0
93 1 136 136 1 -1 -1 0
94 1 138 140 2 -1 -1 0
95 1 140 142 2 -1 4 0
96 1 142 154 2 -1 2 0
98 1 144 154 2 -1 1 0
100 1 146 146 1 -1 -1 0
101 1 148 148 1 -1 -1 0
102 1 150 152 2 -1 -1 0
103 1 152 154 2 -1 4 0
104 1 154 166 2 -1 2 0
106 1 156 166 2 -1 1 0
108 1 158 158 1 -1 -1 0
109 1 160 160 1 -1 -1 0
110 1 162 164 2 -1 -1 0
111 1 164 166 2 -1 4 0
112 1 166 178 2 -1 2 0
114 1 168 178 2 -1 1 0
116 1 170 170 1 -1 -1 0
117 1 172 172 1 -1 -1 0
118 1 174 176 2 -1 -1 0
119 1 176 178 2 -1 4 0
120 1 178 190 2 -1 2 0
122 1 180 190 2 -1 1 0
124 1 182 182 1 -1 -1 0
125 1 184 184 1 -1 -1 0
126 1 186 188 2 -1 -1 0
127 1 188 190 2 -1 4 0
128 1 190 192 2 -1 0 0
47 4 34 2 0 0 35 34
0 10 18 20 76
0 39 40 41 4 6 7 9 15 16 17 18 19 20 21 22 23 24 25 26 27 28 29 30 31 32 33 34 35 36 45 46 43 38
10 72


0 1 0 10 2 -1 2 1
4 1 6 8 2 -1 -1 0
6 1 10 14 2 -1 0 0
7 1 12 14 2 -1 -1 0
9 1 14 16 2 -1 -1 0
15 1 20 20 1 -1 -1 0
16 1 22 22 1 -1 -1 0
17 1 24 24 1 -1 -1 0
18 1 26 26 1 -1 -1 0
19 1 28 28 1 -1 -1 0
20 1 30 30 1 -1 -1 0
21 1 32 32 1 -1 -1 0
22 1 34 34 1 -1 -1 0
23 1 36 36 1 -1 -1 0
24 1 38 38 1 -1 -1 0
25 1 40 40 1 -1 -1 0
26 1 42 42 1 -1 -1 0
27 1 44 44 1 -1 -1 0
28 1 46 46 1 -1 -1 0
29 1 48 48 1 -1 -1 0
30 1 50 50 1 -1 -1 0
31 1 52 52 1 -1 -1 0
32 1 54 54 1 -1 -1 0
33 1 56 56 1 -1 -1 0
34 1 58 58 1 -1 -1 0
35 1 60 62 2 -1 -1 0
36 1 62 72 3 -1 2 0
38 1 72 72 1 -1 0 0
39 2 0 17 19 64 3 -1 -1 0
40 1 2 4 2 -1 -1 0
41 1 4 6 2 -1 -1 0
43 1 68 70 2 -1 -1 0
45 1 64 66 2 -1 -1 0
46 1 66 68 2 -1 -1 0
7 5 3 0 0 0 4 3
0 4 6 10 12 14
0 2 4



0 2 0 3 5 6 2 -1 -1 1
2 1 0 2 2 -1 -1 0
4 1 6 8 2 -1 -1 0
99 7 99 5 0 0 99 99
0 50 102 156 188 200 212 224
0 1 2 3 4 5 6 7 8 9 10 11 12 13 14 15 16 17 18 19 20 21 22 23 24 25 26 27 28 30 31 32 33 34 35 36 37 38 39 40 41 42 43 44 45 46 47 48 49 50 51 52 53 29 54 55 56 57 58 59 60 61 62 63 64 65 66 67 68 69 70 71 72 73 74 75 76 77 78 79 80 81 82 83 84 85 86 87 88 89 90 91 92 93 94 95 96 97 98
40 92 146 156 176


0 1 0 156 1 -1 2 1
1 1 0 176 1 -1 2 1
2 1 0 40 1 -1 2 1
3 1 0 222 12 -1 -1 1
4 1 0 0 1 -1 -1 0
5 1 2 2 1 -1 -1 0
6 1 4 4 1 -1 -1 0
7 1 6 6 1 -1 -1 0
8 1 8 8 1 -1 -1 0
9 1 10 10 1 -1 -1 0
10 1 12 12 1 -1 -1 0
11 1 14 14 1 -1 -1 0
12 1 16 16 1 -1 -1 0
13 1 18 18 1 -1 -1 0
14 1 20 20 1 -1 -1 0
15 1 22 22 1 -1 -1 0
16 1 24 24 1 -1 -1 0
17 1 26 26 1 -1 -1 0
18 1 28 28 1 -1 -1 0
19 1 30 30 1 -1 -1 0
20 1 32 32 1 -1 -1 0
21 1 34 34 1 -1 -1 0
22 1 36 38 2 -1 -1 0
23 1 38 40 2 -1 1 0
24 1 40 102 4 -1 0 0
25 1 42 44 2 -1 -1 0
26 1 44 46 2 -1 -1 0
27 1 46 48 2 -1 -1 0
28 1 50 92 2 -1 2 0
29 1 102 146 2 -1 2 0
30 1 52 52 1 -1 -1 0
31 1 54 54 1 -1 -1 0
32 1 56 56 1 -1 -1 0
33 1 58 58 1 -1 -1 0
34 1 60 60 1 -1 -1 0
35 1 62 62 1 -1 -1 0
36 1 64 64 1 -1 -1 0
37 1 66 66 1 -1 -1 0
38 1 68 68 1 -1 -1 0
39 1 70 70 1 -1 -1 0
40 1 72 72 1 -1 -1 0
41 1 74 74 1 -1 -1 0
42 1 76 76 1 -1 -1 0
43 1 78 78 1 -1 -1 0
44 1 80 80 1 -1 -1 0
45 1 82 82 1 -1 -1 0
46 1 84 84 1 -1 -1 0
47 1 86 86 1 -1 -1 0
48 1 88 90 2 -1 -1 0
49 1 90 92 2 -1 1 0
50 1 92 104 3 -1 0 0
51 1 94 96 2 -1 -1 0
52 1 96 98 2 -1 -1 0
53 1 98 100 2 -1 -1 0
54 1 104 156 2 -1 1 0
55 1 106 106 1 -1 -1 0
56 1 108 108 1 -1 -1 0
57 1 110 110 1 -1 -1 0
58 1 112 112 1 -1 -1 0
59 1 114 114 1 -1 -1 0
60 1 116 116 1 -1 -1 0
61 1 118 118 1 -1 -1 0
62 1 120 120 1 -1 -1 0
63 1 122 122 1 -1 -1 0
64 1 124 124 1 -1 -1 0
65 1 126 126 1 -1 -1 0
66 1 128 128 1 -1 -1 0
67 1 130 130 1 -1 -1 0
68 1 132 132 1 -1 -1 0
69 1 134 134 1 -1 -1 0
70 1 136 136 1 -1 -1 0
71 1 138 138 1 -1 -1 0
72 1 140 140 1 -1 -1 0
73 1 142 144 2 -1 -1 0
74 1 144 146 2 -1 1 0
75 1 146 148 2 -1 0 0
76 1 148 150 2 -1 -1 0
77 1 150 152 2 -1 -1 0
78 1 152 154 2 -1 -1 0
79 1 156 174 2 -1 0 0
80 1 158 158 1 -1 -1 0
81 1 160 160 1 -1 -1 0
82 1 162 162 1 -1 -1 0
83 1 164 166 2 -1 -1 0
84 1 166 176 4 -1 1 0
85 1 168 170 2 -1 -1 0
86 1 172 174 2 -1 -1 0
87 1 176 184 2 -1 0 0
88 1 178 180 2 -1 -1 0
89 1 182 184 2 -1 -1 0
90 1 188 196 2 -1 -1 0
91 1 190 192 2 -1 -1 0
92 1 194 196 2 -1 -1 0
93 1 200 208 2 -1 -1 0
94 1 202 204 2 -1 -1 0
95 1 206 208 2 -1 -1 0
96 1 212 220 2 -1 -1 0
97 1 214 216 2 -1 -1 0
98 1 218 220 2 -1 -1 0
183 37 94 11 0 0 123 94
0 50 64 68 72 76 80 82 86 90 92 94 96 100 104 158 186 196 198 200 204 208 210 214 218 222 226 228 230 234 238 242 246 250 254 258 260 262
0 1 2 3 4 5 6 7 8 9 10 11 12 13 14 15 16 17 18 19 20 21 22 23 24 25 26 27 28 29 31 34 36 44 47 50 53 54 58 59 60 61 62 63 64 65 66 67 68 69 70 71 72 73 74 75 76 77 78 79 80 81 82 83 84 85 86 87 88 89 91 159 160 161 162 163 164 95 170 171 99 107 110 130 131 132 133 136 138 141 146 148 149 150
40 58 96 148 166 200 204 230 242 250 254


0 7 0 58 99 195 197 200 203 204 207 230 233 242 245 250 7 -1 2 1
1 1 0 40 1 -1 2 1
2 1 0 0 1 -1 -1 0
3 1 2 2 1 -1 -1 0
4 1 4 4 1 -1 -1 0
5 1 6 6 1 -1 -1 0
6 1 8 8 1 -1 -1 0
7 1 10 10 1 -1 -1 0
8 1 12 12 1 -1 -1 0
9 1 14 14 1 -1 -1 0
10 1 16 16 1 -1 -1 0
11 1 18 18 1 -1 -1 0
12 1 20 20 1 -1 -1 0
13 1 22 22 1 -1 -1 0
14 1 24 24 1 -1 -1 0
15 1 26 26 1 -1 -1 0
16 1 28 28 1 -1 -1 0
17 1 30 30 1 -1 -1 0
18 1 32 32 1 -1 -1 0
19 1 34 34 1 -1 -1 0
20 1 36 38 2 -1 -1 0
21 1 38 40 2 -1 1 0
22 2 40 54 99 106 6 -1 0 0
23 1 42 44 2 -1 -1 0
24 2 44 49 99 100 3 -1 -1 0
25 1 46 48 2 -1 -1 0
26 1 50 52 2 -1 -1 0
27 2 52 93 95 96 3 -1 2 0
28 2 54 93 95 96 2 -1 1 0
29 1 56 58 2 -1 1 0
31 1 58 76 6 -1 0 0
34 1 60 62 2 -1 -1 0
36 1 64 66 2 -1 -1 0
44 1 68 70 2 -1 -1 0
47 1 72 74 2 -1 -1 0
50 1 76 78 2 -1 -1 0
53 1 82 86 2 54 -1 0
54 1 86 92 2 53 -1 0
58 1 96 96 1 -1 0 0
59 1 100 102 2 -1 -1 0
60 1 104 148 2 -1 2 0
61 6 106 195 197 200 203 204 207 230 233 242 245 250 6 -1 1 0
62 1 108 108 1 -1 -1 0
63 1 110 110 1 -1 -1 0
64 1 112 112 1 -1 -1 0
65 1 114 114 1 -1 -1 0
66 1 116 116 1 -1 -1 0
67 1 118 118 1 -1 -1 0
68 1 120 120 1 -1 -1 0
69 1 122 122 1 -1 -1 0
70 1 124 124 1 -1 -1 0
71 1 126 126 1 -1 -1 0
72 1 128 128 1 -1 -1 0
73 1 130 130 1 -1 -1 0
74 1 132 132 1 -1 -1 0
75 1 134 134 1 -1 -1 0
76 1 136 136 1 -1 -1 0
77 1 138 138 1 -1 -1 0
78 1 140 140 1 -1 -1 0
79 1 142 142 1 -1 -1 0
80 1 144 146 2 -1 -1 0
81 1 146 148 2 -1 1 0
82 1 148 162 4 -1 0 0
83 1 150 152 2 -1 -1 0
84 1 152 154 2 -1 -1 0
85 1 154 156 2 -1 -1 0
86 1 158 160 2 -1 -1 0
87 6 160 195 197 199 207 229 233 241 245 249 253 254 3 -1 2 0
88 6 162 195 197 199 207 229 233 241 245 249 253 254 2 -1 1 0
89 1 164 192 4 -1 1 0
91 5 166 195 197 199 207 229 233 241 245 246 5 -1 0 0
95 1 182 184 2 -1 -1 0
99 1 192 194 2 -1 -1 0
107 1 200 200 1 -1 0 0
110 1 204 204 1 -1 0 0
130 1 210 214 2 131 -1 0
131 1 214 218 2 130 -1 0
132 1 218 222 2 131 -1 0
133 1 222 228 2 132 -1 0
136 1 230 230 1 -1 0 0
138 1 234 236 2 -1 -1 0
141 1 238 240 2 -1 -1 0
146 1 242 242 1 -1 0 0
148 1 246 248 2 -1 -1 0
149 1 250 250 1 -1 0 0
150 1 254 254 1 -1 0 0
159 1 168 170 2 -1 -1 0
160 1 170 186 3 -1 -1 0
161 1 174 176 2 -1 -1 0
162 1 176 188 3 -1 -1 0
163 1 178 180 2 -1 -1 0
164 1 180 182 2 -1 -1 0
170 1 188 190 2 -1 -1 0
171 1 190 192 2 -1 -1 0
5 1 5 1 0 0 5 5
0 8
0 1 2 3 4
4


0 1 0 4 1 -1 1 1
1 1 0 4 1 -1 4 1
2 1 0 4 2 -1 2 0
3 1 2 4 2 -1 5 0
4 1 4 6 2 -1 0 0
82 13 77 9 0 0 93 77
0 26 36 40 74 82 108 120 124 138 150 164 178 190
0 1 2 3 4 5 6 7 8 9 10 11 12 13 14 15 16 17 18 20 21 22 23 24 25 26 27 28 29 30 31 32 33 34 35 36 37 38 80 81 40 41 42 43 44 45 46 47 48 49 50 51 52 53 54 56 57 58 59 60 61 62 63 64 65 66 67 68 69 70 71 72 73 74 75 76 77
16 64 98 108 120 124 132 150 158


0 4 0 25 35 107 119 132 149 158 4 -1 2 1
1 4 0 25 35 107 119 132 149 158 3 -1 1 1
2 1 0 16 1 -1 2 1
3 4 0 25 35 108 119 132 149 158 5 -1 2 1
4 1 0 188 17 -1 -1 1
5 1 0 0 1 -1 -1 0
6 1 2 2 1 -1 -1 0
7 1 4 4 1 -1 -1 0
8 1 6 6 1 -1 -1 0
9 1 8 8 1 -1 -1 0
10 1 10 10 1 -1 -1 0
11 1 12 14 2 -1 -1 0
12 1 14 16 2 -1 1 0
13 2 16 25 35 42 4 -1 0 0
14 1 18 20 2 -1 -1 0
15 2 20 25 35 36 3 -1 -1 0
16 1 22 24 2 -1 -1 0
17 1 26 26 1 -1 -1 0
18 1 28 28 1 -1 -1 0
20 1 30 32 2 -1 -1 0
21 1 36 38 2 -1 -1 0
22 1 40 64 2 -1 5 0
23 3 42 107 119 132 149 158 4 -1 2 0
24 1 44 44 1 -1 -1 0
25 1 46 46 1 -1 -1 0
26 1 48 48 1 -1 -1 0
27 1 50 50 1 -1 -1 0
28 1 52 52 1 -1 -1 0
29 1 54 54 1 -1 -1 0
30 1 56 56 1 -1 -1 0
31 1 58 58 1 -1 -1 0
32 1 60 62 2 -1 -1 0
33 1 62 64 2 -1 4 0
34 2 64 74 163 164 4 -1 0 0
35 1 66 68 2 -1 -1 0
36 1 68 70 2 -1 -1 0
37 1 70 72 2 -1 -1 0
38 3 74 108 119 124 149 150 6 -1 1 0
40 1 82 82 1 -1 -1 0
41 1 84 84 1 -1 -1 0
42 1 86 86 1 -1 -1 0
43 1 88 88 1 -1 -1 0
44 1 90 90 1 -1 -1 0
45 1 92 92 1 -1 -1 0
46 1 94 96 2 -1 -1 0
47 1 96 98 2 -1 1 0
48 1 98 100 2 -1 0 0
49 1 100 102 2 -1 -1 0
50 1 102 104 2 -1 -1 0
51 1 104 106 2 -1 -1 0
52 1 108 108 1 -1 0 0
53 1 110 110 1 -1 -1 0
54 1 112 112 1 -1 -1 0
56 1 114 116 2 -1 -1 0
57 1 120 122 2 -1 0 0
58 1 124 124 1 -1 0 0
59 1 126 126 1 -1 -1 0
60 1 128 130 2 -1 -1 0
61 1 130 132 2 -1 8 0
62 1 132 134 2 -1 0 0
63 1 138 146 2 -1 -1 0
64 1 140 142 2 -1 -1 0
65 1 144 146 2 -1 -1 0
66 1 150 150 1 -1 0 0
67 1 152 152 1 -1 -1 0
68 1 154 156 2 -1 -1 0
69 1 156 158 2 -1 8 0
70 1 158 160 2 -1 0 0
71 1 164 166 2 -1 -1 0
72 1 166 174 2 -1 -1 0
73 1 168 170 2 -1 -1 0
74 1 172 174 2 -1 -1 0
75 1 178 186 2 -1 -1 0
76 1 180 182 2 -1 -1 0
77 1 184 186 2 -1 -1 0
80 1 76 78 2 -1 -1 0
81 1 78 80 2 -1 -1 0
5 1 5 1 0 0 5 5
0 4
0 1 2 3 4
2


0 1 0 2 1 -1 2 1
1 1 0 2 1 -1 1 1
2 1 0 2 1 -1 5 1
3 1 0 2 1 -1 8 1
4 1 0 2 2 -1 4 0
47 7 29 2 0 0 41 29
0 20 30 40 50 60 70 88
0 1 2 3 27 28 29 30 31 32 7 8 9 38 39 12 13 14 45 46 17 18 19 20 21 22 23 24 25
72 76


0 4 0 19 29 39 49 59 69 72 1 -1 2 1
1 4 0 19 29 39 49 59 69 72 2 -1 1 1
2 1 0 86 12 -1 -1 1
3 3 0 19 29 39 49 56 4 -1 -1 0
7 1 16 18 2 -1 -1 0
8 1 20 22 2 -1 -1 0
9 1 24 26 2 -1 -1 0
12 1 36 38 2 -1 -1 0
13 1 40 42 2 -1 -1 0
14 1 44 46 2 -1 -1 0
17 1 56 58 2 -1 -1 0
18 1 60 62 2 -1 -1 0
19 1 64 66 2 -1 -1 0
20 1 70 76 2 -1 2 0
21 1 72 76 2 -1 1 0
22 1 74 76 2 -1 5 0
23 1 76 84 2 -1 0 0
24 1 78 80 2 -1 -1 0
25 1 82 84 2 -1 -1 0
27 1 2 4 2 -1 -1 0
28 3 4 19 29 39 49 50 4 -1 -1 0
29 1 8 10 2 -1 -1 0
30 3 10 19 29 39 49 52 4 -1 -1 0
31 1 12 14 2 -1 -1 0
32 1 14 16 2 -1 -1 0
38 1 32 34 2 -1 -1 0
39 1 34 36 2 -1 -1 0
45 1 52 54 2 -1 -1 0
46 1 54 56 2 -1 -1 0
33 5 31 3 0 0 34 31
0 50 52 56 66 68
0 1 2 3 4 5 6 7 8 9 10 11 12 13 14 15 16 17 18 19 20 21 22 23 24 25 27 28 29 30 31
40 60 62


0 2 0 49 51 62 2 -1 2 1
1 1 0 40 1 -1 2 1
2 1 0 0 1 -1 -1 0
3 1 2 2 1 -1 -1 0
4 1 4 4 1 -1 -1 0
5 1 6 6 1 -1 -1 0
6 1 8 8 1 -1 -1 0
7 1 10 10 1 -1 -1 0
8 1 12 12 1 -1 -1 0
9 1 14 14 1 -1 -1 0
10 1 16 16 1 -1 -1 0
11 1 18 18 1 -1 -1 0
12 1 20 20 1 -1 -1 0
13 1 22 22 1 -1 -1 0
14 1 24 24 1 -1 -1 0
15 1 26 26 1 -1 -1 0
16 1 28 28 1 -1 -1 0
17 1 30 30 1 -1 -1 0
18 1 32 32 1 -1 -1 0
19 1 34 34 1 -1 -1 0
20 1 36 38 2 -1 -1 0
21 1 38 40 2 -1 1 0
22 2 40 49 51 58 4 -1 0 0
23 1 42 44 2 -1 -1 0
24 2 44 49 51 52 3 -1 -1 0
25 1 46 48 2 -1 -1 0
27 1 52 54 2 -1 -1 0
28 1 56 60 2 -1 1 0
29 1 58 62 2 -1 1 0
30 1 60 60 1 -1 0 0
31 1 62 62 1 -1 0 0
59 9 59 5 0 0 71 59
0 50 56 60 80 98 102 114 128 140
0 1 2 3 4 5 6 7 8 9 10 11 12 13 14 15 16 17 18 19 20 21 22 23 24 25 26 27 28 29 30 31 32 33 34 35 36 37 38 39 40 41 42 43 44 45 46 47 48 49 50 51 52 53 54 55 56 57 58
40 70 84 92 108


0 3 0 49 55 92 97 108 3 -1 2 1
1 3 0 49 55 92 97 108 3 -1 1 1
2 1 0 40 1 -1 2 1
3 3 0 49 55 92 97 108 3 -1 2 1
4 1 0 138 12 -1 -1 1
5 1 0 0 1 -1 -1 0
6 1 2 2 1 -1 -1 0
7 1 4 4 1 -1 -1 0
8 1 6 6 1 -1 -1 0
9 1 8 8 1 -1 -1 0
10 1 10 10 1 -1 -1 0
11 1 12 12 1 -1 -1 0
12 1 14 14 1 -1 -1 0
13 1 16 16 1 -1 -1 0
14 1 18 18 1 -1 -1 0
15 1 20 20 1 -1 -1 0
16 1 22 22 1 -1 -1 0
17 1 24 24 1 -1 -1 0
18 1 26 26 1 -1 -1 0
19 1 28 28 1 -1 -1 0
20 1 30 30 1 -1 -1 0
21 1 32 32 1 -1 -1 0
22 1 34 34 1 -1 -1 0
23 1 36 38 2 -1 -1 0
24 1 38 40 2 -1 1 0
25 2 40 49 55 62 4 -1 0 0
26 1 42 44 2 -1 -1 0
27 2 44 49 55 56 3 -1 -1 0
28 1 46 48 2 -1 -1 0
29 1 50 52 2 -1 -1 0
30 1 56 58 2 -1 -1 0
31 1 60 70 2 -1 5 0
32 2 62 92 97 108 3 -1 5 0
33 1 64 64 1 -1 -1 0
34 1 66 68 2 -1 -1 0
35 1 68 70 2 -1 4 0
36 3 70 80 97 101 113 114 4 -1 0 0
37 1 72 74 2 -1 -1 0
38 2 74 79 97 98 3 -1 -1 0
39 1 76 78 2 -1 -1 0
40 1 80 82 2 -1 -1 0
41 1 82 84 2 -1 1 0
42 1 84 84 1 -1 0 0
43 1 86 86 1 -1 -1 0
44 1 88 90 2 -1 -1 0
45 1 90 92 2 -1 8 0
46 1 92 94 2 -1 0 0
47 1 98 100 2 -1 -1 0
48 1 102 102 1 -1 -1 0
49 1 104 106 2 -1 -1 0
50 1 106 108 2 -1 8 0
51 1 108 110 2 -1 0 0
52 1 114 116 2 -1 -1 0
53 1 116 124 2 -1 -1 0
54 1 118 120 2 -1 -1 0
55 1 122 124 2 -1 -1 0
56 1 128 136 2 -1 -1 0
57 1 130 132 2 -1 -1 0
58 1 134 136 2 -1 -1 0
10 5 5 2 0 0 6 5
0 6 8 14 16 18
0 8 2 9 5
2 10


0 2 0 5 7 10 2 -1 2 1
2 1 2 4 2 -1 0 0
5 1 10 12 2 -1 0 0
8 1 0 2 2 -1 1 0
9 1 8 10 2 -1 1 0
26 3 24 2 0 0 25 24
0 24 42 56
0 1 2 3 4 5 6 7 9 10 11 12 13 14 15 16 17 18 19 20 21 22 23 24
6 14


0 1 0 14 1 -1 2 1
1 1 0 14 1 -1 1 1
2 1 0 14 1 -1 5 1
3 1 0 54 7 -1 -1 1
4 1 0 0 1 -1 -1 0
5 1 2 4 2 -1 -1 0
6 1 4 6 2 -1 1 0
7 1 6 34 3 -1 4 0
9 1 8 8 1 -1 -1 0
10 1 10 12 2 -1 -1 0
11 1 12 14 2 -1 8 0
12 2 14 24 41 42 4 -1 0 0
13 1 16 18 2 -1 -1 0
14 1 18 20 2 -1 -1 0
15 1 20 22 2 -1 -1 0
16 1 24 26 2 -1 -1 0
17 1 26 38 2 -1 -1 0
18 1 28 30 2 -1 -1 0
19 1 32 34 2 -1 -1 0
20 1 36 38 2 -1 -1 0
21 1 42 44 2 -1 -1 0
22 1 44 52 2 -1 -1 0
23 1 46 48 2 -1 -1 0
24 1 50 52 2 -1 -1 0
160 15 160 8 0 0 163 160
0 50 104 158 212 228 248 268 284 298 312 326 338 350 362 374
0 1 2 3 4 5 6 7 8 9 10 11 12 13 14 15 16 17 18 19 20 21 22 23 24 25 26 27 28 29 30 31 32 33 34 35 36 37 38 39 40 41 42 43 44 45 46 47 48 49 50 51 52 53 54 55 56 57 58 59 60 61 62 63 64 65 66 67 68 69 70 71 72 73 74 75 76 77 78 79 80 81 82 83 84 85 86 87 88 89 90 91 92 93 94 95 96 97 98 99 100 101 102 103 104 105 106 107 108 109 110 111 112 113 114 115 116 117 118 119 120 121 122 123 124 125 126 127 128 129 130 131 132 133 134 135 136 137 138 139 140 141 142 143 144 145 146 147 148 149 150 151 152 153 154 155 156 157 158 159
40 94 148 202 218 238 258 272


0 1 0 258 3 -1 2 1
1 1 0 272 4 -1 1 1
2 1 0 40 1 -1 2 1
3 1 0 372 24 -1 -1 1
4 1 0 0 1 -1 -1 0
5 1 2 2 1 -1 -1 0
6 1 4 4 1 -1 -1 0
7 1 6 6 1 -1 -1 0
8 1 8 8 1 -1 -1 0
9 1 10 10 1 -1 -1 0
10 1 12 12 1 -1 -1 0
11 1 14 14 1 -1 -1 0
12 1 16 16 1 -1 -1 0
13 1 18 18 1 -1 -1 0
14 1 20 20 1 -1 -1 0
15 1 22 22 1 -1 -1 0
16 1 24 24 1 -1 -1 0
17 1 26 26 1 -1 -1 0
18 1 28 28 1 -1 -1 0
19 1 30 30 1 -1 -1 0
20 1 32 32 1 -1 -1 0
21 1 34 34 1 -1 -1 0
22 1 36 38 2 -1 -1 0
23 1 38 40 2 -1 1 0
24 1 40 52 4 -1 0 0
25 1 42 44 2 -1 -1 0
26 1 44 46 2 -1 -1 0
27 1 46 48 2 -1 -1 0
28 1 50 218 2 -1 5 0
29 1 52 94 2 -1 2 0
30 1 54 54 1 -1 -1 0
31 1 56 56 1 -1 -1 0
32 1 58 58 1 -1 -1 0
33 1 60 60 1 -1 -1 0
34 1 62 62 1 -1 -1 0
35 1 64 64 1 -1 -1 0
36 1 66 66 1 -1 -1 0
37 1 68 68 1 -1 -1 0
38 1 70 70 1 -1 -1 0
39 1 72 72 1 -1 -1 0
40 1 74 74 1 -1 -1 0
41 1 76 76 1 -1 -1 0
42 1 78 78 1 -1 -1 0
43 1 80 80 1 -1 -1 0
44 1 82 82 1 -1 -1 0
45 1 84 84 1 -1 -1 0
46 1 86 86 1 -1 -1 0
47 1 88 88 1 -1 -1 0
48 1 90 92 2 -1 -1 0
49 1 92 94 2 -1 1 0
50 1 94 106 4 -1 0 0
51 1 96 98 2 -1 -1 0
52 1 98 100 2 -1 -1 0
53 1 100 102 2 -1 -1 0
54 1 104 238 2 -1 5 0
55 1 106 148 2 -1 2 0
56 1 108 108 1 -1 -1 0
57 1 110 110 1 -1 -1 0
58 1 112 112 1 -1 -1 0
59 1 114 114 1 -1 -1 0
60 1 116 116 1 -1 -1 0
61 1 118 118 1 -1 -1 0
62 1 120 120 1 -1 -1 0
63 1 122 122 1 -1 -1 0
64 1 124 124 1 -1 -1 0
65 1 126 126 1 -1 -1 0
66 1 128 128 1 -1 -1 0
67 1 130 130 1 -1 -1 0
68 1 132 132 1 -1 -1 0
69 1 134 134 1 -1 -1 0
70 1 136 136 1 -1 -1 0
71 1 138 138 1 -1 -1 0
72 1 140 140 1 -1 -1 0
73 1 142 142 1 -1 -1 0
74 1 144 146 2 -1 -1 0
75 1 146 148 2 -1 1 0
76 1 148 160 4 -1 0 0
77 1 150 152 2 -1 -1 0
78 1 152 154 2 -1 -1 0
79 1 154 156 2 -1 -1 0
80 1 158 258 2 -1 5 0
81 1 160 202 2 -1 2 0
82 1 162 162 1 -1 -1 0
83 1 164 164 1 -1 -1 0
84 1 166 166 1 -1 -1 0
85 1 168 168 1 -1 -1 0
86 1 170 170 1 -1 -1 0
87 1 172 172 1 -1 -1 0
88 1 174 174 1 -1 -1 0
89 1 176 176 1 -1 -1 0
90 1 178 178 1 -1 -1 0
91 1 180 180 1 -1 -1 0
92 1 182 182 1 -1 -1 0
93 1 184 184 1 -1 -1 0
94 1 186 186 1 -1 -1 0
95 1 188 188 1 -1 -1 0
96 1 190 190 1 -1 -1 0
97 1 192 192 1 -1 -1 0
98 1 194 194 1 -1 -1 0
99 1 196 196 1 -1 -1 0
100 1 198 200 2 -1 -1 0
101 1 200 202 2 -1 1 0
102 1 202 204 2 -1 0 0
103 1 204 206 2 -1 -1 0
104 1 206 208 2 -1 -1 0
105 1 208 210 2 -1 -1 0
106 1 212 212 1 -1 -1 0
107 1 214 216 2 -1 -1 0
108 1 216 218 2 -1 4 0
109 2 218 228 311 312 4 -1 0 0
110 1 220 222 2 -1 -1 0
111 1 222 224 2 -1 -1 0
112 1 224 226 2 -1 -1 0
113 1 228 230 2 -1 -1 0
114 1 230 272 2 -1 1 0
115 1 232 232 1 -1 -1 0
116 1 234 236 2 -1 -1 0
117 1 236 238 2 -1 4 0
118 2 238 248 297 298 4 -1 0 0
119 1 240 242 2 -1 -1 0
120 1 242 244 2 -1 -1 0
121 1 244 246 2 -1 -1 0
122 1 248 250 2 -1 -1 0
123 1 250 272 2 -1 5 0
124 1 252 252 1 -1 -1 0
125 1 254 256 2 -1 -1 0
126 1 256 258 2 -1 4 0
127 2 258 268 283 284 4 -1 0 0
128 1 260 262 2 -1 -1 0
129 1 262 264 2 -1 -1 0
130 1 264 266 2 -1 -1 0
131 1 268 270 2 -1 -1 0
132 1 270 272 2 -1 4 0
133 1 272 280 2 -1 0 0
134 1 274 276 2 -1 -1 0
135 1 278 280 2 -1 -1 0
136 1 284 286 2 -1 -1 0
137 1 286 294 2 -1 -1 0
138 1 288 290 2 -1 -1 0
139 1 292 294 2 -1 -1 0
140 1 298 300 2 -1 -1 0
141 1 300 308 2 -1 -1 0
142 1 302 304 2 -1 -1 0
143 1 306 308 2 -1 -1 0
144 1 312 314 2 -1 -1 0
145 1 314 322 2 -1 -1 0
146 1 316 318 2 -1 -1 0
147 1 320 322 2 -1 -1 0
148 1 326 334 2 -1 -1 0
149 1 328 330 2 -1 -1 0
150 1 332 334 2 -1 -1 0
151 1 338 346 2 -1 -1 0
152 1 340 342 2 -1 -1 0
153 1 344 346 2 -1 -1 0
154 1 350 358 2 -1 -1 0
155 1 352 354 2 -1 -1 0
156 1 356 358 2 -1 -1 0
157 1 362 370 2 -1 -1 0
158 1 364 366 2 -1 -1 0
159 1 368 370 2 -1 -1 0
293 29 293 16 0 0 305 293
0 50 64 68 120 176 230 284 338 392 406 426 444 464 484 504 522 536 550 564 578 592 604 616 628 640 652 664 676 688
0 1 2 3 4 5 6 7 8 9 10 11 12 13 14 15 16 17 18 19 20 21 22 23 24 25 26 27 28 29 30 31 32 33 34 35 36 37 39 40 41 42 43 44 45 46 47 48 49 50 51 52 53 54 55 56 57 58 59 60 61 62 38 63 64 65 66 67 68 69 70 71 72 73 74 75 76 77 78 79 80 81 82 83 84 85 86 87 88 89 90 91 92 93 94 95 96 97 98 99 100 101 102 103 104 105 106 107 108 109 110 111 112 113 114 115 116 117 118 119 120 121 122 123 124 125 126 127 128 129 130 131 132 133 134 135 136 137 138 139 140 141 142 143 144 145 146 147 148 149 150 151 152 153 154 155 156 157 158 159 160 161 162 163 164 165 166 167 168 169 170 171 172 173 174 175 176 177 178 179 180 181 182 183 184 185 186 187 188 189 190 191 192 193 194 195 196 197 198 199 200 201 202 203 204 205 206 207 208 209 210 211 212 213 214 215 216 217 218 219 220 221 222 223 224 225 226 227 228 229 230 231 232 233 234 235 236 237 238 239 240 241 242 243 244 245 246 247 248 249 250 251 252 253 254 255 256 257 258 259 260 261 262 263 264 265 266 267 268 269 270 271 272 273 274 275 276 277 278 279 280 281 282 283 284 285 286 287 288 289 290 291 292
40 58 110 166 220 274 328 382 400 402 416 434 454 474 494 510


0 2 0 58 63 494 6 -1 2 1
1 2 0 58 63 510 7 -1 1 1
2 2 0 58 63 510 2 -1 5 1
3 1 0 40 1 -1 2 1
4 2 0 58 63 474 2 -1 8 1
5 2 0 58 63 494 2 -1 3 1
6 1 0 686 44 -1 -1 1
7 1 0 0 1 -1 -1 0
8 1 2 2 1 -1 -1 0
9 1 4 4 1 -1 -1 0
10 1 6 6 1 -1 -1 0
11 1 8 8 1 -1 -1 0
12 1 10 10 1 -1 -1 0
13 1 12 12 1 -1 -1 0
14 1 14 14 1 -1 -1 0
15 1 16 16 1 -1 -1 0
16 1 18 18 1 -1 -1 0
17 1 20 20 1 -1 -1 0
18 1 22 22 1 -1 -1 0
19 1 24 24 1 -1 -1 0
20 1 26 26 1 -1 -1 0
21 1 28 28 1 -1 -1 0
22 1 30 30 1 -1 -1 0
23 1 32 32 1 -1 -1 0
24 1 34 34 1 -1 -1 0
25 1 36 38 2 -1 -1 0
26 1 38 40 2 -1 1 0
27 2 40 50 63 120 5 -1 0 0
28 1 42 44 2 -1 -1 0
29 2 44 49 63 64 3 -1 -1 0
30 1 46 48 2 -1 -1 0
31 1 50 58 2 -1 4 0
32 1 52 52 1 -1 -1 0
33 1 54 56 2 -1 -1 0
34 1 56 58 2 -1 -1 0
35 1 58 60 2 -1 0 0
36 1 64 66 2 -1 -1 0
37 1 68 110 2 -1 2 0
38 1 120 166 2 -1 2 0
39 1 70 70 1 -1 -1 0
40 1 72 72 1 -1 -1 0
41 1 74 74 1 -1 -1 0
42 1 76 76 1 -1 -1 0
43 1 78 78 1 -1 -1 0
44 1 80 80 1 -1 -1 0
45 1 82 82 1 -1 -1 0
46 1 84 84 1 -1 -1 0
47 1 86 86 1 -1 -1 0
48 1 88 88 1 -1 -1 0
49 1 90 90 1 -1 -1 0
50 1 92 92 1 -1 -1 0
51 1 94 94 1 -1 -1 0
52 1 96 96 1 -1 -1 0
53 1 98 98 1 -1 -1 0
54 1 100 100 1 -1 -1 0
55 1 102 102 1 -1 -1 0
56 1 104 104 1 -1 -1 0
57 1 106 108 2 -1 -1 0
58 1 108 110 2 -1 1 0
59 1 110 122 3 -1 0 0
60 1 112 114 2 -1 -1 0
61 1 114 116 2 -1 -1 0
62 1 116 118 2 -1 -1 0
63 1 122 124 2 -1 -1 0
64 1 124 508 2 -1 -1 0
65 1 126 126 1 -1 -1 0
66 1 128 128 1 -1 -1 0
67 1 130 130 1 -1 -1 0
68 1 132 132 1 -1 -1 0
69 1 134 134 1 -1 -1 0
70 1 136 136 1 -1 -1 0
71 1 138 138 1 -1 -1 0
72 1 140 140 1 -1 -1 0
73 1 142 142 1 -1 -1 0
74 1 144 144 1 -1 -1 0
75 1 146 146 1 -1 -1 0
76 1 148 148 1 -1 -1 0
77 1 150 150 1 -1 -1 0
78 1 152 152 1 -1 -1 0
79 1 154 154 1 -1 -1 0
80 1 156 156 1 -1 -1 0
81 1 158 158 1 -1 -1 0
82 1 160 160 1 -1 -1 0
83 1 162 164 2 -1 -1 0
84 1 164 166 2 -1 1 0
85 1 166 178 4 -1 0 0
86 1 168 170 2 -1 -1 0
87 1 170 172 2 -1 -1 0
88 1 172 174 2 -1 -1 0
89 1 176 400 2 -1 2 0
90 1 178 220 2 -1 2 0
91 1 180 180 1 -1 -1 0
92 1 182 182 1 -1 -1 0
93 1 184 184 1 -1 -1 0
94 1 186 186 1 -1 -1 0
95 1 188 188 1 -1 -1 0
96 1 190 190 1 -1 -1 0
97 1 192 192 1 -1 -1 0
98 1 194 194 1 -1 -1 0
99 1 196 196 1 -1 -1 0
100 1 198 198 1 -1 -1 0
101 1 200 200 1 -1 -1 0
102 1 202 202 1 -1 -1 0
103 1 204 204 1 -1 -1 0
104 1 206 206 1 -1 -1 0
105 1 208 208 1 -1 -1 0
106 1 210 210 1 -1 -1 0
107 1 212 212 1 -1 -1 0
108 1 214 214 1 -1 -1 0
109 1 216 218 2 -1 -1 0
110 1 218 220 2 -1 1 0
111 1 220 232 4 -1 0 0
112 1 222 224 2 -1 -1 0
113 1 224 226 2 -1 -1 0
114 1 226 228 2 -1 -1 0
115 1 230 416 2 -1 5 0
116 1 232 274 2 -1 2 0
117 1 234 234 1 -1 -1 0
118 1 236 236 1 -1 -1 0
119 1 238 238 1 -1 -1 0
120 1 240 240 1 -1 -1 0
121 1 242 242 1 -1 -1 0
122 1 244 244 1 -1 -1 0
123 1 246 246 1 -1 -1 0
124 1 248 248 1 -1 -1 0
125 1 250 250 1 -1 -1 0
126 1 252 252 1 -1 -1 0
127 1 254 254 1 -1 -1 0
128 1 256 256 1 -1 -1 0
129 1 258 258 1 -1 -1 0
130 1 260 260 1 -1 -1 0
131 1 262 262 1 -1 -1 0
132 1 264 264 1 -1 -1 0
133 1 266 266 1 -1 -1 0
134 1 268 268 1 -1 -1 0
135 1 270 272 2 -1 -1 0
136 1 272 274 2 -1 1 0
137 1 274 286 4 -1 0 0
138 1 276 278 2 -1 -1 0
139 1 278 280 2 -1 -1 0
140 1 280 282 2 -1 -1 0
141 1 284 434 2 -1 5 0
142 1 286 328 2 -1 2 0
143 1 288 288 1 -1 -1 0
144 1 290 290 1 -1 -1 0
145 1 292 292 1 -1 -1 0
146 1 294 294 1 -1 -1 0
147 1 296 296 1 -1 -1 0
148 1 298 298 1 -1 -1 0
149 1 300 300 1 -1 -1 0
150 1 302 302 1 -1 -1 0
151 1 304 304 1 -1 -1 0
152 1 306 306 1 -1 -1 0
153 1 308 308 1 -1 -1 0
154 1 310 310 1 -1 -1 0
155 1 312 312 1 -1 -1 0
156 1 314 314 1 -1 -1 0
157 1 316 316 1 -1 -1 0
158 1 318 318 1 -1 -1 0
159 1 320 320 1 -1 -1 0
160 1 322 322 1 -1 -1 0
161 1 324 326 2 -1 -1 0
162 1 326 328 2 -1 1 0
163 1 328 340 4 -1 0 0
164 1 330 332 2 -1 -1 0
165 1 332 334 2 -1 -1 0
166 1 334 336 2 -1 -1 0
167 1 338 454 2 -1 5 0
168 1 340 382 2 -1 2 0
169 1 342 342 1 -1 -1 0
170 1 344 344 1 -1 -1 0
171 1 346 346 1 -1 -1 0
172 1 348 348 1 -1 -1 0
173 1 350 350 1 -1 -1 0
174 1 352 352 1 -1 -1 0
175 1 354 354 1 -1 -1 0
176 1 356 356 1 -1 -1 0
177 1 358 358 1 -1 -1 0
178 1 360 360 1 -1 -1 0
179 1 362 362 1 -1 -1 0
180 1 364 364 1 -1 -1 0
181 1 366 366 1 -1 -1 0
182 1 368 368 1 -1 -1 0
183 1 370 370 1 -1 -1 0
184 1 372 372 1 -1 -1 0
185 1 374 374 1 -1 -1 0
186 1 376 376 1 -1 -1 0
187 1 378 380 2 -1 -1 0
188 1 380 382 2 -1 1 0
189 1 382 384 2 -1 0 0
190 1 384 386 2 -1 -1 0
191 1 386 388 2 -1 -1 0
192 1 388 390 2 -1 -1 0
193 1 392 392 1 -1 -1 0
194 1 394 394 1 -1 -1 0
195 1 396 398 2 -1 -1 0
196 1 398 400 2 -1 1 0
197 1 400 402 2 -1 2 0
198 1 402 404 2 -1 0 0
199 1 406 406 1 -1 -1 0
200 1 408 408 1 -1 -1 0
201 1 410 410 1 -1 -1 0
202 1 412 414 2 -1 -1 0
203 1 414 416 2 -1 4 0
204 2 416 426 577 578 4 -1 0 0
205 1 418 420 2 -1 -1 0
206 1 420 422 2 -1 -1 0
207 1 422 424 2 -1 -1 0
208 1 426 510 2 -1 4 0
209 1 428 428 1 -1 -1 0
210 1 430 432 2 -1 -1 0
211 1 432 434 2 -1 4 0
212 2 434 444 563 564 4 -1 0 0
213 1 436 438 2 -1 -1 0
214 1 438 440 2 -1 -1 0
215 1 440 442 2 -1 -1 0
216 1 444 446 2 -1 -1 0
217 1 446 510 2 -1 8 0
218 1 448 448 1 -1 -1 0
219 1 450 452 2 -1 -1 0
220 1 452 454 2 -1 4 0
221 2 454 464 549 550 4 -1 0 0
222 1 456 458 2 -1 -1 0
223 1 458 460 2 -1 -1 0
224 1 460 462 2 -1 -1 0
225 1 464 466 2 -1 -1 0
226 1 466 510 2 -1 3 0
227 1 468 468 1 -1 -1 0
228 1 470 472 2 -1 -1 0
229 1 472 474 2 -1 4 0
230 2 474 484 535 536 4 -1 0 0
231 1 476 478 2 -1 -1 0
232 1 478 480 2 -1 -1 0
233 1 480 482 2 -1 -1 0
234 1 484 486 2 -1 -1 0
235 1 486 510 2 -1 -1 0
236 1 488 488 1 -1 -1 0
237 1 490 492 2 -1 -1 0
238 1 492 494 2 -1 4 0
239 2 494 504 521 522 4 -1 0 0
240 1 496 498 2 -1 -1 0
241 1 498 500 2 -1 -1 0
242 1 500 502 2 -1 -1 0
243 1 504 506 2 -1 -1 0
244 1 506 510 2 -1 -1 0
245 1 508 510 2 -1 5 0
246 1 510 518 2 -1 0 0
247 1 512 514 2 -1 -1 0
248 1 516 518 2 -1 -1 0
249 1 522 524 2 -1 -1 0
250 1 524 532 2 -1 -1 0
251 1 526 528 2 -1 -1 0
252 1 530 532 2 -1 -1 0
253 1 536 538 2 -1 -1 0
254 1 538 546 2 -1 -1 0
255 1 540 542 2 -1 -1 0
256 1 544 546 2 -1 -1 0
257 1 550 552 2 -1 -1 0
258 1 552 560 2 -1 -1 0
259 1 554 556 2 -1 -1 0
260 1 558 560 2 -1 -1 0
261 1 564 566 2 -1 -1 0
262 1 566 574 2 -1 -1 0
263 1 568 570 2 -1 -1 0
264 1 572 574 2 -1 -1 0
265 1 578 580 2 -1 -1 0
266 1 580 588 2 -1 -1 0
267 1 582 584 2 -1 -1 0
268 1 586 588 2 -1 -1 0
269 1 592 600 2 -1 -1 0
270 1 594 596 2 -1 -1 0
271 1 598 600 2 -1 -1 0
272 1 604 612 2 -1 -1 0
273 1 606 608 2 -1 -1 0
274 1 610 612 2 -1 -1 0
275 1 616 624 2 -1 -1 0
276 1 618 620 2 -1 -1 0
277 1 622 624 2 -1 -1 0
278 1 628 636 2 -1 -1 0
279 1 630 632 2 -1 -1 0
280 1 634 636 2 -1 -1 0
281 1 640 648 2 -1 -1 0
282 1 642 644 2 -1 -1 0
283 1 646 648 2 -1 -1 0
284 1 652 660 2 -1 -1 0
285 1 654 656 2 -1 -1 0
286 1 658 660 2 -1 -1 0
287 1 664 672 2 -1 -1 0
288 1 666 668 2 -1 -1 0
289 1 670 672 2 -1 -1 0
290 1 676 684 2 -1 -1 0
291 1 678 680 2 -1 -1 0
292 1 682 684 2 -1 -1 0
76 7 76 4 0 0 77 76
0 50 102 120 136 150 162 174
0 1 2 3 4 5 6 7 8 9 10 11 12 13 14 15 16 17 18 19 20 21 22 23 24 25 26 27 29 30 31 32 33 34 35 36 37 38 39 40 41 42 43 44 45 46 47 48 49 50 51 52 53 28 54 55 56 57 58 59 60 61 62 63 64 65 66 67 68 69 70 71 72 73 74 75
40 92 110 124


0 1 0 110 1 -1 2 1
1 1 0 124 2 -1 1 1
2 1 0 40 1 -1 2 1
3 1 0 172 12 -1 -1 1
4 1 0 0 1 -1 -1 0
5 1 2 2 1 -1 -1 0
6 1 4 4 1 -1 -1 0
7 1 6 6 1 -1 -1 0
8 1 8 8 1 -1 -1 0
9 1 10 10 1 -1 -1 0
10 1 12 12 1 -1 -1 0
11 1 14 14 1 -1 -1 0
12 1 16 16 1 -1 -1 0
13 1 18 18 1 -1 -1 0
14 1 20 20 1 -1 -1 0
15 1 22 22 1 -1 -1 0
16 1 24 24 1 -1 -1 0
17 1 26 26 1 -1 -1 0
18 1 28 28 1 -1 -1 0
19 1 30 30 1 -1 -1 0
20 1 32 32 1 -1 -1 0
21 1 34 34 1 -1 -1 0
22 1 36 38 2 -1 -1 0
23 1 38 40 2 -1 1 0
24 1 40 102 4 -1 0 0
25 1 42 44 2 -1 -1 0
26 1 44 46 2 -1 -1 0
27 1 46 48 2 -1 -1 0
28 1 102 110 2 -1 5 0
29 1 50 92 2 -1 2 0
30 1 52 52 1 -1 -1 0
31 1 54 54 1 -1 -1 0
32 1 56 56 1 -1 -1 0
33 1 58 58 1 -1 -1 0
34 1 60 60 1 -1 -1 0
35 1 62 62 1 -1 -1 0
36 1 64 64 1 -1 -1 0
37 1 66 66 1 -1 -1 0
38 1 68 68 1 -1 -1 0
39 1 70 70 1 -1 -1 0
40 1 72 72 1 -1 -1 0
41 1 74 74 1 -1 -1 0
42 1 76 76 1 -1 -1 0
43 1 78 78 1 -1 -1 0
44 1 80 80 1 -1 -1 0
45 1 82 82 1 -1 -1 0
46 1 84 84 1 -1 -1 0
47 1 86 86 1 -1 -1 0
48 1 88 90 2 -1 -1 0
49 1 90 92 2 -1 1 0
50 1 92 94 2 -1 0 0
51 1 94 96 2 -1 -1 0
52 1 96 98 2 -1 -1 0
53 1 98 100 2 -1 -1 0
54 1 104 104 1 -1 -1 0
55 1 106 108 2 -1 -1 0
56 1 108 110 2 -1 4 0
57 2 110 120 135 136 4 -1 0 0
58 1 112 114 2 -1 -1 0
59 1 114 116 2 -1 -1 0
60 1 116 118 2 -1 -1 0
61 1 120 122 2 -1 -1 0
62 1 122 124 2 -1 1 0
63 1 124 132 2 -1 0 0
64 1 126 128 2 -1 -1 0
65 1 130 132 2 -1 -1 0
66 1 136 138 2 -1 -1 0
67 1 138 146 2 -1 -1 0
68 1 140 142 2 -1 -1 0
69 1 144 146 2 -1 -1 0
70 1 150 158 2 -1 -1 0
71 1 152 154 2 -1 -1 0
72 1 156 158 2 -1 -1 0
73 1 162 170 2 -1 -1 0
74 1 164 166 2 -1 -1 0
75 1 168 170 2 -1 -1 0
69 5 69 5 0 0 71 69
0 50 102 116 132 148
0 1 2 3 4 5 6 7 8 9 10 11 12 13 14 15 16 17 18 19 20 21 22 23 24 25 26 27 28 30 31 32 33 34 35 36 37 38 39 40 41 42 43 44 45 46 47 48 49 50 51 52 53 54 29 55 56 57 58 59 60 61 62 63 64 65 66 67 68
40 92 110 120 136


0 1 0 110 1 -1 2 1
1 1 0 110 1 -1 1 1
2 1 0 40 1 -1 2 1
3 3 0 101 115 120 131 136 2 -1 1 1
4 1 0 146 8 -1 -1 1
5 1 0 0 1 -1 -1 0
6 1 2 2 1 -1 -1 0
7 1 4 4 1 -1 -1 0
8 1 6 6 1 -1 -1 0
9 1 8 8 1 -1 -1 0
10 1 10 10 1 -1 -1 0
11 1 12 12 1 -1 -1 0
12 1 14 14 1 -1 -1 0
13 1 16 16 1 -1 -1 0
14 1 18 18 1 -1 -1 0
15 1 20 20 1 -1 -1 0
16 1 22 22 1 -1 -1 0
17 1 24 24 1 -1 -1 0
18 1 26 26 1 -1 -1 0
19 1 28 28 1 -1 -1 0
20 1 30 30 1 -1 -1 0
21 1 32 32 1 -1 -1 0
22 1 34 34 1 -1 -1 0
23 1 36 38 2 -1 -1 0
24 1 38 40 2 -1 1 0
25 1 40 102 4 -1 0 0
26 1 42 44 2 -1 -1 0
27 1 44 46 2 -1 -1 0
28 1 46 48 2 -1 -1 0
29 1 102 110 2 -1 5 0
30 1 50 92 2 -1 2 0
31 1 52 52 1 -1 -1 0
32 1 54 54 1 -1 -1 0
33 1 56 56 1 -1 -1 0
34 1 58 58 1 -1 -1 0
35 1 60 60 1 -1 -1 0
36 1 62 62 1 -1 -1 0
37 1 64 64 1 -1 -1 0
38 1 66 66 1 -1 -1 0
39 1 68 68 1 -1 -1 0
40 1 70 70 1 -1 -1 0
41 1 72 72 1 -1 -1 0
42 1 74 74 1 -1 -1 0
43 1 76 76 1 -1 -1 0
44 1 78 78 1 -1 -1 0
45 1 80 80 1 -1 -1 0
46 1 82 82 1 -1 -1 0
47 1 84 84 1 -1 -1 0
48 1 86 86 1 -1 -1 0
49 1 88 90 2 -1 -1 0
50 1 90 92 2 -1 1 0
51 1 92 94 2 -1 0 0
52 1 94 96 2 -1 -1 0
53 1 96 98 2 -1 -1 0
54 1 98 100 2 -1 -1 0
55 1 104 104 1 -1 -1 0
56 1 106 108 2 -1 -1 0
57 1 108 110 2 -1 4 0
58 1 110 112 2 -1 0 0
59 1 116 120 2 -1 2 0
60 1 118 120 2 -1 5 0
61 1 120 128 2 -1 0 0
62 1 122 124 2 -1 -1 0
63 1 126 128 2 -1 -1 0
64 1 132 136 2 -1 2 0
65 1 134 136 2 -1 5 0
66 1 136 144 2 -1 0 0
67 1 138 140 2 -1 -1 0
68 1 142 144 2 -1 -1 0
148 13 148 8 0 0 157 148
0 50 62 66 116 170 224 242 260 298 312 324 336 348
0 1 2 3 4 5 6 7 8 9 10 11 12 13 14 15 16 17 18 19 20 21 22 23 24 25 26 27 28 29 30 31 32 33 34 35 36 37 38 39 40 41 42 43 44 45 46 47 48 49 50 51 52 53 54 55 56 57 58 59 60 61 62 63 64 65 66 67 68 69 70 71 72 73 74 75 76 77 78 79 80 81 82 83 84 85 86 87 88 89 90 91 92 93 94 95 96 97 98 99 100 101 102 103 104 105 106 107 108 109 110 111 112 113 114 115 116 117 118 119 120 121 122 123 124 125 126 127 128 129 130 131 132 133 134 135 136 137 138 139 140 141 142 143 144 145 146 147
40 106 160 214 226 230 250 286


0 3 0 49 61 226 241 250 2 -1 2 1
1 3 0 49 61 223 241 286 2 -1 1 1
2 2 0 49 61 106 2 -1 2 1
3 1 0 346 21 -1 -1 1
4 1 0 0 1 -1 -1 0
5 1 2 2 1 -1 -1 0
6 1 4 4 1 -1 -1 0
7 1 6 6 1 -1 -1 0
8 1 8 8 1 -1 -1 0
9 1 10 10 1 -1 -1 0
10 1 12 12 1 -1 -1 0
11 1 14 14 1 -1 -1 0
12 1 16 16 1 -1 -1 0
13 1 18 18 1 -1 -1 0
14 1 20 20 1 -1 -1 0
15 1 22 22 1 -1 -1 0
16 1 24 24 1 -1 -1 0
17 1 26 26 1 -1 -1 0
18 1 28 28 1 -1 -1 0
19 1 30 30 1 -1 -1 0
20 1 32 32 1 -1 -1 0
21 1 34 34 1 -1 -1 0
22 1 36 38 2 -1 -1 0
23 1 38 40 2 -1 1 0
24 1 40 42 2 -1 0 0
25 1 42 44 2 -1 -1 0
26 2 44 49 61 62 3 -1 -1 0
27 1 46 48 2 -1 -1 0
28 1 50 58 2 -1 -1 0
29 1 52 54 2 -1 -1 0
30 1 56 58 2 -1 -1 0
31 1 62 64 2 -1 -1 0
32 1 66 66 1 -1 -1 0
33 1 68 68 1 -1 -1 0
34 1 70 70 1 -1 -1 0
35 1 72 72 1 -1 -1 0
36 1 74 74 1 -1 -1 0
37 1 76 76 1 -1 -1 0
38 1 78 78 1 -1 -1 0
39 1 80 80 1 -1 -1 0
40 1 82 82 1 -1 -1 0
41 1 84 84 1 -1 -1 0
42 1 86 86 1 -1 -1 0
43 1 88 88 1 -1 -1 0
44 1 90 90 1 -1 -1 0
45 1 92 92 1 -1 -1 0
46 1 94 94 1 -1 -1 0
47 1 96 96 1 -1 -1 0
48 1 98 98 1 -1 -1 0
49 1 100 100 1 -1 -1 0
50 1 102 104 2 -1 -1 0
51 1 104 106 2 -1 1 0
52 1 106 118 4 -1 0 0
53 1 108 110 2 -1 -1 0
54 1 110 112 2 -1 -1 0
55 1 112 114 2 -1 -1 0
56 1 116 160 2 -1 2 0
57 2 118 223 241 250 3 -1 2 0
58 1 120 120 1 -1 -1 0
59 1 122 122 1 -1 -1 0
60 1 124 124 1 -1 -1 0
61 1 126 126 1 -1 -1 0
62 1 128 128 1 -1 -1 0
63 1 130 130 1 -1 -1 0
64 1 132 132 1 -1 -1 0
65 1 134 134 1 -1 -1 0
66 1 136 136 1 -1 -1 0
67 1 138 138 1 -1 -1 0
68 1 140 140 1 -1 -1 0
69 1 142 142 1 -1 -1 0
70 1 144 144 1 -1 -1 0
71 1 146 146 1 -1 -1 0
72 1 148 148 1 -1 -1 0
73 1 150 150 1 -1 -1 0
74 1 152 152 1 -1 -1 0
75 1 154 154 1 -1 -1 0
76 1 156 158 2 -1 -1 0
77 1 158 160 2 -1 1 0
78 1 160 170 3 -1 0 0
79 1 162 164 2 -1 -1 0
80 1 164 166 2 -1 -1 0
81 1 166 168 2 -1 -1 0
82 1 170 172 2 -1 -1 0
83 2 172 226 241 262 3 -1 1 0
84 1 174 174 1 -1 -1 0
85 1 176 176 1 -1 -1 0
86 1 178 178 1 -1 -1 0
87 1 180 180 1 -1 -1 0
88 1 182 182 1 -1 -1 0
89 1 184 184 1 -1 -1 0
90 1 186 186 1 -1 -1 0
91 1 188 188 1 -1 -1 0
92 1 190 190 1 -1 -1 0
93 1 192 192 1 -1 -1 0
94 1 194 194 1 -1 -1 0
95 1 196 196 1 -1 -1 0
96 1 198 198 1 -1 -1 0
97 1 200 200 1 -1 -1 0
98 1 202 202 1 -1 -1 0
99 1 204 204 1 -1 -1 0
100 1 206 206 1 -1 -1 0
101 1 208 208 1 -1 -1 0
102 1 210 212 2 -1 -1 0
103 1 212 214 2 -1 1 0
104 1 214 216 2 -1 0 0
105 1 216 218 2 -1 -1 0
106 1 218 220 2 -1 -1 0
107 1 220 222 2 -1 -1 0
108 1 224 230 2 -1 2 0
109 1 226 230 2 -1 1 0
110 1 228 230 2 -1 5 0
111 1 230 238 2 -1 0 0
112 1 232 234 2 -1 -1 0
113 1 236 238 2 -1 -1 0
114 1 242 242 1 -1 -1 0
115 1 244 244 1 -1 -1 0
116 1 246 248 2 -1 -1 0
117 1 248 250 2 -1 4 0
118 2 250 260 297 298 4 -1 0 0
119 1 252 254 2 -1 -1 0
120 1 254 256 2 -1 -1 0
121 1 256 258 2 -1 -1 0
122 1 260 284 2 -1 -1 0
123 1 262 280 2 -1 -1 0
124 1 264 264 1 -1 -1 0
125 1 266 266 1 -1 -1 0
126 1 268 268 1 -1 -1 0
127 1 270 272 2 -1 -1 0
128 1 272 286 5 -1 1 0
129 1 274 276 2 -1 -1 0
130 1 278 280 2 -1 -1 0
131 1 282 284 2 -1 -1 0
132 1 286 294 2 -1 0 0
133 1 288 290 2 -1 -1 0
134 1 292 294 2 -1 -1 0
135 1 298 300 2 -1 -1 0
136 1 300 308 2 -1 -1 0
137 1 302 304 2 -1 -1 0
138 1 306 308 2 -1 -1 0
139 1 312 320 2 -1 -1 0
140 1 314 316 2 -1 -1 0
141 1 318 320 2 -1 -1 0
142 1 324 332 2 -1 -1 0
143 1 326 328 2 -1 -1 0
144 1 330 332 2 -1 -1 0
145 1 336 344 2 -1 -1 0
146 1 338 340 2 -1 -1 0
147 1 342 344 2 -1 -1 0
60 7 60 4 0 0 66 60
0 50 56 60 92 110 124 136
0 1 2 3 4 5 6 7 8 9 10 11 12 13 14 15 16 17 18 19 20 21 22 23 24 25 26 27 28 29 30 31 33 34 35 36 37 38 39 40 41 42 43 44 45 46 32 47 48 49 50 51 52 53 54 55 56 57 58 59
40 82 96 104


0 2 0 49 55 104 2 -1 2 1
1 2 0 49 55 104 2 -1 1 1
2 1 0 40 1 -1 2 1
3 2 0 49 55 104 2 -1 2 1
4 1 0 134 10 -1 -1 1
5 1 0 0 1 -1 -1 0
6 1 2 2 1 -1 -1 0
7 1 4 4 1 -1 -1 0
8 1 6 6 1 -1 -1 0
9 1 8 8 1 -1 -1 0
10 1 10 10 1 -1 -1 0
11 1 12 12 1 -1 -1 0
12 1 14 14 1 -1 -1 0
13 1 16 16 1 -1 -1 0
14 1 18 18 1 -1 -1 0
15 1 20 20 1 -1 -1 0
16 1 22 22 1 -1 -1 0
17 1 24 24 1 -1 -1 0
18 1 26 26 1 -1 -1 0
19 1 28 28 1 -1 -1 0
20 1 30 30 1 -1 -1 0
21 1 32 32 1 -1 -1 0
22 1 34 34 1 -1 -1 0
23 1 36 38 2 -1 -1 0
24 1 38 40 2 -1 1 0
25 2 40 49 55 92 4 -1 0 0
26 1 42 44 2 -1 -1 0
27 2 44 49 55 56 3 -1 -1 0
28 1 46 48 2 -1 -1 0
29 1 50 52 2 -1 -1 0
30 1 56 58 2 -1 -1 0
31 1 60 82 2 -1 5 0
32 1 92 104 2 -1 5 0
33 1 62 62 1 -1 -1 0
34 1 64 64 1 -1 -1 0
35 1 66 66 1 -1 -1 0
36 1 68 68 1 -1 -1 0
37 1 70 70 1 -1 -1 0
38 1 72 72 1 -1 -1 0
39 1 74 74 1 -1 -1 0
40 1 76 76 1 -1 -1 0
41 1 78 80 2 -1 -1 0
42 1 80 82 2 -1 4 0
43 2 82 94 109 110 4 -1 0 0
44 1 84 86 2 -1 -1 0
45 1 86 88 2 -1 -1 0
46 1 88 90 2 -1 -1 0
47 1 94 96 2 -1 1 0
48 1 96 96 1 -1 0 0
49 1 98 98 1 -1 -1 0
50 1 100 102 2 -1 -1 0
51 1 102 104 2 -1 8 0
52 1 104 106 2 -1 0 0
53 1 110 112 2 -1 -1 0
54 1 112 120 2 -1 -1 0
55 1 114 116 2 -1 -1 0
56 1 118 120 2 -1 -1 0
57 1 124 132 2 -1 -1 0
58 1 126 128 2 -1 -1 0
59 1 130 132 2 -1 -1 0
140 24 118 7 0 0 133 118
0 50 104 116 120 124 128 130 134 138 158 166 184 188 206 210 228 246 250 254 258 278 288 300 312
0 1 2 3 4 5 6 7 8 9 10 11 12 13 14 15 16 17 18 19 20 21 22 23 24 25 26 27 28 29 30 31 32 33 34 35 36 37 38 39 40 41 42 43 44 45 46 47 48 49 50 51 52 53 54 55 56 58 60 63 69 71 73 75 76 77 78 79 80 81 82 83 84 85 87 88 89 90 91 92 93 95 96 97 98 99 100 101 139 104 105 106 107 108 109 110 111 112 113 114 115 116 117 118 119 120 121 122 123 124 125 126 128 129 130 131 132 133
40 94 148 166 188 210 228


0 1 0 148 1 -1 2 1
1 4 0 166 183 188 205 210 227 228 5 -1 1 1
2 3 0 165 183 187 205 206 5 -1 -1 1
3 1 0 40 1 -1 2 1
4 1 0 310 8 -1 -1 1
5 1 0 0 1 -1 -1 0
6 1 2 2 1 -1 -1 0
7 1 4 4 1 -1 -1 0
8 1 6 6 1 -1 -1 0
9 1 8 8 1 -1 -1 0
10 1 10 10 1 -1 -1 0
11 1 12 12 1 -1 -1 0
12 1 14 14 1 -1 -1 0
13 1 16 16 1 -1 -1 0
14 1 18 18 1 -1 -1 0
15 1 20 20 1 -1 -1 0
16 1 22 22 1 -1 -1 0
17 1 24 24 1 -1 -1 0
18 1 26 26 1 -1 -1 0
19 1 28 28 1 -1 -1 0
20 1 30 30 1 -1 -1 0
21 1 32 32 1 -1 -1 0
22 1 34 34 1 -1 -1 0
23 1 36 38 2 -1 -1 0
24 1 38 40 2 -1 1 0
25 1 40 52 4 -1 0 0
26 1 42 44 2 -1 -1 0
27 1 44 46 2 -1 -1 0
28 1 46 48 2 -1 -1 0
29 1 50 148 2 -1 5 0
30 1 52 94 2 -1 2 0
31 1 54 54 1 -1 -1 0
32 1 56 56 1 -1 -1 0
33 1 58 58 1 -1 -1 0
34 1 60 60 1 -1 -1 0
35 1 62 62 1 -1 -1 0
36 1 64 64 1 -1 -1 0
37 1 66 66 1 -1 -1 0
38 1 68 68 1 -1 -1 0
39 1 70 70 1 -1 -1 0
40 1 72 72 1 -1 -1 0
41 1 74 74 1 -1 -1 0
42 1 76 76 1 -1 -1 0
43 1 78 78 1 -1 -1 0
44 1 80 80 1 -1 -1 0
45 1 82 82 1 -1 -1 0
46 1 84 84 1 -1 -1 0
47 1 86 86 1 -1 -1 0
48 1 88 88 1 -1 -1 0
49 1 90 92 2 -1 -1 0
50 1 92 94 2 -1 1 0
51 1 94 96 2 -1 0 0
52 1 96 98 2 -1 -1 0
53 1 98 100 2 -1 -1 0
54 1 100 102 2 -1 -1 0
55 1 104 280 3 -1 -1 0
56 1 106 282 5 -1 -1 0
58 1 108 110 2 -1 -1 0
60 1 112 114 2 -1 -1 0
63 1 116 118 2 -1 -1 0
69 1 120 122 2 -1 -1 0
71 2 124 127 130 130 2 73 -1 0
73 2 130 133 138 138 2 71 -1 0
75 1 134 138 2 76 -1 0
76 1 138 140 2 73 -1 0
77 1 142 142 1 -1 -1 0
78 1 144 146 2 -1 -1 0
79 1 146 148 2 -1 4 0
80 2 148 158 257 258 4 -1 0 0
81 1 150 152 2 -1 -1 0
82 1 152 154 2 -1 -1 0
83 1 154 156 2 -1 -1 0
84 1 158 160 2 -1 -1 0
85 4 160 166 183 188 205 210 227 228 5 -1 1 0
87 1 162 164 2 -1 -1 0
88 1 166 180 2 -1 0 0
89 1 168 168 1 -1 -1 0
90 1 170 172 2 -1 -1 0
91 2 172 183 254 254 4 118 -1 0
92 1 174 176 2 -1 -1 0
93 1 178 180 2 -1 -1 0
95 1 184 186 2 -1 -1 0
96 1 188 202 2 -1 0 0
97 1 190 190 1 -1 -1 0
98 1 192 194 2 -1 -1 0
99 2 194 205 250 250 4 117 -1 0
100 1 196 198 2 -1 -1 0
101 1 200 202 2 -1 -1 0
104 1 210 224 2 -1 0 0
105 1 212 212 1 -1 -1 0
106 1 214 216 2 -1 -1 0
107 2 216 227 246 246 4 116 -1 0
108 1 218 220 2 -1 -1 0
109 1 222 224 2 -1 -1 0
110 1 228 242 2 -1 0 0
111 1 230 230 1 -1 -1 0
112 1 232 234 2 -1 -1 0
113 1 234 246 4 116 -1 0
114 1 236 238 2 -1 -1 0
115 1 240 242 2 -1 -1 0
116 1 246 250 2 107 -1 0
117 1 250 254 2 99 -1 0
118 2 254 257 278 278 2 91 -1 0
119 1 258 260 2 -1 -1 0
120 1 260 274 2 -1 -1 0
121 1 262 262 1 -1 -1 0
122 1 264 266 2 -1 -1 0
123 1 266 278 4 126 -1 0
124 1 268 270 2 -1 -1 0
125 1 272 274 2 -1 -1 0
126 1 278 284 2 123 -1 0
128 1 288 296 2 -1 -1 0
129 1 290 292 2 -1 -1 0
130 1 294 296 2 -1 -1 0
131 1 300 308 2 -1 -1 0
132 1 302 304 2 -1 -1 0
133 1 306 308 2 -1 -1 0
139 1 206 208 2 -1 -1 0
110 15 93 3 0 0 108 93
0 80 94 104 116 124 136 144 156 164 176 186 198 206 218 264
0 1 2 3 5 6 7 8 14 15 16 17 18 19 20 21 22 23 24 25 26 27 28 29 30 31 32 33 34 35 36 37 38 39 40 41 42 43 44 45 46 47 48 49 50 51 52 53 54 55 56 57 58 59 60 61 62 63 64 65 66 67 68 69 70 103 104 73 74 75 76 108 78 79 80 81 82 83 84 86 87 88 109 90 91 92 93 94 107 97 98 99 100
6 70 222


0 1 0 70 1 -1 2 1
1 1 0 70 1 -1 1 1
2 7 0 79 93 103 115 123 135 143 155 163 175 185 197 202 2 -1 -1 1
3 1 0 262 27 -1 -1 1
5 1 0 0 1 -1 -1 0
6 1 2 4 2 -1 -1 0
7 1 4 6 2 -1 1 0
8 1 6 28 2 -1 0 0
14 1 8 8 1 -1 -1 0
15 1 10 10 1 -1 -1 0
16 1 12 12 1 -1 -1 0
17 1 14 14 1 -1 -1 0
18 1 16 16 1 -1 -1 0
19 1 18 20 2 -1 -1 0
20 1 20 70 10 -1 5 0
21 1 22 24 2 -1 -1 0
22 1 26 28 2 -1 -1 0
23 1 30 32 2 -1 -1 0
24 1 34 36 2 -1 -1 0
25 1 38 40 2 -1 -1 0
26 1 42 44 2 -1 -1 0
27 1 46 48 2 -1 -1 0
28 1 50 52 2 -1 -1 0
29 1 54 54 1 -1 -1 0
30 1 56 56 1 -1 -1 0
31 1 58 58 1 -1 -1 0
32 1 60 60 1 -1 -1 0
33 1 62 62 1 -1 -1 0
34 1 64 64 1 -1 -1 0
35 1 66 68 2 -1 -1 0
36 1 68 70 2 -1 4 0
37 2 70 80 93 94 4 -1 0 0
38 1 72 74 2 -1 -1 0
39 1 74 76 2 -1 -1 0
40 1 76 78 2 -1 -1 0
41 1 80 82 2 -1 -1 0
42 1 82 90 2 -1 -1 0
43 1 84 86 2 -1 -1 0
44 1 88 90 2 -1 -1 0
45 7 94 103 115 123 135 143 155 163 175 185 197 205 217 230 10 -1 -1 0
46 1 96 98 2 -1 -1 0
47 1 98 100 2 -1 -1 0
48 1 100 102 2 -1 -1 0
49 1 104 112 2 -1 -1 0
50 1 106 108 2 -1 -1 0
51 1 110 112 2 -1 -1 0
52 1 116 118 2 -1 -1 0
53 1 118 120 2 -1 -1 0
54 1 120 122 2 -1 -1 0
55 1 124 132 2 -1 -1 0
56 1 126 128 2 -1 -1 0
57 1 130 132 2 -1 -1 0
58 1 136 138 2 -1 -1 0
59 1 138 140 2 -1 -1 0
60 1 140 142 2 -1 -1 0
61 1 144 152 2 -1 -1 0
62 1 146 148 2 -1 -1 0
63 1 150 152 2 -1 -1 0
64 1 156 158 2 -1 -1 0
65 1 158 160 2 -1 -1 0
66 1 160 162 2 -1 -1 0
67 1 164 172 2 -1 -1 0
68 1 166 168 2 -1 -1 0
69 1 170 172 2 -1 -1 0
70 3 176 185 197 205 217 224 3 -1 -1 0
73 1 182 184 2 -1 -1 0
74 1 186 194 2 -1 -1 0
75 1 188 190 2 -1 -1 0
76 1 192 194 2 -1 -1 0
78 1 200 202 2 -1 -1 0
79 1 202 204 2 -1 -1 0
80 1 206 214 2 -1 -1 0
81 1 208 210 2 -1 -1 0
82 1 212 214 2 -1 -1 0
83 1 218 220 2 -1 -1 0
84 1 220 244 2 -1 -1 0
86 1 222 248 3 -1 0 0
87 1 226 228 2 -1 -1 0
88 1 228 252 2 -1 -1 0
90 1 232 256 2 -1 -1 0
91 1 234 234 1 -1 -1 0
92 1 236 236 1 -1 -1 0
93 1 238 238 1 -1 -1 0
94 1 240 240 1 -1 -1 0
97 1 246 248 2 -1 -1 0
98 1 250 252 2 -1 -1 0
99 1 254 256 2 -1 -1 0
100 1 258 260 2 -1 -1 0
103 1 178 180 2 -1 -1 0
104 1 180 182 2 -1 -1 0
107 1 242 244 2 -1 -1 0
108 1 198 200 2 -1 -1 0
109 1 230 232 2 -1 -1 0
52 3 50 4 0 0 51 50
0 28 90 104
0 1 2 3 4 5 6 7 8 9 10 11 12 13 14 15 16 17 18 19 20 21 22 23 24 26 27 28 29 30 32 33 34 35 36 37 38 39 40 41 42 43 44 45 46 47 48 49 50 51
8 18 30 84


0 1 0 84 3 -1 2 1
1 1 0 84 2 -1 1 1
2 1 0 84 1 -1 5 1
3 1 0 30 2 -1 2 1
4 1 0 84 1 -1 -1 1
5 1 0 102 5 -1 -1 1
6 1 0 0 1 -1 -1 0
7 1 2 2 1 -1 -1 0
8 1 4 6 2 -1 -1 0
9 1 6 8 2 -1 1 0
10 1 8 18 2 -1 5 0
11 1 10 10 1 -1 -1 0
12 1 12 12 1 -1 -1 0
13 1 14 16 2 -1 -1 0
14 1 16 18 2 -1 4 0
15 2 18 28 89 90 4 -1 0 0
16 1 20 22 2 -1 -1 0
17 1 22 24 2 -1 -1 0
18 1 24 26 2 -1 -1 0
19 1 28 84 2 -1 4 0
20 1 30 30 1 -1 0 0
21 1 32 32 1 -1 -1 0
22 1 34 36 2 -1 -1 0
23 1 36 84 3 -1 8 0
24 1 38 40 2 -1 -1 0
26 1 42 42 1 -1 -1 0
27 1 44 44 1 -1 -1 0
28 1 46 48 2 -1 -1 0
29 1 48 84 3 -1 -1 0
30 1 50 52 2 -1 -1 0
32 1 54 54 1 -1 -1 0
33 1 56 56 1 -1 -1 0
34 1 58 58 1 -1 -1 0
35 1 60 60 1 -1 -1 0
36 1 62 62 1 -1 -1 0
37 1 64 64 1 -1 -1 0
38 1 66 66 1 -1 -1 0
39 1 68 68 1 -1 -1 0
40 1 70 70 1 -1 -1 0
41 1 72 72 1 -1 -1 0
42 1 74 74 1 -1 -1 0
43 1 76 76 1 -1 -1 0
44 1 78 78 1 -1 -1 0
45 1 80 82 2 -1 -1 0
46 1 82 84 2 -1 -1 0
47 1 84 86 2 -1 0 0
48 1 90 92 2 -1 -1 0
49 1 92 100 2 -1 -1 0
50 1 94 96 2 -1 -1 0
51 1 98 100 2 -1 -1 0
189 17 180 10 0 0 191 180
0 50 90 94 120 130 160 192 206 210 260 300 312 364 408 420 434 446
0 1 2 3 4 5 6 7 8 9 10 11 12 13 14 15 16 17 18 19 20 21 22 23 24 25 26 27 29 30 31 32 33 34 35 36 37 38 39 40 41 42 43 44 45 48 49 50 51 52 53 54 55 56 57 58 59 60 61 62 63 64 65 66 67 68 69 70 71 72 73 74 75 76 77 79 80 81 186 82 83 84 85 86 87 88 89 90 91 92 93 94 95 96 97 98 99 100 101 102 103 104 105 106 107 108 109 110 111 112 113 114 115 117 118 119 120 121 122 123 124 125 126 127 128 129 130 131 132 133 134 135 136 137 138 139 140 141 142 143 144 145 146 147 148 149 150 151 152 153 154 155 156 157 158 160 161 162 163 164 165 166 167 168 169 170 171 172 173 174 175 176 177 178 179 180 181 182 183 184
40 56 110 150 170 172 250 266 354 370


0 2 0 49 89 150 2 -1 2 1
1 2 0 49 89 170 3 -1 1 1
2 1 0 40 1 -1 2 1
3 1 0 444 35 -1 -1 1
4 1 0 0 1 -1 -1 0
5 1 2 2 1 -1 -1 0
6 1 4 4 1 -1 -1 0
7 1 6 6 1 -1 -1 0
8 1 8 8 1 -1 -1 0
9 1 10 10 1 -1 -1 0
10 1 12 12 1 -1 -1 0
11 1 14 14 1 -1 -1 0
12 1 16 16 1 -1 -1 0
13 1 18 18 1 -1 -1 0
14 1 20 20 1 -1 -1 0
15 1 22 22 1 -1 -1 0
16 1 24 24 1 -1 -1 0
17 1 26 26 1 -1 -1 0
18 1 28 28 1 -1 -1 0
19 1 30 30 1 -1 -1 0
20 1 32 32 1 -1 -1 0
21 1 34 34 1 -1 -1 0
22 1 36 38 2 -1 -1 0
23 1 38 40 2 -1 1 0
24 2 40 49 89 96 4 -1 0 0
25 1 42 44 2 -1 -1 0
26 2 44 49 89 90 3 -1 -1 0
27 1 46 48 2 -1 -1 0
29 1 50 50 1 -1 -1 0
30 1 52 54 2 -1 -1 0
31 1 54 56 2 -1 1 0
32 1 56 82 2 -1 0 0
33 1 58 58 1 -1 -1 0
34 1 60 60 1 -1 -1 0
35 1 62 62 1 -1 -1 0
36 1 64 66 2 -1 -1 0
37 1 66 86 3 -1 -1 0
38 1 68 70 2 -1 -1 0
39 1 72 74 2 -1 -1 0
40 1 76 78 2 -1 -1 0
41 1 80 82 2 -1 -1 0
42 1 84 86 2 -1 -1 0
43 1 90 92 2 -1 -1 0
44 1 94 110 2 -1 5 0
45 3 96 150 205 250 311 354 4 -1 5 0
48 1 98 98 1 -1 -1 0
49 1 100 100 1 -1 -1 0
50 1 102 102 1 -1 -1 0
51 1 104 104 1 -1 -1 0
52 1 106 108 2 -1 -1 0
53 1 108 110 2 -1 4 0
54 2 110 120 419 420 4 -1 0 0
55 1 112 114 2 -1 -1 0
56 1 114 116 2 -1 -1 0
57 1 116 118 2 -1 -1 0
58 3 120 130 205 209 311 312 4 -1 -1 0
59 1 122 124 2 -1 -1 0
60 2 124 129 205 206 3 -1 -1 0
61 1 126 128 2 -1 -1 0
62 1 130 170 2 -1 1 0
63 1 132 132 1 -1 -1 0
64 1 134 134 1 -1 -1 0
65 1 136 136 1 -1 -1 0
66 1 138 138 1 -1 -1 0
67 1 140 140 1 -1 -1 0
68 1 142 142 1 -1 -1 0
69 1 144 144 1 -1 -1 0
70 1 146 148 2 -1 -1 0
71 1 148 150 2 -1 4 0
72 2 150 162 191 192 5 -1 0 0
73 1 152 154 2 -1 -1 0
74 1 154 156 2 -1 -1 0
75 1 156 158 2 -1 -1 0
76 1 160 172 2 -1 1 0
77 1 162 188 2 -1 -1 0
79 1 164 164 1 -1 -1 0
80 1 166 168 2 -1 -1 0
81 1 168 172 2 -1 5 0
82 1 172 184 2 -1 0 0
83 1 174 176 2 -1 -1 0
84 1 178 180 2 -1 -1 0
85 1 182 184 2 -1 -1 0
86 1 186 188 2 -1 -1 0
87 1 192 194 2 -1 -1 0
88 1 194 202 2 -1 -1 0
89 1 196 198 2 -1 -1 0
90 1 200 202 2 -1 -1 0
91 1 206 208 2 -1 -1 0
92 1 210 210 1 -1 -1 0
93 1 212 212 1 -1 -1 0
94 1 214 214 1 -1 -1 0
95 1 216 216 1 -1 -1 0
96 1 218 218 1 -1 -1 0
97 1 220 220 1 -1 -1 0
98 1 222 222 1 -1 -1 0
99 1 224 224 1 -1 -1 0
100 1 226 226 1 -1 -1 0
101 1 228 228 1 -1 -1 0
102 1 230 230 1 -1 -1 0
103 1 232 232 1 -1 -1 0
104 1 234 234 1 -1 -1 0
105 1 236 236 1 -1 -1 0
106 1 238 238 1 -1 -1 0
107 1 240 240 1 -1 -1 0
108 1 242 242 1 -1 -1 0
109 1 244 244 1 -1 -1 0
110 1 246 248 2 -1 -1 0
111 1 248 250 2 -1 1 0
112 1 250 252 2 -1 0 0
113 1 252 254 2 -1 -1 0
114 1 254 256 2 -1 -1 0
115 1 256 258 2 -1 -1 0
117 1 260 260 1 -1 -1 0
118 1 262 264 2 -1 -1 0
119 1 264 266 2 -1 1 0
120 1 266 292 2 -1 0 0
121 1 268 268 1 -1 -1 0
122 1 270 270 1 -1 -1 0
123 1 272 272 1 -1 -1 0
124 1 274 276 2 -1 -1 0
125 1 276 296 3 -1 -1 0
126 1 278 280 2 -1 -1 0
127 1 282 284 2 -1 -1 0
128 1 286 288 2 -1 -1 0
129 1 290 292 2 -1 -1 0
130 1 294 296 2 -1 -1 0
131 1 300 308 2 -1 -1 0
132 1 302 304 2 -1 -1 0
133 1 306 308 2 -1 -1 0
134 1 312 388 2 -1 -1 0
135 1 314 314 1 -1 -1 0
136 1 316 316 1 -1 -1 0
137 1 318 318 1 -1 -1 0
138 1 320 320 1 -1 -1 0
139 1 322 322 1 -1 -1 0
140 1 324 324 1 -1 -1 0
141 1 326 326 1 -1 -1 0
142 1 328 328 1 -1 -1 0
143 1 330 330 1 -1 -1 0
144 1 332 332 1 -1 -1 0
145 1 334 334 1 -1 -1 0
146 1 336 336 1 -1 -1 0
147 1 338 338 1 -1 -1 0
148 1 340 340 1 -1 -1 0
149 1 342 342 1 -1 -1 0
150 1 344 344 1 -1 -1 0
151 1 346 346 1 -1 -1 0
152 1 348 348 1 -1 -1 0
153 1 350 352 2 -1 -1 0
154 1 352 354 2 -1 1 0
155 1 354 356 2 -1 0 0
156 1 356 358 2 -1 -1 0
157 1 358 360 2 -1 -1 0
158 1 360 362 2 -1 -1 0
160 1 364 364 1 -1 -1 0
161 1 366 368 2 -1 -1 0
162 1 368 370 2 -1 1 0
163 1 370 400 2 -1 0 0
164 1 372 372 1 -1 -1 0
165 1 374 374 1 -1 -1 0
166 1 376 376 1 -1 -1 0
167 1 378 380 2 -1 -1 0
168 1 380 404 4 -1 -1 0
169 1 382 384 2 -1 -1 0
170 1 386 388 2 -1 -1 0
171 1 390 392 2 -1 -1 0
172 1 394 396 2 -1 -1 0
173 1 398 400 2 -1 -1 0
174 1 402 404 2 -1 -1 0
175 1 408 416 2 -1 -1 0
176 1 410 412 2 -1 -1 0
177 1 414 416 2 -1 -1 0
178 1 420 422 2 -1 -1 0
179 1 422 430 2 -1 -1 0
180 1 424 426 2 -1 -1 0
181 1 428 430 2 -1 -1 0
182 1 434 442 2 -1 -1 0
183 1 436 438 2 -1 -1 0
184 1 440 442 2 -1 -1 0
186 1 170 172 2 -1 2 0
422 45 385 29 0 0 488 385
0 50 68 118 172 192 220 234 254 282 296 308 344 374 398 400 412 434 458 486 500 514 524 526 538 558 586 600 610 630 676 690 700 720 766 780 790 810 856 870 874 892 904 916 928 940
0 1 2 3 4 5 6 7 8 9 10 11 12 13 14 15 16 17 18 19 20 21 22 23 24 25 26 27 28 29 30 31 32 33 34 35 36 37 38 39 40 41 42 43 44 45 46 47 48 49 50 51 52 53 54 55 56 57 58 59 60 61 62 63 64 65 66 67 68 69 70 71 72 73 74 75 76 77 78 79 80 81 82 83 84 85 86 87 88 89 90 91 92 93 94 95 96 97 98 99 100 101 102 103 104 105 106 107 108 109 110 111 112 113 114 115 116 117 118 119 120 121 122 123 124 125 126 127 128 129 130 131 132 133 134 135 136 137 138 139 140 141 142 143 144 145 146 147 148 149 150 151 152 153 154 155 156 157 158 159 160 161 162 163 164 165 166 167 168 169 170 171 172 173 174 175 176 177 178 387 388 389 390 391 392 181 182 183 184 185 186 187 188 189 190 191 192 193 194 195 196 197 198 199 200 201 202 203 204 205 206 208 209 210 211 212 213 214 215 216 217 218 219 220 221 222 223 224 225 226 398 399 230 231 232 233 234 235 236 237 400 238 239 240 241 242 244 245 246 247 248 249 250 251 252 253 254 255 256 257 258 406 407 262 263 264 265 266 267 268 269 270 271 272 273 274 275 276 277 278 279 280 281 282 283 284 285 286 287 288 289 290 291 292 293 294 413 414 298 299 300 301 302 303 304 305 306 307 308 309 310 311 312 313 314 315 316 317 318 319 320 321 322 323 324 325 326 327 328 329 330 420 421 334 335 336 337 338 339 340 341 342 343 344 345 346 347 348 349 350 351 352 353 354 355 356 357 358 359 360 361 362 363 364 365 366 367 368 369 370 371 372 373 374 375 376 377 378 379 380 381 382 383 384 385
40 62 64 108 162 182 214 244 276 316 334 364 424 448 480 548 580 620 648 670 710 738 760 800 828 850 870 876 880


0 10 0 182 233 276 307 399 411 480 513 525 537 580 599 670 689 760 779 850 869 876 15 -1 2 1
1 9 0 214 233 276 307 399 411 480 513 525 537 580 599 670 689 760 779 850 9 -1 1 1
2 1 0 40 1 -1 2 1
3 9 0 214 233 276 307 399 411 448 513 525 537 580 599 670 689 760 779 850 7 -1 1 1
4 8 0 214 233 276 307 399 411 480 513 523 599 670 689 760 779 850 6 -1 5 1
5 9 0 171 233 276 307 399 411 480 513 525 537 580 599 670 689 760 779 850 9 -1 3 1
6 8 0 214 233 276 307 398 513 525 537 580 599 670 689 760 779 850 7 -1 4 1
7 8 0 171 233 276 307 399 411 480 513 524 599 670 689 760 779 850 6 -1 -1 1
8 9 0 214 233 276 307 399 411 480 513 525 537 580 599 670 689 760 779 850 7 -1 8 1
9 1 0 938 62 -1 -1 1
10 1 0 0 1 -1 -1 0
11 1 2 2 1 -1 -1 0
12 1 4 4 1 -1 -1 0
13 1 6 6 1 -1 -1 0
14 1 8 8 1 -1 -1 0
15 1 10 10 1 -1 -1 0
16 1 12 12 1 -1 -1 0
17 1 14 14 1 -1 -1 0
18 1 16 16 1 -1 -1 0
19 1 18 18 1 -1 -1 0
20 1 20 20 1 -1 -1 0
21 1 22 22 1 -1 -1 0
22 1 24 24 1 -1 -1 0
23 1 26 26 1 -1 -1 0
24 1 28 28 1 -1 -1 0
25 1 30 30 1 -1 -1 0
26 1 32 32 1 -1 -1 0
27 1 34 34 1 -1 -1 0
28 1 36 38 2 -1 -1 0
29 1 38 40 2 -1 1 0
30 1 40 52 4 -1 0 0
31 1 42 44 2 -1 -1 0
32 1 44 46 2 -1 -1 0
33 1 46 48 2 -1 -1 0
34 2 50 67 307 316 3 -1 2 0
35 8 52 108 307 399 411 480 513 525 537 580 599 670 689 760 779 850 7 -1 2 0
36 1 54 54 1 -1 -1 0
37 1 56 56 1 -1 -1 0
38 1 58 60 2 -1 -1 0
39 1 60 62 2 -1 1 0
40 1 62 64 2 -1 2 0
41 1 64 66 2 -1 0 0
42 1 68 68 1 -1 -1 0
43 1 70 70 1 -1 -1 0
44 1 72 72 1 -1 -1 0
45 1 74 74 1 -1 -1 0
46 1 76 76 1 -1 -1 0
47 1 78 78 1 -1 -1 0
48 1 80 80 1 -1 -1 0
49 1 82 82 1 -1 -1 0
50 1 84 84 1 -1 -1 0
51 1 86 86 1 -1 -1 0
52 1 88 88 1 -1 -1 0
53 1 90 90 1 -1 -1 0
54 1 92 92 1 -1 -1 0
55 1 94 94 1 -1 -1 0
56 1 96 96 1 -1 -1 0
57 1 98 98 1 -1 -1 0
58 1 100 100 1 -1 -1 0
59 1 102 102 1 -1 -1 0
60 1 104 106 2 -1 -1 0
61 1 106 108 2 -1 1 0
62 1 108 120 4 -1 0 0
63 1 110 112 2 -1 -1 0
64 1 112 114 2 -1 -1 0
65 1 114 116 2 -1 -1 0
66 2 118 182 233 244 3 -1 5 0
67 2 120 171 233 276 3 -1 2 0
68 1 122 122 1 -1 -1 0
69 1 124 124 1 -1 -1 0
70 1 126 126 1 -1 -1 0
71 1 128 128 1 -1 -1 0
72 1 130 130 1 -1 -1 0
73 1 132 132 1 -1 -1 0
74 1 134 134 1 -1 -1 0
75 1 136 136 1 -1 -1 0
76 1 138 138 1 -1 -1 0
77 1 140 140 1 -1 -1 0
78 1 142 142 1 -1 -1 0
79 1 144 144 1 -1 -1 0
80 1 146 146 1 -1 -1 0
81 1 148 148 1 -1 -1 0
82 1 150 150 1 -1 -1 0
83 1 152 152 1 -1 -1 0
84 1 154 154 1 -1 -1 0
85 1 156 156 1 -1 -1 0
86 1 158 160 2 -1 -1 0
87 1 160 162 2 -1 1 0
88 1 162 164 2 -1 0 0
89 1 164 166 2 -1 -1 0
90 1 166 168 2 -1 -1 0
91 1 168 170 2 -1 -1 0
92 1 172 172 1 -1 -1 0
93 1 174 174 1 -1 -1 0
94 1 176 176 1 -1 -1 0
95 1 178 180 2 -1 -1 0
96 1 180 182 2 -1 4 0
97 2 182 192 219 220 4 -1 0 0
98 1 184 186 2 -1 -1 0
99 1 186 188 2 -1 -1 0
100 1 188 190 2 -1 -1 0
101 1 192 214 2 -1 3 0
102 1 194 194 1 -1 -1 0
103 1 196 196 1 -1 -1 0
104 1 198 198 1 -1 -1 0
105 1 200 200 1 -1 -1 0
106 1 202 202 1 -1 -1 0
107 1 204 204 1 -1 -1 0
108 1 206 206 1 -1 -1 0
109 1 208 208 1 -1 -1 0
110 1 210 212 2 -1 -1 0
111 1 212 214 2 -1 -1 0
112 1 214 216 2 -1 0 0
113 1 220 222 2 -1 -1 0
114 1 222 230 2 -1 -1 0
115 1 224 226 2 -1 -1 0
116 1 228 230 2 -1 -1 0
117 1 234 234 1 -1 -1 0
118 1 236 236 1 -1 -1 0
119 1 238 238 1 -1 -1 0
120 1 240 242 2 -1 -1 0
121 1 242 244 2 -1 4 0
122 2 244 254 281 282 4 -1 0 0
123 1 246 248 2 -1 -1 0
124 1 248 250 2 -1 -1 0
125 1 250 252 2 -1 -1 0
126 1 254 276 2 -1 -1 0
127 1 256 256 1 -1 -1 0
128 1 258 258 1 -1 -1 0
129 1 260 260 1 -1 -1 0
130 1 262 262 1 -1 -1 0
131 1 264 264 1 -1 -1 0
132 1 266 266 1 -1 -1 0
133 1 268 268 1 -1 -1 0
134 1 270 270 1 -1 -1 0
135 1 272 274 2 -1 -1 0
136 1 274 276 2 -1 -1 0
137 1 276 278 2 -1 0 0
138 1 282 284 2 -1 -1 0
139 1 284 292 2 -1 -1 0
140 1 286 288 2 -1 -1 0
141 1 290 292 2 -1 -1 0
142 1 296 304 2 -1 -1 0
143 1 298 300 2 -1 -1 0
144 1 302 304 2 -1 -1 0
145 1 308 308 1 -1 -1 0
146 1 310 310 1 -1 -1 0
147 1 312 314 2 -1 -1 0
148 1 314 316 2 -1 1 0
149 1 316 334 2 -1 2 0
150 1 318 318 1 -1 -1 0
151 1 320 320 1 -1 -1 0
152 1 322 322 1 -1 -1 0
153 1 324 324 1 -1 -1 0
154 1 326 326 1 -1 -1 0
155 1 328 328 1 -1 -1 0
156 1 330 332 2 -1 -1 0
157 1 332 334 2 -1 1 0
158 1 334 346 4 -1 0 0
159 1 336 338 2 -1 -1 0
160 1 338 340 2 -1 -1 0
161 1 340 342 2 -1 -1 0
162 1 344 364 2 -1 2 0
163 7 346 399 411 424 513 525 537 548 599 620 689 710 779 800 6 -1 1 0
164 1 348 348 1 -1 -1 0
165 1 350 350 1 -1 -1 0
166 1 352 352 1 -1 -1 0
167 1 354 354 1 -1 -1 0
168 1 356 356 1 -1 -1 0
169 1 358 358 1 -1 -1 0
170 1 360 362 2 -1 -1 0
171 1 362 364 2 -1 1 0
172 1 364 374 3 -1 0 0
173 1 366 368 2 -1 -1 0
174 1 368 370 2 -1 -1 0
175 1 370 372 2 -1 -1 0
176 1 374 376 2 -1 -1 0
177 6 376 397 513 523 599 609 689 699 779 789 869 876 4 -1 1 0
178 5 378 397 513 523 599 609 689 699 779 786 6 -1 -1 0
181 1 394 396 2 -1 -1 0
182 1 400 408 2 -1 -1 0
183 1 402 404 2 -1 -1 0
184 1 406 408 2 -1 -1 0
185 1 412 412 1 -1 -1 0
186 1 414 414 1 -1 -1 0
187 1 416 416 1 -1 -1 0
188 1 418 418 1 -1 -1 0
189 1 420 422 2 -1 -1 0
190 1 422 424 2 -1 5 0
191 2 424 434 499 500 4 -1 0 0
192 1 426 428 2 -1 -1 0
193 1 428 430 2 -1 -1 0
194 1 430 432 2 -1 -1 0
195 1 434 448 2 -1 1 0
196 1 436 436 1 -1 -1 0
197 1 438 438 1 -1 -1 0
198 1 440 440 1 -1 -1 0
199 1 442 442 1 -1 -1 0
200 1 444 446 2 -1 -1 0
201 1 446 448 2 -1 5 0
202 2 448 458 485 486 4 -1 0 0
203 1 450 452 2 -1 -1 0
204 1 452 454 2 -1 -1 0
205 1 454 456 2 -1 -1 0
206 1 458 480 2 -1 4 0
208 1 460 460 1 -1 -1 0
209 1 462 462 1 -1 -1 0
210 1 464 464 1 -1 -1 0
211 1 466 466 1 -1 -1 0
212 1 468 468 1 -1 -1 0
213 1 470 470 1 -1 -1 0
214 1 472 472 1 -1 -1 0
215 1 474 474 1 -1 -1 0
216 1 476 478 2 -1 -1 0
217 1 478 480 2 -1 -1 0
218 1 480 482 2 -1 0 0
219 1 486 488 2 -1 -1 0
220 1 488 496 2 -1 -1 0
221 1 490 492 2 -1 -1 0
222 1 494 496 2 -1 -1 0
223 1 500 502 2 -1 -1 0
224 1 502 510 2 -1 -1 0
225 1 504 506 2 -1 -1 0
226 1 508 510 2 -1 -1 0
230 1 520 522 2 -1 -1 0
231 1 526 534 2 -1 -1 0
232 1 528 530 2 -1 -1 0
233 1 532 534 2 -1 -1 0
234 1 538 538 1 -1 -1 0
235 1 540 540 1 -1 -1 0
236 1 542 544 2 -1 -1 0
237 1 544 548 2 -1 4 0
238 2 548 558 585 586 4 -1 0 0
239 1 550 552 2 -1 -1 0
240 1 552 554 2 -1 -1 0
241 1 554 556 2 -1 -1 0
242 1 558 580 2 -1 8 0
244 1 560 560 1 -1 -1 0
245 1 562 562 1 -1 -1 0
246 1 564 564 1 -1 -1 0
247 1 566 566 1 -1 -1 0
248 1 568 568 1 -1 -1 0
249 1 570 570 1 -1 -1 0
250 1 572 572 1 -1 -1 0
251 1 574 574 1 -1 -1 0
252 1 576 578 2 -1 -1 0
253 1 578 580 2 -1 -1 0
254 1 580 582 2 -1 0 0
255 1 586 588 2 -1 -1 0
256 1 588 596 2 -1 -1 0
257 1 590 592 2 -1 -1 0
258 1 594 596 2 -1 -1 0
262 1 606 608 2 -1 -1 0
263 1 610 620 2 -1 1 0
264 1 612 612 1 -1 -1 0
265 1 614 614 1 -1 -1 0
266 1 616 618 2 -1 -1 0
267 1 618 620 2 -1 4 0
268 2 620 630 675 676 4 -1 0 0
269 1 622 624 2 -1 -1 0
270 1 624 626 2 -1 -1 0
271 1 626 628 2 -1 -1 0
272 1 630 632 2 -1 -1 0
273 1 632 646 2 -1 -1 0
274 1 634 634 1 -1 -1 0
275 1 636 638 2 -1 -1 0
276 1 638 648 4 -1 1 0
277 1 640 642 2 -1 -1 0
278 1 644 646 2 -1 -1 0
279 1 648 648 1 -1 0 0
280 1 650 650 1 -1 -1 0
281 1 652 652 1 -1 -1 0
282 1 654 654 1 -1 -1 0
283 1 656 656 1 -1 -1 0
284 1 658 658 1 -1 -1 0
285 1 660 660 1 -1 -1 0
286 1 662 662 1 -1 -1 0
287 1 664 664 1 -1 -1 0
288 1 666 668 2 -1 -1 0
289 1 668 670 2 -1 -1 0
290 1 670 672 2 -1 0 0
291 1 676 678 2 -1 -1 0
292 1 678 686 2 -1 -1 0
293 1 680 682 2 -1 -1 0
294 1 684 686 2 -1 -1 0
298 1 696 698 2 -1 -1 0
299 1 700 710 2 -1 1 0
300 1 702 702 1 -1 -1 0
301 1 704 704 1 -1 -1 0
302 1 706 708 2 -1 -1 0
303 1 708 710 2 -1 4 0
304 2 710 720 765 766 4 -1 0 0
305 1 712 714 2 -1 -1 0
306 1 714 716 2 -1 -1 0
307 1 716 718 2 -1 -1 0
308 1 720 722 2 -1 -1 0
309 1 722 736 2 -1 -1 0
310 1 724 724 1 -1 -1 0
311 1 726 728 2 -1 -1 0
312 1 728 738 4 -1 1 0
313 1 730 732 2 -1 -1 0
314 1 734 736 2 -1 -1 0
315 1 738 738 1 -1 0 0
316 1 740 740 1 -1 -1 0
317 1 742 742 1 -1 -1 0
318 1 744 744 1 -1 -1 0
319 1 746 746 1 -1 -1 0
320 1 748 748 1 -1 -1 0
321 1 750 750 1 -1 -1 0
322 1 752 752 1 -1 -1 0
323 1 754 754 1 -1 -1 0
324 1 756 758 2 -1 -1 0
325 1 758 760 2 -1 -1 0
326 1 760 762 2 -1 0 0
327 1 766 768 2 -1 -1 0
328 1 768 776 2 -1 -1 0
329 1 770 772 2 -1 -1 0
330 1 774 776 2 -1 -1 0
334 1 786 788 2 -1 -1 0
335 1 790 800 2 -1 1 0
336 1 792 792 1 -1 -1 0
337 1 794 794 1 -1 -1 0
338 1 796 798 2 -1 -1 0
339 1 798 800 2 -1 4 0
340 2 800 810 855 856 4 -1 0 0
341 1 802 804 2 -1 -1 0
342 1 804 806 2 -1 -1 0
343 1 806 808 2 -1 -1 0
344 1 810 812 2 -1 -1 0
345 1 812 826 2 -1 -1 0
346 1 814 814 1 -1 -1 0
347 1 816 818 2 -1 -1 0
348 1 818 828 4 -1 1 0
349 1 820 822 2 -1 -1 0
350 1 824 826 2 -1 -1 0
351 1 828 828 1 -1 0 0
352 1 830 830 1 -1 -1 0
353 1 832 832 1 -1 -1 0
354 1 834 834 1 -1 -1 0
355 1 836 836 1 -1 -1 0
356 1 838 838 1 -1 -1 0
357 1 840 840 1 -1 -1 0
358 1 842 842 1 -1 -1 0
359 1 844 844 1 -1 -1 0
360 1 846 848 2 -1 -1 0
361 1 848 850 2 -1 -1 0
362 1 850 852 2 -1 0 0
363 1 856 858 2 -1 -1 0
364 1 858 866 2 -1 -1 0
365 1 860 862 2 -1 -1 0
366 1 864 866 2 -1 -1 0
367 1 870 872 2 -1 0 0
368 1 874 880 2 -1 2 0
369 1 876 880 2 -1 1 0
370 1 878 880 2 -1 5 0
371 1 880 888 2 -1 0 0
372 1 882 884 2 -1 -1 0
373 1 886 888 2 -1 -1 0
374 1 892 900 2 -1 -1 0
375 1 894 896 2 -1 -1 0
376 1 898 900 2 -1 -1 0
377 1 904 912 2 -1 -1 0
378 1 906 908 2 -1 -1 0
379 1 910 912 2 -1 -1 0
380 1 916 924 2 -1 -1 0
381 1 918 920 2 -1 -1 0
382 1 922 924 2 -1 -1 0
383 1 928 936 2 -1 -1 0
384 1 930 932 2 -1 -1 0
385 1 934 936 2 -1 -1 0
387 1 380 382 2 -1 -1 0
388 5 382 397 513 523 599 609 689 699 779 780 6 -1 -1 0
389 1 386 388 2 -1 -1 0
390 5 388 397 513 523 599 609 689 699 779 782 6 -1 -1 0
391 1 390 392 2 -1 -1 0
392 1 392 394 2 -1 -1 0
398 1 516 518 2 -1 -1 0
399 1 518 520 2 -1 -1 0
400 1 546 548 2 -1 1 0
406 1 602 604 2 -1 -1 0
407 1 604 606 2 -1 -1 0
413 1 692 694 2 -1 -1 0
414 1 694 696 2 -1 -1 0
420 1 782 784 2 -1 -1 0
421 1 784 786 2 -1 -1 0
184 13 180 7 0 0 180 180
0 50 102 158 210 262 288 330 342 354 366 378 390 402
0 1 2 3 4 5 6 7 8 9 10 11 12 13 14 15 16 17 18 19 20 21 22 23 24 25 26 27 28 29 30 32 33 34 35 36 37 38 39 40 41 42 43 44 45 46 47 48 49 50 51 52 53 54 55 31 56 57 58 59 60 61 62 63 64 65 66 67 68 69 70 71 72 73 74 75 76 77 78 79 80 81 83 84 85 86 87 88 89 90 91 92 93 94 95 96 97 98 99 100 101 102 103 104 105 106 107 82 108 109 110 111 112 113 114 115 116 117 118 119 120 121 122 123 124 125 126 127 128 129 130 131 132 133 134 135 178 179 180 181 182 183 138 139 140 142 143 144 145 146 147 148 149 150 151 152 153 154 155 156 157 158 159 160 161 162 163 164 165 166 167 168 169 170 171 172 173 174 175 176
40 92 148 200 252 288 324


0 1 0 324 1 -1 2 1
1 1 0 324 1 -1 1 1
2 1 0 324 1 -1 5 1
3 1 0 40 1 -1 2 1
4 1 0 324 1 -1 8 1
5 1 0 400 20 -1 -1 1
6 1 0 0 1 -1 -1 0
7 1 2 2 1 -1 -1 0
8 1 4 4 1 -1 -1 0
9 1 6 6 1 -1 -1 0
10 1 8 8 1 -1 -1 0
11 1 10 10 1 -1 -1 0
12 1 12 12 1 -1 -1 0
13 1 14 14 1 -1 -1 0
14 1 16 16 1 -1 -1 0
15 1 18 18 1 -1 -1 0
16 1 20 20 1 -1 -1 0
17 1 22 22 1 -1 -1 0
18 1 24 24 1 -1 -1 0
19 1 26 26 1 -1 -1 0
20 1 28 28 1 -1 -1 0
21 1 30 30 1 -1 -1 0
22 1 32 32 1 -1 -1 0
23 1 34 34 1 -1 -1 0
24 1 36 38 2 -1 -1 0
25 1 38 40 2 -1 1 0
26 1 40 102 4 -1 0 0
27 1 42 44 2 -1 -1 0
28 1 44 46 2 -1 -1 0
29 1 46 48 2 -1 -1 0
30 1 50 92 2 -1 2 0
31 1 102 148 2 -1 2 0
32 1 52 52 1 -1 -1 0
33 1 54 54 1 -1 -1 0
34 1 56 56 1 -1 -1 0
35 1 58 58 1 -1 -1 0
36 1 60 60 1 -1 -1 0
37 1 62 62 1 -1 -1 0
38 1 64 64 1 -1 -1 0
39 1 66 66 1 -1 -1 0
40 1 68 68 1 -1 -1 0
41 1 70 70 1 -1 -1 0
42 1 72 72 1 -1 -1 0
43 1 74 74 1 -1 -1 0
44 1 76 76 1 -1 -1 0
45 1 78 78 1 -1 -1 0
46 1 80 80 1 -1 -1 0
47 1 82 82 1 -1 -1 0
48 1 84 84 1 -1 -1 0
49 1 86 86 1 -1 -1 0
50 1 88 90 2 -1 -1 0
51 1 90 92 2 -1 1 0
52 1 92 104 3 -1 0 0
53 1 94 96 2 -1 -1 0
54 1 96 98 2 -1 -1 0
55 1 98 100 2 -1 -1 0
56 1 104 106 2 -1 -1 0
57 1 106 268 2 -1 -1 0
58 1 108 108 1 -1 -1 0
59 1 110 110 1 -1 -1 0
60 1 112 112 1 -1 -1 0
61 1 114 114 1 -1 -1 0
62 1 116 116 1 -1 -1 0
63 1 118 118 1 -1 -1 0
64 1 120 120 1 -1 -1 0
65 1 122 122 1 -1 -1 0
66 1 124 124 1 -1 -1 0
67 1 126 126 1 -1 -1 0
68 1 128 128 1 -1 -1 0
69 1 130 130 1 -1 -1 0
70 1 132 132 1 -1 -1 0
71 1 134 134 1 -1 -1 0
72 1 136 136 1 -1 -1 0
73 1 138 138 1 -1 -1 0
74 1 140 140 1 -1 -1 0
75 1 142 142 1 -1 -1 0
76 1 144 146 2 -1 -1 0
77 1 146 148 2 -1 1 0
78 1 148 210 4 -1 0 0
79 1 150 152 2 -1 -1 0
80 1 152 154 2 -1 -1 0
81 1 154 156 2 -1 -1 0
82 1 210 252 2 -1 2 0
83 1 158 200 2 -1 2 0
84 1 160 160 1 -1 -1 0
85 1 162 162 1 -1 -1 0
86 1 164 164 1 -1 -1 0
87 1 166 166 1 -1 -1 0
88 1 168 168 1 -1 -1 0
89 1 170 170 1 -1 -1 0
90 1 172 172 1 -1 -1 0
91 1 174 174 1 -1 -1 0
92 1 176 176 1 -1 -1 0
93 1 178 178 1 -1 -1 0
94 1 180 180 1 -1 -1 0
95 1 182 182 1 -1 -1 0
96 1 184 184 1 -1 -1 0
97 1 186 186 1 -1 -1 0
98 1 188 188 1 -1 -1 0
99 1 190 190 1 -1 -1 0
100 1 192 192 1 -1 -1 0
101 1 194 194 1 -1 -1 0
102 1 196 198 2 -1 -1 0
103 1 198 200 2 -1 1 0
104 1 200 202 2 -1 0 0
105 1 202 204 2 -1 -1 0
106 1 204 206 2 -1 -1 0
107 1 206 208 2 -1 -1 0
108 1 212 212 1 -1 -1 0
109 1 214 214 1 -1 -1 0
110 1 216 216 1 -1 -1 0
111 1 218 218 1 -1 -1 0
112 1 220 220 1 -1 -1 0
113 1 222 222 1 -1 -1 0
114 1 224 224 1 -1 -1 0
115 1 226 226 1 -1 -1 0
116 1 228 228 1 -1 -1 0
117 1 230 230 1 -1 -1 0
118 1 232 232 1 -1 -1 0
119 1 234 234 1 -1 -1 0
120 1 236 236 1 -1 -1 0
121 1 238 238 1 -1 -1 0
122 1 240 240 1 -1 -1 0
123 1 242 242 1 -1 -1 0
124 1 244 244 1 -1 -1 0
125 1 246 246 1 -1 -1 0
126 1 248 250 2 -1 -1 0
127 1 250 252 2 -1 1 0
128 1 252 266 4 -1 0 0
129 1 254 256 2 -1 -1 0
130 1 256 258 2 -1 -1 0
131 1 258 260 2 -1 -1 0
132 1 262 264 2 -1 -1 0
133 1 264 290 3 -1 2 0
134 1 266 288 2 -1 1 0
135 1 268 284 2 -1 -1 0
138 1 284 286 2 -1 -1 0
139 1 288 288 1 -1 0 0
140 1 290 292 2 -1 -1 0
142 1 292 324 2 -1 4 0
143 1 294 294 1 -1 -1 0
144 1 296 296 1 -1 -1 0
145 1 298 298 1 -1 -1 0
146 1 300 300 1 -1 -1 0
147 1 302 302 1 -1 -1 0
148 1 304 304 1 -1 -1 0
149 1 306 306 1 -1 -1 0
150 1 308 308 1 -1 -1 0
151 1 310 310 1 -1 -1 0
152 1 312 312 1 -1 -1 0
153 1 314 314 1 -1 -1 0
154 1 316 316 1 -1 -1 0
155 1 318 318 1 -1 -1 0
156 1 320 322 2 -1 -1 0
157 1 322 324 2 -1 3 0
158 1 324 326 2 -1 0 0
159 1 330 338 2 -1 -1 0
160 1 332 334 2 -1 -1 0
161 1 336 338 2 -1 -1 0
162 1 342 350 2 -1 -1 0
163 1 344 346 2 -1 -1 0
164 1 348 350 2 -1 -1 0
165 1 354 362 2 -1 -1 0
166 1 356 358 2 -1 -1 0
167 1 360 362 2 -1 -1 0
168 1 366 374 2 -1 -1 0
169 1 368 370 2 -1 -1 0
170 1 372 374 2 -1 -1 0
171 1 378 386 2 -1 -1 0
172 1 380 382 2 -1 -1 0
173 1 384 386 2 -1 -1 0
174 1 390 398 2 -1 -1 0
175 1 392 394 2 -1 -1 0
176 1 396 398 2 -1 -1 0
178 1 270 272 2 -1 -1 0
179 1 272 274 2 -1 -1 0
180 1 276 278 2 -1 -1 0
181 1 278 280 2 -1 -1 0
182 1 280 282 2 -1 -1 0
183 1 282 284 2 -1 -1 0
232 15 218 12 0 0 234 218
0 54 66 70 120 206 218 268 324 328 380 404 456 468 480 492
0 1 2 3 4 5 6 7 8 9 10 11 12 13 14 15 16 17 18 19 20 21 22 23 24 25 26 27 29 31 32 33 34 35 36 37 38 39 40 41 42 43 44 45 46 47 48 49 50 51 52 53 54 55 56 57 58 59 60 210 211 213 214 215 216 217 219 220 221 223 62 63 64 65 66 67 68 69 70 72 73 74 75 76 77 78 79 80 81 82 83 84 85 86 87 88 89 90 91 92 93 94 95 96 97 98 99 100 101 102 103 104 105 106 107 108 109 110 111 112 113 114 115 116 117 118 119 120 121 122 123 125 224 128 129 130 131 132 133 134 135 136 137 138 139 140 141 142 143 144 145 146 147 148 149 150 151 152 153 154 155 156 157 158 159 160 161 162 163 164 165 166 167 168 169 170 171 172 173 226 227 228 229 230 231 176 177 178 179 180 181 182 184 185 186 187 188 189 190 191 192 193 194 195 196 197 198 199 200 201 202 203 204 205 206 207 208 209
44 46 48 66 110 162 200 258 284 318 370 450


0 1 0 44 1 -1 2 1
1 4 0 53 65 134 217 284 323 418 6 -1 1 1
2 4 0 53 65 110 217 267 323 450 3 -1 2 1
3 4 0 53 65 200 217 318 323 450 3 -1 8 1
4 1 0 490 21 -1 -1 1
5 1 0 0 1 -1 -1 0
6 1 2 2 1 -1 -1 0
7 1 4 4 1 -1 -1 0
8 1 6 6 1 -1 -1 0
9 1 8 8 1 -1 -1 0
10 1 10 10 1 -1 -1 0
11 1 12 12 1 -1 -1 0
12 1 14 14 1 -1 -1 0
13 1 16 16 1 -1 -1 0
14 1 18 18 1 -1 -1 0
15 1 20 20 1 -1 -1 0
16 1 22 22 1 -1 -1 0
17 1 24 24 1 -1 -1 0
18 1 26 26 1 -1 -1 0
19 1 28 28 1 -1 -1 0
20 1 30 30 1 -1 -1 0
21 1 32 32 1 -1 -1 0
22 1 34 34 1 -1 -1 0
23 1 36 36 1 -1 -1 0
24 1 38 38 1 -1 -1 0
25 1 40 42 2 -1 -1 0
26 1 42 44 2 -1 1 0
27 3 44 53 65 162 217 284 5 -1 2 0
29 4 46 53 65 69 217 318 323 450 5 -1 2 0
31 1 48 50 2 -1 0 0
32 1 50 52 2 -1 -1 0
33 1 54 62 2 -1 -1 0
34 1 56 58 2 -1 -1 0
35 1 60 62 2 -1 -1 0
36 1 66 68 2 -1 0 0
37 1 70 70 1 -1 -1 0
38 1 72 72 1 -1 -1 0
39 1 74 74 1 -1 -1 0
40 1 76 76 1 -1 -1 0
41 1 78 78 1 -1 -1 0
42 1 80 80 1 -1 -1 0
43 1 82 82 1 -1 -1 0
44 1 84 84 1 -1 -1 0
45 1 86 86 1 -1 -1 0
46 1 88 88 1 -1 -1 0
47 1 90 90 1 -1 -1 0
48 1 92 92 1 -1 -1 0
49 1 94 94 1 -1 -1 0
50 1 96 96 1 -1 -1 0
51 1 98 98 1 -1 -1 0
52 1 100 100 1 -1 -1 0
53 1 102 102 1 -1 -1 0
54 1 104 104 1 -1 -1 0
55 1 106 108 2 -1 -1 0
56 1 108 110 2 -1 1 0
57 1 110 112 2 -1 0 0
58 1 112 114 2 -1 -1 0
59 1 114 116 2 -1 -1 0
60 1 116 118 2 -1 -1 0
62 1 144 164 2 223 -1 0
63 1 146 146 1 -1 -1 0
64 1 148 148 1 -1 -1 0
65 1 150 150 1 -1 -1 0
66 1 152 154 2 -1 -1 0
67 1 154 200 3 -1 2 0
68 1 156 158 2 -1 -1 0
69 1 160 162 2 -1 5 0
70 1 162 200 2 -1 1 0
72 1 164 200 2 -1 5 0
73 1 166 168 2 -1 -1 0
74 1 168 200 2 -1 4 0
75 1 170 170 1 -1 -1 0
76 1 172 172 1 -1 -1 0
77 1 174 174 1 -1 -1 0
78 1 176 176 1 -1 -1 0
79 1 178 178 1 -1 -1 0
80 1 180 180 1 -1 -1 0
81 1 182 182 1 -1 -1 0
82 1 184 184 1 -1 -1 0
83 1 186 186 1 -1 -1 0
84 1 188 188 1 -1 -1 0
85 1 190 190 1 -1 -1 0
86 1 192 192 1 -1 -1 0
87 1 194 194 1 -1 -1 0
88 1 196 198 2 -1 -1 0
89 1 198 200 2 -1 3 0
90 1 200 202 2 -1 0 0
91 1 206 214 2 -1 -1 0
92 1 208 210 2 -1 -1 0
93 1 212 214 2 -1 -1 0
94 1 218 218 1 -1 -1 0
95 1 220 220 1 -1 -1 0
96 1 222 222 1 -1 -1 0
97 1 224 224 1 -1 -1 0
98 1 226 226 1 -1 -1 0
99 1 228 228 1 -1 -1 0
100 1 230 230 1 -1 -1 0
101 1 232 232 1 -1 -1 0
102 1 234 234 1 -1 -1 0
103 1 236 236 1 -1 -1 0
104 1 238 238 1 -1 -1 0
105 1 240 240 1 -1 -1 0
106 1 242 242 1 -1 -1 0
107 1 244 244 1 -1 -1 0
108 1 246 246 1 -1 -1 0
109 1 248 248 1 -1 -1 0
110 1 250 250 1 -1 -1 0
111 1 252 252 1 -1 -1 0
112 1 254 256 2 -1 -1 0
113 1 256 258 2 -1 1 0
114 2 258 267 323 328 3 -1 0 0
115 1 260 262 2 -1 -1 0
116 2 262 267 323 324 3 -1 -1 0
117 1 264 266 2 -1 -1 0
118 1 268 268 1 -1 -1 0
119 1 270 270 1 -1 -1 0
120 1 272 272 1 -1 -1 0
121 1 274 276 2 -1 -1 0
122 1 276 318 3 -1 2 0
123 1 278 280 2 -1 -1 0
125 1 282 318 2 -1 5 0
128 1 286 318 2 -1 4 0
129 1 288 288 1 -1 -1 0
130 1 290 290 1 -1 -1 0
131 1 292 292 1 -1 -1 0
132 1 294 294 1 -1 -1 0
133 1 296 296 1 -1 -1 0
134 1 298 298 1 -1 -1 0
135 1 300 300 1 -1 -1 0
136 1 302 302 1 -1 -1 0
137 1 304 304 1 -1 -1 0
138 1 306 306 1 -1 -1 0
139 1 308 308 1 -1 -1 0
140 1 310 310 1 -1 -1 0
141 1 312 312 1 -1 -1 0
142 1 314 316 2 -1 -1 0
143 1 316 318 2 -1 3 0
144 1 318 320 2 -1 0 0
145 1 324 326 2 -1 -1 0
146 1 328 370 2 -1 2 0
147 1 330 330 1 -1 -1 0
148 1 332 332 1 -1 -1 0
149 1 334 334 1 -1 -1 0
150 1 336 336 1 -1 -1 0
151 1 338 338 1 -1 -1 0
152 1 340 340 1 -1 -1 0
153 1 342 342 1 -1 -1 0
154 1 344 344 1 -1 -1 0
155 1 346 346 1 -1 -1 0
156 1 348 348 1 -1 -1 0
157 1 350 350 1 -1 -1 0
158 1 352 352 1 -1 -1 0
159 1 354 354 1 -1 -1 0
160 1 356 356 1 -1 -1 0
161 1 358 358 1 -1 -1 0
162 1 360 360 1 -1 -1 0
163 1 362 362 1 -1 -1 0
164 1 364 364 1 -1 -1 0
165 1 366 368 2 -1 -1 0
166 1 368 370 2 -1 1 0
167 1 370 380 3 -1 0 0
168 1 372 374 2 -1 -1 0
169 1 374 376 2 -1 -1 0
170 1 376 378 2 -1 -1 0
171 1 380 382 2 -1 -1 0
172 1 382 384 2 -1 -1 0
173 1 384 400 2 -1 -1 0
176 1 400 402 2 -1 -1 0
177 1 404 404 1 -1 -1 0
178 1 406 406 1 -1 -1 0
179 1 408 408 1 -1 -1 0
180 1 410 412 2 -1 -1 0
181 1 412 450 3 -1 2 0
182 1 414 416 2 -1 -1 0
184 1 418 450 2 -1 5 0
185 1 420 420 1 -1 -1 0
186 1 422 422 1 -1 -1 0
187 1 424 424 1 -1 -1 0
188 1 426 426 1 -1 -1 0
189 1 428 428 1 -1 -1 0
190 1 430 430 1 -1 -1 0
191 1 432 432 1 -1 -1 0
192 1 434 434 1 -1 -1 0
193 1 436 436 1 -1 -1 0
194 1 438 438 1 -1 -1 0
195 1 440 440 1 -1 -1 0
196 1 442 442 1 -1 -1 0
197 1 444 444 1 -1 -1 0
198 1 446 448 2 -1 -1 0
199 1 448 450 2 -1 3 0
200 1 450 452 2 -1 0 0
201 1 456 464 2 -1 -1 0
202 1 458 460 2 -1 -1 0
203 1 462 464 2 -1 -1 0
204 1 468 476 2 -1 -1 0
205 1 470 472 2 -1 -1 0
206 1 474 476 2 -1 -1 0
207 1 480 488 2 -1 -1 0
208 1 482 484 2 -1 -1 0
209 1 486 488 2 -1 -1 0
210 1 120 122 2 -1 -1 0
211 1 122 130 3 -1 -1 0
213 1 124 126 2 -1 -1 0
214 1 126 128 2 -1 -1 0
215 1 130 132 2 -1 -1 0
216 1 132 136 2 -1 -1 0
217 1 134 136 2 -1 -1 0
219 1 136 138 2 -1 -1 0
220 1 138 140 2 -1 -1 0
221 1 140 142 2 -1 -1 0
223 1 142 162 3 62 1 0
224 1 284 286 2 -1 0 0
226 1 386 388 2 -1 -1 0
227 1 388 390 2 -1 -1 0
228 1 392 394 2 -1 -1 0
229 1 394 396 2 -1 -1 0
230 1 396 398 2 -1 -1 0
231 1 398 400 2 -1 -1 0
135 11 125 5 0 0 128 125
0 50 102 144 154 198 202 246 258 272 284 296
0 1 2 3 4 5 6 7 8 9 10 11 12 13 14 15 16 17 18 19 20 21 22 23 24 25 26 27 29 30 31 32 33 34 35 36 37 38 39 40 41 42 43 44 45 46 47 48 49 50 51 52 53 28 54 55 56 57 58 59 60 61 62 63 64 65 66 67 68 69 70 71 72 73 74 75 76 78 79 80 81 82 83 84 85 86 87 88 89 90 127 133 129 93 95 97 98 99 100 101 102 103 104 105 106 107 108 109 130 134 132 112 114 115 116 117 118 119 120 121 122 123 124 125 126
40 92 134 180 228


0 1 0 134 1 -1 2 1
1 1 0 134 1 -1 1 1
2 1 0 40 1 -1 2 1
3 1 0 294 20 -1 -1 1
4 1 0 0 1 -1 -1 0
5 1 2 2 1 -1 -1 0
6 1 4 4 1 -1 -1 0
7 1 6 6 1 -1 -1 0
8 1 8 8 1 -1 -1 0
9 1 10 10 1 -1 -1 0
10 1 12 12 1 -1 -1 0
11 1 14 14 1 -1 -1 0
12 1 16 16 1 -1 -1 0
13 1 18 18 1 -1 -1 0
14 1 20 20 1 -1 -1 0
15 1 22 22 1 -1 -1 0
16 1 24 24 1 -1 -1 0
17 1 26 26 1 -1 -1 0
18 1 28 28 1 -1 -1 0
19 1 30 30 1 -1 -1 0
20 1 32 32 1 -1 -1 0
21 1 34 34 1 -1 -1 0
22 1 36 38 2 -1 -1 0
23 1 38 40 2 -1 1 0
24 1 40 102 4 -1 0 0
25 1 42 44 2 -1 -1 0
26 1 44 46 2 -1 -1 0
27 1 46 48 2 -1 -1 0
28 1 102 134 2 -1 5 0
29 1 50 92 2 -1 2 0
30 1 52 52 1 -1 -1 0
31 1 54 54 1 -1 -1 0
32 1 56 56 1 -1 -1 0
33 1 58 58 1 -1 -1 0
34 1 60 60 1 -1 -1 0
35 1 62 62 1 -1 -1 0
36 1 64 64 1 -1 -1 0
37 1 66 66 1 -1 -1 0
38 1 68 68 1 -1 -1 0
39 1 70 70 1 -1 -1 0
40 1 72 72 1 -1 -1 0
41 1 74 74 1 -1 -1 0
42 1 76 76 1 -1 -1 0
43 1 78 78 1 -1 -1 0
44 1 80 80 1 -1 -1 0
45 1 82 82 1 -1 -1 0
46 1 84 84 1 -1 -1 0
47 1 86 86 1 -1 -1 0
48 1 88 90 2 -1 -1 0
49 1 90 92 2 -1 1 0
50 1 92 94 2 -1 0 0
51 1 94 96 2 -1 -1 0
52 1 96 98 2 -1 -1 0
53 1 98 100 2 -1 -1 0
54 1 104 104 1 -1 -1 0
55 1 106 106 1 -1 -1 0
56 1 108 108 1 -1 -1 0
57 1 110 110 1 -1 -1 0
58 1 112 112 1 -1 -1 0
59 1 114 114 1 -1 -1 0
60 1 116 116 1 -1 -1 0
61 1 118 118 1 -1 -1 0
62 1 120 120 1 -1 -1 0
63 1 122 122 1 -1 -1 0
64 1 124 124 1 -1 -1 0
65 1 126 126 1 -1 -1 0
66 1 128 128 1 -1 -1 0
67 1 130 132 2 -1 -1 0
68 1 132 134 2 -1 4 0
69 2 134 144 257 258 4 -1 0 0
70 1 136 138 2 -1 -1 0
71 1 138 140 2 -1 -1 0
72 1 140 142 2 -1 -1 0
73 2 144 182 197 230 4 -1 -1 0
74 1 146 148 2 -1 -1 0
75 2 148 153 197 198 3 -1 -1 0
76 1 150 152 2 -1 -1 0
78 1 154 154 1 -1 -1 0
79 1 156 156 1 -1 -1 0
80 1 158 158 1 -1 -1 0
81 1 160 160 1 -1 -1 0
82 1 162 162 1 -1 -1 0
83 1 164 164 1 -1 -1 0
84 1 166 166 1 -1 -1 0
85 1 168 168 1 -1 -1 0
86 1 170 170 1 -1 -1 0
87 1 172 172 1 -1 -1 0
88 1 174 174 1 -1 -1 0
89 1 176 176 1 -1 -1 0
90 1 178 178 1 -1 -1 0
93 1 192 194 2 -1 -1 0
95 1 198 200 2 -1 -1 0
97 1 202 202 1 -1 -1 0
98 1 204 204 1 -1 -1 0
99 1 206 206 1 -1 -1 0
100 1 208 208 1 -1 -1 0
101 1 210 210 1 -1 -1 0
102 1 212 212 1 -1 -1 0
103 1 214 214 1 -1 -1 0
104 1 216 216 1 -1 -1 0
105 1 218 218 1 -1 -1 0
106 1 220 220 1 -1 -1 0
107 1 222 222 1 -1 -1 0
108 1 224 224 1 -1 -1 0
109 1 226 226 1 -1 -1 0
112 1 240 242 2 -1 -1 0
114 1 246 254 2 -1 -1 0
115 1 248 250 2 -1 -1 0
116 1 252 254 2 -1 -1 0
117 1 258 260 2 -1 -1 0
118 1 260 268 2 -1 -1 0
119 1 262 264 2 -1 -1 0
120 1 266 268 2 -1 -1 0
121 1 272 280 2 -1 -1 0
122 1 274 276 2 -1 -1 0
123 1 278 280 2 -1 -1 0
124 1 284 292 2 -1 -1 0
125 1 286 288 2 -1 -1 0
126 1 290 292 2 -1 -1 0
127 1 180 190 3 -1 0 0
129 1 188 190 2 -1 -1 0
130 1 228 238 3 -1 0 0
132 1 236 238 2 -1 -1 0
133 1 184 186 2 -1 -1 0
134 1 232 234 2 -1 -1 0
42 4 19 0 0 0 24 19
0 4 6 8 44
0 1 2 3 36 21 31 7 8 9 10 11 12 14 15 16 17 19 41



0 2 0 3 5 43 4 -1 -1 1
1 2 0 3 5 43 4 -1 -1 1
2 2 0 3 5 8 3 31 -1 1
3 2 0 3 5 43 3 -1 -1 1
7 1 10 12 4 -1 -1 0
8 1 12 14 4 -1 -1 0
9 1 16 18 4 -1 -1 0
10 1 18 22 4 -1 -1 0
11 1 20 34 6 -1 -1 0
12 1 22 36 4 -1 -1 0
14 1 24 26 4 -1 -1 0
15 1 26 28 4 -1 -1 0
16 1 30 32 4 -1 -1 0
17 1 32 34 4 -1 -1 0
19 1 34 36 4 -1 -1 0
21 2 8 8 38 43 6 31 -1 0
31 1 8 38 10 21 -1 0
36 1 0 2 2 -1 -1 0
41 1 40 42 4 -1 -1 0
69 8 29 1 0 0 33 29
0 10 12 38 46 58 62 72 74
0 1 4 5 6 59 22 54 63 11 64 14 65 16 17 18 66 38 46 52 23 33 35 36 39 67 48 50 68
66


0 1 0 0 1 -1 -1 1
1 1 0 71 2 -1 2 1
4 1 0 71 6 -1 5 0
5 1 2 4 2 -1 -1 0
6 1 4 71 8 -1 -1 0
11 1 16 24 6 -1 -1 0
14 1 20 61 8 -1 -1 0
16 1 26 61 8 -1 -1 0
17 1 28 30 4 -1 -1 0
18 1 30 62 6 -1 -1 0
22 3 12 12 40 57 61 71 20 54 -1 0
23 1 42 44 8 -1 -1 0
33 1 48 50 8 -1 -1 0
35 1 50 52 8 -1 -1 0
36 1 52 54 8 -1 -1 0
38 1 34 61 6 -1 -1 0
39 1 54 56 8 -1 -1 0
46 2 38 38 58 61 8 52 -1 0
48 1 64 66 4 -1 1 0
50 1 66 66 2 -1 0 0
52 2 38 58 61 66 14 46 8 0
54 1 12 66 12 22 4 0
59 1 6 8 2 -1 -1 0
63 1 14 16 4 -1 -1 0
64 1 18 20 4 -1 -1 0
65 1 24 26 4 -1 -1 0
66 1 32 34 4 -1 -1 0
67 1 62 64 4 -1 -1 0
68 1 68 70 4 -1 -1 0
9 1 8 2 0 0 8 8
0 14
0 1 2 3 4 5 8 7
8 10


0 1 0 10 1 -1 2 1
1 1 0 12 2 -1 5 1
2 1 0 0 1 -1 -1 0
3 1 2 2 1 -1 -1 0
4 1 4 6 2 -1 -1 0
5 1 6 10 3 -1 2 0
7 1 10 10 1 -1 0 0
8 1 8 8 1 -1 0 0
335 12 209 28 0 0 239 209
0 2 8 10 54 172 184 188 202 206 216 340 434
0 1 2 3 4 5 6 7 8 10 12 221 222 223 224 225 226 16 17 18 19 20 21 22 23 24 25 26 27 28 29 30 32 331 34 36 37 38 39 40 41 42 43 44 45 46 47 48 49 50 51 52 53 54 55 56 57 58 59 60 61 62 63 64 65 66 67 68 69 70 71 72 73 74 75 76 77 78 79 80 81 82 83 84 85 86 87 88 89 90 91 92 93 94 95 332 99 100 101 102 333 106 107 108 109 110 111 112 113 114 115 116 117 118 119 120 121 122 123 124 125 126 127 128 129 130 131 132 133 134 135 136 137 138 139 140 141 142 143 144 145 146 147 148 149 150 151 152 153 154 155 156 157 158 159 160 161 162 163 334 168 169 170 171 172 173 174 175 176 177 178 179 180 181 182 183 184 185 186 187 188 189 190 191 192 193 194 195 196 197 198 199 200 201 202 203 204 205 206 207 208 209 210 211 212 213 215 216 217
2 44 64 110 124 130 162 174 176 178 180 194 196 198 210 212 230 242 284 326 332 334 336 382 424 426 428 430


0 2 0 7 9 433 4 -1 2 1
1 2 0 7 9 433 10 -1 2 1
2 2 0 7 9 433 2 -1 1 1
3 2 0 7 9 433 6 -1 2 1
4 2 0 7 9 433 10 -1 1 1
5 2 0 7 9 433 2 -1 1 1
6 2 0 7 9 433 8 -1 2 1
7 2 0 7 9 433 4 -1 2 1
8 1 2 4 4 -1 0 0
10 1 4 6 4 -1 -1 0
12 5 10 180 183 196 201 212 215 334 339 426 12 -1 2 0
16 1 26 26 2 -1 -1 0
17 1 28 28 2 -1 -1 0
18 1 30 30 2 -1 -1 0
19 1 32 32 2 -1 -1 0
20 1 34 34 2 -1 -1 0
21 1 36 36 2 -1 -1 0
22 1 38 38 2 -1 -1 0
23 1 40 42 4 -1 -1 0
24 1 42 44 4 -1 5 0
25 2 44 54 339 340 8 -1 0 0
26 1 46 48 4 -1 -1 0
27 1 48 50 4 -1 -1 0
28 1 50 52 4 -1 -1 0
29 4 54 174 183 187 201 205 215 230 8 -1 5 0
30 3 56 180 183 196 201 212 8 -1 1 0
32 4 58 171 183 190 201 206 215 328 10 -1 -1 0
34 4 62 171 183 192 201 208 215 330 8 -1 -1 0
36 1 64 64 2 -1 0 0
37 1 66 66 2 -1 -1 0
38 1 68 68 2 -1 -1 0
39 1 70 70 2 -1 -1 0
40 1 72 72 2 -1 -1 0
41 1 74 74 2 -1 -1 0
42 1 76 76 2 -1 -1 0
43 1 78 78 2 -1 -1 0
44 1 80 80 2 -1 -1 0
45 1 82 82 2 -1 -1 0
46 1 84 84 2 -1 -1 0
47 1 86 86 2 -1 -1 0
48 1 88 88 2 -1 -1 0
49 1 90 90 2 -1 -1 0
50 1 92 92 2 -1 -1 0
51 1 94 94 2 -1 -1 0
52 1 96 96 2 -1 -1 0
53 1 98 98 2 -1 -1 0
54 1 100 100 2 -1 -1 0
55 1 102 102 2 -1 -1 0
56 1 104 104 2 -1 -1 0
57 1 106 108 4 -1 -1 0
58 1 108 110 4 -1 1 0
59 1 110 124 4 -1 2 0
60 1 112 112 2 -1 -1 0
61 1 114 114 2 -1 -1 0
62 1 116 116 2 -1 -1 0
63 1 118 118 2 -1 -1 0
64 1 120 122 4 -1 -1 0
65 1 122 124 4 -1 1 0
66 1 124 130 4 -1 2 0
67 1 126 128 4 -1 -1 0
68 1 128 130 4 -1 5 0
69 1 130 130 2 -1 0 0
70 1 132 132 2 -1 -1 0
71 1 134 134 2 -1 -1 0
72 1 136 136 2 -1 -1 0
73 1 138 138 2 -1 -1 0
74 1 140 140 2 -1 -1 0
75 1 142 142 2 -1 -1 0
76 1 144 144 2 -1 -1 0
77 1 146 146 2 -1 -1 0
78 1 148 148 2 -1 -1 0
79 1 150 150 2 -1 -1 0
80 1 152 152 2 -1 -1 0
81 1 154 154 2 -1 -1 0
82 1 156 156 2 -1 -1 0
83 1 158 160 4 -1 -1 0
84 1 160 162 4 -1 4 0
85 4 162 172 183 188 201 205 215 216 10 -1 0 0
86 1 164 166 4 -1 -1 0
87 3 166 171 183 187 201 202 8 -1 -1 0
88 1 168 170 4 -1 -1 0
89 1 172 176 4 -1 1 0
90 1 174 176 4 -1 5 0
91 1 176 176 2 -1 0 0
92 1 178 178 2 -1 0 0
93 1 180 180 2 -1 0 0
94 1 184 186 4 -1 -1 0
95 1 188 198 4 -1 1 0
99 1 194 194 2 -1 0 0
100 1 196 196 2 -1 0 0
101 1 198 198 2 -1 0 0
102 1 202 204 4 -1 -1 0
106 1 210 210 2 -1 0 0
107 1 212 212 2 -1 0 0
108 1 216 218 4 -1 -1 0
109 1 218 284 4 -1 5 0
110 1 220 220 2 -1 -1 0
111 1 222 222 2 -1 -1 0
112 1 224 224 2 -1 -1 0
113 1 226 228 4 -1 -1 0
114 1 228 230 4 -1 1 0
115 1 230 242 4 -1 1 0
116 1 232 232 2 -1 -1 0
117 1 234 234 2 -1 -1 0
118 1 236 236 2 -1 -1 0
119 1 238 240 4 -1 -1 0
120 1 240 242 4 -1 5 0
121 1 242 284 4 -1 1 0
122 1 244 244 2 -1 -1 0
123 1 246 246 2 -1 -1 0
124 1 248 248 2 -1 -1 0
125 1 250 250 2 -1 -1 0
126 1 252 252 2 -1 -1 0
127 1 254 254 2 -1 -1 0
128 1 256 256 2 -1 -1 0
129 1 258 258 2 -1 -1 0
130 1 260 260 2 -1 -1 0
131 1 262 262 2 -1 -1 0
132 1 264 264 2 -1 -1 0
133 1 266 266 2 -1 -1 0
134 1 268 268 2 -1 -1 0
135 1 270 270 2 -1 -1 0
136 1 272 272 2 -1 -1 0
137 1 274 274 2 -1 -1 0
138 1 276 276 2 -1 -1 0
139 1 278 278 2 -1 -1 0
140 1 280 282 4 -1 -1 0
141 1 282 284 4 -1 4 0
142 1 284 326 4 -1 2 0
143 1 286 286 2 -1 -1 0
144 1 288 288 2 -1 -1 0
145 1 290 290 2 -1 -1 0
146 1 292 292 2 -1 -1 0
147 1 294 294 2 -1 -1 0
148 1 296 296 2 -1 -1 0
149 1 298 298 2 -1 -1 0
150 1 300 300 2 -1 -1 0
151 1 302 302 2 -1 -1 0
152 1 304 304 2 -1 -1 0
153 1 306 306 2 -1 -1 0
154 1 308 308 2 -1 -1 0
155 1 310 310 2 -1 -1 0
156 1 312 312 2 -1 -1 0
157 1 314 314 2 -1 -1 0
158 1 316 316 2 -1 -1 0
159 1 318 318 2 -1 -1 0
160 1 320 320 2 -1 -1 0
161 1 322 324 4 -1 -1 0
162 1 324 326 4 -1 1 0
163 1 326 336 4 -1 1 0
168 1 332 332 2 -1 0 0
169 1 334 334 2 -1 0 0
170 1 336 336 2 -1 0 0
171 1 340 382 4 -1 1 0
172 1 342 342 2 -1 -1 0
173 1 344 344 2 -1 -1 0
174 1 346 346 2 -1 -1 0
175 1 348 348 2 -1 -1 0
176 1 350 350 2 -1 -1 0
177 1 352 352 2 -1 -1 0
178 1 354 354 2 -1 -1 0
179 1 356 356 2 -1 -1 0
180 1 358 358 2 -1 -1 0
181 1 360 360 2 -1 -1 0
182 1 362 362 2 -1 -1 0
183 1 364 364 2 -1 -1 0
184 1 366 366 2 -1 -1 0
185 1 368 368 2 -1 -1 0
186 1 370 370 2 -1 -1 0
187 1 372 372 2 -1 -1 0
188 1 374 374 2 -1 -1 0
189 1 376 376 2 -1 -1 0
190 1 378 380 4 -1 -1 0
191 1 380 382 4 -1 5 0
192 1 382 424 4 -1 2 0
193 1 384 384 2 -1 -1 0
194 1 386 386 2 -1 -1 0
195 1 388 388 2 -1 -1 0
196 1 390 390 2 -1 -1 0
197 1 392 392 2 -1 -1 0
198 1 394 394 2 -1 -1 0
199 1 396 396 2 -1 -1 0
200 1 398 398 2 -1 -1 0
201 1 400 400 2 -1 -1 0
202 1 402 402 2 -1 -1 0
203 1 404 404 2 -1 -1 0
204 1 406 406 2 -1 -1 0
205 1 408 408 2 -1 -1 0
206 1 410 410 2 -1 -1 0
207 1 412 412 2 -1 -1 0
208 1 414 414 2 -1 -1 0
209 1 416 416 2 -1 -1 0
210 1 418 418 2 -1 -1 0
211 1 420 422 4 -1 -1 0
212 1 422 424 4 -1 1 0
213 1 424 430 4 -1 1 0
215 1 426 426 2 -1 0 0
216 1 428 428 2 -1 0 0
217 1 430 430 2 -1 0 0
221 1 12 14 4 -1 -1 0
222 1 14 16 4 -1 -1 0
223 1 18 20 4 -1 -1 0
224 1 20 22 4 -1 -1 0
225 1 22 24 4 -1 -1 0
226 2 24 53 339 428 4 -1 5 0
331 1 60 62 4 -1 -1 0
332 1 190 192 4 -1 -1 0
333 1 206 208 4 -1 -1 0
334 1 328 330 4 -1 -1 0
17 1 15 3 0 0 15 15
0 26
0 1 2 3 4 5 6 7 8 10 11 12 13 14 16
8 18 20


0 1 0 18 1 -1 2 1
1 1 0 18 1 -1 1 1
2 1 0 18 1 -1 5 1
3 1 0 24 2 -1 -1 1
4 1 0 0 1 -1 -1 0
5 1 2 2 1 -1 -1 0
6 1 4 6 2 -1 -1 0
7 1 6 8 2 -1 2 0
8 1 8 20 3 -1 4 0
10 1 10 10 1 -1 -1 0
11 1 12 12 1 -1 -1 0
12 1 14 16 2 -1 -1 0
13 1 16 18 2 -1 8 0
14 1 18 22 2 -1 0 0
16 1 20 20 1 -1 0 0
45 8 40 3 0 0 40 40
0 48 58 80 86 88 90 92 94
0 1 2 3 4 5 6 7 8 9 10 11 12 13 14 15 16 17 18 19 20 21 22 23 24 25 26 27 28 29 30 31 41 42 43 44 33 34 35 36
38 76 82


0 1 0 38 1 -1 2 1
1 1 0 0 1 -1 -1 0
2 1 2 2 1 -1 -1 0
3 1 4 4 1 -1 -1 0
4 1 6 6 1 -1 -1 0
5 1 8 8 1 -1 -1 0
6 1 10 10 1 -1 -1 0
7 1 12 12 1 -1 -1 0
8 1 14 14 1 -1 -1 0
9 1 16 16 1 -1 -1 0
10 1 18 18 1 -1 -1 0
11 1 20 20 1 -1 -1 0
12 1 22 22 1 -1 -1 0
13 1 24 24 1 -1 -1 0
14 1 26 26 1 -1 -1 0
15 1 28 28 1 -1 -1 0
16 1 30 30 1 -1 -1 0
17 1 32 32 1 -1 -1 0
18 1 34 36 2 -1 -1 0
19 1 36 38 2 -1 1 0
20 1 38 48 3 -1 0 0
21 1 40 42 2 -1 -1 0
22 1 42 44 2 -1 -1 0
23 1 44 46 2 -1 -1 0
24 1 48 62 4 -1 -1 0
25 1 50 52 2 -1 -1 0
26 1 52 54 2 -1 -1 0
27 1 54 56 2 -1 -1 0
28 1 58 60 2 -1 -1 0
29 1 60 70 2 -1 -1 0
30 1 62 64 2 -1 -1 0
31 1 64 82 2 -1 2 0
33 1 74 76 2 -1 1 0
34 1 76 78 2 -1 0 0
35 1 80 82 2 -1 1 0
36 1 82 84 2 -1 0 0
41 1 66 68 2 -1 -1 0
42 1 68 70 2 -1 -1 0
43 1 70 72 2 -1 -1 0
44 1 72 76 2 -1 2 0
104 17 95 5 0 0 95 95
0 20 30 84 94 104 114 136 150 200 206 212 214 216 218 220 222 224
0 1 2 3 4 5 6 7 8 9 10 11 12 13 14 15 17 18 19 20 21 22 23 24 25 26 27 28 29 30 31 32 33 34 35 36 37 38 39 40 41 42 43 44 45 46 47 48 49 50 51 52 53 54 55 56 57 58 59 60 61 62 63 64 65 66 67 68 70 71 72 73 74 75 76 77 78 79 80 81 82 83 84 85 86 87 88 89 90 91 92 93 94 95 97
10 74 190 202 208


0 1 0 10 2 -1 2 0
1 1 2 2 1 -1 -1 0
2 1 4 4 1 -1 -1 0
3 1 6 8 2 -1 -1 0
4 1 8 10 2 -1 1 0
5 1 10 20 3 -1 0 0
6 1 12 14 2 -1 -1 0
7 1 14 16 2 -1 -1 0
8 1 16 18 2 -1 -1 0
9 1 20 30 3 -1 -1 0
10 1 22 24 2 -1 -1 0
11 1 24 26 2 -1 -1 0
12 1 26 28 2 -1 -1 0
13 1 30 32 2 -1 -1 0
14 1 32 34 2 -1 -1 0
15 1 34 74 2 -1 2 0
17 1 36 36 1 -1 -1 0
18 1 38 38 1 -1 -1 0
19 1 40 40 1 -1 -1 0
20 1 42 42 1 -1 -1 0
21 1 44 44 1 -1 -1 0
22 1 46 46 1 -1 -1 0
23 1 48 48 1 -1 -1 0
24 1 50 50 1 -1 -1 0
25 1 52 52 1 -1 -1 0
26 1 54 54 1 -1 -1 0
27 1 56 56 1 -1 -1 0
28 1 58 58 1 -1 -1 0
29 1 60 60 1 -1 -1 0
30 1 62 62 1 -1 -1 0
31 1 64 64 1 -1 -1 0
32 1 66 66 1 -1 -1 0
33 1 68 68 1 -1 -1 0
34 1 70 72 2 -1 -1 0
35 1 72 74 2 -1 1 0
36 1 74 150 4 -1 0 0
37 1 76 78 2 -1 -1 0
38 1 78 80 2 -1 -1 0
39 1 80 82 2 -1 -1 0
40 1 84 94 3 -1 -1 0
41 1 86 88 2 -1 -1 0
42 1 88 90 2 -1 -1 0
43 1 90 92 2 -1 -1 0
44 1 94 140 8 -1 -1 0
45 1 96 98 2 -1 -1 0
46 1 98 100 2 -1 -1 0
47 1 100 102 2 -1 -1 0
48 1 104 114 3 -1 -1 0
49 1 106 108 2 -1 -1 0
50 1 108 110 2 -1 -1 0
51 1 110 112 2 -1 -1 0
52 1 114 116 2 -1 -1 0
53 1 116 208 2 -1 2 0
54 1 118 120 2 -1 -1 0
55 1 120 202 2 -1 2 0
56 1 122 124 2 -1 -1 0
57 1 124 130 2 -1 -1 0
58 1 126 128 2 -1 -1 0
59 1 128 130 2 -1 -1 0
60 1 130 132 2 -1 -1 0
61 1 132 134 2 -1 -1 0
62 1 136 138 2 -1 -1 0
63 1 138 144 2 -1 -1 0
64 1 140 142 2 -1 -1 0
65 1 142 144 2 -1 -1 0
66 1 144 146 2 -1 -1 0
67 1 146 148 2 -1 -1 0
68 1 150 190 2 -1 2 0
70 1 152 152 1 -1 -1 0
71 1 154 154 1 -1 -1 0
72 1 156 156 1 -1 -1 0
73 1 158 158 1 -1 -1 0
74 1 160 160 1 -1 -1 0
75 1 162 162 1 -1 -1 0
76 1 164 164 1 -1 -1 0
77 1 166 166 1 -1 -1 0
78 1 168 168 1 -1 -1 0
79 1 170 170 1 -1 -1 0
80 1 172 172 1 -1 -1 0
81 1 174 174 1 -1 -1 0
82 1 176 176 1 -1 -1 0
83 1 178 178 1 -1 -1 0
84 1 180 180 1 -1 -1 0
85 1 182 182 1 -1 -1 0
86 1 184 184 1 -1 -1 0
87 1 186 188 2 -1 -1 0
88 1 188 190 2 -1 1 0
89 1 190 192 2 -1 0 0
90 1 192 194 2 -1 -1 0
91 1 194 196 2 -1 -1 0
92 1 196 198 2 -1 -1 0
93 1 200 202 2 -1 1 0
94 1 202 204 2 -1 0 0
95 1 206 208 2 -1 1 0
97 1 208 210 2 -1 0 0
13 1 11 4 0 0 11 11
0 24
0 5 6 7 8 2 3 9 10 11 12
8 12 20 22


0 1 0 12 2 -1 2 0
2 1 10 12 2 -1 5 0
3 1 12 22 2 -1 2 0
5 1 2 8 2 -1 2 0
6 1 4 8 2 -1 1 0
7 1 6 8 2 -1 5 0
8 1 8 12 2 -1 1 0
9 1 14 20 2 -1 2 0
10 1 16 20 2 -1 1 0
11 1 18 20 2 -1 5 0
12 1 20 22 2 -1 1 0
157 28 91 7 0 0 94 91
0 20 28 40 52 58 60 74 78 82 88 90 108 112 116 140 146 148 194 216 224 226 230 232 236 238 240 242 244
0 2 3 4 5 6 7 8 9 10 11 12 87 88 90 91 94 96 97 99 100 102 107 151 120 144 112 113 114 115 117 152 122 154 135 141 125 126 127 128 129 130 132 155 16 17 18 19 20 21 22 23 24 25 26 27 28 34 35 36 37 38 47 48 49 50 51 52 53 54 55 56 57 58 59 60 61 62 63 64 65 66 67 137 138 71 139 140 74 77 79
10 130 148 150 152 184 206


0 1 0 130 3 -1 2 0
2 1 2 2 1 -1 -1 0
3 1 4 4 1 -1 -1 0
4 1 6 8 2 -1 -1 0
5 1 8 10 2 -1 1 0
6 1 10 20 3 -1 0 0
7 1 12 14 2 -1 -1 0
8 1 14 16 2 -1 -1 0
9 1 16 18 2 -1 -1 0
10 1 20 22 2 -1 -1 0
11 1 22 40 3 -1 -1 0
12 1 24 44 3 -1 -1 0
16 1 116 116 1 -1 -1 0
17 1 118 118 1 -1 -1 0
18 1 120 120 1 -1 -1 0
19 1 122 122 1 -1 -1 0
20 1 124 124 1 -1 -1 0
21 1 126 128 2 -1 -1 0
22 1 128 130 2 -1 1 0
23 1 130 140 3 -1 0 0
24 1 132 134 2 -1 -1 0
25 1 134 136 2 -1 -1 0
26 1 136 138 2 -1 -1 0
27 1 140 142 2 -1 -1 0
28 1 142 184 2 -1 2 0
34 1 148 162 4 -1 2 0
35 1 150 150 1 -1 0 0
36 1 152 184 4 -1 1 0
37 1 154 156 2 -1 -1 0
38 1 158 160 2 -1 -1 0
47 1 162 164 2 -1 -1 0
48 1 166 166 1 -1 -1 0
49 1 168 168 1 -1 -1 0
50 1 170 170 1 -1 -1 0
51 1 172 172 1 -1 -1 0
52 1 174 174 1 -1 -1 0
53 1 176 176 1 -1 -1 0
54 1 178 178 1 -1 -1 0
55 1 180 182 2 -1 -1 0
56 1 182 184 2 -1 5 0
57 1 184 194 3 -1 0 0
58 1 186 188 2 -1 -1 0
59 1 188 190 2 -1 -1 0
60 1 190 192 2 -1 -1 0
61 1 194 206 2 -1 2 0
62 1 196 196 1 -1 -1 0
63 1 198 198 1 -1 -1 0
64 1 200 200 1 -1 -1 0
65 1 202 204 2 -1 -1 0
66 1 204 206 2 -1 1 0
67 1 206 216 3 -1 0 0
71 1 212 214 2 -1 -1 0
74 1 220 222 2 -1 -1 0
77 2 226 229 232 232 2 79 -1 0
79 1 232 236 2 77 -1 0
87 1 28 30 2 -1 -1 0
88 1 30 115 6 -1 -1 0
90 1 32 34 2 -1 -1 0
91 1 34 36 2 -1 -1 0
94 1 36 38 2 -1 -1 0
96 1 40 42 2 -1 -1 0
97 1 42 115 6 -1 -1 0
99 1 44 46 2 -1 -1 0
100 1 46 115 6 -1 -1 0
102 1 48 50 2 -1 -1 0
107 1 52 82 5 -1 -1 0
112 1 62 64 4 -1 -1 0
113 1 64 70 4 -1 -1 0
114 1 66 68 4 -1 -1 0
115 1 68 70 4 -1 -1 0
117 1 70 72 4 -1 -1 0
120 2 60 60 74 81 6 144 -1 0
122 1 82 90 4 141 -1 0
125 1 92 94 4 -1 -1 0
126 1 94 96 4 -1 -1 0
127 1 96 104 4 -1 -1 0
128 1 98 100 4 -1 -1 0
129 1 100 102 4 -1 -1 0
130 1 102 104 4 -1 -1 0
132 1 104 106 4 -1 -1 0
135 2 90 90 108 115 6 141 -1 0
137 1 208 210 2 -1 -1 0
138 1 210 212 2 -1 -1 0
139 1 216 218 2 -1 -1 0
140 1 218 220 2 -1 -1 0
141 1 90 108 8 122 -1 0
144 1 60 74 8 120 -1 0
151 1 54 56 2 -1 -1 0
152 1 78 80 4 -1 -1 0
154 1 84 86 2 -1 -1 0
155 1 112 114 4 -1 -1 0
1 1 1 0 0 0 1 1
0 4
0



0 1 0 2 2 -1 -1 0
12 3 9 1 0 0 9 9
0 22 24 26
11 1 2 3 4 5 6 7 8
12


1 1 4 4 1 -1 -1 0
2 1 6 6 1 -1 -1 0
3 1 8 10 2 -1 -1 0
4 1 10 12 2 -1 1 0
5 1 12 14 2 -1 0 0
6 1 14 16 2 -1 -1 0
7 1 16 18 2 -1 -1 0
8 1 18 20 2 -1 -1 0
11 1 0 12 2 -1 2 0
37 8 28 2 0 0 28 28
0 8 16 38 60 62 64 66 68
0 1 2 3 4 5 6 9 7 8 10 11 12 13 14 15 16 17 18 19 20 21 22 23 24 25 26 27
28 50


0 1 0 16 3 -1 -1 1
1 1 0 12 1 -1 -1 1
2 1 0 2 2 -1 -1 0
3 1 2 4 2 -1 -1 0
4 1 4 6 2 -1 -1 0
5 1 8 10 2 -1 -1 0
6 1 10 12 2 -1 -1 0
7 1 16 18 2 -1 -1 0
8 1 18 28 2 -1 2 0
9 1 12 14 2 -1 -1 0
10 1 20 20 1 -1 -1 0
11 1 22 22 1 -1 -1 0
12 1 24 26 2 -1 -1 0
13 1 26 28 2 -1 1 0
14 1 28 38 3 -1 0 0
15 1 30 32 2 -1 -1 0
16 1 32 34 2 -1 -1 0
17 1 34 36 2 -1 -1 0
18 1 38 40 2 -1 -1 0
19 1 40 50 2 -1 2 0
20 1 42 42 1 -1 -1 0
21 1 44 44 1 -1 -1 0
22 1 46 48 2 -1 -1 0
23 1 48 50 2 -1 1 0
24 1 50 52 2 -1 0 0
25 1 52 54 2 -1 -1 0
26 1 54 56 2 -1 -1 0
27 1 56 58 2 -1 -1 0
119 24 73 10 0 0 76 73
0 8 30 54 62 70 84 106 122 142 158 160 164 166 170 172 176 178 182 184 186 188 190 192 194
0 1 2 3 5 6 7 8 9 10 108 109 107 12 13 14 15 16 17 18 112 20 21 22 24 25 26 32 33 34 35 36 39 114 115 43 37 38 44 45 46 47 48 49 50 51 57 58 59 60 61 62 63 66 67 68 69 70 71 72 73 74 80 81 82 83 84 85 86 89 91 93 95
24 96 106 116 118 122 132 142 152 154


0 1 0 16 4 -1 -1 1
1 1 0 2 2 -1 -1 0
2 1 2 4 2 -1 -1 0
3 1 4 6 2 -1 -1 0
5 1 8 10 2 -1 -1 0
6 1 10 26 2 -1 -1 0
7 1 12 14 2 -1 -1 0
8 1 14 30 2 -1 -1 0
9 1 16 84 4 -1 -1 0
10 1 18 24 3 -1 2 0
12 1 26 28 2 -1 -1 0
13 1 30 42 2 -1 -1 0
14 1 32 32 1 -1 -1 0
15 1 34 34 1 -1 -1 0
16 1 36 36 1 -1 -1 0
17 1 38 40 2 -1 -1 0
18 1 40 54 4 -1 -1 0
20 1 46 48 2 -1 -1 0
21 1 48 50 2 -1 -1 0
22 1 50 52 2 -1 -1 0
24 1 54 56 2 -1 -1 0
25 1 56 58 2 -1 -1 0
26 1 58 60 2 -1 -1 0
32 1 62 64 2 -1 -1 0
33 1 64 66 2 -1 -1 0
34 1 66 68 2 -1 -1 0
35 1 70 72 2 -1 -1 0
36 1 72 74 2 -1 -1 0
37 1 84 86 2 -1 -1 0
38 1 86 96 2 -1 2 0
39 1 74 142 5 -1 2 0
43 1 80 82 2 -1 -1 0
44 1 88 88 1 -1 -1 0
45 1 90 90 1 -1 -1 0
46 1 92 94 2 -1 -1 0
47 1 94 96 2 -1 1 0
48 1 96 98 2 -1 0 0
49 1 98 100 2 -1 -1 0
50 1 100 102 2 -1 -1 0
51 1 102 104 2 -1 -1 0
57 1 106 116 2 -1 2 0
58 1 108 108 1 -1 -1 0
59 1 110 110 1 -1 -1 0
60 1 112 114 2 -1 -1 0
61 1 114 116 2 -1 1 0
62 1 116 118 2 -1 2 0
63 1 118 120 2 -1 0 0
66 1 122 132 2 -1 2 0
67 1 124 124 1 -1 -1 0
68 1 126 126 1 -1 -1 0
69 1 128 130 2 -1 -1 0
70 1 130 132 2 -1 1 0
71 1 132 134 2 -1 0 0
72 1 134 136 2 -1 -1 0
73 1 136 138 2 -1 -1 0
74 1 138 140 2 -1 -1 0
80 1 142 152 2 -1 2 0
81 1 144 144 1 -1 -1 0
82 1 146 146 1 -1 -1 0
83 1 148 150 2 -1 -1 0
84 1 150 152 2 -1 1 0
85 1 152 154 2 -1 2 0
86 1 154 156 2 -1 0 0
89 2 160 163 166 166 2 91 -1 0
91 2 166 169 172 172 2 89 -1 0
93 2 172 175 178 178 2 91 -1 0
95 1 178 182 2 93 -1 0
107 1 24 26 2 -1 0 0
108 1 20 22 2 -1 -1 0
109 1 22 24 2 -1 5 0
112 1 42 44 2 -1 -1 0
114 1 76 78 2 -1 -1 0
115 1 78 80 2 -1 -1 0
2 1 1 1 0 0 1 1
0 4
1
2


1 1 0 2 2 -1 2 0
120 15 104 8 0 0 104 104
0 20 30 84 94 160 180 190 224 226 228 230 232 234 236 238
119 1 2 3 4 5 6 7 8 9 10 11 12 13 14 15 17 18 19 20 21 22 23 24 25 26 27 28 29 30 31 32 33 34 35 36 37 38 39 40 41 42 43 45 46 47 48 49 50 51 52 53 56 57 58 59 60 61 62 63 64 65 66 67 68 69 70 71 72 73 74 75 76 77 78 79 80 81 82 83 84 85 86 87 88 89 90 92 95 96 97 98 99 100 101 103 104 105 106 107 108 109 110 111
10 74 110 150 170 190 202 214


1 1 2 2 1 -1 -1 0
2 1 4 4 1 -1 -1 0
3 1 6 8 2 -1 -1 0
4 1 8 10 2 -1 1 0
5 1 10 20 3 -1 0 0
6 1 12 14 2 -1 -1 0
7 1 14 16 2 -1 -1 0
8 1 16 18 2 -1 -1 0
9 1 20 30 3 -1 -1 0
10 1 22 24 2 -1 -1 0
11 1 24 26 2 -1 -1 0
12 1 26 28 2 -1 -1 0
13 1 30 32 2 -1 -1 0
14 1 32 34 2 -1 -1 0
15 1 34 74 2 -1 2 0
17 1 36 36 1 -1 -1 0
18 1 38 38 1 -1 -1 0
19 1 40 40 1 -1 -1 0
20 1 42 42 1 -1 -1 0
21 1 44 44 1 -1 -1 0
22 1 46 46 1 -1 -1 0
23 1 48 48 1 -1 -1 0
24 1 50 50 1 -1 -1 0
25 1 52 52 1 -1 -1 0
26 1 54 54 1 -1 -1 0
27 1 56 56 1 -1 -1 0
28 1 58 58 1 -1 -1 0
29 1 60 60 1 -1 -1 0
30 1 62 62 1 -1 -1 0
31 1 64 64 1 -1 -1 0
32 1 66 66 1 -1 -1 0
33 1 68 68 1 -1 -1 0
34 1 70 72 2 -1 -1 0
35 1 72 74 2 -1 1 0
36 1 74 98 4 -1 0 0
37 1 76 78 2 -1 -1 0
38 1 78 80 2 -1 -1 0
39 1 80 82 2 -1 -1 0
40 1 84 94 3 -1 -1 0
41 1 86 88 2 -1 -1 0
42 1 88 90 2 -1 -1 0
43 1 90 92 2 -1 -1 0
45 1 94 96 2 -1 -1 0
46 1 96 110 2 -1 2 0
47 1 98 150 2 -1 2 0
48 1 100 100 1 -1 -1 0
49 1 102 102 1 -1 -1 0
50 1 104 104 1 -1 -1 0
51 1 106 108 2 -1 -1 0
52 1 108 110 2 -1 1 0
53 1 110 170 2 -1 2 0
56 1 112 112 1 -1 -1 0
57 1 114 114 1 -1 -1 0
58 1 116 116 1 -1 -1 0
59 1 118 118 1 -1 -1 0
60 1 120 120 1 -1 -1 0
61 1 122 122 1 -1 -1 0
62 1 124 124 1 -1 -1 0
63 1 126 126 1 -1 -1 0
64 1 128 128 1 -1 -1 0
65 1 130 130 1 -1 -1 0
66 1 132 132 1 -1 -1 0
67 1 134 134 1 -1 -1 0
68 1 136 136 1 -1 -1 0
69 1 138 138 1 -1 -1 0
70 1 140 140 1 -1 -1 0
71 1 142 142 1 -1 -1 0
72 1 144 144 1 -1 -1 0
73 1 146 148 2 -1 -1 0
74 1 148 150 2 -1 1 0
75 1 150 152 2 -1 0 0
76 1 152 154 2 -1 -1 0
77 1 154 156 2 -1 -1 0
78 1 156 158 2 -1 -1 0
79 1 160 160 1 -1 -1 0
80 1 162 162 1 -1 -1 0
81 1 164 164 1 -1 -1 0
82 1 166 168 2 -1 -1 0
83 1 168 170 2 -1 1 0
84 1 170 180 3 -1 0 0
85 1 172 174 2 -1 -1 0
86 1 174 176 2 -1 -1 0
87 1 176 178 2 -1 -1 0
88 1 180 190 3 -1 2 0
89 1 182 184 2 -1 -1 0
90 1 184 186 2 -1 -1 0
92 1 186 188 2 -1 -1 0
95 1 190 202 2 -1 2 0
96 1 192 192 1 -1 -1 0
97 1 194 194 1 -1 -1 0
98 1 196 196 1 -1 -1 0
99 1 198 200 2 -1 -1 0
100 1 200 202 2 -1 1 0
101 1 202 214 2 -1 2 0
103 1 204 204 1 -1 -1 0
104 1 206 206 1 -1 -1 0
105 1 208 208 1 -1 -1 0
106 1 210 212 2 -1 -1 0
107 1 212 214 2 -1 1 0
108 1 214 216 2 -1 0 0
109 1 216 218 2 -1 -1 0
110 1 218 220 2 -1 -1 0
111 1 220 222 2 -1 -1 0
119 1 0 10 2 -1 2 0
49 17 24 8 0 0 24 24
0 8 16 24 32 40 48 56 64 66 68 70 72 74 76 78 80 82
0 1 4 5 6 9 10 11 14 15 16 19 20 21 24 25 26 29 30 31 34 35 36 39
4 12 20 28 36 44 52 60


0 1 0 4 2 -1 2 0
1 1 2 4 2 -1 1 0
4 1 4 6 2 -1 0 0
5 1 8 12 2 -1 2 0
6 1 10 12 2 -1 1 0
9 1 12 14 2 -1 0 0
10 1 16 20 2 -1 2 0
11 1 18 20 2 -1 1 0
14 1 20 22 2 -1 0 0
15 1 24 28 2 -1 2 0
16 1 26 28 2 -1 1 0
19 1 28 30 2 -1 0 0
20 1 32 36 2 -1 2 0
21 1 34 36 2 -1 1 0
24 1 36 38 2 -1 0 0
25 1 40 44 2 -1 2 0
26 1 42 44 2 -1 1 0
29 1 44 46 2 -1 0 0
30 1 48 52 2 -1 2 0
31 1 50 52 2 -1 1 0
34 1 52 54 2 -1 0 0
35 1 56 60 2 -1 2 0
36 1 58 60 2 -1 1 0
39 1 60 62 2 -1 0 0
3 1 2 1 0 0 2 2
0 4
0 2
0


0 1 0 0 1 -1 2 1
2 1 0 2 2 -1 0 0
125 16 101 6 0 0 101 101
0 24 34 88 98 172 184 194 214 224 226 228 230 232 234 236 238
113 1 2 3 4 5 6 7 8 9 10 11 12 13 14 15 17 18 19 20 21 22 23 24 25 26 27 28 29 30 31 32 33 34 35 36 37 38 39 40 41 42 43 44 45 46 47 48 49 53 54 55 56 57 58 59 62 63 64 65 66 67 68 69 70 71 72 73 74 75 76 77 78 79 80 81 82 83 84 85 117 118 116 87 120 121 122 90 91 92 93 94 95 96 97 98 99 100 123 124 103
14 78 122 162 178 204


1 1 6 6 1 -1 -1 0
2 1 8 8 1 -1 -1 0
3 1 10 12 2 -1 -1 0
4 1 12 14 2 -1 1 0
5 1 14 24 3 -1 0 0
6 1 16 18 2 -1 -1 0
7 1 18 20 2 -1 -1 0
8 1 20 22 2 -1 -1 0
9 1 24 34 3 -1 -1 0
10 1 26 28 2 -1 -1 0
11 1 28 30 2 -1 -1 0
12 1 30 32 2 -1 -1 0
13 1 34 36 2 -1 -1 0
14 1 36 38 2 -1 -1 0
15 1 38 78 2 -1 2 0
17 1 40 40 1 -1 -1 0
18 1 42 42 1 -1 -1 0
19 1 44 44 1 -1 -1 0
20 1 46 46 1 -1 -1 0
21 1 48 48 1 -1 -1 0
22 1 50 50 1 -1 -1 0
23 1 52 52 1 -1 -1 0
24 1 54 54 1 -1 -1 0
25 1 56 56 1 -1 -1 0
26 1 58 58 1 -1 -1 0
27 1 60 60 1 -1 -1 0
28 1 62 62 1 -1 -1 0
29 1 64 64 1 -1 -1 0
30 1 66 66 1 -1 -1 0
31 1 68 68 1 -1 -1 0
32 1 70 70 1 -1 -1 0
33 1 72 72 1 -1 -1 0
34 1 74 76 2 -1 -1 0
35 1 76 78 2 -1 1 0
36 1 78 110 4 -1 0 0
37 1 80 82 2 -1 -1 0
38 1 82 84 2 -1 -1 0
39 1 84 86 2 -1 -1 0
40 1 88 106 5 -1 -1 0
41 1 90 92 2 -1 -1 0
42 1 92 94 2 -1 -1 0
43 1 94 96 2 -1 -1 0
44 1 98 100 2 -1 -1 0
45 1 100 180 2 -1 -1 0
46 1 102 104 2 -1 -1 0
47 1 104 122 2 -1 2 0
48 1 106 108 2 -1 -1 0
49 1 108 184 2 -1 -1 0
53 1 110 162 2 -1 2 0
54 1 112 112 1 -1 -1 0
55 1 114 114 1 -1 -1 0
56 1 116 116 1 -1 -1 0
57 1 118 120 2 -1 -1 0
58 1 120 122 2 -1 1 0
59 1 122 204 2 -1 2 0
62 1 124 124 1 -1 -1 0
63 1 126 126 1 -1 -1 0
64 1 128 128 1 -1 -1 0
65 1 130 130 1 -1 -1 0
66 1 132 132 1 -1 -1 0
67 1 134 134 1 -1 -1 0
68 1 136 136 1 -1 -1 0
69 1 138 138 1 -1 -1 0
70 1 140 140 1 -1 -1 0
71 1 142 142 1 -1 -1 0
72 1 144 144 1 -1 -1 0
73 1 146 146 1 -1 -1 0
74 1 148 148 1 -1 -1 0
75 1 150 150 1 -1 -1 0
76 1 152 152 1 -1 -1 0
77 1 154 154 1 -1 -1 0
78 1 156 156 1 -1 -1 0
79 1 158 160 2 -1 -1 0
80 1 160 162 2 -1 1 0
81 1 162 164 2 -1 0 0
82 1 164 166 2 -1 -1 0
83 1 166 168 2 -1 -1 0
84 1 168 170 2 -1 -1 0
85 1 172 178 3 -1 2 0
87 1 180 182 2 -1 -1 0
90 1 190 192 2 -1 -1 0
91 1 194 194 1 -1 -1 0
92 1 196 196 1 -1 -1 0
93 1 198 198 1 -1 -1 0
94 1 200 202 2 -1 -1 0
95 1 202 204 2 -1 1 0
96 1 204 214 3 -1 0 0
97 1 206 208 2 -1 -1 0
98 1 208 210 2 -1 -1 0
99 1 210 212 2 -1 -1 0
100 1 214 216 2 -1 -1 0
103 1 220 222 2 -1 -1 0
113 1 0 14 2 -1 2 0
116 1 178 180 2 -1 0 0
117 1 174 176 2 -1 -1 0
118 1 176 178 2 -1 5 0
120 1 184 186 2 -1 -1 0
121 1 186 188 2 -1 -1 0
122 1 188 190 2 -1 -1 0
123 1 216 218 2 -1 -1 0
124 1 218 220 2 -1 -1 0
45 23 33 11 0 0 33 33
0 8 16 24 32 40 48 56 64 72 80 88 90 92 94 96 98 100 102 104 106 108 110 112
0 1 2 3 4 5 6 7 8 9 10 11 12 13 14 15 16 17 18 19 20 21 22 23 24 25 26 27 28 29 30 31 32
4 12 20 28 36 44 52 60 68 76 84


0 1 0 4 2 -1 2 0
1 1 2 4 2 -1 1 0
2 1 4 6 2 -1 0 0
3 1 8 12 2 -1 2 0
4 1 10 12 2 -1 1 0
5 1 12 14 2 -1 0 0
6 1 16 20 2 -1 2 0
7 1 18 20 2 -1 1 0
8 1 20 22 2 -1 0 0
9 1 24 28 2 -1 2 0
10 1 26 28 2 -1 1 0
11 1 28 30 2 -1 0 0
12 1 32 36 2 -1 2 0
13 1 34 36 2 -1 1 0
14 1 36 38 2 -1 0 0
15 1 40 44 2 -1 2 0
16 1 42 44 2 -1 1 0
17 1 44 46 2 -1 0 0
18 1 48 52 2 -1 2 0
19 1 50 52 2 -1 1 0
20 1 52 54 2 -1 0 0
21 1 56 60 2 -1 2 0
22 1 58 60 2 -1 1 0
23 1 60 62 2 -1 0 0
24 1 64 68 2 -1 2 0
25 1 66 68 2 -1 1 0
26 1 68 70 2 -1 0 0
27 1 72 76 2 -1 2 0
28 1 74 76 2 -1 1 0
29 1 76 78 2 -1 0 0
30 1 80 84 2 -1 2 0
31 1 82 84 2 -1 1 0
32 1 84 86 2 -1 0 0
65 17 30 8 0 0 37 30
0 8 10 18 20 30 32 42 44 52 54 64 66 76 78 88 90 94
2 3 4 55 8 9 54 13 14 15 53 19 20 21 52 25 26 51 30 31 32 50 36 37 38 49 42 43 44 48
4 14 26 38 48 60 72 84


2 1 0 4 2 -1 2 0
3 1 2 4 2 -1 1 0
4 1 4 6 2 -1 0 0
8 1 12 14 2 -1 2 0
9 1 14 16 2 -1 0 0
13 1 22 26 2 -1 2 0
14 1 24 26 2 -1 1 0
15 1 26 28 2 -1 0 0
19 1 34 38 2 -1 2 0
20 1 36 38 2 -1 1 0
21 1 38 40 2 -1 0 0
25 1 46 48 2 -1 2 0
26 1 48 50 2 -1 0 0
30 1 56 60 2 -1 2 0
31 1 58 60 2 -1 1 0
32 1 60 62 2 -1 0 0
36 1 68 72 2 -1 2 0
37 1 70 72 2 -1 1 0
38 1 72 74 2 -1 0 0
42 1 80 84 2 -1 2 0
43 1 82 84 2 -1 1 0
44 1 84 86 2 -1 0 0
48 1 90 92 2 49 -1 0
49 2 78 87 90 90 2 50 -1 0
50 2 66 75 78 78 2 51 -1 0
51 2 54 63 66 66 2 52 -1 0
52 2 44 51 54 54 2 53 -1 0
53 2 32 41 44 44 2 54 -1 0
54 2 20 29 32 32 2 55 -1 0
55 2 10 17 20 20 2 54 -1 0
12 3 10 1 0 0 10 10
0 18 20 22
0 1 2 3 4 5 6 7 8 9
8


0 1 0 8 1 -1 2 1
1 1 0 8 1 -1 1 1
2 1 0 0 1 -1 -1 0
3 1 2 2 1 -1 -1 0
4 1 4 6 2 -1 -1 0
5 1 6 8 2 -1 5 0
6 1 8 10 2 -1 0 0
7 1 10 12 2 -1 -1 0
8 1 12 14 2 -1 -1 0
9 1 14 16 2 -1 -1 0
43 25 30 12 0 0 30 30
0 6 12 18 26 32 38 44 52 60 68 76 84 86 88 90 92 94 96 98 100 102 104 106 108 110
0 1 2 3 4 5 6 7 8 9 10 11 12 13 14 15 16 17 18 19 20 21 22 23 24 25 26 27 28 29
2 8 14 22 28 34 40 48 56 64 72 80


0 1 0 2 2 -1 2 0
1 1 2 4 2 -1 0 0
2 1 6 8 2 -1 2 0
3 1 8 10 2 -1 0 0
4 1 12 14 2 -1 2 0
5 1 14 16 2 -1 0 0
6 1 18 22 2 -1 2 0
7 1 20 22 2 -1 1 0
8 1 22 24 2 -1 0 0
9 1 26 28 2 -1 2 0
10 1 28 30 2 -1 0 0
11 1 32 34 2 -1 2 0
12 1 34 36 2 -1 0 0
13 1 38 40 2 -1 2 0
14 1 40 42 2 -1 0 0
15 1 44 48 2 -1 2 0
16 1 46 48 2 -1 1 0
17 1 48 50 2 -1 0 0
18 1 52 56 2 -1 2 0
19 1 54 56 2 -1 1 0
20 1 56 58 2 -1 0 0
21 1 60 64 2 -1 2 0
22 1 62 64 2 -1 1 0
23 1 64 66 2 -1 0 0
24 1 68 72 2 -1 2 0
25 1 70 72 2 -1 1 0
26 1 72 74 2 -1 0 0
27 1 76 80 2 -1 2 0
28 1 78 80 2 -1 1 0
29 1 80 82 2 -1 0 0
21 13 14 6 0 0 14 14
0 6 12 18 24 32 40 42 44 46 48 50 52 54
0 1 2 3 4 5 6 7 8 9 10 11 12 13
2 8 14 20 28 36


0 1 0 2 2 -1 2 0
1 1 2 4 2 -1 0 0
2 1 6 8 2 -1 2 0
3 1 8 10 2 -1 0 0
4 1 12 14 2 -1 2 0
5 1 14 16 2 -1 0 0
6 1 18 20 2 -1 2 0
7 1 20 22 2 -1 0 0
8 1 24 28 2 -1 2 0
9 1 26 28 2 -1 1 0
10 1 28 30 2 -1 0 0
11 1 32 36 2 -1 2 0
12 1 34 36 2 -1 1 0
13 1 36 38 2 -1 0 0
88 20 41 3 0 0 43 41
0 12 16 20 32 44 50 52 66 70 74 80 82 100 104 108 110 112 114 116 118
0 1 86 19 17 4 6 8 9 20 21 87 24 27 29 30 32 33 35 40 78 53 72 45 46 47 48 50 79 55 81 68 70 58 59 60 61 62 63 65 82
4 6 16


0 1 0 36 5 -1 2 1
1 1 0 12 2 -1 -1 1
4 1 6 16 3 -1 2 0
6 1 8 10 2 -1 -1 0
8 1 12 14 2 -1 -1 0
9 1 16 32 3 -1 0 0
17 1 4 8 2 -1 0 0
19 1 2 4 2 -1 5 0
20 1 20 22 2 -1 -1 0
21 1 22 107 6 -1 -1 0
24 1 26 28 2 -1 -1 0
27 1 28 30 2 -1 -1 0
29 1 32 34 2 -1 -1 0
30 1 34 107 6 -1 -1 0
32 1 36 38 2 -1 -1 0
33 1 38 107 6 -1 -1 0
35 1 40 42 2 -1 -1 0
40 1 44 74 5 -1 -1 0
45 1 54 56 4 -1 -1 0
46 1 56 62 4 -1 -1 0
47 1 58 60 4 -1 -1 0
48 1 60 62 4 -1 -1 0
50 1 62 64 4 -1 -1 0
53 2 52 52 66 73 6 72 -1 0
55 1 74 82 4 70 -1 0
58 1 84 86 4 -1 -1 0
59 1 86 88 4 -1 -1 0
60 1 88 96 4 -1 -1 0
61 1 90 92 4 -1 -1 0
62 1 92 94 4 -1 -1 0
63 1 94 96 4 -1 -1 0
65 1 96 98 4 -1 -1 0
68 2 82 82 100 107 6 70 -1 0
70 1 82 100 8 55 -1 0
72 1 52 66 8 53 -1 0
78 1 46 48 2 -1 -1 0
79 1 70 72 4 -1 -1 0
81 1 76 78 2 -1 -1 0
82 1 104 106 4 -1 -1 0
86 1 0 2 2 -1 -1 0
87 1 24 26 2 -1 -1 0
32 3 24 0 0 0 24 24
0 4 54 56
0 2 3 4 5 6 7 8 9 10 11 12 13 14 15 31 18 19 22 23 24 25 26 27



0 1 0 30 2 -1 -1 1
2 1 0 2 2 -1 -1 0
3 1 4 4 1 -1 -1 0
4 1 6 6 1 -1 -1 0
5 1 8 8 1 -1 -1 0
6 1 10 10 1 -1 -1 0
7 1 12 12 1 -1 -1 0
8 1 14 14 1 -1 -1 0
9 1 16 16 1 -1 -1 0
10 1 18 18 1 -1 -1 0
11 1 20 20 1 -1 -1 0
12 1 22 22 1 -1 -1 0
13 1 24 24 1 -1 -1 0
14 1 26 28 2 -1 -1 0
15 1 28 34 3 -1 -1 0
18 1 34 36 2 -1 -1 0
19 1 36 44 3 -1 -1 0
22 1 38 40 2 -1 -1 0
23 1 40 42 2 -1 -1 0
24 1 44 46 2 -1 -1 0
25 1 46 48 2 -1 -1 0
26 1 48 50 2 -1 -1 0
27 1 50 52 2 -1 -1 0
31 1 30 32 2 -1 -1 0
75 14 38 0 0 0 48 38
0 4 6 10 12 22 28 32 42 44 70 74 78 80 98
0 1 2 4 9 10 12 13 15 17 20 21 28 29 30 31 32 33 35 36 41 42 46 47 48 38 39 51 54 56 62 63 65 66 68 69 70 71



0 3 0 3 5 9 11 12 2 -1 -1 1
1 4 0 3 5 9 11 22 43 60 3 -1 -1 1
2 2 0 31 41 78 4 -1 -1 1
4 1 0 2 2 -1 -1 0
9 1 6 8 2 -1 -1 0
10 2 12 21 43 44 3 -1 -1 0
12 1 14 16 2 -1 -1 0
13 2 16 21 43 66 4 -1 -1 0
15 1 18 20 2 -1 -1 0
17 1 22 32 4 -1 -1 0
20 1 24 26 2 -1 -1 0
21 1 28 30 2 -1 -1 0
28 1 32 34 2 -1 -1 0
29 1 34 36 2 -1 -1 0
30 1 36 38 2 -1 -1 0
31 1 38 40 2 -1 -1 0
32 1 44 46 2 -1 -1 0
33 1 46 48 2 -1 -1 0
35 1 48 50 2 -1 -1 0
36 2 50 77 79 80 4 -1 -1 0
38 1 62 64 2 -1 -1 0
39 1 64 66 2 -1 -1 0
41 1 52 54 2 -1 -1 0
42 1 54 74 2 -1 -1 0
46 1 56 58 2 -1 -1 0
47 1 58 60 2 -1 -1 0
48 2 60 77 79 88 4 -1 -1 0
51 1 66 68 2 -1 -1 0
54 1 70 72 2 -1 -1 0
56 1 74 76 2 -1 -1 0
62 1 80 82 2 -1 -1 0
63 1 82 84 2 -1 -1 0
65 1 84 86 2 -1 -1 0
66 1 86 90 2 -1 -1 0
68 1 88 90 2 -1 -1 0
69 1 90 92 2 -1 -1 0
70 1 92 94 2 -1 -1 0
71 1 94 96 2 -1 -1 0
66 6 48 2 0 0 52 48
0 22 36 50 68 82 114
0 1 2 3 4 5 6 7 8 9 10 11 12 13 14 15 16 18 19 20 21 24 25 28 30 31 32 33 34 35 36 37 45 46 47 48 50 51 52 53 54 55 56 57 65 60 61 62
12 58


0 2 0 21 35 58 2 -1 2 1
1 1 0 12 1 -1 1 1
2 1 0 112 9 -1 -1 1
3 1 0 0 1 -1 -1 0
4 1 2 2 1 -1 -1 0
5 1 4 4 1 -1 -1 0
6 1 6 6 1 -1 -1 0
7 1 8 10 2 -1 -1 0
8 1 10 12 2 -1 5 0
9 2 12 21 35 36 3 -1 0 0
10 1 14 16 2 -1 -1 0
11 1 16 18 2 -1 -1 0
12 1 18 20 2 -1 -1 0
13 1 22 22 1 -1 -1 0
14 1 24 24 1 -1 -1 0
15 1 26 26 1 -1 -1 0
16 1 28 28 1 -1 -1 0
18 1 30 32 2 -1 -1 0
19 2 36 67 81 86 5 -1 -1 0
20 1 38 40 2 -1 -1 0
21 2 40 67 81 98 3 -1 1 0
24 1 42 44 2 -1 -1 0
25 1 44 46 2 -1 -1 0
28 1 46 48 2 -1 -1 0
30 1 50 50 1 -1 -1 0
31 1 52 52 1 -1 -1 0
32 1 54 56 2 -1 -1 0
33 1 56 58 2 -1 5 0
34 1 58 60 2 -1 0 0
35 1 60 62 2 -1 -1 0
36 1 62 64 2 -1 -1 0
37 1 64 66 2 -1 -1 0
45 1 68 68 1 -1 -1 0
46 1 70 70 1 -1 -1 0
47 1 72 72 1 -1 -1 0
48 1 74 74 1 -1 -1 0
50 1 76 78 2 -1 -1 0
51 1 82 84 2 -1 -1 0
52 1 84 102 2 -1 -1 0
53 1 86 88 2 -1 -1 0
54 1 88 106 2 -1 -1 0
55 1 90 90 1 -1 -1 0
56 1 92 92 1 -1 -1 0
57 1 94 94 1 -1 -1 0
60 1 100 102 2 -1 -1 0
61 1 104 106 2 -1 -1 0
62 1 108 110 2 -1 -1 0
65 1 96 98 2 -1 -1 0
4 1 3 0 0 0 3 3
0 6
0 2 3



0 1 0 0 1 -1 -1 1
2 1 0 2 2 -1 -1 0
3 1 2 4 2 -1 -1 0
33 11 27 5 0 0 27 27
0 12 24 36 48 60 62 64 66 68 70 72
0 1 2 3 4 5 6 7 8 9 10 11 12 13 14 15 16 17 18 19 20 21 22 23 24 25 26
8 20 32 44 56


0 1 0 48 5 -1 -1 1
1 1 0 52 5 -1 -1 1
2 1 0 2 2 -1 -1 0
3 1 2 8 2 -1 2 0
4 1 4 6 2 -1 -1 0
5 1 6 8 2 -1 1 0
6 1 8 10 2 -1 0 0
7 1 12 14 2 -1 -1 0
8 1 14 20 2 -1 2 0
9 1 16 18 2 -1 -1 0
10 1 18 20 2 -1 1 0
11 1 20 22 2 -1 0 0
12 1 24 26 2 -1 -1 0
13 1 26 32 2 -1 2 0
14 1 28 30 2 -1 -1 0
15 1 30 32 2 -1 1 0
16 1 32 34 2 -1 0 0
17 1 36 38 2 -1 -1 0
18 1 38 44 2 -1 2 0
19 1 40 42 2 -1 -1 0
20 1 42 44 2 -1 1 0
21 1 44 46 2 -1 0 0
22 1 48 50 2 -1 -1 0
23 1 50 56 2 -1 2 0
24 1 52 54 2 -1 -1 0
25 1 54 56 2 -1 1 0
26 1 56 58 2 -1 0 0
64 7 34 9 0 0 34 34
0 2 4 20 22 38 40 108
0 1 7 8 9 10 11 18 19 20 21 22 29 30 31 32 33 34 39 40 41 42 43 47 48 49 50 51 53 59 60 61 62 63
4 6 8 22 24 26 40 44 46


0 1 0 92 1 -1 -1 1
1 1 0 106 5 -1 -1 1
7 1 4 12 3 -1 2 0
8 1 6 6 1 -1 0 0
9 1 8 96 6 -1 0 0
10 1 10 12 2 -1 -1 0
11 1 14 16 2 -1 -1 0
18 1 22 30 3 -1 2 0
19 1 24 24 1 -1 0 0
20 1 26 100 6 -1 0 0
21 1 28 30 2 -1 -1 0
22 1 32 34 2 -1 -1 0
29 1 40 86 4 -1 2 0
30 1 42 44 2 -1 5 0
31 1 44 44 1 -1 0 0
32 1 46 104 4 -1 0 0
33 1 48 50 2 -1 -1 0
34 1 52 54 2 -1 -1 0
39 1 56 58 2 -1 -1 0
40 1 58 60 2 -1 -1 0
41 1 62 64 2 -1 -1 0
42 1 64 66 2 -1 -1 0
43 1 66 68 2 -1 -1 0
47 1 70 72 2 -1 -1 0
48 1 72 74 2 -1 -1 0
49 1 76 78 2 -1 -1 0
50 1 78 80 2 -1 -1 0
51 1 80 82 2 -1 -1 0
53 1 84 88 2 -1 -1 0
59 1 86 88 2 -1 -1 0
60 1 90 92 2 -1 -1 0
61 1 94 96 2 -1 -1 0
62 1 98 100 2 -1 -1 0
63 1 102 104 2 -1 -1 0
16 1 15 3 0 0 15 15
0 38
0 2 3 4 5 6 7 8 9 10 11 12 13 14 15
0 22 26


0 1 0 30 3 -1 0 0
2 1 2 24 2 -1 -1 0
3 1 4 4 1 -1 -1 0
4 1 6 6 1 -1 -1 0
5 1 8 8 1 -1 -1 0
6 1 10 10 1 -1 -1 0
7 1 12 12 1 -1 -1 0
8 1 14 14 1 -1 -1 0
9 1 16 16 1 -1 -1 0
10 1 18 20 2 -1 -1 0
11 1 20 22 2 -1 2 0
12 1 22 24 2 -1 0 0
13 1 26 36 4 -1 0 0
14 1 28 30 2 -1 -1 0
15 1 32 34 2 -1 -1 0
30 13 23 6 0 0 23 23
0 8 16 24 32 40 56 58 60 62 64 66 68 70
0 1 2 3 4 5 6 7 8 9 10 11 12 13 14 15 16 17 18 19 20 21 22
4 12 20 28 36 52


0 1 0 48 8 -1 -1 1
1 1 0 2 2 -1 -1 0
2 1 2 4 2 -1 2 0
3 1 4 6 2 -1 0 0
4 1 8 10 2 -1 -1 0
5 1 10 12 2 -1 2 0
6 1 12 14 2 -1 0 0
7 1 16 18 2 -1 -1 0
8 1 18 20 2 -1 2 0
9 1 20 22 2 -1 0 0
10 1 24 26 2 -1 -1 0
11 1 26 28 2 -1 2 0
12 1 28 30 2 -1 0 0
13 1 32 34 2 -1 -1 0
14 1 34 36 2 -1 2 0
15 1 36 38 2 -1 0 0
16 1 40 42 2 -1 -1 0
17 1 42 52 2 -1 2 0
18 1 44 46 2 -1 -1 0
19 1 46 52 2 -1 1 0
20 1 48 50 2 -1 -1 0
21 1 50 52 2 -1 5 0
22 1 52 54 2 -1 0 0
64 7 34 9 0 0 34 34
0 2 4 20 22 38 40 108
0 1 7 8 9 10 11 18 19 20 21 22 29 30 31 32 33 34 39 40 41 42 43 47 48 49 50 51 53 59 60 61 62 63
4 6 8 22 24 26 40 44 46


0 1 0 92 1 -1 -1 1
1 1 0 106 5 -1 -1 1
7 1 4 12 3 -1 2 0
8 1 6 6 1 -1 0 0
9 1 8 96 6 -1 0 0
10 1 10 12 2 -1 -1 0
11 1 14 16 2 -1 -1 0
18 1 22 30 3 -1 2 0
19 1 24 24 1 -1 0 0
20 1 26 100 6 -1 0 0
21 1 28 30 2 -1 -1 0
22 1 32 34 2 -1 -1 0
29 1 40 86 4 -1 2 0
30 1 42 44 2 -1 5 0
31 1 44 44 1 -1 0 0
32 1 46 104 4 -1 0 0
33 1 48 50 2 -1 -1 0
34 1 52 54 2 -1 -1 0
39 1 56 58 2 -1 -1 0
40 1 58 60 2 -1 -1 0
41 1 62 64 2 -1 -1 0
42 1 64 66 2 -1 -1 0
43 1 66 68 2 -1 -1 0
47 1 70 72 2 -1 -1 0
48 1 72 74 2 -1 -1 0
49 1 76 78 2 -1 -1 0
50 1 78 80 2 -1 -1 0
51 1 80 82 2 -1 -1 0
53 1 84 88 2 -1 -1 0
59 1 86 88 2 -1 -1 0
60 1 90 92 2 -1 -1 0
61 1 94 96 2 -1 -1 0
62 1 98 100 2 -1 -1 0
63 1 102 104 2 -1 -1 0
62 4 29 2 0 0 32 29
0 44 54 60 70
0 53 34 58 38 59 40 60 42 3 4 43 44 47 48 49 50 51 52 7 9 10 12 13 18 19 25 61 32
56 66


0 1 0 56 4 -1 2 1
3 1 18 20 2 -1 -1 0
4 2 20 53 59 66 3 -1 2 0
7 1 40 42 2 -1 -1 0
9 1 44 46 2 -1 -1 0
10 1 46 48 2 -1 -1 0
12 1 48 50 2 -1 -1 0
13 1 50 52 2 -1 -1 0
18 1 54 56 2 -1 1 0
19 1 56 56 1 -1 0 0
25 1 60 64 2 -1 -1 0
32 1 66 68 2 -1 0 0
34 1 2 10 3 -1 -1 0
38 1 6 8 2 -1 -1 0
40 2 12 53 59 62 3 -1 -1 0
42 2 16 53 59 66 4 -1 1 0
43 1 22 24 2 -1 -1 0
44 1 24 32 3 -1 -1 0
47 1 26 28 2 -1 -1 0
48 1 28 30 2 -1 -1 0
49 1 32 34 2 -1 -1 0
50 1 34 36 2 -1 -1 0
51 1 36 38 2 -1 -1 0
52 1 38 40 2 -1 -1 0
53 1 0 2 2 -1 -1 0
58 1 4 6 2 -1 -1 0
59 1 10 12 2 -1 -1 0
60 1 14 16 2 -1 -1 0
61 1 62 64 2 -1 -1 0
29 5 24 3 0 0 27 24
0 6 20 24 44 62
0 1 2 5 6 7 8 9 11 13 14 15 16 17 18 19 20 21 22 23 24 25 26 28
0 32 46


0 3 0 5 19 32 43 46 3 -1 2 1
1 1 0 60 7 -1 -1 1
2 2 0 5 19 20 3 -1 0 0
5 1 2 4 2 -1 -1 0
6 1 6 6 1 -1 -1 0
7 1 8 8 1 -1 -1 0
8 1 10 10 1 -1 -1 0
9 1 12 12 1 -1 -1 0
11 1 14 16 2 -1 -1 0
13 1 20 22 2 -1 -1 0
14 1 24 24 1 -1 -1 0
15 1 26 26 1 -1 -1 0
16 1 28 30 2 -1 -1 0
17 1 30 32 2 -1 1 0
18 1 32 40 2 -1 0 0
19 1 34 36 2 -1 -1 0
20 1 38 40 2 -1 -1 0
21 1 44 46 2 -1 1 0
22 1 46 46 1 -1 0 0
23 1 48 48 1 -1 -1 0
24 1 50 50 1 -1 -1 0
25 1 52 52 1 -1 -1 0
26 1 54 54 1 -1 -1 0
28 1 56 58 2 -1 -1 0
74 10 53 5 0 0 55 53
0 6 10 14 22 24 78 92 94 134 144
0 1 2 4 5 6 7 8 66 30 63 12 13 14 15 16 17 18 19 20 21 22 23 24 25 26 27 28 29 68 31 32 33 73 54 59 38 39 40 41 42 43 44 45 47 48 49 50 51 52 72 55 56
0 10 16 78 110


0 1 0 133 3 -1 2 1
1 1 0 142 3 -1 -1 1
2 1 0 140 12 -1 0 0
4 1 2 4 2 -1 -1 0
5 1 6 8 2 -1 -1 0
6 1 10 10 1 -1 0 0
7 1 14 16 2 -1 2 0
8 1 16 82 4 -1 0 0
12 1 26 26 2 -1 -1 0
13 1 28 28 2 -1 -1 0
14 1 30 30 2 -1 -1 0
15 1 32 34 4 -1 -1 0
16 1 34 64 6 -1 -1 0
17 1 36 38 4 -1 -1 0
18 1 40 40 2 -1 -1 0
19 1 42 42 2 -1 -1 0
20 1 44 44 2 -1 -1 0
21 1 46 46 2 -1 -1 0
22 1 48 48 2 -1 -1 0
23 1 50 52 4 -1 -1 0
24 1 52 70 10 -1 -1 0
25 1 54 56 4 -1 -1 0
26 1 58 60 4 -1 -1 0
27 1 62 64 4 -1 -1 0
28 1 66 68 4 -1 -1 0
29 1 68 70 4 -1 -1 0
30 2 24 24 72 77 6 63 -1 0
31 1 78 136 8 -1 0 0
32 1 80 82 2 -1 -1 0
33 1 84 86 2 -1 -1 0
38 1 96 96 2 -1 -1 0
39 1 98 98 2 -1 -1 0
40 1 100 100 2 -1 -1 0
41 1 102 102 2 -1 -1 0
42 1 104 104 2 -1 -1 0
43 1 106 108 4 -1 -1 0
44 1 108 110 4 -1 1 0
45 1 110 126 4 -1 0 0
47 1 112 114 4 -1 -1 0
48 1 114 116 4 -1 -1 0
49 1 118 120 4 -1 -1 0
50 1 120 124 4 -1 -1 0
51 1 122 124 4 -1 -1 0
52 1 124 126 4 -1 -1 0
54 2 94 94 128 133 6 59 -1 0
55 1 134 136 2 -1 -1 0
56 1 138 140 2 -1 -1 0
59 1 94 128 8 54 -1 0
63 1 24 72 6 30 -1 0
66 1 18 20 2 -1 -1 0
68 1 74 76 4 -1 -1 0
72 1 130 132 4 -1 -1 0
73 1 88 90 2 -1 -1 0
9 5 6 2 0 0 9 6
0 6 8 12 14 20
0 1 4 6 7 8
0 16


0 3 0 5 7 11 13 16 2 -1 2 1
1 2 0 5 7 8 3 -1 0 0
4 1 2 4 2 -1 -1 0
6 1 8 10 2 -1 -1 0
7 1 14 16 2 -1 1 0
8 1 16 16 1 -1 0 0
91 12 61 9 0 0 63 61
0 6 10 14 22 24 36 38 96 110 112 162 172
0 1 2 4 5 6 7 8 79 39 76 12 13 88 19 20 21 22 24 25 26 27 28 29 30 31 32 89 34 35 36 37 38 81 40 41 42 90 67 72 48 49 50 51 52 53 54 55 56 57 58 59 60 61 62 63 64 65 85 68 69
0 10 16 38 40 96 128 134 142


0 1 0 161 5 -1 2 1
1 1 0 170 3 -1 -1 1
2 1 0 168 12 -1 0 0
4 1 2 4 2 -1 -1 0
5 1 6 8 2 -1 -1 0
6 1 10 10 1 -1 0 0
7 1 14 16 2 -1 2 0
8 1 16 100 4 -1 0 0
12 1 26 28 4 -1 -1 0
13 1 28 72 6 -1 -1 0
19 1 38 44 4 -1 0 0
20 1 40 58 8 -1 0 0
21 1 42 44 4 -1 -1 0
22 1 46 48 4 -1 -1 0
24 1 50 50 2 -1 -1 0
25 1 52 54 4 -1 -1 0
26 1 54 82 8 -1 -1 0
27 1 56 58 4 -1 -1 0
28 1 60 62 4 -1 -1 0
29 1 64 64 2 -1 -1 0
30 1 66 66 2 -1 -1 0
31 1 68 70 4 -1 -1 0
32 1 70 88 8 -1 -1 0
34 1 74 78 4 -1 -1 0
35 1 76 78 4 -1 -1 0
36 1 80 82 4 -1 -1 0
37 1 84 86 4 -1 -1 0
38 1 86 88 4 -1 -1 0
39 2 24 24 90 95 6 76 -1 0
40 1 96 164 8 -1 0 0
41 1 98 100 2 -1 -1 0
42 1 102 104 2 -1 -1 0
48 1 114 116 4 -1 -1 0
49 1 116 118 4 -1 -1 0
50 1 120 122 4 -1 -1 0
51 1 122 126 4 -1 -1 0
52 1 124 126 4 -1 -1 0
53 1 126 152 6 -1 -1 0
54 1 128 134 4 -1 2 0
55 1 130 132 4 -1 -1 0
56 1 132 134 4 -1 1 0
57 1 134 144 4 -1 0 0
58 1 136 136 2 -1 -1 0
59 1 138 140 4 -1 -1 0
60 1 140 142 4 -1 1 0
61 1 142 154 4 -1 0 0
62 1 144 146 4 -1 -1 0
63 1 146 150 4 -1 -1 0
64 1 148 150 4 -1 -1 0
65 1 152 154 4 -1 -1 0
67 2 112 112 156 161 6 72 -1 0
68 1 162 164 2 -1 -1 0
69 1 166 168 2 -1 -1 0
72 1 112 156 8 67 -1 0
76 1 24 90 6 39 -1 0
79 1 18 20 2 -1 -1 0
81 1 92 94 4 -1 -1 0
85 1 158 160 4 -1 -1 0
88 1 30 32 4 -1 -1 0
89 1 72 74 4 -1 -1 0
90 1 106 108 2 -1 -1 0
33 1 32 10 0 0 32 32
0 82
0 1 2 3 4 5 6 7 8 9 10 28 29 30 31 32 12 13 14 15 16 17 18 19 20 21 22 23 24 25 26 27
10 12 14 16 18 20 22 24 26 28


0 1 0 24 8 -1 2 1
1 1 0 80 9 -1 -1 1
2 1 0 0 1 -1 -1 0
3 1 2 2 1 -1 -1 0
4 1 4 4 1 -1 -1 0
5 1 6 8 2 -1 -1 0
6 1 8 10 2 -1 1 0
7 1 10 46 2 -1 0 0
8 1 12 50 2 -1 0 0
9 1 14 54 3 -1 0 0
10 1 16 66 3 -1 0 0
12 1 28 78 4 -1 0 0
13 1 30 34 2 -1 -1 0
14 1 32 38 2 -1 -1 0
15 1 36 38 2 -1 -1 0
16 1 40 42 2 -1 -1 0
17 1 44 46 2 -1 -1 0
18 1 48 50 2 -1 -1 0
19 1 52 58 2 -1 -1 0
20 1 54 62 2 -1 -1 0
21 1 56 58 2 -1 -1 0
22 1 60 62 2 -1 -1 0
23 1 64 70 2 -1 -1 0
24 1 66 74 2 -1 -1 0
25 1 68 70 2 -1 -1 0
26 1 72 74 2 -1 -1 0
27 1 76 78 2 -1 -1 0
28 1 18 26 2 -1 2 0
29 1 20 26 2 -1 1 0
30 1 22 26 2 -1 5 0
31 1 24 26 2 -1 4 0
32 1 26 32 3 -1 0 0
16 9 12 4 0 0 21 12
0 4 8 12 16 20 24 30 34 36
0 1 2 4 5 7 8 9 10 11 13 14
4 12 20 30


0 4 0 3 7 11 15 19 23 24 2 -1 -1 1
1 4 0 3 7 11 15 19 23 24 3 -1 -1 1
2 4 0 3 7 11 15 19 23 26 2 -1 -1 1
4 1 0 2 2 -1 -1 0
5 1 4 4 1 -1 0 0
7 1 8 10 2 -1 -1 0
8 1 12 12 1 -1 0 0
9 1 16 18 2 -1 -1 0
10 1 20 20 1 -1 0 0
11 1 24 26 2 -1 -1 0
13 1 26 28 2 -1 -1 0
14 1 30 30 1 -1 0 0
8 3 6 1 0 0 8 6
0 4 6 14
0 1 3 5 6 7
12


0 2 0 3 5 12 2 -1 2 1
1 2 0 3 5 10 2 -1 -1 1
3 1 0 2 2 -1 -1 0
5 1 6 8 2 -1 -1 0
6 1 8 10 2 -1 -1 0
7 1 10 12 2 -1 1 0
1 1 1 1 0 0 1 1
0 2
0
0


0 1 0 0 1 -1 2 1
2 1 1 1 0 0 1 1
0 2
0
0


0 1 0 0 1 -1 1 1
21 4 16 1 0 0 16 16
0 22 28 32 38
0 1 2 3 4 5 6 8 9 11 12 15 16 17 19 20
28


0 1 0 12 2 -1 -1 1
1 1 0 2 2 -1 -1 0
2 1 2 8 3 -1 -1 0
3 1 4 6 2 -1 -1 0
4 1 6 32 2 -1 -1 0
5 1 8 10 2 -1 -1 0
6 1 10 16 2 -1 -1 0
8 1 12 14 2 -1 -1 0
9 1 14 34 3 -1 -1 0
11 1 16 24 3 -1 -1 0
12 1 18 20 2 -1 -1 0
15 1 22 24 2 -1 -1 0
16 1 24 26 2 -1 -1 0
17 1 28 28 1 -1 0 0
19 1 32 34 2 -1 -1 0
20 1 34 36 2 -1 -1 0
2 1 1 1 0 0 1 1
0 2
0
0


0 1 0 0 1 -1 1 1
5 1 5 1 0 0 5 5
0 8
0 1 2 3 4
2


0 1 0 4 2 -1 -1 1
1 1 0 2 1 -1 1 1
2 1 0 6 2 -1 -1 1
3 1 0 2 2 -1 2 0
4 1 2 2 1 -1 0 0
0 1 0 0 0 0 0 0
0 2




9 3 4 2 0 0 4 4
0 2 4 18
5 6 7 8
4 6


5 1 4 10 2 -1 0 0
6 1 6 16 4 -1 0 0
7 1 8 10 2 -1 -1 0
8 1 12 14 2 -1 -1 0
27 3 16 9 0 0 16 16
0 2 4 40
0 5 6 7 8 9 13 22 23 24 15 25 26 17 19 20
4 6 8 18 24 26 32 34 36


0 1 0 34 1 -1 2 1
5 1 4 12 3 -1 2 0
6 1 6 6 1 -1 0 0
7 1 8 38 7 -1 2 0
8 1 10 12 2 -1 -1 0
9 1 14 16 2 -1 -1 0
13 1 18 18 1 -1 0 0
15 1 26 28 2 -1 0 0
17 1 32 32 1 -1 0 0
19 1 34 36 2 -1 5 0
20 1 36 36 1 -1 0 0
22 1 20 22 2 -1 -1 0
23 1 22 26 3 -1 5 0
24 1 24 24 1 -1 0 0
25 1 28 30 2 -1 -1 0
26 1 30 32 2 -1 5 0
56 1 9 8 0 0 9 9
0 18
0 17 22 27 32 37 42 47 52
0 2 4 6 8 10 12 14


0 1 0 14 8 -1 2 1
17 1 0 0 1 -1 0 0
22 1 2 2 1 -1 0 0
27 1 4 4 1 -1 0 0
32 1 6 6 1 -1 0 0
37 1 8 8 1 -1 0 0
42 1 10 10 1 -1 0 0
47 1 12 12 1 -1 0 0
52 1 14 14 1 -1 0 0
310 13 156 0 18 0 165 156
0 4 14 16 22 26 32 36 40 274 300 302 330 334
0 1 2 33 18 19 20 21 37 39 38 303 304 305 308 61 301 62 299 64 67 68 69 71 73 76 79 82 83 84 86 88 91 94 97 98 99 101 103 106 109 112 113 114 116 118 121 124 127 128 129 131 133 136 139 142 143 144 146 148 151 154 157 158 159 161 163 166 169 172 173 174 176 178 181 184 187 188 189 191 193 196 199 202 203 204 206 208 211 214 217 218 219 221 223 226 229 232 233 234 236 238 241 244 247 248 249 251 253 256 259 262 263 264 266 268 271 274 277 278 279 281 283 286 289 292 293 294 296 298 307 43 58 44 56 46 47 49 50 51 53 55 60 16 29 27 34 9 10 22 23 24 12 14 36 28

54 68 82 96 110 124 138 152 166 180 194 208 222 236 250 264 290 320

0 1 0 8 2 -1 -1 1
1 1 0 329 7 -1 -1 1
2 1 0 329 8 -1 -1 1
9 1 306 318 4 -1 -1 0
10 1 308 312 6 -1 -1 0
12 1 318 320 4 -1 -1 0
14 1 320 322 4 34 -1 0
16 2 302 302 324 329 6 29 -1 0
18 1 4 6 2 -1 -1 0
19 2 6 25 299 329 4 -1 -1 0
20 1 8 10 2 -1 -1 0
21 1 10 329 6 -1 -1 0
22 1 312 314 4 -1 -1 0
23 1 314 316 4 -1 -1 0
24 1 316 318 4 -1 -1 0
27 1 304 306 4 34 -1 0
28 1 330 332 2 34 -1 0
29 1 302 324 6 16 -1 0
33 1 0 2 2 -1 -1 0
34 2 304 304 322 330 5 27 -1 0
36 1 326 328 4 -1 -1 0
37 1 16 18 2 -1 -1 0
38 1 22 24 2 -1 -1 0
39 1 18 20 2 -1 -1 0
43 1 274 294 6 58 -1 0
44 1 276 278 4 56 -1 0
46 1 278 288 4 -1 -1 0
47 1 280 282 4 -1 -1 0
49 1 282 284 4 -1 -1 0
50 1 284 286 4 -1 -1 0
51 1 286 288 4 -1 -1 0
53 1 288 290 4 -1 -1 0
55 1 290 292 4 56 -1 0
56 3 276 276 292 299 330 330 5 44 -1 0
58 2 274 274 294 299 6 43 -1 0
60 1 296 298 4 -1 -1 0
61 1 40 268 36 301 -1 0
62 1 42 44 4 299 -1 0
64 1 44 52 4 -1 -1 0
67 1 46 48 4 -1 -1 0
68 1 48 50 4 -1 -1 0
69 1 50 52 4 -1 -1 0
71 1 52 54 4 -1 -1 0
73 1 54 58 4 -1 -1 0
76 1 56 60 4 -1 -1 0
79 1 58 66 4 -1 -1 0
82 1 60 62 4 -1 -1 0
83 1 62 64 4 -1 -1 0
84 1 64 66 4 -1 -1 0
86 1 66 68 4 -1 -1 0
88 1 68 72 4 -1 -1 0
91 1 70 74 4 -1 -1 0
94 1 72 80 4 -1 -1 0
97 1 74 76 4 -1 -1 0
98 1 76 78 4 -1 -1 0
99 1 78 80 4 -1 -1 0
101 1 80 82 4 -1 -1 0
103 1 82 86 4 -1 -1 0
106 1 84 88 4 -1 -1 0
109 1 86 94 4 -1 -1 0
112 1 88 90 4 -1 -1 0
113 1 90 92 4 -1 -1 0
114 1 92 94 4 -1 -1 0
116 1 94 96 4 -1 -1 0
118 1 96 100 4 -1 -1 0
121 1 98 102 4 -1 -1 0
124 1 100 108 4 -1 -1 0
127 1 102 104 4 -1 -1 0
128 1 104 106 4 -1 -1 0
129 1 106 108 4 -1 -1 0
131 1 108 110 4 -1 -1 0
133 1 110 114 4 -1 -1 0
136 1 112 116 4 -1 -1 0
139 1 114 122 4 -1 -1 0
142 1 116 118 4 -1 -1 0
143 1 118 120 4 -1 -1 0
144 1 120 122 4 -1 -1 0
146 1 122 124 4 -1 -1 0
148 1 124 128 4 -1 -1 0
151 1 126 130 4 -1 -1 0
154 1 128 136 4 -1 -1 0
157 1 130 132 4 -1 -1 0
158 1 132 134 4 -1 -1 0
159 1 134 136 4 -1 -1 0
161 1 136 138 4 -1 -1 0
163 1 138 142 4 -1 -1 0
166 1 140 144 4 -1 -1 0
169 1 142 150 4 -1 -1 0
172 1 144 146 4 -1 -1 0
173 1 146 148 4 -1 -1 0
174 1 148 150 4 -1 -1 0
176 1 150 152 4 -1 -1 0
178 1 152 156 4 -1 -1 0
181 1 154 158 4 -1 -1 0
184 1 156 164 4 -1 -1 0
187 1 158 160 4 -1 -1 0
188 1 160 162 4 -1 -1 0
189 1 162 164 4 -1 -1 0
191 1 164 166 4 -1 -1 0
193 1 166 170 4 -1 -1 0
196 1 168 172 4 -1 -1 0
199 1 170 178 4 -1 -1 0
202 1 172 174 4 -1 -1 0
203 1 174 176 4 -1 -1 0
204 1 176 178 4 -1 -1 0
206 1 178 180 4 -1 -1 0
208 1 180 184 4 -1 -1 0
211 1 182 186 4 -1 -1 0
214 1 184 192 4 -1 -1 0
217 1 186 188 4 -1 -1 0
218 1 188 190 4 -1 -1 0
219 1 190 192 4 -1 -1 0
221 1 192 194 4 -1 -1 0
223 1 194 198 4 -1 -1 0
226 1 196 200 4 -1 -1 0
229 1 198 206 4 -1 -1 0
232 1 200 202 4 -1 -1 0
233 1 202 204 4 -1 -1 0
234 1 204 206 4 -1 -1 0
236 1 206 208 4 -1 -1 0
238 1 208 212 4 -1 -1 0
241 1 210 214 4 -1 -1 0
244 1 212 220 4 -1 -1 0
247 1 214 216 4 -1 -1 0
248 1 216 218 4 -1 -1 0
249 1 218 220 4 -1 -1 0
251 1 220 222 4 -1 -1 0
253 1 222 226 4 -1 -1 0
256 1 224 228 4 -1 -1 0
259 1 226 234 4 -1 -1 0
262 1 228 230 4 -1 -1 0
263 1 230 232 4 -1 -1 0
264 1 232 234 4 -1 -1 0
266 1 234 236 4 -1 -1 0
268 1 236 240 4 -1 -1 0
271 1 238 242 4 -1 -1 0
274 1 240 248 4 -1 -1 0
277 1 242 244 4 -1 -1 0
278 1 244 246 4 -1 -1 0
279 1 246 248 4 -1 -1 0
281 1 248 250 4 -1 -1 0
283 1 250 254 4 -1 -1 0
286 1 252 256 4 -1 -1 0
289 1 254 262 4 -1 -1 0
292 1 256 258 4 -1 -1 0
293 1 258 260 4 -1 -1 0
294 1 260 262 4 -1 -1 0
296 1 262 264 4 -1 -1 0
298 1 264 266 4 299 -1 0
299 3 42 42 266 273 276 276 6 62 -1 0
301 2 40 40 268 274 8 61 -1 0
303 1 26 273 5 -1 -1 0
304 1 28 30 2 -1 -1 0
305 1 32 34 2 -1 -1 0
307 1 270 272 4 -1 -1 0
308 1 36 273 33 -1 -1 0
67 7 65 6 0 0 68 65
0 26 54 82 106 122 138 154
0 1 2 3 4 5 6 7 8 9 10 11 12 13 14 15 17 18 19 20 21 22 23 24 25 26 27 28 16 30 31 32 33 34 35 36 37 38 39 40 41 60 61 62 63 64 65 66 43 44 45 46 47 48 49 50 51 52 53 54 55 56 57 58 59
16 44 72 110 126 142


0 1 0 16 1 -1 2 1
1 4 0 81 105 110 121 126 137 142 3 -1 1 1
2 1 0 152 12 -1 -1 1
3 1 0 0 1 -1 -1 0
4 1 2 2 1 -1 -1 0
5 1 4 4 1 -1 -1 0
6 1 6 6 1 -1 -1 0
7 1 8 8 1 -1 -1 0
8 1 10 10 1 -1 -1 0
9 1 12 14 2 -1 -1 0
10 1 14 16 2 -1 1 0
11 1 16 54 4 -1 0 0
12 1 18 20 2 -1 -1 0
13 1 20 22 2 -1 -1 0
14 1 22 24 2 -1 -1 0
15 1 26 44 2 -1 2 0
16 1 54 72 2 -1 2 0
17 1 28 28 1 -1 -1 0
18 1 30 30 1 -1 -1 0
19 1 32 32 1 -1 -1 0
20 1 34 34 1 -1 -1 0
21 1 36 36 1 -1 -1 0
22 1 38 38 1 -1 -1 0
23 1 40 42 2 -1 -1 0
24 1 42 44 2 -1 1 0
25 1 44 82 3 -1 0 0
26 1 46 48 2 -1 -1 0
27 1 48 50 2 -1 -1 0
28 1 50 52 2 -1 -1 0
30 1 56 56 1 -1 -1 0
31 1 58 58 1 -1 -1 0
32 1 60 60 1 -1 -1 0
33 1 62 62 1 -1 -1 0
34 1 64 64 1 -1 -1 0
35 1 66 66 1 -1 -1 0
36 1 68 70 2 -1 -1 0
37 1 70 72 2 -1 1 0
38 1 72 74 2 -1 0 0
39 1 74 76 2 -1 -1 0
40 1 76 78 2 -1 -1 0
41 1 78 80 2 -1 -1 0
43 1 96 98 2 -1 -1 0
44 1 100 102 2 -1 -1 0
45 1 106 110 2 -1 2 0
46 1 108 110 2 -1 5 0
47 1 110 118 2 -1 0 0
48 1 112 114 2 -1 -1 0
49 1 116 118 2 -1 -1 0
50 1 122 126 2 -1 2 0
51 1 124 126 2 -1 5 0
52 1 126 134 2 -1 0 0
53 1 128 130 2 -1 -1 0
54 1 132 134 2 -1 -1 0
55 1 138 142 2 -1 2 0
56 1 140 142 2 -1 5 0
57 1 142 150 2 -1 0 0
58 1 144 146 2 -1 -1 0
59 1 148 150 2 -1 -1 0
60 1 82 84 2 -1 -1 0
61 1 84 86 2 -1 -1 0
62 1 86 92 2 -1 -1 0
63 1 88 90 2 -1 -1 0
64 1 90 92 2 -1 -1 0
65 1 92 94 2 -1 -1 0
66 1 94 102 2 -1 -1 0
151 26 76 8 0 0 104 76
0 12 18 22 48 54 74 88 100 104 106 120 134 146 150 152 166 168 174 178 182 186 188 190 192 196 200
0 1 66 68 69 8 29 35 139 131 133 11 17 18 19 20 21 22 23 24 25 27 30 32 36 40 41 42 43 44 45 46 47 48 70 71 72 73 74 78 79 80 82 83 86 87 90 91 92 93 94 98 99 100 101 102 103 107 108 109 111 112 115 116 119 120 121 122 123 127 49 52 54 56 58 150
38 40 42 70 82 114 128 160


0 3 0 173 177 181 185 195 5 -1 2 1
1 3 0 173 177 181 185 195 2 -1 1 1
8 2 6 11 14 14 3 133 -1 0
11 1 18 20 4 -1 -1 0
17 1 22 22 2 -1 -1 0
18 1 24 24 2 -1 -1 0
19 1 26 26 2 -1 -1 0
20 1 28 28 2 -1 -1 0
21 1 30 30 2 -1 -1 0
22 1 32 32 2 -1 -1 0
23 1 34 36 4 -1 -1 0
24 1 36 38 4 -1 5 0
25 3 38 99 105 145 151 152 16 -1 2 0
27 2 40 47 196 196 5 150 2 0
29 3 8 173 177 181 185 195 3 -1 1 0
30 1 42 44 4 -1 0 0
32 1 44 46 4 -1 -1 0
35 4 12 12 48 173 177 181 185 195 8 139 1 0
36 1 50 52 4 -1 -1 0
40 1 54 54 2 -1 -1 0
41 1 56 56 2 -1 -1 0
42 1 58 58 2 -1 -1 0
43 1 60 60 2 -1 -1 0
44 1 62 62 2 -1 -1 0
45 1 64 64 2 -1 -1 0
46 1 66 68 4 -1 -1 0
47 1 68 70 4 -1 5 0
48 3 70 99 105 145 151 156 14 -1 0 0
49 2 168 173 177 178 6 123 -1 0
52 1 170 172 4 -1 -1 0
54 2 174 177 196 196 2 150 -1 0
56 1 178 180 4 -1 -1 0
58 2 182 185 196 196 2 150 -1 0
66 1 0 2 2 -1 -1 0
68 1 2 4 2 -1 -1 0
69 3 4 173 177 181 185 195 5 -1 -1 0
70 1 74 76 4 -1 -1 0
71 1 76 82 4 -1 2 0
72 1 78 80 4 -1 -1 0
73 1 80 82 4 -1 1 0
74 2 82 87 168 168 6 49 0 0
78 1 84 86 4 -1 -1 0
79 1 88 90 4 -1 -1 0
80 1 90 100 6 -1 -1 0
82 1 92 94 4 -1 -1 0
83 1 94 100 6 -1 -1 0
86 1 96 98 4 -1 -1 0
87 1 100 102 4 -1 -1 0
90 1 106 108 4 -1 -1 0
91 1 108 114 4 -1 2 0
92 1 110 112 4 -1 -1 0
93 1 112 114 4 -1 1 0
94 2 114 119 168 168 6 49 0 0
98 1 116 118 4 -1 -1 0
99 1 120 122 4 -1 -1 0
100 1 122 128 4 -1 2 0
101 1 124 126 4 -1 -1 0
102 1 126 128 4 -1 1 0
103 2 128 133 168 168 6 49 0 0
107 1 130 132 4 -1 -1 0
108 1 134 136 4 -1 -1 0
109 1 136 146 6 -1 -1 0
111 1 138 140 4 -1 -1 0
112 1 140 146 6 -1 -1 0
115 1 142 144 4 -1 -1 0
116 1 146 148 4 -1 -1 0
119 1 152 154 4 -1 -1 0
120 1 154 160 4 -1 2 0
121 1 156 158 4 -1 -1 0
122 1 158 160 4 -1 1 0
123 2 160 165 168 168 6 49 0 0
127 1 162 164 4 -1 -1 0
131 2 14 14 192 195 4 133 -1 0
133 4 14 173 177 181 185 192 196 196 5 131 -1 0
139 1 12 48 8 35 1 0
150 1 196 198 2 27 -1 0
6 1 4 1 0 0 4 4
0 6
0 1 2 4
4


0 1 0 4 1 -1 2 1
1 1 0 4 1 -1 3 1
2 1 0 4 2 -1 1 0
4 1 2 4 2 -1 4 0
13 3 10 2 0 0 11 10
0 10 14 24
0 9 11 12 3 4 5 6 7 8
16 20


0 2 0 9 13 16 2 -1 2 1
3 1 6 8 2 -1 -1 0
4 1 10 12 2 -1 -1 0
5 1 14 20 2 -1 2 0
6 1 16 20 2 -1 1 0
7 1 18 20 2 -1 5 0
8 1 20 22 2 -1 0 0
9 1 0 2 2 -1 -1 0
11 1 2 4 2 -1 -1 0
12 1 4 6 2 -1 -1 0
18 11 10 0 0 0 13 10
0 4 8 12 16 20 26 28 30 32 34 36
0 1 2 4 6 8 9 10 11 12



0 2 0 3 7 20 2 -1 -1 1
1 2 0 4 7 20 4 -1 -1 1
2 2 0 3 7 22 3 -1 -1 1
4 1 0 2 2 -1 -1 0
6 1 4 6 2 -1 -1 0
8 1 8 10 2 -1 -1 0
9 1 12 14 2 -1 -1 0
10 1 16 18 2 -1 -1 0
11 1 20 22 2 -1 -1 0
12 1 22 24 2 -1 -1 0
26 1 25 7 0 0 25 25
0 70
0 2 3 4 5 6 7 8 9 10 11 12 13 14 15 16 17 18 19 20 21 22 23 24 25
14 16 18 20 22 24 26


0 1 0 68 11 -1 -1 1
2 1 0 38 2 -1 -1 0
3 1 2 2 1 -1 -1 0
4 1 4 4 1 -1 -1 0
5 1 6 6 1 -1 -1 0
6 1 8 8 1 -1 -1 0
7 1 10 12 2 -1 -1 0
8 1 12 14 2 -1 2 0
9 1 14 42 2 -1 0 0
10 1 16 46 2 -1 0 0
11 1 18 50 2 -1 0 0
12 1 20 54 2 -1 0 0
13 1 22 58 2 -1 0 0
14 1 24 62 2 -1 0 0
15 1 26 66 2 -1 0 0
16 1 28 30 2 -1 -1 0
17 1 32 34 2 -1 -1 0
18 1 36 38 2 -1 -1 0
19 1 40 42 2 -1 -1 0
20 1 44 46 2 -1 -1 0
21 1 48 50 2 -1 -1 0
22 1 52 54 2 -1 -1 0
23 1 56 58 2 -1 -1 0
24 1 60 62 2 -1 -1 0
25 1 64 66 2 -1 -1 0
43 7 40 4 0 0 45 40
0 16 18 64 66 84 86 92
0 1 2 3 4 5 6 7 9 10 11 12 13 14 15 16 17 18 19 20 21 22 23 24 25 26 27 28 29 30 32 33 34 35 36 37 38 39 41 42
6 54 74 90


0 1 0 6 1 -1 2 1
1 1 0 0 1 -1 -1 0
2 1 2 4 2 -1 -1 0
3 1 4 6 2 -1 1 0
4 2 6 15 17 18 3 -1 0 0
5 1 8 10 2 -1 -1 0
6 1 10 12 2 -1 -1 0
7 1 12 14 2 -1 -1 0
9 1 18 20 2 -1 -1 0
10 3 20 63 65 83 85 90 3 -1 2 0
11 1 22 22 1 -1 -1 0
12 1 24 24 1 -1 -1 0
13 1 26 26 1 -1 -1 0
14 1 28 28 1 -1 -1 0
15 1 30 30 1 -1 -1 0
16 1 32 32 1 -1 -1 0
17 1 34 34 1 -1 -1 0
18 1 36 36 1 -1 -1 0
19 1 38 38 1 -1 -1 0
20 1 40 40 1 -1 -1 0
21 1 42 42 1 -1 -1 0
22 1 44 44 1 -1 -1 0
23 1 46 46 1 -1 -1 0
24 1 48 48 1 -1 -1 0
25 1 50 52 2 -1 -1 0
26 1 52 54 2 -1 1 0
27 2 54 63 65 66 3 -1 0 0
28 1 56 58 2 -1 -1 0
29 1 58 60 2 -1 -1 0
30 1 60 62 2 -1 -1 0
32 1 66 74 2 -1 2 0
33 1 68 68 1 -1 -1 0
34 1 70 72 2 -1 -1 0
35 1 72 74 2 -1 1 0
36 2 74 83 85 86 3 -1 0 0
37 1 76 78 2 -1 -1 0
38 1 78 80 2 -1 -1 0
39 1 80 82 2 -1 -1 0
41 1 86 88 2 -1 -1 0
42 1 88 90 2 -1 1 0
111 1 68 6 0 0 68 68
0 160
0 1 2 4 5 6 9 104 30 32 33 34 35 36 41 38 42 40 105 44 46 47 48 49 50 15 106 52 54 55 56 57 58 63 60 64 62 107 66 68 69 70 71 72 21 108 74 76 77 78 79 80 109 82 84 85 86 87 88 26 110 90 92 93 94 95 96 28
4 28 32 74 78 156


0 1 0 28 1 -1 2 1
1 1 0 74 1 -1 2 1
2 1 0 134 1 -1 -1 1
4 1 0 2 2 -1 -1 0
5 1 2 4 2 -1 1 0
6 1 4 156 9 -1 2 0
9 1 6 24 2 -1 -1 0
15 1 52 70 2 -1 -1 0
21 1 98 116 2 -1 -1 0
26 1 136 154 2 -1 -1 0
28 1 156 158 2 -1 0 0
30 1 10 18 3 -1 -1 0
32 1 12 14 2 -1 -1 0
33 1 14 16 2 -1 -1 0
34 1 18 20 2 -1 -1 0
35 1 20 22 2 -1 -1 0
36 1 22 24 2 -1 -1 0
38 1 28 32 2 -1 1 0
40 1 32 50 2 -1 0 0
41 1 26 32 2 -1 2 0
42 1 30 32 2 -1 5 0
44 1 36 44 3 -1 -1 0
46 1 38 40 2 -1 -1 0
47 1 40 42 2 -1 -1 0
48 1 44 46 2 -1 -1 0
49 1 46 48 2 -1 -1 0
50 1 48 50 2 -1 -1 0
52 1 56 64 3 -1 -1 0
54 1 58 60 2 -1 -1 0
55 1 60 62 2 -1 -1 0
56 1 64 66 2 -1 -1 0
57 1 66 68 2 -1 -1 0
58 1 68 70 2 -1 -1 0
60 1 74 78 2 -1 1 0
62 1 78 96 2 -1 0 0
63 1 72 78 2 -1 2 0
64 1 76 78 2 -1 5 0
66 1 82 90 3 -1 -1 0
68 1 84 86 2 -1 -1 0
69 1 86 88 2 -1 -1 0
70 1 90 92 2 -1 -1 0
71 1 92 94 2 -1 -1 0
72 1 94 96 2 -1 -1 0
74 1 102 110 3 -1 -1 0
76 1 104 106 2 -1 -1 0
77 1 106 108 2 -1 -1 0
78 1 110 112 2 -1 -1 0
79 1 112 114 2 -1 -1 0
80 1 114 116 2 -1 -1 0
82 1 120 128 3 -1 -1 0
84 1 122 124 2 -1 -1 0
85 1 124 126 2 -1 -1 0
86 1 128 130 2 -1 -1 0
87 1 130 132 2 -1 -1 0
88 1 132 134 2 -1 -1 0
90 1 140 148 3 -1 -1 0
92 1 142 144 2 -1 -1 0
93 1 144 146 2 -1 -1 0
94 1 148 150 2 -1 -1 0
95 1 150 152 2 -1 -1 0
96 1 152 154 2 -1 -1 0
104 1 8 10 2 -1 -1 0
105 1 34 36 2 -1 -1 0
106 1 54 56 2 -1 -1 0
107 1 80 82 2 -1 -1 0
108 1 100 102 2 -1 -1 0
109 1 118 120 2 -1 -1 0
110 1 138 140 2 -1 -1 0
30 9 25 8 0 0 25 25
0 14 28 42 58 60 62 64 66 68
0 1 2 3 4 5 6 7 8 9 10 11 12 13 14 15 16 17 18 19 20 21 22 23 24
6 10 20 24 34 38 50 54


0 1 0 6 2 -1 2 0
1 1 2 6 2 -1 1 0
2 1 4 6 2 -1 5 0
3 1 6 10 2 -1 2 0
4 1 8 10 2 -1 1 0
5 1 10 12 2 -1 0 0
6 1 14 20 2 -1 2 0
7 1 16 20 2 -1 1 0
8 1 18 20 2 -1 5 0
9 1 20 24 2 -1 2 0
10 1 22 24 2 -1 1 0
11 1 24 26 2 -1 0 0
12 1 28 34 2 -1 2 0
13 1 30 34 2 -1 1 0
14 1 32 34 2 -1 5 0
15 1 34 38 2 -1 2 0
16 1 36 38 2 -1 1 0
17 1 38 40 2 -1 0 0
18 1 42 50 2 -1 2 0
19 1 44 50 2 -1 1 0
20 1 46 50 2 -1 5 0
21 1 48 50 2 -1 4 0
22 1 50 54 2 -1 2 0
23 1 52 54 2 -1 1 0
24 1 54 56 2 -1 0 0
7 1 7 1 0 0 7 7
0 14
0 1 2 3 4 5 6
8


0 1 0 8 1 -1 2 1
1 1 0 12 2 -1 -1 1
2 1 0 0 1 -1 -1 0
3 1 2 2 1 -1 -1 0
4 1 4 6 2 -1 -1 0
5 1 6 8 2 -1 5 0
6 1 8 10 2 -1 0 0
6 1 5 0 0 0 5 5
0 10
0 4 5 2 3



0 1 0 0 1 -1 -1 1
2 1 4 6 2 -1 -1 0
3 1 6 8 2 -1 -1 0
4 1 0 2 2 -1 -1 0
5 1 2 4 2 -1 -1 0
33 4 21 3 0 0 22 21
0 14 20 46 50
0 1 2 4 5 6 7 30 12 13 24 27 15 16 17 18 19 20 21 22 32
8 36 38


0 1 0 16 3 -1 -1 1
1 1 0 48 2 -1 -1 1
2 1 0 45 5 -1 2 0
4 1 2 2 1 -1 -1 0
5 1 4 6 2 -1 -1 0
6 1 6 8 2 -1 1 0
7 1 8 46 4 -1 2 0
12 1 14 45 3 -1 -1 0
13 1 16 45 3 -1 -1 0
15 1 24 26 4 -1 -1 0
16 1 26 32 6 -1 -1 0
17 1 28 30 4 -1 -1 0
18 1 30 36 4 -1 2 0
19 1 32 34 4 -1 -1 0
20 1 34 36 4 -1 5 0
21 1 36 38 4 -1 1 0
22 1 38 38 2 -1 0 0
24 2 20 20 40 45 6 27 -1 0
27 1 20 40 8 24 -1 0
30 1 10 12 2 -1 -1 0
32 1 42 44 4 -1 -1 0
68 9 43 1 0 0 45 43
0 12 18 50 54 66 90 102 116 122
0 1 61 3 5 6 7 8 9 10 11 12 13 62 55 16 56 18 19 20 21 22 23 28 29 63 31 35 36 37 38 64 65 40 44 66 67 47 48 49 50 51 52
26


0 2 0 11 17 92 5 -1 -1 1
1 1 0 120 7 -1 -1 1
3 2 2 11 17 90 9 -1 -1 0
5 1 4 6 2 -1 -1 0
6 1 6 8 2 -1 -1 0
7 1 8 10 2 -1 -1 0
8 1 12 14 2 -1 -1 0
9 1 18 20 2 -1 -1 0
10 1 20 68 3 -1 -1 0
11 1 22 24 2 -1 -1 0
12 1 24 56 3 -1 -1 0
13 1 26 102 6 -1 0 0
16 1 34 66 3 -1 -1 0
18 1 38 54 3 -1 -1 0
19 1 40 50 3 -1 -1 0
20 1 42 46 2 -1 -1 0
21 1 44 50 2 -1 -1 0
22 1 46 48 2 -1 -1 0
23 1 50 52 2 -1 -1 0
28 1 56 58 2 -1 -1 0
29 1 58 76 3 -1 -1 0
31 1 62 64 2 -1 -1 0
35 1 68 70 2 -1 -1 0
36 1 70 72 2 -1 -1 0
37 1 72 74 2 -1 -1 0
38 1 74 86 2 -1 -1 0
40 1 84 86 2 -1 -1 0
44 1 90 94 2 -1 -1 0
47 1 98 100 2 -1 -1 0
48 1 102 104 2 -1 -1 0
49 1 104 112 2 -1 -1 0
50 1 106 108 2 -1 -1 0
51 1 110 112 2 -1 -1 0
52 1 116 118 2 -1 -1 0
55 1 32 34 2 -1 -1 0
56 1 36 38 2 -1 -1 0
61 1 0 2 2 -1 -1 0
62 1 28 30 2 -1 -1 0
63 1 60 62 2 -1 -1 0
64 1 76 78 2 -1 -1 0
65 1 80 82 2 -1 -1 0
66 1 92 94 2 -1 -1 0
67 1 96 98 2 -1 -1 0
69 10 45 2 0 0 53 45
0 2 12 14 54 74 76 82 100 102 106
0 1 2 27 63 28 29 4 30 31 8 9 10 11 12 13 14 15 16 17 18 19 20 21 22 23 32 33 34 35 36 37 38 39 42 51 52 43 44 45 46 47 48 49 50
40 50


0 3 0 11 13 99 101 105 4 -1 -1 1
1 3 0 11 13 99 101 105 4 -1 -1 1
2 1 0 2 2 63 -1 1
4 1 8 10 4 -1 -1 0
8 1 18 20 4 -1 -1 0
9 1 20 22 4 -1 -1 0
10 1 24 26 4 -1 -1 0
11 1 26 28 4 -1 -1 0
12 1 28 30 4 -1 -1 0
13 1 30 36 6 -1 -1 0
14 1 32 34 4 -1 -1 0
15 1 34 40 4 -1 2 0
16 1 36 38 4 -1 -1 0
17 1 38 40 4 -1 5 0
18 1 40 58 6 -1 0 0
19 1 42 44 4 -1 -1 0
20 1 44 50 4 -1 2 0
21 1 46 48 4 -1 -1 0
22 1 48 50 4 -1 5 0
23 1 50 66 6 -1 0 0
27 2 2 2 102 105 4 63 -1 0
28 1 4 6 4 -1 -1 0
29 1 6 8 4 -1 -1 0
30 1 14 16 4 -1 -1 0
31 1 16 24 6 -1 -1 0
32 1 54 56 4 -1 -1 0
33 1 56 99 6 -1 -1 0
34 1 58 60 4 -1 -1 0
35 1 60 99 8 -1 -1 0
36 1 62 64 4 -1 -1 0
37 1 64 99 6 -1 -1 0
38 1 66 68 4 -1 -1 0
39 1 68 70 4 -1 -1 0
42 1 70 72 4 -1 -1 0
43 1 78 80 8 -1 -1 0
44 1 82 84 8 -1 -1 0
45 1 84 90 8 -1 -1 0
46 1 86 88 8 -1 -1 0
47 1 88 92 8 -1 -1 0
48 1 90 96 8 -1 -1 0
49 1 92 96 8 -1 -1 0
50 1 96 98 8 -1 -1 0
51 2 76 76 94 99 8 52 -1 0
52 1 76 94 20 51 -1 0
63 3 2 11 13 99 101 102 10 27 -1 0
4 1 3 1 0 0 3 3
0 6
0 1 3
0


0 1 0 0 1 -1 -1 1
1 1 0 2 2 -1 0 0
3 1 2 4 2 -1 -1 0
135 27 68 8 0 0 88 68
0 4 6 8 22 28 32 34 40 50 52 54 56 66 70 74 92 94 108 114 132 134 140 150 152 174 176 202
0 1 2 3 110 111 108 109 105 106 79 80 82 85 86 88 107 92 126 9 10 12 13 14 15 16 17 18 19 133 21 103 104 101 102 97 98 30 31 33 36 37 39 40 41 42 43 45 100 49 129 51 52 54 55 56 57 58 60 99 66 67 68 69 70 134 95 96
0 22 70 76 78 80 108 152


0 1 0 152 5 -1 2 1
1 1 0 152 1 -1 1 1
2 1 0 150 2 -1 -1 1
3 1 0 149 5 -1 0 0
9 1 56 58 2 -1 -1 0
10 1 58 60 2 -1 -1 0
12 1 60 88 5 -1 -1 0
13 1 62 64 2 -1 -1 0
14 1 66 68 2 -1 -1 0
15 1 70 70 1 -1 0 0
16 1 74 78 3 -1 2 0
17 1 76 84 3 -1 2 0
18 1 78 78 1 -1 0 0
19 1 80 192 12 -1 0 0
21 1 86 88 2 -1 -1 0
30 1 100 102 4 -1 -1 0
31 1 102 126 8 -1 1 0
33 1 104 106 4 -1 -1 0
36 1 108 110 4 -1 0 0
37 1 110 112 4 -1 -1 0
39 1 114 116 4 -1 -1 0
40 1 116 118 4 -1 -1 0
41 1 120 122 4 -1 -1 0
42 1 122 124 4 -1 -1 0
43 1 124 126 4 -1 -1 0
45 2 128 131 134 134 4 100 -1 0
49 1 136 140 4 103 -1 0
51 1 152 154 2 -1 0 0
52 1 154 168 2 -1 -1 0
54 1 156 158 2 -1 -1 0
55 1 158 160 2 -1 -1 0
56 1 162 164 2 -1 -1 0
57 1 164 166 2 -1 -1 0
58 1 166 168 2 -1 -1 0
60 2 170 173 176 176 2 99 -1 0
66 1 178 180 2 -1 -1 0
67 1 180 182 2 -1 -1 0
68 1 184 186 2 -1 -1 0
69 1 186 188 2 -1 -1 0
70 1 188 190 2 -1 -1 0
79 1 14 16 4 -1 -1 0
80 1 16 22 6 -1 1 0
82 1 18 20 4 -1 -1 0
85 1 22 24 4 -1 0 0
86 1 24 26 4 -1 -1 0
88 2 28 31 34 34 4 107 -1 0
92 1 36 40 4 110 -1 0
95 1 194 196 2 -1 -1 0
96 1 196 198 2 -1 -1 0
97 2 98 98 144 149 6 98 -1 0
98 2 98 139 144 144 4 97 -1 0
99 1 176 188 3 101 -1 0
100 2 134 139 142 142 4 102 -1 0
101 3 96 96 142 170 173 176 8 102 -1 0
102 3 96 128 131 134 142 142 12 101 -1 0
103 2 94 94 140 149 4 104 -1 0
104 2 94 136 140 140 8 103 -1 0
105 2 12 12 44 49 6 106 -1 0
106 2 12 39 44 44 4 105 -1 0
107 2 34 39 42 42 4 109 -1 0
108 2 10 10 42 58 5 109 -1 0
109 3 10 28 31 34 42 42 8 108 -1 0
110 2 8 8 40 49 4 111 -1 0
111 2 8 36 40 40 8 110 -1 0
126 1 46 48 4 -1 -1 0
129 1 146 148 4 -1 -1 0
133 1 82 84 2 -1 -1 0
134 1 192 194 2 -1 -1 0
27 4 19 2 0 0 19 19
0 4 12 40 44
0 1 3 4 5 6 12 13 15 16 17 18 19 20 24 25 26 21 22
34 36


0 1 0 12 2 -1 -1 1
1 1 0 26 4 -1 -1 1
3 1 0 2 2 -1 -1 0
4 1 4 6 2 -1 -1 0
5 1 6 8 2 -1 -1 0
6 1 8 10 2 -1 -1 0
12 1 12 14 2 -1 -1 0
13 1 14 22 3 -1 -1 0
15 1 16 18 2 -1 -1 0
16 1 18 20 2 -1 -1 0
17 1 22 24 2 -1 -1 0
18 1 24 26 2 -1 -1 0
19 1 26 28 2 -1 -1 0
20 1 28 36 4 -1 2 0
21 1 36 38 2 -1 0 0
22 1 40 42 2 -1 -1 0
24 1 30 32 2 -1 -1 0
25 1 32 36 3 -1 5 0
26 1 34 34 1 -1 0 0
10 1 8 2 0 0 8 8
0 14
0 1 2 3 4 9 5 6
8 10


0 1 0 8 1 -1 2 1
1 1 0 12 2 -1 1 1
2 1 0 0 1 -1 -1 0
3 1 2 4 2 -1 -1 0
4 1 4 8 2 -1 5 0
5 1 8 10 2 -1 2 0
6 1 10 10 1 -1 0 0
9 1 6 8 2 -1 1 0
7 3 2 0 1 0 2 2
0 2 4 8
0 5

4

0 1 0 0 1 -1 -1 1
5 1 4 4 1 -1 -1 0
62 1 40 21 0 0 40 40
0 68
0 1 2 3 4 5 6 29 30 57 33 34 9 35 10 12 58 38 39 13 14 16 59 42 43 17 18 20 60 46 47 21 22 24 61 50 51 25 26 28
8 10 14 16 22 24 26 28 34 36 38 40 46 48 50 52 58 60 62 64 66


0 1 0 64 6 -1 2 1
1 1 0 26 1 -1 1 1
2 1 0 38 1 -1 1 1
3 1 0 50 1 -1 1 1
4 1 0 62 1 -1 1 1
5 1 0 66 1 -1 1 1
6 1 0 66 16 -1 2 1
9 1 10 14 2 -1 1 0
10 1 14 14 1 -1 0 0
12 1 16 26 2 -1 2 0
13 1 24 26 2 -1 5 0
14 1 26 26 1 -1 0 0
16 1 28 38 2 -1 2 0
17 1 36 38 2 -1 5 0
18 1 38 38 1 -1 0 0
20 1 40 50 2 -1 2 0
21 1 48 50 2 -1 5 0
22 1 50 50 1 -1 0 0
24 1 52 62 2 -1 2 0
25 1 60 62 2 -1 5 0
26 1 62 62 1 -1 0 0
28 1 64 66 2 -1 2 0
29 1 0 2 2 -1 -1 0
30 1 2 12 2 -1 -1 0
33 1 6 10 3 -1 5 0
34 1 8 8 1 -1 0 0
35 1 12 14 2 -1 2 0
38 1 20 24 3 -1 5 0
39 1 22 22 1 -1 0 0
42 1 32 36 3 -1 5 0
43 1 34 34 1 -1 0 0
46 1 44 48 3 -1 5 0
47 1 46 46 1 -1 0 0
50 1 56 60 3 -1 5 0
51 1 58 58 1 -1 0 0
57 1 4 6 2 -1 -1 0
58 1 18 20 2 -1 -1 0
59 1 30 32 2 -1 -1 0
60 1 42 44 2 -1 -1 0
61 1 54 56 2 -1 -1 0
8 1 5 1 0 0 5 5
0 8
0 1 7 5 6
4


0 1 0 0 1 -1 -1 1
1 1 0 2 1 -1 -1 1
5 1 2 4 2 -1 2 0
6 1 4 6 2 -1 0 0
7 1 0 2 2 -1 -1 0
32 12 14 0 0 0 18 14
0 4 8 12 16 20 24 28 32 36 40 44 48
0 1 4 6 9 10 13 14 17 21 26 29 30 31



0 5 0 3 7 11 15 19 23 31 35 36 6 -1 -1 1
1 1 0 4 1 -1 -1 1
4 1 0 2 2 -1 -1 0
6 1 4 6 2 -1 -1 0
9 1 8 10 2 -1 -1 0
10 1 12 14 2 -1 -1 0
13 1 16 18 2 -1 -1 0
14 1 20 22 2 -1 -1 0
17 1 24 26 2 -1 -1 0
21 1 28 30 2 -1 -1 0
26 1 32 34 2 -1 -1 0
29 1 36 38 2 -1 -1 0
30 1 40 42 2 -1 -1 0
31 1 44 46 2 -1 -1 0
14 1 9 5 0 0 9 9
0 18
0 4 5 6 1 7 9 10 13
4 6 8 14 16


0 1 0 6 3 -1 2 1
1 1 6 8 2 -1 0 0
4 1 0 2 2 -1 -1 0
5 1 2 6 3 -1 5 0
6 1 4 4 1 -1 0 0
7 1 8 10 2 -1 0 0
9 1 10 12 2 -1 -1 0
10 1 12 14 2 -1 2 0
13 1 14 16 2 -1 2 0
0 1 0 1 0 0 0 0
0 2

0


106 16 50 14 0 0 54 50
0 12 16 18 20 36 38 66 68 82 86 112 116 124 128 144 148
0 64 66 67 1 4 5 10 11 12 97 98 21 22 23 24 26 27 28 99 100 79 80 77 78 101 38 39 42 46 102 49 103 51 53 54 55 56 57 58 76 87 61 104 71 72 73 105 75 63
0 6 20 22 24 38 40 76 94 96 98 108 124 140


0 1 0 0 1 -1 -1 1
1 2 6 11 15 124 5 -1 2 0
4 1 8 10 2 -1 -1 0
5 1 12 14 2 -1 -1 0
10 1 20 28 3 -1 2 0
11 1 22 22 1 -1 0 0
12 1 24 123 9 -1 0 0
21 1 38 44 2 -1 0 0
22 1 40 58 4 -1 0 0
23 1 42 44 2 -1 -1 0
24 1 46 48 2 -1 -1 0
26 1 50 50 1 -1 -1 0
27 1 52 54 2 -1 -1 0
28 1 54 140 8 -1 5 0
38 1 74 76 4 -1 1 0
39 1 76 108 8 -1 1 0
42 1 78 80 4 -1 -1 0
46 1 82 84 4 -1 -1 0
49 1 88 106 8 -1 2 0
51 1 92 98 4 -1 1 0
53 1 94 102 6 -1 2 0
54 1 96 108 8 -1 2 0
55 1 98 98 2 -1 0 0
56 1 100 102 4 -1 -1 0
57 1 104 106 4 -1 -1 0
58 1 108 108 2 -1 0 0
61 1 124 124 1 -1 0 0
63 1 144 146 2 -1 -1 0
64 1 0 2 2 -1 0 0
66 1 2 4 2 -1 -1 0
67 1 4 6 2 -1 1 0
71 1 130 132 2 -1 -1 0
72 1 132 134 2 -1 -1 0
73 1 134 138 2 -1 -1 0
75 1 140 142 2 -1 0 0
76 2 112 115 118 118 4 78 -1 0
77 2 70 70 118 123 6 78 -1 0
78 1 70 112 4 77 -1 0
79 2 68 68 116 126 5 80 -1 0
80 1 68 116 4 79 -1 0
87 1 120 122 4 -1 -1 0
97 1 26 28 2 -1 -1 0
98 1 30 32 2 -1 -1 0
99 1 56 58 2 -1 -1 0
100 1 60 62 2 -1 -1 0
101 1 72 74 4 -1 -1 0
102 1 86 88 4 -1 -1 0
103 1 90 92 4 -1 -1 0
104 1 128 130 2 -1 -1 0
105 1 136 138 2 -1 -1 0
14 1 11 2 0 0 11 11
0 22
0 1 2 3 4 9 11 12 5 6 7
8 14


0 1 0 8 1 -1 -1 1
1 1 0 0 1 -1 -1 0
2 1 2 2 1 -1 -1 0
3 1 4 6 2 -1 -1 0
4 1 6 14 2 -1 5 0
5 1 14 16 2 -1 0 0
6 1 16 18 2 -1 -1 0
7 1 18 20 2 -1 -1 0
9 1 8 10 2 -1 0 0
11 1 10 12 2 -1 -1 0
12 1 12 14 2 -1 2 0
71 17 36 0 0 0 38 36
0 2 8 20 32 38 40 54 58 62 68 70 88 92 96 98 102 106
6 4 7 8 10 11 14 16 17 19 20 22 27 65 40 59 32 33 34 35 37 66 42 68 55 57 45 46 47 48 49 50 52 69 1 2



1 1 98 100 2 -1 -1 0
2 1 102 104 2 -1 -1 0
4 1 4 24 3 -1 -1 0
6 1 2 20 3 -1 -1 0
7 1 8 10 2 -1 -1 0
8 1 10 95 6 -1 -1 0
10 1 12 14 2 -1 -1 0
11 1 14 16 2 -1 -1 0
14 1 16 18 2 -1 -1 0
16 1 20 22 2 -1 -1 0
17 1 22 95 6 -1 -1 0
19 1 24 26 2 -1 -1 0
20 1 26 95 6 -1 -1 0
22 1 28 30 2 -1 -1 0
27 1 32 62 5 -1 -1 0
32 1 42 44 4 -1 -1 0
33 1 44 50 4 -1 -1 0
34 1 46 48 4 -1 -1 0
35 1 48 50 4 -1 -1 0
37 1 50 52 4 -1 -1 0
40 2 40 40 54 61 6 59 -1 0
42 1 62 70 4 57 -1 0
45 1 72 74 4 -1 -1 0
46 1 74 76 4 -1 -1 0
47 1 76 84 4 -1 -1 0
48 1 78 80 4 -1 -1 0
49 1 80 82 4 -1 -1 0
50 1 82 84 4 -1 -1 0
52 1 84 86 4 -1 -1 0
55 2 70 70 88 95 6 57 -1 0
57 1 70 88 8 42 -1 0
59 1 40 54 8 40 -1 0
65 1 34 36 2 -1 -1 0
66 1 58 60 4 -1 -1 0
68 1 64 66 2 -1 -1 0
69 1 92 94 4 -1 -1 0
136 37 85 18 0 0 104 85
0 8 12 32 34 38 40 44 48 68 70 74 78 80 82 86 102 104 128 134 136 140 152 154 162 178 186 198 200 210 212 220 224 226 234 242 246 248
0 1 2 5 6 8 9 10 11 13 14 15 16 18 20 24 26 27 28 29 31 32 33 34 36 37 42 43 129 46 47 48 49 133 68 127 125 126 52 53 54 55 56 57 58 59 112 114 117 61 118 62 63 65 134 135 69 119 70 71 121 122 74 75 77 123 82 83 84 85 124 88 89 90 91 92 94 97 98 99 100 101 102 104 105
8 28 64 96 142 144 146 166 168 170 174 186 188 194 200 202 206 230


0 2 0 188 197 202 20 -1 2 1
1 1 0 2 2 -1 -1 0
2 1 2 164 7 -1 -1 0
5 1 4 6 2 -1 -1 0
6 1 8 10 2 -1 0 0
8 1 12 14 2 -1 -1 0
9 1 14 24 2 -1 -1 0
10 1 16 18 2 -1 -1 0
11 1 18 20 2 -1 -1 0
13 1 20 22 2 -1 -1 0
14 1 24 26 2 -1 -1 0
15 1 26 28 2 -1 2 0
16 2 28 31 34 34 2 18 0 0
18 2 34 37 40 40 2 16 -1 0
20 2 40 185 197 198 5 18 -1 0
24 1 44 46 2 -1 -1 0
26 1 48 50 2 -1 -1 0
27 1 50 60 2 -1 -1 0
28 1 52 54 2 -1 -1 0
29 1 54 56 2 -1 -1 0
31 1 56 58 2 -1 -1 0
32 1 60 62 2 -1 -1 0
33 1 62 64 2 -1 2 0
34 2 64 67 70 70 2 36 0 0
36 1 70 74 2 34 -1 0
37 4 74 185 197 199 209 219 223 224 7 36 5 0
42 1 82 86 2 43 -1 0
43 1 86 104 5 42 -1 0
46 1 90 90 1 -1 -1 0
47 1 92 94 2 -1 -1 0
48 1 94 96 2 -1 1 0
49 1 96 174 5 -1 1 0
52 1 108 110 4 -1 -1 0
53 1 110 122 4 -1 -1 0
54 1 112 114 4 -1 -1 0
55 1 114 118 4 -1 -1 0
56 1 116 120 4 -1 -1 0
57 1 118 120 4 -1 -1 0
58 1 122 124 4 -1 -1 0
59 1 124 128 4 -1 -1 0
61 1 140 144 6 -1 5 0
62 1 144 146 4 -1 2 0
63 1 146 146 2 -1 0 0
65 2 148 151 154 154 4 125 -1 0
68 2 104 104 156 161 6 127 -1 0
69 1 164 168 3 -1 5 0
70 1 168 170 2 -1 2 0
71 1 170 170 1 -1 0 0
74 1 178 180 2 -1 -1 0
75 1 180 182 2 -1 -1 0
77 1 182 184 2 -1 -1 0
82 1 188 194 2 -1 2 0
83 1 190 194 2 -1 1 0
84 1 192 194 2 -1 5 0
85 1 194 196 2 -1 0 0
88 1 202 206 2 -1 2 0
89 1 204 206 2 -1 1 0
90 1 206 208 2 -1 0 0
91 1 212 214 2 -1 -1 0
92 1 214 216 2 -1 -1 0
94 1 216 218 2 -1 -1 0
97 1 220 222 2 -1 -1 0
98 1 226 230 2 -1 2 0
99 1 228 230 2 -1 5 0
100 1 230 232 2 -1 0 0
101 1 234 236 2 -1 -1 0
102 1 236 238 2 -1 -1 0
104 1 238 240 2 -1 -1 0
105 1 242 244 2 -1 -1 0
112 1 128 136 6 -1 -1 0
114 1 130 132 4 -1 -1 0
117 1 136 138 4 -1 -1 0
118 1 142 142 2 -1 0 0
119 1 166 166 1 -1 0 0
121 1 172 174 2 -1 5 0
122 6 174 185 197 206 209 219 223 230 233 241 245 246 7 -1 5 0
123 1 186 186 1 -1 0 0
124 1 200 200 1 -1 0 0
125 2 106 106 154 162 5 126 -1 0
126 2 106 144 151 154 10 129 1 0
127 1 104 156 12 43 -1 0
129 3 88 103 106 106 162 162 4 43 -1 0
133 1 98 100 2 -1 -1 0
134 1 158 160 4 -1 -1 0
135 1 162 168 4 129 1 0
19 7 19 1 0 0 25 19
0 4 14 18 28 32 42 62
0 1 2 3 4 5 6 7 8 9 10 11 12 13 14 15 16 17 18
50


0 4 0 3 13 17 27 31 41 50 1 -1 2 1
1 4 0 3 13 17 27 31 41 50 4 -1 1 1
2 1 0 60 12 -1 -1 1
3 1 0 2 2 -1 -1 0
4 1 4 6 2 -1 -1 0
5 1 8 10 2 -1 -1 0
6 1 14 16 2 -1 -1 0
7 1 18 20 2 -1 -1 0
8 1 22 24 2 -1 -1 0
9 1 28 30 2 -1 -1 0
10 1 32 34 2 -1 -1 0
11 1 36 38 2 -1 -1 0
12 1 42 42 1 -1 -1 0
13 1 44 44 1 -1 -1 0
14 1 46 48 2 -1 -1 0
15 1 48 50 2 -1 5 0
16 1 50 58 2 -1 0 0
17 1 52 54 2 -1 -1 0
18 1 56 58 2 -1 -1 0
35 3 19 6 0 0 21 19
0 16 40 46
0 1 32 16 17 2 33 19 21 5 6 7 29 25 34 24 10 12 13
4 6 22 24 40 42


0 2 0 24 39 42 7 -1 2 1
1 1 0 44 6 -1 5 1
2 2 6 15 39 40 2 -1 2 0
5 1 16 16 1 -1 -1 0
6 1 18 18 1 -1 -1 0
7 1 20 20 1 -1 -1 0
10 1 34 36 2 -1 -1 0
12 1 40 42 2 -1 1 0
13 1 42 42 1 -1 0 0
16 1 2 6 3 -1 5 0
17 1 4 4 1 -1 0 0
19 1 10 24 4 -1 5 0
21 1 12 14 2 -1 -1 0
24 1 30 32 2 -1 -1 0
25 1 24 32 2 -1 0 0
29 1 22 22 1 -1 0 0
32 1 0 2 2 -1 -1 0
33 1 8 10 2 -1 -1 0
34 1 26 28 2 -1 -1 0
71 8 41 10 0 0 43 41
0 16 40 72 74 78 82 96 106
0 1 68 39 40 2 69 42 44 5 6 7 52 48 70 47 10 54 55 56 12 57 59 60 62 14 16 17 18 19 20 22 63 65 29 30 31 32 34 35 36
4 6 22 24 44 46 48 54 56 66


0 1 0 24 6 -1 2 1
1 1 0 104 9 -1 -1 1
2 2 6 15 39 66 5 -1 2 0
5 1 16 16 1 -1 -1 0
6 1 18 18 1 -1 -1 0
7 1 20 20 1 -1 -1 0
10 1 34 36 2 -1 -1 0
12 1 46 48 2 -1 0 0
14 1 56 78 5 -1 1 0
16 1 58 58 1 -1 -1 0
17 1 60 60 1 -1 -1 0
18 1 62 64 2 -1 -1 0
19 1 64 66 2 -1 5 0
20 2 66 81 95 102 2 -1 0 0
22 1 68 70 2 -1 -1 0
29 1 82 82 1 -1 -1 0
30 1 84 84 1 -1 -1 0
31 1 86 86 1 -1 -1 0
32 1 88 88 1 -1 -1 0
34 1 90 92 2 -1 -1 0
35 1 96 98 2 -1 -1 0
36 1 100 102 2 -1 -1 0
39 1 2 6 3 -1 5 0
40 1 4 4 1 -1 0 0
42 1 10 24 4 -1 5 0
44 1 12 14 2 -1 -1 0
47 1 30 32 2 -1 -1 0
48 1 24 32 2 -1 0 0
52 1 22 22 1 -1 0 0
54 1 40 42 2 -1 -1 0
55 1 42 46 3 -1 5 0
56 1 44 44 1 -1 0 0
57 1 48 50 2 -1 0 0
59 1 50 52 2 -1 -1 0
60 1 52 54 2 -1 2 0
62 1 54 56 2 -1 2 0
63 1 74 76 2 -1 -1 0
65 1 78 80 2 -1 -1 0
68 1 0 2 2 -1 -1 0
69 1 8 10 2 -1 -1 0
70 1 26 28 2 -1 -1 0
3 1 2 0 0 0 2 2
0 4
0 2



0 1 0 0 1 -1 -1 1
2 1 0 2 2 -1 -1 0
3 1 3 0 0 0 3 3
0 6
0 1 2



0 1 0 0 1 -1 -1 1
1 1 0 2 2 -1 -1 0
2 1 2 4 2 -1 -1 0
56 13 31 0 0 0 54 31
0 16 18 26 40 48 54 60 64 66 72 78 80 82
0 1 2 55 4 8 9 11 12 15 17 20 21 47 48 25 26 28 29 30 31 32 33 34 35 37 38 39 41 42 43



0 1 0 0 1 -1 -1 1
1 5 0 15 17 47 53 63 65 77 79 81 3 -1 -1 1
2 2 0 47 53 81 3 -1 -1 1
4 1 2 8 3 -1 -1 0
8 1 4 6 2 -1 -1 0
9 5 6 15 17 47 53 63 65 77 79 81 3 -1 -1 0
11 1 8 10 2 -1 -1 0
12 2 10 15 17 18 3 -1 -1 0
15 1 12 14 2 -1 -1 0
17 4 18 47 53 63 65 77 79 81 6 -1 -1 0
20 1 20 22 2 -1 -1 0
21 4 22 47 53 63 65 77 79 81 5 48 -1 0
25 1 28 30 4 -1 -1 0
26 1 30 48 7 -1 -1 0
28 1 32 34 4 -1 -1 0
29 2 34 39 59 60 6 -1 -1 0
30 1 36 38 4 -1 -1 0
31 1 40 42 4 -1 -1 0
32 1 42 44 4 -1 -1 0
33 1 44 46 4 -1 -1 0
34 1 48 50 2 -1 -1 0
35 1 50 52 2 -1 -1 0
37 1 54 56 4 -1 -1 0
38 2 56 59 72 72 4 47 -1 0
39 1 60 62 4 -1 -1 0
41 1 66 68 4 -1 -1 0
42 1 68 72 4 47 -1 0
43 1 74 76 4 -1 -1 0
47 3 26 26 72 77 79 81 6 48 -1 0
48 4 26 47 53 54 59 63 65 66 8 47 -1 0
55 1 0 2 2 -1 -1 0
171 22 90 1 0 0 134 90
0 12 16 18 38 44 56 60 90 138 142 146 148 156 164 184 190 192 200 204 206 254 256
0 1 2 154 4 155 7 8 9 148 13 14 15 23 19 20 26 28 139 140 137 138 34 35 156 38 39 41 45 46 47 157 50 51 158 54 56 159 59 60 62 63 64 65 66 67 68 160 71 73 161 162 77 79 163 82 84 136 88 89 164 91 92 96 97 98 165 166 102 105 106 107 109 111 112 114 115 116 117 118 119 120 167 123 125 168 169 129 131 170
12


0 6 0 84 89 132 137 163 183 203 205 248 253 255 14 -1 2 1
1 6 0 72 89 108 137 176 183 203 205 224 253 255 7 -1 -1 1
2 6 0 76 89 112 137 180 183 203 205 228 253 255 4 -1 -1 1
4 1 2 8 2 -1 -1 0
7 1 6 8 2 -1 -1 0
8 1 8 10 2 -1 -1 0
9 1 12 12 1 -1 0 0
13 1 20 28 3 -1 -1 0
14 1 22 24 2 -1 -1 0
15 6 24 59 89 92 137 163 183 203 205 208 253 255 5 -1 -1 0
19 1 28 30 2 -1 -1 0
20 1 30 32 2 -1 -1 0
23 1 26 34 2 -1 -1 0
26 4 32 55 137 163 183 199 253 255 6 -1 -1 0
28 4 34 55 137 163 183 199 253 255 5 140 -1 0
34 1 44 46 4 -1 -1 0
35 3 46 74 137 141 155 178 12 -1 -1 0
38 2 50 55 137 138 6 -1 -1 0
39 1 52 54 4 -1 -1 0
41 1 56 58 2 -1 -1 0
45 1 60 60 1 -1 -1 0
46 1 62 62 1 -1 -1 0
47 1 64 64 1 -1 -1 0
50 1 70 72 2 -1 -1 0
51 1 74 76 2 -1 -1 0
54 1 80 82 2 -1 -1 0
56 1 82 86 2 -1 -1 0
59 1 90 92 2 -1 -1 0
60 1 92 114 2 -1 -1 0
62 1 94 94 1 -1 -1 0
63 1 96 96 1 -1 -1 0
64 1 98 100 2 -1 -1 0
65 1 100 114 5 -1 -1 0
66 1 102 104 2 -1 -1 0
67 1 106 108 2 -1 -1 0
68 1 110 112 2 -1 -1 0
71 1 118 120 2 -1 -1 0
73 1 120 124 2 -1 -1 0
77 1 128 130 2 -1 -1 0
79 1 130 134 2 -1 -1 0
82 1 138 140 4 -1 -1 0
84 1 142 144 4 -1 -1 0
88 1 150 152 4 -1 -1 0
89 2 152 155 192 192 4 139 -1 0
91 1 158 160 4 -1 -1 0
92 1 160 162 4 -1 -1 0
96 1 164 164 1 -1 -1 0
97 1 166 166 1 -1 -1 0
98 1 168 168 1 -1 -1 0
102 1 178 180 2 -1 -1 0
105 1 184 186 4 -1 -1 0
106 1 186 192 4 139 -1 0
107 1 196 198 4 -1 -1 0
109 1 200 202 2 -1 -1 0
111 1 206 208 2 -1 -1 0
112 1 208 230 2 -1 -1 0
114 1 210 210 1 -1 -1 0
115 1 212 212 1 -1 -1 0
116 1 214 216 2 -1 -1 0
117 1 216 230 5 -1 -1 0
118 1 218 220 2 -1 -1 0
119 1 222 224 2 -1 -1 0
120 1 226 228 2 -1 -1 0
123 1 234 236 2 -1 -1 0
125 1 236 240 2 -1 -1 0
129 1 244 246 2 -1 -1 0
131 1 246 250 2 -1 -1 0
136 2 148 155 194 194 4 140 -1 0
137 4 40 40 194 203 205 206 253 255 6 138 -1 0
138 6 40 59 89 90 137 148 155 163 183 191 194 194 10 137 -1 0
139 3 38 38 192 199 253 255 6 140 -1 0
140 4 38 55 137 150 155 163 183 184 10 139 -1 0
148 1 18 20 2 -1 -1 0
154 1 0 2 2 -1 -1 0
155 1 4 6 2 -1 -1 0
156 1 48 50 4 -1 -1 0
157 1 66 68 2 -1 -1 0
158 1 78 80 2 -1 -1 0
159 1 84 86 2 -1 -1 0
160 1 116 118 2 -1 -1 0
161 1 122 124 2 -1 -1 0
162 1 126 128 2 -1 -1 0
163 1 132 134 2 -1 -1 0
164 1 156 158 4 -1 -1 0
165 1 170 172 2 -1 -1 0
166 1 174 176 2 -1 -1 0
167 1 232 234 2 -1 -1 0
168 1 238 240 2 -1 -1 0
169 1 242 244 2 -1 -1 0
170 1 248 250 2 -1 -1 0
3 1 3 1 0 0 3 3
0 2
0 1 2
0


0 1 0 0 1 -1 2 1
1 1 0 0 1 -1 1 1
2 1 0 0 1 -1 -1 1
165 30 71 1 1 0 107 71
0 10 22 28 40 50 62 66 76 80 82 86 88 92 94 106 112 122 124 136 140 152 156 166 178 182 194 202 208 222 234
0 1 2 137 138 139 8 9 10 11 12 13 14 15 16 156 18 163 35 83 145 143 144 81 142 140 141 29 30 164 37 40 50 53 55 67 69 71 73 74 77 78 84 85 86 88 89 90 91 92 99 100 103 108 109 110 111 112 113 114 116 118 121 124 125 131 132 133 134 135 136
22
100

0 3 0 9 21 27 39 44 3 -1 2 1
1 6 0 9 21 27 39 123 135 139 151 165 177 178 2 -1 -1 1
2 1 0 232 25 -1 -1 1
8 1 6 8 2 -1 -1 0
9 1 10 18 2 -1 -1 0
10 1 12 14 2 -1 -1 0
11 1 16 18 2 -1 -1 0
12 1 22 24 2 -1 0 0
13 1 24 26 2 -1 -1 0
14 1 28 36 2 -1 -1 0
15 1 30 32 2 -1 -1 0
16 1 34 36 2 -1 -1 0
18 5 42 123 135 139 151 165 177 181 193 196 8 -1 -1 0
29 1 58 60 4 -1 -1 0
30 1 62 64 4 -1 -1 0
35 3 46 123 135 139 151 158 4 -1 -1 0
37 1 70 94 8 -1 -1 0
40 1 72 74 4 -1 -1 0
50 1 76 78 4 -1 -1 0
53 2 82 85 88 88 4 55 -1 0
55 1 88 92 4 53 -1 0
67 1 94 96 4 -1 -1 0
69 1 96 108 6 -1 -1 0
71 1 98 100 4 -1 -1 0
73 1 100 102 4 -1 -1 0
74 1 102 104 4 -1 -1 0
77 1 106 108 4 -1 -1 0
78 1 108 112 4 143 -1 0
81 2 54 54 116 121 4 142 -1 0
83 2 50 50 118 121 4 145 -1 0
84 1 124 132 2 -1 -1 0
85 1 126 128 2 -1 -1 0
86 1 130 132 2 -1 -1 0
88 1 136 138 2 -1 -1 0
89 1 140 148 2 -1 -1 0
90 1 142 144 2 -1 -1 0
91 1 146 148 2 -1 -1 0
92 1 152 154 2 -1 -1 0
99 1 158 160 2 -1 -1 0
100 1 160 162 2 -1 -1 0
103 1 162 164 2 -1 -1 0
108 1 166 174 2 -1 -1 0
109 1 168 170 2 -1 -1 0
110 1 172 174 2 -1 -1 0
111 1 178 180 2 -1 -1 0
112 1 182 190 2 -1 -1 0
113 1 184 186 2 -1 -1 0
114 1 188 190 2 -1 -1 0
116 1 194 218 3 -1 -1 0
118 1 196 202 3 -1 -1 0
121 1 198 200 2 -1 -1 0
124 1 202 204 2 -1 -1 0
125 1 204 206 2 -1 -1 0
131 1 208 210 2 -1 -1 0
132 1 212 214 2 -1 -1 0
133 1 216 218 2 -1 -1 0
134 1 222 230 2 -1 -1 0
135 1 224 226 2 -1 -1 0
136 1 228 230 2 -1 -1 0
137 2 0 9 21 22 3 -1 1 0
138 1 2 4 2 -1 -1 0
139 3 4 9 21 27 39 50 3 145 -1 0
140 2 56 56 114 121 4 141 -1 0
141 3 56 111 114 114 121 122 7 140 -1 0
142 3 54 116 121 123 135 136 5 81 -1 0
143 2 52 52 112 121 4 144 -1 0
144 7 52 106 112 112 121 123 135 139 151 165 177 181 193 214 11 143 -1 0
145 6 50 118 121 123 135 139 151 165 177 181 193 194 14 83 -1 0
156 1 40 42 2 -1 -1 0
163 1 44 46 2 -1 -1 0
164 1 68 70 4 -1 -1 0
4 1 2 0 0 0 2 2
0 4
0 3



0 1 0 0 1 -1 -1 1
3 1 0 2 2 -1 -1 0
29 11 13 0 0 0 21 13
0 6 8 12 16 20 26 30 34 38 42 44
0 1 2 3 7 10 13 15 16 19 22 25 28



0 9 0 8 11 12 15 16 19 20 25 26 29 30 33 34 37 38 41 42 10 -1 -1 1
1 1 0 0 1 -1 -1 1
2 1 0 2 2 -1 -1 0
3 1 2 4 2 -1 -1 0
7 1 8 10 2 -1 -1 0
10 1 12 14 2 -1 -1 0
13 1 16 18 2 -1 -1 0
15 1 20 22 2 -1 -1 0
16 1 22 24 2 -1 -1 0
19 1 26 28 2 -1 -1 0
22 1 30 32 2 -1 -1 0
25 1 34 36 2 -1 -1 0
28 1 38 40 2 -1 -1 0
65 31 8 2 0 0 19 15
0 8 10 12 18 20 22 24 26 28 30 32 34 36 42 44 46 48 50 52 54 60 62 64 66 70 74 80 82 84 86 88
0 1 30 26 3 64 32 13
66 74


0 3 0 7 9 56 65 76 5 -1 -1 1
1 3 0 7 9 17 65 74 3 -1 2 1
3 1 4 6 2 -1 -1 0
6 1 36 38 2 -1 -1 0
7 1 38 40 2 -1 -1 0
8 1 54 56 2 -1 -1 0
9 1 56 58 2 -1 -1 0
13 1 66 68 2 -1 0 0
15 1 70 72 2 -1 -1 0
16 1 74 76 2 -1 -1 0
17 1 76 78 2 -1 -1 0
26 1 2 4 2 -1 -1 0
30 1 0 2 2 -1 -1 0
32 1 14 44 4 -1 -1 0
64 1 12 14 2 -1 -1 0
83 38 42 17 0 0 42 42
0 6 12 18 24 30 36 42 48 54 60 66 76 78 88 90 96 104 112 122 124 126 128 130 132 134 136 138 140 142 144 146 148 150 152 154 156 158 160
0 2 3 5 6 8 9 11 12 14 15 17 18 23 24 26 27 29 30 32 33 35 36 37 38 39 43 44 45 46 50 51 52 53 54 55 56 57 58 59 60 61
2 8 14 20 26 32 38 44 50 56 62 68 80 92 98 106 114


0 1 0 2 2 -1 2 0
2 1 2 4 2 -1 0 0
3 1 6 8 2 -1 2 0
5 1 8 10 2 -1 0 0
6 1 12 14 2 -1 2 0
8 1 14 16 2 -1 0 0
9 1 18 20 2 -1 2 0
11 1 20 22 2 -1 0 0
12 1 24 26 2 -1 2 0
14 1 26 28 2 -1 0 0
15 1 30 32 2 -1 2 0
17 1 32 34 2 -1 0 0
18 1 36 38 2 -1 2 0
23 1 38 40 2 -1 0 0
24 1 42 44 2 -1 2 0
26 1 44 46 2 -1 0 0
27 1 48 50 2 -1 2 0
29 1 50 52 2 -1 0 0
30 1 54 56 2 -1 2 0
32 1 56 58 2 -1 0 0
33 1 60 62 2 -1 2 0
35 1 62 64 2 -1 0 0
36 1 66 68 2 -1 2 0
37 1 68 70 2 -1 0 0
38 1 70 72 2 -1 -1 0
39 1 72 74 2 -1 -1 0
43 1 78 80 2 -1 2 0
44 1 80 82 2 -1 0 0
45 1 82 84 2 -1 -1 0
46 1 84 86 2 -1 -1 0
50 1 90 92 2 -1 2 0
51 1 92 94 2 -1 0 0
52 1 96 98 2 -1 2 0
53 1 98 100 2 -1 0 0
54 1 100 102 2 -1 -1 0
55 1 104 106 2 -1 2 0
56 1 106 108 2 -1 0 0
57 1 108 110 2 -1 -1 0
58 1 112 114 2 -1 2 0
59 1 114 116 2 -1 0 0
60 1 116 118 2 -1 -1 0
61 1 118 120 2 -1 -1 0
25 1 18 0 0 0 18 18
0 42
0 1 2 3 4 5 6 7 8 9 10 11 12 13 14 15 22 20



0 1 0 30 1 -1 -1 1
1 1 0 0 1 -1 -1 0
2 1 2 2 1 -1 -1 0
3 1 4 4 1 -1 -1 0
4 1 6 6 1 -1 -1 0
5 1 8 8 1 -1 -1 0
6 1 10 10 1 -1 -1 0
7 1 12 12 1 -1 -1 0
8 1 14 14 1 -1 -1 0
9 1 16 16 1 -1 -1 0
10 1 18 18 1 -1 -1 0
11 1 20 20 1 -1 -1 0
12 1 22 22 1 -1 -1 0
13 1 24 24 1 -1 -1 0
14 1 26 28 2 -1 -1 0
15 1 28 38 4 -1 -1 0
20 1 34 36 2 -1 -1 0
22 1 30 38 3 -1 -1 0
3 1 2 1 0 0 2 2
0 6
2 1
2


1 1 2 2 1 -1 0 0
2 1 0 2 2 -1 2 0
52 5 27 1 0 0 28 27
0 4 8 24 66 68
0 3 5 21 22 23 24 25 26 28 29 30 31 32 34 35 36 38 40 41 42 43 46 47 48 50 51
62


0 2 0 48 65 66 8 -1 -1 1
3 1 0 2 2 -1 -1 0
5 1 4 6 2 -1 -1 0
21 1 8 10 2 -1 -1 0
22 1 10 12 2 -1 -1 0
23 1 14 16 2 -1 -1 0
24 1 16 18 2 -1 -1 0
25 1 18 20 2 -1 -1 0
26 1 20 22 2 -1 -1 0
28 1 24 26 2 -1 -1 0
29 1 26 28 2 -1 -1 0
30 1 30 32 2 -1 -1 0
31 1 32 36 2 -1 -1 0
32 1 34 54 3 -1 -1 0
34 1 36 38 2 -1 -1 0
35 1 38 40 2 -1 -1 0
36 1 40 42 2 -1 -1 0
38 1 42 62 2 -1 2 0
40 1 44 46 2 -1 -1 0
41 1 46 48 2 -1 -1 0
42 1 50 52 2 -1 -1 0
43 1 52 54 2 -1 -1 0
46 1 54 56 2 -1 -1 0
47 1 56 58 2 -1 -1 0
48 1 58 60 2 -1 -1 0
50 1 60 62 2 -1 1 0
51 1 62 64 2 -1 0 0
10 5 7 1 0 0 11 7
0 4 6 10 12 14
0 1 2 3 4 5 7
6


0 2 0 3 5 6 2 -1 2 1
1 1 0 0 1 -1 -1 1
2 2 0 3 5 6 1 -1 1 1
3 2 0 3 5 6 1 -1 5 1
4 2 0 3 5 6 1 -1 4 1
5 1 0 2 2 -1 -1 0
7 1 6 8 2 -1 0 0
180 17 61 4 0 0 75 61
0 36 38 74 76 112 114 132 134 144 146 156 158 168 170 182 184 186
0 55 56 57 58 59 60 66 67 73 74 80 81 9 83 84 85 86 87 88 94 95 101 102 108 109 19 111 112 113 114 115 116 122 123 129 130 136 137 29 139 140 141 142 143 144 33 150 151 37 157 158 41 164 165 45 171 172 178 179 51
32 70 108 178


0 8 0 35 37 73 75 111 113 131 133 143 145 155 157 167 169 178 8 -1 2 1
9 1 32 34 2 -1 0 0
19 1 70 72 2 -1 0 0
29 1 108 110 2 -1 0 0
33 1 128 130 2 -1 -1 0
37 1 140 142 2 -1 -1 0
41 1 152 154 2 -1 -1 0
45 1 164 166 2 -1 -1 0
51 1 178 180 2 -1 0 0
55 1 0 2 2 -1 -1 0
56 1 2 26 5 -1 -1 0
57 1 6 8 2 -1 -1 0
58 1 8 28 5 -1 -1 0
59 1 10 12 2 -1 -1 0
60 1 12 32 2 -1 1 0
66 1 16 18 2 -1 -1 0
67 1 18 32 2 -1 5 0
73 1 22 24 2 -1 -1 0
74 1 24 32 2 -1 4 0
80 1 28 30 2 -1 -1 0
81 1 30 32 2 -1 8 0
83 1 38 40 2 -1 -1 0
84 1 40 64 5 -1 -1 0
85 1 44 46 2 -1 -1 0
86 1 46 66 5 -1 -1 0
87 1 48 50 2 -1 -1 0
88 1 50 70 2 -1 1 0
94 1 54 56 2 -1 -1 0
95 1 56 70 2 -1 5 0
101 1 60 62 2 -1 -1 0
102 1 62 70 2 -1 4 0
108 1 66 68 2 -1 -1 0
109 1 68 70 2 -1 8 0
111 1 76 78 2 -1 -1 0
112 1 78 102 5 -1 -1 0
113 1 82 84 2 -1 -1 0
114 1 84 104 5 -1 -1 0
115 1 86 88 2 -1 -1 0
116 1 88 108 2 -1 1 0
122 1 92 94 2 -1 -1 0
123 1 94 108 2 -1 5 0
129 1 98 100 2 -1 -1 0
130 1 100 108 2 -1 4 0
136 1 104 106 2 -1 -1 0
137 1 106 108 2 -1 8 0
139 1 114 116 2 -1 -1 0
140 4 116 131 133 143 145 155 157 158 5 -1 -1 0
141 1 120 122 2 -1 -1 0
142 5 122 131 133 143 145 155 157 167 169 174 7 -1 -1 0
143 1 124 126 2 -1 -1 0
144 1 126 128 2 -1 -1 0
150 1 136 138 2 -1 -1 0
151 1 138 140 2 -1 -1 0
157 1 148 150 2 -1 -1 0
158 1 150 152 2 -1 -1 0
164 1 160 162 2 -1 -1 0
165 1 162 164 2 -1 -1 0
171 1 170 172 2 -1 -1 0
172 1 172 178 2 -1 1 0
178 1 174 176 2 -1 -1 0
179 1 176 178 2 -1 5 0
10 9 5 4 0 0 8 5
0 4 6 10 12 16 18 22 24 26
0 1 3 5 7
0 6 12 18


0 4 0 3 5 9 11 15 17 18 4 -1 2 1
1 1 0 2 2 -1 0 0
3 1 6 8 2 -1 0 0
5 1 12 14 2 -1 0 0
7 1 18 20 2 -1 0 0
35 4 23 3 0 0 28 23
0 2 26 52 54
0 1 4 32 5 31 10 11 12 13 14 15 16 8 18 19 20 21 22 24 25 26 28
46 48 52


0 1 0 2 2 32 -1 1
1 2 0 1 4 4 2 31 -1 1
4 2 2 2 46 51 4 32 0 0
5 2 4 4 48 51 4 31 0 0
8 1 22 24 4 -1 -1 0
10 1 6 8 4 -1 -1 0
11 1 8 10 4 -1 -1 0
12 1 12 14 4 -1 -1 0
13 1 14 16 4 -1 -1 0
14 1 16 18 4 -1 -1 0
15 1 18 20 4 -1 -1 0
16 1 20 22 4 -1 -1 0
18 1 26 28 4 -1 -1 0
19 1 28 30 4 -1 -1 0
20 1 32 34 4 -1 -1 0
21 1 34 38 4 -1 -1 0
22 1 36 38 4 -1 -1 0
24 1 38 40 4 -1 -1 0
25 1 40 42 4 -1 -1 0
26 1 42 44 4 -1 -1 0
28 1 44 46 4 -1 1 0
31 2 4 48 51 52 13 5 2 0
32 2 2 46 51 52 5 4 2 0
25 5 20 1 0 0 22 20
0 8 16 42 46 50
0 1 2 3 4 5 6 7 11 8 9 13 15 16 17 18 19 20 21 22
36


0 1 0 36 1 -1 2 1
1 3 0 16 41 42 45 46 5 -1 -1 1
2 1 0 48 6 -1 -1 1
3 1 0 2 2 -1 -1 0
4 1 2 4 2 -1 -1 0
5 1 4 6 2 -1 -1 0
6 1 8 10 2 -1 -1 0
7 1 10 12 2 -1 -1 0
8 1 16 18 2 -1 -1 0
9 1 18 20 2 -1 -1 0
11 1 12 14 2 -1 -1 0
13 1 20 22 2 -1 -1 0
15 1 22 24 2 -1 -1 0
16 1 24 26 2 -1 -1 0
17 1 26 36 2 -1 1 0
18 1 28 28 1 -1 -1 0
19 1 30 30 1 -1 -1 0
20 1 32 34 2 -1 -1 0
21 1 34 36 2 -1 5 0
22 1 36 38 2 -1 0 0
1 1 0 0 0 0 0 0
0 2




24 1 22 2 0 0 22 22
0 40
0 1 2 3 4 5 6 7 8 9 10 23 12 13 14 15 16 17 18 19 20 21
12 34


0 1 0 34 1 -1 5 1
1 1 0 34 1 -1 2 1
2 1 0 34 1 -1 4 1
3 1 0 38 2 -1 -1 1
4 1 0 0 1 -1 -1 0
5 1 2 2 1 -1 -1 0
6 1 4 4 1 -1 -1 0
7 1 6 6 1 -1 -1 0
8 1 8 10 2 -1 -1 0
9 1 10 12 2 -1 1 0
10 1 12 34 2 -1 1 0
12 1 16 16 1 -1 -1 0
13 1 18 18 1 -1 -1 0
14 1 20 20 1 -1 -1 0
15 1 22 22 1 -1 -1 0
16 1 24 24 1 -1 -1 0
17 1 26 26 1 -1 -1 0
18 1 28 28 1 -1 -1 0
19 1 30 32 2 -1 -1 0
20 1 32 34 2 -1 3 0
21 1 34 36 2 -1 0 0
23 1 14 34 2 -1 8 0
51 1 48 2 0 0 48 48
0 106
0 1 2 3 4 5 6 7 9 10 11 12 13 14 15 16 17 18 19 20 21 22 23 24 25 26 27 28 29 30 31 32 33 36 37 38 39 40 41 42 43 44 45 46 47 48 49 50
62 74


0 1 0 80 5 -1 2 1
1 1 0 44 1 -1 -1 1
2 1 0 74 2 -1 1 1
3 1 0 52 1 -1 -1 1
4 1 0 60 1 -1 -1 1
5 1 0 104 6 -1 -1 1
6 1 0 2 2 -1 -1 0
7 1 2 86 3 -1 2 0
9 1 4 6 2 -1 -1 0
10 1 6 56 2 -1 -1 0
11 1 8 8 1 -1 -1 0
12 1 10 10 1 -1 -1 0
13 1 12 12 1 -1 -1 0
14 1 14 14 1 -1 -1 0
15 1 16 16 1 -1 -1 0
16 1 18 18 1 -1 -1 0
17 1 20 20 1 -1 -1 0
18 1 22 22 1 -1 -1 0
19 1 24 24 1 -1 -1 0
20 1 26 26 1 -1 -1 0
21 1 28 28 1 -1 -1 0
22 1 30 30 1 -1 -1 0
23 1 32 32 1 -1 -1 0
24 1 34 34 1 -1 -1 0
25 1 36 36 1 -1 -1 0
26 1 38 40 2 -1 -1 0
27 1 40 62 7 -1 1 0
28 1 42 44 2 -1 -1 0
29 1 46 48 2 -1 -1 0
30 1 50 52 2 -1 -1 0
31 1 54 56 2 -1 -1 0
32 1 58 60 2 -1 -1 0
33 1 62 90 2 -1 0 0
36 1 64 64 1 -1 -1 0
37 1 66 66 1 -1 -1 0
38 1 68 68 1 -1 -1 0
39 1 70 72 2 -1 -1 0
40 1 72 74 2 -1 5 0
41 1 74 94 2 -1 0 0
42 1 76 78 2 -1 -1 0
43 1 78 98 2 -1 -1 0
44 1 80 82 2 -1 -1 0
45 1 82 102 2 -1 -1 0
46 1 84 86 2 -1 -1 0
47 1 88 90 2 -1 -1 0
48 1 92 94 2 -1 -1 0
49 1 96 98 2 -1 -1 0
50 1 100 102 2 -1 -1 0
16 6 11 0 0 0 13 11
0 4 6 14 16 26 30
0 1 3 5 11 13 10 12 9 14 15



0 1 0 6 2 5 -1 1
1 1 0 25 3 -1 -1 1
3 1 0 2 2 -1 -1 0
5 1 6 10 3 0 -1 0
9 1 18 22 6 12 -1 0
10 1 16 18 4 11 -1 0
11 2 8 16 26 26 4 5 -1 0
12 2 16 16 20 26 5 10 -1 0
13 1 10 12 2 -1 -1 0
14 1 22 24 4 -1 -1 0
15 1 26 28 2 11 -1 0
20 1 16 0 0 0 16 16
0 36
0 1 2 3 4 6 7 10 11 12 13 14 15 17 18 19



0 1 0 4 2 -1 -1 1
1 1 0 22 1 -1 -1 1
2 1 0 34 3 -1 -1 1
3 1 0 2 2 -1 -1 0
4 1 2 24 4 -1 -1 0
6 1 4 6 2 -1 -1 0
7 1 6 28 4 -1 -1 0
10 1 8 10 2 -1 -1 0
11 1 10 12 2 -1 -1 0
12 1 14 16 2 -1 -1 0
13 1 16 20 2 -1 -1 0
14 1 18 20 2 -1 -1 0
15 1 20 22 2 -1 -1 0
17 1 24 32 2 -1 -1 0
18 1 26 28 2 -1 -1 0
19 1 30 32 2 -1 -1 0
5 1 4 2 0 0 4 4
0 4
0 1 2 3
0 2


0 1 0 2 1 -1 2 1
1 1 0 0 1 -1 2 1
2 1 0 2 1 -1 4 1
3 1 0 2 2 -1 1 0
36 10 29 0 0 0 33 29
0 12 18 30 42 54 66 72 80 92 96
0 1 2 3 4 5 6 7 17 18 20 21 22 24 25 26 28 29 30 32 33 34 35 9 10 11 12 13 14



0 2 0 79 91 92 1 -1 -1 1
1 4 0 18 29 30 41 42 53 54 5 -1 -1 1
2 1 0 94 5 -1 -1 1
3 1 0 0 1 -1 -1 0
4 1 2 2 1 -1 -1 0
5 1 4 4 1 -1 -1 0
6 1 6 8 2 -1 -1 0
7 1 8 80 12 -1 -1 0
9 1 72 74 2 -1 -1 0
10 1 74 76 2 -1 -1 0
11 1 76 78 2 -1 -1 0
12 1 80 88 2 -1 -1 0
13 1 82 84 2 -1 -1 0
14 1 86 88 2 -1 -1 0
17 1 12 14 2 -1 -1 0
18 1 14 16 2 -1 -1 0
20 1 18 26 2 -1 -1 0
21 1 20 22 2 -1 -1 0
22 1 24 26 2 -1 -1 0
24 1 30 38 2 -1 -1 0
25 1 32 34 2 -1 -1 0
26 1 36 38 2 -1 -1 0
28 1 42 50 2 -1 -1 0
29 1 44 46 2 -1 -1 0
30 1 48 50 2 -1 -1 0
32 1 54 62 2 -1 -1 0
33 1 56 58 2 -1 -1 0
34 1 60 62 2 -1 -1 0
35 1 66 68 2 -1 -1 0
35 5 35 4 0 0 39 35
0 8 40 44 76 80
0 1 2 3 4 5 6 7 8 9 10 11 12 13 14 15 16 17 18 19 20 21 22 23 24 25 26 27 28 29 30 31 32 33 34
22 34 58 70


0 2 0 34 39 70 4 -1 2 1
1 3 0 8 39 44 75 76 4 -1 -1 1
2 1 0 78 6 -1 -1 1
3 1 0 2 2 -1 -1 0
4 2 2 7 39 40 3 -1 -1 0
5 1 4 6 2 -1 -1 0
6 1 8 10 2 -1 -1 0
7 1 10 22 2 -1 1 0
8 1 12 12 1 -1 -1 0
9 1 14 14 1 -1 -1 0
10 1 16 16 1 -1 -1 0
11 1 18 20 2 -1 -1 0
12 1 20 22 2 -1 5 0
13 1 22 34 2 -1 1 0
14 1 24 24 1 -1 -1 0
15 1 26 26 1 -1 -1 0
16 1 28 28 1 -1 -1 0
17 1 30 32 2 -1 -1 0
18 1 32 34 2 -1 5 0
19 1 34 36 2 -1 0 0
20 1 40 42 2 -1 -1 0
21 1 44 46 2 -1 -1 0
22 1 46 58 2 -1 1 0
23 1 48 48 1 -1 -1 0
24 1 50 50 1 -1 -1 0
25 1 52 52 1 -1 -1 0
26 1 54 56 2 -1 -1 0
27 1 56 58 2 -1 5 0
28 1 58 70 2 -1 1 0
29 1 60 60 1 -1 -1 0
30 1 62 62 1 -1 -1 0
31 1 64 64 1 -1 -1 0
32 1 66 68 2 -1 -1 0
33 1 68 70 2 -1 5 0
34 1 70 72 2 -1 0 0
74 13 27 1 0 0 28 27
0 18 20 24 34 38 42 58 62 66 68 70 72 74
0 1 2 72 4 73 7 9 10 12 13 26 38 39 47 48 58 65 32 44 45 46 53 54 55 56 15
62


0 1 0 62 3 -1 2 1
1 1 0 28 2 -1 -1 1
2 1 0 62 2 -1 5 1
4 1 2 20 3 -1 -1 0
7 1 6 62 6 -1 1 0
9 1 8 10 2 -1 -1 0
10 1 10 12 2 -1 -1 0
12 1 12 14 2 -1 -1 0
13 1 14 16 2 -1 -1 0
15 1 62 64 2 -1 0 0
26 1 20 22 2 -1 -1 0
32 1 38 40 4 -1 -1 0
38 1 24 26 2 -1 -1 0
39 1 26 61 3 -1 -1 0
44 1 42 44 4 -1 -1 0
45 1 44 46 4 -1 -1 0
46 1 46 54 4 -1 -1 0
47 1 28 30 2 -1 -1 0
48 1 30 61 3 -1 -1 0
53 1 48 50 4 -1 -1 0
54 1 50 52 4 -1 -1 0
55 1 52 54 4 -1 -1 0
56 1 54 56 4 -1 -1 0
58 2 34 34 58 61 4 65 -1 0
65 1 34 58 10 58 -1 0
72 1 0 2 2 -1 -1 0
73 1 4 6 2 -1 -1 0
14 1 12 2 0 0 12 12
0 24
0 11 2 3 12 4 5 7 8 9 13 10
18 20


0 1 0 20 3 -1 2 1
2 1 2 4 2 -1 -1 0
3 1 4 20 3 -1 1 0
4 1 8 10 2 -1 -1 0
5 1 10 16 2 -1 -1 0
7 1 12 14 2 -1 -1 0
8 1 14 16 2 -1 -1 0
9 1 16 20 3 -1 5 0
10 1 20 22 2 -1 0 0
11 1 0 2 2 -1 -1 0
12 1 6 12 2 -1 -1 0
13 1 18 18 1 -1 0 0
25 1 19 0 0 0 19 19
0 42
0 1 2 3 4 5 6 7 8 9 10 11 12 13 14 15 16 22 20



0 1 0 30 1 -1 -1 1
1 1 0 36 1 -1 -1 1
2 1 0 0 1 -1 -1 0
3 1 2 2 1 -1 -1 0
4 1 4 4 1 -1 -1 0
5 1 6 6 1 -1 -1 0
6 1 8 8 1 -1 -1 0
7 1 10 10 1 -1 -1 0
8 1 12 12 1 -1 -1 0
9 1 14 14 1 -1 -1 0
10 1 16 16 1 -1 -1 0
11 1 18 18 1 -1 -1 0
12 1 20 20 1 -1 -1 0
13 1 22 22 1 -1 -1 0
14 1 24 24 1 -1 -1 0
15 1 26 28 2 -1 -1 0
16 1 28 38 4 -1 -1 0
20 1 34 36 2 -1 -1 0
22 1 30 38 3 -1 -1 0
5 1 4 2 0 0 4 4
0 4
0 1 2 3
0 2


0 1 0 2 1 -1 2 1
1 1 0 0 1 -1 2 1
2 1 0 2 1 -1 4 1
3 1 0 2 2 -1 1 0
27 3 24 2 0 0 28 24
0 22 26 44
0 1 2 3 4 5 6 7 8 9 10 11 12 13 25 26 17 18 19 20 21 22 23 24
12 38


0 1 0 12 1 -1 2 1
1 2 0 21 25 38 2 -1 1 1
2 1 0 12 1 -1 5 1
3 2 0 21 25 38 1 -1 5 1
4 2 0 21 25 38 1 -1 4 1
5 1 0 14 1 -1 -1 1
6 1 0 42 4 -1 -1 1
7 1 0 0 1 -1 -1 0
8 1 2 2 1 -1 -1 0
9 1 4 4 1 -1 -1 0
10 1 6 6 1 -1 -1 0
11 1 8 10 2 -1 -1 0
12 1 10 12 2 -1 4 0
13 2 12 22 25 38 3 -1 2 0
17 1 18 20 2 -1 -1 0
18 1 26 26 1 -1 -1 0
19 1 28 28 1 -1 -1 0
20 1 30 30 1 -1 -1 0
21 1 32 32 1 -1 -1 0
22 1 34 36 2 -1 -1 0
23 1 36 38 2 -1 8 0
24 1 38 40 2 -1 0 0
25 1 14 16 2 -1 -1 0
26 1 16 18 2 -1 -1 0
70 36 38 1 0 0 38 38
0 6 10 14 18 22 26 30 34 38 42 46 50 54 58 62 66 70 74 78 82 86 90 94 98 102 106 110 114 118 122 126 130 134 138 142 146
0 1 2 4 6 8 10 12 14 16 18 20 22 24 26 28 30 32 34 36 38 40 42 44 46 48 50 52 54 56 58 60 62 64 66 68 69 3
142


0 1 0 0 1 -1 -1 1
1 1 0 2 2 -1 -1 0
2 1 2 4 2 -1 -1 0
3 1 142 142 2 -1 0 0
4 1 6 8 2 -1 -1 0
6 1 10 12 2 -1 -1 0
8 1 14 16 2 -1 -1 0
10 1 18 20 2 -1 -1 0
12 1 22 24 2 -1 -1 0
14 1 26 28 2 -1 -1 0
16 1 30 32 2 -1 -1 0
18 1 34 36 2 -1 -1 0
20 1 38 40 2 -1 -1 0
22 1 42 44 2 -1 -1 0
24 1 46 48 2 -1 -1 0
26 1 50 52 2 -1 -1 0
28 1 54 56 2 -1 -1 0
30 1 58 60 2 -1 -1 0
32 1 62 64 2 -1 -1 0
34 1 66 68 2 -1 -1 0
36 1 70 72 2 -1 -1 0
38 1 74 76 2 -1 -1 0
40 1 78 80 2 -1 -1 0
42 1 82 84 2 -1 -1 0
44 1 86 88 2 -1 -1 0
46 1 90 92 2 -1 -1 0
48 1 94 96 2 -1 -1 0
50 1 98 100 2 -1 -1 0
52 1 102 104 2 -1 -1 0
54 1 106 108 2 -1 -1 0
56 1 110 112 2 -1 -1 0
58 1 114 116 2 -1 -1 0
60 1 118 120 2 -1 -1 0
62 1 122 124 2 -1 -1 0
64 1 126 128 2 -1 -1 0
66 1 130 132 2 -1 -1 0
68 1 134 136 2 -1 -1 0
69 1 138 140 2 -1 -1 0
134 19 96 3 0 0 104 96
0 4 6 18 30 36 38 52 56 60 66 68 86 90 94 96 136 140 182 240
0 1 2 3 4 5 6 68 69 71 72 75 77 78 80 81 83 88 126 101 120 93 94 95 96 98 127 103 129 116 118 106 107 108 109 110 111 113 130 7 8 9 10 11 12 13 14 15 16 17 132 20 21 23 24 25 26 27 28 29 30 31 32 33 34 35 36 133 39 40 42 43 44 45 46 47 48 49 50 51 52 53 54 55 56 57 58 59 60 61 62 63 64 65 66 67
140 224 226


0 2 0 3 135 136 2 -1 -1 1
1 2 0 18 135 140 3 -1 2 1
2 2 0 22 135 140 3 -1 1 1
3 3 0 3 135 139 181 224 1 -1 2 1
4 2 0 132 135 178 2 -1 -1 1
5 1 0 238 13 -1 -1 1
6 1 0 2 2 -1 -1 0
7 1 96 124 2 -1 -1 0
8 1 98 98 1 -1 -1 0
9 1 100 100 1 -1 -1 0
10 1 102 102 1 -1 -1 0
11 1 104 104 1 -1 -1 0
12 1 106 106 1 -1 -1 0
13 1 108 108 1 -1 -1 0
14 1 110 110 1 -1 -1 0
15 1 112 112 1 -1 -1 0
16 1 114 114 1 -1 -1 0
17 1 116 116 1 -1 -1 0
20 1 122 124 2 -1 -1 0
21 1 126 128 2 -1 -1 0
23 1 130 132 2 -1 -1 0
24 1 136 138 2 -1 -1 0
25 1 140 142 2 -1 0 0
26 1 142 170 2 -1 -1 0
27 1 144 144 1 -1 -1 0
28 1 146 146 1 -1 -1 0
29 1 148 148 1 -1 -1 0
30 1 150 150 1 -1 -1 0
31 1 152 152 1 -1 -1 0
32 1 154 154 1 -1 -1 0
33 1 156 156 1 -1 -1 0
34 1 158 158 1 -1 -1 0
35 1 160 160 1 -1 -1 0
36 1 162 162 1 -1 -1 0
39 1 168 170 2 -1 -1 0
40 1 172 174 2 -1 -1 0
42 1 176 178 2 -1 -1 0
43 1 182 224 2 -1 1 0
44 1 184 184 1 -1 -1 0
45 1 186 186 1 -1 -1 0
46 1 188 188 1 -1 -1 0
47 1 190 190 1 -1 -1 0
48 1 192 192 1 -1 -1 0
49 1 194 194 1 -1 -1 0
50 1 196 196 1 -1 -1 0
51 1 198 198 1 -1 -1 0
52 1 200 200 1 -1 -1 0
53 1 202 202 1 -1 -1 0
54 1 204 204 1 -1 -1 0
55 1 206 206 1 -1 -1 0
56 1 208 208 1 -1 -1 0
57 1 210 210 1 -1 -1 0
58 1 212 212 1 -1 -1 0
59 1 214 214 1 -1 -1 0
60 1 216 216 1 -1 -1 0
61 1 218 218 1 -1 -1 0
62 1 220 222 2 -1 -1 0
63 1 222 224 2 -1 5 0
64 1 224 228 2 -1 0 0
65 1 226 236 3 -1 0 0
66 1 230 232 2 -1 -1 0
67 1 234 236 2 -1 -1 0
68 1 6 8 2 -1 -1 0
69 1 8 93 6 -1 -1 0
71 1 10 12 2 -1 -1 0
72 1 12 14 2 -1 -1 0
75 1 14 16 2 -1 -1 0
77 1 18 20 2 -1 -1 0
78 1 20 93 6 -1 -1 0
80 1 22 24 2 -1 -1 0
81 1 24 93 6 -1 -1 0
83 1 26 28 2 -1 -1 0
88 1 30 60 5 -1 -1 0
93 1 40 42 4 -1 -1 0
94 1 42 48 4 -1 -1 0
95 1 44 46 4 -1 -1 0
96 1 46 48 4 -1 -1 0
98 1 48 50 4 -1 -1 0
101 2 38 38 52 59 6 120 -1 0
103 1 60 68 4 118 -1 0
106 1 70 72 4 -1 -1 0
107 1 72 74 4 -1 -1 0
108 1 74 82 4 -1 -1 0
109 1 76 78 4 -1 -1 0
110 1 78 80 4 -1 -1 0
111 1 80 82 4 -1 -1 0
113 1 82 84 4 -1 -1 0
116 2 68 68 86 93 6 118 -1 0
118 1 68 86 8 103 -1 0
120 1 38 52 8 101 -1 0
126 1 32 34 2 -1 -1 0
127 1 56 58 4 -1 -1 0
129 1 62 64 2 -1 -1 0
130 1 90 92 4 -1 -1 0
132 1 118 120 2 -1 -1 0
133 1 164 166 2 -1 -1 0
77 6 65 4 0 0 73 67
0 6 48 90 96 102 160
0 1 2 3 4 5 7 8 9 10 11 12 13 14 15 16 17 18 75 21 22 24 26 27 28 29 30 31 32 33 34 35 36 37 76 40 41 43 45 48 50 51 52 53 54 55 56 57 58 59 60 61 62 63 64 65 66 67 68 69 70 71 72 73 74
94 100 144 146


0 4 0 6 47 48 89 90 95 96 5 -1 -1 1
1 2 0 5 89 144 3 -1 1 1
2 3 0 44 47 86 89 100 4 -1 5 1
3 1 0 158 15 -1 4 1
4 1 0 2 2 -1 -1 0
5 1 2 4 2 -1 -1 0
7 1 6 8 2 -1 -1 0
8 1 8 36 2 -1 -1 0
9 1 10 10 1 -1 -1 0
10 1 12 12 1 -1 -1 0
11 1 14 14 1 -1 -1 0
12 1 16 16 1 -1 -1 0
13 1 18 18 1 -1 -1 0
14 1 20 20 1 -1 -1 0
15 1 22 22 1 -1 -1 0
16 1 24 24 1 -1 -1 0
17 1 26 26 1 -1 -1 0
18 1 28 28 1 -1 -1 0
21 1 34 36 2 -1 -1 0
22 1 38 40 2 -1 -1 0
24 1 42 44 2 -1 -1 0
26 1 48 50 2 -1 -1 0
27 1 50 78 2 -1 -1 0
28 1 52 52 1 -1 -1 0
29 1 54 54 1 -1 -1 0
30 1 56 56 1 -1 -1 0
31 1 58 58 1 -1 -1 0
32 1 60 60 1 -1 -1 0
33 1 62 62 1 -1 -1 0
34 1 64 64 1 -1 -1 0
35 1 66 66 1 -1 -1 0
36 1 68 68 1 -1 -1 0
37 1 70 70 1 -1 -1 0
40 1 76 78 2 -1 -1 0
41 1 80 82 2 -1 -1 0
43 1 84 86 2 -1 -1 0
45 1 90 92 2 -1 -1 0
46 1 92 94 2 -1 2 0
48 1 96 98 2 -1 -1 0
49 1 98 100 2 -1 2 0
50 1 102 144 2 -1 1 0
51 1 104 104 1 -1 -1 0
52 1 106 106 1 -1 -1 0
53 1 108 108 1 -1 -1 0
54 1 110 110 1 -1 -1 0
55 1 112 112 1 -1 -1 0
56 1 114 114 1 -1 -1 0
57 1 116 116 1 -1 -1 0
58 1 118 118 1 -1 -1 0
59 1 120 120 1 -1 -1 0
60 1 122 122 1 -1 -1 0
61 1 124 124 1 -1 -1 0
62 1 126 126 1 -1 -1 0
63 1 128 128 1 -1 -1 0
64 1 130 130 1 -1 -1 0
65 1 132 132 1 -1 -1 0
66 1 134 134 1 -1 -1 0
67 1 136 136 1 -1 -1 0
68 1 138 138 1 -1 -1 0
69 1 140 142 2 -1 -1 0
70 1 142 144 2 -1 5 0
71 1 144 148 2 -1 0 0
72 1 146 156 3 -1 0 0
73 1 150 152 2 -1 -1 0
74 1 154 156 2 -1 -1 0
75 1 30 32 2 -1 -1 0
76 1 72 74 2 -1 -1 0
8 3 8 0 0 0 9 8
0 8 14 20
0 1 2 3 4 5 6 7



0 2 0 8 13 14 3 -1 -1 1
1 1 0 2 2 -1 -1 0
2 1 2 4 2 -1 -1 0
3 1 4 6 2 -1 -1 0
4 1 8 10 2 -1 -1 0
5 1 10 12 2 -1 -1 0
6 1 14 16 2 -1 -1 0
7 1 16 18 2 -1 -1 0
19 3 16 3 0 0 18 16
0 8 12 34
0 1 13 14 3 4 5 6 15 16 17 18 8 10 11 12
14 28 30


0 2 0 7 11 28 3 -1 2 1
1 2 0 7 11 26 3 -1 1 1
3 1 4 6 2 -1 -1 0
4 1 8 10 2 -1 -1 0
5 1 12 14 2 -1 5 0
6 1 14 20 2 -1 0 0
8 1 24 30 2 -1 1 0
10 1 26 28 2 -1 1 0
11 1 28 30 2 -1 5 0
12 1 30 32 2 -1 0 0
13 1 0 2 2 -1 -1 0
14 1 2 4 2 -1 -1 0
15 1 16 18 2 -1 -1 0
16 1 18 20 2 -1 -1 0
17 1 20 22 2 -1 -1 0
18 1 22 30 2 -1 2 0
77 7 77 4 0 0 87 77
0 36 50 64 90 94 120 182
0 1 2 3 4 5 6 7 8 9 10 11 12 13 14 15 16 17 18 19 20 21 22 23 24 25 26 27 28 29 30 31 32 33 34 35 36 37 38 39 40 41 42 43 44 45 46 47 48 49 50 51 52 53 54 55 56 57 58 59 60 61 62 63 64 65 66 67 68 69 70 71 72 73 74 75 76
26 124 166 168


0 1 0 26 1 -1 2 1
1 4 0 35 49 63 89 93 119 166 1 -1 2 1
2 1 0 26 1 -1 1 1
3 1 0 26 1 -1 5 1
4 4 0 35 49 63 89 93 119 124 1 -1 2 1
5 1 0 180 16 -1 -1 1
6 1 0 0 1 -1 -1 0
7 1 2 2 1 -1 -1 0
8 1 4 4 1 -1 -1 0
9 1 6 6 1 -1 -1 0
10 1 8 8 1 -1 -1 0
11 1 10 10 1 -1 -1 0
12 1 12 12 1 -1 -1 0
13 1 14 14 1 -1 -1 0
14 1 16 16 1 -1 -1 0
15 1 18 18 1 -1 -1 0
16 1 20 20 1 -1 -1 0
17 1 22 24 2 -1 -1 0
18 1 24 26 2 -1 4 0
19 2 26 36 49 52 5 -1 0 0
20 1 28 30 2 -1 -1 0
21 1 30 32 2 -1 -1 0
22 1 32 34 2 -1 -1 0
23 1 36 38 2 -1 -1 0
24 1 38 46 2 -1 -1 0
25 1 40 42 2 -1 -1 0
26 1 44 46 2 -1 -1 0
27 2 50 68 89 98 6 -1 -1 0
28 1 52 54 2 -1 -1 0
29 2 54 86 89 116 3 -1 -1 0
30 1 56 58 2 -1 -1 0
31 2 58 63 89 90 3 -1 -1 0
32 1 60 62 2 -1 -1 0
33 1 64 66 2 -1 -1 0
34 1 66 78 2 -1 -1 0
35 1 68 70 2 -1 -1 0
36 1 70 82 2 -1 -1 0
37 1 72 74 2 -1 -1 0
38 1 76 78 2 -1 -1 0
39 1 80 82 2 -1 -1 0
40 1 84 86 2 -1 -1 0
41 1 90 92 2 -1 -1 0
42 1 94 96 2 -1 -1 0
43 1 96 108 2 -1 -1 0
44 1 98 100 2 -1 -1 0
45 1 100 112 2 -1 -1 0
46 1 102 104 2 -1 -1 0
47 1 106 108 2 -1 -1 0
48 1 110 112 2 -1 -1 0
49 1 114 116 2 -1 -1 0
50 1 120 124 2 -1 1 0
51 1 122 124 2 -1 5 0
52 1 124 166 2 -1 1 0
53 1 126 126 1 -1 -1 0
54 1 128 128 1 -1 -1 0
55 1 130 130 1 -1 -1 0
56 1 132 132 1 -1 -1 0
57 1 134 134 1 -1 -1 0
58 1 136 136 1 -1 -1 0
59 1 138 138 1 -1 -1 0
60 1 140 140 1 -1 -1 0
61 1 142 142 1 -1 -1 0
62 1 144 144 1 -1 -1 0
63 1 146 146 1 -1 -1 0
64 1 148 148 1 -1 -1 0
65 1 150 150 1 -1 -1 0
66 1 152 152 1 -1 -1 0
67 1 154 154 1 -1 -1 0
68 1 156 156 1 -1 -1 0
69 1 158 158 1 -1 -1 0
70 1 160 160 1 -1 -1 0
71 1 162 164 2 -1 -1 0
72 1 164 166 2 -1 5 0
73 1 166 170 2 -1 0 0
74 1 168 178 3 -1 0 0
75 1 172 174 2 -1 -1 0
76 1 176 178 2 -1 -1 0
24 4 19 1 0 0 21 19
0 4 12 24 48
0 1 2 4 6 7 8 10 11 12 13 14 15 16 17 18 21 22 23
34


0 2 0 11 23 34 2 -1 2 1
1 2 0 11 23 34 3 -1 1 1
2 1 0 46 6 -1 -1 1
4 1 0 2 2 -1 -1 0
6 1 4 6 2 -1 -1 0
7 1 6 8 2 -1 -1 0
8 1 8 10 2 -1 -1 0
10 1 12 20 2 -1 -1 0
11 1 14 16 2 -1 -1 0
12 1 18 20 2 -1 -1 0
13 1 24 24 1 -1 -1 0
14 1 26 26 1 -1 -1 0
15 1 28 28 1 -1 -1 0
16 1 30 32 2 -1 -1 0
17 1 32 34 2 -1 5 0
18 1 34 36 2 -1 0 0
21 1 36 44 2 -1 -1 0
22 1 38 40 2 -1 -1 0
23 1 42 44 2 -1 -1 0
21 6 14 1 0 0 16 14
0 2 22 28 32 34 36
0 1 11 17 2 3 4 5 6 7 8 9 10 12
12


0 1 0 27 2 -1 2 1
1 1 0 2 2 17 -1 1
2 1 4 4 2 -1 -1 0
3 1 6 6 2 -1 -1 0
4 1 8 10 4 -1 -1 0
5 1 10 12 4 -1 5 0
6 1 12 22 6 -1 0 0
7 1 14 16 4 -1 -1 0
8 2 16 21 27 28 5 -1 -1 0
9 1 18 20 4 -1 -1 0
10 1 22 24 4 -1 -1 0
11 2 2 2 24 27 4 17 -1 0
12 1 28 30 2 -1 -1 0
17 1 2 12 4 11 1 0
93 5 85 8 0 0 90 85
0 8 72 86 124 182
0 1 2 3 4 87 88 7 9 10 11 12 13 90 14 17 18 19 20 21 92 22 24 25 26 27 28 29 30 31 32 33 34 35 36 37 38 39 40 41 42 43 44 45 46 47 48 49 50 51 52 53 54 55 56 57 58 59 60 61 62 63 64 65 66 67 68 69 70 71 72 73 74 75 76 77 78 79 80 81 82 83 84 85 86
18 20 32 34 62 118 166 168


0 1 0 32 3 -1 2 1
1 3 0 71 85 118 123 166 2 -1 5 1
2 2 0 71 85 118 4 -1 2 1
3 1 0 62 1 -1 5 1
4 1 0 180 8 -1 -1 1
7 1 4 6 2 -1 -1 0
9 1 8 8 1 -1 -1 0
10 1 10 10 1 -1 -1 0
11 1 12 12 1 -1 -1 0
12 1 14 16 2 -1 -1 0
13 1 16 20 2 -1 5 0
14 1 20 62 2 -1 2 0
17 1 22 22 1 -1 -1 0
18 1 24 24 1 -1 -1 0
19 1 26 26 1 -1 -1 0
20 1 28 30 2 -1 -1 0
21 1 30 34 2 -1 5 0
22 2 34 71 85 118 2 -1 1 0
24 1 36 36 1 -1 -1 0
25 1 38 38 1 -1 -1 0
26 1 40 40 1 -1 -1 0
27 1 42 42 1 -1 -1 0
28 1 44 44 1 -1 -1 0
29 1 46 46 1 -1 -1 0
30 1 48 48 1 -1 -1 0
31 1 50 50 1 -1 -1 0
32 1 52 52 1 -1 -1 0
33 1 54 54 1 -1 -1 0
34 1 56 56 1 -1 -1 0
35 1 58 60 2 -1 -1 0
36 1 60 62 2 -1 4 0
37 2 62 72 85 88 5 -1 0 0
38 1 64 66 2 -1 -1 0
39 1 66 68 2 -1 -1 0
40 1 68 70 2 -1 -1 0
41 1 72 74 2 -1 -1 0
42 1 74 82 2 -1 -1 0
43 1 76 78 2 -1 -1 0
44 1 80 82 2 -1 -1 0
45 1 86 118 2 -1 2 0
46 1 88 90 2 -1 -1 0
47 1 90 118 2 -1 8 0
48 1 92 92 1 -1 -1 0
49 1 94 94 1 -1 -1 0
50 1 96 96 1 -1 -1 0
51 1 98 98 1 -1 -1 0
52 1 100 100 1 -1 -1 0
53 1 102 102 1 -1 -1 0
54 1 104 104 1 -1 -1 0
55 1 106 106 1 -1 -1 0
56 1 108 108 1 -1 -1 0
57 1 110 110 1 -1 -1 0
58 1 112 112 1 -1 -1 0
59 1 114 116 2 -1 -1 0
60 1 116 118 2 -1 3 0
61 1 118 120 2 -1 0 0
62 1 124 166 2 -1 1 0
63 1 126 126 1 -1 -1 0
64 1 128 128 1 -1 -1 0
65 1 130 130 1 -1 -1 0
66 1 132 132 1 -1 -1 0
67 1 134 134 1 -1 -1 0
68 1 136 136 1 -1 -1 0
69 1 138 138 1 -1 -1 0
70 1 140 140 1 -1 -1 0
71 1 142 142 1 -1 -1 0
72 1 144 144 1 -1 -1 0
73 1 146 146 1 -1 -1 0
74 1 148 148 1 -1 -1 0
75 1 150 150 1 -1 -1 0
76 1 152 152 1 -1 -1 0
77 1 154 154 1 -1 -1 0
78 1 156 156 1 -1 -1 0
79 1 158 158 1 -1 -1 0
80 1 160 160 1 -1 -1 0
81 1 162 164 2 -1 -1 0
82 1 164 166 2 -1 5 0
83 1 166 170 2 -1 0 0
84 1 168 178 3 -1 0 0
85 1 172 174 2 -1 -1 0
86 1 176 178 2 -1 -1 0
87 1 0 2 2 -1 -1 0
88 1 2 4 2 -1 -1 0
90 1 18 20 2 -1 1 0
92 1 32 34 2 -1 1 0
78 5 64 4 0 0 66 64
0 72 82 126 128 130
0 1 2 3 4 5 6 7 8 9 10 11 12 75 57 58 59 15 16 17 18 76 61 63 20 21 22 23 24 25 26 27 28 29 30 31 32 33 34 35 36 37 38 39 40 77 67 68 69 70 42 43 44 45 46 47 48 49 50 51 52 53 54 55
62 120 126 128


0 2 0 120 125 128 3 -1 2 1
1 1 0 62 1 -1 5 1
2 1 0 120 1 -1 4 1
3 2 0 120 125 128 3 -1 8 1
4 1 0 84 3 -1 -1 1
5 1 0 120 1 -1 3 1
6 1 0 128 4 -1 5 1
7 1 0 0 1 -1 -1 0
8 1 2 2 1 -1 -1 0
9 1 4 4 1 -1 -1 0
10 1 6 6 1 -1 -1 0
11 1 8 10 2 -1 -1 0
12 1 10 62 3 -1 1 0
15 1 22 22 1 -1 -1 0
16 1 24 24 1 -1 -1 0
17 1 26 28 2 -1 -1 0
18 1 28 62 3 -1 2 0
20 1 38 38 1 -1 -1 0
21 1 40 40 1 -1 -1 0
22 1 42 42 1 -1 -1 0
23 1 44 44 1 -1 -1 0
24 1 46 46 1 -1 -1 0
25 1 48 48 1 -1 -1 0
26 1 50 50 1 -1 -1 0
27 1 52 52 1 -1 -1 0
28 1 54 54 1 -1 -1 0
29 1 56 56 1 -1 -1 0
30 1 58 60 2 -1 -1 0
31 1 60 62 2 -1 4 0
32 1 62 72 3 -1 0 0
33 1 64 66 2 -1 -1 0
34 1 66 68 2 -1 -1 0
35 1 68 70 2 -1 -1 0
36 1 72 82 3 -1 -1 0
37 1 74 76 2 -1 -1 0
38 1 76 78 2 -1 -1 0
39 1 78 80 2 -1 -1 0
40 1 82 120 2 -1 1 0
42 1 94 94 1 -1 -1 0
43 1 96 96 1 -1 -1 0
44 1 98 98 1 -1 -1 0
45 1 100 100 1 -1 -1 0
46 1 102 102 1 -1 -1 0
47 1 104 104 1 -1 -1 0
48 1 106 106 1 -1 -1 0
49 1 108 108 1 -1 -1 0
50 1 110 110 1 -1 -1 0
51 1 112 112 1 -1 -1 0
52 1 114 114 1 -1 -1 0
53 1 116 118 2 -1 -1 0
54 1 118 120 2 -1 -1 0
55 1 120 122 2 -1 0 0
57 1 14 16 2 -1 -1 0
58 1 16 18 2 -1 -1 0
59 1 18 20 2 -1 -1 0
61 1 32 34 2 -1 -1 0
63 1 34 36 2 -1 -1 0
67 1 86 88 2 -1 -1 0
68 1 88 90 2 -1 -1 0
69 1 90 92 2 -1 -1 0
70 1 92 120 2 -1 5 0
75 1 12 14 2 -1 -1 0
76 1 30 32 2 -1 -1 0
77 1 84 86 2 -1 -1 0
120 5 106 6 0 0 109 106
0 56 120 166 232 234
0 1 2 3 4 5 6 7 8 9 116 97 99 11 12 13 14 15 16 117 101 102 103 18 19 20 21 22 23 24 25 26 27 28 29 30 31 32 118 105 107 34 35 36 37 38 39 119 109 110 111 41 42 43 44 45 46 47 48 49 50 51 52 53 54 55 56 57 58 59 60 61 62 63 64 65 66 67 68 69 70 71 72 73 74 75 76 77 78 79 80 81 82 83 84 85 86 87 88 89 90 91 92 93 94 95
46 110 174 216 218 232


0 1 0 46 1 -1 5 1
1 1 0 110 1 -1 4 1
2 3 0 119 165 216 231 232 2 -1 2 1
3 1 0 90 4 -1 -1 1
4 1 0 162 1 -1 -1 1
5 1 0 232 8 -1 1 1
6 1 0 0 1 -1 -1 0
7 1 2 2 1 -1 -1 0
8 1 4 6 2 -1 -1 0
9 1 6 46 3 -1 2 0
11 1 16 16 1 -1 -1 0
12 1 18 18 1 -1 -1 0
13 1 20 20 1 -1 -1 0
14 1 22 22 1 -1 -1 0
15 1 24 26 2 -1 -1 0
16 1 26 46 3 -1 1 0
18 1 38 38 1 -1 -1 0
19 1 40 40 1 -1 -1 0
20 1 42 44 2 -1 -1 0
21 1 44 46 2 -1 4 0
22 1 46 56 3 -1 0 0
23 1 48 50 2 -1 -1 0
24 1 50 52 2 -1 -1 0
25 1 52 54 2 -1 -1 0
26 1 56 58 2 -1 -1 0
27 1 58 60 2 -1 -1 0
28 1 60 110 2 -1 2 0
29 1 62 62 1 -1 -1 0
30 1 64 64 1 -1 -1 0
31 1 66 68 2 -1 -1 0
32 1 68 110 3 -1 1 0
34 1 78 78 1 -1 -1 0
35 1 80 80 1 -1 -1 0
36 1 82 82 1 -1 -1 0
37 1 84 84 1 -1 -1 0
38 1 86 88 2 -1 -1 0
39 1 88 110 3 -1 5 0
41 1 100 100 1 -1 -1 0
42 1 102 102 1 -1 -1 0
43 1 104 104 1 -1 -1 0
44 1 106 108 2 -1 -1 0
45 1 108 110 2 -1 8 0
46 2 110 120 165 166 4 -1 0 0
47 1 112 114 2 -1 -1 0
48 1 114 116 2 -1 -1 0
49 1 116 118 2 -1 -1 0
50 1 120 150 2 -1 -1 0
51 1 122 122 1 -1 -1 0
52 1 124 124 1 -1 -1 0
53 1 126 126 1 -1 -1 0
54 1 128 128 1 -1 -1 0
55 1 130 130 1 -1 -1 0
56 1 132 132 1 -1 -1 0
57 1 134 134 1 -1 -1 0
58 1 136 136 1 -1 -1 0
59 1 138 138 1 -1 -1 0
60 1 140 142 2 -1 -1 0
61 1 142 158 4 -1 -1 0
62 1 144 146 2 -1 -1 0
63 1 148 150 2 -1 -1 0
64 1 152 154 2 -1 -1 0
65 1 156 158 2 -1 -1 0
66 1 160 162 2 -1 -1 0
67 1 166 168 2 -1 -1 0
68 1 168 174 2 -1 1 0
69 1 170 174 2 -1 2 0
70 1 172 174 2 -1 5 0
71 1 174 216 2 -1 1 0
72 1 176 176 1 -1 -1 0
73 1 178 178 1 -1 -1 0
74 1 180 180 1 -1 -1 0
75 1 182 182 1 -1 -1 0
76 1 184 184 1 -1 -1 0
77 1 186 186 1 -1 -1 0
78 1 188 188 1 -1 -1 0
79 1 190 190 1 -1 -1 0
80 1 192 192 1 -1 -1 0
81 1 194 194 1 -1 -1 0
82 1 196 196 1 -1 -1 0
83 1 198 198 1 -1 -1 0
84 1 200 200 1 -1 -1 0
85 1 202 202 1 -1 -1 0
86 1 204 204 1 -1 -1 0
87 1 206 206 1 -1 -1 0
88 1 208 208 1 -1 -1 0
89 1 210 210 1 -1 -1 0
90 1 212 214 2 -1 -1 0
91 1 214 216 2 -1 5 0
92 1 216 220 2 -1 0 0
93 1 218 228 3 -1 0 0
94 1 222 224 2 -1 -1 0
95 1 226 228 2 -1 -1 0
97 1 10 12 2 -1 -1 0
99 1 12 14 2 -1 -1 0
101 1 30 32 2 -1 -1 0
102 1 32 34 2 -1 -1 0
103 1 34 36 2 -1 -1 0
105 1 72 74 2 -1 -1 0
107 1 74 76 2 -1 -1 0
109 1 92 94 2 -1 -1 0
110 1 94 96 2 -1 -1 0
111 1 96 98 2 -1 -1 0
116 1 8 10 2 -1 -1 0
117 1 28 30 2 -1 -1 0
118 1 70 72 2 -1 -1 0
119 1 90 92 2 -1 -1 0
86 5 74 7 0 0 76 74
0 8 42 56 110 168
0 1 2 3 4 77 78 7 9 10 11 12 13 80 14 16 17 18 19 20 21 22 23 24 25 26 27 28 29 30 31 32 35 36 37 38 39 40 41 42 43 44 45 81 85 83 84 49 51 52 53 54 55 56 57 58 59 60 61 62 63 64 65 66 67 68 69 70 71 72 73 74 75 76
18 20 32 64 86 152 154


0 1 0 18 2 -1 2 1
1 2 0 32 109 152 2 -1 1 1
2 1 0 32 2 -1 2 1
3 1 0 32 1 -1 4 1
4 1 0 166 12 -1 -1 1
7 1 4 6 2 -1 -1 0
9 1 8 8 1 -1 -1 0
10 1 10 10 1 -1 -1 0
11 1 12 12 1 -1 -1 0
12 1 14 16 2 -1 -1 0
13 1 16 20 2 -1 5 0
14 1 20 32 2 -1 2 0
16 1 22 32 2 -1 8 0
17 1 24 24 1 -1 -1 0
18 1 26 26 1 -1 -1 0
19 1 28 30 2 -1 -1 0
20 1 30 32 2 -1 3 0
21 2 32 42 55 60 5 -1 0 0
22 1 34 36 2 -1 -1 0
23 1 36 38 2 -1 -1 0
24 1 38 40 2 -1 -1 0
25 1 42 44 2 -1 -1 0
26 1 44 52 2 -1 -1 0
27 1 46 48 2 -1 -1 0
28 1 50 52 2 -1 -1 0
29 1 56 58 2 -1 -1 0
30 1 58 64 2 -1 2 0
31 1 60 62 2 -1 -1 0
32 1 62 106 2 -1 -1 0
35 1 64 94 3 -1 2 0
36 1 66 66 1 -1 -1 0
37 1 68 68 1 -1 -1 0
38 1 70 70 1 -1 -1 0
39 1 72 72 1 -1 -1 0
40 1 74 74 1 -1 -1 0
41 1 76 76 1 -1 -1 0
42 1 78 78 1 -1 -1 0
43 1 80 80 1 -1 -1 0
44 1 82 82 1 -1 -1 0
45 1 84 84 1 -1 -1 0
49 1 100 102 2 -1 -1 0
51 1 104 106 2 -1 -1 0
52 1 110 152 2 -1 1 0
53 1 112 112 1 -1 -1 0
54 1 114 114 1 -1 -1 0
55 1 116 116 1 -1 -1 0
56 1 118 118 1 -1 -1 0
57 1 120 120 1 -1 -1 0
58 1 122 122 1 -1 -1 0
59 1 124 124 1 -1 -1 0
60 1 126 126 1 -1 -1 0
61 1 128 128 1 -1 -1 0
62 1 130 130 1 -1 -1 0
63 1 132 132 1 -1 -1 0
64 1 134 134 1 -1 -1 0
65 1 136 136 1 -1 -1 0
66 1 138 138 1 -1 -1 0
67 1 140 140 1 -1 -1 0
68 1 142 142 1 -1 -1 0
69 1 144 144 1 -1 -1 0
70 1 146 146 1 -1 -1 0
71 1 148 150 2 -1 -1 0
72 1 150 152 2 -1 5 0
73 1 152 156 2 -1 0 0
74 1 154 164 3 -1 0 0
75 1 158 160 2 -1 -1 0
76 1 162 164 2 -1 -1 0
77 1 0 2 2 -1 -1 0
78 1 2 4 2 -1 -1 0
80 1 18 20 2 -1 1 0
81 1 86 98 2 -1 0 0
83 1 92 94 2 -1 -1 0
84 1 96 98 2 -1 -1 0
85 1 88 90 2 -1 -1 0
126 23 59 3 0 0 74 59
0 4 8 12 14 18 20 26 42 64 66 74 76 96 102 112 118 128 134 142 154 170 172 174
0 26 29 31 34 36 37 48 49 50 51 52 53 55 56 57 58 59 61 62 63 65 40 42 45 2 67 68 69 70 71 72 6 78 79 85 86 11 92 93 99 100 16 106 107 113 114 21 115 116 117 118 23 120 121 122 123 124 125
0 68 150


0 4 0 95 101 111 117 127 133 146 9 40 -1 1
2 5 76 95 101 111 117 127 133 153 169 172 7 42 -1 0
6 1 92 94 2 -1 -1 0
11 1 108 110 2 -1 -1 0
16 1 124 126 2 -1 -1 0
21 1 138 140 2 -1 -1 0
23 1 150 152 2 -1 0 0
26 1 0 0 1 -1 0 0
29 1 4 6 2 -1 -1 0
31 1 8 10 2 -1 -1 0
34 2 14 17 20 20 2 36 -1 0
36 1 20 22 2 34 -1 0
37 1 22 24 2 -1 -1 0
40 1 66 76 3 65 2 0
42 2 68 73 76 76 3 2 0 0
45 1 70 72 2 -1 -1 0
48 1 26 28 2 -1 -1 0
49 1 28 30 2 -1 -1 0
50 1 32 34 2 -1 -1 0
51 1 34 36 2 -1 -1 0
52 1 36 38 2 -1 -1 0
53 1 38 40 2 -1 -1 0
55 1 42 44 2 -1 -1 0
56 1 44 46 2 -1 -1 0
57 1 48 50 2 -1 -1 0
58 1 50 54 2 -1 -1 0
59 1 52 54 2 -1 -1 0
61 1 54 56 2 -1 -1 0
62 1 56 58 2 -1 -1 0
63 1 58 60 2 -1 -1 0
65 2 60 63 66 66 2 40 -1 0
67 1 78 80 2 -1 -1 0
68 3 80 95 101 111 117 118 4 -1 -1 0
69 1 84 86 2 -1 -1 0
70 4 86 96 101 112 117 128 133 134 8 -1 -1 0
71 1 88 90 2 -1 -1 0
72 1 90 92 2 -1 -1 0
78 1 96 98 2 -1 -1 0
79 1 98 100 2 -1 -1 0
85 1 104 106 2 -1 -1 0
86 1 106 108 2 -1 -1 0
92 1 112 114 2 -1 -1 0
93 1 114 116 2 -1 -1 0
99 1 120 122 2 -1 -1 0
100 1 122 124 2 -1 -1 0
106 1 128 130 2 -1 -1 0
107 1 130 132 2 -1 -1 0
113 1 134 136 2 -1 -1 0
114 1 136 138 2 -1 -1 0
115 1 142 144 2 -1 -1 0
116 1 144 146 2 -1 -1 0
117 1 146 148 2 -1 -1 0
118 1 148 150 2 -1 2 0
120 1 154 156 2 -1 -1 0
121 1 156 158 2 -1 -1 0
122 1 160 162 2 -1 -1 0
123 1 162 164 2 -1 -1 0
124 1 164 166 2 -1 -1 0
125 1 166 168 2 -1 -1 0
23 3 13 1 0 0 17 13
0 8 10 26
0 1 2 3 4 6 8 9 11 21 16 19 22
10


0 2 0 7 9 10 1 -1 2 1
1 1 0 2 1 -1 -1 1
2 2 0 7 9 20 2 -1 -1 1
3 2 0 7 9 16 1 -1 -1 1
4 2 0 7 9 22 4 -1 1 1
6 1 0 4 2 -1 -1 0
8 1 2 4 2 -1 -1 0
9 1 4 6 2 -1 -1 0
11 1 10 20 3 -1 0 0
16 1 14 18 2 -1 -1 0
19 1 16 18 2 -1 -1 0
21 1 12 14 2 -1 -1 0
22 1 20 22 2 -1 -1 0
83 5 75 5 0 0 77 75
0 8 44 98 112 170
0 1 2 3 4 78 79 7 9 10 11 12 13 81 14 16 17 18 19 20 21 22 23 24 25 26 27 28 29 30 31 32 33 34 35 36 37 38 39 40 41 82 44 45 46 48 49 50 51 52 53 54 55 56 57 58 59 60 61 62 63 64 65 66 67 68 69 70 71 72 73 74 75 76 77
18 20 34 154 156


0 1 0 18 2 -1 2 1
1 2 0 34 111 154 2 -1 1 1
2 1 0 34 2 -1 2 1
3 1 0 34 1 -1 4 1
4 1 0 168 12 -1 -1 1
7 1 4 6 2 -1 -1 0
9 1 8 8 1 -1 -1 0
10 1 10 10 1 -1 -1 0
11 1 12 12 1 -1 -1 0
12 1 14 16 2 -1 -1 0
13 1 16 20 2 -1 5 0
14 1 20 34 2 -1 2 0
16 1 22 34 2 -1 8 0
17 1 24 24 1 -1 -1 0
18 1 26 26 1 -1 -1 0
19 1 28 28 1 -1 -1 0
20 1 30 32 2 -1 -1 0
21 1 32 34 2 -1 3 0
22 2 34 52 97 98 6 -1 0 0
23 1 36 38 2 -1 -1 0
24 1 38 40 2 -1 -1 0
25 1 40 42 2 -1 -1 0
26 1 44 46 2 -1 -1 0
27 1 46 82 2 -1 -1 0
28 1 48 50 2 -1 -1 0
29 1 50 86 2 -1 -1 0
30 1 52 54 2 -1 -1 0
31 1 54 94 2 -1 -1 0
32 1 56 56 1 -1 -1 0
33 1 58 58 1 -1 -1 0
34 1 60 60 1 -1 -1 0
35 1 62 62 1 -1 -1 0
36 1 64 64 1 -1 -1 0
37 1 66 66 1 -1 -1 0
38 1 68 68 1 -1 -1 0
39 1 70 70 1 -1 -1 0
40 1 72 72 1 -1 -1 0
41 1 74 74 1 -1 -1 0
44 1 80 82 2 -1 -1 0
45 1 84 86 2 -1 -1 0
46 1 88 90 2 -1 -1 0
48 1 92 94 2 -1 -1 0
49 1 98 100 2 -1 -1 0
50 1 100 108 2 -1 -1 0
51 1 102 104 2 -1 -1 0
52 1 106 108 2 -1 -1 0
53 1 112 154 2 -1 1 0
54 1 114 114 1 -1 -1 0
55 1 116 116 1 -1 -1 0
56 1 118 118 1 -1 -1 0
57 1 120 120 1 -1 -1 0
58 1 122 122 1 -1 -1 0
59 1 124 124 1 -1 -1 0
60 1 126 126 1 -1 -1 0
61 1 128 128 1 -1 -1 0
62 1 130 130 1 -1 -1 0
63 1 132 132 1 -1 -1 0
64 1 134 134 1 -1 -1 0
65 1 136 136 1 -1 -1 0
66 1 138 138 1 -1 -1 0
67 1 140 140 1 -1 -1 0
68 1 142 142 1 -1 -1 0
69 1 144 144 1 -1 -1 0
70 1 146 146 1 -1 -1 0
71 1 148 148 1 -1 -1 0
72 1 150 152 2 -1 -1 0
73 1 152 154 2 -1 5 0
74 1 154 158 2 -1 0 0
75 1 156 166 3 -1 0 0
76 1 160 162 2 -1 -1 0
77 1 164 166 2 -1 -1 0
78 1 0 2 2 -1 -1 0
79 1 2 4 2 -1 -1 0
81 1 18 20 2 -1 1 0
82 1 76 78 2 -1 -1 0
199 11 186 13 0 0 191 186
0 8 72 82 126 136 226 284 298 356 370 428
0 1 2 3 4 185 186 7 9 10 11 12 13 188 14 17 18 19 20 21 190 22 24 25 26 27 28 29 30 31 32 33 34 35 36 37 38 39 40 41 44 45 46 42 43 47 48 49 50 51 52 53 54 55 56 57 58 59 60 61 62 63 64 65 66 69 70 71 67 68 72 73 74 75 76 77 191 192 194 79 80 81 82 83 196 197 85 86 87 88 89 90 91 92 93 94 95 96 97 98 99 100 101 102 103 104 105 106 107 108 109 110 111 112 113 114 115 116 117 118 119 120 121 122 123 124 125 126 127 128 129 130 131 132 133 134 135 136 137 138 139 140 141 142 143 144 145 146 147 148 149 150 151 152 153 154 155 156 157 158 159 160 161 162 163 164 165 166 167 168 169 170 171 172 173 174 175 176 177 178 179 180 181 182 183 184
18 20 32 34 62 116 160 268 270 340 342 412 414


0 1 0 32 3 -1 2 1
1 4 0 135 225 268 297 340 369 412 3 -1 2 1
2 1 0 152 5 -1 2 1
3 1 0 62 1 -1 5 1
4 1 0 426 19 -1 -1 1
7 1 4 6 2 -1 -1 0
9 1 8 8 1 -1 -1 0
10 1 10 10 1 -1 -1 0
11 1 12 12 1 -1 -1 0
12 1 14 16 2 -1 -1 0
13 1 16 20 2 -1 5 0
14 1 20 62 2 -1 2 0
17 1 22 22 1 -1 -1 0
18 1 24 24 1 -1 -1 0
19 1 26 26 1 -1 -1 0
20 1 28 30 2 -1 -1 0
21 1 30 34 2 -1 5 0
22 1 34 116 2 -1 2 0
24 1 36 36 1 -1 -1 0
25 1 38 38 1 -1 -1 0
26 1 40 40 1 -1 -1 0
27 1 42 42 1 -1 -1 0
28 1 44 44 1 -1 -1 0
29 1 46 46 1 -1 -1 0
30 1 48 48 1 -1 -1 0
31 1 50 50 1 -1 -1 0
32 1 52 52 1 -1 -1 0
33 1 54 54 1 -1 -1 0
34 1 56 56 1 -1 -1 0
35 1 58 60 2 -1 -1 0
36 1 60 62 2 -1 4 0
37 2 62 82 355 356 5 -1 0 0
38 1 64 66 2 -1 -1 0
39 1 66 68 2 -1 -1 0
40 1 68 70 2 -1 -1 0
41 1 72 86 3 -1 -1 0
42 1 82 84 2 -1 -1 0
43 1 84 116 2 -1 5 0
44 1 74 76 2 -1 -1 0
45 1 76 78 2 -1 -1 0
46 1 78 80 2 -1 -1 0
47 1 86 88 2 -1 -1 0
48 1 88 160 2 -1 1 0
49 1 90 90 1 -1 -1 0
50 1 92 92 1 -1 -1 0
51 1 94 94 1 -1 -1 0
52 1 96 96 1 -1 -1 0
53 1 98 98 1 -1 -1 0
54 1 100 100 1 -1 -1 0
55 1 102 102 1 -1 -1 0
56 1 104 104 1 -1 -1 0
57 1 106 106 1 -1 -1 0
58 1 108 108 1 -1 -1 0
59 1 110 110 1 -1 -1 0
60 1 112 114 2 -1 -1 0
61 1 114 116 2 -1 4 0
62 2 116 136 283 284 5 -1 0 0
63 1 118 120 2 -1 -1 0
64 1 120 122 2 -1 -1 0
65 1 122 124 2 -1 -1 0
66 1 126 140 3 -1 -1 0
67 1 136 138 2 -1 -1 0
68 1 138 222 2 -1 -1 0
69 1 128 130 2 -1 -1 0
70 1 130 132 2 -1 -1 0
71 1 132 134 2 -1 -1 0
72 1 140 142 2 -1 -1 0
73 1 142 160 2 -1 5 0
74 1 144 144 1 -1 -1 0
75 1 146 146 1 -1 -1 0
76 1 148 150 2 -1 -1 0
77 1 150 160 3 -1 2 0
79 1 160 206 2 -1 0 0
80 1 162 162 1 -1 -1 0
81 1 164 164 1 -1 -1 0
82 1 166 168 2 -1 -1 0
83 1 168 210 4 -1 -1 0
85 1 178 178 1 -1 -1 0
86 1 180 180 1 -1 -1 0
87 1 182 182 1 -1 -1 0
88 1 184 184 1 -1 -1 0
89 1 186 186 1 -1 -1 0
90 1 188 188 1 -1 -1 0
91 1 190 190 1 -1 -1 0
92 1 192 192 1 -1 -1 0
93 1 194 194 1 -1 -1 0
94 1 196 198 2 -1 -1 0
95 1 198 218 5 -1 -1 0
96 1 200 202 2 -1 -1 0
97 1 204 206 2 -1 -1 0
98 1 208 210 2 -1 -1 0
99 1 212 214 2 -1 -1 0
100 1 216 218 2 -1 -1 0
101 1 220 222 2 -1 -1 0
102 1 226 268 2 -1 1 0
103 1 228 228 1 -1 -1 0
104 1 230 230 1 -1 -1 0
105 1 232 232 1 -1 -1 0
106 1 234 234 1 -1 -1 0
107 1 236 236 1 -1 -1 0
108 1 238 238 1 -1 -1 0
109 1 240 240 1 -1 -1 0
110 1 242 242 1 -1 -1 0
111 1 244 244 1 -1 -1 0
112 1 246 246 1 -1 -1 0
113 1 248 248 1 -1 -1 0
114 1 250 250 1 -1 -1 0
115 1 252 252 1 -1 -1 0
116 1 254 254 1 -1 -1 0
117 1 256 256 1 -1 -1 0
118 1 258 258 1 -1 -1 0
119 1 260 260 1 -1 -1 0
120 1 262 262 1 -1 -1 0
121 1 264 266 2 -1 -1 0
122 1 266 268 2 -1 5 0
123 1 268 272 2 -1 0 0
124 1 270 280 3 -1 0 0
125 1 274 276 2 -1 -1 0
126 1 278 280 2 -1 -1 0
127 1 284 286 2 -1 -1 0
128 1 286 294 2 -1 -1 0
129 1 288 290 2 -1 -1 0
130 1 292 294 2 -1 -1 0
131 1 298 340 2 -1 1 0
132 1 300 300 1 -1 -1 0
133 1 302 302 1 -1 -1 0
134 1 304 304 1 -1 -1 0
135 1 306 306 1 -1 -1 0
136 1 308 308 1 -1 -1 0
137 1 310 310 1 -1 -1 0
138 1 312 312 1 -1 -1 0
139 1 314 314 1 -1 -1 0
140 1 316 316 1 -1 -1 0
141 1 318 318 1 -1 -1 0
142 1 320 320 1 -1 -1 0
143 1 322 322 1 -1 -1 0
144 1 324 324 1 -1 -1 0
145 1 326 326 1 -1 -1 0
146 1 328 328 1 -1 -1 0
147 1 330 330 1 -1 -1 0
148 1 332 332 1 -1 -1 0
149 1 334 334 1 -1 -1 0
150 1 336 338 2 -1 -1 0
151 1 338 340 2 -1 5 0
152 1 340 344 2 -1 0 0
153 1 342 352 3 -1 0 0
154 1 346 348 2 -1 -1 0
155 1 350 352 2 -1 -1 0
156 1 356 358 2 -1 -1 0
157 1 358 366 2 -1 -1 0
158 1 360 362 2 -1 -1 0
159 1 364 366 2 -1 -1 0
160 1 370 412 2 -1 1 0
161 1 372 372 1 -1 -1 0
162 1 374 374 1 -1 -1 0
163 1 376 376 1 -1 -1 0
164 1 378 378 1 -1 -1 0
165 1 380 380 1 -1 -1 0
166 1 382 382 1 -1 -1 0
167 1 384 384 1 -1 -1 0
168 1 386 386 1 -1 -1 0
169 1 388 388 1 -1 -1 0
170 1 390 390 1 -1 -1 0
171 1 392 392 1 -1 -1 0
172 1 394 394 1 -1 -1 0
173 1 396 396 1 -1 -1 0
174 1 398 398 1 -1 -1 0
175 1 400 400 1 -1 -1 0
176 1 402 402 1 -1 -1 0
177 1 404 404 1 -1 -1 0
178 1 406 406 1 -1 -1 0
179 1 408 410 2 -1 -1 0
180 1 410 412 2 -1 5 0
181 1 412 416 2 -1 0 0
182 1 414 424 3 -1 0 0
183 1 418 420 2 -1 -1 0
184 1 422 424 2 -1 -1 0
185 1 0 2 2 -1 -1 0
186 1 2 4 2 -1 -1 0
188 1 18 20 2 -1 1 0
190 1 32 34 2 -1 1 0
191 1 152 154 2 -1 -1 0
192 1 154 156 2 -1 -1 0
194 1 156 158 2 -1 -1 0
196 1 170 172 2 -1 -1 0
197 1 174 176 2 -1 -1 0
194 11 178 17 0 0 190 178
0 8 72 84 142 178 190 248 318 332 346 404
0 1 2 3 4 182 183 7 9 10 11 12 13 185 14 17 18 19 20 21 187 22 24 25 26 27 28 29 30 31 32 33 34 35 36 37 38 39 40 41 42 43 44 47 48 49 50 51 52 53 54 55 56 57 58 59 60 61 62 63 64 65 66 67 68 69 70 71 72 73 74 75 76 77 78 79 80 81 82 83 84 85 86 87 88 89 90 91 92 93 96 97 98 99 100 101 102 103 104 105 106 107 108 109 110 111 112 113 114 115 116 117 118 119 120 121 188 189 123 124 125 126 127 128 129 130 131 132 191 192 134 135 136 137 138 139 140 141 142 143 144 145 146 147 148 149 150 151 152 153 154 155 156 157 158 159 160 161 162 163 164 165 166 167 168 169 170 171 172 173 174 175 176 177 178 179 180 181
18 20 32 34 62 78 126 128 168 184 232 234 260 262 302 388 390


0 1 0 32 3 -1 2 1
1 3 0 126 141 232 345 388 3 -1 2 1
2 3 0 83 141 189 247 302 7 -1 2 1
3 1 0 62 1 -1 5 1
4 1 0 402 19 -1 -1 1
7 1 4 6 2 -1 -1 0
9 1 8 8 1 -1 -1 0
10 1 10 10 1 -1 -1 0
11 1 12 12 1 -1 -1 0
12 1 14 16 2 -1 -1 0
13 1 16 20 2 -1 5 0
14 1 20 62 2 -1 2 0
17 1 22 22 1 -1 -1 0
18 1 24 24 1 -1 -1 0
19 1 26 26 1 -1 -1 0
20 1 28 30 2 -1 -1 0
21 1 30 34 2 -1 5 0
22 2 34 83 141 168 2 -1 2 0
24 1 36 36 1 -1 -1 0
25 1 38 38 1 -1 -1 0
26 1 40 40 1 -1 -1 0
27 1 42 42 1 -1 -1 0
28 1 44 44 1 -1 -1 0
29 1 46 46 1 -1 -1 0
30 1 48 48 1 -1 -1 0
31 1 50 50 1 -1 -1 0
32 1 52 52 1 -1 -1 0
33 1 54 54 1 -1 -1 0
34 1 56 56 1 -1 -1 0
35 1 58 60 2 -1 -1 0
36 1 60 62 2 -1 4 0
37 2 62 74 331 332 5 -1 0 0
38 1 64 66 2 -1 -1 0
39 1 66 68 2 -1 -1 0
40 1 68 70 2 -1 -1 0
41 1 72 78 2 -1 2 0
42 1 74 76 2 -1 -1 0
43 2 76 83 141 168 2 -1 5 0
44 3 78 83 141 189 247 262 3 -1 5 0
47 1 80 82 2 -1 -1 0
48 1 84 126 2 -1 1 0
49 1 86 86 1 -1 -1 0
50 1 88 88 1 -1 -1 0
51 1 90 90 1 -1 -1 0
52 1 92 92 1 -1 -1 0
53 1 94 94 1 -1 -1 0
54 1 96 96 1 -1 -1 0
55 1 98 98 1 -1 -1 0
56 1 100 100 1 -1 -1 0
57 1 102 102 1 -1 -1 0
58 1 104 104 1 -1 -1 0
59 1 106 106 1 -1 -1 0
60 1 108 108 1 -1 -1 0
61 1 110 110 1 -1 -1 0
62 1 112 112 1 -1 -1 0
63 1 114 114 1 -1 -1 0
64 1 116 116 1 -1 -1 0
65 1 118 118 1 -1 -1 0
66 1 120 120 1 -1 -1 0
67 1 122 124 2 -1 -1 0
68 1 124 126 2 -1 5 0
69 1 126 130 2 -1 0 0
70 1 128 138 3 -1 0 0
71 1 132 134 2 -1 -1 0
72 1 136 138 2 -1 -1 0
73 1 142 142 1 -1 -1 0
74 1 144 144 1 -1 -1 0
75 1 146 146 1 -1 -1 0
76 1 148 148 1 -1 -1 0
77 1 150 150 1 -1 -1 0
78 1 152 152 1 -1 -1 0
79 1 154 154 1 -1 -1 0
80 1 156 156 1 -1 -1 0
81 1 158 158 1 -1 -1 0
82 1 160 160 1 -1 -1 0
83 1 162 162 1 -1 -1 0
84 1 164 166 2 -1 -1 0
85 1 166 168 2 -1 4 0
86 2 168 180 317 318 5 -1 0 0
87 1 170 172 2 -1 -1 0
88 1 172 174 2 -1 -1 0
89 1 174 176 2 -1 -1 0
90 1 178 184 2 -1 2 0
91 1 180 182 2 -1 -1 0
92 2 182 189 247 314 2 -1 -1 0
93 2 184 189 247 262 3 -1 4 0
96 1 186 188 2 -1 -1 0
97 1 190 232 2 -1 1 0
98 1 192 192 1 -1 -1 0
99 1 194 194 1 -1 -1 0
100 1 196 196 1 -1 -1 0
101 1 198 198 1 -1 -1 0
102 1 200 200 1 -1 -1 0
103 1 202 202 1 -1 -1 0
104 1 204 204 1 -1 -1 0
105 1 206 206 1 -1 -1 0
106 1 208 208 1 -1 -1 0
107 1 210 210 1 -1 -1 0
108 1 212 212 1 -1 -1 0
109 1 214 214 1 -1 -1 0
110 1 216 216 1 -1 -1 0
111 1 218 218 1 -1 -1 0
112 1 220 220 1 -1 -1 0
113 1 222 222 1 -1 -1 0
114 1 224 224 1 -1 -1 0
115 1 226 226 1 -1 -1 0
116 1 228 230 2 -1 -1 0
117 1 230 232 2 -1 5 0
118 1 232 236 2 -1 0 0
119 1 234 244 3 -1 0 0
120 1 238 240 2 -1 -1 0
121 1 242 244 2 -1 -1 0
123 1 252 252 1 -1 -1 0
124 1 254 254 1 -1 -1 0
125 1 256 258 2 -1 -1 0
126 1 258 260 2 -1 1 0
127 1 260 262 2 -1 1 0
128 1 262 302 2 -1 1 0
129 1 264 264 1 -1 -1 0
130 1 266 266 1 -1 -1 0
131 1 268 270 2 -1 -1 0
132 1 270 302 4 -1 5 0
134 1 280 280 1 -1 -1 0
135 1 282 282 1 -1 -1 0
136 1 284 284 1 -1 -1 0
137 1 286 286 1 -1 -1 0
138 1 288 288 1 -1 -1 0
139 1 290 290 1 -1 -1 0
140 1 292 292 1 -1 -1 0
141 1 294 294 1 -1 -1 0
142 1 296 296 1 -1 -1 0
143 1 298 300 2 -1 -1 0
144 1 300 302 2 -1 4 0
145 1 302 310 2 -1 0 0
146 1 304 306 2 -1 -1 0
147 1 308 310 2 -1 -1 0
148 1 312 314 2 -1 -1 0
149 1 318 320 2 -1 -1 0
150 1 320 328 2 -1 -1 0
151 1 322 324 2 -1 -1 0
152 1 326 328 2 -1 -1 0
153 1 332 334 2 -1 -1 0
154 1 334 342 2 -1 -1 0
155 1 336 338 2 -1 -1 0
156 1 340 342 2 -1 -1 0
157 1 346 388 2 -1 1 0
158 1 348 348 1 -1 -1 0
159 1 350 350 1 -1 -1 0
160 1 352 352 1 -1 -1 0
161 1 354 354 1 -1 -1 0
162 1 356 356 1 -1 -1 0
163 1 358 358 1 -1 -1 0
164 1 360 360 1 -1 -1 0
165 1 362 362 1 -1 -1 0
166 1 364 364 1 -1 -1 0
167 1 366 366 1 -1 -1 0
168 1 368 368 1 -1 -1 0
169 1 370 370 1 -1 -1 0
170 1 372 372 1 -1 -1 0
171 1 374 374 1 -1 -1 0
172 1 376 376 1 -1 -1 0
173 1 378 378 1 -1 -1 0
174 1 380 380 1 -1 -1 0
175 1 382 382 1 -1 -1 0
176 1 384 386 2 -1 -1 0
177 1 386 388 2 -1 5 0
178 1 388 392 2 -1 0 0
179 1 390 400 3 -1 0 0
180 1 394 396 2 -1 -1 0
181 1 398 400 2 -1 -1 0
182 1 0 2 2 -1 -1 0
183 1 2 4 2 -1 -1 0
185 1 18 20 2 -1 1 0
187 1 32 34 2 -1 1 0
188 1 248 250 2 -1 -1 0
189 1 250 262 2 -1 2 0
191 1 272 274 2 -1 -1 0
192 1 276 278 2 -1 -1 0
30 1 30 3 0 0 30 30
0 62
0 1 2 3 4 5 6 7 8 9 10 11 12 13 14 15 16 17 18 19 20 21 22 23 24 25 26 27 28 29
4 46 48


0 1 0 4 1 -1 2 1
1 1 0 46 1 -1 2 1
2 1 0 60 3 -1 -1 1
3 1 0 4 2 -1 1 0
4 1 2 4 2 -1 5 0
5 1 4 46 2 -1 1 0
6 1 6 6 1 -1 -1 0
7 1 8 8 1 -1 -1 0
8 1 10 10 1 -1 -1 0
9 1 12 12 1 -1 -1 0
10 1 14 14 1 -1 -1 0
11 1 16 16 1 -1 -1 0
12 1 18 18 1 -1 -1 0
13 1 20 20 1 -1 -1 0
14 1 22 22 1 -1 -1 0
15 1 24 24 1 -1 -1 0
16 1 26 26 1 -1 -1 0
17 1 28 28 1 -1 -1 0
18 1 30 30 1 -1 -1 0
19 1 32 32 1 -1 -1 0
20 1 34 34 1 -1 -1 0
21 1 36 36 1 -1 -1 0
22 1 38 38 1 -1 -1 0
23 1 40 40 1 -1 -1 0
24 1 42 44 2 -1 -1 0
25 1 44 46 2 -1 5 0
26 1 46 50 2 -1 0 0
27 1 48 58 3 -1 0 0
28 1 52 54 2 -1 -1 0
29 1 56 58 2 -1 -1 0
15 3 14 2 0 0 14 14
0 22 24 26
0 1 2 3 4 5 6 7 8 9 14 11 12 13
22 24


0 1 0 24 2 -1 2 1
1 1 0 24 2 -1 1 1
2 1 0 24 3 -1 5 1
3 1 0 24 2 -1 4 1
4 1 0 24 2 -1 8 1
5 1 0 0 1 -1 -1 0
6 1 2 2 1 -1 -1 0
7 1 4 4 1 -1 -1 0
8 1 6 8 2 -1 -1 0
9 1 8 14 3 -1 -1 0
11 1 14 16 2 -1 -1 0
12 1 16 18 2 -1 -1 0
13 1 18 20 2 -1 -1 0
14 1 10 12 2 -1 -1 0
239 30 209 18 0 0 250 209
0 8 18 32 44 92 96 154 184 186 222 224 226 230 242 256 268 320 324 382 396 398 406 410 412 416 418 452 454 456 514
0 1 2 3 4 5 6 7 8 9 10 11 12 13 14 15 16 17 18 19 20 21 227 228 25 26 27 28 29 30 31 32 33 34 35 36 37 38 39 40 41 42 44 45 46 47 48 49 50 51 52 53 54 55 56 57 58 59 60 61 62 63 64 65 66 67 68 69 71 72 229 230 78 79 80 81 231 232 234 85 86 87 89 90 91 92 93 94 95 96 97 98 99 100 101 102 103 104 105 106 107 108 109 110 111 112 113 114 115 116 117 235 236 121 122 123 124 125 126 127 128 129 130 131 132 133 134 135 136 137 138 139 141 142 143 144 145 146 147 148 149 150 151 152 153 154 155 156 157 158 159 160 161 162 163 164 165 166 168 169 237 238 176 177 178 180 181 182 185 187 188 189 190 191 192 193 194 195 196 197 198 199 200 201 202 203 204 205 206 207 208 209 210 211 212 213 214 215 216 217 218 219 220 221 222 223 224 225 226
138 140 156 180 216 222 224 366 368 384 392 402 406 446 452 454 498 500


0 2 0 8 225 232 4 -1 -1 1
1 2 0 22 225 246 6 -1 -1 1
2 2 0 32 225 256 4 -1 -1 1
3 7 0 43 91 138 153 216 221 267 319 366 381 446 451 498 9 -1 2 1
4 6 0 43 91 95 153 216 225 267 319 323 381 446 3 -1 3 1
5 6 0 88 91 95 153 188 225 316 319 323 381 400 6 -1 -1 1
6 1 0 512 25 -1 1 1
7 1 0 2 2 -1 -1 0
8 2 2 7 225 226 3 -1 -1 0
9 1 4 6 2 -1 -1 0
10 3 8 43 91 95 153 216 4 -1 2 0
11 1 10 12 2 -1 -1 0
12 1 12 14 2 -1 -1 0
13 1 14 16 2 -1 -1 0
14 1 18 20 2 -1 -1 0
15 3 20 72 91 95 153 186 3 87 -1 0
16 1 22 76 2 -1 -1 0
17 1 24 26 2 -1 -1 0
18 1 26 28 2 -1 -1 0
19 1 28 30 2 -1 -1 0
20 1 32 34 2 -1 -1 0
21 3 34 43 91 95 153 216 2 -1 4 0
25 1 40 42 2 -1 -1 0
26 1 44 44 1 -1 -1 0
27 1 46 46 1 -1 -1 0
28 1 48 48 1 -1 -1 0
29 1 50 50 1 -1 -1 0
30 1 52 52 1 -1 -1 0
31 1 54 54 1 -1 -1 0
32 1 56 56 1 -1 -1 0
33 1 58 58 1 -1 -1 0
34 1 60 60 1 -1 -1 0
35 1 62 64 2 -1 -1 0
36 1 64 84 5 -1 -1 0
37 1 66 68 2 -1 -1 0
38 1 70 72 2 -1 -1 0
39 1 74 76 2 -1 -1 0
40 1 78 80 2 -1 -1 0
41 1 82 84 2 -1 -1 0
42 1 86 88 2 -1 -1 0
44 1 92 94 2 -1 -1 0
45 1 96 138 2 -1 1 0
46 1 98 98 1 -1 -1 0
47 1 100 100 1 -1 -1 0
48 1 102 102 1 -1 -1 0
49 1 104 104 1 -1 -1 0
50 1 106 106 1 -1 -1 0
51 1 108 108 1 -1 -1 0
52 1 110 110 1 -1 -1 0
53 1 112 112 1 -1 -1 0
54 1 114 114 1 -1 -1 0
55 1 116 116 1 -1 -1 0
56 1 118 118 1 -1 -1 0
57 1 120 120 1 -1 -1 0
58 1 122 122 1 -1 -1 0
59 1 124 124 1 -1 -1 0
60 1 126 126 1 -1 -1 0
61 1 128 128 1 -1 -1 0
62 1 130 130 1 -1 -1 0
63 1 132 132 1 -1 -1 0
64 1 134 136 2 -1 -1 0
65 1 136 138 2 -1 5 0
66 1 138 142 2 -1 0 0
67 1 140 150 3 -1 0 0
68 1 144 146 2 -1 -1 0
69 1 148 150 2 -1 -1 0
71 1 154 156 2 -1 1 0
72 1 156 160 3 -1 0 0
78 1 162 162 1 -1 -1 0
79 1 164 164 1 -1 -1 0
80 1 166 168 2 -1 -1 0
81 1 168 180 3 -1 2 0
85 1 178 216 2 -1 1 0
86 1 180 182 2 -1 0 0
87 1 186 216 2 230 5 0
89 1 188 216 2 -1 -1 0
90 1 190 190 1 -1 -1 0
91 1 192 192 1 -1 -1 0
92 1 194 194 1 -1 -1 0
93 1 196 196 1 -1 -1 0
94 1 198 198 1 -1 -1 0
95 1 200 200 1 -1 -1 0
96 1 202 202 1 -1 -1 0
97 1 204 204 1 -1 -1 0
98 1 206 206 1 -1 -1 0
99 1 208 208 1 -1 -1 0
100 1 210 210 1 -1 -1 0
101 1 212 214 2 -1 -1 0
102 1 214 216 2 -1 -1 0
103 1 216 218 2 -1 0 0
104 1 226 228 2 -1 -1 0
105 3 230 267 319 323 381 446 4 -1 2 0
106 3 232 304 319 323 381 446 6 -1 2 0
107 1 234 236 2 -1 -1 0
108 1 236 238 2 -1 -1 0
109 1 238 240 2 -1 -1 0
110 1 242 244 2 -1 -1 0
111 3 244 296 319 323 381 402 4 178 1 0
112 1 246 300 2 -1 -1 0
113 1 248 250 2 -1 -1 0
114 1 250 252 2 -1 -1 0
115 1 252 254 2 -1 -1 0
116 1 256 258 2 -1 -1 0
117 3 258 267 319 323 381 446 3 -1 1 0
121 1 264 266 2 -1 -1 0
122 1 268 268 1 -1 -1 0
123 1 270 270 1 -1 -1 0
124 1 272 272 1 -1 -1 0
125 1 274 274 1 -1 -1 0
126 1 276 276 1 -1 -1 0
127 1 278 278 1 -1 -1 0
128 1 280 280 1 -1 -1 0
129 1 282 282 1 -1 -1 0
130 1 284 284 1 -1 -1 0
131 1 286 288 2 -1 -1 0
132 1 288 312 6 -1 -1 0
133 1 290 292 2 -1 -1 0
134 1 294 296 2 -1 -1 0
135 1 298 300 2 -1 -1 0
136 1 302 304 2 -1 -1 0
137 1 306 308 2 -1 -1 0
138 1 310 312 2 -1 -1 0
139 1 314 316 2 -1 -1 0
141 1 320 322 2 -1 -1 0
142 1 324 366 2 -1 1 0
143 1 326 326 1 -1 -1 0
144 1 328 328 1 -1 -1 0
145 1 330 330 1 -1 -1 0
146 1 332 332 1 -1 -1 0
147 1 334 334 1 -1 -1 0
148 1 336 336 1 -1 -1 0
149 1 338 338 1 -1 -1 0
150 1 340 340 1 -1 -1 0
151 1 342 342 1 -1 -1 0
152 1 344 344 1 -1 -1 0
153 1 346 346 1 -1 -1 0
154 1 348 348 1 -1 -1 0
155 1 350 350 1 -1 -1 0
156 1 352 352 1 -1 -1 0
157 1 354 354 1 -1 -1 0
158 1 356 356 1 -1 -1 0
159 1 358 358 1 -1 -1 0
160 1 360 360 1 -1 -1 0
161 1 362 364 2 -1 -1 0
162 1 364 366 2 -1 5 0
163 1 366 370 2 -1 0 0
164 1 368 378 3 -1 0 0
165 1 372 374 2 -1 -1 0
166 1 376 378 2 -1 -1 0
168 1 382 384 2 -1 1 0
169 1 384 388 3 -1 0 0
176 1 390 446 2 -1 5 0
177 1 392 394 2 -1 0 0
178 1 398 446 2 238 4 0
180 1 400 446 2 -1 -1 0
181 1 402 404 2 -1 0 0
182 1 406 408 2 -1 0 0
185 2 412 415 418 418 2 187 -1 0
187 1 418 446 2 185 -1 0
188 1 420 420 1 -1 -1 0
189 1 422 422 1 -1 -1 0
190 1 424 424 1 -1 -1 0
191 1 426 426 1 -1 -1 0
192 1 428 428 1 -1 -1 0
193 1 430 430 1 -1 -1 0
194 1 432 432 1 -1 -1 0
195 1 434 434 1 -1 -1 0
196 1 436 436 1 -1 -1 0
197 1 438 438 1 -1 -1 0
198 1 440 440 1 -1 -1 0
199 1 442 444 2 -1 -1 0
200 1 444 446 2 -1 -1 0
201 1 446 448 2 -1 0 0
202 1 456 498 2 -1 1 0
203 1 458 458 1 -1 -1 0
204 1 460 460 1 -1 -1 0
205 1 462 462 1 -1 -1 0
206 1 464 464 1 -1 -1 0
207 1 466 466 1 -1 -1 0
208 1 468 468 1 -1 -1 0
209 1 470 470 1 -1 -1 0
210 1 472 472 1 -1 -1 0
211 1 474 474 1 -1 -1 0
212 1 476 476 1 -1 -1 0
213 1 478 478 1 -1 -1 0
214 1 480 480 1 -1 -1 0
215 1 482 482 1 -1 -1 0
216 1 484 484 1 -1 -1 0
217 1 486 486 1 -1 -1 0
218 1 488 488 1 -1 -1 0
219 1 490 490 1 -1 -1 0
220 1 492 492 1 -1 -1 0
221 1 494 496 2 -1 -1 0
222 1 496 498 2 -1 5 0
223 1 498 502 2 -1 0 0
224 1 500 510 3 -1 0 0
225 1 504 506 2 -1 -1 0
226 1 508 510 2 -1 -1 0
227 1 36 38 2 -1 -1 0
228 3 38 43 91 95 153 178 4 -1 -1 0
229 1 158 180 2 -1 1 0
230 2 160 183 186 186 2 87 -1 0
231 1 170 172 2 -1 -1 0
232 1 172 174 2 -1 -1 0
234 1 174 176 2 -1 -1 0
235 1 260 262 2 -1 -1 0
236 3 262 267 319 323 381 390 4 -1 -1 0
237 1 386 392 2 -1 1 0
238 2 388 395 398 398 2 178 -1 0
169 11 155 13 0 0 167 155
0 8 58 86 98 156 160 218 272 286 300 358
0 1 2 3 4 163 164 7 9 10 11 12 13 166 14 17 18 19 20 21 168 22 24 25 26 27 28 29 30 31 32 33 34 35 36 37 38 39 40 41 42 43 44 45 46 47 48 49 50 57 58 59 60 61 62 63 64 65 66 67 68 69 70 71 72 73 74 75 76 77 78 79 80 81 82 83 84 85 86 87 88 89 90 91 92 93 94 95 96 97 98 99 100 101 102 103 104 105 106 107 108 109 110 111 112 113 114 115 116 117 118 119 120 121 122 123 124 125 126 127 128 129 130 131 132 133 134 135 136 137 138 139 140 141 142 143 144 145 146 147 148 149 150 151 152 153 154 155 156 157 158 159 160 161 162
18 20 32 34 48 76 140 142 202 204 224 342 344


0 1 0 32 3 -1 2 1
1 3 0 140 155 202 299 342 5 -1 1 1
2 3 0 97 155 159 217 224 5 -1 2 1
3 1 0 48 1 -1 4 1
4 1 0 356 19 -1 -1 1
7 1 4 6 2 -1 -1 0
9 1 8 8 1 -1 -1 0
10 1 10 10 1 -1 -1 0
11 1 12 12 1 -1 -1 0
12 1 14 16 2 -1 -1 0
13 1 16 20 2 -1 5 0
14 1 20 48 2 -1 2 0
17 1 22 22 1 -1 -1 0
18 1 24 24 1 -1 -1 0
19 1 26 26 1 -1 -1 0
20 1 28 30 2 -1 -1 0
21 1 30 34 2 -1 5 0
22 1 34 76 2 -1 2 0
24 1 36 48 2 -1 8 0
25 1 38 38 1 -1 -1 0
26 1 40 40 1 -1 -1 0
27 1 42 42 1 -1 -1 0
28 1 44 46 2 -1 -1 0
29 1 46 48 2 -1 3 0
30 2 48 62 285 286 5 -1 0 0
31 1 50 52 2 -1 -1 0
32 1 52 54 2 -1 -1 0
33 1 54 56 2 -1 -1 0
34 1 58 60 2 -1 -1 0
35 3 60 97 155 159 217 224 2 -1 1 0
36 1 62 64 2 -1 -1 0
37 1 64 76 2 -1 4 0
38 1 66 76 2 -1 8 0
39 1 68 68 1 -1 -1 0
40 1 70 70 1 -1 -1 0
41 1 72 74 2 -1 -1 0
42 1 74 76 2 -1 3 0
43 2 76 90 271 272 5 -1 0 0
44 1 78 80 2 -1 -1 0
45 1 80 82 2 -1 -1 0
46 1 82 84 2 -1 -1 0
47 1 86 88 2 -1 -1 0
48 3 88 97 155 159 217 256 5 -1 5 0
49 1 90 92 2 -1 -1 0
50 3 92 97 155 159 217 256 3 -1 -1 0
57 1 94 96 2 -1 -1 0
58 1 98 140 2 -1 1 0
59 1 100 100 1 -1 -1 0
60 1 102 102 1 -1 -1 0
61 1 104 104 1 -1 -1 0
62 1 106 106 1 -1 -1 0
63 1 108 108 1 -1 -1 0
64 1 110 110 1 -1 -1 0
65 1 112 112 1 -1 -1 0
66 1 114 114 1 -1 -1 0
67 1 116 116 1 -1 -1 0
68 1 118 118 1 -1 -1 0
69 1 120 120 1 -1 -1 0
70 1 122 122 1 -1 -1 0
71 1 124 124 1 -1 -1 0
72 1 126 126 1 -1 -1 0
73 1 128 128 1 -1 -1 0
74 1 130 130 1 -1 -1 0
75 1 132 132 1 -1 -1 0
76 1 134 134 1 -1 -1 0
77 1 136 138 2 -1 -1 0
78 1 138 140 2 -1 5 0
79 1 140 144 2 -1 0 0
80 1 142 152 3 -1 0 0
81 1 146 148 2 -1 -1 0
82 1 150 152 2 -1 -1 0
83 1 156 158 2 -1 -1 0
84 1 160 202 2 -1 1 0
85 1 162 162 1 -1 -1 0
86 1 164 164 1 -1 -1 0
87 1 166 166 1 -1 -1 0
88 1 168 168 1 -1 -1 0
89 1 170 170 1 -1 -1 0
90 1 172 172 1 -1 -1 0
91 1 174 174 1 -1 -1 0
92 1 176 176 1 -1 -1 0
93 1 178 178 1 -1 -1 0
94 1 180 180 1 -1 -1 0
95 1 182 182 1 -1 -1 0
96 1 184 184 1 -1 -1 0
97 1 186 186 1 -1 -1 0
98 1 188 188 1 -1 -1 0
99 1 190 190 1 -1 -1 0
100 1 192 192 1 -1 -1 0
101 1 194 194 1 -1 -1 0
102 1 196 196 1 -1 -1 0
103 1 198 200 2 -1 -1 0
104 1 200 202 2 -1 5 0
105 1 202 206 2 -1 0 0
106 1 204 214 3 -1 0 0
107 1 208 210 2 -1 -1 0
108 1 212 214 2 -1 -1 0
109 1 218 218 1 -1 -1 0
110 1 220 222 2 -1 -1 0
111 1 222 224 2 -1 4 0
112 1 224 254 2 -1 0 0
113 1 226 226 1 -1 -1 0
114 1 228 228 1 -1 -1 0
115 1 230 230 1 -1 -1 0
116 1 232 232 1 -1 -1 0
117 1 234 234 1 -1 -1 0
118 1 236 236 1 -1 -1 0
119 1 238 238 1 -1 -1 0
120 1 240 240 1 -1 -1 0
121 1 242 242 1 -1 -1 0
122 1 244 246 2 -1 -1 0
123 1 246 264 4 -1 -1 0
124 1 248 250 2 -1 -1 0
125 1 252 254 2 -1 -1 0
126 1 256 268 2 -1 -1 0
127 1 258 260 2 -1 -1 0
128 1 262 264 2 -1 -1 0
129 1 266 268 2 -1 -1 0
130 1 272 274 2 -1 -1 0
131 1 274 282 2 -1 -1 0
132 1 276 278 2 -1 -1 0
133 1 280 282 2 -1 -1 0
134 1 286 288 2 -1 -1 0
135 1 288 296 2 -1 -1 0
136 1 290 292 2 -1 -1 0
137 1 294 296 2 -1 -1 0
138 1 300 342 2 -1 1 0
139 1 302 302 1 -1 -1 0
140 1 304 304 1 -1 -1 0
141 1 306 306 1 -1 -1 0
142 1 308 308 1 -1 -1 0
143 1 310 310 1 -1 -1 0
144 1 312 312 1 -1 -1 0
145 1 314 314 1 -1 -1 0
146 1 316 316 1 -1 -1 0
147 1 318 318 1 -1 -1 0
148 1 320 320 1 -1 -1 0
149 1 322 322 1 -1 -1 0
150 1 324 324 1 -1 -1 0
151 1 326 326 1 -1 -1 0
152 1 328 328 1 -1 -1 0
153 1 330 330 1 -1 -1 0
154 1 332 332 1 -1 -1 0
155 1 334 334 1 -1 -1 0
156 1 336 336 1 -1 -1 0
157 1 338 340 2 -1 -1 0
158 1 340 342 2 -1 5 0
159 1 342 346 2 -1 0 0
160 1 344 354 3 -1 0 0
161 1 348 350 2 -1 -1 0
162 1 352 354 2 -1 -1 0
163 1 0 2 2 -1 -1 0
164 1 2 4 2 -1 -1 0
166 1 18 20 2 -1 1 0
168 1 32 34 2 -1 1 0
313 19 271 27 0 0 288 271
0 8 72 116 156 190 194 212 218 222 280 310 312 376 430 542 556 570 584 642
0 1 2 3 4 282 283 7 9 10 11 12 13 285 14 17 18 19 20 21 287 22 25 26 27 28 29 289 30 32 33 34 35 36 37 38 39 40 41 42 43 44 45 46 47 48 49 50 51 52 53 54 55 56 57 58 59 60 61 62 64 65 66 67 68 69 70 71 72 73 74 75 76 77 78 79 80 81 82 63 83 84 85 86 88 90 91 92 93 94 290 96 97 98 99 100 101 102 103 291 292 294 105 108 111 116 117 118 119 120 121 122 123 124 125 126 127 128 129 130 131 132 133 134 135 136 137 138 139 140 141 143 144 146 147 148 149 150 151 152 153 156 157 158 160 161 162 163 165 166 167 168 169 170 171 172 173 174 175 176 177 178 296 297 298 299 180 181 183 184 185 186 301 302 188 189 190 191 192 193 194 195 196 197 198 199 200 201 202 203 204 205 206 208 209 210 211 212 213 214 215 216 217 218 219 220 221 305 306 307 308 223 224 225 226 227 228 310 311 230 231 232 233 234 235 236 237 238 239 240 241 242 243 244 245 246 247 248 249 250 251 252 253 254 255 256 257 258 259 260 261 262 263 264 265 266 267 268 269 270 271 272 273 274 275 276 277 278 279 280 281
18 20 32 34 46 48 62 106 146 164 166 264 266 280 284 304 314 322 370 372 414 436 484 486 526 626 628


0 1 0 46 4 -1 2 1
1 2 0 264 583 626 3 -1 1 1
2 3 0 221 279 414 429 526 10 -1 2 1
3 1 0 62 1 -1 4 1
4 1 0 640 23 -1 -1 1
7 1 4 6 2 -1 -1 0
9 1 8 8 1 -1 -1 0
10 1 10 10 1 -1 -1 0
11 1 12 12 1 -1 -1 0
12 1 14 16 2 -1 -1 0
13 1 16 20 2 -1 5 0
14 1 20 62 2 -1 2 0
17 1 22 22 1 -1 -1 0
18 1 24 24 1 -1 -1 0
19 1 26 26 1 -1 -1 0
20 1 28 30 2 -1 -1 0
21 1 30 34 2 -1 5 0
22 1 34 106 2 -1 2 0
25 1 36 36 1 -1 -1 0
26 1 38 38 1 -1 -1 0
27 1 40 40 1 -1 -1 0
28 1 42 44 2 -1 -1 0
29 1 44 48 2 -1 5 0
30 1 48 146 2 -1 2 0
32 1 50 62 2 -1 8 0
33 1 52 52 1 -1 -1 0
34 1 54 54 1 -1 -1 0
35 1 56 56 1 -1 -1 0
36 1 58 60 2 -1 -1 0
37 1 60 62 2 -1 3 0
38 2 62 76 569 570 5 -1 0 0
39 1 64 66 2 -1 -1 0
40 1 66 68 2 -1 -1 0
41 1 68 70 2 -1 -1 0
42 1 72 74 2 -1 -1 0
43 2 74 221 279 360 2 -1 -1 0
44 1 76 78 2 -1 -1 0
45 1 78 106 2 -1 5 0
46 1 80 80 1 -1 -1 0
47 1 82 82 1 -1 -1 0
48 1 84 84 1 -1 -1 0
49 1 86 86 1 -1 -1 0
50 1 88 88 1 -1 -1 0
51 1 90 90 1 -1 -1 0
52 1 92 92 1 -1 -1 0
53 1 94 94 1 -1 -1 0
54 1 96 96 1 -1 -1 0
55 1 98 98 1 -1 -1 0
56 1 100 100 1 -1 -1 0
57 1 102 104 2 -1 -1 0
58 1 104 106 2 -1 4 0
59 2 106 156 555 556 5 -1 0 0
60 1 108 110 2 -1 -1 0
61 1 110 112 2 -1 -1 0
62 1 112 114 2 -1 -1 0
63 1 156 164 2 -1 2 0
64 1 116 118 2 -1 -1 0
65 1 118 146 2 -1 5 0
66 1 120 120 1 -1 -1 0
67 1 122 122 1 -1 -1 0
68 1 124 124 1 -1 -1 0
69 1 126 126 1 -1 -1 0
70 1 128 128 1 -1 -1 0
71 1 130 130 1 -1 -1 0
72 1 132 132 1 -1 -1 0
73 1 134 134 1 -1 -1 0
74 1 136 136 1 -1 -1 0
75 1 138 138 1 -1 -1 0
76 1 140 140 1 -1 -1 0
77 1 142 144 2 -1 -1 0
78 1 144 146 2 -1 4 0
79 2 146 160 541 542 5 -1 0 0
80 1 148 150 2 -1 -1 0
81 1 150 152 2 -1 -1 0
82 1 152 154 2 -1 -1 0
83 1 158 166 2 -1 2 0
84 1 160 162 2 -1 -1 0
85 3 162 221 279 426 429 538 3 -1 -1 0
86 3 164 221 279 375 429 482 5 157 1 0
88 2 166 221 279 372 3 -1 5 0
90 1 168 168 1 -1 -1 0
91 1 170 170 1 -1 -1 0
92 1 172 172 1 -1 -1 0
93 1 174 176 2 -1 -1 0
94 1 176 190 4 -1 -1 0
96 1 182 184 2 -1 -1 0
97 1 184 186 2 -1 -1 0
98 1 186 188 2 -1 -1 0
99 2 190 193 212 212 2 105 -1 0
100 1 194 194 1 -1 -1 0
101 1 196 196 1 -1 -1 0
102 1 198 200 2 -1 -1 0
103 1 200 212 3 105 -1 0
105 3 212 221 279 375 429 486 6 103 2 0
108 1 214 216 2 -1 -1 0
111 1 218 220 2 -1 -1 0
116 1 222 264 2 -1 1 0
117 1 224 224 1 -1 -1 0
118 1 226 226 1 -1 -1 0
119 1 228 228 1 -1 -1 0
120 1 230 230 1 -1 -1 0
121 1 232 232 1 -1 -1 0
122 1 234 234 1 -1 -1 0
123 1 236 236 1 -1 -1 0
124 1 238 238 1 -1 -1 0
125 1 240 240 1 -1 -1 0
126 1 242 242 1 -1 -1 0
127 1 244 244 1 -1 -1 0
128 1 246 246 1 -1 -1 0
129 1 248 248 1 -1 -1 0
130 1 250 250 1 -1 -1 0
131 1 252 252 1 -1 -1 0
132 1 254 254 1 -1 -1 0
133 1 256 256 1 -1 -1 0
134 1 258 258 1 -1 -1 0
135 1 260 262 2 -1 -1 0
136 1 262 264 2 -1 5 0
137 1 264 268 2 -1 0 0
138 1 266 276 3 -1 0 0
139 1 270 272 2 -1 -1 0
140 1 274 276 2 -1 -1 0
141 1 280 374 3 -1 0 0
143 1 282 284 2 -1 2 0
144 2 284 375 429 474 3 -1 0 0
146 1 286 286 1 -1 -1 0
147 1 288 288 1 -1 -1 0
148 1 290 290 1 -1 -1 0
149 1 292 294 2 -1 -1 0
150 1 294 304 4 -1 1 0
151 1 296 298 2 -1 -1 0
152 1 300 302 2 -1 -1 0
153 1 304 312 2 157 0 0
156 1 306 314 2 -1 5 0
157 1 312 314 2 86 4 0
158 1 314 368 2 -1 0 0
160 1 316 316 1 -1 -1 0
161 1 318 320 2 -1 -1 0
162 1 320 322 2 -1 1 0
163 1 322 372 3 -1 2 0
165 1 324 324 1 -1 -1 0
166 1 326 326 1 -1 -1 0
167 1 328 328 1 -1 -1 0
168 1 330 332 2 -1 -1 0
169 1 332 364 3 -1 -1 0
170 1 334 336 2 -1 -1 0
171 1 338 338 1 -1 -1 0
172 1 340 340 1 -1 -1 0
173 1 342 342 1 -1 -1 0
174 1 344 344 1 -1 -1 0
175 1 346 346 1 -1 -1 0
176 1 348 348 1 -1 -1 0
177 1 350 352 2 -1 -1 0
178 1 352 370 6 -1 1 0
180 1 370 370 1 -1 0 0
181 2 372 414 429 486 3 -1 1 0
183 1 376 376 1 -1 -1 0
184 1 378 378 1 -1 -1 0
185 1 380 382 2 -1 -1 0
186 1 382 414 4 -1 5 0
188 1 392 392 1 -1 -1 0
189 1 394 394 1 -1 -1 0
190 1 396 396 1 -1 -1 0
191 1 398 398 1 -1 -1 0
192 1 400 400 1 -1 -1 0
193 1 402 402 1 -1 -1 0
194 1 404 404 1 -1 -1 0
195 1 406 406 1 -1 -1 0
196 1 408 408 1 -1 -1 0
197 1 410 412 2 -1 -1 0
198 1 412 414 2 -1 4 0
199 1 414 422 2 -1 0 0
200 1 416 418 2 -1 -1 0
201 1 420 422 2 -1 -1 0
202 1 424 426 2 -1 -1 0
203 1 430 430 1 -1 -1 0
204 1 432 434 2 -1 -1 0
205 1 434 436 2 -1 1 0
206 1 436 486 3 -1 2 0
208 1 438 438 1 -1 -1 0
209 1 440 440 1 -1 -1 0
210 1 442 442 1 -1 -1 0
211 1 444 446 2 -1 -1 0
212 1 446 478 3 -1 -1 0
213 1 448 450 2 -1 -1 0
214 1 452 452 1 -1 -1 0
215 1 454 454 1 -1 -1 0
216 1 456 456 1 -1 -1 0
217 1 458 458 1 -1 -1 0
218 1 460 460 1 -1 -1 0
219 1 462 462 1 -1 -1 0
220 1 464 466 2 -1 -1 0
221 1 466 484 6 -1 1 0
223 1 484 484 1 -1 0 0
224 1 486 526 2 -1 1 0
225 1 488 488 1 -1 -1 0
226 1 490 490 1 -1 -1 0
227 1 492 494 2 -1 -1 0
228 1 494 526 4 -1 5 0
230 1 504 504 1 -1 -1 0
231 1 506 506 1 -1 -1 0
232 1 508 508 1 -1 -1 0
233 1 510 510 1 -1 -1 0
234 1 512 512 1 -1 -1 0
235 1 514 514 1 -1 -1 0
236 1 516 516 1 -1 -1 0
237 1 518 518 1 -1 -1 0
238 1 520 520 1 -1 -1 0
239 1 522 524 2 -1 -1 0
240 1 524 526 2 -1 4 0
241 1 526 534 2 -1 0 0
242 1 528 530 2 -1 -1 0
243 1 532 534 2 -1 -1 0
244 1 536 538 2 -1 -1 0
245 1 542 544 2 -1 -1 0
246 1 544 552 2 -1 -1 0
247 1 546 548 2 -1 -1 0
248 1 550 552 2 -1 -1 0
249 1 556 558 2 -1 -1 0
250 1 558 566 2 -1 -1 0
251 1 560 562 2 -1 -1 0
252 1 564 566 2 -1 -1 0
253 1 570 572 2 -1 -1 0
254 1 572 580 2 -1 -1 0
255 1 574 576 2 -1 -1 0
256 1 578 580 2 -1 -1 0
257 1 584 626 2 -1 1 0
258 1 586 586 1 -1 -1 0
259 1 588 588 1 -1 -1 0
260 1 590 590 1 -1 -1 0
261 1 592 592 1 -1 -1 0
262 1 594 594 1 -1 -1 0
263 1 596 596 1 -1 -1 0
264 1 598 598 1 -1 -1 0
265 1 600 600 1 -1 -1 0
266 1 602 602 1 -1 -1 0
267 1 604 604 1 -1 -1 0
268 1 606 606 1 -1 -1 0
269 1 608 608 1 -1 -1 0
270 1 610 610 1 -1 -1 0
271 1 612 612 1 -1 -1 0
272 1 614 614 1 -1 -1 0
273 1 616 616 1 -1 -1 0
274 1 618 618 1 -1 -1 0
275 1 620 620 1 -1 -1 0
276 1 622 624 2 -1 -1 0
277 1 624 626 2 -1 5 0
278 1 626 630 2 -1 0 0
279 1 628 638 3 -1 0 0
280 1 632 634 2 -1 -1 0
281 1 636 638 2 -1 -1 0
282 1 0 2 2 -1 -1 0
283 1 2 4 2 -1 -1 0
285 1 18 20 2 -1 1 0
287 1 32 34 2 -1 1 0
289 1 46 48 2 -1 1 0
290 1 178 180 2 -1 -1 0
291 1 202 204 2 -1 -1 0
292 1 204 206 2 -1 -1 0
294 1 206 208 2 -1 -1 0
296 1 354 356 2 -1 -1 0
297 1 358 360 2 -1 -1 0
298 1 362 364 2 -1 -1 0
299 1 366 368 2 -1 -1 0
301 1 384 386 2 -1 -1 0
302 1 388 390 2 -1 -1 0
305 1 468 470 2 -1 -1 0
306 1 472 474 2 -1 -1 0
307 1 476 478 2 -1 -1 0
308 1 480 482 2 -1 -1 0
310 1 496 498 2 -1 -1 0
311 1 500 502 2 -1 -1 0
90 17 57 1 0 0 61 57
0 4 16 28 34 36 50 54 58 64 66 84 88 92 94 98 102 142
0 1 2 3 4 5 6 26 27 29 30 33 35 36 38 39 41 46 84 59 78 51 52 53 54 56 85 61 87 74 76 64 65 66 67 68 69 71 88 8 9 10 11 12 13 14 15 16 17 18 19 20 21 22 23 24 25
126


0 1 0 16 2 -1 -1 1
1 2 0 94 97 98 2 -1 -1 1
2 1 0 126 1 -1 1 1
3 1 0 126 1 -1 5 1
4 1 0 138 1 -1 -1 1
5 1 0 140 4 -1 -1 1
6 1 0 20 3 -1 -1 0
8 2 94 97 102 102 2 10 -1 0
9 1 98 102 2 10 -1 0
10 1 102 126 2 8 2 0
11 1 104 104 1 -1 -1 0
12 1 106 106 1 -1 -1 0
13 1 108 108 1 -1 -1 0
14 1 110 110 1 -1 -1 0
15 1 112 112 1 -1 -1 0
16 1 114 114 1 -1 -1 0
17 1 116 116 1 -1 -1 0
18 1 118 118 1 -1 -1 0
19 1 120 120 1 -1 -1 0
20 1 122 124 2 -1 -1 0
21 1 124 126 2 -1 4 0
22 1 126 134 2 -1 0 0
23 1 128 130 2 -1 -1 0
24 1 132 134 2 -1 -1 0
25 1 136 138 2 -1 -1 0
26 1 4 6 2 -1 -1 0
27 1 6 91 6 -1 -1 0
29 1 8 10 2 -1 -1 0
30 1 10 12 2 -1 -1 0
33 1 12 14 2 -1 -1 0
35 1 16 18 2 -1 -1 0
36 1 18 91 6 -1 -1 0
38 1 20 22 2 -1 -1 0
39 1 22 91 6 -1 -1 0
41 1 24 26 2 -1 -1 0
46 1 28 58 5 -1 -1 0
51 1 38 40 4 -1 -1 0
52 1 40 46 4 -1 -1 0
53 1 42 44 4 -1 -1 0
54 1 44 46 4 -1 -1 0
56 1 46 48 4 -1 -1 0
59 2 36 36 50 57 6 78 -1 0
61 1 58 66 4 76 -1 0
64 1 68 70 4 -1 -1 0
65 1 70 72 4 -1 -1 0
66 1 72 80 4 -1 -1 0
67 1 74 76 4 -1 -1 0
68 1 76 78 4 -1 -1 0
69 1 78 80 4 -1 -1 0
71 1 80 82 4 -1 -1 0
74 2 66 66 84 91 6 76 -1 0
76 1 66 84 8 61 -1 0
78 1 36 50 8 59 -1 0
84 1 30 32 2 -1 -1 0
85 1 54 56 4 -1 -1 0
87 1 60 62 2 -1 -1 0
88 1 88 90 4 -1 -1 0
58 3 56 4 0 0 58 56
0 34 50 120
0 1 2 3 4 5 6 7 8 9 10 11 12 13 14 15 16 17 18 19 20 21 22 23 24 25 54 55 56 57 27 28 29 30 31 32 33 34 35 36 37 38 39 40 41 42 43 44 45 46 47 48 49 50 51 52
24 62 104 106


0 2 0 33 49 56 2 -1 1 1
1 2 0 33 49 104 1 -1 2 1
2 1 0 24 1 -1 2 1
3 1 0 46 1 -1 -1 1
4 1 0 118 7 -1 -1 1
5 1 0 0 1 -1 -1 0
6 1 2 2 1 -1 -1 0
7 1 4 4 1 -1 -1 0
8 1 6 6 1 -1 -1 0
9 1 8 8 1 -1 -1 0
10 1 10 10 1 -1 -1 0
11 1 12 12 1 -1 -1 0
12 1 14 14 1 -1 -1 0
13 1 16 16 1 -1 -1 0
14 1 18 18 1 -1 -1 0
15 1 20 22 2 -1 -1 0
16 1 22 24 2 -1 5 0
17 1 24 34 3 -1 0 0
18 1 26 28 2 -1 -1 0
19 1 28 30 2 -1 -1 0
20 1 30 32 2 -1 -1 0
21 1 34 42 2 -1 -1 0
22 1 36 38 2 -1 -1 0
23 1 40 42 2 -1 -1 0
24 1 44 46 2 -1 -1 0
25 1 50 62 2 -1 2 0
27 1 60 62 2 -1 5 0
28 1 62 104 2 -1 1 0
29 1 64 64 1 -1 -1 0
30 1 66 66 1 -1 -1 0
31 1 68 68 1 -1 -1 0
32 1 70 70 1 -1 -1 0
33 1 72 72 1 -1 -1 0
34 1 74 74 1 -1 -1 0
35 1 76 76 1 -1 -1 0
36 1 78 78 1 -1 -1 0
37 1 80 80 1 -1 -1 0
38 1 82 82 1 -1 -1 0
39 1 84 84 1 -1 -1 0
40 1 86 86 1 -1 -1 0
41 1 88 88 1 -1 -1 0
42 1 90 90 1 -1 -1 0
43 1 92 92 1 -1 -1 0
44 1 94 94 1 -1 -1 0
45 1 96 96 1 -1 -1 0
46 1 98 98 1 -1 -1 0
47 1 100 102 2 -1 -1 0
48 1 102 104 2 -1 5 0
49 1 104 108 2 -1 0 0
50 1 106 116 3 -1 0 0
51 1 110 112 2 -1 -1 0
52 1 114 116 2 -1 -1 0
54 1 52 54 2 -1 -1 0
55 1 54 56 2 -1 -1 0
56 1 56 58 2 -1 -1 0
57 1 58 62 2 -1 1 0
24 1 24 2 0 0 24 24
0 44
0 1 2 3 4 5 6 7 8 9 10 11 12 13 14 15 16 17 18 19 20 21 22 23
18 38


0 1 0 38 1 -1 2 1
1 1 0 38 1 -1 1 1
2 1 0 18 1 -1 2 1
3 1 0 42 2 -1 -1 1
4 1 0 0 1 -1 -1 0
5 1 2 2 1 -1 -1 0
6 1 4 4 1 -1 -1 0
7 1 6 6 1 -1 -1 0
8 1 8 8 1 -1 -1 0
9 1 10 10 1 -1 -1 0
10 1 12 12 1 -1 -1 0
11 1 14 16 2 -1 -1 0
12 1 16 18 2 -1 1 0
13 1 18 38 2 -1 5 0
14 1 20 20 1 -1 -1 0
15 1 22 22 1 -1 -1 0
16 1 24 24 1 -1 -1 0
17 1 26 26 1 -1 -1 0
18 1 28 28 1 -1 -1 0
19 1 30 30 1 -1 -1 0
20 1 32 32 1 -1 -1 0
21 1 34 36 2 -1 -1 0
22 1 36 38 2 -1 4 0
23 1 38 40 2 -1 0 0
60 7 60 5 0 0 63 60
0 36 50 56 58 60 118 132
0 1 2 3 4 5 6 7 8 9 10 11 12 13 14 15 16 17 18 19 20 21 22 23 24 25 26 27 28 29 30 31 32 33 34 35 36 37 38 39 40 41 42 43 44 45 46 47 48 49 50 51 52 53 54 55 56 57 58 59
26 56 58 102 104


0 2 0 49 59 102 2 -1 2 1
1 1 0 56 1 -1 2 1
2 2 0 55 57 58 1 -1 2 1
3 1 0 58 3 -1 1 1
4 1 0 26 1 -1 5 1
5 1 0 130 8 -1 4 1
6 1 0 0 1 -1 -1 0
7 1 2 2 1 -1 -1 0
8 1 4 4 1 -1 -1 0
9 1 6 6 1 -1 -1 0
10 1 8 8 1 -1 -1 0
11 1 10 10 1 -1 -1 0
12 1 12 12 1 -1 -1 0
13 1 14 14 1 -1 -1 0
14 1 16 16 1 -1 -1 0
15 1 18 18 1 -1 -1 0
16 1 20 20 1 -1 -1 0
17 1 22 24 2 -1 -1 0
18 1 24 26 2 -1 4 0
19 2 26 38 117 118 5 -1 0 0
20 1 28 30 2 -1 -1 0
21 1 30 32 2 -1 -1 0
22 1 32 34 2 -1 -1 0
23 1 36 50 3 -1 -1 0
24 1 38 40 2 -1 -1 0
25 1 40 58 3 -1 5 0
26 1 42 44 2 -1 -1 0
27 1 44 46 2 -1 -1 0
28 1 46 48 2 -1 -1 0
29 1 50 52 2 -1 -1 0
30 1 52 54 2 -1 -1 0
31 1 60 102 2 -1 1 0
32 1 62 62 1 -1 -1 0
33 1 64 64 1 -1 -1 0
34 1 66 66 1 -1 -1 0
35 1 68 68 1 -1 -1 0
36 1 70 70 1 -1 -1 0
37 1 72 72 1 -1 -1 0
38 1 74 74 1 -1 -1 0
39 1 76 76 1 -1 -1 0
40 1 78 78 1 -1 -1 0
41 1 80 80 1 -1 -1 0
42 1 82 82 1 -1 -1 0
43 1 84 84 1 -1 -1 0
44 1 86 86 1 -1 -1 0
45 1 88 88 1 -1 -1 0
46 1 90 90 1 -1 -1 0
47 1 92 92 1 -1 -1 0
48 1 94 94 1 -1 -1 0
49 1 96 96 1 -1 -1 0
50 1 98 100 2 -1 -1 0
51 1 100 102 2 -1 5 0
52 1 102 106 2 -1 0 0
53 1 104 114 3 -1 0 0
54 1 108 110 2 -1 -1 0
55 1 112 114 2 -1 -1 0
56 1 118 120 2 -1 -1 0
57 1 120 128 2 -1 -1 0
58 1 122 124 2 -1 -1 0
59 1 126 128 2 -1 -1 0
11 1 10 2 0 0 10 10
0 20
0 1 3 4 5 6 7 8 9 10
6 14


0 1 0 14 1 -1 1 1
1 1 0 18 2 -1 -1 1
3 1 0 0 1 -1 -1 0
4 1 2 4 2 -1 -1 0
5 1 4 6 2 -1 1 0
6 1 6 14 2 -1 2 0
7 1 8 8 1 -1 -1 0
8 1 10 12 2 -1 -1 0
9 1 12 14 2 -1 5 0
10 1 14 16 2 -1 0 0
22 1 21 1 0 0 21 21
0 32
0 1 2 3 4 5 6 8 9 10 11 12 13 14 15 16 17 18 19 20 21
26


0 1 0 26 1 -1 2 1
1 1 0 26 1 -1 1 1
2 1 0 26 1 -1 5 1
3 1 0 26 1 -1 8 1
4 1 0 26 1 -1 3 1
5 1 0 26 1 -1 -1 1
6 1 0 30 2 -1 -1 1
8 1 0 0 1 -1 -1 0
9 1 2 2 1 -1 -1 0
10 1 4 4 1 -1 -1 0
11 1 6 6 1 -1 -1 0
12 1 8 8 1 -1 -1 0
13 1 10 10 1 -1 -1 0
14 1 12 12 1 -1 -1 0
15 1 14 14 1 -1 -1 0
16 1 16 16 1 -1 -1 0
17 1 18 18 1 -1 -1 0
18 1 20 20 1 -1 -1 0
19 1 22 24 2 -1 -1 0
20 1 24 26 2 -1 -1 0
21 1 26 28 2 -1 0 0
10 1 7 0 0 0 7 7
0 18
9 3 4 5 6 7 8



3 1 2 4 2 -1 -1 0
4 1 4 6 2 -1 -1 0
5 1 8 10 2 -1 -1 0
6 1 10 12 2 -1 -1 0
7 1 12 14 2 -1 -1 0
8 1 14 16 2 -1 -1 0
9 1 0 8 3 -1 -1 0
32 3 27 8 0 0 31 27
0 8 22 50
0 1 2 3 4 28 29 6 7 8 9 10 11 12 14 15 16 17 18 19 20 22 23 24 25 26 27
8 16 18 22 32 34 44 46


0 2 0 7 21 44 3 -1 2 1
1 2 0 8 21 44 2 -1 2 1
2 2 0 8 21 44 4 -1 1 1
3 2 0 7 21 36 3 -1 1 1
4 1 0 48 4 -1 5 1
6 1 4 6 2 -1 -1 0
7 1 8 18 2 -1 2 0
8 1 10 10 1 -1 -1 0
9 1 12 14 2 -1 -1 0
10 1 14 16 2 -1 1 0
11 1 16 18 2 -1 1 0
12 1 18 18 1 -1 0 0
14 1 22 32 2 -1 1 0
15 1 24 24 1 -1 -1 0
16 1 26 26 1 -1 -1 0
17 1 28 30 2 -1 -1 0
18 1 30 32 2 -1 5 0
19 1 32 34 2 -1 2 0
20 1 34 46 2 -1 2 0
22 1 36 44 2 -1 4 0
23 1 38 38 1 -1 -1 0
24 1 40 42 2 -1 -1 0
25 1 42 44 2 -1 8 0
26 1 44 46 2 -1 1 0
27 1 46 46 1 -1 0 0
28 1 0 2 2 -1 -1 0
29 1 2 4 2 -1 -1 0
97 10 84 11 0 0 90 84
0 8 56 80 88 128 168 184 198 200 202
0 1 2 3 4 5 6 7 9 12 13 14 15 16 17 18 22 23 24 25 26 27 28 30 31 32 33 34 35 36 37 38 39 40 41 42 43 44 45 46 47 48 49 50 51 52 53 54 55 56 81 82 84 58 59 60 61 85 86 87 88 63 64 65 66 89 90 92 68 69 70 71 93 94 95 96 73 74 75 76 77 78 79 80
8 20 22 34 46 48 70 112 152 198 200


0 1 0 22 3 -1 2 1
1 2 0 70 197 200 3 -1 1 1
2 2 0 96 127 136 6 -1 2 1
3 1 0 70 1 -1 4 1
4 1 0 86 1 -1 -1 1
5 1 0 200 9 -1 1 1
6 1 0 2 2 -1 -1 0
7 1 2 4 2 -1 -1 0
9 1 4 6 2 -1 -1 0
12 1 8 20 2 -1 1 0
13 1 10 10 1 -1 -1 0
14 1 12 12 1 -1 -1 0
15 1 14 14 1 -1 -1 0
16 1 16 18 2 -1 -1 0
17 1 18 20 2 -1 5 0
18 1 20 46 2 -1 1 0
22 1 22 34 2 -1 1 0
23 1 24 24 1 -1 -1 0
24 1 26 26 1 -1 -1 0
25 1 28 28 1 -1 -1 0
26 1 30 32 2 -1 -1 0
27 1 32 34 2 -1 5 0
28 1 34 70 2 -1 2 0
30 1 36 36 1 -1 -1 0
31 1 38 38 1 -1 -1 0
32 1 40 40 1 -1 -1 0
33 1 42 44 2 -1 -1 0
34 1 44 46 2 -1 5 0
35 1 46 48 2 -1 2 0
36 1 48 56 3 -1 0 0
37 1 50 52 2 -1 -1 0
38 1 52 54 2 -1 -1 0
39 2 56 120 127 160 3 -1 -1 0
40 1 58 58 1 -1 -1 0
41 1 60 60 1 -1 -1 0
42 1 62 62 1 -1 -1 0
43 1 64 64 1 -1 -1 0
44 1 66 68 2 -1 -1 0
45 1 68 70 2 -1 8 0
46 2 70 82 183 184 5 -1 0 0
47 1 72 74 2 -1 -1 0
48 1 74 76 2 -1 -1 0
49 1 76 78 2 -1 -1 0
50 2 80 112 127 152 3 -1 1 0
51 1 82 84 2 -1 -1 0
52 1 84 180 2 -1 -1 0
53 1 88 88 1 -1 -1 0
54 1 90 90 1 -1 -1 0
55 1 92 94 2 -1 -1 0
56 1 94 112 3 -1 2 0
58 1 104 104 1 -1 -1 0
59 1 106 106 1 -1 -1 0
60 1 108 110 2 -1 -1 0
61 2 110 127 168 168 5 73 -1 0
63 1 128 128 1 -1 -1 0
64 1 130 130 1 -1 -1 0
65 1 132 134 2 -1 -1 0
66 1 134 152 3 -1 2 0
68 1 144 144 1 -1 -1 0
69 1 146 146 1 -1 -1 0
70 1 148 150 2 -1 -1 0
71 1 150 168 5 73 -1 0
73 1 168 176 2 61 -1 0
74 1 170 172 2 -1 -1 0
75 1 174 176 2 -1 -1 0
76 1 178 180 2 -1 -1 0
77 1 184 186 2 -1 -1 0
78 1 186 194 2 -1 -1 0
79 1 188 190 2 -1 -1 0
80 1 192 194 2 -1 -1 0
81 1 96 98 2 -1 -1 0
82 1 98 100 2 -1 -1 0
84 1 100 102 2 -1 -1 0
85 1 112 124 2 -1 0 0
86 1 114 116 2 -1 -1 0
87 1 118 120 2 -1 -1 0
88 1 122 124 2 -1 -1 0
89 1 136 138 2 -1 -1 0
90 1 138 140 2 -1 -1 0
92 1 140 142 2 -1 -1 0
93 1 152 164 2 -1 0 0
94 1 154 156 2 -1 -1 0
95 1 158 160 2 -1 -1 0
96 1 162 164 2 -1 -1 0
555 41 478 36 0 0 540 478
0 6 36 72 130 144 158 184 218 232 272 324 338 374 422 436 472 520 534 570 618 632 668 716 730 766 814 828 868 920 934 974 1026 1040 1080 1132 1146 1154 1178 1192 1198 1212
0 1 2 3 4 5 6 8 9 10 11 12 13 14 15 16 17 18 19 20 21 23 24 25 26 27 28 29 30 31 32 33 34 35 36 37 38 39 22 40 41 42 43 44 45 46 465 466 468 48 49 50 469 470 544 472 473 53 55 56 57 58 59 60 61 62 63 65 66 67 68 69 70 71 72 73 74 75 76 77 78 79 80 81 82 474 545 476 85 87 88 89 90 91 93 94 95 96 97 98 99 100 101 102 103 104 105 106 107 108 109 110 111 112 113 114 115 116 117 118 477 478 480 120 121 122 481 546 483 484 125 127 128 129 130 131 133 134 135 136 137 138 139 140 141 142 143 144 145 146 147 148 149 150 151 152 153 154 155 156 485 486 488 158 159 160 489 547 491 163 165 166 167 168 169 171 172 173 174 175 176 177 178 179 180 181 182 183 184 185 186 187 188 189 190 191 192 193 194 492 493 495 196 197 198 496 548 498 201 203 204 205 206 207 209 210 211 212 213 214 215 216 217 218 219 220 221 222 223 224 225 226 227 228 229 230 231 232 499 500 502 234 235 236 503 549 505 239 241 242 243 244 245 247 248 249 250 251 252 253 254 255 256 257 258 259 260 261 262 263 264 265 266 267 268 269 270 506 507 509 272 273 274 510 550 512 277 279 280 281 282 283 285 286 287 288 289 290 291 292 293 294 295 296 297 298 299 300 301 302 303 304 305 306 307 308 513 514 516 310 311 312 517 551 519 315 317 318 319 320 321 323 324 325 326 327 328 329 330 331 332 333 334 335 336 337 338 339 340 341 342 343 344 345 346 347 348 520 521 523 350 351 352 524 552 526 527 355 357 358 359 360 361 363 364 365 366 367 368 369 370 371 372 373 374 375 376 377 378 379 380 381 382 383 384 385 386 387 388 528 529 531 390 391 392 532 553 534 535 395 397 398 399 400 401 403 404 405 406 407 408 409 410 411 412 413 414 415 416 417 418 419 420 421 422 423 424 425 426 427 428 536 537 539 430 431 432 540 554 542 543 435 437 438 439 440 441 443 444 447 445 446 448 449 450 451 452 453 454 455 456 457 458 460 461 462 463 464
26 48 62 102 106 174 196 248 262 300 350 364 402 448 462 500 546 560 598 644 658 696 742 756 794 844 858 896 950 964 1002 1056 1070 1108 1172 1196


0 15 0 10 157 158 231 236 337 338 435 436 533 534 631 632 729 730 827 832 933 938 1039 1044 1145 1154 1177 1184 1191 1192 1197 1204 22 -1 -1 1
1 13 0 88 157 174 231 286 337 388 435 486 533 584 631 682 729 780 827 882 933 988 1039 1094 1145 1172 1191 1196 34 -1 1 1
2 12 0 62 157 174 231 262 337 364 435 462 533 560 631 658 729 756 827 858 933 964 1039 1070 1145 1172 13 -1 5 1
3 14 0 26 157 174 231 262 337 364 435 462 533 560 631 658 729 756 827 858 933 964 1039 1070 1145 1172 1177 1188 1191 1208 15 -1 4 1
4 1 0 1210 107 -1 4 1
5 1 0 2 2 -1 -1 0
6 1 2 4 2 -1 -1 0
8 1 6 8 2 -1 -1 0
9 1 8 14 2 -1 -1 0
10 1 10 12 2 -1 -1 0
11 1 12 48 2 -1 1 0
12 1 14 26 2 -1 2 0
13 1 16 16 1 -1 -1 0
14 1 18 18 1 -1 -1 0
15 1 20 20 1 -1 -1 0
16 1 22 24 2 -1 -1 0
17 1 24 26 2 -1 8 0
18 2 26 72 143 144 5 -1 0 0
19 1 28 30 2 -1 -1 0
20 1 30 32 2 -1 -1 0
21 1 32 34 2 -1 -1 0
22 1 72 104 2 -1 -1 0
23 1 36 38 2 -1 -1 0
24 1 38 62 2 -1 4 0
25 1 40 40 1 -1 -1 0
26 1 42 42 1 -1 -1 0
27 1 44 46 2 -1 -1 0
28 1 46 48 2 -1 5 0
29 1 48 62 2 -1 2 0
30 1 50 50 1 -1 -1 0
31 1 52 52 1 -1 -1 0
32 1 54 54 1 -1 -1 0
33 1 56 56 1 -1 -1 0
34 1 58 60 2 -1 -1 0
35 1 60 62 2 -1 8 0
36 2 62 76 129 130 5 -1 0 0
37 1 64 66 2 -1 -1 0
38 1 66 68 2 -1 -1 0
39 1 68 70 2 -1 -1 0
40 1 74 106 2 -1 1 0
41 1 76 78 2 -1 -1 0
42 1 78 126 2 -1 -1 0
43 1 80 80 1 -1 -1 0
44 1 82 82 1 -1 -1 0
45 1 84 86 2 -1 -1 0
46 1 86 106 3 -1 2 0
48 1 96 96 1 -1 -1 0
49 1 98 98 1 -1 -1 0
50 1 100 100 1 -1 -1 0
53 1 120 122 2 -1 -1 0
55 1 124 126 2 -1 -1 0
56 1 130 132 2 -1 -1 0
57 1 132 140 2 -1 -1 0
58 1 134 136 2 -1 -1 0
59 1 138 140 2 -1 -1 0
60 1 144 146 2 -1 -1 0
61 1 146 154 2 -1 -1 0
62 1 148 150 2 -1 -1 0
63 1 152 154 2 -1 -1 0
65 1 158 160 2 -1 -1 0
66 1 160 162 2 -1 -1 0
67 1 162 174 2 -1 2 0
68 1 164 164 1 -1 -1 0
69 1 166 166 1 -1 -1 0
70 1 168 168 1 -1 -1 0
71 1 170 172 2 -1 -1 0
72 1 172 174 2 -1 8 0
73 2 174 186 217 218 5 -1 0 0
74 1 176 178 2 -1 -1 0
75 1 178 180 2 -1 -1 0
76 1 180 182 2 -1 -1 0
77 1 184 198 2 -1 -1 0
78 1 186 188 2 -1 -1 0
79 1 188 214 2 -1 -1 0
80 1 190 190 1 -1 -1 0
81 1 192 192 1 -1 -1 0
82 1 194 194 1 -1 -1 0
85 1 208 210 2 -1 -1 0
87 1 212 214 2 -1 -1 0
88 1 218 220 2 -1 -1 0
89 1 220 228 2 -1 -1 0
90 1 222 224 2 -1 -1 0
91 1 226 228 2 -1 -1 0
93 1 232 234 2 -1 -1 0
94 1 234 248 2 -1 1 0
95 1 236 238 2 -1 -1 0
96 1 238 312 2 -1 -1 0
97 1 240 240 1 -1 -1 0
98 1 242 242 1 -1 -1 0
99 1 244 246 2 -1 -1 0
100 1 246 248 2 -1 5 0
101 1 248 262 2 -1 2 0
102 1 250 250 1 -1 -1 0
103 1 252 252 1 -1 -1 0
104 1 254 254 1 -1 -1 0
105 1 256 256 1 -1 -1 0
106 1 258 260 2 -1 -1 0
107 1 260 262 2 -1 8 0
108 2 262 274 323 324 5 -1 0 0
109 1 264 266 2 -1 -1 0
110 1 266 268 2 -1 -1 0
111 1 268 270 2 -1 -1 0
112 1 272 300 2 -1 1 0
113 1 274 276 2 -1 -1 0
114 1 276 320 2 -1 -1 0
115 1 278 278 1 -1 -1 0
116 1 280 280 1 -1 -1 0
117 1 282 284 2 -1 -1 0
118 1 284 300 3 -1 2 0
120 1 294 294 1 -1 -1 0
121 1 296 296 1 -1 -1 0
122 1 298 298 1 -1 -1 0
125 1 314 316 2 -1 -1 0
127 1 318 320 2 -1 -1 0
128 1 324 326 2 -1 -1 0
129 1 326 334 2 -1 -1 0
130 1 328 330 2 -1 -1 0
131 1 332 334 2 -1 -1 0
133 1 338 340 2 -1 -1 0
134 1 340 350 2 -1 1 0
135 1 342 342 1 -1 -1 0
136 1 344 344 1 -1 -1 0
137 1 346 348 2 -1 -1 0
138 1 348 350 2 -1 5 0
139 1 350 364 2 -1 2 0
140 1 352 352 1 -1 -1 0
141 1 354 354 1 -1 -1 0
142 1 356 356 1 -1 -1 0
143 1 358 358 1 -1 -1 0
144 1 360 362 2 -1 -1 0
145 1 362 364 2 -1 8 0
146 2 364 376 421 422 5 -1 0 0
147 1 366 368 2 -1 -1 0
148 1 368 370 2 -1 -1 0
149 1 370 372 2 -1 -1 0
150 1 374 402 2 -1 1 0
151 1 376 378 2 -1 -1 0
152 1 378 418 2 -1 -1 0
153 1 380 380 1 -1 -1 0
154 1 382 382 1 -1 -1 0
155 1 384 386 2 -1 -1 0
156 1 386 402 3 -1 2 0
158 1 396 396 1 -1 -1 0
159 1 398 398 1 -1 -1 0
160 1 400 400 1 -1 -1 0
163 1 412 414 2 -1 -1 0
165 1 416 418 2 -1 -1 0
166 1 422 424 2 -1 -1 0
167 1 424 432 2 -1 -1 0
168 1 426 428 2 -1 -1 0
169 1 430 432 2 -1 -1 0
171 1 436 438 2 -1 -1 0
172 1 438 448 2 -1 1 0
173 1 440 440 1 -1 -1 0
174 1 442 442 1 -1 -1 0
175 1 444 446 2 -1 -1 0
176 1 446 448 2 -1 5 0
177 1 448 462 2 -1 2 0
178 1 450 450 1 -1 -1 0
179 1 452 452 1 -1 -1 0
180 1 454 454 1 -1 -1 0
181 1 456 456 1 -1 -1 0
182 1 458 460 2 -1 -1 0
183 1 460 462 2 -1 8 0
184 2 462 474 519 520 5 -1 0 0
185 1 464 466 2 -1 -1 0
186 1 466 468 2 -1 -1 0
187 1 468 470 2 -1 -1 0
188 1 472 500 2 -1 1 0
189 1 474 476 2 -1 -1 0
190 1 476 516 2 -1 -1 0
191 1 478 478 1 -1 -1 0
192 1 480 480 1 -1 -1 0
193 1 482 484 2 -1 -1 0
194 1 484 500 3 -1 2 0
196 1 494 494 1 -1 -1 0
197 1 496 496 1 -1 -1 0
198 1 498 498 1 -1 -1 0
201 1 510 512 2 -1 -1 0
203 1 514 516 2 -1 -1 0
204 1 520 522 2 -1 -1 0
205 1 522 530 2 -1 -1 0
206 1 524 526 2 -1 -1 0
207 1 528 530 2 -1 -1 0
209 1 534 536 2 -1 -1 0
210 1 536 546 2 -1 1 0
211 1 538 538 1 -1 -1 0
212 1 540 540 1 -1 -1 0
213 1 542 544 2 -1 -1 0
214 1 544 546 2 -1 5 0
215 1 546 560 2 -1 2 0
216 1 548 548 1 -1 -1 0
217 1 550 550 1 -1 -1 0
218 1 552 552 1 -1 -1 0
219 1 554 554 1 -1 -1 0
220 1 556 558 2 -1 -1 0
221 1 558 560 2 -1 8 0
222 2 560 572 617 618 5 -1 0 0
223 1 562 564 2 -1 -1 0
224 1 564 566 2 -1 -1 0
225 1 566 568 2 -1 -1 0
226 1 570 598 2 -1 1 0
227 1 572 574 2 -1 -1 0
228 1 574 614 2 -1 -1 0
229 1 576 576 1 -1 -1 0
230 1 578 578 1 -1 -1 0
231 1 580 582 2 -1 -1 0
232 1 582 598 3 -1 2 0
234 1 592 592 1 -1 -1 0
235 1 594 594 1 -1 -1 0
236 1 596 596 1 -1 -1 0
239 1 608 610 2 -1 -1 0
241 1 612 614 2 -1 -1 0
242 1 618 620 2 -1 -1 0
243 1 620 628 2 -1 -1 0
244 1 622 624 2 -1 -1 0
245 1 626 628 2 -1 -1 0
247 1 632 634 2 -1 -1 0
248 1 634 644 2 -1 1 0
249 1 636 636 1 -1 -1 0
250 1 638 638 1 -1 -1 0
251 1 640 642 2 -1 -1 0
252 1 642 644 2 -1 5 0
253 1 644 658 2 -1 2 0
254 1 646 646 1 -1 -1 0
255 1 648 648 1 -1 -1 0
256 1 650 650 1 -1 -1 0
257 1 652 652 1 -1 -1 0
258 1 654 656 2 -1 -1 0
259 1 656 658 2 -1 8 0
260 2 658 670 715 716 5 -1 0 0
261 1 660 662 2 -1 -1 0
262 1 662 664 2 -1 -1 0
263 1 664 666 2 -1 -1 0
264 1 668 696 2 -1 1 0
265 1 670 672 2 -1 -1 0
266 1 672 712 2 -1 -1 0
267 1 674 674 1 -1 -1 0
268 1 676 676 1 -1 -1 0
269 1 678 680 2 -1 -1 0
270 1 680 696 3 -1 2 0
272 1 690 690 1 -1 -1 0
273 1 692 692 1 -1 -1 0
274 1 694 694 1 -1 -1 0
277 1 706 708 2 -1 -1 0
279 1 710 712 2 -1 -1 0
280 1 716 718 2 -1 -1 0
281 1 718 726 2 -1 -1 0
282 1 720 722 2 -1 -1 0
283 1 724 726 2 -1 -1 0
285 1 730 732 2 -1 -1 0
286 1 732 742 2 -1 1 0
287 1 734 734 1 -1 -1 0
288 1 736 736 1 -1 -1 0
289 1 738 740 2 -1 -1 0
290 1 740 742 2 -1 5 0
291 1 742 756 2 -1 2 0
292 1 744 744 1 -1 -1 0
293 1 746 746 1 -1 -1 0
294 1 748 748 1 -1 -1 0
295 1 750 750 1 -1 -1 0
296 1 752 754 2 -1 -1 0
297 1 754 756 2 -1 8 0
298 2 756 768 813 814 5 -1 0 0
299 1 758 760 2 -1 -1 0
300 1 760 762 2 -1 -1 0
301 1 762 764 2 -1 -1 0
302 1 766 794 2 -1 1 0
303 1 768 770 2 -1 -1 0
304 1 770 810 2 -1 -1 0
305 1 772 772 1 -1 -1 0
306 1 774 774 1 -1 -1 0
307 1 776 778 2 -1 -1 0
308 1 778 794 3 -1 2 0
310 1 788 788 1 -1 -1 0
311 1 790 790 1 -1 -1 0
312 1 792 792 1 -1 -1 0
315 1 804 806 2 -1 -1 0
317 1 808 810 2 -1 -1 0
318 1 814 816 2 -1 -1 0
319 1 816 824 2 -1 -1 0
320 1 818 820 2 -1 -1 0
321 1 822 824 2 -1 -1 0
323 1 828 830 2 -1 -1 0
324 1 830 904 2 -1 -1 0
325 1 832 834 2 -1 -1 0
326 1 834 844 2 -1 1 0
327 1 836 836 1 -1 -1 0
328 1 838 838 1 -1 -1 0
329 1 840 842 2 -1 -1 0
330 1 842 844 2 -1 5 0
331 1 844 858 2 -1 2 0
332 1 846 846 1 -1 -1 0
333 1 848 848 1 -1 -1 0
334 1 850 850 1 -1 -1 0
335 1 852 852 1 -1 -1 0
336 1 854 856 2 -1 -1 0
337 1 856 858 2 -1 8 0
338 2 858 870 919 920 5 -1 0 0
339 1 860 862 2 -1 -1 0
340 1 862 864 2 -1 -1 0
341 1 864 866 2 -1 -1 0
342 1 868 896 2 -1 1 0
343 1 870 872 2 -1 -1 0
344 1 872 916 2 -1 -1 0
345 1 874 874 1 -1 -1 0
346 1 876 876 1 -1 -1 0
347 1 878 880 2 -1 -1 0
348 1 880 896 3 -1 2 0
350 1 890 890 1 -1 -1 0
351 1 892 892 1 -1 -1 0
352 1 894 894 1 -1 -1 0
355 1 910 912 2 -1 -1 0
357 1 914 916 2 -1 -1 0
358 1 920 922 2 -1 -1 0
359 1 922 930 2 -1 -1 0
360 1 924 926 2 -1 -1 0
361 1 928 930 2 -1 -1 0
363 1 934 936 2 -1 -1 0
364 1 936 1010 2 -1 -1 0
365 1 938 940 2 -1 -1 0
366 1 940 950 2 -1 1 0
367 1 942 942 1 -1 -1 0
368 1 944 944 1 -1 -1 0
369 1 946 948 2 -1 -1 0
370 1 948 950 2 -1 5 0
371 1 950 964 2 -1 2 0
372 1 952 952 1 -1 -1 0
373 1 954 954 1 -1 -1 0
374 1 956 956 1 -1 -1 0
375 1 958 958 1 -1 -1 0
376 1 960 962 2 -1 -1 0
377 1 962 964 2 -1 8 0
378 2 964 976 1025 1026 5 -1 0 0
379 1 966 968 2 -1 -1 0
380 1 968 970 2 -1 -1 0
381 1 970 972 2 -1 -1 0
382 1 974 1002 2 -1 1 0
383 1 976 978 2 -1 -1 0
384 1 978 1022 2 -1 -1 0
385 1 980 980 1 -1 -1 0
386 1 982 982 1 -1 -1 0
387 1 984 986 2 -1 -1 0
388 1 986 1002 3 -1 2 0
390 1 996 996 1 -1 -1 0
391 1 998 998 1 -1 -1 0
392 1 1000 1000 1 -1 -1 0
395 1 1016 1018 2 -1 -1 0
397 1 1020 1022 2 -1 -1 0
398 1 1026 1028 2 -1 -1 0
399 1 1028 1036 2 -1 -1 0
400 1 1030 1032 2 -1 -1 0
401 1 1034 1036 2 -1 -1 0
403 1 1040 1042 2 -1 -1 0
404 1 1042 1116 2 -1 -1 0
405 1 1044 1046 2 -1 -1 0
406 1 1046 1056 2 -1 1 0
407 1 1048 1048 1 -1 -1 0
408 1 1050 1050 1 -1 -1 0
409 1 1052 1054 2 -1 -1 0
410 1 1054 1056 2 -1 5 0
411 1 1056 1070 2 -1 2 0
412 1 1058 1058 1 -1 -1 0
413 1 1060 1060 1 -1 -1 0
414 1 1062 1062 1 -1 -1 0
415 1 1064 1064 1 -1 -1 0
416 1 1066 1068 2 -1 -1 0
417 1 1068 1070 2 -1 8 0
418 2 1070 1082 1131 1132 5 -1 0 0
419 1 1072 1074 2 -1 -1 0
420 1 1074 1076 2 -1 -1 0
421 1 1076 1078 2 -1 -1 0
422 1 1080 1108 2 -1 1 0
423 1 1082 1084 2 -1 -1 0
424 1 1084 1128 2 -1 -1 0
425 1 1086 1086 1 -1 -1 0
426 1 1088 1088 1 -1 -1 0
427 1 1090 1092 2 -1 -1 0
428 1 1092 1108 3 -1 2 0
430 1 1102 1102 1 -1 -1 0
431 1 1104 1104 1 -1 -1 0
432 1 1106 1106 1 -1 -1 0
435 1 1122 1124 2 -1 -1 0
437 1 1126 1128 2 -1 -1 0
438 1 1132 1134 2 -1 -1 0
439 1 1134 1142 2 -1 -1 0
440 1 1136 1138 2 -1 -1 0
441 1 1140 1142 2 -1 -1 0
443 1 1146 1148 2 -1 -1 0
444 1 1148 1150 2 -1 -1 0
445 1 1154 1156 2 -1 -1 0
446 1 1156 1158 2 -1 -1 0
447 1 1150 1152 2 -1 -1 0
448 1 1158 1172 2 -1 2 0
449 1 1160 1160 1 -1 -1 0
450 1 1162 1162 1 -1 -1 0
451 1 1164 1164 1 -1 -1 0
452 1 1166 1166 1 -1 -1 0
453 1 1168 1170 2 -1 -1 0
454 1 1170 1172 2 -1 8 0
455 1 1172 1174 2 -1 0 0
456 1 1178 1180 2 -1 -1 0
457 1 1182 1184 2 -1 -1 0
458 1 1186 1188 2 -1 -1 0
460 1 1192 1194 2 -1 -1 0
461 1 1194 1196 2 -1 2 0
462 1 1198 1200 2 -1 -1 0
463 1 1202 1204 2 -1 -1 0
464 1 1206 1208 2 -1 -1 0
465 1 88 90 2 -1 -1 0
466 1 90 92 2 -1 -1 0
468 1 92 94 2 -1 -1 0
469 1 102 114 3 -1 0 0
470 1 106 118 2 -1 0 0
472 1 112 114 2 -1 -1 0
473 1 116 118 2 -1 -1 0
474 1 196 206 3 -1 0 0
476 1 204 206 2 -1 -1 0
477 1 286 288 2 -1 -1 0
478 1 288 290 2 -1 -1 0
480 1 290 292 2 -1 -1 0
481 1 300 308 2 -1 0 0
483 1 306 308 2 -1 -1 0
484 1 310 312 2 -1 -1 0
485 1 388 390 2 -1 -1 0
486 1 390 392 2 -1 -1 0
488 1 392 394 2 -1 -1 0
489 1 402 410 2 -1 0 0
491 1 408 410 2 -1 -1 0
492 1 486 488 2 -1 -1 0
493 1 488 490 2 -1 -1 0
495 1 490 492 2 -1 -1 0
496 1 500 508 2 -1 0 0
498 1 506 508 2 -1 -1 0
499 1 584 586 2 -1 -1 0
500 1 586 588 2 -1 -1 0
502 1 588 590 2 -1 -1 0
503 1 598 606 2 -1 0 0
505 1 604 606 2 -1 -1 0
506 1 682 684 2 -1 -1 0
507 1 684 686 2 -1 -1 0
509 1 686 688 2 -1 -1 0
510 1 696 704 2 -1 0 0
512 1 702 704 2 -1 -1 0
513 1 780 782 2 -1 -1 0
514 1 782 784 2 -1 -1 0
516 1 784 786 2 -1 -1 0
517 1 794 802 2 -1 0 0
519 1 800 802 2 -1 -1 0
520 1 882 884 2 -1 -1 0
521 1 884 886 2 -1 -1 0
523 1 886 888 2 -1 -1 0
524 1 896 908 2 -1 0 0
526 1 902 904 2 -1 -1 0
527 1 906 908 2 -1 -1 0
528 1 988 990 2 -1 -1 0
529 1 990 992 2 -1 -1 0
531 1 992 994 2 -1 -1 0
532 1 1002 1014 2 -1 0 0
534 1 1008 1010 2 -1 -1 0
535 1 1012 1014 2 -1 -1 0
536 1 1094 1096 2 -1 -1 0
537 1 1096 1098 2 -1 -1 0
539 1 1098 1100 2 -1 -1 0
540 1 1108 1120 2 -1 0 0
542 1 1114 1116 2 -1 -1 0
543 1 1118 1120 2 -1 -1 0
544 1 108 110 2 -1 -1 0
545 1 200 202 2 -1 -1 0
546 1 302 304 2 -1 -1 0
547 1 404 406 2 -1 -1 0
548 1 502 504 2 -1 -1 0
549 1 600 602 2 -1 -1 0
550 1 698 700 2 -1 -1 0
551 1 796 798 2 -1 -1 0
552 1 898 900 2 -1 -1 0
553 1 1004 1006 2 -1 -1 0
554 1 1110 1112 2 -1 -1 0
120 8 95 7 0 0 106 95
0 2 14 24 106 134 184 198 212
0 1 2 3 4 5 6 84 111 71 109 93 94 8 9 10 11 12 13 14 15 16 17 18 19 20 21 22 23 24 25 26 27 28 31 32 33 34 35 36 37 38 39 40 41 43 44 45 46 47 48 49 50 51 52 53 55 56 57 58 59 60 61 62 63 64 65 66 67 54 68 69 70 72 73 74 75 76 77 78 79 80 95 96 97 98 82 85 86 87 88 89 90 91 92
40 58 80 96 124 144 178


0 2 0 13 23 183 4 -1 2 1
1 1 0 2 2 111 -1 1
2 2 0 13 23 183 8 -1 2 1
3 2 0 1 4 4 2 109 -1 1
4 2 0 13 23 183 2 -1 4 1
5 2 0 13 23 183 2 -1 2 1
6 1 0 210 9 -1 -1 1
8 1 10 12 4 -1 -1 0
9 1 14 16 2 -1 -1 0
10 1 18 20 2 -1 -1 0
11 1 24 24 2 -1 -1 0
12 1 26 26 2 -1 -1 0
13 1 28 28 2 -1 -1 0
14 1 30 30 2 -1 -1 0
15 1 32 32 2 -1 -1 0
16 1 34 34 2 -1 -1 0
17 1 36 38 4 -1 -1 0
18 1 38 40 4 -1 2 0
19 1 40 58 4 -1 5 0
20 1 42 42 2 -1 -1 0
21 1 44 44 2 -1 -1 0
22 1 46 46 2 -1 -1 0
23 1 48 48 2 -1 -1 0
24 1 50 50 2 -1 -1 0
25 1 52 52 2 -1 -1 0
26 1 54 56 4 -1 -1 0
27 1 56 58 4 -1 4 0
28 1 58 66 8 -1 0 0
31 1 60 62 4 -1 -1 0
32 1 62 144 4 -1 1 0
33 1 64 96 4 -1 2 0
34 1 66 68 4 -1 -1 0
35 1 68 80 4 -1 1 0
36 1 70 70 2 -1 -1 0
37 1 72 72 2 -1 -1 0
38 1 74 74 2 -1 -1 0
39 1 76 78 4 -1 -1 0
40 1 78 80 4 -1 5 0
41 1 80 124 6 -1 5 0
43 1 82 82 2 -1 -1 0
44 1 84 84 2 -1 -1 0
45 1 86 86 2 -1 -1 0
46 1 88 88 2 -1 -1 0
47 1 90 90 2 -1 -1 0
48 1 92 94 4 -1 -1 0
49 1 94 96 4 -1 8 0
50 2 96 134 197 198 9 -1 0 0
51 1 98 100 4 -1 -1 0
52 1 100 102 4 -1 -1 0
53 1 102 104 4 -1 -1 0
54 1 134 172 4 -1 -1 0
55 1 106 108 4 -1 -1 0
56 1 108 124 4 -1 5 0
57 1 110 110 2 -1 -1 0
58 1 112 112 2 -1 -1 0
59 1 114 114 2 -1 -1 0
60 1 116 116 2 -1 -1 0
61 1 118 118 2 -1 -1 0
62 1 120 122 4 -1 -1 0
63 1 122 124 4 -1 8 0
64 2 124 140 183 184 9 -1 0 0
65 1 126 128 4 -1 -1 0
66 1 128 130 4 -1 -1 0
67 1 130 132 4 -1 -1 0
68 1 136 138 4 -1 -1 0
69 1 138 176 4 -1 -1 0
70 1 140 142 4 -1 -1 0
71 2 4 4 142 183 4 109 -1 0
72 1 144 168 4 -1 0 0
73 1 146 146 2 -1 -1 0
74 1 148 148 2 -1 -1 0
75 1 150 150 2 -1 -1 0
76 1 152 152 2 -1 -1 0
77 1 154 154 2 -1 -1 0
78 1 156 156 2 -1 -1 0
79 1 158 160 4 -1 -1 0
80 1 160 178 12 -1 1 0
82 1 178 178 2 -1 0 0
84 2 2 2 180 183 4 111 -1 0
85 1 184 186 2 -1 -1 0
86 1 186 194 2 -1 -1 0
87 1 188 190 2 -1 -1 0
88 1 192 194 2 -1 -1 0
89 1 198 200 2 -1 -1 0
90 1 200 208 2 -1 -1 0
91 1 202 204 2 -1 -1 0
92 1 206 208 2 -1 -1 0
93 1 6 8 4 -1 -1 0
94 1 8 10 4 -1 -1 0
95 1 162 164 4 -1 -1 0
96 1 166 168 4 -1 -1 0
97 1 170 172 4 -1 -1 0
98 1 174 176 4 -1 -1 0
109 2 4 20 23 96 5 71 4 0
111 2 2 13 23 180 8 84 1 0
141 34 91 3 0 0 102 91
0 6 14 38 40 48 60 62 70 82 84 96 102 114 126 132 134 148 152 156 162 164 182 186 190 192 196 198 206 230 232 240 242 244 246
0 1 2 3 9 10 11 5 6 7 8 12 13 14 15 16 17 18 23 24 25 21 22 26 27 28 33 34 35 31 32 36 37 38 41 42 43 44 45 46 47 69 70 72 73 76 78 79 81 82 84 89 135 102 129 94 95 96 97 99 136 104 138 117 127 107 108 109 110 111 112 114 139 48 53 54 55 51 52 56 57 119 120 121 122 125 126 60 63 64 65
30 32 226


0 5 0 18 39 48 61 70 83 84 197 206 7 -1 -1 1
1 6 0 26 39 52 61 74 83 96 197 210 231 232 12 -1 -1 1
2 1 0 2 2 -1 -1 0
3 1 2 4 2 -1 -1 0
5 1 14 16 2 -1 -1 0
6 1 16 30 2 -1 2 0
7 1 18 20 2 -1 -1 0
8 1 20 30 2 -1 1 0
9 1 6 8 2 -1 -1 0
10 1 8 10 2 -1 -1 0
11 1 10 12 2 -1 -1 0
12 1 22 24 2 -1 -1 0
13 1 24 32 2 -1 2 0
14 1 26 28 2 -1 -1 0
15 1 28 32 2 -1 1 0
16 1 30 34 2 -1 0 0
17 1 32 34 2 -1 0 0
18 1 34 36 2 -1 -1 0
21 1 48 50 2 -1 -1 0
22 1 50 56 2 -1 -1 0
23 1 40 42 2 -1 -1 0
24 1 42 44 2 -1 -1 0
25 1 44 46 2 -1 -1 0
26 1 52 54 2 -1 -1 0
27 1 54 56 2 -1 -1 0
28 1 56 58 2 -1 -1 0
31 1 70 72 2 -1 -1 0
32 1 72 78 2 -1 -1 0
33 1 62 64 2 -1 -1 0
34 1 64 66 2 -1 -1 0
35 1 66 68 2 -1 -1 0
36 1 74 76 2 -1 -1 0
37 1 76 78 2 -1 -1 0
38 1 78 80 2 -1 -1 0
41 1 84 86 2 -1 -1 0
42 1 86 114 3 -1 -1 0
43 1 88 90 2 -1 -1 0
44 1 90 92 2 -1 -1 0
45 1 92 94 2 -1 -1 0
46 1 96 98 2 -1 -1 0
47 1 98 118 3 -1 -1 0
48 1 192 194 2 -1 -1 0
51 1 206 208 2 -1 -1 0
52 1 208 218 2 -1 -1 0
53 1 198 200 2 -1 -1 0
54 1 200 202 2 -1 -1 0
55 1 202 204 2 -1 -1 0
56 1 210 212 2 -1 -1 0
57 1 212 222 2 -1 -1 0
60 1 226 228 2 -1 0 0
63 1 232 234 2 -1 -1 0
64 1 234 236 2 -1 -1 0
65 1 236 238 2 -1 -1 0
69 1 102 104 2 -1 -1 0
70 1 104 189 6 -1 -1 0
72 1 106 108 2 -1 -1 0
73 1 108 110 2 -1 -1 0
76 1 110 112 2 -1 -1 0
78 1 114 116 2 -1 -1 0
79 1 116 189 6 -1 -1 0
81 1 118 120 2 -1 -1 0
82 1 120 189 6 -1 -1 0
84 1 122 124 2 -1 -1 0
89 1 126 156 5 -1 -1 0
94 1 136 138 4 -1 -1 0
95 1 138 144 4 -1 -1 0
96 1 140 142 4 -1 -1 0
97 1 142 144 4 -1 -1 0
99 1 144 146 4 -1 -1 0
102 2 134 134 148 155 6 129 -1 0
104 1 156 164 4 127 -1 0
107 1 166 168 4 -1 -1 0
108 1 168 170 4 -1 -1 0
109 1 170 178 4 -1 -1 0
110 1 172 174 4 -1 -1 0
111 1 174 176 4 -1 -1 0
112 1 176 178 4 -1 -1 0
114 1 178 180 4 -1 -1 0
117 2 164 164 182 189 6 127 -1 0
119 1 214 216 2 -1 -1 0
120 1 216 222 3 -1 -1 0
121 1 218 220 2 -1 -1 0
122 1 220 226 2 -1 2 0
125 1 222 224 2 -1 -1 0
126 1 224 226 2 -1 1 0
127 1 164 182 8 104 -1 0
129 1 134 148 8 102 -1 0
135 1 128 130 2 -1 -1 0
136 1 152 154 4 -1 -1 0
138 1 158 160 2 -1 -1 0
139 1 186 188 4 -1 -1 0
15 5 9 1 0 0 9 9
0 12 16 18 20 22
0 1 2 11 12 13 14 5 7
12


0 1 0 12 1 -1 2 1
1 1 0 12 2 -1 1 1
2 1 0 12 2 -1 5 1
5 1 8 10 2 -1 -1 0
7 1 12 14 2 -1 0 0
11 1 0 2 2 -1 -1 0
12 1 2 8 2 -1 -1 0
13 1 4 6 2 -1 -1 0
14 1 6 8 2 -1 -1 0
16 1 16 3 0 0 16 16
0 28
0 1 2 3 4 5 6 7 8 9 10 11 12 13 14 15
10 22 24


0 1 0 24 3 -1 2 1
1 1 0 10 1 -1 1 1
2 1 0 22 1 -1 1 1
3 1 0 0 1 -1 -1 0
4 1 2 2 1 -1 -1 0
5 1 4 4 1 -1 -1 0
6 1 6 8 2 -1 -1 0
7 1 8 10 2 -1 5 0
8 1 10 24 2 -1 1 0
9 1 12 12 1 -1 -1 0
10 1 14 14 1 -1 -1 0
11 1 16 16 1 -1 -1 0
12 1 18 20 2 -1 -1 0
13 1 20 22 2 -1 5 0
14 1 22 24 2 -1 5 0
15 1 24 26 2 -1 0 0
13 1 13 2 0 0 13 13
0 24
0 1 2 3 4 5 6 7 8 9 10 11 12
18 20


0 1 0 20 1 -1 1 1
1 1 0 20 1 -1 5 1
2 1 0 0 1 -1 -1 0
3 1 2 2 1 -1 -1 0
4 1 4 4 1 -1 -1 0
5 1 6 6 1 -1 -1 0
6 1 8 8 1 -1 -1 0
7 1 10 10 1 -1 -1 0
8 1 12 12 1 -1 -1 0
9 1 14 16 2 -1 -1 0
10 1 16 18 2 -1 2 0
11 1 18 20 2 -1 2 0
12 1 20 22 2 -1 0 0
6 1 4 0 0 0 4 4
0 8
0 2 3 5



0 1 0 0 1 -1 -1 1
2 1 0 2 2 -1 -1 0
3 1 2 4 2 -1 -1 0
5 1 4 6 2 -1 -1 0
3 1 3 0 0 0 3 3
0 6
0 1 2



0 1 0 0 1 -1 -1 1
1 1 0 2 2 -1 -1 0
2 1 2 4 2 -1 -1 0
26 3 26 2 0 0 27 26
0 20 26 60
0 1 2 3 4 5 6 7 8 9 10 11 12 13 14 15 16 17 18 19 20 21 22 23 24 25
10 56


0 2 0 19 25 56 2 -1 2 1
1 1 0 10 1 -1 1 1
2 1 0 0 1 -1 -1 0
3 1 2 2 1 -1 -1 0
4 1 4 4 1 -1 -1 0
5 1 6 8 2 -1 -1 0
6 1 8 10 2 -1 5 0
7 1 10 20 3 -1 0 0
8 1 12 14 2 -1 -1 0
9 1 14 16 2 -1 -1 0
10 1 16 18 2 -1 -1 0
11 1 20 22 2 -1 -1 0
12 1 22 24 2 -1 -1 0
13 1 26 26 1 -1 -1 0
14 1 28 28 1 -1 -1 0
15 1 30 32 2 -1 -1 0
16 1 32 54 3 -1 -1 0
17 1 34 36 2 -1 -1 0
18 1 38 38 1 -1 -1 0
19 1 40 40 1 -1 -1 0
20 1 42 42 1 -1 -1 0
21 1 44 46 2 -1 -1 0
22 1 46 56 4 -1 1 0
23 1 48 50 2 -1 -1 0
24 1 52 54 2 -1 -1 0
25 1 56 58 2 -1 0 0
32 7 28 5 0 0 33 29
0 8 16 36 38 42 70 72
0 1 2 3 4 5 6 7 8 9 29 30 31 13 14 15 16 17 18 19 20 21 22 23 24 25 26 27
24 36 54 64 70


0 3 0 16 35 64 69 70 5 -1 2 1
1 2 0 7 37 42 2 -1 -1 1
2 1 0 70 7 -1 1 1
3 1 0 2 2 -1 -1 0
4 2 2 7 37 38 3 -1 -1 0
5 1 4 6 2 -1 -1 0
6 1 8 10 2 -1 -1 0
7 1 10 12 2 -1 -1 0
8 1 12 14 2 -1 -1 0
9 1 16 18 2 -1 -1 0
10 1 18 20 2 -1 -1 0
13 1 26 28 2 -1 -1 0
14 1 30 32 2 -1 -1 0
15 1 38 40 2 -1 -1 0
16 1 42 44 2 -1 -1 0
17 1 44 54 2 -1 2 0
18 1 46 46 1 -1 -1 0
19 1 48 48 1 -1 -1 0
20 1 50 52 2 -1 -1 0
21 1 52 54 2 -1 1 0
22 1 54 64 2 -1 1 0
23 1 56 56 1 -1 -1 0
24 1 58 58 1 -1 -1 0
25 1 60 62 2 -1 -1 0
26 1 62 64 2 -1 5 0
27 1 64 66 2 -1 0 0
29 1 20 22 2 -1 -1 0
30 1 22 24 2 -1 2 0
31 1 24 32 2 -1 0 0
25 1 24 5 0 0 24 24
0 48
0 1 2 3 4 5 6 7 8 9 10 11 12 13 14 15 16 17 18 19 20 21 22 23
18 26 34 42 44


0 1 0 16 1 -1 -1 1
1 1 0 42 1 -1 2 1
2 1 0 34 1 -1 2 1
3 1 0 0 1 -1 -1 0
4 1 2 2 1 -1 -1 0
5 1 4 4 1 -1 -1 0
6 1 6 8 2 -1 -1 0
7 1 8 18 4 -1 2 0
8 1 10 12 2 -1 -1 0
9 1 14 16 2 -1 -1 0
10 1 18 44 2 -1 2 0
11 1 20 20 1 -1 -1 0
12 1 22 24 2 -1 -1 0
13 1 24 26 2 -1 1 0
14 1 26 34 2 -1 1 0
15 1 28 28 1 -1 -1 0
16 1 30 32 2 -1 -1 0
17 1 32 34 2 -1 5 0
18 1 34 42 2 -1 1 0
19 1 36 36 1 -1 -1 0
20 1 38 40 2 -1 -1 0
21 1 40 42 2 -1 5 0
22 1 42 44 2 -1 1 0
23 1 44 46 2 -1 0 0
37 5 33 2 0 0 33 33
0 48 58 66 68 70
0 1 2 3 4 5 6 7 8 10 11 12 13 14 15 16 17 18 19 20 21 22 23 24 25 26 27 28 29 30 31 32 33
10 38


0 1 0 10 1 -1 1 1
1 1 0 38 2 -1 2 1
2 1 0 62 1 -1 -1 1
3 1 0 0 1 -1 -1 0
4 1 2 2 1 -1 -1 0
5 1 4 4 1 -1 -1 0
6 1 6 8 2 -1 -1 0
7 1 8 10 2 -1 5 0
8 1 10 38 2 -1 2 0
10 1 12 12 1 -1 -1 0
11 1 14 14 1 -1 -1 0
12 1 16 16 1 -1 -1 0
13 1 18 18 1 -1 -1 0
14 1 20 20 1 -1 -1 0
15 1 22 22 1 -1 -1 0
16 1 24 24 1 -1 -1 0
17 1 26 26 1 -1 -1 0
18 1 28 28 1 -1 -1 0
19 1 30 30 1 -1 -1 0
20 1 32 32 1 -1 -1 0
21 1 34 36 2 -1 -1 0
22 1 36 38 2 -1 4 0
23 1 38 48 3 -1 0 0
24 1 40 42 2 -1 -1 0
25 1 42 44 2 -1 -1 0
26 1 44 46 2 -1 -1 0
27 1 48 58 3 -1 -1 0
28 1 50 52 2 -1 -1 0
29 1 52 54 2 -1 -1 0
30 1 54 56 2 -1 -1 0
31 1 58 60 2 -1 -1 0
32 1 60 62 2 -1 -1 0
33 1 62 64 2 -1 -1 0
850 49 634 96 0 0 657 634
0 586 588 646 648 670 672 696 698 722 724 748 750 774 776 800 802 824 826 892 894 970 972 994 996 1062 1064 1128 1130 1248 1250 1284 1286 1320 1322 1344 1346 1368 1370 1392 1394 1470 1472 1494 1496 1572 1574 1608 1610 1614
0 1 2 3 4 5 6 7 8 9 11 12 14 15 16 17 18 19 20 21 22 23 24 25 26 27 28 30 31 32 33 34 35 36 37 38 39 40 41 42 43 44 46 47 48 49 50 51 52 53 54 55 56 57 58 59 60 62 63 64 65 66 68 69 70 71 573 574 575 576 73 74 75 76 77 78 79 80 81 83 84 85 86 87 88 89 90 91 577 578 579 93 94 95 96 97 98 99 100 101 103 104 105 106 107 108 109 110 111 580 581 582 113 114 115 116 117 118 119 120 121 123 124 125 126 127 128 129 130 131 132 133 134 135 136 137 138 139 584 140 141 142 143 585 144 145 146 147 148 586 587 588 150 151 152 153 154 155 156 157 158 160 161 162 163 164 165 166 167 168 169 170 589 590 591 592 172 173 174 175 176 177 178 179 180 182 183 184 185 186 187 188 189 190 191 192 193 194 195 196 197 198 594 199 200 201 202 595 203 204 205 206 207 208 209 210 211 212 596 597 598 599 600 214 215 216 217 218 219 220 221 222 602 603 604 605 606 607 228 229 230 824 609 610 611 612 613 614 236 237 238 239 240 241 242 243 244 245 246 247 248 249 250 251 252 823 616 617 618 619 620 621 258 260 822 623 624 625 626 627 628 266 267 268 821 630 631 632 633 634 635 274 275 276 820 637 638 639 640 641 642 282 283 284 819 644 645 646 647 648 649 290 291 292 818 651 652 653 654 655 656 298 299 300 817 658 659 660 661 662 663 306 308 816 665 666 667 668 669 670 315 316 317 318 671 672 673 674 320 321 322 323 324 325 326 327 328 329 330 815 676 677 678 679 680 681 337 338 339 340 682 683 684 685 342 343 344 345 346 347 348 349 350 351 352 353 354 355 356 814 687 688 689 690 691 692 362 364 813 694 695 696 697 698 699 371 372 373 374 700 701 702 703 376 377 378 379 380 381 382 383 384 385 386 812 705 706 707 708 709 710 393 394 395 396 711 712 713 714 398 399 400 401 402 403 404 405 406 408 811 716 717 718 719 720 721 415 416 417 418 722 723 724 725 420 421 422 423 424 425 426 427 429 430 431 432 726 727 728 729 434 435 436 437 438 439 440 441 442 443 444 445 446 447 448 810 731 732 733 734 735 736 454 455 456 457 458 459 460 809 738 739 740 741 742 743 466 467 468 469 470 471 472 808 745 746 747 748 749 750 478 480 807 752 753 754 755 756 757 486 488 806 759 760 761 762 763 764 494 496 805 766 767 768 769 770 771 503 504 505 506 772 773 774 775 508 509 510 511 512 513 514 515 516 517 518 519 520 521 522 804 777 778 779 780 781 782 528 530 803 784 785 786 787 788 789 537 538 539 540 790 791 792 793 542 543 544 545 546 547 548 549 550 551 552 553 554 555 556 802 795 796 797 798 799 800 562 563 564 565 566 567 568 801
18 22 40 60 78 98 116 136 158 172 192 214 224 244 266 276 296 328 336 338 346 348 358 370 390 394 416 430 450 482 490 492 500 502 524 528 542 562 578 582 616 636 638 642 664 666 688 692 714 718 740 744 766 770 792 796 818 820 882 884 888 950 952 966 988 990 1052 1054 1058 1120 1122 1124 1186 1228 1230 1244 1266 1280 1302 1316 1338 1340 1362 1364 1386 1388 1450 1452 1466 1488 1490 1552 1554 1568 1590 1604


0 1 0 0 1 -1 -1 0
1 1 2 2 1 -1 -1 0
2 1 4 4 1 -1 -1 0
3 1 6 6 1 -1 -1 0
4 1 8 8 1 -1 -1 0
5 1 10 10 1 -1 -1 0
6 1 12 12 1 -1 -1 0
7 1 14 16 2 -1 -1 0
8 1 16 18 2 -1 2 0
9 1 18 1604 25 -1 1 0
11 1 20 22 2 -1 2 0
12 1 22 114 2 -1 0 0
14 1 24 24 1 -1 -1 0
15 1 26 26 1 -1 -1 0
16 1 28 30 2 -1 -1 0
17 1 30 40 4 -1 2 0
18 1 32 34 2 -1 -1 0
19 1 36 38 2 -1 -1 0
20 1 40 58 2 -1 0 0
21 1 42 42 1 -1 -1 0
22 1 44 44 1 -1 -1 0
23 1 46 46 1 -1 -1 0
24 1 48 50 2 -1 -1 0
25 1 50 60 4 -1 2 0
26 1 52 54 2 -1 -1 0
27 1 56 58 2 -1 -1 0
28 1 60 952 8 -1 1 0
30 1 62 62 1 -1 -1 0
31 1 64 64 1 -1 -1 0
32 1 66 68 2 -1 -1 0
33 1 68 78 4 -1 2 0
34 1 70 72 2 -1 -1 0
35 1 74 76 2 -1 -1 0
36 1 78 96 2 -1 0 0
37 1 80 80 1 -1 -1 0
38 1 82 82 1 -1 -1 0
39 1 84 84 1 -1 -1 0
40 1 86 88 2 -1 -1 0
41 1 88 98 4 -1 2 0
42 1 90 92 2 -1 -1 0
43 1 94 96 2 -1 -1 0
44 1 98 1230 5 -1 1 0
46 1 100 100 1 -1 -1 0
47 1 102 102 1 -1 -1 0
48 1 104 106 2 -1 -1 0
49 1 106 116 4 -1 2 0
50 1 108 110 2 -1 -1 0
51 1 112 114 2 -1 -1 0
52 1 116 134 2 -1 0 0
53 1 118 118 1 -1 -1 0
54 1 120 120 1 -1 -1 0
55 1 122 122 1 -1 -1 0
56 1 124 126 2 -1 -1 0
57 1 126 136 4 -1 2 0
58 1 128 130 2 -1 -1 0
59 1 132 134 2 -1 -1 0
60 1 136 792 3 -1 1 0
62 1 138 138 1 -1 -1 0
63 1 140 140 1 -1 -1 0
64 1 142 144 2 -1 -1 0
65 1 144 158 3 -1 2 0
66 1 146 148 2 -1 -1 0
68 1 150 150 1 -1 -1 0
69 1 152 152 1 -1 -1 0
70 1 154 156 2 -1 -1 0
71 1 156 172 5 -1 2 0
73 1 172 190 2 -1 0 0
74 1 174 174 1 -1 -1 0
75 1 176 176 1 -1 -1 0
76 1 178 178 1 -1 -1 0
77 1 180 182 2 -1 -1 0
78 1 182 192 4 -1 2 0
79 1 184 186 2 -1 -1 0
80 1 188 190 2 -1 -1 0
81 1 192 1338 3 -1 1 0
83 1 194 194 1 -1 -1 0
84 1 196 196 1 -1 -1 0
85 1 198 200 2 -1 -1 0
86 1 200 214 3 -1 2 0
87 1 202 204 2 -1 -1 0
88 1 206 206 1 -1 -1 0
89 1 208 208 1 -1 -1 0
90 1 210 212 2 -1 -1 0
91 1 212 224 4 -1 2 0
93 1 224 242 2 -1 0 0
94 1 226 226 1 -1 -1 0
95 1 228 228 1 -1 -1 0
96 1 230 230 1 -1 -1 0
97 1 232 234 2 -1 -1 0
98 1 234 244 4 -1 2 0
99 1 236 238 2 -1 -1 0
100 1 240 242 2 -1 -1 0
101 1 244 1362 2 -1 1 0
103 1 246 246 1 -1 -1 0
104 1 248 248 1 -1 -1 0
105 1 250 252 2 -1 -1 0
106 1 252 266 3 -1 2 0
107 1 254 256 2 -1 -1 0
108 1 258 258 1 -1 -1 0
109 1 260 260 1 -1 -1 0
110 1 262 264 2 -1 -1 0
111 1 264 276 4 -1 2 0
113 1 276 294 2 -1 0 0
114 1 278 278 1 -1 -1 0
115 1 280 280 1 -1 -1 0
116 1 282 282 1 -1 -1 0
117 1 284 286 2 -1 -1 0
118 1 286 296 4 -1 2 0
119 1 288 290 2 -1 -1 0
120 1 292 294 2 -1 -1 0
121 1 296 1302 2 -1 1 0
123 1 298 298 1 -1 -1 0
124 1 300 300 1 -1 -1 0
125 1 302 304 2 -1 -1 0
126 1 304 346 3 -1 2 0
127 1 306 308 2 -1 -1 0
128 1 310 310 1 -1 -1 0
129 1 312 312 1 -1 -1 0
130 1 314 316 2 -1 -1 0
131 1 316 336 3 -1 2 0
132 1 318 320 2 -1 -1 0
133 1 322 322 1 -1 -1 0
134 1 324 326 2 -1 -1 0
135 1 326 328 2 -1 1 0
136 1 328 338 2 -1 1 0
137 1 330 330 1 -1 -1 0
138 1 332 334 2 -1 -1 0
139 1 334 338 2 -1 5 0
140 1 338 348 2 -1 1 0
141 1 340 340 1 -1 -1 0
142 1 342 344 2 -1 -1 0
143 1 344 348 2 -1 5 0
144 1 348 360 2 -1 0 0
145 1 350 350 1 -1 -1 0
146 1 352 352 1 -1 -1 0
147 1 354 356 2 -1 -1 0
148 1 356 370 4 -1 2 0
150 1 370 388 2 -1 0 0
151 1 372 372 1 -1 -1 0
152 1 374 374 1 -1 -1 0
153 1 376 376 1 -1 -1 0
154 1 378 380 2 -1 -1 0
155 1 380 390 4 -1 2 0
156 1 382 384 2 -1 -1 0
157 1 386 388 2 -1 -1 0
158 1 390 1452 3 -1 1 0
160 1 392 394 2 -1 2 0
161 1 394 424 2 -1 0 0
162 1 396 396 1 -1 -1 0
163 1 398 398 1 -1 -1 0
164 1 400 402 2 -1 -1 0
165 1 402 416 3 -1 2 0
166 1 404 406 2 -1 -1 0
167 1 408 408 1 -1 -1 0
168 1 410 410 1 -1 -1 0
169 1 412 414 2 -1 -1 0
170 1 414 430 5 -1 2 0
172 1 430 448 2 -1 0 0
173 1 432 432 1 -1 -1 0
174 1 434 434 1 -1 -1 0
175 1 436 436 1 -1 -1 0
176 1 438 440 2 -1 -1 0
177 1 440 450 4 -1 2 0
178 1 442 444 2 -1 -1 0
179 1 446 448 2 -1 -1 0
180 1 450 714 2 -1 1 0
182 1 452 452 1 -1 -1 0
183 1 454 454 1 -1 -1 0
184 1 456 458 2 -1 -1 0
185 1 458 500 3 -1 2 0
186 1 460 462 2 -1 -1 0
187 1 464 464 1 -1 -1 0
188 1 466 466 1 -1 -1 0
189 1 468 470 2 -1 -1 0
190 1 470 490 3 -1 2 0
191 1 472 474 2 -1 -1 0
192 1 476 476 1 -1 -1 0
193 1 478 480 2 -1 -1 0
194 1 480 482 2 -1 1 0
195 1 482 492 2 -1 1 0
196 1 484 484 1 -1 -1 0
197 1 486 488 2 -1 -1 0
198 1 488 492 2 -1 5 0
199 1 492 502 2 -1 1 0
200 1 494 494 1 -1 -1 0
201 1 496 498 2 -1 -1 0
202 1 498 502 2 -1 5 0
203 1 502 526 2 -1 0 0
204 1 504 504 1 -1 -1 0
205 1 506 506 1 -1 -1 0
206 1 508 510 2 -1 -1 0
207 1 510 528 3 -1 2 0
208 1 512 514 2 -1 -1 0
209 1 516 516 1 -1 -1 0
210 1 518 518 1 -1 -1 0
211 1 520 522 2 -1 -1 0
212 1 522 542 5 -1 2 0
214 1 542 560 2 -1 0 0
215 1 544 544 1 -1 -1 0
216 1 546 546 1 -1 -1 0
217 1 548 548 1 -1 -1 0
218 1 550 552 2 -1 -1 0
219 1 552 562 4 -1 2 0
220 1 554 556 2 -1 -1 0
221 1 558 560 2 -1 -1 0
222 1 562 1590 4 -1 1 0
228 1 578 582 2 -1 2 0
229 1 580 582 2 -1 5 0
230 1 582 584 2 -1 0 0
236 1 604 604 1 -1 -1 0
237 1 606 606 1 -1 -1 0
238 1 608 610 2 -1 -1 0
239 1 610 616 3 -1 2 0
240 1 612 614 2 -1 -1 0
241 1 616 634 2 -1 0 0
242 1 618 618 1 -1 -1 0
243 1 620 620 1 -1 -1 0
244 1 622 622 1 -1 -1 0
245 1 624 626 2 -1 -1 0
246 1 626 636 4 -1 2 0
247 1 628 630 2 -1 -1 0
248 1 632 634 2 -1 -1 0
249 1 636 638 2 -1 1 0
250 1 638 642 2 -1 2 0
251 1 640 642 2 -1 5 0
252 1 642 644 2 -1 0 0
258 1 664 666 2 -1 2 0
260 1 666 668 2 -1 0 0
266 1 688 692 2 -1 2 0
267 1 690 692 2 -1 5 0
268 1 692 694 2 -1 0 0
274 1 714 718 2 -1 2 0
275 1 716 718 2 -1 5 0
276 1 718 720 2 -1 0 0
282 1 740 744 2 -1 2 0
283 1 742 744 2 -1 5 0
284 1 744 746 2 -1 0 0
290 1 766 770 2 -1 2 0
291 1 768 770 2 -1 5 0
292 1 770 772 2 -1 0 0
298 1 792 796 2 -1 2 0
299 1 794 796 2 -1 5 0
300 1 796 798 2 -1 0 0
306 1 818 820 2 -1 2 0
308 1 820 822 2 -1 0 0
315 1 842 842 1 -1 -1 0
316 1 844 844 1 -1 -1 0
317 1 846 848 2 -1 -1 0
318 1 848 880 5 -1 -1 0
320 1 864 864 1 -1 -1 0
321 1 866 866 1 -1 -1 0
322 1 868 868 1 -1 -1 0
323 1 870 872 2 -1 -1 0
324 1 872 882 4 -1 2 0
325 1 874 876 2 -1 -1 0
326 1 878 880 2 -1 -1 0
327 1 882 884 2 -1 5 0
328 1 884 888 2 -1 2 0
329 1 886 888 2 -1 5 0
330 1 888 890 2 -1 0 0
337 1 910 910 1 -1 -1 0
338 1 912 912 1 -1 -1 0
339 1 914 916 2 -1 -1 0
340 1 916 948 5 -1 -1 0
342 1 932 932 1 -1 -1 0
343 1 934 934 1 -1 -1 0
344 1 936 936 1 -1 -1 0
345 1 938 940 2 -1 -1 0
346 1 940 950 4 -1 2 0
347 1 942 944 2 -1 -1 0
348 1 946 948 2 -1 -1 0
349 1 950 952 2 -1 5 0
350 1 952 966 2 -1 2 0
351 1 954 954 1 -1 -1 0
352 1 956 956 1 -1 -1 0
353 1 958 960 2 -1 -1 0
354 1 960 966 3 -1 5 0
355 1 962 964 2 -1 -1 0
356 1 966 968 2 -1 0 0
362 1 988 990 2 -1 2 0
364 1 990 992 2 -1 0 0
371 1 1012 1012 1 -1 -1 0
372 1 1014 1014 1 -1 -1 0
373 1 1016 1018 2 -1 -1 0
374 1 1018 1050 5 -1 -1 0
376 1 1034 1034 1 -1 -1 0
377 1 1036 1036 1 -1 -1 0
378 1 1038 1038 1 -1 -1 0
379 1 1040 1042 2 -1 -1 0
380 1 1042 1052 4 -1 2 0
381 1 1044 1046 2 -1 -1 0
382 1 1048 1050 2 -1 -1 0
383 1 1052 1054 2 -1 5 0
384 1 1054 1058 2 -1 2 0
385 1 1056 1058 2 -1 5 0
386 1 1058 1060 2 -1 0 0
393 1 1080 1080 1 -1 -1 0
394 1 1082 1082 1 -1 -1 0
395 1 1084 1086 2 -1 -1 0
396 1 1086 1118 5 -1 -1 0
398 1 1102 1102 1 -1 -1 0
399 1 1104 1104 1 -1 -1 0
400 1 1106 1106 1 -1 -1 0
401 1 1108 1110 2 -1 -1 0
402 1 1110 1120 4 -1 2 0
403 1 1112 1114 2 -1 -1 0
404 1 1116 1118 2 -1 -1 0
405 1 1120 1122 2 -1 5 0
406 1 1122 1124 2 -1 2 0
408 1 1124 1126 2 -1 0 0
415 1 1146 1146 1 -1 -1 0
416 1 1148 1148 1 -1 -1 0
417 1 1150 1152 2 -1 -1 0
418 1 1152 1184 5 -1 -1 0
420 1 1168 1168 1 -1 -1 0
421 1 1170 1170 1 -1 -1 0
422 1 1172 1172 1 -1 -1 0
423 1 1174 1176 2 -1 -1 0
424 1 1176 1186 4 -1 2 0
425 1 1178 1180 2 -1 -1 0
426 1 1182 1184 2 -1 -1 0
427 1 1186 1230 2 -1 5 0
429 1 1188 1188 1 -1 -1 0
430 1 1190 1190 1 -1 -1 0
431 1 1192 1194 2 -1 -1 0
432 1 1194 1226 5 -1 -1 0
434 1 1210 1210 1 -1 -1 0
435 1 1212 1212 1 -1 -1 0
436 1 1214 1214 1 -1 -1 0
437 1 1216 1218 2 -1 -1 0
438 1 1218 1228 4 -1 2 0
439 1 1220 1222 2 -1 -1 0
440 1 1224 1226 2 -1 -1 0
441 1 1228 1230 2 -1 4 0
442 1 1230 1244 2 -1 2 0
443 1 1232 1232 1 -1 -1 0
444 1 1234 1234 1 -1 -1 0
445 1 1236 1238 2 -1 -1 0
446 1 1238 1244 3 -1 5 0
447 1 1240 1242 2 -1 -1 0
448 1 1244 1246 2 -1 0 0
454 1 1266 1280 2 -1 2 0
455 1 1268 1268 1 -1 -1 0
456 1 1270 1270 1 -1 -1 0
457 1 1272 1274 2 -1 -1 0
458 1 1274 1280 3 -1 5 0
459 1 1276 1278 2 -1 -1 0
460 1 1280 1282 2 -1 0 0
466 1 1302 1316 2 -1 2 0
467 1 1304 1304 1 -1 -1 0
468 1 1306 1306 1 -1 -1 0
469 1 1308 1310 2 -1 -1 0
470 1 1310 1316 3 -1 5 0
471 1 1312 1314 2 -1 -1 0
472 1 1316 1318 2 -1 0 0
478 1 1338 1340 2 -1 2 0
480 1 1340 1342 2 -1 0 0
486 1 1362 1364 2 -1 2 0
488 1 1364 1366 2 -1 0 0
494 1 1386 1388 2 -1 2 0
496 1 1388 1390 2 -1 0 0
503 1 1410 1410 1 -1 -1 0
504 1 1412 1412 1 -1 -1 0
505 1 1414 1416 2 -1 -1 0
506 1 1416 1448 5 -1 -1 0
508 1 1432 1432 1 -1 -1 0
509 1 1434 1434 1 -1 -1 0
510 1 1436 1436 1 -1 -1 0
511 1 1438 1440 2 -1 -1 0
512 1 1440 1450 4 -1 2 0
513 1 1442 1444 2 -1 -1 0
514 1 1446 1448 2 -1 -1 0
515 1 1450 1452 2 -1 5 0
516 1 1452 1466 2 -1 2 0
517 1 1454 1454 1 -1 -1 0
518 1 1456 1456 1 -1 -1 0
519 1 1458 1460 2 -1 -1 0
520 1 1460 1466 3 -1 5 0
521 1 1462 1464 2 -1 -1 0
522 1 1466 1468 2 -1 0 0
528 1 1488 1490 2 -1 2 0
530 1 1490 1492 2 -1 0 0
537 1 1512 1512 1 -1 -1 0
538 1 1514 1514 1 -1 -1 0
539 1 1516 1518 2 -1 -1 0
540 1 1518 1550 5 -1 -1 0
542 1 1534 1534 1 -1 -1 0
543 1 1536 1536 1 -1 -1 0
544 1 1538 1538 1 -1 -1 0
545 1 1540 1542 2 -1 -1 0
546 1 1542 1552 4 -1 2 0
547 1 1544 1546 2 -1 -1 0
548 1 1548 1550 2 -1 -1 0
549 1 1552 1554 2 -1 5 0
550 1 1554 1568 2 -1 2 0
551 1 1556 1556 1 -1 -1 0
552 1 1558 1558 1 -1 -1 0
553 1 1560 1562 2 -1 -1 0
554 1 1562 1568 3 -1 5 0
555 1 1564 1566 2 -1 -1 0
556 1 1568 1570 2 -1 0 0
562 1 1590 1604 2 -1 2 0
563 1 1592 1592 1 -1 -1 0
564 1 1594 1594 1 -1 -1 0
565 1 1596 1598 2 -1 -1 0
566 1 1598 1604 3 -1 5 0
567 1 1600 1602 2 -1 -1 0
568 1 1604 1606 2 -1 0 0
573 1 158 166 2 -1 0 0
574 1 160 162 2 -1 -1 0
575 1 164 166 2 -1 -1 0
576 1 168 170 2 -1 -1 0
577 1 214 222 2 -1 0 0
578 1 216 218 2 -1 -1 0
579 1 220 222 2 -1 -1 0
580 1 266 274 2 -1 0 0
581 1 268 270 2 -1 -1 0
582 1 272 274 2 -1 -1 0
584 1 336 338 2 -1 2 0
585 1 346 348 2 -1 2 0
586 1 358 368 3 -1 0 0
587 1 362 364 2 -1 -1 0
588 1 366 368 2 -1 -1 0
589 1 416 428 2 -1 0 0
590 1 418 420 2 -1 -1 0
591 1 422 424 2 -1 -1 0
592 1 426 428 2 -1 -1 0
594 1 490 492 2 -1 2 0
595 1 500 502 2 -1 2 0
596 1 524 536 3 -1 0 0
597 1 528 540 2 -1 0 0
598 1 530 532 2 -1 -1 0
599 1 534 536 2 -1 -1 0
600 1 538 540 2 -1 -1 0
602 1 564 566 2 -1 -1 0
603 1 566 568 2 -1 -1 0
604 1 570 572 2 -1 -1 0
605 1 572 574 2 -1 -1 0
606 1 574 576 2 -1 -1 0
607 1 576 578 2 -1 2 0
609 1 590 592 2 -1 -1 0
610 1 592 594 2 -1 -1 0
611 1 596 598 2 -1 -1 0
612 1 598 600 2 -1 -1 0
613 1 600 602 2 -1 -1 0
614 1 602 638 2 -1 2 0
616 1 650 652 2 -1 -1 0
617 1 652 654 2 -1 -1 0
618 1 656 658 2 -1 -1 0
619 1 658 660 2 -1 -1 0
620 1 660 662 2 -1 -1 0
621 1 662 664 2 -1 2 0
623 1 674 676 2 -1 -1 0
624 1 676 678 2 -1 -1 0
625 1 680 682 2 -1 -1 0
626 1 682 684 2 -1 -1 0
627 1 684 686 2 -1 -1 0
628 1 686 688 2 -1 2 0
630 1 700 702 2 -1 -1 0
631 1 702 704 2 -1 -1 0
632 1 706 708 2 -1 -1 0
633 1 708 710 2 -1 -1 0
634 1 710 712 2 -1 -1 0
635 1 712 714 2 -1 2 0
637 1 726 728 2 -1 -1 0
638 1 728 730 2 -1 -1 0
639 1 732 734 2 -1 -1 0
640 1 734 736 2 -1 -1 0
641 1 736 738 2 -1 -1 0
642 1 738 740 2 -1 2 0
644 1 752 754 2 -1 -1 0
645 1 754 756 2 -1 -1 0
646 1 758 760 2 -1 -1 0
647 1 760 762 2 -1 -1 0
648 1 762 764 2 -1 -1 0
649 1 764 766 2 -1 2 0
651 1 778 780 2 -1 -1 0
652 1 780 782 2 -1 -1 0
653 1 784 786 2 -1 -1 0
654 1 786 788 2 -1 -1 0
655 1 788 790 2 -1 -1 0
656 1 790 792 2 -1 2 0
658 1 804 806 2 -1 -1 0
659 1 806 808 2 -1 -1 0
660 1 810 812 2 -1 -1 0
661 1 812 814 2 -1 -1 0
662 1 814 816 2 -1 -1 0
663 1 816 818 2 -1 2 0
665 1 828 830 2 -1 -1 0
666 1 830 832 2 -1 -1 0
667 1 834 836 2 -1 -1 0
668 1 836 838 2 -1 -1 0
669 1 838 840 2 -1 -1 0
670 1 840 884 2 -1 2 0
671 1 850 862 2 -1 -1 0
672 1 852 854 2 -1 -1 0
673 1 856 858 2 -1 -1 0
674 1 860 862 2 -1 -1 0
676 1 896 898 2 -1 -1 0
677 1 898 900 2 -1 -1 0
678 1 902 904 2 -1 -1 0
679 1 904 906 2 -1 -1 0
680 1 906 908 2 -1 -1 0
681 1 908 952 2 -1 2 0
682 1 918 930 2 -1 -1 0
683 1 920 922 2 -1 -1 0
684 1 924 926 2 -1 -1 0
685 1 928 930 2 -1 -1 0
687 1 974 976 2 -1 -1 0
688 1 976 978 2 -1 -1 0
689 1 980 982 2 -1 -1 0
690 1 982 984 2 -1 -1 0
691 1 984 986 2 -1 -1 0
692 1 986 988 2 -1 2 0
694 1 998 1000 2 -1 -1 0
695 1 1000 1002 2 -1 -1 0
696 1 1004 1006 2 -1 -1 0
697 1 1006 1008 2 -1 -1 0
698 1 1008 1010 2 -1 -1 0
699 1 1010 1054 2 -1 2 0
700 1 1020 1032 2 -1 -1 0
701 1 1022 1024 2 -1 -1 0
702 1 1026 1028 2 -1 -1 0
703 1 1030 1032 2 -1 -1 0
705 1 1066 1068 2 -1 -1 0
706 1 1068 1070 2 -1 -1 0
707 1 1072 1074 2 -1 -1 0
708 1 1074 1076 2 -1 -1 0
709 1 1076 1078 2 -1 -1 0
710 1 1078 1122 2 -1 2 0
711 1 1088 1100 2 -1 -1 0
712 1 1090 1092 2 -1 -1 0
713 1 1094 1096 2 -1 -1 0
714 1 1098 1100 2 -1 -1 0
716 1 1132 1134 2 -1 -1 0
717 1 1134 1136 2 -1 -1 0
718 1 1138 1140 2 -1 -1 0
719 1 1140 1142 2 -1 -1 0
720 1 1142 1144 2 -1 -1 0
721 1 1144 1230 2 -1 2 0
722 1 1154 1166 2 -1 -1 0
723 1 1156 1158 2 -1 -1 0
724 1 1160 1162 2 -1 -1 0
725 1 1164 1166 2 -1 -1 0
726 1 1196 1208 2 -1 -1 0
727 1 1198 1200 2 -1 -1 0
728 1 1202 1204 2 -1 -1 0
729 1 1206 1208 2 -1 -1 0
731 1 1252 1254 2 -1 -1 0
732 1 1254 1256 2 -1 -1 0
733 1 1258 1260 2 -1 -1 0
734 1 1260 1262 2 -1 -1 0
735 1 1262 1264 2 -1 -1 0
736 1 1264 1266 2 -1 2 0
738 1 1288 1290 2 -1 -1 0
739 1 1290 1292 2 -1 -1 0
740 1 1294 1296 2 -1 -1 0
741 1 1296 1298 2 -1 -1 0
742 1 1298 1300 2 -1 -1 0
743 1 1300 1302 2 -1 2 0
745 1 1324 1326 2 -1 -1 0
746 1 1326 1328 2 -1 -1 0
747 1 1330 1332 2 -1 -1 0
748 1 1332 1334 2 -1 -1 0
749 1 1334 1336 2 -1 -1 0
750 1 1336 1338 2 -1 2 0
752 1 1348 1350 2 -1 -1 0
753 1 1350 1352 2 -1 -1 0
754 1 1354 1356 2 -1 -1 0
755 1 1356 1358 2 -1 -1 0
756 1 1358 1360 2 -1 -1 0
757 1 1360 1362 2 -1 2 0
759 1 1372 1374 2 -1 -1 0
760 1 1374 1376 2 -1 -1 0
761 1 1378 1380 2 -1 -1 0
762 1 1380 1382 2 -1 -1 0
763 1 1382 1384 2 -1 -1 0
764 1 1384 1386 2 -1 2 0
766 1 1396 1398 2 -1 -1 0
767 1 1398 1400 2 -1 -1 0
768 1 1402 1404 2 -1 -1 0
769 1 1404 1406 2 -1 -1 0
770 1 1406 1408 2 -1 -1 0
771 1 1408 1452 2 -1 2 0
772 1 1418 1430 2 -1 -1 0
773 1 1420 1422 2 -1 -1 0
774 1 1424 1426 2 -1 -1 0
775 1 1428 1430 2 -1 -1 0
777 1 1474 1476 2 -1 -1 0
778 1 1476 1478 2 -1 -1 0
779 1 1480 1482 2 -1 -1 0
780 1 1482 1484 2 -1 -1 0
781 1 1484 1486 2 -1 -1 0
782 1 1486 1488 2 -1 2 0
784 1 1498 1500 2 -1 -1 0
785 1 1500 1502 2 -1 -1 0
786 1 1504 1506 2 -1 -1 0
787 1 1506 1508 2 -1 -1 0
788 1 1508 1510 2 -1 -1 0
789 1 1510 1554 2 -1 2 0
790 1 1520 1532 2 -1 -1 0
791 1 1522 1524 2 -1 -1 0
792 1 1526 1528 2 -1 -1 0
793 1 1530 1532 2 -1 -1 0
795 1 1576 1578 2 -1 -1 0
796 1 1578 1580 2 -1 -1 0
797 1 1582 1584 2 -1 -1 0
798 1 1584 1586 2 -1 -1 0
799 1 1586 1588 2 -1 -1 0
800 1 1588 1590 2 -1 2 0
801 1 1610 1612 2 802 -1 0
802 2 1574 1607 1610 1610 2 803 -1 0
803 2 1496 1571 1574 1574 2 804 -1 0
804 2 1472 1493 1496 1496 2 805 -1 0
805 2 1394 1469 1472 1472 2 806 -1 0
806 2 1370 1391 1394 1394 2 807 -1 0
807 2 1346 1367 1370 1370 2 808 -1 0
808 2 1322 1343 1346 1346 2 809 -1 0
809 2 1286 1319 1322 1322 2 810 -1 0
810 2 1250 1283 1286 1286 2 811 -1 0
811 2 1130 1247 1250 1250 2 812 -1 0
812 2 1064 1127 1130 1130 2 813 -1 0
813 2 996 1061 1064 1064 2 814 -1 0
814 2 972 993 996 996 2 815 -1 0
815 2 894 969 972 972 2 816 -1 0
816 2 826 891 894 894 2 817 -1 0
817 2 802 823 826 826 2 818 -1 0
818 2 776 799 802 802 2 819 -1 0
819 2 750 773 776 776 2 820 -1 0
820 2 724 747 750 750 2 821 -1 0
821 2 698 721 724 724 2 822 -1 0
822 2 672 695 698 698 2 823 -1 0
823 2 648 669 672 672 2 824 -1 0
824 2 588 645 648 648 2 823 -1 0
42 3 38 5 0 0 38 38
0 72 78 80
0 1 2 3 4 6 7 8 9 10 11 12 39 40 14 15 16 17 18 19 20 21 22 23 24 25 26 27 28 29 30 31 32 33 34 35 36 37
2 32 40 62 74


0 1 0 62 1 -1 4 1
1 1 0 62 1 -1 5 1
2 1 0 74 1 -1 5 1
3 1 0 2 2 -1 2 0
4 1 2 74 3 -1 1 0
6 1 4 4 1 -1 -1 0
7 1 6 6 1 -1 -1 0
8 1 8 8 1 -1 -1 0
9 1 10 10 1 -1 -1 0
10 1 12 12 1 -1 -1 0
11 1 14 16 2 -1 -1 0
12 1 16 40 4 -1 2 0
14 1 26 26 1 -1 -1 0
15 1 28 30 2 -1 -1 0
16 1 30 32 2 -1 1 0
17 1 32 40 2 -1 1 0
18 1 34 34 1 -1 -1 0
19 1 36 38 2 -1 -1 0
20 1 38 40 2 -1 5 0
21 1 40 62 2 -1 1 0
22 1 42 42 1 -1 -1 0
23 1 44 44 1 -1 -1 0
24 1 46 46 1 -1 -1 0
25 1 48 48 1 -1 -1 0
26 1 50 50 1 -1 -1 0
27 1 52 52 1 -1 -1 0
28 1 54 54 1 -1 -1 0
29 1 56 56 1 -1 -1 0
30 1 58 60 2 -1 -1 0
31 1 60 62 2 -1 8 0
32 1 62 72 3 -1 0 0
33 1 64 66 2 -1 -1 0
34 1 66 68 2 -1 -1 0
35 1 68 70 2 -1 -1 0
36 1 72 74 2 -1 2 0
37 1 74 76 2 -1 0 0
39 1 18 20 2 -1 -1 0
40 1 22 24 2 -1 -1 0
13 1 13 2 0 0 13 13
0 24
0 1 2 3 4 5 6 7 8 9 10 11 12
18 20


0 1 0 20 1 -1 1 1
1 1 0 20 1 -1 5 1
2 1 0 0 1 -1 -1 0
3 1 2 2 1 -1 -1 0
4 1 4 4 1 -1 -1 0
5 1 6 6 1 -1 -1 0
6 1 8 8 1 -1 -1 0
7 1 10 10 1 -1 -1 0
8 1 12 12 1 -1 -1 0
9 1 14 16 2 -1 -1 0
10 1 16 18 2 -1 2 0
11 1 18 20 2 -1 2 0
12 1 20 22 2 -1 0 0
223 13 181 20 0 0 181 181
0 322 328 352 360 378 398 408 414 416 418 420 422 424
0 1 2 3 4 5 6 7 8 9 11 12 13 14 214 215 217 17 18 20 21 24 25 26 27 28 29 30 31 32 33 34 35 36 37 39 40 41 42 43 44 45 46 48 49 50 51 52 53 54 55 56 57 58 59 60 61 62 63 64 65 66 67 68 69 70 71 72 73 74 75 76 77 78 79 80 81 82 83 84 85 86 87 88 89 90 91 92 93 94 95 96 97 98 99 100 101 103 104 105 106 107 108 109 111 112 113 114 115 116 117 120 121 122 123 124 125 126 127 128 129 130 131 219 132 134 135 136 137 138 139 140 141 142 220 143 144 145 146 147 148 149 151 152 153 155 156 157 158 159 160 161 162 163 164 165 166 167 169 168 170 171 172 173 174 175 184 185 186 187 188 189 190 191 192 193 194 195 197 200 201
18 38 42 78 86 94 164 218 280 282 302 304 306 316 318 322 342 374 388 408


0 1 0 0 1 -1 -1 0
1 1 2 2 1 -1 -1 0
2 1 4 4 1 -1 -1 0
3 1 6 6 1 -1 -1 0
4 1 8 8 1 -1 -1 0
5 1 10 10 1 -1 -1 0
6 1 12 12 1 -1 -1 0
7 1 14 16 2 -1 -1 0
8 1 16 18 2 -1 2 0
9 1 18 164 4 -1 2 0
11 1 20 20 1 -1 -1 0
12 1 22 22 1 -1 -1 0
13 1 24 26 2 -1 -1 0
14 1 26 322 7 -1 2 0
17 1 36 38 2 -1 2 0
18 1 38 236 3 -1 1 0
20 1 40 42 2 -1 2 0
21 1 42 254 3 -1 1 0
24 1 44 44 1 -1 -1 0
25 1 46 46 1 -1 -1 0
26 1 48 50 2 -1 -1 0
27 1 50 76 4 -1 -1 0
28 1 52 54 2 -1 -1 0
29 1 56 58 2 -1 -1 0
30 1 60 60 1 -1 -1 0
31 1 62 62 1 -1 -1 0
32 1 64 64 1 -1 -1 0
33 1 66 68 2 -1 -1 0
34 1 68 78 4 -1 1 0
35 1 70 72 2 -1 -1 0
36 1 74 76 2 -1 -1 0
37 1 78 410 5 -1 2 0
39 1 80 80 1 -1 -1 0
40 1 82 84 2 -1 -1 0
41 1 84 86 2 -1 1 0
42 1 86 94 2 -1 1 0
43 1 88 88 1 -1 -1 0
44 1 90 92 2 -1 -1 0
45 1 92 94 2 -1 5 0
46 1 94 194 2 -1 0 0
48 1 96 96 1 -1 -1 0
49 1 98 98 1 -1 -1 0
50 1 100 102 2 -1 -1 0
51 1 102 140 3 -1 -1 0
52 1 104 106 2 -1 -1 0
53 1 108 108 1 -1 -1 0
54 1 110 110 1 -1 -1 0
55 1 112 112 1 -1 -1 0
56 1 114 114 1 -1 -1 0
57 1 116 116 1 -1 -1 0
58 1 118 118 1 -1 -1 0
59 1 120 120 1 -1 -1 0
60 1 122 122 1 -1 -1 0
61 1 124 124 1 -1 -1 0
62 1 126 128 2 -1 -1 0
63 1 128 164 6 -1 5 0
64 1 130 132 2 -1 -1 0
65 1 134 136 2 -1 -1 0
66 1 138 140 2 -1 -1 0
67 1 142 144 2 -1 -1 0
68 1 146 146 1 -1 -1 0
69 1 148 148 1 -1 -1 0
70 1 150 150 1 -1 -1 0
71 1 152 152 1 -1 -1 0
72 1 154 154 1 -1 -1 0
73 1 156 156 1 -1 -1 0
74 1 158 158 1 -1 -1 0
75 1 160 162 2 -1 -1 0
76 1 162 164 2 -1 4 0
77 1 164 218 2 -1 2 0
78 1 166 166 1 -1 -1 0
79 1 168 168 1 -1 -1 0
80 1 170 170 1 -1 -1 0
81 1 172 172 1 -1 -1 0
82 1 174 174 1 -1 -1 0
83 1 176 176 1 -1 -1 0
84 1 178 178 1 -1 -1 0
85 1 180 180 1 -1 -1 0
86 1 182 182 1 -1 -1 0
87 1 184 186 2 -1 -1 0
88 1 186 218 5 -1 5 0
89 1 188 190 2 -1 -1 0
90 1 192 194 2 -1 -1 0
91 1 196 198 2 -1 -1 0
92 1 200 200 1 -1 -1 0
93 1 202 202 1 -1 -1 0
94 1 204 204 1 -1 -1 0
95 1 206 206 1 -1 -1 0
96 1 208 208 1 -1 -1 0
97 1 210 210 1 -1 -1 0
98 1 212 212 1 -1 -1 0
99 1 214 216 2 -1 -1 0
100 1 216 218 2 -1 4 0
101 1 218 388 3 -1 5 0
103 1 220 220 1 -1 -1 0
104 1 222 222 1 -1 -1 0
105 1 224 224 1 -1 -1 0
106 1 226 228 2 -1 -1 0
107 1 228 342 5 -1 2 0
108 1 230 232 2 -1 -1 0
109 1 234 236 2 -1 -1 0
111 1 238 238 1 -1 -1 0
112 1 240 240 1 -1 -1 0
113 1 242 242 1 -1 -1 0
114 1 244 246 2 -1 -1 0
115 1 246 388 5 -1 2 0
116 1 248 250 2 -1 -1 0
117 1 252 254 2 -1 -1 0
120 1 256 256 1 -1 -1 0
121 1 258 258 1 -1 -1 0
122 1 260 260 1 -1 -1 0
123 1 262 262 1 -1 -1 0
124 1 264 264 1 -1 -1 0
125 1 266 266 1 -1 -1 0
126 1 268 268 1 -1 -1 0
127 1 270 270 1 -1 -1 0
128 1 272 272 1 -1 -1 0
129 1 274 274 1 -1 -1 0
130 1 276 278 2 -1 -1 0
131 1 278 282 2 -1 5 0
132 1 282 316 2 -1 2 0
134 1 284 284 1 -1 -1 0
135 1 286 286 1 -1 -1 0
136 1 288 288 1 -1 -1 0
137 1 290 290 1 -1 -1 0
138 1 292 292 1 -1 -1 0
139 1 294 294 1 -1 -1 0
140 1 296 296 1 -1 -1 0
141 1 298 300 2 -1 -1 0
142 1 300 304 2 -1 5 0
143 1 304 316 2 -1 1 0
144 1 306 316 3 -1 5 0
145 1 308 308 1 -1 -1 0
146 1 310 310 1 -1 -1 0
147 1 312 314 2 -1 -1 0
148 1 314 316 2 -1 8 0
149 1 316 322 2 -1 1 0
151 1 318 320 2 -1 0 0
152 1 322 324 2 -1 0 0
153 1 324 326 2 -1 -1 0
155 1 328 328 1 -1 -1 0
156 1 330 330 1 -1 -1 0
157 1 332 332 1 -1 -1 0
158 1 334 334 1 -1 -1 0
159 1 336 336 1 -1 -1 0
160 1 338 340 2 -1 -1 0
161 1 340 342 2 -1 8 0
162 1 342 360 4 -1 0 0
163 1 344 346 2 -1 -1 0
164 1 346 348 2 -1 -1 0
165 1 348 350 2 -1 -1 0
166 1 352 354 2 -1 -1 0
167 1 354 356 2 -1 -1 0
168 1 360 374 2 -1 2 0
169 1 356 358 2 -1 -1 0
170 1 362 362 1 -1 -1 0
171 1 364 364 1 -1 -1 0
172 1 366 368 2 -1 -1 0
173 1 368 374 3 -1 1 0
174 1 370 372 2 -1 -1 0
175 1 374 376 2 -1 0 0
184 1 378 378 1 -1 -1 0
185 1 380 380 1 -1 -1 0
186 1 382 382 1 -1 -1 0
187 1 384 386 2 -1 -1 0
188 1 386 388 2 -1 8 0
189 1 388 398 3 -1 0 0
190 1 390 392 2 -1 -1 0
191 1 392 394 2 -1 -1 0
192 1 394 396 2 -1 -1 0
193 1 398 408 3 -1 2 0
194 1 400 402 2 -1 -1 0
195 1 402 404 2 -1 -1 0
197 1 404 406 2 -1 -1 0
200 1 408 410 2 -1 0 0
201 1 410 412 2 -1 -1 0
214 1 28 30 2 -1 -1 0
215 1 30 32 2 -1 -1 0
217 1 32 34 2 -1 -1 0
219 1 280 282 2 -1 1 0
220 1 302 304 2 -1 1 0
202 17 169 15 0 0 169 169
0 350 354 356 360 364 368 372 388 390 392 394 396 398 400 402 404 406
0 1 2 3 4 5 6 7 8 9 11 12 14 15 18 19 20 21 22 23 24 25 26 27 28 29 30 31 32 33 34 35 36 37 38 39 40 41 42 43 44 45 48 49 50 51 52 53 54 55 56 57 58 59 60 61 62 63 64 65 66 67 68 69 70 73 74 75 76 77 78 79 80 81 82 83 84 85 86 89 90 91 92 93 94 95 96 97 98 99 100 101 102 103 104 105 106 107 108 109 110 111 114 115 116 117 118 119 120 121 122 123 124 125 126 127 131 132 133 134 135 136 137 138 139 140 141 142 143 144 145 146 147 148 149 150 151 152 153 154 155 156 157 158 161 162 163 164 165 166 167 168 169 170 171 172 173 174 201 177 179 181 183 184 185 186 187 188 189
18 22 26 88 138 170 220 252 314 346 356 360 364 368 384


0 1 0 0 1 -1 -1 0
1 1 2 2 1 -1 -1 0
2 1 4 4 1 -1 -1 0
3 1 6 6 1 -1 -1 0
4 1 8 8 1 -1 -1 0
5 1 10 10 1 -1 -1 0
6 1 12 12 1 -1 -1 0
7 1 14 16 2 -1 -1 0
8 1 16 18 2 -1 2 0
9 1 18 88 2 -1 2 0
11 1 20 22 2 -1 2 0
12 1 22 384 12 -1 1 0
14 1 24 26 2 -1 2 0
15 1 26 138 2 -1 1 0
18 1 28 28 1 -1 -1 0
19 1 30 30 1 -1 -1 0
20 1 32 32 1 -1 -1 0
21 1 34 34 1 -1 -1 0
22 1 36 36 1 -1 -1 0
23 1 38 38 1 -1 -1 0
24 1 40 40 1 -1 -1 0
25 1 42 42 1 -1 -1 0
26 1 44 44 1 -1 -1 0
27 1 46 48 2 -1 -1 0
28 1 48 88 4 -1 5 0
29 1 50 52 2 -1 -1 0
30 1 54 56 2 -1 -1 0
31 1 58 58 1 -1 -1 0
32 1 60 60 1 -1 -1 0
33 1 62 64 2 -1 -1 0
34 1 64 88 3 -1 4 0
35 1 66 68 2 -1 -1 0
36 1 70 70 1 -1 -1 0
37 1 72 72 1 -1 -1 0
38 1 74 74 1 -1 -1 0
39 1 76 76 1 -1 -1 0
40 1 78 78 1 -1 -1 0
41 1 80 80 1 -1 -1 0
42 1 82 82 1 -1 -1 0
43 1 84 86 2 -1 -1 0
44 1 86 88 2 -1 3 0
45 1 88 356 3 -1 2 0
48 1 90 90 1 -1 -1 0
49 1 92 92 1 -1 -1 0
50 1 94 94 1 -1 -1 0
51 1 96 96 1 -1 -1 0
52 1 98 98 1 -1 -1 0
53 1 100 100 1 -1 -1 0
54 1 102 102 1 -1 -1 0
55 1 104 104 1 -1 -1 0
56 1 106 106 1 -1 -1 0
57 1 108 110 2 -1 -1 0
58 1 110 138 4 -1 5 0
59 1 112 114 2 -1 -1 0
60 1 116 118 2 -1 -1 0
61 1 120 120 1 -1 -1 0
62 1 122 122 1 -1 -1 0
63 1 124 124 1 -1 -1 0
64 1 126 126 1 -1 -1 0
65 1 128 128 1 -1 -1 0
66 1 130 130 1 -1 -1 0
67 1 132 132 1 -1 -1 0
68 1 134 136 2 -1 -1 0
69 1 136 138 2 -1 4 0
70 1 138 360 5 -1 2 0
73 1 140 140 1 -1 -1 0
74 1 142 142 1 -1 -1 0
75 1 144 144 1 -1 -1 0
76 1 146 146 1 -1 -1 0
77 1 148 148 1 -1 -1 0
78 1 150 150 1 -1 -1 0
79 1 152 152 1 -1 -1 0
80 1 154 154 1 -1 -1 0
81 1 156 156 1 -1 -1 0
82 1 158 160 2 -1 -1 0
83 1 160 170 4 -1 5 0
84 1 162 164 2 -1 -1 0
85 1 166 168 2 -1 -1 0
86 1 170 348 2 -1 0 0
89 1 172 172 1 -1 -1 0
90 1 174 174 1 -1 -1 0
91 1 176 176 1 -1 -1 0
92 1 178 178 1 -1 -1 0
93 1 180 180 1 -1 -1 0
94 1 182 182 1 -1 -1 0
95 1 184 184 1 -1 -1 0
96 1 186 186 1 -1 -1 0
97 1 188 188 1 -1 -1 0
98 1 190 192 2 -1 -1 0
99 1 192 220 4 -1 5 0
100 1 194 196 2 -1 -1 0
101 1 198 200 2 -1 -1 0
102 1 202 202 1 -1 -1 0
103 1 204 204 1 -1 -1 0
104 1 206 206 1 -1 -1 0
105 1 208 208 1 -1 -1 0
106 1 210 210 1 -1 -1 0
107 1 212 212 1 -1 -1 0
108 1 214 214 1 -1 -1 0
109 1 216 218 2 -1 -1 0
110 1 218 220 2 -1 4 0
111 1 220 364 3 -1 2 0
114 1 222 222 1 -1 -1 0
115 1 224 224 1 -1 -1 0
116 1 226 226 1 -1 -1 0
117 1 228 228 1 -1 -1 0
118 1 230 230 1 -1 -1 0
119 1 232 232 1 -1 -1 0
120 1 234 234 1 -1 -1 0
121 1 236 236 1 -1 -1 0
122 1 238 238 1 -1 -1 0
123 1 240 242 2 -1 -1 0
124 1 242 252 4 -1 5 0
125 1 244 246 2 -1 -1 0
126 1 248 250 2 -1 -1 0
127 1 252 350 2 -1 0 0
131 1 254 254 1 -1 -1 0
132 1 256 256 1 -1 -1 0
133 1 258 258 1 -1 -1 0
134 1 260 260 1 -1 -1 0
135 1 262 262 1 -1 -1 0
136 1 264 264 1 -1 -1 0
137 1 266 266 1 -1 -1 0
138 1 268 268 1 -1 -1 0
139 1 270 270 1 -1 -1 0
140 1 272 274 2 -1 -1 0
141 1 274 314 4 -1 5 0
142 1 276 278 2 -1 -1 0
143 1 280 282 2 -1 -1 0
144 1 284 284 1 -1 -1 0
145 1 286 286 1 -1 -1 0
146 1 288 290 2 -1 -1 0
147 1 290 314 3 -1 4 0
148 1 292 294 2 -1 -1 0
149 1 296 296 1 -1 -1 0
150 1 298 298 1 -1 -1 0
151 1 300 300 1 -1 -1 0
152 1 302 302 1 -1 -1 0
153 1 304 304 1 -1 -1 0
154 1 306 306 1 -1 -1 0
155 1 308 308 1 -1 -1 0
156 1 310 312 2 -1 -1 0
157 1 312 314 2 -1 3 0
158 1 314 384 4 -1 2 0
161 1 316 316 1 -1 -1 0
162 1 318 318 1 -1 -1 0
163 1 320 320 1 -1 -1 0
164 1 322 322 1 -1 -1 0
165 1 324 324 1 -1 -1 0
166 1 326 326 1 -1 -1 0
167 1 328 328 1 -1 -1 0
168 1 330 330 1 -1 -1 0
169 1 332 332 1 -1 -1 0
170 1 334 336 2 -1 -1 0
171 1 336 346 4 -1 5 0
172 1 338 340 2 -1 -1 0
173 1 342 344 2 -1 -1 0
174 1 346 354 2 -1 0 0
177 1 356 358 2 -1 0 0
179 1 360 362 2 -1 0 0
181 1 364 366 2 -1 0 0
183 1 368 370 2 -1 0 0
184 1 372 372 1 -1 -1 0
185 1 374 374 1 -1 -1 0
186 1 376 378 2 -1 -1 0
187 1 378 384 3 -1 5 0
188 1 380 382 2 -1 -1 0
189 1 384 386 2 -1 0 0
201 1 350 352 2 -1 -1 0
11 6 6 0 0 0 7 6
0 4 8 10 14 16 22
0 2 4 7 9 10



0 1 0 4 2 -1 -1 1
2 1 0 2 2 -1 -1 0
4 1 4 6 2 -1 -1 0
7 2 10 13 16 16 2 9 -1 0
9 1 16 18 2 7 -1 0
10 1 18 20 2 -1 -1 0
3 1 2 1 0 0 2 2
0 2
0 1
0


0 1 0 0 1 -1 2 1
1 1 0 0 1 -1 5 1
4 3 3 1 0 0 3 3
0 2 6 8
0 1 2
2


0 1 0 0 1 -1 -1 1
1 1 0 2 1 -1 2 1
2 1 2 2 1 -1 0 0
15 7 9 2 0 0 9 9
0 8 12 16 18 20 22 24
0 1 2 3 13 14 5 6 8
8 12


0 1 0 12 2 -1 2 1
1 1 0 12 2 -1 1 1
2 1 0 12 3 -1 5 1
3 1 0 12 2 -1 5 1
5 1 4 6 2 -1 -1 0
6 1 8 10 2 -1 0 0
8 1 12 14 2 -1 0 0
13 1 0 2 2 -1 -1 0
14 1 2 4 2 -1 -1 0
79 1 31 1 0 0 31 31
0 92
0 1 3 6 7 77 10 78 12 13 15 16 22 24 25 31 33 34 40 42 43 49 51 52 58 60 61 67 69 70 76
0


0 1 0 0 1 -1 2 1
1 1 0 80 8 -1 -1 1
3 1 0 90 4 -1 0 0
6 1 2 4 2 -1 -1 0
7 1 4 18 2 -1 -1 0
10 1 8 84 9 -1 -1 0
12 1 14 86 9 -1 -1 0
13 1 16 18 2 -1 -1 0
15 1 20 22 2 -1 -1 0
16 1 22 28 2 -1 -1 0
22 1 26 28 2 -1 -1 0
24 1 30 32 2 -1 -1 0
25 1 32 38 2 -1 -1 0
31 1 36 38 2 -1 -1 0
33 1 40 42 2 -1 -1 0
34 1 42 48 2 -1 -1 0
40 1 46 48 2 -1 -1 0
42 1 50 52 2 -1 -1 0
43 1 52 58 2 -1 -1 0
49 1 56 58 2 -1 -1 0
51 1 60 62 2 -1 -1 0
52 1 62 68 2 -1 -1 0
58 1 66 68 2 -1 -1 0
60 1 70 72 2 -1 -1 0
61 1 72 78 2 -1 -1 0
67 1 76 78 2 -1 -1 0
69 1 80 82 2 -1 -1 0
70 1 82 88 2 -1 -1 0
76 1 86 88 2 -1 -1 0
77 1 6 8 2 -1 -1 0
78 1 12 14 2 -1 -1 0
17 1 17 0 0 0 17 17
0 42
0 1 2 3 4 5 6 7 8 9 10 11 12 13 14 15 16



0 1 0 16 5 -1 -1 1
1 1 0 40 6 -1 -1 1
2 1 0 2 2 -1 -1 0
3 1 2 22 2 -1 -1 0
4 1 4 6 2 -1 -1 0
5 1 6 26 2 -1 -1 0
6 1 8 10 2 -1 -1 0
7 1 10 30 2 -1 -1 0
8 1 12 14 2 -1 -1 0
9 1 14 34 2 -1 -1 0
10 1 16 18 2 -1 -1 0
11 1 18 38 2 -1 -1 0
12 1 20 22 2 -1 -1 0
13 1 24 26 2 -1 -1 0
14 1 28 30 2 -1 -1 0
15 1 32 34 2 -1 -1 0
16 1 36 38 2 -1 -1 0
117 16 108 9 0 0 141 108
0 16 30 34 46 56 72 82 92 106 126 140 156 170 194 208 270
0 1 2 3 5 6 7 8 9 10 11 12 13 14 15 16 17 18 19 21 24 113 115 28 29 30 31 32 33 34 35 36 37 38 39 40 41 42 43 44 45 46 47 48 49 50 51 52 53 54 55 56 57 58 59 60 61 62 63 64 65 66 67 68 69 70 71 72 73 74 75 76 77 78 79 80 81 82 83 84 85 86 87 88 89 90 91 92 93 94 95 96 97 98 99 100 101 102 103 104 105 106 107 108 109 110 111 112
6 46 48 50 78 116 146 184 264


0 7 0 15 29 33 45 91 105 125 139 155 169 193 207 264 4 -1 2 1
1 7 0 15 29 33 45 91 105 125 139 155 169 193 207 264 6 -1 2 1
2 7 0 15 29 33 45 91 105 125 139 155 169 193 207 264 1 -1 -1 1
3 1 0 268 20 -1 -1 1
5 1 0 0 1 -1 -1 0
6 1 2 4 2 -1 -1 0
7 1 4 6 2 -1 5 0
8 1 6 16 3 -1 0 0
9 1 8 10 2 -1 -1 0
10 2 10 15 29 30 3 -1 -1 0
11 1 12 14 2 -1 -1 0
12 1 16 18 2 -1 -1 0
13 1 18 26 2 -1 -1 0
14 1 20 22 2 -1 -1 0
15 1 24 26 2 -1 -1 0
16 1 30 32 2 -1 -1 0
17 1 34 42 2 -1 -1 0
18 1 36 38 2 -1 -1 0
19 1 40 42 2 -1 -1 0
21 5 46 91 105 125 139 155 169 193 207 264 4 -1 1 0
24 5 48 91 105 125 139 155 169 193 207 264 4 -1 5 0
28 1 56 56 1 -1 -1 0
29 1 58 60 2 -1 -1 0
30 2 60 71 82 82 4 37 -1 0
31 1 62 64 2 -1 -1 0
32 1 66 68 2 -1 -1 0
33 1 72 72 1 -1 -1 0
34 1 74 76 2 -1 -1 0
35 1 76 78 2 -1 1 0
36 1 78 82 2 37 0 0
37 2 82 92 105 106 4 30 -1 0
38 1 84 86 2 -1 -1 0
39 1 86 88 2 -1 -1 0
40 1 88 90 2 -1 -1 0
41 1 92 94 2 -1 -1 0
42 1 94 102 2 -1 -1 0
43 1 96 98 2 -1 -1 0
44 1 100 102 2 -1 -1 0
45 1 106 108 2 -1 -1 0
46 4 108 125 139 155 169 193 207 264 2 -1 4 0
47 1 110 110 1 -1 -1 0
48 1 112 114 2 -1 -1 0
49 1 114 116 2 -1 4 0
50 1 116 126 3 -1 0 0
51 1 118 120 2 -1 -1 0
52 1 120 122 2 -1 -1 0
53 1 122 124 2 -1 -1 0
54 1 126 128 2 -1 -1 0
55 1 128 136 2 -1 -1 0
56 1 130 132 2 -1 -1 0
57 1 134 136 2 -1 -1 0
58 1 140 140 1 -1 -1 0
59 1 142 144 2 -1 -1 0
60 1 144 146 2 -1 4 0
61 1 146 156 3 -1 0 0
62 1 148 150 2 -1 -1 0
63 1 150 152 2 -1 -1 0
64 1 152 154 2 -1 -1 0
65 1 156 158 2 -1 -1 0
66 1 158 166 2 -1 -1 0
67 1 160 162 2 -1 -1 0
68 1 164 166 2 -1 -1 0
69 1 170 172 2 -1 -1 0
70 1 172 184 2 -1 2 0
71 1 174 174 1 -1 -1 0
72 1 176 176 1 -1 -1 0
73 1 178 178 1 -1 -1 0
74 1 180 182 2 -1 -1 0
75 1 182 184 2 -1 5 0
76 2 184 194 207 208 4 -1 0 0
77 1 186 188 2 -1 -1 0
78 1 188 190 2 -1 -1 0
79 1 190 192 2 -1 -1 0
80 1 194 196 2 -1 -1 0
81 1 196 204 2 -1 -1 0
82 1 198 200 2 -1 -1 0
83 1 202 204 2 -1 -1 0
84 1 208 264 2 -1 5 0
85 1 210 210 1 -1 -1 0
86 1 212 212 1 -1 -1 0
87 1 214 214 1 -1 -1 0
88 1 216 216 1 -1 -1 0
89 1 218 218 1 -1 -1 0
90 1 220 220 1 -1 -1 0
91 1 222 222 1 -1 -1 0
92 1 224 224 1 -1 -1 0
93 1 226 226 1 -1 -1 0
94 1 228 228 1 -1 -1 0
95 1 230 230 1 -1 -1 0
96 1 232 232 1 -1 -1 0
97 1 234 234 1 -1 -1 0
98 1 236 236 1 -1 -1 0
99 1 238 238 1 -1 -1 0
100 1 240 240 1 -1 -1 0
101 1 242 242 1 -1 -1 0
102 1 244 244 1 -1 -1 0
103 1 246 246 1 -1 -1 0
104 1 248 248 1 -1 -1 0
105 1 250 250 1 -1 -1 0
106 1 252 252 1 -1 -1 0
107 1 254 254 1 -1 -1 0
108 1 256 256 1 -1 -1 0
109 1 258 258 1 -1 -1 0
110 1 260 262 2 -1 -1 0
111 1 262 264 2 -1 -1 0
112 1 264 266 2 -1 0 0
113 1 50 52 2 -1 0 0
115 1 52 54 2 -1 -1 0
21 7 14 1 0 0 18 14
0 4 6 22 28 30 32 34
0 1 2 3 4 19 20 7 8 10 11 12 14 15
24


0 2 0 3 5 24 2 -1 2 1
1 2 0 3 5 24 2 -1 1 1
2 2 0 3 5 22 4 -1 -1 1
3 2 0 3 5 24 2 -1 4 1
4 1 0 2 2 -1 -1 0
7 1 10 12 2 -1 -1 0
8 1 12 18 2 -1 -1 0
10 1 14 16 2 -1 -1 0
11 1 16 18 2 -1 -1 0
12 1 18 20 2 -1 -1 0
14 1 22 24 2 -1 5 0
15 1 24 26 2 -1 0 0
19 1 6 10 2 -1 -1 0
20 1 8 14 2 -1 -1 0
88 15 59 0 0 0 69 59
0 28 40 44 48 56 64 72 74 78 82 86 88 90 102 164
0 1 2 3 5 6 8 9 11 12 14 15 17 18 19 21 22 23 24 26 28 87 31 33 35 36 38 40 41 43 46 47 48 51 52 53 57 58 59 60 62 63 64 65 66 67 69 70 71 72 73 74 75 76 77 86 80 81 82



0 1 0 20 5 -1 -1 1
1 1 0 18 2 -1 -1 1
2 1 0 162 11 -1 -1 1
3 3 0 27 39 89 101 136 9 -1 -1 0
5 1 2 4 2 -1 -1 0
6 2 4 27 39 68 5 -1 -1 0
8 1 6 8 2 -1 -1 0
9 3 8 27 39 89 101 104 3 -1 -1 0
11 1 10 12 2 -1 -1 0
12 3 12 27 39 89 101 118 4 -1 -1 0
14 1 14 16 2 -1 -1 0
15 3 16 27 39 89 101 132 4 -1 -1 0
17 1 18 24 2 -1 -1 0
18 1 20 22 2 -1 -1 0
19 1 22 24 2 -1 -1 0
21 1 24 26 2 -1 -1 0
22 1 28 36 2 -1 -1 0
23 1 30 32 2 -1 -1 0
24 1 34 36 2 -1 -1 0
26 1 40 42 2 -1 -1 0
28 1 44 46 2 -1 -1 0
31 2 50 89 101 102 3 -1 -1 0
33 1 52 54 2 -1 -1 0
35 1 56 58 2 -1 -1 0
36 1 58 60 2 -1 -1 0
38 1 60 62 2 -1 -1 0
40 1 64 66 2 -1 -1 0
41 1 66 68 2 -1 -1 0
43 1 68 70 2 -1 -1 0
46 1 74 78 2 47 -1 0
47 1 78 82 2 46 -1 0
48 1 82 88 2 47 -1 0
51 1 90 98 2 -1 -1 0
52 1 92 94 2 -1 -1 0
53 1 96 98 2 -1 -1 0
57 1 104 106 2 -1 -1 0
58 1 106 108 2 -1 -1 0
59 1 108 110 2 -1 -1 0
60 1 110 148 2 -1 -1 0
62 1 112 114 2 -1 -1 0
63 1 114 116 2 -1 -1 0
64 1 118 120 2 -1 -1 0
65 1 120 122 2 -1 -1 0
66 1 122 124 2 -1 -1 0
67 1 124 152 2 -1 -1 0
69 1 126 128 2 -1 -1 0
70 1 128 130 2 -1 -1 0
71 1 132 134 2 -1 -1 0
72 1 134 136 2 -1 -1 0
73 1 136 138 2 -1 -1 0
74 1 138 156 2 -1 -1 0
75 1 140 140 1 -1 -1 0
76 1 142 142 1 -1 -1 0
77 1 144 144 1 -1 -1 0
80 1 150 152 2 -1 -1 0
81 1 154 156 2 -1 -1 0
82 1 158 160 2 -1 -1 0
86 1 146 148 2 -1 -1 0
87 1 48 50 2 -1 -1 0
73 17 40 0 0 0 44 40
0 8 10 16 28 40 46 48 62 66 70 76 78 96 100 104 106 110
0 1 2 3 4 6 7 9 10 12 13 16 18 19 21 22 24 29 67 42 61 34 35 36 37 39 68 44 70 57 59 47 48 49 50 51 52 54 71 8



0 2 0 7 9 10 2 -1 -1 1
1 2 0 7 9 32 2 -1 -1 1
2 1 0 2 2 -1 -1 0
3 1 2 4 2 -1 -1 0
4 1 4 6 2 -1 -1 0
6 1 10 12 2 -1 -1 0
7 1 12 28 3 -1 -1 0
8 1 106 108 2 -1 -1 0
9 1 16 18 2 -1 -1 0
10 1 18 103 6 -1 -1 0
12 1 20 22 2 -1 -1 0
13 1 22 24 2 -1 -1 0
16 1 24 26 2 -1 -1 0
18 1 28 30 2 -1 -1 0
19 1 30 103 6 -1 -1 0
21 1 32 34 2 -1 -1 0
22 1 34 103 6 -1 -1 0
24 1 36 38 2 -1 -1 0
29 1 40 70 5 -1 -1 0
34 1 50 52 4 -1 -1 0
35 1 52 58 4 -1 -1 0
36 1 54 56 4 -1 -1 0
37 1 56 58 4 -1 -1 0
39 1 58 60 4 -1 -1 0
42 2 48 48 62 69 6 61 -1 0
44 1 70 78 4 59 -1 0
47 1 80 82 4 -1 -1 0
48 1 82 84 4 -1 -1 0
49 1 84 92 4 -1 -1 0
50 1 86 88 4 -1 -1 0
51 1 88 90 4 -1 -1 0
52 1 90 92 4 -1 -1 0
54 1 92 94 4 -1 -1 0
57 2 78 78 96 103 6 59 -1 0
59 1 78 96 8 44 -1 0
61 1 48 62 8 42 -1 0
67 1 42 44 2 -1 -1 0
68 1 66 68 4 -1 -1 0
70 1 72 74 2 -1 -1 0
71 1 100 102 4 -1 -1 0
377 3 44 4 0 0 44 44
0 2 4 200
0 1 2 8 9 10 11 12 101 111 21 375 118 376 120 121 131 143 141 151 161 173 171 181 191 201 211 221 231 241 251 261 271 281 291 301 311 321 333 331 341 351 361 371
4 6 8 26


0 1 0 48 1 -1 -1 1
1 1 0 68 1 -1 -1 1
2 1 0 166 1 -1 -1 1
8 1 4 22 5 -1 2 0
9 1 6 6 1 -1 0 0
10 1 8 198 7 -1 2 0
11 1 10 12 2 -1 -1 0
12 1 14 16 2 -1 -1 0
21 1 26 26 1 -1 0 0
101 1 18 20 2 -1 -1 0
111 1 22 24 2 -1 -1 0
118 1 30 192 27 -1 -1 0
120 1 36 194 27 -1 -1 0
121 1 38 40 2 -1 -1 0
131 1 44 46 2 -1 -1 0
141 1 52 54 2 -1 -1 0
143 1 48 54 2 -1 -1 0
151 1 58 60 2 -1 -1 0
161 1 64 66 2 -1 -1 0
171 1 72 74 2 -1 -1 0
173 1 68 122 3 -1 -1 0
181 1 78 80 2 -1 -1 0
191 1 84 86 2 -1 -1 0
201 1 90 92 2 -1 -1 0
211 1 96 98 2 -1 -1 0
221 1 102 104 2 -1 -1 0
231 1 108 110 2 -1 -1 0
241 1 114 116 2 -1 -1 0
251 1 120 122 2 -1 -1 0
261 1 126 128 2 -1 -1 0
271 1 132 134 2 -1 -1 0
281 1 138 140 2 -1 -1 0
291 1 144 146 2 -1 -1 0
301 1 150 152 2 -1 -1 0
311 1 156 158 2 -1 -1 0
321 1 162 164 2 -1 -1 0
331 1 170 172 2 -1 -1 0
333 1 166 172 2 -1 -1 0
341 1 176 178 2 -1 -1 0
351 1 182 184 2 -1 -1 0
361 1 188 190 2 -1 -1 0
371 1 194 196 2 -1 -1 0
375 1 28 30 2 -1 -1 0
376 1 34 36 2 -1 -1 0
30 4 17 9 0 0 17 17
0 10 14 18 44
0 28 29 5 6 7 8 10 11 12 13 14 18 20 23 26 27
14 18 20 22 32 34 36 38 40


0 1 0 40 2 -1 5 1
5 1 4 30 6 -1 2 0
6 1 6 8 2 -1 -1 0
7 1 10 12 2 -1 -1 0
8 1 14 14 1 -1 0 0
10 1 18 26 3 -1 2 0
11 1 20 20 1 -1 0 0
12 1 22 42 9 -1 2 0
13 1 24 26 2 -1 -1 0
14 1 28 30 2 -1 -1 0
18 1 32 32 1 -1 0 0
20 1 34 34 1 -1 0 0
23 1 36 36 1 -1 0 0
26 1 38 38 1 -1 0 0
27 1 40 40 1 -1 0 0
28 1 0 2 2 -1 -1 0
29 1 2 38 3 -1 5 0
114 15 82 9 0 0 90 82
0 16 18 122 124 164 166 172 174 178 180 184 186 190 192 194
0 1 2 3 4 5 6 8 9 10 12 14 16 17 18 19 20 21 22 23 24 25 26 27 28 29 30 31 32 33 34 35 36 37 38 39 40 41 42 43 44 45 46 47 48 49 50 51 52 53 54 55 56 58 60 62 63 64 66 113 68 106 105 73 109 108 76 77 112 111 80 81 82 83 84 85 86 89 92 96 99 101
6 22 24 26 52 108 110 112 154


0 1 0 0 1 -1 -1 0
1 1 2 4 2 -1 -1 0
2 1 4 6 2 -1 2 0
3 2 6 15 17 18 3 -1 0 0
4 1 8 10 2 -1 -1 0
5 1 10 12 2 -1 -1 0
6 1 12 14 2 -1 -1 0
8 1 18 20 2 -1 -1 0
9 1 20 108 2 -1 1 0
10 1 22 110 3 -1 2 0
12 1 24 112 3 -1 2 0
14 1 26 26 1 -1 0 0
16 1 28 28 1 -1 -1 0
17 1 30 30 1 -1 -1 0
18 1 32 32 1 -1 -1 0
19 1 34 34 1 -1 -1 0
20 1 36 36 1 -1 -1 0
21 1 38 38 1 -1 -1 0
22 1 40 40 1 -1 -1 0
23 1 42 42 1 -1 -1 0
24 1 44 44 1 -1 -1 0
25 1 46 46 1 -1 -1 0
26 1 48 50 2 -1 -1 0
27 1 50 52 2 -1 2 0
28 1 52 108 2 -1 5 0
29 1 54 54 1 -1 -1 0
30 1 56 56 1 -1 -1 0
31 1 58 58 1 -1 -1 0
32 1 60 60 1 -1 -1 0
33 1 62 62 1 -1 -1 0
34 1 64 64 1 -1 -1 0
35 1 66 66 1 -1 -1 0
36 1 68 68 1 -1 -1 0
37 1 70 70 1 -1 -1 0
38 1 72 72 1 -1 -1 0
39 1 74 74 1 -1 -1 0
40 1 76 76 1 -1 -1 0
41 1 78 78 1 -1 -1 0
42 1 80 80 1 -1 -1 0
43 1 82 82 1 -1 -1 0
44 1 84 84 1 -1 -1 0
45 1 86 86 1 -1 -1 0
46 1 88 88 1 -1 -1 0
47 1 90 90 1 -1 -1 0
48 1 92 92 1 -1 -1 0
49 1 94 94 1 -1 -1 0
50 1 96 96 1 -1 -1 0
51 1 98 98 1 -1 -1 0
52 1 100 100 1 -1 -1 0
53 1 102 102 1 -1 -1 0
54 1 104 106 2 -1 -1 0
55 1 106 108 2 -1 4 0
56 2 108 121 123 124 3 -1 0 0
58 1 110 110 1 -1 0 0
60 1 112 112 1 -1 0 0
62 1 114 116 2 -1 -1 0
63 1 116 118 2 -1 -1 0
64 1 118 120 2 -1 -1 0
66 1 124 154 4 -1 2 0
68 1 128 134 3 -1 -1 0
73 1 134 136 2 -1 -1 0
76 1 140 142 2 -1 -1 0
77 1 142 144 2 -1 -1 0
80 1 148 148 1 -1 -1 0
81 1 150 152 2 -1 -1 0
82 1 152 154 2 -1 1 0
83 1 154 156 2 -1 0 0
84 1 156 158 2 -1 -1 0
85 1 158 160 2 -1 -1 0
86 1 160 162 2 -1 -1 0
89 4 166 171 173 177 179 183 185 186 2 -1 -1 0
92 1 168 170 2 -1 -1 0
96 1 174 176 2 -1 -1 0
99 1 180 182 2 -1 -1 0
101 1 186 188 2 -1 -1 0
105 1 132 168 2 -1 -1 0
106 1 130 132 2 -1 -1 0
108 2 138 171 173 174 2 -1 -1 0
109 1 136 138 2 -1 -1 0
111 3 146 171 173 177 179 180 2 -1 -1 0
112 1 144 146 2 -1 -1 0
113 1 126 128 2 -1 -1 0
1 1 1 0 0 0 1 1
0 4
0



0 1 0 2 2 -1 -1 0
3 1 3 0 0 0 3 3
0 6
0 1 2



0 1 0 0 1 -1 -1 1
1 1 0 2 2 -1 -1 0
2 1 2 4 2 -1 -1 0
13 3 7 2 0 0 7 7
0 2 4 26
0 6 7 8 9 11 12
4 6


0 1 0 24 3 -1 -1 1
6 1 4 10 2 -1 0 0
7 1 6 18 4 -1 0 0
8 1 8 10 2 -1 -1 0
9 1 12 14 2 -1 -1 0
11 1 16 18 2 -1 -1 0
12 1 20 22 2 -1 -1 0
11 1 9 0 0 0 9 9
0 20
0 1 2 3 6 7 8 9 10



0 1 0 0 1 -1 -1 1
1 1 0 16 1 -1 -1 1
2 1 0 2 2 -1 -1 0
3 1 2 10 3 -1 -1 0
6 1 4 6 2 -1 -1 0
7 1 6 8 2 -1 -1 0
8 1 10 12 2 -1 -1 0
9 1 12 14 2 -1 -1 0
10 1 14 16 2 -1 -1 0
173 43 108 1 0 0 129 108
0 20 52 56 60 68 74 82 90 96 98 112 116 120 126 128 146 150 154 158 162 164 172 180 188 196 202 204 218 222 226 232 234 252 256 260 262 266 270 272 278 300 302 304
0 1 2 3 4 7 8 9 10 12 14 15 39 40 171 43 45 46 47 48 61 62 70 71 128 134 133 136 170 137 169 138 139 140 141 142 143 144 145 146 147 148 149 155 150 151 152 153 154 156 157 158 159 167 160 161 162 163 164 165 166 168 129 130 56 114 41 52 53 58 59 65 67 68 73 78 121 91 111 83 84 85 86 88 122 93 124 106 108 96 97 98 99 100 101 103 125 16 19 172 21 23 24 25 26 27 29 30
296


0 1 0 0 1 -1 -1 1
1 1 0 296 2 -1 1 1
2 1 0 2 2 -1 -1 0
3 1 2 4 2 -1 -1 0
4 1 4 12 3 -1 -1 0
7 1 6 8 2 -1 -1 0
8 1 8 10 2 -1 -1 0
9 1 12 14 2 -1 -1 0
10 1 14 16 2 -1 -1 0
12 1 16 278 4 -1 -1 0
14 1 20 22 2 -1 -1 0
15 1 22 44 3 -1 -1 0
16 1 272 300 5 114 -1 0
19 1 274 276 2 -1 -1 0
21 1 280 288 3 -1 -1 0
23 1 282 284 2 -1 -1 0
24 1 284 286 2 -1 -1 0
25 1 288 290 2 -1 -1 0
26 1 290 294 2 -1 -1 0
27 1 292 294 2 -1 -1 0
29 1 294 296 2 -1 2 0
30 1 296 298 2 -1 0 0
39 1 24 26 2 -1 -1 0
40 3 26 161 163 259 261 269 7 -1 -1 0
41 1 168 170 4 -1 -1 0
43 1 30 36 3 -1 -1 0
45 1 32 34 2 -1 -1 0
46 3 34 59 163 259 261 269 4 -1 -1 0
47 1 36 38 2 -1 -1 0
48 1 38 48 2 -1 -1 0
52 1 174 176 4 -1 -1 0
53 1 176 188 6 -1 -1 0
56 2 166 166 262 269 4 114 -1 0
58 1 180 182 4 -1 -1 0
59 1 182 259 12 -1 -1 0
61 1 40 42 2 -1 -1 0
62 3 42 161 163 259 261 269 5 -1 -1 0
65 1 184 186 4 -1 -1 0
67 1 188 190 4 -1 -1 0
68 1 190 259 12 -1 -1 0
70 1 44 46 2 -1 -1 0
71 3 46 161 163 259 261 269 21 -1 -1 0
73 1 192 194 4 -1 -1 0
78 1 196 226 10 -1 -1 0
83 1 206 208 8 -1 -1 0
84 1 208 214 8 -1 -1 0
85 1 210 212 8 -1 -1 0
86 1 212 214 8 -1 -1 0
88 1 214 216 8 -1 -1 0
91 2 204 204 218 225 12 111 -1 0
93 1 226 234 8 108 -1 0
96 1 236 238 8 -1 -1 0
97 1 238 240 8 -1 -1 0
98 1 240 248 8 -1 -1 0
99 1 242 244 8 -1 -1 0
100 1 244 246 8 -1 -1 0
101 1 246 248 8 -1 -1 0
103 1 248 250 8 -1 -1 0
106 2 234 234 252 259 12 108 -1 0
108 1 234 252 16 93 -1 0
111 1 204 218 16 91 -1 0
114 2 166 262 272 272 10 56 -1 0
121 1 198 200 4 -1 -1 0
122 1 222 224 8 -1 -1 0
124 1 228 230 4 -1 -1 0
125 1 256 258 8 -1 -1 0
128 2 48 60 164 164 7 136 -1 0
129 2 164 259 261 266 6 128 -1 0
130 2 164 164 266 269 4 129 -1 0
133 1 56 58 2 -1 -1 0
134 1 52 54 2 -1 -1 0
136 1 60 158 6 128 -1 0
137 3 62 154 161 163 272 272 8 169 -1 0
138 1 64 66 4 -1 -1 0
139 1 68 70 4 -1 -1 0
140 1 70 82 6 -1 -1 0
141 1 74 76 4 -1 -1 0
142 1 76 153 12 -1 -1 0
143 1 78 80 4 -1 -1 0
144 1 82 84 4 -1 -1 0
145 1 84 153 12 -1 -1 0
146 1 86 88 4 -1 -1 0
147 1 90 120 10 -1 -1 0
148 1 92 94 4 -1 -1 0
149 1 98 112 16 155 -1 0
150 1 100 102 8 -1 -1 0
151 1 102 108 8 -1 -1 0
152 1 104 106 8 -1 -1 0
153 1 106 108 8 -1 -1 0
154 1 108 110 8 -1 -1 0
155 2 98 98 112 119 12 149 -1 0
156 1 116 118 8 -1 -1 0
157 1 120 128 8 159 -1 0
158 1 122 124 4 -1 -1 0
159 1 128 146 16 157 -1 0
160 1 130 132 8 -1 -1 0
161 1 132 134 8 -1 -1 0
162 1 134 142 8 -1 -1 0
163 1 136 138 8 -1 -1 0
164 1 138 140 8 -1 -1 0
165 1 140 142 8 -1 -1 0
166 1 142 144 8 -1 -1 0
167 2 128 128 146 153 12 159 -1 0
168 1 150 152 8 -1 -1 0
169 2 62 62 154 161 4 137 -1 0
170 2 60 60 158 161 4 136 -1 0
171 1 28 30 2 -1 -1 0
172 1 278 280 2 -1 -1 0
155 1 96 2 0 0 96 96
0 228
0 1 2 4 5 6 9 145 44 46 47 48 49 50 12 13 51 52 53 54 146 56 58 59 60 61 62 17 147 64 66 67 68 69 70 20 21 73 74 148 76 78 79 80 81 82 25 149 84 86 87 88 89 90 28 29 93 94 150 96 98 99 100 101 102 33 151 104 106 107 108 109 110 152 112 114 115 116 117 118 38 153 120 122 123 124 125 126 154 128 130 131 132 133 134 42
4 224


0 1 0 122 3 -1 -1 1
1 1 0 184 1 -1 -1 1
2 1 0 222 1 -1 -1 1
4 1 0 2 2 -1 -1 0
5 1 2 4 2 -1 1 0
6 1 4 224 12 -1 2 0
9 1 6 24 2 -1 -1 0
12 1 26 28 2 -1 -1 0
13 1 28 34 2 -1 -1 0
17 1 56 74 2 -1 -1 0
20 1 76 78 2 -1 -1 0
21 1 78 80 2 -1 -1 0
25 1 102 120 2 -1 -1 0
28 1 122 124 2 -1 -1 0
29 1 124 126 2 -1 -1 0
33 1 148 166 2 -1 -1 0
38 1 186 204 2 -1 -1 0
42 1 224 226 2 -1 0 0
44 1 10 18 3 -1 -1 0
46 1 12 14 2 -1 -1 0
47 1 14 16 2 -1 -1 0
48 1 18 20 2 -1 -1 0
49 1 20 22 2 -1 -1 0
50 1 22 24 2 -1 -1 0
51 1 30 32 2 -1 -1 0
52 1 32 126 4 -1 -1 0
53 1 34 36 2 -1 -1 0
54 1 36 54 2 -1 -1 0
56 1 40 48 3 -1 -1 0
58 1 42 44 2 -1 -1 0
59 1 44 46 2 -1 -1 0
60 1 48 50 2 -1 -1 0
61 1 50 52 2 -1 -1 0
62 1 52 54 2 -1 -1 0
64 1 60 68 3 -1 -1 0
66 1 62 64 2 -1 -1 0
67 1 64 66 2 -1 -1 0
68 1 68 70 2 -1 -1 0
69 1 70 72 2 -1 -1 0
70 1 72 74 2 -1 -1 0
73 1 80 82 2 -1 -1 0
74 1 82 100 2 -1 -1 0
76 1 86 94 3 -1 -1 0
78 1 88 90 2 -1 -1 0
79 1 90 92 2 -1 -1 0
80 1 94 96 2 -1 -1 0
81 1 96 98 2 -1 -1 0
82 1 98 100 2 -1 -1 0
84 1 106 114 3 -1 -1 0
86 1 108 110 2 -1 -1 0
87 1 110 112 2 -1 -1 0
88 1 114 116 2 -1 -1 0
89 1 116 118 2 -1 -1 0
90 1 118 120 2 -1 -1 0
93 1 126 128 2 -1 -1 0
94 1 128 146 2 -1 -1 0
96 1 132 140 3 -1 -1 0
98 1 134 136 2 -1 -1 0
99 1 136 138 2 -1 -1 0
100 1 140 142 2 -1 -1 0
101 1 142 144 2 -1 -1 0
102 1 144 146 2 -1 -1 0
104 1 152 160 3 -1 -1 0
106 1 154 156 2 -1 -1 0
107 1 156 158 2 -1 -1 0
108 1 160 162 2 -1 -1 0
109 1 162 164 2 -1 -1 0
110 1 164 166 2 -1 -1 0
112 1 170 178 3 -1 -1 0
114 1 172 174 2 -1 -1 0
115 1 174 176 2 -1 -1 0
116 1 178 180 2 -1 -1 0
117 1 180 182 2 -1 -1 0
118 1 182 184 2 -1 -1 0
120 1 190 198 3 -1 -1 0
122 1 192 194 2 -1 -1 0
123 1 194 196 2 -1 -1 0
124 1 198 200 2 -1 -1 0
125 1 200 202 2 -1 -1 0
126 1 202 204 2 -1 -1 0
128 1 208 216 3 -1 -1 0
130 1 210 212 2 -1 -1 0
131 1 212 214 2 -1 -1 0
132 1 216 218 2 -1 -1 0
133 1 218 220 2 -1 -1 0
134 1 220 222 2 -1 -1 0
145 1 8 10 2 -1 -1 0
146 1 38 40 2 -1 -1 0
147 1 58 60 2 -1 -1 0
148 1 84 86 2 -1 -1 0
149 1 104 106 2 -1 -1 0
150 1 130 132 2 -1 -1 0
151 1 150 152 2 -1 -1 0
152 1 168 170 2 -1 -1 0
153 1 188 190 2 -1 -1 0
154 1 206 208 2 -1 -1 0
63 4 46 8 0 0 47 46
0 18 20 100 104
0 1 41 43 44 4 5 6 7 60 40 57 12 13 14 15 16 17 19 20 46 47 48 21 22 23 50 51 52 24 25 26 27 28 29 30 31 32 33 34 35 36 37 53 54 62
12 32 42 44 54 56 66 92


0 1 0 99 3 -1 2 1
1 1 0 102 2 -1 -1 1
4 1 6 6 1 -1 -1 0
5 1 8 10 2 -1 -1 0
6 1 10 12 2 -1 1 0
7 1 12 100 4 -1 0 0
12 1 22 22 2 -1 -1 0
13 1 24 24 2 -1 -1 0
14 1 26 26 2 -1 -1 0
15 1 28 30 4 -1 -1 0
16 1 30 32 4 -1 5 0
17 1 32 58 8 -1 0 0
19 1 34 36 4 -1 -1 0
20 1 36 44 8 -1 2 0
21 1 44 80 4 -1 0 0
22 1 46 48 4 -1 -1 0
23 1 48 56 8 -1 2 0
24 1 56 84 4 -1 0 0
25 1 58 66 4 -1 2 0
26 1 60 60 2 -1 -1 0
27 1 62 64 4 -1 -1 0
28 1 64 66 4 -1 1 0
29 1 66 88 4 -1 0 0
30 1 68 68 2 -1 -1 0
31 1 70 70 2 -1 -1 0
32 1 72 72 2 -1 -1 0
33 1 74 76 4 -1 -1 0
34 1 76 92 10 -1 1 0
35 1 78 80 4 -1 -1 0
36 1 82 84 4 -1 -1 0
37 1 86 88 4 -1 -1 0
40 2 20 20 94 99 6 57 -1 0
41 1 0 2 2 -1 -1 0
43 1 2 4 2 -1 -1 0
44 1 4 99 5 -1 2 0
46 1 38 40 4 -1 -1 0
47 1 40 44 6 -1 5 0
48 1 42 42 2 -1 0 0
50 1 50 52 4 -1 -1 0
51 1 52 56 6 -1 5 0
52 1 54 54 2 -1 0 0
53 1 90 92 4 -1 2 0
54 1 92 92 2 -1 0 0
57 1 20 94 6 40 1 0
60 1 14 16 2 -1 -1 0
62 1 96 98 4 -1 -1 0
11 1 9 0 0 0 9 9
0 20
0 1 2 5 6 7 8 9 10



0 1 0 0 1 -1 -1 1
1 1 0 2 2 -1 -1 0
2 1 2 10 3 -1 -1 0
5 1 4 6 2 -1 -1 0
6 1 6 8 2 -1 -1 0
7 1 10 12 2 -1 -1 0
8 1 12 14 2 -1 -1 0
9 1 14 16 2 -1 -1 0
10 1 16 18 2 -1 -1 0
49 1 48 2 0 0 48 48
0 98
0 1 2 3 4 5 6 7 8 9 10 11 12 13 14 15 16 17 18 19 20 21 22 23 24 25 26 27 28 29 30 31 32 33 34 35 36 37 38 39 40 41 42 43 44 45 48 47
92 94


0 1 0 0 1 -1 -1 0
1 1 2 2 1 -1 -1 0
2 1 4 4 1 -1 -1 0
3 1 6 6 1 -1 -1 0
4 1 8 8 1 -1 -1 0
5 1 10 10 1 -1 -1 0
6 1 12 12 1 -1 -1 0
7 1 14 14 1 -1 -1 0
8 1 16 16 1 -1 -1 0
9 1 18 18 1 -1 -1 0
10 1 20 20 1 -1 -1 0
11 1 22 22 1 -1 -1 0
12 1 24 24 1 -1 -1 0
13 1 26 26 1 -1 -1 0
14 1 28 28 1 -1 -1 0
15 1 30 30 1 -1 -1 0
16 1 32 32 1 -1 -1 0
17 1 34 34 1 -1 -1 0
18 1 36 36 1 -1 -1 0
19 1 38 38 1 -1 -1 0
20 1 40 40 1 -1 -1 0
21 1 42 42 1 -1 -1 0
22 1 44 44 1 -1 -1 0
23 1 46 46 1 -1 -1 0
24 1 48 48 1 -1 -1 0
25 1 50 50 1 -1 -1 0
26 1 52 52 1 -1 -1 0
27 1 54 54 1 -1 -1 0
28 1 56 56 1 -1 -1 0
29 1 58 58 1 -1 -1 0
30 1 60 60 1 -1 -1 0
31 1 62 62 1 -1 -1 0
32 1 64 64 1 -1 -1 0
33 1 66 66 1 -1 -1 0
34 1 68 68 1 -1 -1 0
35 1 70 70 1 -1 -1 0
36 1 72 72 1 -1 -1 0
37 1 74 74 1 -1 -1 0
38 1 76 76 1 -1 -1 0
39 1 78 78 1 -1 -1 0
40 1 80 80 1 -1 -1 0
41 1 82 82 1 -1 -1 0
42 1 84 84 1 -1 -1 0
43 1 86 86 1 -1 -1 0
44 1 88 90 2 -1 -1 0
45 1 90 94 3 -1 2 0
47 1 94 94 1 -1 0 0
48 1 92 92 1 -1 0 0
11 1 9 0 0 0 9 9
0 20
0 1 2 5 6 7 8 9 10



0 1 0 0 1 -1 -1 1
1 1 0 2 2 -1 -1 0
2 1 2 10 3 -1 -1 0
5 1 4 6 2 -1 -1 0
6 1 6 8 2 -1 -1 0
7 1 10 12 2 -1 -1 0
8 1 12 14 2 -1 -1 0
9 1 14 16 2 -1 -1 0
10 1 16 18 2 -1 -1 0
138 8 54 1 0 0 69 54
0 4 6 8 36 74 80 134 140
0 1 2 3 108 49 101 130 7 131 10 132 12 13 14 15 16 17 27 28 29 119 51 120 67 121 69 133 71 55 134 32 33 135 35 37 38 39 40 42 43 44 45 125 73 126 89 127 91 136 93 77 137 113
76


0 4 0 3 5 48 73 108 133 139 5 -1 -1 1
1 4 0 3 5 42 73 102 133 139 4 -1 1 1
2 4 0 3 5 46 73 106 133 139 2 -1 -1 1
3 2 0 3 5 8 3 101 -1 1
7 1 12 20 6 -1 -1 0
10 1 16 18 4 -1 -1 0
12 1 22 26 4 -1 -1 0
13 2 24 35 73 94 5 -1 -1 0
14 2 26 44 73 74 9 -1 -1 0
15 1 28 30 4 -1 -1 0
16 1 30 32 4 -1 -1 0
17 1 32 34 4 -1 -1 0
27 1 36 38 2 -1 -1 0
28 1 40 42 2 -1 -1 0
29 1 44 46 2 -1 -1 0
32 1 74 76 4 -1 2 0
33 1 76 78 4 -1 0 0
35 1 82 90 3 -1 -1 0
37 1 84 86 2 -1 -1 0
38 1 86 88 2 -1 -1 0
39 1 90 92 2 -1 -1 0
40 1 92 94 2 -1 -1 0
42 1 94 104 4 -1 -1 0
43 1 96 98 2 -1 -1 0
44 1 100 102 2 -1 -1 0
45 1 104 106 2 -1 -1 0
49 2 8 8 134 139 6 101 -1 0
51 1 50 58 3 -1 -1 0
55 1 66 70 2 -1 -1 0
67 1 54 56 2 -1 -1 0
69 1 60 68 3 -1 -1 0
71 1 64 66 2 -1 -1 0
73 1 110 118 3 -1 -1 0
77 1 126 130 2 -1 -1 0
89 1 114 116 2 -1 -1 0
91 1 120 128 3 -1 -1 0
93 1 124 126 2 -1 -1 0
101 3 8 35 73 88 133 134 9 49 -1 0
108 1 0 2 2 -1 -1 0
113 1 136 138 4 -1 -1 0
119 1 48 50 2 -1 -1 0
120 1 52 54 2 -1 -1 0
121 1 58 60 2 -1 -1 0
125 1 108 110 2 -1 -1 0
126 1 112 114 2 -1 -1 0
127 1 118 120 2 -1 -1 0
130 1 10 12 4 -1 -1 0
131 1 14 16 4 -1 -1 0
132 1 20 22 4 -1 -1 0
133 1 62 64 2 -1 -1 0
134 1 68 70 2 -1 -1 0
135 1 80 82 2 -1 -1 0
136 1 122 124 2 -1 -1 0
137 1 128 130 2 -1 -1 0
4 1 3 2 0 0 3 3
0 4
0 1 2
0 2


0 1 0 2 2 -1 2 1
1 1 0 2 1 -1 1 1
2 1 0 0 1 -1 0 0
147 7 52 1 0 0 52 52
0 42 52 54 96 106 108 128
0 1 115 34 135 38 136 40 42 118 47 137 51 138 53 44 45 139 55 4 67 68 140 125 70 141 74 142 76 78 128 83 143 87 144 89 80 81 145 91 19 103 104 146 105 106 109 110 111 112 113 114
126


0 1 0 126 4 -1 2 1
1 1 0 54 2 -1 -1 1
4 1 38 40 2 -1 -1 0
19 1 92 94 2 -1 -1 0
34 1 2 10 3 -1 -1 0
38 1 6 8 2 -1 -1 0
40 1 12 14 2 -1 -1 0
42 1 14 42 3 -1 -1 0
44 1 30 32 2 -1 -1 0
45 1 32 38 2 -1 -1 0
47 1 18 26 3 -1 -1 0
51 1 22 24 2 -1 -1 0
53 1 28 46 3 -1 -1 0
55 1 36 38 2 -1 -1 0
67 1 42 44 2 -1 -1 0
68 1 44 48 2 -1 -1 0
70 1 56 64 3 -1 -1 0
74 1 60 62 2 -1 -1 0
76 1 66 68 2 -1 -1 0
78 1 68 96 3 -1 -1 0
80 1 84 86 2 -1 -1 0
81 1 86 92 2 -1 -1 0
83 1 72 80 3 -1 -1 0
87 1 76 78 2 -1 -1 0
89 1 82 100 3 -1 -1 0
91 1 90 92 2 -1 -1 0
103 1 96 98 2 -1 -1 0
104 1 98 102 2 -1 -1 0
105 1 108 110 2 -1 -1 0
106 1 110 118 3 -1 -1 0
109 1 112 114 2 -1 -1 0
110 1 114 116 2 -1 -1 0
111 1 118 120 2 -1 -1 0
112 1 120 122 2 -1 -1 0
113 1 122 124 2 -1 -1 0
114 1 124 126 2 -1 1 0
115 1 0 2 2 -1 -1 0
118 1 16 18 2 -1 -1 0
125 1 54 56 2 -1 -1 0
128 1 70 72 2 -1 -1 0
135 1 4 6 2 -1 -1 0
136 1 10 12 2 -1 -1 0
137 1 20 22 2 -1 -1 0
138 1 26 28 2 -1 -1 0
139 1 34 36 2 -1 -1 0
140 1 46 48 2 -1 -1 0
141 1 58 60 2 -1 -1 0
142 1 64 66 2 -1 -1 0
143 1 74 76 2 -1 -1 0
144 1 80 82 2 -1 -1 0
145 1 88 90 2 -1 -1 0
146 1 100 102 2 -1 -1 0
23 1 17 1 0 0 17 17
0 44
0 1 2 3 6 7 8 9 11 12 13 17 18 19 20 21 22
36


0 1 0 38 3 -1 -1 1
1 1 0 16 1 -1 -1 1
2 1 0 2 2 -1 -1 0
3 1 2 10 3 -1 -1 0
6 1 4 6 2 -1 -1 0
7 1 6 8 2 -1 -1 0
8 1 10 12 2 -1 -1 0
9 1 12 14 2 -1 -1 0
11 1 14 16 2 -1 -1 0
12 1 18 20 2 -1 -1 0
13 1 20 28 3 -1 -1 0
17 1 22 24 2 -1 -1 0
18 1 24 26 2 -1 -1 0
19 1 28 30 2 -1 -1 0
20 1 30 32 2 -1 -1 0
21 1 32 34 2 -1 -1 0
22 1 36 40 3 -1 0 0
11 1 9 0 0 0 9 9
0 20
0 1 2 5 6 7 8 9 10



0 1 0 0 1 -1 -1 1
1 1 0 2 2 -1 -1 0
2 1 2 10 3 -1 -1 0
5 1 4 6 2 -1 -1 0
6 1 6 8 2 -1 -1 0
7 1 10 12 2 -1 -1 0
8 1 12 14 2 -1 -1 0
9 1 14 16 2 -1 -1 0
10 1 16 18 2 -1 -1 0
0 1 0 0 0 0 0 0
0 2




13 1 9 1 0 0 9 9
0 22
0 2 3 4 8 9 10 11 12
0


0 1 0 2 2 -1 2 1
2 1 0 0 1 -1 0 0
3 1 2 4 2 -1 -1 0
4 1 4 12 3 -1 -1 0
8 1 6 8 2 -1 -1 0
9 1 8 10 2 -1 -1 0
10 1 12 14 2 -1 -1 0
11 1 14 16 2 -1 -1 0
12 1 16 18 2 -1 -1 0
9 1 8 3 0 0 8 8
0 6
0 1 2 3 4 5 6 8
0 2 4


0 1 0 4 3 -1 2 1
1 1 0 2 1 -1 1 1
2 1 0 2 1 -1 5 1
3 1 0 2 1 -1 4 1
4 1 0 2 1 -1 8 1
5 1 0 2 1 -1 3 1
6 1 0 0 1 -1 0 0
8 1 2 2 1 -1 0 0
10 1 9 1 0 0 9 9
0 16
0 1 2 3 4 5 7 8 9
0


0 1 0 0 1 -1 2 1
1 1 0 4 1 -1 -1 1
2 1 0 8 1 -1 -1 1
3 1 0 12 1 -1 -1 1
4 1 0 14 4 -1 -1 1
5 1 0 0 1 -1 0 0
7 1 2 4 2 -1 -1 0
8 1 6 8 2 -1 -1 0
9 1 10 12 2 -1 -1 0
36 7 13 1 0 0 14 13
0 10 14 20 24 26 30 34
0 1 2 23 24 25 26 21 30 11 12 18 35
20


0 1 0 29 3 -1 2 1
1 1 0 29 3 -1 1 1
2 1 0 10 2 30 -1 1
11 1 14 16 4 -1 -1 0
12 1 16 18 4 -1 -1 0
18 1 20 22 4 -1 0 0
21 2 10 10 26 29 4 30 -1 0
23 1 0 2 2 -1 -1 0
24 1 2 29 3 -1 -1 0
25 1 4 6 2 -1 -1 0
26 1 6 29 3 -1 -1 0
30 1 10 26 8 21 5 0
35 1 30 32 2 -1 -1 0
10 5 5 2 0 0 6 5
0 6 8 14 16 18
0 1 3 5 7
2 10


0 2 0 5 7 10 2 -1 2 1
1 1 0 2 2 -1 1 0
3 1 2 4 2 -1 0 0
5 1 8 10 2 -1 1 0
7 1 10 12 2 -1 0 0
13 3 8 3 0 0 10 8
0 8 10 18
0 1 8 9 4 12 11 6
10 14 16


0 2 0 7 9 16 1 -1 2 1
1 2 0 7 9 10 2 -1 2 1
4 1 4 6 2 -1 -1 0
6 1 14 16 2 -1 1 0
8 1 0 2 2 -1 -1 0
9 1 2 4 2 -1 -1 0
11 1 12 14 2 -1 1 0
12 1 10 14 2 -1 2 0
50 16 42 11 0 0 53 42
0 6 8 16 20 46 52 56 72 78 80 84 88 92 94 98 112
0 1 2 3 39 4 5 6 7 8 46 47 44 48 45 11 12 13 14 15 16 17 18 19 20 21 22 23 24 25 26 27 28 29 30 31 32 33 34 49 37 38
2 6 8 12 16 26 28 36 52 62 100


0 1 0 8 2 -1 2 1
1 3 0 45 51 55 84 84 9 31 2 1
2 2 0 5 7 36 1 -1 1 1
3 1 0 110 4 -1 5 1
4 1 2 4 2 -1 0 0
5 1 8 12 3 6 2 0
6 5 10 45 51 71 77 80 91 94 98 98 4 5 -1 0
7 1 12 14 2 -1 0 0
8 1 16 18 2 -1 0 0
11 1 30 30 1 -1 -1 0
12 1 32 34 2 -1 -1 0
13 1 34 36 2 -1 5 0
14 1 36 46 3 -1 0 0
15 1 38 40 2 -1 -1 0
16 1 40 42 2 -1 -1 0
17 1 42 44 2 -1 -1 0
18 1 46 48 2 -1 -1 0
19 2 48 51 88 88 2 32 -1 0
20 1 52 54 2 -1 0 0
21 1 56 56 1 -1 -1 0
22 1 58 60 2 -1 -1 0
23 1 60 62 2 -1 1 0
24 1 62 72 3 -1 0 0
25 1 64 66 2 -1 -1 0
26 1 66 68 2 -1 -1 0
27 1 68 70 2 -1 -1 0
28 1 72 74 2 -1 -1 0
29 2 74 77 80 80 2 30 -1 0
30 1 80 84 2 6 -1 0
31 1 84 88 2 1 -1 0
32 2 88 91 94 94 2 31 -1 0
33 1 94 98 2 32 -1 0
34 1 98 100 2 6 2 0
37 1 102 104 2 -1 -1 0
38 1 106 108 2 -1 -1 0
39 1 0 2 2 -1 1 0
44 1 24 28 3 -1 5 0
45 2 28 45 51 62 3 -1 2 0
46 1 20 22 2 -1 -1 0
47 1 22 24 2 -1 -1 0
48 1 26 26 1 -1 0 0
49 1 100 108 2 -1 0 0
67 6 50 7 0 0 53 50
0 2 26 30 46 52 120
0 1 2 21 22 25 26 27 28 31 29 30 32 36 4 5 6 7 8 9 10 11 12 13 14 16 17 66 39 40 43 44 45 46 47 48 49 51 52 53 54 55 56 57 59 60 61 62 63 20
26 36 52 54 56 58 116


0 2 0 45 51 98 6 -1 2 1
1 2 0 45 51 96 3 -1 1 1
2 2 0 45 51 58 1 -1 2 1
4 1 30 30 1 -1 -1 0
5 1 32 34 2 -1 -1 0
6 1 34 36 2 -1 5 0
7 1 36 46 3 -1 0 0
8 1 38 40 2 -1 -1 0
9 1 40 42 2 -1 -1 0
10 1 42 44 2 -1 -1 0
11 1 46 48 2 -1 -1 0
12 1 48 50 2 -1 -1 0
13 1 52 116 2 -1 2 0
14 1 54 56 2 -1 2 0
16 1 56 56 1 -1 0 0
17 1 58 118 3 -1 0 0
20 1 116 116 1 -1 0 0
21 1 2 4 2 -1 -1 0
22 1 4 12 3 -1 -1 0
25 1 6 8 2 -1 -1 0
26 1 8 10 2 -1 -1 0
27 1 12 14 2 -1 -1 0
28 1 14 18 2 -1 -1 0
29 1 18 20 2 -1 -1 0
30 1 20 22 2 -1 -1 0
31 1 16 22 2 -1 -1 0
32 1 22 24 2 -1 -1 0
36 1 26 26 1 -1 0 0
39 1 62 64 2 -1 -1 0
40 1 64 72 3 -1 -1 0
43 1 66 68 2 -1 -1 0
44 1 68 70 2 -1 -1 0
45 1 72 74 2 -1 -1 0
46 1 74 76 2 -1 -1 0
47 1 76 78 2 -1 -1 0
48 1 80 82 2 -1 -1 0
49 1 82 90 3 -1 -1 0
51 1 84 86 2 -1 -1 0
52 1 86 88 2 -1 -1 0
53 1 90 92 2 -1 -1 0
54 1 92 94 2 -1 -1 0
55 1 94 96 2 -1 -1 0
56 1 98 100 2 -1 -1 0
57 1 100 108 3 -1 -1 0
59 1 102 104 2 -1 -1 0
60 1 104 106 2 -1 -1 0
61 1 108 110 2 -1 -1 0
62 1 110 112 2 -1 -1 0
63 1 112 114 2 -1 -1 0
66 1 60 112 7 -1 -1 0
11 3 9 2 0 0 10 9
0 6 12 20
0 1 2 3 4 5 9 10 8
8 16


0 1 0 6 2 -1 -1 1
1 2 0 5 11 16 2 -1 2 1
2 1 0 2 2 -1 -1 0
3 1 2 4 2 -1 -1 0
4 1 6 8 2 -1 2 0
5 1 8 10 2 -1 0 0
8 1 16 18 2 -1 0 0
9 1 12 14 2 -1 -1 0
10 1 14 16 2 -1 5 0
186 28 103 10 0 0 150 103
0 2 30 38 42 90 110 112 124 132 136 152 156 162 164 168 180 188 190 202 210 214 230 234 240 242 246 258 266
0 1 2 3 4 5 6 7 8 56 67 176 58 69 175 181 74 72 12 13 14 15 16 17 18 19 20 21 22 24 25 26 27 28 29 30 31 32 33 34 35 36 37 38 39 40 41 42 43 44 75 76 77 78 79 46 47 182 102 82 103 104 156 157 154 155 87 89 107 108 109 110 111 113 99 184 52 53 54 114 183 137 117 138 139 152 153 150 151 122 124 142 143 144 145 146 148 134 185 63 64 65 149
10 20 34 84 96 98 180 182 258 260


0 4 0 37 109 167 179 245 257 265 2 -1 2 1
1 4 0 37 109 167 179 245 257 265 2 -1 1 1
2 5 0 41 89 98 109 167 179 245 257 265 1 -1 1 1
3 1 0 2 2 176 -1 1
4 4 0 58 109 167 179 245 257 265 1 -1 -1 1
5 2 0 1 4 4 2 175 -1 1
6 4 0 84 109 167 179 245 257 265 1 -1 4 1
7 4 0 37 109 167 179 245 257 265 2 -1 8 1
8 1 0 265 11 -1 -1 1
12 1 12 20 4 -1 4 0
13 1 14 14 2 -1 -1 0
14 1 16 18 4 -1 -1 0
15 1 18 20 4 -1 3 0
16 1 20 30 6 -1 0 0
17 1 22 24 4 -1 -1 0
18 1 24 26 4 -1 -1 0
19 1 26 28 4 -1 -1 0
20 1 30 32 4 -1 -1 0
21 1 32 84 5 -1 2 0
22 1 34 36 4 -1 0 0
24 1 38 40 2 -1 -1 0
25 1 42 42 1 -1 -1 0
26 1 44 44 1 -1 -1 0
27 1 46 46 1 -1 -1 0
28 1 48 50 2 -1 -1 0
29 1 50 84 4 -1 1 0
30 1 52 54 2 -1 -1 0
31 1 56 58 2 -1 -1 0
32 1 60 60 1 -1 -1 0
33 1 62 62 1 -1 -1 0
34 1 64 64 1 -1 -1 0
35 1 66 66 1 -1 -1 0
36 1 68 68 1 -1 -1 0
37 1 70 70 1 -1 -1 0
38 1 72 72 1 -1 -1 0
39 1 74 74 1 -1 -1 0
40 1 76 76 1 -1 -1 0
41 1 78 78 1 -1 -1 0
42 1 80 82 2 -1 -1 0
43 1 82 84 2 -1 8 0
44 1 84 86 2 -1 0 0
46 1 100 102 2 -1 -1 0
47 1 104 106 2 -1 -1 0
52 1 168 176 2 -1 -1 0
53 1 170 172 2 -1 -1 0
54 1 174 176 2 -1 -1 0
56 2 2 2 182 187 4 176 0 0
58 2 4 4 184 187 4 175 -1 0
63 1 246 254 2 -1 -1 0
64 1 248 250 2 -1 -1 0
65 1 252 254 2 -1 -1 0
67 2 2 2 260 265 4 176 0 0
69 2 4 4 262 265 4 175 -1 0
72 1 10 12 4 -1 0 0
74 1 8 10 4 -1 5 0
75 1 90 98 2 -1 2 0
76 1 92 96 2 -1 2 0
77 1 94 96 2 -1 5 0
78 1 96 98 2 -1 5 0
79 1 98 106 2 -1 0 0
82 1 116 124 6 157 -1 0
87 1 128 130 8 -1 -1 0
89 1 132 134 8 -1 -1 0
99 1 152 156 8 156 -1 0
102 1 114 161 8 -1 -1 0
103 1 118 120 4 -1 -1 0
104 1 120 161 6 -1 -1 0
107 1 136 140 8 -1 -1 0
108 1 138 140 8 -1 -1 0
109 1 142 144 8 -1 -1 0
110 1 144 146 8 -1 -1 0
111 1 146 148 8 -1 -1 0
113 1 148 150 8 -1 -1 0
114 1 180 180 2 -1 0 0
117 1 194 202 6 153 -1 0
122 1 206 208 8 -1 -1 0
124 1 210 212 8 -1 -1 0
134 1 230 234 8 152 -1 0
137 1 192 239 8 -1 -1 0
138 1 196 198 4 -1 -1 0
139 1 198 239 6 -1 -1 0
142 1 214 218 8 -1 -1 0
143 1 216 218 8 -1 -1 0
144 1 220 222 8 -1 -1 0
145 1 222 224 8 -1 -1 0
146 1 224 226 8 -1 -1 0
148 1 226 228 8 -1 -1 0
149 1 258 258 2 -1 0 0
150 2 204 204 236 239 8 151 -1 0
151 4 204 233 236 236 239 245 257 260 18 150 5 0
152 2 202 202 234 239 8 153 -1 0
153 3 202 230 234 234 236 236 28 152 -1 0
154 2 126 126 158 161 8 155 -1 0
155 4 126 155 158 158 161 167 179 182 18 154 5 0
156 2 124 124 156 161 8 157 -1 0
157 3 124 152 156 156 158 158 28 156 -1 0
175 5 4 38 109 167 179 184 187 245 257 262 7 69 -1 0
176 6 2 84 89 96 109 167 179 182 187 245 257 260 26 67 2 0
181 1 6 8 4 -1 -1 0
182 1 112 114 4 -1 -1 0
183 1 190 192 4 -1 -1 0
184 1 164 166 4 -1 -1 0
185 1 242 244 4 -1 -1 0
33 1 32 3 0 0 32 32
0 72
0 1 2 3 4 5 6 7 8 9 10 11 12 13 14 15 16 17 18 19 30 31 32 21 22 23 24 25 26 27 28 29
38 66 68


0 1 0 66 1 -1 2 1
1 1 0 68 1 -1 2 1
2 1 0 38 1 -1 2 1
3 1 0 70 2 -1 4 1
4 1 0 0 1 -1 -1 0
5 1 2 2 1 -1 -1 0
6 1 4 6 2 -1 -1 0
7 1 6 28 3 -1 -1 0
8 1 8 10 2 -1 -1 0
9 1 12 12 1 -1 -1 0
10 1 14 14 1 -1 -1 0
11 1 16 16 1 -1 -1 0
12 1 18 20 2 -1 -1 0
13 1 20 68 4 -1 1 0
14 1 22 24 2 -1 -1 0
15 1 26 28 2 -1 -1 0
16 1 30 30 1 -1 -1 0
17 1 32 32 1 -1 -1 0
18 1 34 36 2 -1 -1 0
19 1 36 64 4 -1 -1 0
21 1 48 48 1 -1 -1 0
22 1 50 50 1 -1 -1 0
23 1 52 52 1 -1 -1 0
24 1 54 56 2 -1 -1 0
25 1 56 66 4 -1 1 0
26 1 58 60 2 -1 -1 0
27 1 62 64 2 -1 -1 0
28 1 66 68 2 -1 5 0
29 1 68 68 1 -1 0 0
30 1 38 46 2 -1 0 0
31 1 40 42 2 -1 -1 0
32 1 44 46 2 -1 -1 0
29 1 27 3 0 0 27 27
0 48
0 1 2 3 4 5 6 7 8 9 11 12 13 14 15 16 17 18 19 20 21 22 23 24 25 26 28
8 40 42


0 1 0 40 1 -1 2 1
1 1 0 40 1 -1 1 1
2 1 0 40 1 -1 5 1
3 1 0 40 1 -1 4 1
4 1 0 46 2 -1 -1 1
5 1 0 0 1 -1 -1 0
6 1 2 2 1 -1 -1 0
7 1 4 6 2 -1 -1 0
8 1 6 8 2 -1 2 0
9 1 8 42 3 -1 8 0
11 1 10 10 1 -1 -1 0
12 1 12 12 1 -1 -1 0
13 1 14 14 1 -1 -1 0
14 1 16 16 1 -1 -1 0
15 1 18 18 1 -1 -1 0
16 1 20 20 1 -1 -1 0
17 1 22 22 1 -1 -1 0
18 1 24 24 1 -1 -1 0
19 1 26 26 1 -1 -1 0
20 1 28 28 1 -1 -1 0
21 1 30 30 1 -1 -1 0
22 1 32 32 1 -1 -1 0
23 1 34 34 1 -1 -1 0
24 1 36 38 2 -1 -1 0
25 1 38 40 2 -1 3 0
26 1 40 44 2 -1 0 0
28 1 42 42 1 -1 0 0
14 1 14 1 0 0 14 14
0 28
0 1 2 3 4 5 6 7 8 9 10 11 12 13
22


0 1 0 22 1 -1 2 1
1 1 0 22 1 -1 5 1
2 1 0 26 2 -1 -1 1
3 1 0 0 1 -1 -1 0
4 1 2 2 1 -1 -1 0
5 1 4 6 2 -1 -1 0
6 1 6 22 3 -1 1 0
7 1 8 10 2 -1 -1 0
8 1 12 12 1 -1 -1 0
9 1 14 14 1 -1 -1 0
10 1 16 16 1 -1 -1 0
11 1 18 20 2 -1 -1 0
12 1 20 22 2 -1 4 0
13 1 22 24 2 -1 0 0
26 1 26 1 0 0 26 26
0 44
0 1 2 3 4 5 6 7 8 9 10 11 12 13 14 15 16 17 18 19 20 21 22 23 24 25
38


0 1 0 38 1 -1 2 1
1 1 0 38 1 -1 1 1
2 1 0 38 1 -1 5 1
3 1 0 38 1 -1 4 1
4 1 0 38 1 -1 3 1
5 1 0 42 2 -1 -1 1
6 1 0 38 2 -1 8 0
7 1 2 2 1 -1 -1 0
8 1 4 4 1 -1 -1 0
9 1 6 6 1 -1 -1 0
10 1 8 8 1 -1 -1 0
11 1 10 10 1 -1 -1 0
12 1 12 12 1 -1 -1 0
13 1 14 14 1 -1 -1 0
14 1 16 16 1 -1 -1 0
15 1 18 18 1 -1 -1 0
16 1 20 20 1 -1 -1 0
17 1 22 22 1 -1 -1 0
18 1 24 24 1 -1 -1 0
19 1 26 26 1 -1 -1 0
20 1 28 28 1 -1 -1 0
21 1 30 30 1 -1 -1 0
22 1 32 32 1 -1 -1 0
23 1 34 36 2 -1 -1 0
24 1 36 38 2 -1 -1 0
25 1 38 40 2 -1 0 0
3 1 2 1 0 0 2 2
0 2
0 2
0


0 1 0 0 1 -1 2 1
2 1 0 0 1 -1 1 1
24 4 11 5 0 0 12 11
0 8 20 26 28
0 20 21 4 6 22 8 9 10 23 19
10 12 16 20 22


0 2 0 22 25 26 6 -1 2 1
4 1 4 6 2 -1 -1 0
6 1 8 22 5 -1 1 0
8 1 12 16 2 -1 2 0
9 1 14 16 2 -1 1 0
10 1 16 18 2 -1 0 0
19 1 22 24 2 -1 0 0
20 1 0 2 2 -1 -1 0
21 1 2 8 3 -1 -1 0
22 1 10 10 1 -1 0 0
23 1 20 20 1 -1 0 0
39 5 37 2 0 0 40 37
0 48 50 60 74 80
0 1 2 3 4 5 6 7 8 9 10 11 12 13 14 15 16 17 18 19 20 21 22 23 24 25 28 29 30 31 32 35 36 37 38 26 34
38 76


0 1 0 38 1 -1 2 1
1 2 0 59 73 76 2 -1 1 1
2 1 0 0 1 -1 -1 0
3 1 2 2 1 -1 -1 0
4 1 4 4 1 -1 -1 0
5 1 6 6 1 -1 -1 0
6 1 8 8 1 -1 -1 0
7 1 10 10 1 -1 -1 0
8 1 12 12 1 -1 -1 0
9 1 14 14 1 -1 -1 0
10 1 16 16 1 -1 -1 0
11 1 18 18 1 -1 -1 0
12 1 20 20 1 -1 -1 0
13 1 22 22 1 -1 -1 0
14 1 24 24 1 -1 -1 0
15 1 26 26 1 -1 -1 0
16 1 28 28 1 -1 -1 0
17 1 30 30 1 -1 -1 0
18 1 32 32 1 -1 -1 0
19 1 34 36 2 -1 -1 0
20 1 36 38 2 -1 1 0
21 3 38 47 49 59 73 74 4 -1 0 0
22 1 40 42 2 -1 -1 0
23 1 42 44 2 -1 -1 0
24 1 44 46 2 -1 -1 0
25 1 50 60 3 -1 -1 0
26 1 74 76 2 -1 2 0
28 1 52 54 2 -1 -1 0
29 1 54 56 2 -1 -1 0
30 1 56 58 2 -1 -1 0
31 1 60 62 2 -1 -1 0
32 1 62 68 2 -1 -1 0
34 1 76 78 2 -1 0 0
35 1 64 66 2 -1 -1 0
36 1 66 68 2 -1 -1 0
37 1 68 70 2 -1 -1 0
38 1 70 72 2 -1 -1 0
75 3 74 11 0 0 76 74
0 36 42 156
0 1 3 4 5 6 7 8 9 10 11 12 13 14 15 16 17 18 19 20 21 22 23 24 25 26 27 28 29 30 31 32 33 34 35 36 37 38 39 40 41 42 43 44 45 46 47 48 49 50 51 52 53 54 55 56 57 58 59 60 61 62 63 64 65 66 67 68 69 70 71 72 73 74
0 10 26 78 82 86 90 94 98 140 142


0 2 0 35 41 140 1 -1 2 1
1 1 0 26 2 -1 2 1
3 1 0 154 5 -1 -1 1
4 1 0 26 2 -1 1 0
5 1 2 2 1 -1 -1 0
6 1 4 4 1 -1 -1 0
7 1 6 8 2 -1 -1 0
8 1 8 10 2 -1 2 0
9 1 10 26 2 -1 5 0
10 1 12 12 1 -1 -1 0
11 1 14 14 1 -1 -1 0
12 1 16 16 1 -1 -1 0
13 1 18 18 1 -1 -1 0
14 1 20 20 1 -1 -1 0
15 1 22 24 2 -1 -1 0
16 1 24 26 2 -1 4 0
17 2 26 35 41 42 3 -1 0 0
18 1 28 30 2 -1 -1 0
19 1 30 32 2 -1 -1 0
20 1 32 34 2 -1 -1 0
21 1 36 38 2 -1 -1 0
22 1 42 70 5 -1 -1 0
23 1 44 50 3 -1 -1 0
24 1 46 48 2 -1 -1 0
25 1 48 54 2 -1 -1 0
26 1 50 52 2 -1 -1 0
27 1 52 54 2 -1 -1 0
28 1 54 140 2 -1 1 0
29 1 56 98 2 -1 2 0
30 1 58 60 2 -1 -1 0
31 1 60 94 2 -1 2 0
32 1 62 90 2 -1 2 0
33 1 64 66 2 -1 -1 0
34 1 66 86 2 -1 2 0
35 1 68 82 2 -1 2 0
36 1 70 72 2 -1 -1 0
37 1 72 78 2 -1 2 0
38 1 74 78 2 -1 1 0
39 1 76 78 2 -1 5 0
40 1 78 82 2 -1 1 0
41 1 80 82 2 -1 5 0
42 1 82 86 2 -1 1 0
43 1 84 86 2 -1 5 0
44 1 86 90 2 -1 1 0
45 1 88 90 2 -1 5 0
46 1 90 94 2 -1 1 0
47 1 92 94 2 -1 5 0
48 1 94 98 2 -1 1 0
49 1 96 98 2 -1 5 0
50 1 98 140 2 -1 5 0
51 1 100 100 1 -1 -1 0
52 1 102 102 1 -1 -1 0
53 1 104 104 1 -1 -1 0
54 1 106 106 1 -1 -1 0
55 1 108 108 1 -1 -1 0
56 1 110 110 1 -1 -1 0
57 1 112 112 1 -1 -1 0
58 1 114 114 1 -1 -1 0
59 1 116 116 1 -1 -1 0
60 1 118 118 1 -1 -1 0
61 1 120 120 1 -1 -1 0
62 1 122 122 1 -1 -1 0
63 1 124 124 1 -1 -1 0
64 1 126 126 1 -1 -1 0
65 1 128 128 1 -1 -1 0
66 1 130 130 1 -1 -1 0
67 1 132 132 1 -1 -1 0
68 1 134 134 1 -1 -1 0
69 1 136 138 2 -1 -1 0
70 1 138 140 2 -1 4 0
71 1 140 144 2 -1 0 0
72 1 142 152 3 -1 0 0
73 1 146 148 2 -1 -1 0
74 1 150 152 2 -1 -1 0
32 4 19 1 0 0 19 19
0 22 26 28 50
0 30 2 5 6 7 8 9 10 13 14 31 18 21 23 24 25 26 27
22


0 1 0 28 3 -1 2 1
2 1 2 10 3 -1 -1 0
5 1 4 6 2 -1 -1 0
6 1 6 8 2 -1 -1 0
7 1 10 12 2 -1 -1 0
8 1 12 14 2 -1 -1 0
9 1 14 16 2 -1 -1 0
10 1 16 32 3 -1 -1 0
13 1 18 20 2 -1 -1 0
14 1 22 22 1 -1 0 0
18 1 30 40 3 -1 -1 0
21 1 32 46 2 -1 -1 0
23 1 34 36 2 -1 -1 0
24 1 36 38 2 -1 -1 0
25 1 40 42 2 -1 -1 0
26 1 42 44 2 -1 -1 0
27 1 44 46 2 -1 -1 0
30 1 0 2 2 -1 -1 0
31 1 28 30 2 -1 -1 0
32 6 24 1 0 0 28 24
0 2 12 48 50 54 56
0 1 25 29 27 28 5 6 7 8 9 10 11 12 13 14 15 16 17 18 19 20 21 22
38


0 2 0 47 49 53 4 -1 2 1
1 2 0 47 49 53 2 -1 -1 1
5 1 8 10 4 -1 -1 0
6 1 12 12 2 -1 -1 0
7 1 14 14 2 -1 -1 0
8 1 16 16 2 -1 -1 0
9 1 18 18 2 -1 -1 0
10 1 20 20 2 -1 -1 0
11 1 22 22 2 -1 -1 0
12 1 24 24 2 -1 -1 0
13 1 26 26 2 -1 -1 0
14 1 28 28 2 -1 -1 0
15 1 30 30 2 -1 -1 0
16 1 32 32 2 -1 -1 0
17 1 34 36 4 -1 -1 0
18 1 36 38 4 -1 5 0
19 1 38 40 4 -1 0 0
20 1 40 42 4 -1 -1 0
21 1 42 44 4 -1 -1 0
22 1 44 46 4 -1 -1 0
25 2 2 2 50 53 4 29 -1 0
27 1 4 6 4 -1 -1 0
28 1 6 8 4 -1 -1 0
29 2 2 47 49 50 8 25 1 0
52 1 51 2 0 0 51 51
0 98
0 1 2 3 4 5 6 7 8 9 10 11 12 13 14 15 16 17 18 19 20 21 22 23 24 25 26 27 28 29 30 31 32 33 34 35 36 37 38 39 40 41 42 43 44 45 46 47 48 51 50
92 94


0 1 0 94 1 -1 1 1
1 1 0 94 1 -1 5 1
2 1 0 94 1 -1 4 1
3 1 0 0 1 -1 -1 0
4 1 2 2 1 -1 -1 0
5 1 4 4 1 -1 -1 0
6 1 6 6 1 -1 -1 0
7 1 8 8 1 -1 -1 0
8 1 10 10 1 -1 -1 0
9 1 12 12 1 -1 -1 0
10 1 14 14 1 -1 -1 0
11 1 16 16 1 -1 -1 0
12 1 18 18 1 -1 -1 0
13 1 20 20 1 -1 -1 0
14 1 22 22 1 -1 -1 0
15 1 24 24 1 -1 -1 0
16 1 26 26 1 -1 -1 0
17 1 28 28 1 -1 -1 0
18 1 30 30 1 -1 -1 0
19 1 32 32 1 -1 -1 0
20 1 34 34 1 -1 -1 0
21 1 36 36 1 -1 -1 0
22 1 38 38 1 -1 -1 0
23 1 40 40 1 -1 -1 0
24 1 42 42 1 -1 -1 0
25 1 44 44 1 -1 -1 0
26 1 46 46 1 -1 -1 0
27 1 48 48 1 -1 -1 0
28 1 50 50 1 -1 -1 0
29 1 52 52 1 -1 -1 0
30 1 54 54 1 -1 -1 0
31 1 56 56 1 -1 -1 0
32 1 58 58 1 -1 -1 0
33 1 60 60 1 -1 -1 0
34 1 62 62 1 -1 -1 0
35 1 64 64 1 -1 -1 0
36 1 66 66 1 -1 -1 0
37 1 68 68 1 -1 -1 0
38 1 70 70 1 -1 -1 0
39 1 72 72 1 -1 -1 0
40 1 74 74 1 -1 -1 0
41 1 76 76 1 -1 -1 0
42 1 78 78 1 -1 -1 0
43 1 80 80 1 -1 -1 0
44 1 82 82 1 -1 -1 0
45 1 84 84 1 -1 -1 0
46 1 86 86 1 -1 -1 0
47 1 88 90 2 -1 -1 0
48 1 90 94 3 -1 2 0
50 1 94 96 2 -1 0 0
51 1 92 92 1 -1 0 0
18 9 10 0 0 0 13 10
0 8 10 16 18 24 26 32 34 36
0 1 2 3 8 9 11 12 14 15



0 4 0 7 9 15 17 23 25 26 4 -1 -1 1
1 1 0 2 2 -1 -1 0
2 1 2 4 2 -1 -1 0
3 1 4 6 2 -1 -1 0
8 1 10 12 2 -1 -1 0
9 1 12 14 2 -1 -1 0
11 1 18 20 2 -1 -1 0
12 1 20 22 2 -1 -1 0
14 1 26 28 2 -1 -1 0
15 1 28 30 2 -1 -1 0
55 19 39 1 0 0 44 39
0 6 12 14 18 26 32 34 38 46 52 54 58 74 82 86 94 98 102 122
0 1 2 3 4 6 7 10 11 12 13 15 16 19 20 21 22 24 25 28 29 30 31 32 33 34 35 44 45 46 47 48 49 54 36 37 38 39 40
98


0 1 0 60 4 -1 -1 1
1 1 0 62 4 -1 -1 1
2 1 0 120 5 -1 -1 1
3 1 0 2 2 -1 -1 0
4 1 2 4 2 -1 -1 0
6 1 6 8 2 -1 -1 0
7 1 8 10 2 -1 -1 0
10 1 14 18 2 11 -1 0
11 1 18 106 2 10 -1 0
12 1 20 22 2 -1 -1 0
13 1 22 24 2 -1 -1 0
15 1 26 28 2 -1 -1 0
16 1 28 30 2 -1 -1 0
19 1 34 38 2 20 -1 0
20 1 38 110 2 19 -1 0
21 1 40 42 2 -1 -1 0
22 1 42 44 2 -1 -1 0
24 1 46 48 2 -1 -1 0
25 1 48 50 2 -1 -1 0
28 1 54 58 2 29 -1 0
29 1 58 114 2 28 -1 0
30 3 60 81 85 94 97 98 4 -1 2 0
31 3 62 82 85 93 97 98 4 -1 1 0
32 1 64 64 1 -1 -1 0
33 1 66 66 1 -1 -1 0
34 1 68 70 2 -1 -1 0
35 2 70 98 102 102 6 36 5 0
36 1 102 118 2 35 -1 0
37 1 104 106 2 -1 -1 0
38 1 108 110 2 -1 -1 0
39 1 112 114 2 -1 -1 0
40 1 116 118 2 -1 -1 0
44 1 74 76 2 -1 -1 0
45 1 76 78 2 -1 -1 0
46 1 78 80 2 -1 -1 0
47 1 86 88 2 -1 -1 0
48 1 88 90 2 -1 -1 0
49 1 90 92 2 -1 -1 0
54 1 98 102 2 36 0 0
19 1 15 0 0 0 15 15
0 34
0 1 2 3 4 5 9 10 11 13 14 15 16 17 18



0 1 0 10 1 -1 -1 1
1 1 0 0 1 -1 -1 0
2 1 2 2 1 -1 -1 0
3 1 4 4 1 -1 -1 0
4 1 6 8 2 -1 -1 0
5 1 8 14 3 -1 -1 0
9 1 10 12 2 -1 -1 0
10 1 14 16 2 -1 -1 0
11 1 16 24 3 -1 -1 0
13 1 18 20 2 -1 -1 0
14 1 20 22 2 -1 -1 0
15 1 24 26 2 -1 -1 0
16 1 26 28 2 -1 -1 0
17 1 28 30 2 -1 -1 0
18 1 30 32 2 -1 -1 0
5 1 4 1 0 0 4 4
0 6
0 1 2 4
0


0 1 0 0 1 -1 2 1
1 1 0 0 1 -1 1 1
2 1 0 2 2 -1 0 0
4 1 2 4 2 -1 -1 0
22 15 14 0 0 0 20 14
0 4 6 10 16 18 24 26 28 34 36 42 44 50 52 54
0 1 2 4 5 6 8 9 12 13 15 16 18 19



0 2 0 3 5 6 2 -1 -1 1
1 6 0 3 5 15 17 18 27 33 35 41 43 44 5 -1 -1 1
2 1 0 2 2 -1 -1 0
4 1 6 8 2 -1 -1 0
5 1 10 12 2 -1 -1 0
6 1 12 14 2 -1 -1 0
8 1 18 20 2 -1 -1 0
9 1 20 22 2 -1 -1 0
12 1 28 30 2 -1 -1 0
13 1 30 32 2 -1 -1 0
15 1 36 38 2 -1 -1 0
16 1 38 40 2 -1 -1 0
18 1 44 46 2 -1 -1 0
19 1 46 48 2 -1 -1 0
49 3 45 6 0 0 51 45
0 8 10 82
0 1 2 3 4 5 6 47 48 8 9 10 11 12 13 14 15 16 17 18 19 20 21 22 23 24 25 26 27 28 31 32 33 34 35 36 37 39 40 41 42 43 44 45 46
8 28 48 62 76 78


0 2 0 7 9 76 2 -1 2 1
1 2 0 7 9 76 3 -1 2 1
2 2 0 7 9 76 2 -1 5 1
3 2 0 7 9 76 2 -1 4 1
4 2 0 7 9 76 2 -1 8 1
5 2 0 7 9 64 3 -1 1 1
6 1 0 80 3 -1 2 1
8 1 4 6 2 -1 -1 0
9 1 10 10 1 -1 -1 0
10 1 12 12 1 -1 -1 0
11 1 14 14 1 -1 -1 0
12 1 16 16 1 -1 -1 0
13 1 18 18 1 -1 -1 0
14 1 20 20 1 -1 -1 0
15 1 22 22 1 -1 -1 0
16 1 24 26 2 -1 -1 0
17 1 26 28 2 -1 2 0
18 1 28 48 2 -1 5 0
19 1 30 30 1 -1 -1 0
20 1 32 32 1 -1 -1 0
21 1 34 34 1 -1 -1 0
22 1 36 36 1 -1 -1 0
23 1 38 38 1 -1 -1 0
24 1 40 40 1 -1 -1 0
25 1 42 42 1 -1 -1 0
26 1 44 46 2 -1 -1 0
27 1 46 48 2 -1 4 0
28 1 48 50 2 -1 0 0
31 1 50 62 2 -1 1 0
32 1 52 52 1 -1 -1 0
33 1 54 54 1 -1 -1 0
34 1 56 56 1 -1 -1 0
35 1 58 60 2 -1 -1 0
36 1 60 62 2 -1 3 0
37 1 62 78 2 -1 2 0
39 1 64 76 2 -1 3 0
40 1 66 66 1 -1 -1 0
41 1 68 68 1 -1 -1 0
42 1 70 70 1 -1 -1 0
43 1 72 74 2 -1 -1 0
44 1 74 76 2 -1 -1 0
45 1 76 78 2 -1 1 0
46 1 78 78 1 -1 0 0
47 1 0 2 2 -1 -1 0
48 1 2 4 2 -1 -1 0
13 1 12 1 0 0 12 12
0 16
0 1 2 3 4 5 7 8 9 10 11 12
10


0 1 0 10 1 -1 2 1
1 1 0 10 1 -1 1 1
2 1 0 10 1 -1 5 1
3 1 0 10 1 -1 4 1
4 1 0 10 1 -1 8 1
5 1 0 14 2 -1 -1 1
7 1 0 0 1 -1 -1 0
8 1 2 2 1 -1 -1 0
9 1 4 4 1 -1 -1 0
10 1 6 8 2 -1 -1 0
11 1 8 10 2 -1 -1 0
12 1 10 12 2 -1 0 0
1371 84 1291 229 0 0 1547 1291
0 6 38 40 46 106 138 184 284 346 434 452 484 502 520 578 638 738 798 858 918 978 996 1014 1062 1120 1178 1210 1262 1362 1374 1386 1428 1556 1568 1580 1634 1674 1686 1698 1704 1716 1728 1914 1974 2034 2066 2126 2172 2190 2236 2268 2300 2332 2392 2422 2454 2462 2490 2492 2500 2528 2530 2538 2566 2568 2576 2604 2606 2614 2642 2644 2676 2708 2710 2712 2742 2774 2776 2778 2780 2782 2784 2786 2788
0 1 2 3 4 5 6 7 9 10 11 12 13 14 15 16 17 18 19 20 21 22 25 26 28 29 30 31 32 33 34 35 36 37 38 39 40 41 42 43 44 45 46 47 48 49 50 51 52 53 54 55 56 58 59 60 61 62 63 64 65 66 67 68 69 70 71 73 74 75 76 77 78 79 80 81 82 83 84 85 86 87 88 89 90 91 92 93 94 96 97 98 99 100 101 102 103 104 105 106 107 108 109 110 111 112 113 114 115 116 117 118 119 120 121 122 123 124 125 126 127 128 129 130 131 132 133 134 135 136 137 138 139 140 141 142 143 144 146 147 148 151 152 153 155 156 157 158 159 160 161 162 163 164 165 166 168 169 170 171 172 173 174 175 176 177 178 179 181 182 183 186 187 188 189 190 191 192 193 194 195 196 197 198 199 200 201 202 203 204 205 206 207 208 209 210 211 212 213 214 215 216 217 218 219 220 221 222 223 224 225 227 228 229 230 231 232 233 235 236 237 238 239 240 241 242 243 244 245 246 247 248 250 251 252 253 254 255 256 258 259 260 261 262 263 264 266 267 268 269 270 271 272 273 274 275 276 277 278 279 280 281 282 283 284 285 286 287 288 289 290 291 292 293 295 296 297 298 299 300 301 302 303 304 305 306 307 308 309 310 311 312 313 314 315 316 317 318 319 320 321 322 323 325 326 327 328 329 330 331 332 333 334 335 336 337 338 339 340 341 342 343 344 345 346 347 348 349 350 351 352 353 354 355 356 357 358 359 360 361 362 363 364 365 366 367 368 369 370 371 372 373 375 376 377 378 379 380 381 382 383 384 385 386 387 388 389 390 391 392 393 394 395 396 397 398 399 400 401 402 403 405 406 407 408 409 410 411 412 413 414 415 416 417 418 419 420 421 422 423 424 425 426 427 428 429 430 431 432 433 435 436 437 438 439 440 441 442 443 444 445 446 447 448 449 450 451 452 453 454 455 456 457 458 459 460 461 462 463 465 466 467 468 469 470 471 472 473 474 475 476 477 478 479 480 481 482 483 484 485 486 487 488 489 490 491 492 493 495 496 497 498 499 500 501 503 504 505 506 507 508 509 511 512 513 514 515 516 517 518 519 520 521 522 523 524 525 526 527 528 529 530 531 532 533 535 536 537 538 539 540 541 542 543 544 545 546 547 548 549 550 551 552 553 554 555 556 557 558 559 560 561 562 564 565 566 567 568 569 570 571 572 573 574 575 576 577 578 579 580 581 582 583 584 585 586 587 588 589 590 591 593 594 595 596 597 598 599 600 601 602 603 604 605 606 608 609 610 613 614 615 616 617 618 619 620 621 622 623 624 625 626 627 628 629 630 631 632 633 634 636 637 638 641 642 643 644 645 646 647 648 649 650 651 652 653 654 655 656 657 658 659 660 661 662 663 664 665 666 667 668 669 670 671 672 673 674 675 676 677 678 679 680 681 682 683 684 685 686 687 688 689 690 691 693 694 695 696 697 698 699 700 701 702 703 704 705 706 707 708 709 710 711 712 713 714 715 716 717 719 720 721 724 725 726 727 728 729 730 731 732 733 734 735 736 737 738 739 740 741 742 743 744 745 746 747 748 749 750 751 752 753 754 755 756 757 758 759 760 761 762 763 764 765 766 767 768 769 770 771 772 773 774 775 776 777 778 779 780 781 782 783 784 785 786 787 788 790 791 792 793 794 795 796 797 798 799 800 801 802 803 804 805 806 807 808 809 810 811 812 813 814 815 816 817 818 819 820 822 823 824 827 828 829 830 831 832 833 834 835 836 837 838 839 840 841 842 843 844 845 846 847 849 850 851 852 853 854 856 857 858 859 860 861 863 864 865 866 867 868 870 871 872 873 874 875 876 877 878 879 880 881 882 883 884 885 886 887 888 889 890 891 892 893 894 895 896 897 898 899 900 901 902 903 904 905 906 907 908 909 910 911 912 913 914 915 916 917 918 919 920 921 922 923 924 925 926 927 928 929 930 931 932 933 934 935 936 937 938 939 940 941 942 943 944 945 946 947 948 949 950 951 952 953 954 955 956 957 958 959 960 962 963 964 965 966 967 968 969 970 971 972 973 974 975 976 977 978 979 980 981 982 983 984 985 986 987 988 989 990 992 993 994 995 996 997 998 999 1000 1001 1002 1003 1004 1005 1006 1007 1008 1009 1010 1011 1012 1013 1014 1015 1016 1017 1018 1019 1020 1022 1023 1024 1025 1026 1027 1028 1029 1030 1031 1032 1033 1034 1035 1037 1038 1039 1040 1041 1042 1043 1044 1045 1046 1047 1048 1049 1050 1051 1052 1053 1054 1055 1056 1057 1058 1059 1060 1061 1062 1063 1064 1065 1067 1068 1069 1070 1071 1072 1073 1074 1075 1076 1077 1078 1079 1080 1081 1082 1083 1084 1085 1086 1087 1088 1090 1091 1092 1093 1094 1095 1096 1098 1099 1100 1101 1102 1103 1104 1105 1106 1107 1108 1109 1110 1111 1112 1113 1114 1115 1116 1117 1118 1119 1121 1122 1123 1124 1125 1126 1127 1128 1129 1130 1131 1132 1133 1134 1136 1137 1138 1139 1140 1141 1142 1143 1144 1145 1146 1147 1148 1149 1151 1152 1153 1154 1155 1156 1157 1158 1159 1160 1161 1162 1163 1164 1166 1167 1168 1169 1170 1171 1172 1173 1174 1175 1176 1177 1178 1179 1180 1181 1182 1183 1184 1185 1186 1187 1188 1189 1190 1191 1192 1193 1194 1196 1197 1198 1199 1200 1201 1202 1203 1204 1205 1206 1207 1208 1210 1211 1212 1213 1214 1215 1216 1217 1218 1219 1220 1221 1222 1223 1225 1226 1227 1228 1229 1230 1231 1232 1233 1234 1235 1236 1237 1238 1239 1241 1242 1243 1244 1245 1246 1247 1248 1249 1250 1251 1252 1253 1254 1255 1257 1258 1259 1260 1261 1262 1263 1264 1265 1266 1267 1268 1269 1270 1271 1273 1274 1275 1276 1277 1278 1279 1280 1281 1282 1283 1284 1285 1286 1287 1289 1290 1291 1292 1293 1294 1295 1296 1297 1298 1299 1300 1301 1302 1303 1305 1306 1307 1308 1309 1310 1311 1312 1313 1314 1315 1316 1317 1318 1320 1321 1322 1323 1324 1325 1326 1327 1328 1329 1330 1331 1332 1333 1337 1338 1339 1340 1341 1342 1343 1344 1345 1346 1347 1348 1349 1351 1352 1353 1354 1355 1356 1357 1358 1359 1360 1361 1362 1363 1364
20 32 38 44 64 76 88 100 102 120 132 154 166 178 180 206 218 230 242 254 266 278 280 306 318 328 340 342 370 382 394 404 416 428 430 446 466 478 496 514 536 548 560 572 574 596 608 620 632 634 660 672 684 696 708 720 732 734 756 768 780 792 794 816 828 840 852 854 876 888 900 912 914 936 948 960 972 974 990 1008 1032 1044 1056 1058 1080 1092 1102 1114 1116 1138 1150 1160 1172 1174 1192 1204 1232 1244 1256 1258 1296 1308 1320 1332 1344 1356 1358 1370 1382 1398 1410 1422 1424 1466 1478 1490 1502 1514 1526 1538 1550 1552 1564 1576 1592 1604 1616 1628 1630 1670 1682 1694 1700 1712 1724 1740 1752 1764 1776 1788 1800 1812 1824 1836 1848 1860 1872 1884 1896 1908 1910 1932 1944 1956 1968 1970 1992 2004 2016 2028 2030 2048 2060 2084 2096 2108 2120 2122 2142 2154 2166 2168 2184 2206 2218 2230 2232 2250 2262 2282 2294 2314 2326 2350 2362 2374 2386 2388 2404 2416 2436 2448 2458 2472 2484 2490 2496 2510 2522 2528 2534 2548 2560 2566 2572 2586 2598 2604 2610 2624 2636 2642 2658 2670 2690 2702 2708 2710 2724 2736 2756 2768 2774 2776 2778 2780 2782 2784 2786


0 50 0 32 39 100 105 132 137 178 183 266 283 340 345 416 433 446 451 478 483 496 501 514 519 572 577 632 637 720 737 792 797 852 857 912 917 972 977 990 995 1008 1013 1056 1061 1114 1119 1172 1177 1204 1209 1256 1261 1398 1427 1592 1633 1860 1913 1968 1973 2028 2033 2060 2065 2120 2125 2166 2171 2184 2189 2230 2235 2262 2267 2294 2299 2326 2331 2386 2391 2416 2421 2448 2453 2484 2491 2522 2529 2560 2567 2598 2605 2636 2643 2670 2675 2702 2711 2736 2741 2768 103 -1 2 1
1 51 0 6 39 40 45 50 105 106 137 142 183 192 283 284 345 346 433 434 451 452 483 484 501 502 519 524 577 582 637 646 737 742 797 802 857 862 917 922 977 978 995 996 1013 1018 1061 1066 1119 1124 1177 1178 1209 1210 1261 1262 1427 1428 1633 1634 1913 1918 1973 1978 2033 2034 2065 2070 2125 2130 2171 2172 2189 2194 2235 2236 2267 2268 2299 2300 2331 2336 2391 2392 2421 2422 2453 2454 2491 2492 2529 2530 2567 2568 2605 2606 2643 2644 2675 2676 2711 2712 2741 2742 73 -1 -1 1
2 50 0 32 39 100 105 132 137 178 183 266 283 340 345 416 433 446 451 478 483 496 501 514 519 572 577 632 637 720 737 792 797 852 857 912 917 972 977 990 995 1008 1013 1056 1061 1114 1119 1172 1177 1204 1209 1256 1261 1398 1427 1592 1633 1860 1913 1968 1973 2028 2033 2060 2065 2120 2125 2166 2171 2184 2189 2230 2235 2262 2267 2294 2299 2326 2331 2386 2391 2416 2421 2448 2453 2484 2491 2522 2529 2560 2567 2598 2605 2636 2643 2670 2675 2702 2711 2736 2741 2768 88 -1 5 1
3 50 0 32 39 100 105 132 137 178 183 266 283 340 345 416 433 446 451 478 483 496 501 514 519 572 577 632 637 720 737 792 797 852 857 912 917 972 977 990 995 1008 1013 1056 1061 1114 1119 1172 1177 1204 1209 1256 1261 1398 1427 1592 1633 1860 1913 1968 1973 2028 2033 2060 2065 2120 2125 2166 2171 2184 2189 2230 2235 2262 2267 2294 2299 2326 2331 2386 2391 2416 2421 2448 2453 2484 2491 2522 2529 2560 2567 2598 2605 2636 2643 2670 2675 2702 2711 2736 2741 2768 88 -1 4 1
4 52 0 32 39 100 105 132 137 178 183 266 283 328 345 404 433 446 451 478 483 496 501 514 519 572 577 632 637 720 737 792 797 852 857 912 917 972 977 990 995 1008 1013 1056 1061 1114 1119 1172 1177 1204 1209 1256 1261 1370 1373 1382 1427 1564 1567 1576 1633 1812 1913 1968 1973 2028 2033 2060 2065 2120 2125 2166 2171 2184 2189 2230 2235 2262 2267 2294 2299 2326 2331 2386 2391 2416 2421 2448 2453 2484 2491 2522 2529 2560 2567 2598 2605 2636 2643 2670 2675 2702 2711 2736 2741 2768 90 -1 8 1
5 1 0 2786 116 -1 2 1
6 1 0 2 2 -1 -1 0
7 1 2 4 2 -1 -1 0
9 1 6 8 2 -1 -1 0
10 1 8 20 2 -1 2 0
11 1 10 10 1 -1 -1 0
12 1 12 12 1 -1 -1 0
13 1 14 14 1 -1 -1 0
14 1 16 18 2 -1 -1 0
15 1 18 20 2 -1 1 0
16 1 20 32 2 -1 1 0
17 1 22 22 1 -1 -1 0
18 1 24 24 1 -1 -1 0
19 1 26 26 1 -1 -1 0
20 1 28 30 2 -1 -1 0
21 1 30 32 2 -1 3 0
22 1 32 34 2 -1 0 0
25 1 40 42 2 -1 -1 0
26 1 42 44 2 -1 1 0
28 1 46 48 2 -1 -1 0
29 1 48 64 2 -1 2 0
30 1 50 52 2 -1 -1 0
31 1 52 88 2 -1 2 0
32 1 54 54 1 -1 -1 0
33 1 56 56 1 -1 -1 0
34 1 58 58 1 -1 -1 0
35 1 60 62 2 -1 -1 0
36 1 62 64 2 -1 1 0
37 1 64 76 2 -1 1 0
38 1 66 66 1 -1 -1 0
39 1 68 68 1 -1 -1 0
40 1 70 70 1 -1 -1 0
41 1 72 74 2 -1 -1 0
42 1 74 76 2 -1 3 0
43 1 76 102 2 -1 2 0
44 1 78 78 1 -1 -1 0
45 1 80 80 1 -1 -1 0
46 1 82 82 1 -1 -1 0
47 1 84 86 2 -1 -1 0
48 1 86 88 2 -1 1 0
49 1 88 100 2 -1 1 0
50 1 90 90 1 -1 -1 0
51 1 92 92 1 -1 -1 0
52 1 94 94 1 -1 -1 0
53 1 96 98 2 -1 -1 0
54 1 98 100 2 -1 3 0
55 1 100 102 2 -1 1 0
56 1 102 102 1 -1 0 0
58 1 106 108 2 -1 -1 0
59 1 108 120 2 -1 2 0
60 1 110 110 1 -1 -1 0
61 1 112 112 1 -1 -1 0
62 1 114 114 1 -1 -1 0
63 1 116 118 2 -1 -1 0
64 1 118 120 2 -1 1 0
65 1 120 132 2 -1 1 0
66 1 122 122 1 -1 -1 0
67 1 124 124 1 -1 -1 0
68 1 126 126 1 -1 -1 0
69 1 128 130 2 -1 -1 0
70 1 130 132 2 -1 3 0
71 1 132 134 2 -1 0 0
73 1 138 140 2 -1 -1 0
74 1 140 154 2 -1 2 0
75 1 142 178 2 -1 1 0
76 1 144 144 1 -1 -1 0
77 1 146 146 1 -1 -1 0
78 1 148 148 1 -1 -1 0
79 1 150 152 2 -1 -1 0
80 1 152 154 2 -1 1 0
81 1 154 166 2 -1 1 0
82 1 156 156 1 -1 -1 0
83 1 158 158 1 -1 -1 0
84 1 160 160 1 -1 -1 0
85 1 162 164 2 -1 -1 0
86 1 164 166 2 -1 3 0
87 1 166 180 2 -1 2 0
88 1 168 168 1 -1 -1 0
89 1 170 170 1 -1 -1 0
90 1 172 172 1 -1 -1 0
91 1 174 176 2 -1 -1 0
92 1 176 178 2 -1 3 0
93 1 178 180 2 -1 1 0
94 1 180 180 1 -1 0 0
96 1 184 186 2 -1 -1 0
97 1 186 206 2 -1 2 0
98 1 188 190 2 -1 -1 0
99 1 190 230 2 -1 2 0
100 1 192 194 2 -1 -1 0
101 1 194 254 2 -1 2 0
102 1 196 196 1 -1 -1 0
103 1 198 198 1 -1 -1 0
104 1 200 200 1 -1 -1 0
105 1 202 204 2 -1 -1 0
106 1 204 206 2 -1 1 0
107 1 206 218 2 -1 1 0
108 1 208 208 1 -1 -1 0
109 1 210 210 1 -1 -1 0
110 1 212 212 1 -1 -1 0
111 1 214 216 2 -1 -1 0
112 1 216 218 2 -1 3 0
113 1 218 280 2 -1 2 0
114 1 220 220 1 -1 -1 0
115 1 222 222 1 -1 -1 0
116 1 224 224 1 -1 -1 0
117 1 226 228 2 -1 -1 0
118 1 228 230 2 -1 1 0
119 1 230 242 2 -1 1 0
120 1 232 232 1 -1 -1 0
121 1 234 234 1 -1 -1 0
122 1 236 236 1 -1 -1 0
123 1 238 240 2 -1 -1 0
124 1 240 242 2 -1 3 0
125 1 242 278 2 -1 2 0
126 1 244 244 1 -1 -1 0
127 1 246 246 1 -1 -1 0
128 1 248 248 1 -1 -1 0
129 1 250 252 2 -1 -1 0
130 1 252 254 2 -1 1 0
131 1 254 266 2 -1 1 0
132 1 256 256 1 -1 -1 0
133 1 258 258 1 -1 -1 0
134 1 260 260 1 -1 -1 0
135 1 262 264 2 -1 -1 0
136 1 264 266 2 -1 3 0
137 1 266 278 2 -1 1 0
138 1 268 268 1 -1 -1 0
139 1 270 270 1 -1 -1 0
140 1 272 272 1 -1 -1 0
141 1 274 276 2 -1 -1 0
142 1 276 278 2 -1 5 0
143 1 278 280 2 -1 1 0
144 1 280 280 1 -1 0 0
146 1 284 286 2 -1 -1 0
147 1 286 288 2 -1 -1 0
148 1 288 292 3 -1 -1 0
151 1 290 328 3 -1 1 0
152 1 292 294 2 -1 -1 0
153 1 294 318 2 -1 2 0
155 1 296 296 1 -1 -1 0
156 1 298 298 1 -1 -1 0
157 1 300 300 1 -1 -1 0
158 1 302 304 2 -1 -1 0
159 1 304 306 2 -1 -1 0
160 1 306 342 2 -1 2 0
161 1 308 308 1 -1 -1 0
162 1 310 310 1 -1 -1 0
163 1 312 312 1 -1 -1 0
164 1 314 316 2 -1 -1 0
165 1 316 318 2 -1 1 0
166 1 318 340 2 -1 1 0
168 1 320 320 1 -1 -1 0
169 1 322 322 1 -1 -1 0
170 1 324 326 2 -1 -1 0
171 1 326 328 2 -1 8 0
172 1 328 340 2 -1 8 0
173 1 330 330 1 -1 -1 0
174 1 332 332 1 -1 -1 0
175 1 334 334 1 -1 -1 0
176 1 336 338 2 -1 -1 0
177 1 338 340 2 -1 3 0
178 1 340 342 2 -1 1 0
179 1 342 342 1 -1 0 0
181 1 346 348 2 -1 -1 0
182 1 348 350 2 -1 -1 0
183 1 350 356 4 -1 -1 0
186 1 352 404 3 -1 1 0
187 1 354 382 2 -1 1 0
188 1 356 358 2 -1 -1 0
189 1 358 394 2 -1 2 0
190 1 360 360 1 -1 -1 0
191 1 362 362 1 -1 -1 0
192 1 364 364 1 -1 -1 0
193 1 366 368 2 -1 -1 0
194 1 368 370 2 -1 3 0
195 1 370 430 2 -1 2 0
196 1 372 372 1 -1 -1 0
197 1 374 374 1 -1 -1 0
198 1 376 376 1 -1 -1 0
199 1 378 380 2 -1 -1 0
200 1 380 382 2 -1 3 0
201 1 382 428 2 -1 2 0
202 1 384 384 1 -1 -1 0
203 1 386 386 1 -1 -1 0
204 1 388 388 1 -1 -1 0
205 1 390 392 2 -1 -1 0
206 1 392 394 2 -1 1 0
207 1 394 416 2 -1 1 0
208 1 396 396 1 -1 -1 0
209 1 398 398 1 -1 -1 0
210 1 400 402 2 -1 -1 0
211 1 402 404 2 -1 4 0
212 1 404 416 2 -1 8 0
213 1 406 406 1 -1 -1 0
214 1 408 408 1 -1 -1 0
215 1 410 410 1 -1 -1 0
216 1 412 414 2 -1 -1 0
217 1 414 416 2 -1 3 0
218 1 416 428 2 -1 1 0
219 1 418 418 1 -1 -1 0
220 1 420 420 1 -1 -1 0
221 1 422 422 1 -1 -1 0
222 1 424 426 2 -1 -1 0
223 1 426 428 2 -1 5 0
224 1 428 430 2 -1 1 0
225 1 430 430 1 -1 0 0
227 1 434 446 2 -1 1 0
228 1 436 436 1 -1 -1 0
229 1 438 438 1 -1 -1 0
230 1 440 440 1 -1 -1 0
231 1 442 444 2 -1 -1 0
232 1 444 446 2 -1 3 0
233 1 446 448 2 -1 0 0
235 1 452 454 2 -1 -1 0
236 1 454 466 2 -1 2 0
237 1 456 456 1 -1 -1 0
238 1 458 458 1 -1 -1 0
239 1 460 460 1 -1 -1 0
240 1 462 464 2 -1 -1 0
241 1 464 466 2 -1 1 0
242 1 466 478 2 -1 1 0
243 1 468 468 1 -1 -1 0
244 1 470 470 1 -1 -1 0
245 1 472 472 1 -1 -1 0
246 1 474 476 2 -1 -1 0
247 1 476 478 2 -1 3 0
248 1 478 480 2 -1 0 0
250 1 484 496 2 -1 1 0
251 1 486 486 1 -1 -1 0
252 1 488 488 1 -1 -1 0
253 1 490 490 1 -1 -1 0
254 1 492 494 2 -1 -1 0
255 1 494 496 2 -1 3 0
256 1 496 498 2 -1 0 0
258 1 502 514 2 -1 1 0
259 1 504 504 1 -1 -1 0
260 1 506 506 1 -1 -1 0
261 1 508 508 1 -1 -1 0
262 1 510 512 2 -1 -1 0
263 1 512 514 2 -1 3 0
264 1 514 516 2 -1 0 0
266 1 520 522 2 -1 -1 0
267 1 522 536 2 -1 2 0
268 1 524 526 2 -1 -1 0
269 1 526 560 2 -1 2 0
270 1 528 528 1 -1 -1 0
271 1 530 530 1 -1 -1 0
272 1 532 534 2 -1 -1 0
273 1 534 536 2 -1 1 0
274 1 536 548 2 -1 1 0
275 1 538 538 1 -1 -1 0
276 1 540 540 1 -1 -1 0
277 1 542 542 1 -1 -1 0
278 1 544 546 2 -1 -1 0
279 1 546 548 2 -1 3 0
280 1 548 574 2 -1 2 0
281 1 550 550 1 -1 -1 0
282 1 552 552 1 -1 -1 0
283 1 554 554 1 -1 -1 0
284 1 556 558 2 -1 -1 0
285 1 558 560 2 -1 1 0
286 1 560 572 2 -1 1 0
287 1 562 562 1 -1 -1 0
288 1 564 564 1 -1 -1 0
289 1 566 566 1 -1 -1 0
290 1 568 570 2 -1 -1 0
291 1 570 572 2 -1 3 0
292 1 572 574 2 -1 1 0
293 1 574 574 1 -1 0 0
295 1 578 580 2 -1 -1 0
296 1 580 596 2 -1 2 0
297 1 582 584 2 -1 -1 0
298 1 584 620 2 -1 2 0
299 1 586 586 1 -1 -1 0
300 1 588 588 1 -1 -1 0
301 1 590 590 1 -1 -1 0
302 1 592 594 2 -1 -1 0
303 1 594 596 2 -1 1 0
304 1 596 608 2 -1 1 0
305 1 598 598 1 -1 -1 0
306 1 600 600 1 -1 -1 0
307 1 602 602 1 -1 -1 0
308 1 604 606 2 -1 -1 0
309 1 606 608 2 -1 3 0
310 1 608 634 2 -1 2 0
311 1 610 610 1 -1 -1 0
312 1 612 612 1 -1 -1 0
313 1 614 614 1 -1 -1 0
314 1 616 618 2 -1 -1 0
315 1 618 620 2 -1 1 0
316 1 620 632 2 -1 1 0
317 1 622 622 1 -1 -1 0
318 1 624 624 1 -1 -1 0
319 1 626 626 1 -1 -1 0
320 1 628 630 2 -1 -1 0
321 1 630 632 2 -1 3 0
322 1 632 634 2 -1 1 0
323 1 634 634 1 -1 0 0
325 1 638 640 2 -1 -1 0
326 1 640 660 2 -1 2 0
327 1 642 644 2 -1 -1 0
328 1 644 684 2 -1 2 0
329 1 646 648 2 -1 -1 0
330 1 648 708 2 -1 2 0
331 1 650 650 1 -1 -1 0
332 1 652 652 1 -1 -1 0
333 1 654 654 1 -1 -1 0
334 1 656 658 2 -1 -1 0
335 1 658 660 2 -1 1 0
336 1 660 672 2 -1 1 0
337 1 662 662 1 -1 -1 0
338 1 664 664 1 -1 -1 0
339 1 666 666 1 -1 -1 0
340 1 668 670 2 -1 -1 0
341 1 670 672 2 -1 3 0
342 1 672 734 2 -1 2 0
343 1 674 674 1 -1 -1 0
344 1 676 676 1 -1 -1 0
345 1 678 678 1 -1 -1 0
346 1 680 682 2 -1 -1 0
347 1 682 684 2 -1 1 0
348 1 684 696 2 -1 1 0
349 1 686 686 1 -1 -1 0
350 1 688 688 1 -1 -1 0
351 1 690 690 1 -1 -1 0
352 1 692 694 2 -1 -1 0
353 1 694 696 2 -1 3 0
354 1 696 732 2 -1 2 0
355 1 698 698 1 -1 -1 0
356 1 700 700 1 -1 -1 0
357 1 702 702 1 -1 -1 0
358 1 704 706 2 -1 -1 0
359 1 706 708 2 -1 1 0
360 1 708 720 2 -1 1 0
361 1 710 710 1 -1 -1 0
362 1 712 712 1 -1 -1 0
363 1 714 714 1 -1 -1 0
364 1 716 718 2 -1 -1 0
365 1 718 720 2 -1 3 0
366 1 720 732 2 -1 1 0
367 1 722 722 1 -1 -1 0
368 1 724 724 1 -1 -1 0
369 1 726 726 1 -1 -1 0
370 1 728 730 2 -1 -1 0
371 1 730 732 2 -1 5 0
372 1 732 734 2 -1 1 0
373 1 734 734 1 -1 0 0
375 1 738 740 2 -1 -1 0
376 1 740 756 2 -1 2 0
377 1 742 744 2 -1 -1 0
378 1 744 780 2 -1 2 0
379 1 746 746 1 -1 -1 0
380 1 748 748 1 -1 -1 0
381 1 750 750 1 -1 -1 0
382 1 752 754 2 -1 -1 0
383 1 754 756 2 -1 1 0
384 1 756 768 2 -1 1 0
385 1 758 758 1 -1 -1 0
386 1 760 760 1 -1 -1 0
387 1 762 762 1 -1 -1 0
388 1 764 766 2 -1 -1 0
389 1 766 768 2 -1 3 0
390 1 768 794 2 -1 2 0
391 1 770 770 1 -1 -1 0
392 1 772 772 1 -1 -1 0
393 1 774 774 1 -1 -1 0
394 1 776 778 2 -1 -1 0
395 1 778 780 2 -1 1 0
396 1 780 792 2 -1 1 0
397 1 782 782 1 -1 -1 0
398 1 784 784 1 -1 -1 0
399 1 786 786 1 -1 -1 0
400 1 788 790 2 -1 -1 0
401 1 790 792 2 -1 3 0
402 1 792 794 2 -1 1 0
403 1 794 794 1 -1 0 0
405 1 798 800 2 -1 -1 0
406 1 800 816 2 -1 2 0
407 1 802 804 2 -1 -1 0
408 1 804 840 2 -1 2 0
409 1 806 806 1 -1 -1 0
410 1 808 808 1 -1 -1 0
411 1 810 810 1 -1 -1 0
412 1 812 814 2 -1 -1 0
413 1 814 816 2 -1 1 0
414 1 816 828 2 -1 1 0
415 1 818 818 1 -1 -1 0
416 1 820 820 1 -1 -1 0
417 1 822 822 1 -1 -1 0
418 1 824 826 2 -1 -1 0
419 1 826 828 2 -1 3 0
420 1 828 854 2 -1 2 0
421 1 830 830 1 -1 -1 0
422 1 832 832 1 -1 -1 0
423 1 834 834 1 -1 -1 0
424 1 836 838 2 -1 -1 0
425 1 838 840 2 -1 1 0
426 1 840 852 2 -1 1 0
427 1 842 842 1 -1 -1 0
428 1 844 844 1 -1 -1 0
429 1 846 846 1 -1 -1 0
430 1 848 850 2 -1 -1 0
431 1 850 852 2 -1 3 0
432 1 852 854 2 -1 1 0
433 1 854 854 1 -1 0 0
435 1 858 860 2 -1 -1 0
436 1 860 876 2 -1 2 0
437 1 862 864 2 -1 -1 0
438 1 864 900 2 -1 2 0
439 1 866 866 1 -1 -1 0
440 1 868 868 1 -1 -1 0
441 1 870 870 1 -1 -1 0
442 1 872 874 2 -1 -1 0
443 1 874 876 2 -1 1 0
444 1 876 888 2 -1 1 0
445 1 878 878 1 -1 -1 0
446 1 880 880 1 -1 -1 0
447 1 882 882 1 -1 -1 0
448 1 884 886 2 -1 -1 0
449 1 886 888 2 -1 3 0
450 1 888 914 2 -1 2 0
451 1 890 890 1 -1 -1 0
452 1 892 892 1 -1 -1 0
453 1 894 894 1 -1 -1 0
454 1 896 898 2 -1 -1 0
455 1 898 900 2 -1 1 0
456 1 900 912 2 -1 1 0
457 1 902 902 1 -1 -1 0
458 1 904 904 1 -1 -1 0
459 1 906 906 1 -1 -1 0
460 1 908 910 2 -1 -1 0
461 1 910 912 2 -1 3 0
462 1 912 914 2 -1 1 0
463 1 914 914 1 -1 0 0
465 1 918 920 2 -1 -1 0
466 1 920 936 2 -1 2 0
467 1 922 924 2 -1 -1 0
468 1 924 960 2 -1 2 0
469 1 926 926 1 -1 -1 0
470 1 928 928 1 -1 -1 0
471 1 930 930 1 -1 -1 0
472 1 932 934 2 -1 -1 0
473 1 934 936 2 -1 1 0
474 1 936 948 2 -1 1 0
475 1 938 938 1 -1 -1 0
476 1 940 940 1 -1 -1 0
477 1 942 942 1 -1 -1 0
478 1 944 946 2 -1 -1 0
479 1 946 948 2 -1 3 0
480 1 948 974 2 -1 2 0
481 1 950 950 1 -1 -1 0
482 1 952 952 1 -1 -1 0
483 1 954 954 1 -1 -1 0
484 1 956 958 2 -1 -1 0
485 1 958 960 2 -1 1 0
486 1 960 972 2 -1 1 0
487 1 962 962 1 -1 -1 0
488 1 964 964 1 -1 -1 0
489 1 966 966 1 -1 -1 0
490 1 968 970 2 -1 -1 0
491 1 970 972 2 -1 3 0
492 1 972 974 2 -1 1 0
493 1 974 974 1 -1 0 0
495 1 978 990 2 -1 1 0
496 1 980 980 1 -1 -1 0
497 1 982 982 1 -1 -1 0
498 1 984 984 1 -1 -1 0
499 1 986 988 2 -1 -1 0
500 1 988 990 2 -1 3 0
501 1 990 992 2 -1 0 0
503 1 996 1008 2 -1 1 0
504 1 998 998 1 -1 -1 0
505 1 1000 1000 1 -1 -1 0
506 1 1002 1002 1 -1 -1 0
507 1 1004 1006 2 -1 -1 0
508 1 1006 1008 2 -1 3 0
509 1 1008 1010 2 -1 0 0
511 1 1014 1016 2 -1 -1 0
512 1 1016 1032 2 -1 1 0
513 1 1018 1020 2 -1 -1 0
514 1 1020 1044 2 -1 2 0
515 1 1022 1022 1 -1 -1 0
516 1 1024 1024 1 -1 -1 0
517 1 1026 1026 1 -1 -1 0
518 1 1028 1030 2 -1 -1 0
519 1 1030 1032 2 -1 3 0
520 1 1032 1058 2 -1 2 0
521 1 1034 1034 1 -1 -1 0
522 1 1036 1036 1 -1 -1 0
523 1 1038 1038 1 -1 -1 0
524 1 1040 1042 2 -1 -1 0
525 1 1042 1044 2 -1 1 0
526 1 1044 1056 2 -1 1 0
527 1 1046 1046 1 -1 -1 0
528 1 1048 1048 1 -1 -1 0
529 1 1050 1050 1 -1 -1 0
530 1 1052 1054 2 -1 -1 0
531 1 1054 1056 2 -1 3 0
532 1 1056 1058 2 -1 1 0
533 1 1058 1058 1 -1 0 0
535 1 1062 1064 2 -1 -1 0
536 1 1064 1080 2 -1 2 0
537 1 1066 1068 2 -1 -1 0
538 1 1068 1102 2 -1 2 0
539 1 1070 1070 1 -1 -1 0
540 1 1072 1072 1 -1 -1 0
541 1 1074 1074 1 -1 -1 0
542 1 1076 1078 2 -1 -1 0
543 1 1078 1080 2 -1 1 0
544 1 1080 1092 2 -1 1 0
545 1 1082 1082 1 -1 -1 0
546 1 1084 1084 1 -1 -1 0
547 1 1086 1086 1 -1 -1 0
548 1 1088 1090 2 -1 -1 0
549 1 1090 1092 2 -1 3 0
550 1 1092 1116 2 -1 2 0
551 1 1094 1094 1 -1 -1 0
552 1 1096 1096 1 -1 -1 0
553 1 1098 1100 2 -1 -1 0
554 1 1100 1102 2 -1 1 0
555 1 1102 1114 2 -1 1 0
556 1 1104 1104 1 -1 -1 0
557 1 1106 1106 1 -1 -1 0
558 1 1108 1108 1 -1 -1 0
559 1 1110 1112 2 -1 -1 0
560 1 1112 1114 2 -1 3 0
561 1 1114 1116 2 -1 1 0
562 1 1116 1116 1 -1 0 0
564 1 1120 1122 2 -1 -1 0
565 1 1122 1138 2 -1 2 0
566 1 1124 1126 2 -1 -1 0
567 1 1126 1160 2 -1 2 0
568 1 1128 1128 1 -1 -1 0
569 1 1130 1130 1 -1 -1 0
570 1 1132 1132 1 -1 -1 0
571 1 1134 1136 2 -1 -1 0
572 1 1136 1138 2 -1 1 0
573 1 1138 1150 2 -1 1 0
574 1 1140 1140 1 -1 -1 0
575 1 1142 1142 1 -1 -1 0
576 1 1144 1144 1 -1 -1 0
577 1 1146 1148 2 -1 -1 0
578 1 1148 1150 2 -1 3 0
579 1 1150 1174 2 -1 2 0
580 1 1152 1152 1 -1 -1 0
581 1 1154 1154 1 -1 -1 0
582 1 1156 1158 2 -1 -1 0
583 1 1158 1160 2 -1 1 0
584 1 1160 1172 2 -1 1 0
585 1 1162 1162 1 -1 -1 0
586 1 1164 1164 1 -1 -1 0
587 1 1166 1166 1 -1 -1 0
588 1 1168 1170 2 -1 -1 0
589 1 1170 1172 2 -1 3 0
590 1 1172 1174 2 -1 1 0
591 1 1174 1174 1 -1 0 0
593 1 1178 1180 2 -1 -1 0
594 1 1180 1192 2 -1 2 0
595 1 1182 1182 1 -1 -1 0
596 1 1184 1184 1 -1 -1 0
597 1 1186 1186 1 -1 -1 0
598 1 1188 1190 2 -1 -1 0
599 1 1190 1192 2 -1 1 0
600 1 1192 1204 2 -1 1 0
601 1 1194 1194 1 -1 -1 0
602 1 1196 1196 1 -1 -1 0
603 1 1198 1198 1 -1 -1 0
604 1 1200 1202 2 -1 -1 0
605 1 1202 1204 2 -1 3 0
606 1 1204 1206 2 -1 0 0
608 1 1210 1212 2 -1 -1 0
609 1 1212 1214 2 -1 -1 0
610 1 1214 1220 3 -1 -1 0
613 1 1216 1218 2 -1 -1 0
614 1 1218 1232 2 -1 2 0
615 1 1220 1256 2 -1 1 0
616 1 1222 1222 1 -1 -1 0
617 1 1224 1224 1 -1 -1 0
618 1 1226 1226 1 -1 -1 0
619 1 1228 1230 2 -1 -1 0
620 1 1230 1232 2 -1 1 0
621 1 1232 1244 2 -1 1 0
622 1 1234 1234 1 -1 -1 0
623 1 1236 1236 1 -1 -1 0
624 1 1238 1238 1 -1 -1 0
625 1 1240 1242 2 -1 -1 0
626 1 1242 1244 2 -1 3 0
627 1 1244 1258 2 -1 2 0
628 1 1246 1246 1 -1 -1 0
629 1 1248 1248 1 -1 -1 0
630 1 1250 1250 1 -1 -1 0
631 1 1252 1254 2 -1 -1 0
632 1 1254 1256 2 -1 3 0
633 1 1256 1258 2 -1 1 0
634 1 1258 1258 1 -1 0 0
636 1 1262 1264 2 -1 -1 0
637 1 1264 1266 2 -1 -1 0
638 1 1266 1282 6 -1 -1 0
641 1 1268 1270 2 -1 -1 0
642 2 1270 1370 1373 1382 3 -1 5 0
643 1 1272 1296 2 -1 1 0
644 1 1274 1276 2 -1 -1 0
645 1 1276 1308 2 -1 2 0
646 1 1278 1280 2 -1 -1 0
647 1 1280 1332 2 -1 2 0
648 1 1282 1284 2 -1 -1 0
649 1 1284 1356 2 -1 2 0
650 1 1286 1286 1 -1 -1 0
651 1 1288 1288 1 -1 -1 0
652 1 1290 1290 1 -1 -1 0
653 1 1292 1294 2 -1 -1 0
654 1 1294 1296 2 -1 3 0
655 1 1296 1424 2 -1 2 0
656 1 1298 1298 1 -1 -1 0
657 1 1300 1300 1 -1 -1 0
658 1 1302 1302 1 -1 -1 0
659 1 1304 1306 2 -1 -1 0
660 1 1306 1308 2 -1 1 0
661 1 1308 1320 2 -1 1 0
662 1 1310 1310 1 -1 -1 0
663 1 1312 1312 1 -1 -1 0
664 1 1314 1314 1 -1 -1 0
665 1 1316 1318 2 -1 -1 0
666 1 1318 1320 2 -1 3 0
667 1 1320 1422 2 -1 2 0
668 1 1322 1322 1 -1 -1 0
669 1 1324 1324 1 -1 -1 0
670 1 1326 1326 1 -1 -1 0
671 1 1328 1330 2 -1 -1 0
672 1 1330 1332 2 -1 1 0
673 1 1332 1344 2 -1 1 0
674 1 1334 1334 1 -1 -1 0
675 1 1336 1336 1 -1 -1 0
676 1 1338 1338 1 -1 -1 0
677 1 1340 1342 2 -1 -1 0
678 1 1342 1344 2 -1 3 0
679 1 1344 1410 2 -1 2 0
680 1 1346 1346 1 -1 -1 0
681 1 1348 1348 1 -1 -1 0
682 1 1350 1350 1 -1 -1 0
683 1 1352 1354 2 -1 -1 0
684 1 1354 1356 2 -1 1 0
685 1 1356 1398 2 -1 1 0
686 1 1358 1360 2 -1 0 0
687 1 1362 1362 1 -1 -1 0
688 1 1364 1364 1 -1 -1 0
689 1 1366 1368 2 -1 -1 0
690 1 1368 1370 2 -1 4 0
691 2 1370 1373 1386 1386 2 698 0 0
693 1 1374 1374 1 -1 -1 0
694 1 1376 1376 1 -1 -1 0
695 1 1378 1380 2 -1 -1 0
696 1 1380 1382 2 -1 4 0
697 1 1382 1386 2 698 0 0
698 1 1386 1398 2 691 8 0
699 1 1388 1388 1 -1 -1 0
700 1 1390 1390 1 -1 -1 0
701 1 1392 1392 1 -1 -1 0
702 1 1394 1396 2 -1 -1 0
703 1 1396 1398 2 -1 3 0
704 1 1398 1410 2 -1 1 0
705 1 1400 1400 1 -1 -1 0
706 1 1402 1402 1 -1 -1 0
707 1 1404 1404 1 -1 -1 0
708 1 1406 1408 2 -1 -1 0
709 1 1408 1410 2 -1 5 0
710 1 1410 1422 2 -1 1 0
711 1 1412 1412 1 -1 -1 0
712 1 1414 1414 1 -1 -1 0
713 1 1416 1416 1 -1 -1 0
714 1 1418 1420 2 -1 -1 0
715 1 1420 1422 2 -1 5 0
716 1 1422 1424 2 -1 1 0
717 1 1424 1424 1 -1 0 0
719 1 1428 1430 2 -1 -1 0
720 1 1430 1432 2 -1 -1 0
721 1 1432 1452 7 -1 -1 0
724 1 1434 1436 2 -1 -1 0
725 2 1436 1564 1567 1576 3 -1 5 0
726 1 1438 1466 2 -1 1 0
727 1 1440 1442 2 -1 -1 0
728 1 1442 1478 2 -1 2 0
729 1 1444 1446 2 -1 -1 0
730 1 1446 1502 2 -1 2 0
731 1 1448 1450 2 -1 -1 0
732 1 1450 1526 2 -1 2 0
733 1 1452 1454 2 -1 -1 0
734 1 1454 1550 2 -1 2 0
735 1 1456 1456 1 -1 -1 0
736 1 1458 1458 1 -1 -1 0
737 1 1460 1460 1 -1 -1 0
738 1 1462 1464 2 -1 -1 0
739 1 1464 1466 2 -1 3 0
740 1 1466 1630 2 -1 2 0
741 1 1468 1468 1 -1 -1 0
742 1 1470 1470 1 -1 -1 0
743 1 1472 1472 1 -1 -1 0
744 1 1474 1476 2 -1 -1 0
745 1 1476 1478 2 -1 1 0
746 1 1478 1490 2 -1 1 0
747 1 1480 1480 1 -1 -1 0
748 1 1482 1482 1 -1 -1 0
749 1 1484 1484 1 -1 -1 0
750 1 1486 1488 2 -1 -1 0
751 1 1488 1490 2 -1 3 0
752 1 1490 1628 2 -1 2 0
753 1 1492 1492 1 -1 -1 0
754 1 1494 1494 1 -1 -1 0
755 1 1496 1496 1 -1 -1 0
756 1 1498 1500 2 -1 -1 0
757 1 1500 1502 2 -1 1 0
758 1 1502 1514 2 -1 1 0
759 1 1504 1504 1 -1 -1 0
760 1 1506 1506 1 -1 -1 0
761 1 1508 1508 1 -1 -1 0
762 1 1510 1512 2 -1 -1 0
763 1 1512 1514 2 -1 3 0
764 1 1514 1616 2 -1 2 0
765 1 1516 1516 1 -1 -1 0
766 1 1518 1518 1 -1 -1 0
767 1 1520 1520 1 -1 -1 0
768 1 1522 1524 2 -1 -1 0
769 1 1524 1526 2 -1 1 0
770 1 1526 1538 2 -1 1 0
771 1 1528 1528 1 -1 -1 0
772 1 1530 1530 1 -1 -1 0
773 1 1532 1532 1 -1 -1 0
774 1 1534 1536 2 -1 -1 0
775 1 1536 1538 2 -1 3 0
776 1 1538 1604 2 -1 2 0
777 1 1540 1540 1 -1 -1 0
778 1 1542 1542 1 -1 -1 0
779 1 1544 1544 1 -1 -1 0
780 1 1546 1548 2 -1 -1 0
781 1 1548 1550 2 -1 1 0
782 1 1550 1592 2 -1 1 0
783 1 1552 1554 2 -1 0 0
784 1 1556 1556 1 -1 -1 0
785 1 1558 1558 1 -1 -1 0
786 1 1560 1562 2 -1 -1 0
787 1 1562 1564 2 -1 4 0
788 2 1564 1567 1580 1580 2 795 0 0
790 1 1568 1568 1 -1 -1 0
791 1 1570 1570 1 -1 -1 0
792 1 1572 1574 2 -1 -1 0
793 1 1574 1576 2 -1 4 0
794 1 1576 1580 2 795 0 0
795 1 1580 1592 2 788 8 0
796 1 1582 1582 1 -1 -1 0
797 1 1584 1584 1 -1 -1 0
798 1 1586 1586 1 -1 -1 0
799 1 1588 1590 2 -1 -1 0
800 1 1590 1592 2 -1 3 0
801 1 1592 1604 2 -1 1 0
802 1 1594 1594 1 -1 -1 0
803 1 1596 1596 1 -1 -1 0
804 1 1598 1598 1 -1 -1 0
805 1 1600 1602 2 -1 -1 0
806 1 1602 1604 2 -1 5 0
807 1 1604 1616 2 -1 1 0
808 1 1606 1606 1 -1 -1 0
809 1 1608 1608 1 -1 -1 0
810 1 1610 1610 1 -1 -1 0
811 1 1612 1614 2 -1 -1 0
812 1 1614 1616 2 -1 5 0
813 1 1616 1628 2 -1 1 0
814 1 1618 1618 1 -1 -1 0
815 1 1620 1620 1 -1 -1 0
816 1 1622 1622 1 -1 -1 0
817 1 1624 1626 2 -1 -1 0
818 1 1626 1628 2 -1 5 0
819 1 1628 1630 2 -1 1 0
820 1 1630 1630 1 -1 0 0
822 1 1634 1636 2 -1 -1 0
823 1 1636 1638 2 -1 -1 0
824 1 1638 1666 9 -1 -1 0
827 1 1640 1642 2 -1 -1 0
828 2 1642 1682 1685 1694 3 -1 5 0
829 1 1644 1740 2 -1 1 0
830 1 1646 1648 2 -1 -1 0
831 1 1648 1752 2 -1 2 0
832 1 1650 1652 2 -1 -1 0
833 1 1652 1776 2 -1 2 0
834 1 1654 1656 2 -1 -1 0
835 2 1656 1712 1715 1724 3 -1 5 0
836 1 1658 1660 2 -1 -1 0
837 1 1660 1800 2 -1 2 0
838 1 1662 1664 2 -1 -1 0
839 1 1664 1824 2 -1 2 0
840 1 1666 1668 2 -1 -1 0
841 1 1668 1848 2 -1 2 0
842 1 1670 1672 2 -1 0 0
843 1 1674 1674 1 -1 -1 0
844 1 1676 1676 1 -1 -1 0
845 1 1678 1680 2 -1 -1 0
846 1 1680 1682 2 -1 4 0
847 2 1682 1685 1698 1698 2 854 0 0
849 1 1686 1686 1 -1 -1 0
850 1 1688 1688 1 -1 -1 0
851 1 1690 1692 2 -1 -1 0
852 1 1692 1694 2 -1 4 0
853 1 1694 1698 2 854 0 0
854 1 1698 1836 4 847 1 0
856 1 1700 1702 2 -1 0 0
857 1 1704 1704 1 -1 -1 0
858 1 1706 1706 1 -1 -1 0
859 1 1708 1710 2 -1 -1 0
860 1 1710 1712 2 -1 4 0
861 2 1712 1715 1728 1728 2 868 0 0
863 1 1716 1716 1 -1 -1 0
864 1 1718 1718 1 -1 -1 0
865 1 1720 1722 2 -1 -1 0
866 1 1722 1724 2 -1 4 0
867 1 1724 1728 2 868 0 0
868 1 1728 1860 2 861 8 0
870 1 1730 1730 1 -1 -1 0
871 1 1732 1732 1 -1 -1 0
872 1 1734 1734 1 -1 -1 0
873 1 1736 1738 2 -1 -1 0
874 1 1738 1740 2 -1 3 0
875 1 1740 1910 2 -1 2 0
876 1 1742 1742 1 -1 -1 0
877 1 1744 1744 1 -1 -1 0
878 1 1746 1746 1 -1 -1 0
879 1 1748 1750 2 -1 -1 0
880 1 1750 1752 2 -1 1 0
881 1 1752 1764 2 -1 1 0
882 1 1754 1754 1 -1 -1 0
883 1 1756 1756 1 -1 -1 0
884 1 1758 1758 1 -1 -1 0
885 1 1760 1762 2 -1 -1 0
886 1 1762 1764 2 -1 3 0
887 1 1764 1908 2 -1 2 0
888 1 1766 1766 1 -1 -1 0
889 1 1768 1768 1 -1 -1 0
890 1 1770 1770 1 -1 -1 0
891 1 1772 1774 2 -1 -1 0
892 1 1774 1776 2 -1 1 0
893 1 1776 1788 2 -1 1 0
894 1 1778 1778 1 -1 -1 0
895 1 1780 1780 1 -1 -1 0
896 1 1782 1782 1 -1 -1 0
897 1 1784 1786 2 -1 -1 0
898 1 1786 1788 2 -1 3 0
899 1 1788 1896 2 -1 2 0
900 1 1790 1790 1 -1 -1 0
901 1 1792 1792 1 -1 -1 0
902 1 1794 1794 1 -1 -1 0
903 1 1796 1798 2 -1 -1 0
904 1 1798 1800 2 -1 1 0
905 1 1800 1812 2 -1 1 0
906 1 1802 1802 1 -1 -1 0
907 1 1804 1804 1 -1 -1 0
908 1 1806 1806 1 -1 -1 0
909 1 1808 1810 2 -1 -1 0
910 1 1810 1812 2 -1 3 0
911 1 1812 1884 2 -1 2 0
912 1 1814 1814 1 -1 -1 0
913 1 1816 1816 1 -1 -1 0
914 1 1818 1818 1 -1 -1 0
915 1 1820 1822 2 -1 -1 0
916 1 1822 1824 2 -1 1 0
917 1 1824 1836 2 -1 1 0
918 1 1826 1826 1 -1 -1 0
919 1 1828 1828 1 -1 -1 0
920 1 1830 1830 1 -1 -1 0
921 1 1832 1834 2 -1 -1 0
922 1 1834 1836 2 -1 3 0
923 1 1836 1872 2 -1 2 0
924 1 1838 1838 1 -1 -1 0
925 1 1840 1840 1 -1 -1 0
926 1 1842 1842 1 -1 -1 0
927 1 1844 1846 2 -1 -1 0
928 1 1846 1848 2 -1 1 0
929 1 1848 1860 2 -1 1 0
930 1 1850 1850 1 -1 -1 0
931 1 1852 1852 1 -1 -1 0
932 1 1854 1854 1 -1 -1 0
933 1 1856 1858 2 -1 -1 0
934 1 1858 1860 2 -1 3 0
935 1 1860 1872 2 -1 1 0
936 1 1862 1862 1 -1 -1 0
937 1 1864 1864 1 -1 -1 0
938 1 1866 1866 1 -1 -1 0
939 1 1868 1870 2 -1 -1 0
940 1 1870 1872 2 -1 5 0
941 1 1872 1884 2 -1 1 0
942 1 1874 1874 1 -1 -1 0
943 1 1876 1876 1 -1 -1 0
944 1 1878 1878 1 -1 -1 0
945 1 1880 1882 2 -1 -1 0
946 1 1882 1884 2 -1 5 0
947 1 1884 1896 2 -1 1 0
948 1 1886 1886 1 -1 -1 0
949 1 1888 1888 1 -1 -1 0
950 1 1890 1890 1 -1 -1 0
951 1 1892 1894 2 -1 -1 0
952 1 1894 1896 2 -1 5 0
953 1 1896 1908 2 -1 1 0
954 1 1898 1898 1 -1 -1 0
955 1 1900 1900 1 -1 -1 0
956 1 1902 1902 1 -1 -1 0
957 1 1904 1906 2 -1 -1 0
958 1 1906 1908 2 -1 5 0
959 1 1908 1910 2 -1 1 0
960 1 1910 1910 1 -1 0 0
962 1 1914 1916 2 -1 -1 0
963 1 1916 1932 2 -1 2 0
964 1 1918 1920 2 -1 -1 0
965 1 1920 1956 2 -1 2 0
966 1 1922 1922 1 -1 -1 0
967 1 1924 1924 1 -1 -1 0
968 1 1926 1926 1 -1 -1 0
969 1 1928 1930 2 -1 -1 0
970 1 1930 1932 2 -1 1 0
971 1 1932 1944 2 -1 1 0
972 1 1934 1934 1 -1 -1 0
973 1 1936 1936 1 -1 -1 0
974 1 1938 1938 1 -1 -1 0
975 1 1940 1942 2 -1 -1 0
976 1 1942 1944 2 -1 3 0
977 1 1944 1970 2 -1 2 0
978 1 1946 1946 1 -1 -1 0
979 1 1948 1948 1 -1 -1 0
980 1 1950 1950 1 -1 -1 0
981 1 1952 1954 2 -1 -1 0
982 1 1954 1956 2 -1 1 0
983 1 1956 1968 2 -1 1 0
984 1 1958 1958 1 -1 -1 0
985 1 1960 1960 1 -1 -1 0
986 1 1962 1962 1 -1 -1 0
987 1 1964 1966 2 -1 -1 0
988 1 1966 1968 2 -1 3 0
989 1 1968 1970 2 -1 1 0
990 1 1970 1970 1 -1 0 0
992 1 1974 1976 2 -1 -1 0
993 1 1976 1992 2 -1 2 0
994 1 1978 1980 2 -1 -1 0
995 1 1980 2016 2 -1 2 0
996 1 1982 1982 1 -1 -1 0
997 1 1984 1984 1 -1 -1 0
998 1 1986 1986 1 -1 -1 0
999 1 1988 1990 2 -1 -1 0
1000 1 1990 1992 2 -1 1 0
1001 1 1992 2004 2 -1 1 0
1002 1 1994 1994 1 -1 -1 0
1003 1 1996 1996 1 -1 -1 0
1004 1 1998 1998 1 -1 -1 0
1005 1 2000 2002 2 -1 -1 0
1006 1 2002 2004 2 -1 3 0
1007 1 2004 2030 2 -1 2 0
1008 1 2006 2006 1 -1 -1 0
1009 1 2008 2008 1 -1 -1 0
1010 1 2010 2010 1 -1 -1 0
1011 1 2012 2014 2 -1 -1 0
1012 1 2014 2016 2 -1 1 0
1013 1 2016 2028 2 -1 1 0
1014 1 2018 2018 1 -1 -1 0
1015 1 2020 2020 1 -1 -1 0
1016 1 2022 2022 1 -1 -1 0
1017 1 2024 2026 2 -1 -1 0
1018 1 2026 2028 2 -1 3 0
1019 1 2028 2030 2 -1 1 0
1020 1 2030 2030 1 -1 0 0
1022 1 2034 2036 2 -1 -1 0
1023 1 2036 2048 2 -1 2 0
1024 1 2038 2038 1 -1 -1 0
1025 1 2040 2040 1 -1 -1 0
1026 1 2042 2042 1 -1 -1 0
1027 1 2044 2046 2 -1 -1 0
1028 1 2046 2048 2 -1 1 0
1029 1 2048 2060 2 -1 1 0
1030 1 2050 2050 1 -1 -1 0
1031 1 2052 2052 1 -1 -1 0
1032 1 2054 2054 1 -1 -1 0
1033 1 2056 2058 2 -1 -1 0
1034 1 2058 2060 2 -1 3 0
1035 1 2060 2062 2 -1 0 0
1037 1 2066 2068 2 -1 -1 0
1038 1 2068 2084 2 -1 2 0
1039 1 2070 2072 2 -1 -1 0
1040 1 2072 2108 2 -1 2 0
1041 1 2074 2074 1 -1 -1 0
1042 1 2076 2076 1 -1 -1 0
1043 1 2078 2078 1 -1 -1 0
1044 1 2080 2082 2 -1 -1 0
1045 1 2082 2084 2 -1 1 0
1046 1 2084 2096 2 -1 1 0
1047 1 2086 2086 1 -1 -1 0
1048 1 2088 2088 1 -1 -1 0
1049 1 2090 2090 1 -1 -1 0
1050 1 2092 2094 2 -1 -1 0
1051 1 2094 2096 2 -1 3 0
1052 1 2096 2122 2 -1 2 0
1053 1 2098 2098 1 -1 -1 0
1054 1 2100 2100 1 -1 -1 0
1055 1 2102 2102 1 -1 -1 0
1056 1 2104 2106 2 -1 -1 0
1057 1 2106 2108 2 -1 1 0
1058 1 2108 2120 2 -1 1 0
1059 1 2110 2110 1 -1 -1 0
1060 1 2112 2112 1 -1 -1 0
1061 1 2114 2114 1 -1 -1 0
1062 1 2116 2118 2 -1 -1 0
1063 1 2118 2120 2 -1 3 0
1064 1 2120 2122 2 -1 1 0
1065 1 2122 2122 1 -1 0 0
1067 1 2126 2128 2 -1 -1 0
1068 1 2128 2142 2 -1 2 0
1069 1 2130 2166 2 -1 1 0
1070 1 2132 2132 1 -1 -1 0
1071 1 2134 2134 1 -1 -1 0
1072 1 2136 2136 1 -1 -1 0
1073 1 2138 2140 2 -1 -1 0
1074 1 2140 2142 2 -1 1 0
1075 1 2142 2154 2 -1 1 0
1076 1 2144 2144 1 -1 -1 0
1077 1 2146 2146 1 -1 -1 0
1078 1 2148 2148 1 -1 -1 0
1079 1 2150 2152 2 -1 -1 0
1080 1 2152 2154 2 -1 3 0
1081 1 2154 2168 2 -1 2 0
1082 1 2156 2156 1 -1 -1 0
1083 1 2158 2158 1 -1 -1 0
1084 1 2160 2160 1 -1 -1 0
1085 1 2162 2164 2 -1 -1 0
1086 1 2164 2166 2 -1 3 0
1087 1 2166 2168 2 -1 1 0
1088 1 2168 2168 1 -1 0 0
1090 1 2172 2184 2 -1 1 0
1091 1 2174 2174 1 -1 -1 0
1092 1 2176 2176 1 -1 -1 0
1093 1 2178 2178 1 -1 -1 0
1094 1 2180 2182 2 -1 -1 0
1095 1 2182 2184 2 -1 3 0
1096 1 2184 2186 2 -1 0 0
1098 1 2190 2192 2 -1 -1 0
1099 1 2192 2206 2 -1 2 0
1100 1 2194 2230 2 -1 1 0
1101 1 2196 2196 1 -1 -1 0
1102 1 2198 2198 1 -1 -1 0
1103 1 2200 2200 1 -1 -1 0
1104 1 2202 2204 2 -1 -1 0
1105 1 2204 2206 2 -1 1 0
1106 1 2206 2218 2 -1 1 0
1107 1 2208 2208 1 -1 -1 0
1108 1 2210 2210 1 -1 -1 0
1109 1 2212 2212 1 -1 -1 0
1110 1 2214 2216 2 -1 -1 0
1111 1 2216 2218 2 -1 3 0
1112 1 2218 2232 2 -1 2 0
1113 1 2220 2220 1 -1 -1 0
1114 1 2222 2222 1 -1 -1 0
1115 1 2224 2224 1 -1 -1 0
1116 1 2226 2228 2 -1 -1 0
1117 1 2228 2230 2 -1 3 0
1118 1 2230 2232 2 -1 1 0
1119 1 2232 2232 1 -1 0 0
1121 1 2236 2238 2 -1 -1 0
1122 1 2238 2250 2 -1 2 0
1123 1 2240 2240 1 -1 -1 0
1124 1 2242 2242 1 -1 -1 0
1125 1 2244 2244 1 -1 -1 0
1126 1 2246 2248 2 -1 -1 0
1127 1 2248 2250 2 -1 1 0
1128 1 2250 2262 2 -1 1 0
1129 1 2252 2252 1 -1 -1 0
1130 1 2254 2254 1 -1 -1 0
1131 1 2256 2256 1 -1 -1 0
1132 1 2258 2260 2 -1 -1 0
1133 1 2260 2262 2 -1 3 0
1134 1 2262 2264 2 -1 0 0
1136 1 2268 2270 2 -1 -1 0
1137 1 2270 2282 2 -1 2 0
1138 1 2272 2272 1 -1 -1 0
1139 1 2274 2274 1 -1 -1 0
1140 1 2276 2276 1 -1 -1 0
1141 1 2278 2280 2 -1 -1 0
1142 1 2280 2282 2 -1 1 0
1143 1 2282 2294 2 -1 1 0
1144 1 2284 2284 1 -1 -1 0
1145 1 2286 2286 1 -1 -1 0
1146 1 2288 2288 1 -1 -1 0
1147 1 2290 2292 2 -1 -1 0
1148 1 2292 2294 2 -1 3 0
1149 1 2294 2296 2 -1 0 0
1151 1 2300 2302 2 -1 -1 0
1152 1 2302 2314 2 -1 2 0
1153 1 2304 2304 1 -1 -1 0
1154 1 2306 2306 1 -1 -1 0
1155 1 2308 2308 1 -1 -1 0
1156 1 2310 2312 2 -1 -1 0
1157 1 2312 2314 2 -1 1 0
1158 1 2314 2326 2 -1 1 0
1159 1 2316 2316 1 -1 -1 0
1160 1 2318 2318 1 -1 -1 0
1161 1 2320 2320 1 -1 -1 0
1162 1 2322 2324 2 -1 -1 0
1163 1 2324 2326 2 -1 3 0
1164 1 2326 2328 2 -1 0 0
1166 1 2332 2334 2 -1 -1 0
1167 1 2334 2350 2 -1 2 0
1168 1 2336 2338 2 -1 -1 0
1169 1 2338 2374 2 -1 2 0
1170 1 2340 2340 1 -1 -1 0
1171 1 2342 2342 1 -1 -1 0
1172 1 2344 2344 1 -1 -1 0
1173 1 2346 2348 2 -1 -1 0
1174 1 2348 2350 2 -1 1 0
1175 1 2350 2362 2 -1 1 0
1176 1 2352 2352 1 -1 -1 0
1177 1 2354 2354 1 -1 -1 0
1178 1 2356 2356 1 -1 -1 0
1179 1 2358 2360 2 -1 -1 0
1180 1 2360 2362 2 -1 3 0
1181 1 2362 2388 2 -1 2 0
1182 1 2364 2364 1 -1 -1 0
1183 1 2366 2366 1 -1 -1 0
1184 1 2368 2368 1 -1 -1 0
1185 1 2370 2372 2 -1 -1 0
1186 1 2372 2374 2 -1 1 0
1187 1 2374 2386 2 -1 1 0
1188 1 2376 2376 1 -1 -1 0
1189 1 2378 2378 1 -1 -1 0
1190 1 2380 2380 1 -1 -1 0
1191 1 2382 2384 2 -1 -1 0
1192 1 2384 2386 2 -1 3 0
1193 1 2386 2388 2 -1 1 0
1194 1 2388 2388 1 -1 0 0
1196 1 2392 2394 2 -1 -1 0
1197 1 2394 2404 2 -1 2 0
1198 1 2396 2396 1 -1 -1 0
1199 1 2398 2398 1 -1 -1 0
1200 1 2400 2402 2 -1 -1 0
1201 1 2402 2404 2 -1 1 0
1202 1 2404 2416 2 -1 1 0
1203 1 2406 2406 1 -1 -1 0
1204 1 2408 2408 1 -1 -1 0
1205 1 2410 2410 1 -1 -1 0
1206 1 2412 2414 2 -1 -1 0
1207 1 2414 2416 2 -1 3 0
1208 1 2416 2418 2 -1 0 0
1210 1 2422 2424 2 -1 -1 0
1211 1 2424 2436 2 -1 2 0
1212 1 2426 2426 1 -1 -1 0
1213 1 2428 2428 1 -1 -1 0
1214 1 2430 2430 1 -1 -1 0
1215 1 2432 2434 2 -1 -1 0
1216 1 2434 2436 2 -1 1 0
1217 1 2436 2448 2 -1 1 0
1218 1 2438 2438 1 -1 -1 0
1219 1 2440 2440 1 -1 -1 0
1220 1 2442 2442 1 -1 -1 0
1221 1 2444 2446 2 -1 -1 0
1222 1 2446 2448 2 -1 3 0
1223 1 2448 2450 2 -1 0 0
1225 1 2454 2456 2 -1 -1 0
1226 1 2456 2472 2 -1 2 0
1227 1 2458 2460 2 -1 0 0
1228 1 2462 2462 1 -1 -1 0
1229 1 2464 2464 1 -1 -1 0
1230 1 2466 2466 1 -1 -1 0
1231 1 2468 2470 2 -1 -1 0
1232 1 2470 2472 2 -1 1 0
1233 1 2472 2484 2 -1 1 0
1234 1 2474 2474 1 -1 -1 0
1235 1 2476 2476 1 -1 -1 0
1236 1 2478 2478 1 -1 -1 0
1237 1 2480 2482 2 -1 -1 0
1238 1 2482 2484 2 -1 3 0
1239 1 2484 2486 2 -1 0 0
1241 1 2492 2494 2 -1 -1 0
1242 1 2494 2510 2 -1 2 0
1243 1 2496 2498 2 -1 0 0
1244 1 2500 2500 1 -1 -1 0
1245 1 2502 2502 1 -1 -1 0
1246 1 2504 2504 1 -1 -1 0
1247 1 2506 2508 2 -1 -1 0
1248 1 2508 2510 2 -1 1 0
1249 1 2510 2522 2 -1 1 0
1250 1 2512 2512 1 -1 -1 0
1251 1 2514 2514 1 -1 -1 0
1252 1 2516 2516 1 -1 -1 0
1253 1 2518 2520 2 -1 -1 0
1254 1 2520 2522 2 -1 3 0
1255 1 2522 2524 2 -1 0 0
1257 1 2530 2532 2 -1 -1 0
1258 1 2532 2548 2 -1 2 0
1259 1 2534 2536 2 -1 0 0
1260 1 2538 2538 1 -1 -1 0
1261 1 2540 2540 1 -1 -1 0
1262 1 2542 2542 1 -1 -1 0
1263 1 2544 2546 2 -1 -1 0
1264 1 2546 2548 2 -1 1 0
1265 1 2548 2560 2 -1 1 0
1266 1 2550 2550 1 -1 -1 0
1267 1 2552 2552 1 -1 -1 0
1268 1 2554 2554 1 -1 -1 0
1269 1 2556 2558 2 -1 -1 0
1270 1 2558 2560 2 -1 3 0
1271 1 2560 2562 2 -1 0 0
1273 1 2568 2570 2 -1 -1 0
1274 1 2570 2586 2 -1 2 0
1275 1 2572 2574 2 -1 0 0
1276 1 2576 2576 1 -1 -1 0
1277 1 2578 2578 1 -1 -1 0
1278 1 2580 2580 1 -1 -1 0
1279 1 2582 2584 2 -1 -1 0
1280 1 2584 2586 2 -1 1 0
1281 1 2586 2598 2 -1 1 0
1282 1 2588 2588 1 -1 -1 0
1283 1 2590 2590 1 -1 -1 0
1284 1 2592 2592 1 -1 -1 0
1285 1 2594 2596 2 -1 -1 0
1286 1 2596 2598 2 -1 3 0
1287 1 2598 2600 2 -1 0 0
1289 1 2606 2608 2 -1 -1 0
1290 1 2608 2624 2 -1 2 0
1291 1 2610 2612 2 -1 0 0
1292 1 2614 2614 1 -1 -1 0
1293 1 2616 2616 1 -1 -1 0
1294 1 2618 2618 1 -1 -1 0
1295 1 2620 2622 2 -1 -1 0
1296 1 2622 2624 2 -1 1 0
1297 1 2624 2636 2 -1 1 0
1298 1 2626 2626 1 -1 -1 0
1299 1 2628 2628 1 -1 -1 0
1300 1 2630 2630 1 -1 -1 0
1301 1 2632 2634 2 -1 -1 0
1302 1 2634 2636 2 -1 3 0
1303 1 2636 2638 2 -1 0 0
1305 1 2644 2646 2 -1 -1 0
1306 1 2646 2658 2 -1 2 0
1307 1 2648 2648 1 -1 -1 0
1308 1 2650 2650 1 -1 -1 0
1309 1 2652 2652 1 -1 -1 0
1310 1 2654 2656 2 -1 -1 0
1311 1 2656 2658 2 -1 1 0
1312 1 2658 2670 2 -1 1 0
1313 1 2660 2660 1 -1 -1 0
1314 1 2662 2662 1 -1 -1 0
1315 1 2664 2664 1 -1 -1 0
1316 1 2666 2668 2 -1 -1 0
1317 1 2668 2670 2 -1 3 0
1318 1 2670 2672 2 -1 0 0
1320 1 2676 2678 2 -1 -1 0
1321 1 2678 2690 2 -1 2 0
1322 1 2680 2680 1 -1 -1 0
1323 1 2682 2682 1 -1 -1 0
1324 1 2684 2684 1 -1 -1 0
1325 1 2686 2688 2 -1 -1 0
1326 1 2688 2690 2 -1 1 0
1327 1 2690 2702 2 -1 1 0
1328 1 2692 2692 1 -1 -1 0
1329 1 2694 2694 1 -1 -1 0
1330 1 2696 2696 1 -1 -1 0
1331 1 2698 2700 2 -1 -1 0
1332 1 2700 2702 2 -1 3 0
1333 1 2702 2704 2 -1 0 0
1337 1 2712 2714 2 -1 -1 0
1338 1 2714 2724 2 -1 2 0
1339 1 2716 2716 1 -1 -1 0
1340 1 2718 2718 1 -1 -1 0
1341 1 2720 2722 2 -1 -1 0
1342 1 2722 2724 2 -1 1 0
1343 1 2724 2736 2 -1 1 0
1344 1 2726 2726 1 -1 -1 0
1345 1 2728 2728 1 -1 -1 0
1346 1 2730 2730 1 -1 -1 0
1347 1 2732 2734 2 -1 -1 0
1348 1 2734 2736 2 -1 3 0
1349 1 2736 2738 2 -1 0 0
1351 1 2742 2744 2 -1 -1 0
1352 1 2744 2756 2 -1 2 0
1353 1 2746 2746 1 -1 -1 0
1354 1 2748 2748 1 -1 -1 0
1355 1 2750 2750 1 -1 -1 0
1356 1 2752 2754 2 -1 -1 0
1357 1 2754 2756 2 -1 1 0
1358 1 2756 2768 2 -1 1 0
1359 1 2758 2758 1 -1 -1 0
1360 1 2760 2760 1 -1 -1 0
1361 1 2762 2762 1 -1 -1 0
1362 1 2764 2766 2 -1 -1 0
1363 1 2766 2768 2 -1 3 0
1364 1 2768 2770 2 -1 0 0
18 6 13 0 0 0 14 13
0 6 12 18 24 36 42
0 1 2 3 5 6 11 12 13 14 15 16 17



0 2 0 11 17 24 4 -1 -1 1
1 1 0 40 7 -1 -1 1
2 1 0 2 2 -1 -1 0
3 1 2 4 2 -1 -1 0
5 1 6 8 2 -1 -1 0
6 1 8 10 2 -1 -1 0
11 1 12 14 2 -1 -1 0
12 1 18 20 2 -1 -1 0
13 1 20 22 2 -1 -1 0
14 1 24 32 2 -1 -1 0
15 1 26 28 2 -1 -1 0
16 1 30 32 2 -1 -1 0
17 1 36 38 2 -1 -1 0
52 1 51 2 0 0 51 51
0 98
0 1 2 3 4 5 6 7 8 9 10 11 12 13 14 15 16 17 18 19 20 21 22 23 24 25 26 27 28 29 30 31 32 33 34 35 36 37 38 39 40 41 42 43 44 45 46 47 48 51 50
92 94


0 1 0 94 1 -1 1 1
1 1 0 94 1 -1 5 1
2 1 0 94 1 -1 4 1
3 1 0 0 1 -1 -1 0
4 1 2 2 1 -1 -1 0
5 1 4 4 1 -1 -1 0
6 1 6 6 1 -1 -1 0
7 1 8 8 1 -1 -1 0
8 1 10 10 1 -1 -1 0
9 1 12 12 1 -1 -1 0
10 1 14 14 1 -1 -1 0
11 1 16 16 1 -1 -1 0
12 1 18 18 1 -1 -1 0
13 1 20 20 1 -1 -1 0
14 1 22 22 1 -1 -1 0
15 1 24 24 1 -1 -1 0
16 1 26 26 1 -1 -1 0
17 1 28 28 1 -1 -1 0
18 1 30 30 1 -1 -1 0
19 1 32 32 1 -1 -1 0
20 1 34 34 1 -1 -1 0
21 1 36 36 1 -1 -1 0
22 1 38 38 1 -1 -1 0
23 1 40 40 1 -1 -1 0
24 1 42 42 1 -1 -1 0
25 1 44 44 1 -1 -1 0
26 1 46 46 1 -1 -1 0
27 1 48 48 1 -1 -1 0
28 1 50 50 1 -1 -1 0
29 1 52 52 1 -1 -1 0
30 1 54 54 1 -1 -1 0
31 1 56 56 1 -1 -1 0
32 1 58 58 1 -1 -1 0
33 1 60 60 1 -1 -1 0
34 1 62 62 1 -1 -1 0
35 1 64 64 1 -1 -1 0
36 1 66 66 1 -1 -1 0
37 1 68 68 1 -1 -1 0
38 1 70 70 1 -1 -1 0
39 1 72 72 1 -1 -1 0
40 1 74 74 1 -1 -1 0
41 1 76 76 1 -1 -1 0
42 1 78 78 1 -1 -1 0
43 1 80 80 1 -1 -1 0
44 1 82 82 1 -1 -1 0
45 1 84 84 1 -1 -1 0
46 1 86 86 1 -1 -1 0
47 1 88 90 2 -1 -1 0
48 1 90 94 3 -1 2 0
50 1 94 96 2 -1 0 0
51 1 92 92 1 -1 0 0
6 3 4 0 0 0 4 4
0 8 10 12
0 1 2 3



0 1 0 0 1 -1 -1 1
1 1 0 2 2 -1 -1 0
2 1 2 4 2 -1 -1 0
3 1 4 6 2 -1 -1 0
3 1 2 1 0 0 2 2
0 4
0 2
0


0 1 0 0 1 -1 2 1
2 1 0 2 2 -1 0 0
79 7 76 6 0 0 91 76
0 48 52 64 86 90 132 164
0 1 2 3 4 5 6 7 8 9 10 11 12 13 14 15 16 17 18 19 20 21 22 23 24 25 26 27 28 29 31 32 33 34 35 36 37 38 39 40 41 42 43 44 45 46 47 48 49 50 51 52 53 54 55 56 57 58 59 60 61 62 65 66 67 68 69 70 71 72 73 74 75 76 77 78
38 80 112 126 144 158


0 4 0 47 51 80 85 126 131 158 5 -1 2 1
1 4 0 47 51 63 85 126 131 158 3 -1 1 1
2 1 0 38 1 -1 2 1
3 4 0 48 51 80 85 112 131 144 4 -1 4 1
4 1 0 162 8 -1 -1 1
5 1 0 0 1 -1 -1 0
6 1 2 2 1 -1 -1 0
7 1 4 4 1 -1 -1 0
8 1 6 6 1 -1 -1 0
9 1 8 8 1 -1 -1 0
10 1 10 10 1 -1 -1 0
11 1 12 12 1 -1 -1 0
12 1 14 14 1 -1 -1 0
13 1 16 16 1 -1 -1 0
14 1 18 18 1 -1 -1 0
15 1 20 20 1 -1 -1 0
16 1 22 22 1 -1 -1 0
17 1 24 24 1 -1 -1 0
18 1 26 26 1 -1 -1 0
19 1 28 28 1 -1 -1 0
20 1 30 30 1 -1 -1 0
21 1 32 32 1 -1 -1 0
22 1 34 36 2 -1 -1 0
23 1 36 38 2 -1 1 0
24 2 38 47 51 54 4 -1 0 0
25 1 40 42 2 -1 -1 0
26 1 42 44 2 -1 -1 0
27 1 44 46 2 -1 -1 0
28 3 52 64 85 94 131 144 6 -1 5 0
29 3 54 80 85 126 131 158 4 -1 5 0
31 1 56 58 2 -1 -1 0
32 2 58 63 85 86 3 -1 -1 0
33 1 60 62 2 -1 -1 0
34 1 64 66 2 -1 -1 0
35 1 66 80 2 -1 1 0
36 1 68 68 1 -1 -1 0
37 1 70 70 1 -1 -1 0
38 1 72 72 1 -1 -1 0
39 1 74 74 1 -1 -1 0
40 1 76 78 2 -1 -1 0
41 1 78 80 2 -1 8 0
42 1 80 82 2 -1 0 0
43 1 86 88 2 -1 -1 0
44 1 90 92 2 -1 -1 0
45 1 92 112 2 -1 1 0
46 1 94 96 2 -1 -1 0
47 1 96 98 2 -1 -1 0
48 1 98 112 2 -1 5 0
49 1 100 100 1 -1 -1 0
50 1 102 102 1 -1 -1 0
51 1 104 104 1 -1 -1 0
52 1 106 106 1 -1 -1 0
53 1 108 110 2 -1 -1 0
54 1 110 112 2 -1 8 0
55 1 112 126 2 -1 4 0
56 1 114 114 1 -1 -1 0
57 1 116 116 1 -1 -1 0
58 1 118 118 1 -1 -1 0
59 1 120 120 1 -1 -1 0
60 1 122 124 2 -1 -1 0
61 1 124 126 2 -1 8 0
62 1 126 128 2 -1 0 0
65 1 132 132 1 -1 -1 0
66 1 134 134 1 -1 -1 0
67 1 136 136 1 -1 -1 0
68 1 138 138 1 -1 -1 0
69 1 140 142 2 -1 -1 0
70 1 142 144 2 -1 -1 0
71 1 144 158 2 -1 4 0
72 1 146 146 1 -1 -1 0
73 1 148 148 1 -1 -1 0
74 1 150 150 1 -1 -1 0
75 1 152 152 1 -1 -1 0
76 1 154 156 2 -1 -1 0
77 1 156 158 2 -1 8 0
78 1 158 160 2 -1 0 0
15 3 15 1 0 0 16 15
0 6 24 28
0 1 2 3 4 5 6 7 8 9 10 11 12 13 14
18


0 1 0 18 1 -1 2 1
1 1 0 18 1 -1 5 1
2 1 0 18 1 -1 1 1
3 1 0 0 1 -1 -1 1
4 2 0 18 23 24 2 -1 4 1
5 1 0 26 4 -1 -1 1
6 1 0 2 2 -1 -1 0
7 1 2 4 2 -1 -1 0
8 1 6 6 1 -1 -1 0
9 1 8 8 1 -1 -1 0
10 1 10 10 1 -1 -1 0
11 1 12 12 1 -1 -1 0
12 1 14 16 2 -1 -1 0
13 1 16 18 2 -1 8 0
14 1 18 20 2 -1 0 0
367 35 313 20 0 0 343 313
0 50 56 60 64 72 76 84 92 94 98 100 104 136 162 166 206 222 228 234 236 430 480 484 488 538 542 592 596 624 632 652 678 692 706 710
0 1 2 3 4 5 6 7 8 9 10 11 12 13 361 15 18 19 20 21 22 23 25 27 28 30 31 316 317 318 319 37 38 39 362 321 43 322 45 46 47 48 50 52 53 323 324 56 363 326 59 60 61 62 64 65 66 67 68 69 71 72 73 74 75 76 77 78 79 80 81 82 83 84 85 86 87 88 89 90 91 92 93 94 95 96 97 98 99 100 101 102 103 104 105 106 107 108 109 110 111 112 113 114 115 116 117 118 119 327 328 120 121 122 123 124 125 126 127 128 129 130 131 132 133 134 135 136 137 138 139 140 141 142 143 144 145 146 147 148 149 150 151 152 153 154 155 156 157 158 159 160 161 162 163 164 165 166 167 168 169 170 171 172 173 174 175 176 177 178 179 180 181 182 183 184 185 186 187 188 189 190 191 192 193 194 195 196 197 198 199 200 201 202 203 204 205 206 207 208 209 210 211 212 213 214 215 216 217 218 219 220 221 222 223 224 225 226 227 228 229 230 231 232 233 234 235 236 237 238 239 240 241 242 243 244 245 246 247 248 249 250 251 252 253 254 255 256 257 258 259 260 261 262 263 264 265 266 267 268 269 270 271 272 273 274 275 276 277 278 279 280 281 282 283 364 333 357 340 358 342 365 344 346 366 288 289 290 291 292 293 296 297 298 299 300 301 302 294 295 303 304 305 306 307 308 309 310 311 312 313 314 315
18 50 52 66 68 72 116 126 152 162 202 212 222 224 266 268 370 388 426 642


0 1 0 596 6 -1 2 1
1 1 0 50 1 -1 2 1
2 1 0 36 1 -1 -1 1
3 2 0 202 205 388 3 -1 2 1
4 2 0 165 205 426 1 -1 -1 1
5 2 0 165 205 228 2 -1 1 1
6 2 0 165 205 426 2 -1 5 1
7 2 0 165 205 426 1 -1 -1 1
8 2 0 165 205 426 1 -1 -1 1
9 1 0 126 2 47 5 1
10 2 0 165 205 270 3 -1 -1 1
11 2 0 71 75 84 3 48 -1 1
12 3 0 71 75 91 94 94 1 60 -1 1
13 1 0 708 14 -1 -1 1
15 1 2 10 3 -1 -1 0
18 1 4 6 2 -1 -1 0
19 1 6 8 2 -1 -1 0
20 1 10 12 2 -1 -1 0
21 1 12 14 2 -1 -1 0
22 1 14 16 2 -1 -1 0
23 1 16 620 2 -1 -1 0
25 1 18 18 1 -1 0 0
27 1 20 22 2 -1 -1 0
28 2 22 202 205 374 6 -1 1 0
30 1 24 26 2 -1 -1 0
31 1 26 126 3 60 4 0
37 1 36 38 2 -1 -1 0
38 1 38 40 2 -1 -1 0
39 2 40 165 205 224 7 -1 2 0
43 1 46 48 2 -1 -1 0
45 1 52 54 2 -1 0 0
46 1 56 60 2 47 -1 0
47 1 60 64 2 9 -1 0
48 2 64 71 75 76 3 11 1 0
50 2 66 165 205 426 4 -1 1 0
52 1 68 70 2 -1 0 0
53 2 72 75 104 104 2 62 0 0
56 1 80 82 2 -1 -1 0
59 1 88 90 2 -1 -1 0
60 2 94 97 100 100 2 12 -1 0
61 1 100 104 2 60 -1 0
62 2 104 165 205 426 4 53 5 0
64 1 106 106 1 -1 -1 0
65 1 108 108 1 -1 -1 0
66 1 110 110 1 -1 -1 0
67 1 112 114 2 -1 -1 0
68 1 114 116 2 -1 4 0
69 2 116 202 205 426 5 -1 8 0
71 1 118 118 1 -1 -1 0
72 1 120 120 1 -1 -1 0
73 1 122 124 2 -1 -1 0
74 1 124 126 2 -1 8 0
75 2 126 140 541 542 5 -1 0 0
76 1 128 130 2 -1 -1 0
77 1 130 132 2 -1 -1 0
78 1 132 134 2 -1 -1 0
79 1 136 138 2 -1 -1 0
80 2 138 202 205 426 4 -1 5 0
81 1 140 142 2 -1 -1 0
82 2 142 202 205 426 7 -1 4 0
83 1 144 144 1 -1 -1 0
84 1 146 146 1 -1 -1 0
85 1 148 150 2 -1 -1 0
86 1 150 152 2 -1 8 0
87 2 152 161 487 488 3 -1 0 0
88 1 154 156 2 -1 -1 0
89 1 156 158 2 -1 -1 0
90 1 158 160 2 -1 -1 0
91 1 162 164 2 -1 0 0
92 1 166 166 1 -1 -1 0
93 1 168 168 1 -1 -1 0
94 1 170 170 1 -1 -1 0
95 1 172 172 1 -1 -1 0
96 1 174 174 1 -1 -1 0
97 1 176 176 1 -1 -1 0
98 1 178 178 1 -1 -1 0
99 1 180 180 1 -1 -1 0
100 1 182 182 1 -1 -1 0
101 1 184 184 1 -1 -1 0
102 1 186 186 1 -1 -1 0
103 1 188 188 1 -1 -1 0
104 1 190 190 1 -1 -1 0
105 1 192 192 1 -1 -1 0
106 1 194 194 1 -1 -1 0
107 1 196 196 1 -1 -1 0
108 1 198 200 2 -1 -1 0
109 1 200 202 2 -1 -1 0
110 2 202 205 484 484 2 237 0 0
111 1 206 206 1 -1 -1 0
112 1 208 210 2 -1 -1 0
113 1 210 212 2 -1 4 0
114 2 212 221 429 430 3 -1 0 0
115 1 214 216 2 -1 -1 0
116 1 216 218 2 -1 -1 0
117 1 218 220 2 -1 -1 0
118 1 222 222 1 -1 0 0
119 1 224 266 2 -1 3 0
120 1 236 238 2 -1 -1 0
121 1 238 266 2 -1 -1 0
122 1 240 240 1 -1 -1 0
123 1 242 242 1 -1 -1 0
124 1 244 244 1 -1 -1 0
125 1 246 246 1 -1 -1 0
126 1 248 248 1 -1 -1 0
127 1 250 250 1 -1 -1 0
128 1 252 252 1 -1 -1 0
129 1 254 254 1 -1 -1 0
130 1 256 256 1 -1 -1 0
131 1 258 258 1 -1 -1 0
132 1 260 260 1 -1 -1 0
133 1 262 264 2 -1 -1 0
134 1 264 266 2 -1 -1 0
135 1 266 268 2 -1 1 0
136 1 268 268 1 -1 0 0
137 1 270 272 2 -1 -1 0
138 1 272 378 2 -1 -1 0
139 1 274 274 1 -1 -1 0
140 1 276 276 1 -1 -1 0
141 1 278 278 1 -1 -1 0
142 1 280 280 1 -1 -1 0
143 1 282 282 1 -1 -1 0
144 1 284 284 1 -1 -1 0
145 1 286 286 1 -1 -1 0
146 1 288 288 1 -1 -1 0
147 1 290 290 1 -1 -1 0
148 1 292 292 1 -1 -1 0
149 1 294 294 1 -1 -1 0
150 1 296 296 1 -1 -1 0
151 1 298 298 1 -1 -1 0
152 1 300 300 1 -1 -1 0
153 1 302 302 1 -1 -1 0
154 1 304 304 1 -1 -1 0
155 1 306 306 1 -1 -1 0
156 1 308 308 1 -1 -1 0
157 1 310 310 1 -1 -1 0
158 1 312 312 1 -1 -1 0
159 1 314 314 1 -1 -1 0
160 1 316 316 1 -1 -1 0
161 1 318 318 1 -1 -1 0
162 1 320 320 1 -1 -1 0
163 1 322 322 1 -1 -1 0
164 1 324 324 1 -1 -1 0
165 1 326 326 1 -1 -1 0
166 1 328 328 1 -1 -1 0
167 1 330 330 1 -1 -1 0
168 1 332 332 1 -1 -1 0
169 1 334 334 1 -1 -1 0
170 1 336 336 1 -1 -1 0
171 1 338 338 1 -1 -1 0
172 1 340 340 1 -1 -1 0
173 1 342 342 1 -1 -1 0
174 1 344 344 1 -1 -1 0
175 1 346 346 1 -1 -1 0
176 1 348 348 1 -1 -1 0
177 1 350 350 1 -1 -1 0
178 1 352 352 1 -1 -1 0
179 1 354 354 1 -1 -1 0
180 1 356 356 1 -1 -1 0
181 1 358 358 1 -1 -1 0
182 1 360 360 1 -1 -1 0
183 1 362 362 1 -1 -1 0
184 1 364 364 1 -1 -1 0
185 1 366 368 2 -1 -1 0
186 1 368 426 5 -1 2 0
187 1 370 370 1 -1 0 0
188 1 372 374 2 -1 -1 0
189 1 376 378 2 -1 -1 0
190 1 380 380 1 -1 -1 0
191 1 382 382 1 -1 -1 0
192 1 384 386 2 -1 -1 0
193 1 386 388 2 -1 4 0
194 1 388 426 2 -1 0 0
195 1 390 390 1 -1 -1 0
196 1 392 392 1 -1 -1 0
197 1 394 394 1 -1 -1 0
198 1 396 396 1 -1 -1 0
199 1 398 398 1 -1 -1 0
200 1 400 400 1 -1 -1 0
201 1 402 402 1 -1 -1 0
202 1 404 404 1 -1 -1 0
203 1 406 406 1 -1 -1 0
204 1 408 408 1 -1 -1 0
205 1 410 410 1 -1 -1 0
206 1 412 412 1 -1 -1 0
207 1 414 414 1 -1 -1 0
208 1 416 416 1 -1 -1 0
209 1 418 418 1 -1 -1 0
210 1 420 420 1 -1 -1 0
211 1 422 424 2 -1 -1 0
212 1 424 426 2 -1 -1 0
213 2 426 429 480 480 2 236 0 0
214 1 430 432 2 -1 -1 0
215 1 432 476 2 -1 -1 0
216 1 434 434 1 -1 -1 0
217 1 436 436 1 -1 -1 0
218 1 438 438 1 -1 -1 0
219 1 440 440 1 -1 -1 0
220 1 442 442 1 -1 -1 0
221 1 444 444 1 -1 -1 0
222 1 446 446 1 -1 -1 0
223 1 448 448 1 -1 -1 0
224 1 450 450 1 -1 -1 0
225 1 452 452 1 -1 -1 0
226 1 454 454 1 -1 -1 0
227 1 456 456 1 -1 -1 0
228 1 458 458 1 -1 -1 0
229 1 460 460 1 -1 -1 0
230 1 462 462 1 -1 -1 0
231 1 464 464 1 -1 -1 0
232 1 466 468 2 -1 -1 0
233 1 468 480 4 236 -1 0
234 1 470 472 2 -1 -1 0
235 1 474 476 2 -1 -1 0
236 1 480 484 2 233 -1 0
237 2 484 487 538 538 2 110 -1 0
238 1 488 490 2 -1 -1 0
239 1 490 534 2 -1 -1 0
240 1 492 492 1 -1 -1 0
241 1 494 494 1 -1 -1 0
242 1 496 496 1 -1 -1 0
243 1 498 498 1 -1 -1 0
244 1 500 500 1 -1 -1 0
245 1 502 502 1 -1 -1 0
246 1 504 504 1 -1 -1 0
247 1 506 506 1 -1 -1 0
248 1 508 508 1 -1 -1 0
249 1 510 510 1 -1 -1 0
250 1 512 512 1 -1 -1 0
251 1 514 514 1 -1 -1 0
252 1 516 516 1 -1 -1 0
253 1 518 518 1 -1 -1 0
254 1 520 520 1 -1 -1 0
255 1 522 522 1 -1 -1 0
256 1 524 526 2 -1 -1 0
257 1 526 538 4 260 -1 0
258 1 528 530 2 -1 -1 0
259 1 532 534 2 -1 -1 0
260 2 538 541 592 592 2 257 -1 0
261 1 542 544 2 -1 -1 0
262 1 544 588 2 -1 -1 0
263 1 546 546 1 -1 -1 0
264 1 548 548 1 -1 -1 0
265 1 550 550 1 -1 -1 0
266 1 552 552 1 -1 -1 0
267 1 554 554 1 -1 -1 0
268 1 556 556 1 -1 -1 0
269 1 558 558 1 -1 -1 0
270 1 560 560 1 -1 -1 0
271 1 562 562 1 -1 -1 0
272 1 564 564 1 -1 -1 0
273 1 566 566 1 -1 -1 0
274 1 568 568 1 -1 -1 0
275 1 570 570 1 -1 -1 0
276 1 572 572 1 -1 -1 0
277 1 574 574 1 -1 -1 0
278 1 576 576 1 -1 -1 0
279 1 578 580 2 -1 -1 0
280 1 580 592 4 283 -1 0
281 1 582 584 2 -1 -1 0
282 1 586 588 2 -1 -1 0
283 3 592 654 691 692 705 706 8 280 -1 0
288 1 620 622 2 -1 -1 0
289 1 624 626 2 -1 -1 0
290 1 626 628 2 -1 -1 0
291 1 628 630 2 -1 -1 0
292 1 632 662 3 -1 1 0
293 1 634 666 3 -1 5 0
294 1 652 670 2 -1 -1 0
295 1 654 674 2 -1 -1 0
296 1 636 636 1 -1 -1 0
297 1 638 640 2 -1 -1 0
298 1 640 642 2 -1 4 0
299 2 642 651 677 678 3 -1 0 0
300 1 644 646 2 -1 -1 0
301 1 646 648 2 -1 -1 0
302 1 648 650 2 -1 -1 0
303 1 656 658 2 -1 -1 0
304 1 660 662 2 -1 -1 0
305 1 664 666 2 -1 -1 0
306 1 668 670 2 -1 -1 0
307 1 672 674 2 -1 -1 0
308 1 678 680 2 -1 -1 0
309 1 680 688 2 -1 -1 0
310 1 682 684 2 -1 -1 0
311 1 686 688 2 -1 -1 0
312 1 692 694 2 -1 -1 0
313 1 694 702 2 -1 -1 0
314 1 696 698 2 -1 -1 0
315 1 700 702 2 -1 -1 0
316 1 28 30 2 -1 -1 0
317 1 30 32 2 -1 -1 0
318 1 32 34 2 -1 -1 0
319 1 34 642 8 -1 2 0
321 1 44 46 2 -1 -1 0
322 1 50 52 2 -1 2 0
323 1 76 78 2 -1 -1 0
324 1 78 80 2 -1 -1 0
326 1 86 88 2 -1 -1 0
327 1 228 230 2 -1 -1 0
328 1 230 232 2 -1 -1 0
333 1 598 606 3 -1 -1 0
340 1 602 604 2 -1 -1 0
342 1 608 616 3 -1 -1 0
344 1 612 614 2 -1 -1 0
346 1 614 618 2 -1 -1 0
357 1 600 602 2 -1 -1 0
358 1 606 608 2 -1 -1 0
361 1 0 2 2 -1 -1 0
362 1 42 44 2 -1 -1 0
363 1 84 86 2 -1 -1 0
364 1 596 598 2 -1 -1 0
365 1 610 612 2 -1 -1 0
366 1 616 618 2 -1 -1 0
70 11 50 2 0 0 52 50
0 14 16 38 40 66 94 106 108 110 116 118
0 1 2 3 5 61 62 63 64 10 11 13 14 16 17 19 20 22 23 68 60 65 28 30 31 32 33 34 35 36 37 38 39 40 41 43 44 45 46 47 48 49 50 51 52 53 54 55 56 69
0 102


0 1 0 22 4 -1 2 1
1 1 0 30 4 -1 1 1
2 1 0 115 3 -1 4 1
3 1 0 115 3 -1 8 1
5 1 0 0 1 -1 0 0
10 1 10 12 2 -1 -1 0
11 1 16 115 4 62 -1 0
13 1 18 20 2 -1 -1 0
14 1 20 115 5 -1 -1 0
16 1 22 24 2 -1 -1 0
17 1 24 115 3 -1 -1 0
19 1 26 28 2 -1 -1 0
20 1 28 115 5 -1 -1 0
22 1 30 32 2 -1 -1 0
23 1 32 115 3 -1 -1 0
28 1 42 54 6 -1 -1 0
30 1 44 46 4 -1 -1 0
31 1 46 48 4 -1 -1 0
32 1 50 52 4 -1 -1 0
33 1 52 56 4 -1 -1 0
34 1 54 56 4 -1 -1 0
35 1 56 66 6 -1 -1 0
36 1 58 60 4 -1 -1 0
37 1 60 62 4 -1 -1 0
38 1 62 64 4 -1 -1 0
39 1 66 68 4 -1 -1 0
40 1 68 98 4 -1 -1 0
41 1 70 82 6 -1 -1 0
43 1 72 74 4 -1 -1 0
44 1 74 76 4 -1 -1 0
45 1 78 80 4 -1 -1 0
46 1 80 84 4 -1 -1 0
47 1 82 84 4 -1 -1 0
48 1 84 94 6 -1 -1 0
49 1 86 88 4 -1 -1 0
50 1 88 90 4 -1 -1 0
51 1 90 92 4 -1 -1 0
52 1 94 96 4 -1 -1 0
53 1 96 100 4 -1 -1 0
54 1 98 102 4 -1 2 0
55 1 100 102 4 -1 1 0
56 1 102 102 2 -1 0 0
60 2 40 40 110 115 6 65 -1 0
61 1 2 4 2 -1 -1 0
62 2 4 13 16 16 3 11 -1 0
63 1 6 8 2 -1 -1 0
64 1 8 16 3 11 -1 0
65 1 40 110 8 60 -1 0
68 1 34 36 2 -1 -1 0
69 1 112 114 4 -1 -1 0
20 5 14 3 0 0 14 14
0 20 24 26 28 32
0 1 2 3 4 5 6 7 18 8 10 11 12 13
8 10 20


0 1 0 20 1 -1 2 1
1 1 0 10 2 -1 2 1
2 1 0 10 1 -1 5 1
3 1 0 30 2 -1 -1 1
4 1 0 0 1 -1 -1 0
5 1 2 2 1 -1 -1 0
6 1 4 6 2 -1 -1 0
7 1 6 10 2 -1 4 0
8 1 10 28 3 -1 0 0
10 1 12 14 2 -1 -1 0
11 1 14 16 2 -1 -1 0
12 1 16 18 2 -1 -1 0
13 1 20 22 2 -1 0 0
18 1 8 10 2 -1 1 0
38 5 35 1 0 0 36 35
0 40 48 66 80 82
0 1 2 3 4 5 6 7 8 9 10 11 12 13 14 15 16 17 18 19 20 21 22 26 27 28 29 30 31 32 33 34 35 36 37
36


0 1 0 36 1 -1 2 1
1 1 0 36 1 -1 1 1
2 1 0 36 1 -1 5 1
3 1 0 80 6 -1 -1 1
4 1 0 0 1 -1 -1 0
5 1 2 2 1 -1 -1 0
6 1 4 4 1 -1 -1 0
7 1 6 6 1 -1 -1 0
8 1 8 8 1 -1 -1 0
9 1 10 10 1 -1 -1 0
10 1 12 12 1 -1 -1 0
11 1 14 14 1 -1 -1 0
12 1 16 16 1 -1 -1 0
13 1 18 18 1 -1 -1 0
14 1 20 20 1 -1 -1 0
15 1 22 22 1 -1 -1 0
16 1 24 24 1 -1 -1 0
17 1 26 26 1 -1 -1 0
18 1 28 28 1 -1 -1 0
19 1 30 30 1 -1 -1 0
20 1 32 34 2 -1 -1 0
21 1 34 36 2 -1 4 0
22 2 36 50 65 66 5 -1 0 0
26 1 40 42 2 -1 -1 0
27 1 42 44 2 -1 -1 0
28 1 44 46 2 -1 -1 0
29 1 48 58 2 -1 -1 0
30 1 50 62 2 -1 -1 0
31 1 52 54 2 -1 -1 0
32 1 56 58 2 -1 -1 0
33 1 60 62 2 -1 -1 0
34 1 66 68 2 -1 -1 0
35 1 68 76 2 -1 -1 0
36 1 70 72 2 -1 -1 0
37 1 74 76 2 -1 -1 0
19 1 14 3 0 0 14 14
0 12
0 1 2 3 4 5 6 7 8 10 17 18 16 13
0 6 10


0 1 0 10 1 -1 2 1
1 1 0 10 4 -1 2 1
2 1 0 10 1 -1 4 1
3 1 0 10 1 -1 8 1
4 1 0 10 1 -1 3 1
5 1 0 10 1 -1 -1 1
6 1 0 10 1 -1 -1 1
7 1 0 10 1 -1 -1 1
8 1 0 10 1 -1 -1 1
10 1 0 10 2 -1 0 0
13 1 8 10 2 -1 -1 0
16 1 6 10 2 -1 5 0
17 1 2 4 2 -1 -1 0
18 1 4 6 2 -1 5 0
97 34 52 6 2 0 84 52
0 4 8 12 16 20 24 28 30 34 38 40 42 48 52 56 60 64 68 72 76 80 84 88 92 96 100 104 108 112 116 120 124 128 168
0 1 2 4 6 14 16 24 26 34 37 38 78 42 44 45 47 48 50 51 53 54 56 57 59 60 62 63 65 66 68 69 71 72 73 81 82 83 84 85 86 87 88 80 90 91 93 94 95 96 76 77
42 44 152 156 160 164
150 154

0 12 0 44 47 51 55 59 63 67 71 75 79 83 87 91 95 99 103 107 111 115 119 123 127 134 4 -1 2 1
1 12 0 44 47 51 55 59 63 67 71 75 79 83 87 91 95 99 103 107 111 115 119 123 127 144 4 -1 1 1
2 11 0 41 47 51 55 59 63 67 71 75 79 83 87 91 95 99 103 107 111 115 119 120 17 -1 -1 1
4 1 0 2 2 -1 -1 0
6 1 4 6 2 -1 -1 0
14 1 8 10 2 -1 -1 0
16 1 12 14 2 -1 -1 0
24 1 16 18 2 -1 -1 0
26 1 20 22 2 -1 -1 0
34 1 24 26 2 -1 -1 0
37 1 30 34 2 38 -1 0
38 1 34 40 2 37 -1 0
42 1 44 46 2 -1 0 0
44 1 48 50 2 -1 -1 0
45 1 52 54 2 -1 -1 0
47 1 56 58 2 -1 -1 0
48 1 60 62 2 -1 -1 0
50 1 64 66 2 -1 -1 0
51 1 68 70 2 -1 -1 0
53 1 72 74 2 -1 -1 0
54 1 76 78 2 -1 -1 0
56 1 80 82 2 -1 -1 0
57 1 84 86 2 -1 -1 0
59 1 88 90 2 -1 -1 0
60 1 92 94 2 -1 -1 0
62 1 96 98 2 -1 -1 0
63 1 100 102 2 -1 -1 0
65 1 104 106 2 -1 -1 0
66 1 108 110 2 -1 -1 0
68 1 112 114 2 -1 -1 0
69 1 116 118 2 -1 -1 0
71 1 120 122 2 -1 -1 0
72 1 124 126 2 -1 -1 0
73 1 128 164 2 -1 2 0
76 1 162 164 2 -1 5 0
77 1 164 166 2 -1 0 0
78 1 42 42 1 -1 0 0
80 1 148 154 3 -1 -1 0
81 1 130 132 2 -1 -1 0
82 1 132 144 2 -1 -1 0
83 1 134 136 2 -1 -1 0
84 1 136 140 2 -1 -1 0
85 1 138 142 2 -1 -1 0
86 1 140 142 2 -1 -1 0
87 1 144 146 2 -1 -1 0
88 1 146 148 2 -1 -1 0
90 1 150 152 2 -1 2 0
91 1 152 160 2 -1 2 0
93 1 154 156 2 -1 2 0
94 1 156 160 2 -1 1 0
95 1 158 160 2 -1 5 0
96 1 160 164 2 -1 1 0
84 17 30 1 0 0 38 30
0 12 14 20 24 26 36 44 60 64 66 72 74 80 84 86 88 90
0 1 13 2 83 15 7 42 43 24 48 49 58 59 71 72 66 67 30 54 55 47 64 65 57 34 36 70 69 41
2


0 1 0 26 2 -1 -1 1
1 1 0 2 1 -1 2 1
2 1 2 30 3 -1 0 0
7 1 8 10 2 -1 -1 0
13 1 0 2 2 -1 1 0
15 1 6 80 6 -1 -1 0
24 1 20 22 2 -1 -1 0
30 1 40 42 4 -1 -1 0
34 1 56 58 4 -1 -1 0
36 2 60 63 66 66 4 70 -1 0
41 1 80 82 2 -1 -1 0
42 1 14 16 2 -1 -1 0
43 1 16 20 2 -1 -1 0
47 1 48 56 4 -1 -1 0
48 1 26 28 2 -1 -1 0
49 1 28 79 3 -1 -1 0
54 1 44 46 4 -1 -1 0
55 1 46 48 4 -1 -1 0
57 1 54 56 4 -1 -1 0
58 1 30 32 2 -1 -1 0
59 1 32 79 3 -1 -1 0
64 1 50 52 4 -1 -1 0
65 1 52 54 4 -1 -1 0
66 2 38 38 76 79 6 67 -1 0
67 2 38 63 68 68 4 66 -1 0
69 2 68 71 76 76 4 67 -1 0
70 2 66 71 74 74 4 72 -1 0
71 2 36 36 74 80 5 72 -1 0
72 3 36 60 63 66 71 74 14 71 -1 0
83 1 4 6 2 -1 -1 0
239 10 172 17 0 0 184 172
0 28 44 64 84 132 152 166 176 392 420
0 1 2 3 123 124 131 132 133 125 126 127 128 129 4 6 7 8 9 10 214 13 15 16 17 18 19 20 21 22 23 24 25 26 27 28 29 30 31 32 33 34 35 36 37 38 39 40 41 42 43 44 45 46 47 48 49 50 51 52 53 54 55 56 57 58 59 60 61 62 227 65 66 67 69 70 71 72 78 79 80 83 228 135 137 138 139 140 141 229 143 145 146 147 148 149 88 230 151 153 154 155 156 157 231 159 161 162 163 164 165 93 232 167 169 170 171 172 173 233 175 177 178 179 180 181 98 234 183 185 186 187 188 189 235 102 236 191 193 194 195 196 197 105 237 199 201 202 203 204 205 108 109 238 207 209 210 211 212 213 111 112 113 114 115 116 117 118 119 120 121 122
2 8 10 12 18 20 22 54 70 72 88 122 140 160 170 180 380


0 1 0 2 1 -1 2 1
1 4 0 27 43 63 83 131 151 256 3 -1 2 1
2 4 0 27 43 63 83 131 151 294 2 -1 1 1
3 1 0 418 15 -1 -1 1
4 4 20 27 43 72 83 140 151 218 6 -1 2 0
6 1 22 24 2 -1 0 0
7 1 24 26 2 -1 -1 0
8 1 28 28 1 -1 -1 0
9 1 30 30 1 -1 -1 0
10 1 32 32 1 -1 -1 0
13 1 38 40 2 -1 -1 0
15 1 44 44 1 -1 -1 0
16 1 46 46 1 -1 -1 0
17 1 48 48 1 -1 -1 0
18 1 50 52 2 -1 -1 0
19 1 52 54 2 -1 1 0
20 2 54 64 83 84 4 -1 0 0
21 1 56 58 2 -1 -1 0
22 1 58 60 2 -1 -1 0
23 1 60 62 2 -1 -1 0
24 1 64 70 2 -1 2 0
25 1 66 72 2 -1 2 0
26 1 68 72 2 -1 5 0
27 1 70 72 2 -1 4 0
28 1 72 80 2 -1 0 0
29 1 74 76 2 -1 -1 0
30 1 78 80 2 -1 -1 0
31 1 84 86 2 -1 -1 0
32 1 86 88 2 -1 -1 0
33 1 88 122 2 -1 2 0
34 1 90 90 1 -1 -1 0
35 1 92 92 1 -1 -1 0
36 1 94 94 1 -1 -1 0
37 1 96 96 1 -1 -1 0
38 1 98 98 1 -1 -1 0
39 1 100 100 1 -1 -1 0
40 1 102 102 1 -1 -1 0
41 1 104 104 1 -1 -1 0
42 1 106 106 1 -1 -1 0
43 1 108 108 1 -1 -1 0
44 1 110 110 1 -1 -1 0
45 1 112 112 1 -1 -1 0
46 1 114 114 1 -1 -1 0
47 1 116 116 1 -1 -1 0
48 1 118 120 2 -1 -1 0
49 1 120 122 2 -1 1 0
50 2 122 132 151 152 4 -1 0 0
51 1 124 126 2 -1 -1 0
52 1 126 128 2 -1 -1 0
53 1 128 130 2 -1 -1 0
54 1 132 134 2 -1 -1 0
55 1 134 140 2 -1 4 0
56 1 136 140 2 -1 2 0
57 1 138 140 2 -1 5 0
58 1 140 148 2 -1 0 0
59 1 142 144 2 -1 -1 0
60 1 146 148 2 -1 -1 0
61 1 152 154 2 -1 -1 0
62 2 154 358 391 392 6 -1 -1 0
65 1 158 160 2 -1 2 0
66 1 160 162 2 -1 0 0
67 1 162 164 2 -1 -1 0
69 1 166 168 2 -1 -1 0
70 1 168 170 2 -1 2 0
71 1 170 172 2 -1 0 0
72 1 172 174 2 -1 -1 0
78 1 176 178 2 -1 -1 0
79 1 178 180 2 -1 1 0
80 1 180 380 12 -1 2 0
83 1 182 200 2 -1 -1 0
88 1 220 238 2 -1 -1 0
93 1 258 276 2 -1 -1 0
98 1 296 314 2 -1 -1 0
102 1 318 336 2 -1 -1 0
105 1 338 356 2 -1 -1 0
108 1 358 360 2 -1 -1 0
109 1 360 378 2 -1 -1 0
111 1 380 388 2 -1 0 0
112 1 382 384 2 -1 -1 0
113 1 386 388 2 -1 -1 0
114 1 392 408 2 -1 -1 0
115 1 394 394 1 -1 -1 0
116 1 396 396 1 -1 -1 0
117 1 398 400 2 -1 -1 0
118 1 400 416 4 -1 -1 0
119 1 402 404 2 -1 -1 0
120 1 406 408 2 -1 -1 0
121 1 410 412 2 -1 -1 0
122 1 414 416 2 -1 -1 0
123 1 0 2 2 -1 1 0
124 1 2 12 2 -1 2 0
125 1 10 12 2 -1 1 0
126 1 12 20 2 -1 2 0
127 1 14 18 2 -1 1 0
128 1 16 18 2 -1 5 0
129 1 18 20 2 -1 1 0
131 1 4 6 2 -1 -1 0
132 1 6 10 3 -1 5 0
133 1 8 8 1 -1 0 0
135 1 186 194 3 -1 -1 0
137 1 188 190 2 -1 -1 0
138 1 190 192 2 -1 -1 0
139 1 194 196 2 -1 -1 0
140 1 196 198 2 -1 -1 0
141 1 198 200 2 -1 -1 0
143 1 204 212 3 -1 -1 0
145 1 206 208 2 -1 -1 0
146 1 208 210 2 -1 -1 0
147 1 212 214 2 -1 -1 0
148 1 214 216 2 -1 -1 0
149 1 216 218 2 -1 -1 0
151 1 224 232 3 -1 -1 0
153 1 226 228 2 -1 -1 0
154 1 228 230 2 -1 -1 0
155 1 232 234 2 -1 -1 0
156 1 234 236 2 -1 -1 0
157 1 236 238 2 -1 -1 0
159 1 242 250 3 -1 -1 0
161 1 244 246 2 -1 -1 0
162 1 246 248 2 -1 -1 0
163 1 250 252 2 -1 -1 0
164 1 252 254 2 -1 -1 0
165 1 254 256 2 -1 -1 0
167 1 262 270 3 -1 -1 0
169 1 264 266 2 -1 -1 0
170 1 266 268 2 -1 -1 0
171 1 270 272 2 -1 -1 0
172 1 272 274 2 -1 -1 0
173 1 274 276 2 -1 -1 0
175 1 280 288 3 -1 -1 0
177 1 282 284 2 -1 -1 0
178 1 284 286 2 -1 -1 0
179 1 288 290 2 -1 -1 0
180 1 290 292 2 -1 -1 0
181 1 292 294 2 -1 -1 0
183 1 300 308 3 -1 -1 0
185 1 302 304 2 -1 -1 0
186 1 304 306 2 -1 -1 0
187 1 308 310 2 -1 -1 0
188 1 310 312 2 -1 -1 0
189 1 312 314 2 -1 -1 0
191 1 322 330 3 -1 -1 0
193 1 324 326 2 -1 -1 0
194 1 326 328 2 -1 -1 0
195 1 330 332 2 -1 -1 0
196 1 332 334 2 -1 -1 0
197 1 334 336 2 -1 -1 0
199 1 342 350 3 -1 -1 0
201 1 344 346 2 -1 -1 0
202 1 346 348 2 -1 -1 0
203 1 350 352 2 -1 -1 0
204 1 352 354 2 -1 -1 0
205 1 354 356 2 -1 -1 0
207 1 364 372 3 -1 -1 0
209 1 366 368 2 -1 -1 0
210 1 368 370 2 -1 -1 0
211 1 372 374 2 -1 -1 0
212 1 374 376 2 -1 -1 0
213 1 376 378 2 -1 -1 0
214 1 34 36 2 -1 -1 0
227 1 156 158 2 -1 -1 0
228 1 184 186 2 -1 -1 0
229 1 202 204 2 -1 -1 0
230 1 222 224 2 -1 -1 0
231 1 240 242 2 -1 -1 0
232 1 260 262 2 -1 -1 0
233 1 278 280 2 -1 -1 0
234 1 298 300 2 -1 -1 0
235 1 316 318 2 -1 -1 0
236 1 320 322 2 -1 -1 0
237 1 340 342 2 -1 -1 0
238 1 362 364 2 -1 -1 0
8 1 8 1 0 0 8 8
0 4
0 1 2 3 4 5 6 7
2


0 1 0 2 1 -1 2 1
1 1 0 2 1 -1 1 1
2 1 0 2 1 -1 5 1
3 1 0 2 1 -1 4 1
4 1 0 2 1 -1 8 1
5 1 0 2 1 -1 3 1
6 1 0 2 1 -1 -1 1
7 1 0 2 2 -1 -1 0
34 7 16 3 0 0 20 16
0 8 10 24 28 30 38 42
0 1 17 18 31 16 26 24 25 9 22 23 21 12 32 33
14 16 18


0 1 0 37 2 -1 2 1
1 1 0 37 3 -1 2 1
9 1 14 18 4 -1 1 0
12 2 24 27 30 30 4 24 -1 0
16 2 10 10 32 37 6 26 -1 0
17 1 0 2 2 -1 -1 0
18 1 2 37 4 -1 -1 0
21 1 20 22 4 -1 -1 0
22 1 16 18 4 -1 2 0
23 1 18 20 4 -1 0 0
24 2 12 12 30 38 5 25 -1 0
25 2 12 24 27 30 6 24 -1 0
26 1 10 32 6 16 1 0
31 1 4 6 2 -1 -1 0
32 1 34 36 4 -1 -1 0
33 1 38 40 2 24 -1 0
52 6 49 6 0 0 52 49
0 6 16 26 36 42 102
0 1 2 3 4 5 6 48 7 8 9 10 11 12 13 14 15 16 17 18 19 20 21 22 23 24 25 26 27 28 29 30 31 32 33 34 35 36 37 38 39 40 41 42 43 44 45 46 47
2 12 22 40 86 88


0 1 0 86 3 -1 2 1
1 1 0 40 4 -1 2 1
2 1 0 40 1 -1 4 1
3 2 0 5 15 22 1 -1 5 1
4 1 0 12 1 -1 1 1
5 1 0 12 1 -1 5 1
6 1 0 100 4 -1 8 1
7 1 2 4 2 -1 0 0
8 1 6 6 1 -1 -1 0
9 1 8 10 2 -1 -1 0
10 1 10 12 2 -1 4 0
11 2 12 15 26 26 2 16 0 0
12 1 16 16 1 -1 -1 0
13 1 18 20 2 -1 -1 0
14 1 20 22 2 -1 4 0
15 1 22 26 2 16 0 0
16 2 26 36 41 42 4 11 -1 0
17 1 28 30 2 -1 -1 0
18 1 30 32 2 -1 -1 0
19 1 32 34 2 -1 -1 0
20 1 36 38 2 -1 -1 0
21 1 38 40 2 -1 5 0
22 1 42 44 2 -1 -1 0
23 1 44 86 2 -1 4 0
24 1 46 46 1 -1 -1 0
25 1 48 48 1 -1 -1 0
26 1 50 50 1 -1 -1 0
27 1 52 52 1 -1 -1 0
28 1 54 54 1 -1 -1 0
29 1 56 56 1 -1 -1 0
30 1 58 58 1 -1 -1 0
31 1 60 60 1 -1 -1 0
32 1 62 62 1 -1 -1 0
33 1 64 64 1 -1 -1 0
34 1 66 66 1 -1 -1 0
35 1 68 68 1 -1 -1 0
36 1 70 70 1 -1 -1 0
37 1 72 72 1 -1 -1 0
38 1 74 74 1 -1 -1 0
39 1 76 76 1 -1 -1 0
40 1 78 78 1 -1 -1 0
41 1 80 80 1 -1 -1 0
42 1 82 84 2 -1 -1 0
43 1 84 86 2 -1 8 0
44 1 86 90 2 -1 0 0
45 1 88 98 3 -1 0 0
46 1 92 94 2 -1 -1 0
47 1 96 98 2 -1 -1 0
48 1 0 2 2 -1 1 0
52 3 50 5 0 0 51 50
0 32 82 96
0 1 2 3 4 5 6 7 9 10 11 12 13 14 15 17 18 19 20 21 22 23 24 25 26 27 28 29 30 31 32 33 34 35 36 37 38 39 40 41 42 43 44 50 51 45 46 47 48 49
0 12 22 72 76


0 1 0 76 5 -1 2 1
1 1 0 22 1 -1 1 1
2 1 0 76 1 -1 5 1
3 1 0 76 1 -1 4 1
4 1 0 76 1 -1 3 1
5 1 0 76 1 -1 -1 1
6 1 0 76 2 -1 5 1
7 1 0 94 5 -1 -1 1
9 1 0 12 2 -1 1 0
10 1 2 12 2 -1 5 0
11 1 4 4 1 -1 -1 0
12 1 6 6 1 -1 -1 0
13 1 8 10 2 -1 -1 0
14 1 10 12 2 -1 4 0
15 1 12 76 2 -1 0 0
17 1 14 14 1 -1 -1 0
18 1 16 16 1 -1 -1 0
19 1 18 20 2 -1 -1 0
20 1 20 22 2 -1 4 0
21 2 22 32 81 82 4 -1 0 0
22 1 24 26 2 -1 -1 0
23 1 26 28 2 -1 -1 0
24 1 28 30 2 -1 -1 0
25 1 32 76 2 -1 1 0
26 1 34 76 2 -1 8 0
27 1 36 36 1 -1 -1 0
28 1 38 38 1 -1 -1 0
29 1 40 40 1 -1 -1 0
30 1 42 42 1 -1 -1 0
31 1 44 44 1 -1 -1 0
32 1 46 46 1 -1 -1 0
33 1 48 48 1 -1 -1 0
34 1 50 50 1 -1 -1 0
35 1 52 52 1 -1 -1 0
36 1 54 54 1 -1 -1 0
37 1 56 56 1 -1 -1 0
38 1 58 58 1 -1 -1 0
39 1 60 60 1 -1 -1 0
40 1 62 62 1 -1 -1 0
41 1 64 64 1 -1 -1 0
42 1 66 66 1 -1 -1 0
43 1 68 70 2 -1 -1 0
44 1 70 76 2 -1 -1 0
45 1 76 78 2 -1 0 0
46 1 82 84 2 -1 -1 0
47 1 84 92 2 -1 -1 0
48 1 86 88 2 -1 -1 0
49 1 90 92 2 -1 -1 0
50 1 72 76 2 -1 0 0
51 1 74 76 2 -1 -1 0
121 22 99 8 0 0 99 99
0 48 58 72 96 114 122 142 160 162 170 192 202 218 220 222 224 226 228 230 232 234 236
0 1 2 3 4 5 6 7 8 9 10 11 12 13 14 15 16 17 18 19 20 21 22 23 24 25 26 27 28 29 30 31 32 34 35 36 37 38 39 40 41 42 43 44 45 46 47 48 49 50 105 106 107 108 52 109 110 55 56 57 58 59 60 61 62 63 64 65 66 111 112 113 114 68 69 115 116 74 77 78 79 80 81 82 83 84 85 86 87 88 89 90 91 92 117 118 119 120 94
38 86 110 132 156 170 182 214


0 1 0 38 1 -1 2 1
1 1 0 110 1 -1 1 1
2 1 0 214 1 -1 1 1
3 1 0 0 1 -1 -1 0
4 1 2 2 1 -1 -1 0
5 1 4 4 1 -1 -1 0
6 1 6 6 1 -1 -1 0
7 1 8 8 1 -1 -1 0
8 1 10 10 1 -1 -1 0
9 1 12 12 1 -1 -1 0
10 1 14 14 1 -1 -1 0
11 1 16 16 1 -1 -1 0
12 1 18 18 1 -1 -1 0
13 1 20 20 1 -1 -1 0
14 1 22 22 1 -1 -1 0
15 1 24 24 1 -1 -1 0
16 1 26 26 1 -1 -1 0
17 1 28 28 1 -1 -1 0
18 1 30 30 1 -1 -1 0
19 1 32 32 1 -1 -1 0
20 1 34 36 2 -1 -1 0
21 1 36 38 2 -1 1 0
22 1 38 48 3 -1 0 0
23 1 40 42 2 -1 -1 0
24 1 42 44 2 -1 -1 0
25 1 44 46 2 -1 -1 0
26 1 48 72 6 -1 -1 0
27 1 50 52 2 -1 -1 0
28 1 52 54 2 -1 -1 0
29 1 54 56 2 -1 -1 0
30 1 58 60 2 -1 -1 0
31 1 60 106 2 -1 -1 0
32 1 62 114 2 -1 -1 0
34 1 64 66 2 -1 -1 0
35 1 66 68 2 -1 -1 0
36 1 68 70 2 -1 -1 0
37 1 72 74 2 -1 -1 0
38 1 74 86 2 -1 2 0
39 1 76 76 1 -1 -1 0
40 1 78 78 1 -1 -1 0
41 1 80 80 1 -1 -1 0
42 1 82 84 2 -1 -1 0
43 1 84 86 2 -1 1 0
44 1 86 100 4 -1 0 0
45 1 88 90 2 -1 -1 0
46 1 90 92 2 -1 -1 0
47 1 92 94 2 -1 -1 0
48 1 96 98 2 -1 -1 0
49 1 98 132 2 -1 2 0
50 1 100 170 3 -1 2 0
52 1 110 112 2 -1 0 0
55 1 118 120 2 -1 -1 0
56 1 122 122 1 -1 -1 0
57 1 124 124 1 -1 -1 0
58 1 126 126 1 -1 -1 0
59 1 128 130 2 -1 -1 0
60 1 130 132 2 -1 1 0
61 1 132 142 3 -1 0 0
62 1 134 136 2 -1 -1 0
63 1 136 138 2 -1 -1 0
64 1 138 140 2 -1 -1 0
65 1 142 144 2 -1 -1 0
66 1 144 150 2 -1 -1 0
68 1 154 156 2 -1 1 0
69 1 156 160 2 -1 0 0
74 1 166 168 2 -1 -1 0
77 1 170 182 2 -1 2 0
78 1 172 172 1 -1 -1 0
79 1 174 174 1 -1 -1 0
80 1 176 176 1 -1 -1 0
81 1 178 180 2 -1 -1 0
82 1 180 182 2 -1 1 0
83 1 182 192 3 -1 0 0
84 1 184 186 2 -1 -1 0
85 1 186 188 2 -1 -1 0
86 1 188 190 2 -1 -1 0
87 1 192 202 3 -1 -1 0
88 1 194 196 2 -1 -1 0
89 1 196 198 2 -1 -1 0
90 1 198 200 2 -1 -1 0
91 1 202 204 2 -1 -1 0
92 1 204 210 2 -1 -1 0
94 1 214 218 2 -1 0 0
105 1 102 104 2 -1 -1 0
106 1 104 106 2 -1 -1 0
107 1 106 108 2 -1 -1 0
108 1 108 110 2 -1 2 0
109 1 114 116 2 -1 -1 0
110 1 116 118 2 -1 -1 0
111 1 146 148 2 -1 -1 0
112 1 148 150 2 -1 -1 0
113 1 150 152 2 -1 -1 0
114 1 152 156 2 -1 2 0
115 1 162 164 2 -1 -1 0
116 1 164 166 2 -1 -1 0
117 1 206 208 2 -1 -1 0
118 1 208 210 2 -1 -1 0
119 1 210 212 2 -1 -1 0
120 1 212 214 2 -1 2 0
2 1 1 1 0 0 1 1
0 2
0
0


0 1 0 0 1 -1 2 1
57 7 42 2 0 0 46 42
0 2 12 80 86 88 92 94
0 1 46 54 48 49 5 6 7 8 9 10 11 12 13 14 15 16 17 18 19 20 21 22 23 24 25 26 27 28 29 30 31 33 34 50 51 52 53 36 37 38
62 76


0 2 0 85 87 91 4 -1 2 1
1 2 0 85 87 91 2 -1 1 1
5 1 8 10 4 -1 -1 0
6 1 12 12 2 -1 -1 0
7 1 14 14 2 -1 -1 0
8 1 16 16 2 -1 -1 0
9 1 18 18 2 -1 -1 0
10 1 20 20 2 -1 -1 0
11 1 22 22 2 -1 -1 0
12 1 24 24 2 -1 -1 0
13 1 26 26 2 -1 -1 0
14 1 28 28 2 -1 -1 0
15 1 30 30 2 -1 -1 0
16 1 32 32 2 -1 -1 0
17 1 34 34 2 -1 -1 0
18 1 36 36 2 -1 -1 0
19 1 38 38 2 -1 -1 0
20 1 40 40 2 -1 -1 0
21 1 42 42 2 -1 -1 0
22 1 44 44 2 -1 -1 0
23 1 46 46 2 -1 -1 0
24 1 48 48 2 -1 -1 0
25 1 50 50 2 -1 -1 0
26 1 52 52 2 -1 -1 0
27 1 54 54 2 -1 -1 0
28 1 56 56 2 -1 -1 0
29 1 58 60 4 -1 -1 0
30 1 60 62 4 -1 5 0
31 1 62 80 6 -1 0 0
33 1 64 66 4 -1 -1 0
34 1 66 72 4 -1 -1 0
36 1 76 78 4 -1 0 0
37 1 80 82 4 -1 -1 0
38 1 82 84 4 -1 -1 0
46 2 2 2 88 91 4 54 -1 0
48 1 4 6 4 -1 -1 0
49 1 6 8 4 -1 -1 0
50 1 68 70 4 -1 -1 0
51 1 70 72 4 -1 -1 0
52 1 72 74 4 -1 -1 0
53 1 74 76 4 -1 2 0
54 2 2 85 87 88 8 46 1 0
8 1 5 2 0 0 5 5
0 8
0 1 6 7 5
4 6


0 1 0 6 1 -1 2 1
1 1 0 4 2 -1 2 1
5 1 4 6 2 -1 1 0
6 1 0 2 2 -1 -1 0
7 1 2 4 2 -1 5 0
37 3 36 5 0 0 36 36
0 70 76 78
0 1 2 3 4 5 6 7 8 9 10 11 12 13 14 15 16 17 18 19 20 21 22 23 24 25 26 27 28 29 30 31 32 33 34 35
4 10 22 60 72


0 1 0 4 2 -1 2 0
1 1 2 4 2 -1 1 0
2 1 4 4 1 -1 0 0
3 1 6 10 2 -1 2 0
4 1 8 10 2 -1 1 0
5 1 10 10 1 -1 0 0
6 1 12 60 2 -1 2 0
7 1 14 14 1 -1 -1 0
8 1 16 16 1 -1 -1 0
9 1 18 20 2 -1 -1 0
10 1 20 22 2 -1 2 0
11 1 22 60 2 -1 1 0
12 1 24 24 1 -1 -1 0
13 1 26 26 1 -1 -1 0
14 1 28 28 1 -1 -1 0
15 1 30 30 1 -1 -1 0
16 1 32 32 1 -1 -1 0
17 1 34 34 1 -1 -1 0
18 1 36 36 1 -1 -1 0
19 1 38 38 1 -1 -1 0
20 1 40 40 1 -1 -1 0
21 1 42 42 1 -1 -1 0
22 1 44 44 1 -1 -1 0
23 1 46 46 1 -1 -1 0
24 1 48 48 1 -1 -1 0
25 1 50 50 1 -1 -1 0
26 1 52 52 1 -1 -1 0
27 1 54 54 1 -1 -1 0
28 1 56 58 2 -1 -1 0
29 1 58 60 2 -1 5 0
30 1 60 70 3 -1 0 0
31 1 62 64 2 -1 -1 0
32 1 64 66 2 -1 -1 0
33 1 66 68 2 -1 -1 0
34 1 70 72 2 -1 2 0
35 1 72 74 2 -1 0 0
116 12 91 16 0 0 94 91
0 110 172 178 184 186 190 192 196 198 202 204 210
0 2 4 6 7 8 9 11 12 13 14 15 16 17 18 19 100 101 105 106 107 108 109 21 24 25 26 27 28 29 30 31 32 33 34 35 36 37 38 39 40 41 42 43 44 45 46 47 48 49 50 51 55 56 57 58 59 60 61 62 63 64 65 66 67 68 69 70 71 72 73 74 75 76 77 78 79 80 81 82 83 84 85 87 88 90 93 95 111 110 99
4 12 14 18 24 30 50 62 100 110 112 124 162 172 178 206


0 1 0 14 4 -1 2 0
2 1 2 4 2 -1 1 0
4 1 4 18 2 -1 2 0
6 1 6 6 1 -1 -1 0
7 1 8 10 2 -1 -1 0
8 1 10 12 2 -1 1 0
9 1 12 162 3 -1 5 0
11 1 14 14 1 -1 0 0
12 1 16 18 2 -1 1 0
13 1 18 18 1 -1 0 0
14 1 20 24 2 -1 2 0
15 1 22 24 2 -1 1 0
16 1 24 24 1 -1 0 0
17 1 26 30 2 -1 2 0
18 1 28 30 2 -1 1 0
19 1 30 30 1 -1 0 0
21 1 50 50 1 -1 0 0
24 1 52 100 2 -1 2 0
25 1 54 54 1 -1 -1 0
26 1 56 56 1 -1 -1 0
27 1 58 60 2 -1 -1 0
28 1 60 62 2 -1 2 0
29 1 62 100 2 -1 1 0
30 1 64 64 1 -1 -1 0
31 1 66 66 1 -1 -1 0
32 1 68 68 1 -1 -1 0
33 1 70 70 1 -1 -1 0
34 1 72 72 1 -1 -1 0
35 1 74 74 1 -1 -1 0
36 1 76 76 1 -1 -1 0
37 1 78 78 1 -1 -1 0
38 1 80 80 1 -1 -1 0
39 1 82 82 1 -1 -1 0
40 1 84 84 1 -1 -1 0
41 1 86 86 1 -1 -1 0
42 1 88 88 1 -1 -1 0
43 1 90 90 1 -1 -1 0
44 1 92 92 1 -1 -1 0
45 1 94 94 1 -1 -1 0
46 1 96 98 2 -1 -1 0
47 1 98 100 2 -1 4 0
48 1 100 102 2 -1 0 0
49 1 102 104 2 -1 -1 0
50 1 104 106 2 -1 -1 0
51 1 106 108 2 -1 -1 0
55 1 110 110 1 -1 0 0
56 1 112 112 1 -1 0 0
57 1 114 162 2 -1 2 0
58 1 116 116 1 -1 -1 0
59 1 118 118 1 -1 -1 0
60 1 120 122 2 -1 -1 0
61 1 122 124 2 -1 2 0
62 1 124 162 2 -1 1 0
63 1 126 126 1 -1 -1 0
64 1 128 128 1 -1 -1 0
65 1 130 130 1 -1 -1 0
66 1 132 132 1 -1 -1 0
67 1 134 134 1 -1 -1 0
68 1 136 136 1 -1 -1 0
69 1 138 138 1 -1 -1 0
70 1 140 140 1 -1 -1 0
71 1 142 142 1 -1 -1 0
72 1 144 144 1 -1 -1 0
73 1 146 146 1 -1 -1 0
74 1 148 148 1 -1 -1 0
75 1 150 150 1 -1 -1 0
76 1 152 152 1 -1 -1 0
77 1 154 154 1 -1 -1 0
78 1 156 156 1 -1 -1 0
79 1 158 160 2 -1 -1 0
80 1 160 162 2 -1 4 0
81 1 162 164 2 -1 0 0
82 1 164 166 2 -1 -1 0
83 1 166 168 2 -1 -1 0
84 1 168 170 2 -1 -1 0
85 1 172 174 2 -1 0 0
87 1 174 176 2 -1 -1 0
88 1 178 180 2 -1 0 0
90 1 180 182 2 -1 -1 0
93 2 186 189 192 192 2 95 -1 0
95 2 192 195 198 198 2 93 -1 0
99 1 206 206 1 -1 0 0
100 1 32 34 2 -1 -1 0
101 1 34 42 3 -1 -1 0
105 1 36 38 2 -1 -1 0
106 1 38 40 2 -1 -1 0
107 1 42 44 2 -1 -1 0
108 1 44 46 2 -1 -1 0
109 1 46 48 2 -1 -1 0
110 1 204 208 2 111 -1 0
111 2 198 201 204 204 2 95 -1 0
68 7 54 14 0 0 54 54
0 88 102 114 116 118 120 122
0 2 3 5 6 8 9 11 12 13 14 15 16 17 18 19 20 21 22 23 24 25 26 27 28 29 30 31 32 33 34 35 36 37 38 39 40 41 42 43 44 45 46 47 48 60 61 59 49 50 66 67 65 51
4 8 12 16 18 22 26 30 40 78 96 98 108 110


0 1 0 18 5 -1 2 0
2 1 2 4 2 -1 1 0
3 1 4 22 2 -1 2 0
5 1 6 8 2 -1 1 0
6 1 8 26 2 -1 2 0
8 1 10 12 2 -1 1 0
9 1 12 78 3 -1 2 0
11 1 14 16 2 -1 2 0
12 1 16 16 1 -1 0 0
13 1 18 18 1 -1 0 0
14 1 20 22 2 -1 1 0
15 1 22 22 1 -1 0 0
16 1 24 26 2 -1 1 0
17 1 26 26 1 -1 0 0
18 1 28 30 2 -1 1 0
19 1 30 30 1 -1 0 0
20 1 32 32 1 -1 -1 0
21 1 34 34 1 -1 -1 0
22 1 36 38 2 -1 -1 0
23 1 38 40 2 -1 2 0
24 1 40 78 2 -1 1 0
25 1 42 42 1 -1 -1 0
26 1 44 44 1 -1 -1 0
27 1 46 46 1 -1 -1 0
28 1 48 48 1 -1 -1 0
29 1 50 50 1 -1 -1 0
30 1 52 52 1 -1 -1 0
31 1 54 54 1 -1 -1 0
32 1 56 56 1 -1 -1 0
33 1 58 58 1 -1 -1 0
34 1 60 60 1 -1 -1 0
35 1 62 62 1 -1 -1 0
36 1 64 64 1 -1 -1 0
37 1 66 66 1 -1 -1 0
38 1 68 68 1 -1 -1 0
39 1 70 70 1 -1 -1 0
40 1 72 72 1 -1 -1 0
41 1 74 76 2 -1 -1 0
42 1 76 78 2 -1 5 0
43 1 78 88 3 -1 0 0
44 1 80 82 2 -1 -1 0
45 1 82 84 2 -1 -1 0
46 1 84 86 2 -1 -1 0
47 1 88 110 3 -1 2 0
48 1 90 96 3 -1 2 0
49 1 98 100 2 -1 0 0
50 1 102 108 3 -1 2 0
51 1 110 112 2 -1 0 0
59 1 96 98 2 -1 1 0
60 1 92 94 2 -1 -1 0
61 1 94 96 2 -1 5 0
65 1 108 110 2 -1 1 0
66 1 104 106 2 -1 -1 0
67 1 106 108 2 -1 5 0
29 3 26 3 0 0 26 26
0 42 56 58
0 1 2 3 4 5 6 7 8 9 10 11 12 13 14 15 16 17 18 19 20 21 27 28 24 25
12 32 52


0 1 0 32 2 -1 2 0
1 1 2 32 2 -1 1 0
2 1 4 4 1 -1 -1 0
3 1 6 6 1 -1 -1 0
4 1 8 10 2 -1 -1 0
5 1 10 12 2 -1 2 0
6 1 12 32 2 -1 5 0
7 1 14 14 1 -1 -1 0
8 1 16 16 1 -1 -1 0
9 1 18 18 1 -1 -1 0
10 1 20 20 1 -1 -1 0
11 1 22 22 1 -1 -1 0
12 1 24 24 1 -1 -1 0
13 1 26 26 1 -1 -1 0
14 1 28 30 2 -1 -1 0
15 1 30 32 2 -1 4 0
16 1 32 42 3 -1 0 0
17 1 34 36 2 -1 -1 0
18 1 36 38 2 -1 -1 0
19 1 38 40 2 -1 -1 0
20 1 42 44 2 -1 -1 0
21 1 44 46 2 -1 -1 0
24 1 50 52 2 -1 1 0
25 1 52 54 2 -1 0 0
27 1 46 48 2 -1 -1 0
28 1 48 52 2 -1 2 0
10 3 8 1 0 0 8 8
0 18 20 22
0 1 2 3 4 5 6 7
8


0 1 0 8 2 -1 2 0
1 1 2 2 1 -1 -1 0
2 1 4 6 2 -1 -1 0
3 1 6 8 2 -1 1 0
4 1 8 10 2 -1 0 0
5 1 10 12 2 -1 -1 0
6 1 12 14 2 -1 -1 0
7 1 14 16 2 -1 -1 0
13 3 7 2 0 0 7 7
0 2 4 26
0 6 7 8 9 11 12
4 6


0 1 0 24 3 -1 -1 1
6 1 4 10 2 -1 0 0
7 1 6 18 4 -1 0 0
8 1 8 10 2 -1 -1 0
9 1 12 14 2 -1 -1 0
11 1 16 18 2 -1 -1 0
12 1 20 22 2 -1 -1 0
40 14 10 0 0 0 14 10
0 6 10 12 16 20 22 26 30 32 36 38 42 44 46
0 1 4 6 14 16 24 26 34 37



0 1 0 0 1 -1 -1 1
1 5 0 9 11 19 21 29 31 35 37 38 9 -1 -1 0
4 1 2 4 2 -1 -1 0
6 1 6 8 2 -1 -1 0
14 1 12 14 2 -1 -1 0
16 1 16 18 2 -1 -1 0
24 1 22 24 2 -1 -1 0
26 1 26 28 2 -1 -1 0
34 1 32 34 2 -1 -1 0
37 1 38 40 2 -1 -1 0
3 1 2 1 0 0 2 2
0 4
0 2
0


0 1 0 0 1 -1 2 1
2 1 0 2 2 -1 0 0
87 11 83 9 0 0 88 83
0 26 44 48 78 106 138 152 170 182 194 206
0 1 2 3 4 5 6 7 8 9 10 11 12 13 14 15 16 17 18 19 20 21 22 23 24 25 26 27 28 29 30 31 32 33 34 35 37 38 39 40 41 42 43 44 45 46 47 48 36 49 50 80 84 85 86 82 53 54 55 56 57 58 59 60 61 62 63 64 65 66 67 68 69 70 71 72 73 74 75 76 77 78 79
16 32 68 96 112 118 120 128 164


0 1 0 16 1 -1 2 1
1 1 0 204 17 -1 -1 1
2 1 0 0 1 -1 -1 0
3 1 2 2 1 -1 -1 0
4 1 4 4 1 -1 -1 0
5 1 6 6 1 -1 -1 0
6 1 8 8 1 -1 -1 0
7 1 10 10 1 -1 -1 0
8 1 12 14 2 -1 -1 0
9 1 14 16 2 -1 1 0
10 2 16 25 43 50 4 -1 0 0
11 1 18 20 2 -1 -1 0
12 2 20 25 43 44 3 -1 -1 0
13 1 22 24 2 -1 -1 0
14 1 26 26 1 -1 -1 0
15 1 28 30 2 -1 -1 0
16 1 30 32 2 -1 2 0
17 1 32 40 2 -1 0 0
18 1 34 36 2 -1 -1 0
19 1 38 40 2 -1 -1 0
20 1 44 46 2 -1 -1 0
21 1 48 68 2 -1 2 0
22 2 50 137 151 164 2 -1 5 0
23 1 52 52 1 -1 -1 0
24 1 54 54 1 -1 -1 0
25 1 56 56 1 -1 -1 0
26 1 58 58 1 -1 -1 0
27 1 60 60 1 -1 -1 0
28 1 62 62 1 -1 -1 0
29 1 64 66 2 -1 -1 0
30 1 66 68 2 -1 1 0
31 1 68 106 4 -1 0 0
32 1 70 72 2 -1 -1 0
33 1 72 74 2 -1 -1 0
34 1 74 76 2 -1 -1 0
35 1 78 96 2 -1 2 0
36 1 106 128 2 -1 2 0
37 1 80 80 1 -1 -1 0
38 1 82 82 1 -1 -1 0
39 1 84 84 1 -1 -1 0
40 1 86 86 1 -1 -1 0
41 1 88 88 1 -1 -1 0
42 1 90 90 1 -1 -1 0
43 1 92 94 2 -1 -1 0
44 1 94 96 2 -1 1 0
45 1 96 108 3 -1 0 0
46 1 98 100 2 -1 -1 0
47 1 100 102 2 -1 -1 0
48 1 102 104 2 -1 -1 0
49 1 108 110 2 -1 -1 0
50 1 110 112 2 -1 2 0
53 1 122 122 1 -1 -1 0
54 1 124 126 2 -1 -1 0
55 1 126 128 2 -1 5 0
56 2 128 138 151 152 4 -1 0 0
57 1 130 132 2 -1 -1 0
58 1 132 134 2 -1 -1 0
59 1 134 136 2 -1 -1 0
60 1 138 140 2 -1 -1 0
61 1 140 148 2 -1 -1 0
62 1 142 144 2 -1 -1 0
63 1 146 148 2 -1 -1 0
64 1 152 154 2 -1 -1 0
65 1 154 164 2 -1 1 0
66 1 156 156 1 -1 -1 0
67 1 158 158 1 -1 -1 0
68 1 160 162 2 -1 -1 0
69 1 162 164 2 -1 4 0
70 1 164 166 2 -1 0 0
71 1 170 178 2 -1 -1 0
72 1 172 174 2 -1 -1 0
73 1 176 178 2 -1 -1 0
74 1 182 190 2 -1 -1 0
75 1 184 186 2 -1 -1 0
76 1 188 190 2 -1 -1 0
77 1 194 202 2 -1 -1 0
78 1 196 198 2 -1 -1 0
79 1 200 202 2 -1 -1 0
80 1 112 120 4 -1 2 0
82 2 120 137 151 164 3 -1 1 0
84 1 114 116 2 -1 -1 0
85 1 116 120 3 -1 5 0
86 1 118 118 1 -1 0 0
81 13 67 1 0 0 77 67
0 32 36 52 56 72 88 128 132 148 152 168 184 188
0 1 2 3 4 5 6 7 8 9 10 11 12 13 14 15 16 17 18 19 46 47 48 49 50 52 53 54 55 56 57 58 59 60 21 22 23 24 25 26 27 28 29 30 31 32 33 34 35 36 37 38 39 66 67 68 69 70 72 73 74 75 76 77 78 79 80
14


0 3 0 134 147 154 167 170 7 -1 2 1
1 2 0 131 147 148 3 -1 1 1
2 2 0 35 51 52 2 -1 -1 1
3 3 0 40 51 64 71 84 3 -1 -1 1
4 1 0 186 2 -1 -1 1
5 1 0 0 1 -1 -1 0
6 1 2 2 1 -1 -1 0
7 1 4 4 1 -1 -1 0
8 1 6 6 1 -1 -1 0
9 1 8 8 1 -1 -1 0
10 1 10 12 2 -1 -1 0
11 1 12 14 2 -1 5 0
12 3 14 38 51 58 71 74 7 -1 0 0
13 1 16 16 1 -1 -1 0
14 1 18 18 1 -1 -1 0
15 1 20 20 1 -1 -1 0
16 1 22 22 1 -1 -1 0
17 1 24 24 1 -1 -1 0
18 1 26 28 2 -1 -1 0
19 3 28 136 147 160 167 180 13 -1 -1 0
21 1 88 88 1 -1 -1 0
22 1 90 90 1 -1 -1 0
23 1 92 92 1 -1 -1 0
24 1 94 94 1 -1 -1 0
25 1 96 96 1 -1 -1 0
26 1 98 98 1 -1 -1 0
27 1 100 100 1 -1 -1 0
28 1 102 102 1 -1 -1 0
29 1 104 104 1 -1 -1 0
30 1 106 106 1 -1 -1 0
31 1 108 108 1 -1 -1 0
32 1 110 110 1 -1 -1 0
33 1 112 112 1 -1 -1 0
34 1 114 114 1 -1 -1 0
35 1 116 116 1 -1 -1 0
36 1 118 118 1 -1 -1 0
37 1 120 120 1 -1 -1 0
38 1 122 124 2 -1 -1 0
39 1 124 184 11 -1 -1 0
46 1 32 34 2 -1 -1 0
47 1 36 44 2 -1 -1 0
48 1 38 48 2 -1 -1 0
49 1 42 44 2 -1 -1 0
50 1 46 48 2 -1 -1 0
52 1 52 54 2 -1 -1 0
53 1 56 60 2 -1 -1 0
54 1 58 68 2 -1 -1 0
55 1 62 64 2 -1 -1 0
56 1 66 68 2 -1 -1 0
57 1 72 76 2 -1 -1 0
58 1 74 80 2 -1 -1 0
59 1 78 80 2 -1 -1 0
60 1 82 84 2 -1 -1 0
66 1 128 130 2 -1 -1 0
67 1 132 140 2 -1 -1 0
68 1 134 144 2 -1 -1 0
69 1 138 140 2 -1 -1 0
70 1 142 144 2 -1 -1 0
72 1 148 150 2 -1 -1 0
73 1 152 156 2 -1 -1 0
74 1 154 164 2 -1 -1 0
75 1 158 160 2 -1 -1 0
76 1 162 164 2 -1 -1 0
77 1 168 172 2 -1 -1 0
78 1 170 176 2 -1 -1 0
79 1 174 176 2 -1 -1 0
80 1 178 180 2 -1 -1 0
103 20 65 4 0 0 67 65
0 26 56 66 78 90 96 98 112 116 120 126 128 146 150 154 156 160 162 164 166
0 1 2 3 4 5 6 7 8 9 10 11 12 13 14 15 16 17 18 19 20 21 22 23 24 25 26 27 28 29 38 31 39 40 42 43 46 48 49 51 52 54 59 97 72 91 64 65 66 67 69 98 74 100 87 89 77 78 79 80 81 82 84 101 33
16 46 60 156


0 1 0 16 1 -1 2 1
1 1 0 156 1 -1 1 1
2 1 0 0 1 -1 -1 0
3 1 2 2 1 -1 -1 0
4 1 4 4 1 -1 -1 0
5 1 6 6 1 -1 -1 0
6 1 8 8 1 -1 -1 0
7 1 10 10 1 -1 -1 0
8 1 12 14 2 -1 -1 0
9 1 14 16 2 -1 1 0
10 1 16 28 4 -1 0 0
11 1 18 20 2 -1 -1 0
12 1 20 22 2 -1 -1 0
13 1 22 24 2 -1 -1 0
14 1 26 46 2 -1 2 0
15 1 28 156 2 -1 2 0
16 1 30 30 1 -1 -1 0
17 1 32 32 1 -1 -1 0
18 1 34 34 1 -1 -1 0
19 1 36 36 1 -1 -1 0
20 1 38 38 1 -1 -1 0
21 1 40 40 1 -1 -1 0
22 1 42 44 2 -1 -1 0
23 1 44 46 2 -1 1 0
24 1 46 56 3 -1 0 0
25 1 48 50 2 -1 -1 0
26 1 50 52 2 -1 -1 0
27 1 52 54 2 -1 -1 0
28 1 56 58 2 -1 -1 0
29 1 58 60 2 -1 2 0
31 1 62 82 3 -1 -1 0
33 1 156 158 2 -1 0 0
38 1 60 78 3 -1 0 0
39 1 66 68 2 -1 -1 0
40 1 68 153 6 -1 -1 0
42 1 70 72 2 -1 -1 0
43 1 72 74 2 -1 -1 0
46 1 74 76 2 -1 -1 0
48 1 78 80 2 -1 -1 0
49 1 80 153 6 -1 -1 0
51 1 82 84 2 -1 -1 0
52 1 84 153 6 -1 -1 0
54 1 86 88 2 -1 -1 0
59 1 90 120 5 -1 -1 0
64 1 100 102 4 -1 -1 0
65 1 102 108 4 -1 -1 0
66 1 104 106 4 -1 -1 0
67 1 106 108 4 -1 -1 0
69 1 108 110 4 -1 -1 0
72 2 98 98 112 119 6 91 -1 0
74 1 120 128 4 89 -1 0
77 1 130 132 4 -1 -1 0
78 1 132 134 4 -1 -1 0
79 1 134 142 4 -1 -1 0
80 1 136 138 4 -1 -1 0
81 1 138 140 4 -1 -1 0
82 1 140 142 4 -1 -1 0
84 1 142 144 4 -1 -1 0
87 2 128 128 146 153 6 89 -1 0
89 1 128 146 8 74 -1 0
91 1 98 112 8 72 -1 0
97 1 92 94 2 -1 -1 0
98 1 116 118 4 -1 -1 0
100 1 122 124 2 -1 -1 0
101 1 150 152 4 -1 -1 0
168 7 165 9 0 0 171 165
0 28 138 170 280 338 342 352
0 1 2 3 5 7 8 9 10 11 12 13 14 15 16 17 18 19 20 21 22 23 24 25 26 27 28 29 30 31 32 33 34 35 36 37 38 39 40 41 42 43 44 45 46 47 48 49 50 51 52 53 54 55 56 57 58 59 60 61 62 63 64 65 66 67 68 69 70 71 72 73 74 75 76 77 78 79 80 81 82 83 84 85 86 87 88 89 90 91 92 93 94 95 96 97 98 99 100 101 102 103 104 105 106 107 108 109 110 111 112 113 114 115 116 117 118 119 120 121 122 123 124 125 126 127 128 129 130 131 132 133 134 135 136 137 138 139 140 141 142 143 144 145 146 147 148 149 150 151 152 153 154 155 156 157 158 159 160 161 162 163 164 166 167
18 70 72 160 212 214 334 344 346


0 3 0 70 137 212 279 334 3 -1 2 1
1 1 0 18 1 -1 2 1
2 1 0 350 2 -1 -1 1
3 1 0 344 2 -1 2 0
5 1 2 346 2 -1 2 0
7 1 4 4 1 -1 -1 0
8 1 6 6 1 -1 -1 0
9 1 8 8 1 -1 -1 0
10 1 10 10 1 -1 -1 0
11 1 12 12 1 -1 -1 0
12 1 14 16 2 -1 -1 0
13 1 16 18 2 -1 1 0
14 2 18 28 137 138 4 -1 0 0
15 1 20 22 2 -1 -1 0
16 1 22 24 2 -1 -1 0
17 1 24 26 2 -1 -1 0
18 1 28 70 2 -1 1 0
19 1 30 30 1 -1 -1 0
20 1 32 32 1 -1 -1 0
21 1 34 34 1 -1 -1 0
22 1 36 36 1 -1 -1 0
23 1 38 38 1 -1 -1 0
24 1 40 40 1 -1 -1 0
25 1 42 42 1 -1 -1 0
26 1 44 44 1 -1 -1 0
27 1 46 46 1 -1 -1 0
28 1 48 48 1 -1 -1 0
29 1 50 50 1 -1 -1 0
30 1 52 52 1 -1 -1 0
31 1 54 54 1 -1 -1 0
32 1 56 56 1 -1 -1 0
33 1 58 58 1 -1 -1 0
34 1 60 60 1 -1 -1 0
35 1 62 62 1 -1 -1 0
36 1 64 64 1 -1 -1 0
37 1 66 68 2 -1 -1 0
38 1 68 70 2 -1 5 0
39 1 70 74 2 -1 0 0
40 1 72 134 3 -1 0 0
41 1 76 76 1 -1 -1 0
42 1 78 78 1 -1 -1 0
43 1 80 80 1 -1 -1 0
44 1 82 82 1 -1 -1 0
45 1 84 84 1 -1 -1 0
46 1 86 86 1 -1 -1 0
47 1 88 88 1 -1 -1 0
48 1 90 90 1 -1 -1 0
49 1 92 92 1 -1 -1 0
50 1 94 94 1 -1 -1 0
51 1 96 96 1 -1 -1 0
52 1 98 98 1 -1 -1 0
53 1 100 100 1 -1 -1 0
54 1 102 102 1 -1 -1 0
55 1 104 104 1 -1 -1 0
56 1 106 106 1 -1 -1 0
57 1 108 108 1 -1 -1 0
58 1 110 110 1 -1 -1 0
59 1 112 112 1 -1 -1 0
60 1 114 114 1 -1 -1 0
61 1 116 116 1 -1 -1 0
62 1 118 118 1 -1 -1 0
63 1 120 120 1 -1 -1 0
64 1 122 122 1 -1 -1 0
65 1 124 126 2 -1 -1 0
66 2 126 137 342 342 4 164 -1 0
67 1 128 130 2 -1 -1 0
68 1 132 134 2 -1 -1 0
69 1 138 140 2 -1 -1 0
70 1 140 160 2 -1 2 0
71 1 142 142 1 -1 -1 0
72 1 144 144 1 -1 -1 0
73 1 146 146 1 -1 -1 0
74 1 148 148 1 -1 -1 0
75 1 150 150 1 -1 -1 0
76 1 152 152 1 -1 -1 0
77 1 154 154 1 -1 -1 0
78 1 156 158 2 -1 -1 0
79 1 158 160 2 -1 1 0
80 2 160 170 279 280 4 -1 0 0
81 1 162 164 2 -1 -1 0
82 1 164 166 2 -1 -1 0
83 1 166 168 2 -1 -1 0
84 1 170 212 2 -1 1 0
85 1 172 172 1 -1 -1 0
86 1 174 174 1 -1 -1 0
87 1 176 176 1 -1 -1 0
88 1 178 178 1 -1 -1 0
89 1 180 180 1 -1 -1 0
90 1 182 182 1 -1 -1 0
91 1 184 184 1 -1 -1 0
92 1 186 186 1 -1 -1 0
93 1 188 188 1 -1 -1 0
94 1 190 190 1 -1 -1 0
95 1 192 192 1 -1 -1 0
96 1 194 194 1 -1 -1 0
97 1 196 196 1 -1 -1 0
98 1 198 198 1 -1 -1 0
99 1 200 200 1 -1 -1 0
100 1 202 202 1 -1 -1 0
101 1 204 204 1 -1 -1 0
102 1 206 206 1 -1 -1 0
103 1 208 210 2 -1 -1 0
104 1 210 212 2 -1 5 0
105 1 212 216 2 -1 0 0
106 1 214 276 3 -1 0 0
107 1 218 218 1 -1 -1 0
108 1 220 220 1 -1 -1 0
109 1 222 222 1 -1 -1 0
110 1 224 224 1 -1 -1 0
111 1 226 226 1 -1 -1 0
112 1 228 228 1 -1 -1 0
113 1 230 230 1 -1 -1 0
114 1 232 232 1 -1 -1 0
115 1 234 234 1 -1 -1 0
116 1 236 236 1 -1 -1 0
117 1 238 238 1 -1 -1 0
118 1 240 240 1 -1 -1 0
119 1 242 242 1 -1 -1 0
120 1 244 244 1 -1 -1 0
121 1 246 246 1 -1 -1 0
122 1 248 248 1 -1 -1 0
123 1 250 250 1 -1 -1 0
124 1 252 252 1 -1 -1 0
125 1 254 254 1 -1 -1 0
126 1 256 256 1 -1 -1 0
127 1 258 258 1 -1 -1 0
128 1 260 260 1 -1 -1 0
129 1 262 262 1 -1 -1 0
130 1 264 264 1 -1 -1 0
131 1 266 268 2 -1 -1 0
132 2 268 279 338 338 4 163 -1 0
133 1 270 272 2 -1 -1 0
134 1 274 276 2 -1 -1 0
135 1 280 334 2 -1 1 0
136 1 282 282 1 -1 -1 0
137 1 284 284 1 -1 -1 0
138 1 286 286 1 -1 -1 0
139 1 288 288 1 -1 -1 0
140 1 290 290 1 -1 -1 0
141 1 292 292 1 -1 -1 0
142 1 294 294 1 -1 -1 0
143 1 296 296 1 -1 -1 0
144 1 298 298 1 -1 -1 0
145 1 300 300 1 -1 -1 0
146 1 302 302 1 -1 -1 0
147 1 304 304 1 -1 -1 0
148 1 306 306 1 -1 -1 0
149 1 308 308 1 -1 -1 0
150 1 310 310 1 -1 -1 0
151 1 312 312 1 -1 -1 0
152 1 314 314 1 -1 -1 0
153 1 316 316 1 -1 -1 0
154 1 318 318 1 -1 -1 0
155 1 320 320 1 -1 -1 0
156 1 322 322 1 -1 -1 0
157 1 324 324 1 -1 -1 0
158 1 326 326 1 -1 -1 0
159 1 328 328 1 -1 -1 0
160 1 330 332 2 -1 -1 0
161 1 332 334 2 -1 5 0
162 1 334 338 2 163 0 0
163 1 338 342 2 162 -1 0
164 1 342 348 2 163 -1 0
166 1 344 344 1 -1 0 0
167 1 346 346 1 -1 0 0
48 6 13 0 0 0 16 13
0 14 16 20 32 34 36
0 18 21 22 26 27 3 7 41 42 46 47 10



0 1 0 0 1 -1 -1 1
3 1 10 12 2 -1 -1 0
7 1 16 18 2 -1 -1 0
10 1 28 30 2 -1 -1 0
18 2 0 13 15 24 5 -1 -1 0
21 1 2 4 2 -1 -1 0
22 2 4 13 15 16 3 -1 -1 0
26 1 6 8 2 -1 -1 0
27 2 8 13 15 16 3 -1 -1 0
41 1 20 22 2 -1 -1 0
42 1 22 28 2 -1 -1 0
46 1 24 26 2 -1 -1 0
47 1 26 28 2 -1 -1 0
105 17 70 2 0 0 72 70
0 64 74 86 98 104 106 120 124 128 134 136 154 158 162 164 168 170
0 1 2 3 4 5 6 7 8 9 10 11 12 13 14 15 16 17 18 19 20 21 22 23 24 25 26 27 28 29 30 31 32 33 34 39 40 41 42 44 45 48 50 51 53 54 56 61 99 74 93 66 67 68 69 71 100 76 102 89 91 79 80 81 82 83 84 86 103 37
0 54


0 1 0 54 2 -1 2 1
1 1 0 90 2 -1 -1 1
2 1 0 54 2 -1 1 0
3 1 2 2 1 -1 -1 0
4 1 4 4 1 -1 -1 0
5 1 6 6 1 -1 -1 0
6 1 8 8 1 -1 -1 0
7 1 10 10 1 -1 -1 0
8 1 12 12 1 -1 -1 0
9 1 14 14 1 -1 -1 0
10 1 16 16 1 -1 -1 0
11 1 18 18 1 -1 -1 0
12 1 20 20 1 -1 -1 0
13 1 22 22 1 -1 -1 0
14 1 24 24 1 -1 -1 0
15 1 26 26 1 -1 -1 0
16 1 28 28 1 -1 -1 0
17 1 30 30 1 -1 -1 0
18 1 32 32 1 -1 -1 0
19 1 34 34 1 -1 -1 0
20 1 36 36 1 -1 -1 0
21 1 38 38 1 -1 -1 0
22 1 40 40 1 -1 -1 0
23 1 42 42 1 -1 -1 0
24 1 44 44 1 -1 -1 0
25 1 46 46 1 -1 -1 0
26 1 48 48 1 -1 -1 0
27 1 50 52 2 -1 -1 0
28 1 52 54 2 -1 5 0
29 1 54 64 3 -1 0 0
30 1 56 58 2 -1 -1 0
31 1 58 60 2 -1 -1 0
32 1 60 62 2 -1 -1 0
33 1 64 66 2 -1 -1 0
34 1 66 68 2 -1 -1 0
37 1 164 166 2 -1 -1 0
39 1 68 70 2 -1 -1 0
40 1 70 86 3 -1 -1 0
41 1 74 76 2 -1 -1 0
42 1 76 161 6 -1 -1 0
44 1 78 80 2 -1 -1 0
45 1 80 82 2 -1 -1 0
48 1 82 84 2 -1 -1 0
50 1 86 88 2 -1 -1 0
51 1 88 161 6 -1 -1 0
53 1 90 92 2 -1 -1 0
54 1 92 161 6 -1 -1 0
56 1 94 96 2 -1 -1 0
61 1 98 128 5 -1 -1 0
66 1 108 110 4 -1 -1 0
67 1 110 116 4 -1 -1 0
68 1 112 114 4 -1 -1 0
69 1 114 116 4 -1 -1 0
71 1 116 118 4 -1 -1 0
74 2 106 106 120 127 6 93 -1 0
76 1 128 136 4 91 -1 0
79 1 138 140 4 -1 -1 0
80 1 140 142 4 -1 -1 0
81 1 142 150 4 -1 -1 0
82 1 144 146 4 -1 -1 0
83 1 146 148 4 -1 -1 0
84 1 148 150 4 -1 -1 0
86 1 150 152 4 -1 -1 0
89 2 136 136 154 161 6 91 -1 0
91 1 136 154 8 76 -1 0
93 1 106 120 8 74 -1 0
99 1 100 102 2 -1 -1 0
100 1 124 126 4 -1 -1 0
102 1 130 132 2 -1 -1 0
103 1 158 160 4 -1 -1 0
8 1 5 0 0 0 5 5
0 10
0 4 6 7 3



0 1 0 0 1 -1 -1 1
3 1 6 8 2 -1 -1 0
4 1 0 2 2 -1 -1 0
6 1 2 4 2 -1 -1 0
7 1 4 6 2 -1 -1 0
3 1 3 1 0 0 3 3
0 6
0 1 2
0


0 1 0 0 1 -1 2 1
1 1 0 2 2 -1 0 0
2 1 2 4 2 -1 -1 0
25 13 18 6 0 0 18 18
0 8 16 24 32 40 48 50 52 54 56 58 60 62
0 1 2 3 4 5 6 7 8 9 10 11 12 13 14 15 16 17
4 12 20 28 36 44


0 1 0 4 2 -1 2 0
1 1 2 4 2 -1 1 0
2 1 4 6 2 -1 0 0
3 1 8 12 2 -1 2 0
4 1 10 12 2 -1 1 0
5 1 12 14 2 -1 0 0
6 1 16 20 2 -1 2 0
7 1 18 20 2 -1 1 0
8 1 20 22 2 -1 0 0
9 1 24 28 2 -1 2 0
10 1 26 28 2 -1 1 0
11 1 28 30 2 -1 0 0
12 1 32 36 2 -1 2 0
13 1 34 36 2 -1 1 0
14 1 36 38 2 -1 0 0
15 1 40 44 2 -1 2 0
16 1 42 44 2 -1 1 0
17 1 44 46 2 -1 0 0
53 3 48 6 0 0 48 48
0 90 104 106
0 1 2 3 4 5 6 7 8 9 10 11 12 13 14 15 16 17 18 19 20 21 22 23 24 25 26 27 28 29 30 31 32 33 34 35 36 37 38 40 41 42 44 45 46 47 48 49
10 18 26 80 96 100


0 1 0 80 2 -1 2 0
1 1 2 80 2 -1 1 0
2 1 4 4 1 -1 -1 0
3 1 6 8 2 -1 -1 0
4 1 8 10 2 -1 1 0
5 1 10 80 2 -1 5 0
6 1 12 80 2 -1 4 0
7 1 14 80 2 -1 8 0
8 1 16 18 2 -1 2 0
9 1 18 80 2 -1 3 0
10 1 20 20 1 -1 -1 0
11 1 22 24 2 -1 -1 0
12 1 24 26 2 -1 1 0
13 1 26 80 2 -1 0 0
14 1 28 28 1 -1 -1 0
15 1 30 30 1 -1 -1 0
16 1 32 34 2 -1 -1 0
17 1 34 80 3 -1 -1 0
18 1 36 38 2 -1 -1 0
19 1 40 40 1 -1 -1 0
20 1 42 42 1 -1 -1 0
21 1 44 46 2 -1 -1 0
22 1 46 80 3 -1 -1 0
23 1 48 50 2 -1 -1 0
24 1 52 52 1 -1 -1 0
25 1 54 54 1 -1 -1 0
26 1 56 56 1 -1 -1 0
27 1 58 58 1 -1 -1 0
28 1 60 60 1 -1 -1 0
29 1 62 62 1 -1 -1 0
30 1 64 64 1 -1 -1 0
31 1 66 66 1 -1 -1 0
32 1 68 68 1 -1 -1 0
33 1 70 70 1 -1 -1 0
34 1 72 72 1 -1 -1 0
35 1 74 74 1 -1 -1 0
36 1 76 78 2 -1 -1 0
37 1 78 80 2 -1 -1 0
38 1 80 90 3 -1 0 0
40 1 82 84 2 -1 -1 0
41 1 84 86 2 -1 -1 0
42 1 86 88 2 -1 -1 0
44 1 90 92 2 -1 -1 0
45 1 92 94 2 -1 -1 0
46 1 94 96 2 -1 2 0
47 1 96 100 2 -1 2 0
48 1 98 100 2 -1 1 0
49 1 100 102 2 -1 0 0
5 1 4 0 0 0 4 4
0 6
0 1 3 4



0 1 0 2 1 -1 -1 1
1 1 0 0 1 -1 -1 1
3 1 0 2 2 -1 -1 0
4 1 2 4 2 -1 -1 0
103 25 58 0 0 0 60 58
0 6 14 34 36 50 56 60 62 68 74 82 102 104 118 124 128 130 136 144 152 154 156 158 160 162
0 1 2 25 26 27 28 30 31 32 33 36 37 39 40 94 52 87 44 45 47 48 49 51 96 5 6 7 56 57 58 59 61 62 63 64 67 68 70 71 99 83 85 75 76 78 79 80 82 101 10 11 12 13 14 15 16 17



0 1 0 144 4 -1 -1 1
1 1 0 70 2 -1 -1 1
2 1 0 18 4 -1 -1 0
5 1 62 64 2 -1 -1 0
6 1 64 66 2 -1 -1 0
7 1 68 86 4 -1 -1 0
10 1 130 132 2 -1 -1 0
11 1 132 134 2 -1 -1 0
12 1 136 138 2 -1 -1 0
13 1 138 140 2 -1 -1 0
14 1 140 142 2 -1 -1 0
15 1 144 146 2 -1 -1 0
16 1 146 148 2 -1 -1 0
17 1 148 150 2 -1 -1 0
25 1 2 59 3 -1 -1 0
26 1 6 8 2 -1 -1 0
27 1 8 10 2 -1 -1 0
28 1 10 12 2 -1 -1 0
30 1 14 16 2 -1 -1 0
31 1 16 22 2 -1 -1 0
32 1 18 20 2 -1 -1 0
33 1 20 36 4 87 -1 0
36 1 22 24 2 -1 -1 0
37 1 24 26 2 -1 -1 0
39 1 26 28 2 -1 -1 0
40 1 28 59 3 -1 -1 0
44 1 38 40 4 -1 -1 0
45 1 40 50 6 -1 -1 0
47 1 42 44 4 -1 -1 0
48 1 44 46 4 -1 -1 0
49 1 46 48 4 -1 -1 0
51 1 50 52 4 -1 -1 0
52 2 36 36 52 59 6 87 -1 0
56 1 70 127 3 -1 -1 0
57 1 74 76 2 -1 -1 0
58 1 76 78 2 -1 -1 0
59 1 78 80 2 -1 -1 0
61 1 82 84 2 -1 -1 0
62 1 84 90 2 -1 -1 0
63 1 86 88 2 -1 -1 0
64 1 88 104 4 85 -1 0
67 1 90 92 2 -1 -1 0
68 1 92 94 2 -1 -1 0
70 1 94 96 2 -1 -1 0
71 1 96 127 3 -1 -1 0
75 1 106 108 4 -1 -1 0
76 1 108 118 6 -1 -1 0
78 1 110 112 4 -1 -1 0
79 1 112 114 4 -1 -1 0
80 1 114 116 4 -1 -1 0
82 1 118 120 4 -1 -1 0
83 2 104 104 120 127 6 85 -1 0
85 1 104 106 4 64 -1 0
87 1 36 38 4 33 -1 0
94 1 30 32 2 -1 -1 0
96 1 56 58 4 -1 -1 0
99 1 98 100 2 -1 -1 0
101 1 124 126 4 -1 -1 0
71 10 63 5 0 0 67 63
0 8 14 18 42 64 86 88 114 152 170
0 1 2 3 4 5 6 7 8 9 10 11 12 13 14 15 16 17 18 19 20 21 22 23 24 25 33 34 35 36 37 38 39 40 41 69 53 66 45 46 47 48 49 50 51 52 70 54 55 56 57 58 59 60 61 62 63 64 65 27 28 29 30
30 78 80 102 152


0 3 0 7 13 18 41 46 4 -1 -1 1
1 1 0 168 9 -1 -1 1
2 1 0 2 2 -1 -1 0
3 2 2 7 13 14 3 -1 -1 0
4 1 4 6 2 -1 -1 0
5 1 8 10 2 -1 -1 0
6 1 14 16 2 -1 -1 0
7 1 18 20 2 -1 -1 0
8 1 20 26 3 -1 -1 0
9 1 22 24 2 -1 -1 0
10 1 24 30 2 -1 2 0
11 1 26 28 2 -1 -1 0
12 1 28 30 2 -1 5 0
13 1 30 38 2 -1 0 0
14 1 32 34 2 -1 -1 0
15 1 36 38 2 -1 -1 0
16 1 42 44 2 -1 -1 0
17 1 44 50 2 -1 -1 0
18 1 46 48 2 -1 -1 0
19 1 48 166 2 -1 -1 0
20 1 50 130 5 -1 -1 0
21 1 52 52 1 -1 -1 0
22 1 54 54 1 -1 -1 0
23 1 56 56 1 -1 -1 0
24 1 58 60 2 -1 -1 0
25 1 60 154 6 -1 -1 0
27 1 152 162 3 -1 0 0
28 1 156 158 2 -1 -1 0
29 1 160 162 2 -1 -1 0
30 1 164 166 2 -1 -1 0
33 1 64 66 2 -1 -1 0
34 1 66 72 3 -1 -1 0
35 1 68 70 2 -1 -1 0
36 1 70 120 6 -1 -1 0
37 1 72 74 2 -1 -1 0
38 1 74 113 3 -1 -1 0
39 1 76 78 2 -1 2 0
40 1 78 116 4 -1 0 0
41 1 80 136 4 -1 0 0
45 1 90 92 4 -1 -1 0
46 1 92 98 6 -1 -1 0
47 1 94 96 4 -1 -1 0
48 1 96 102 4 -1 2 0
49 1 98 100 4 -1 -1 0
50 1 100 102 4 -1 5 0
51 1 102 106 4 -1 0 0
52 1 104 106 4 -1 -1 0
53 2 88 88 108 113 6 66 -1 0
54 1 114 116 2 -1 -1 0
55 1 118 120 2 -1 -1 0
56 1 122 124 2 -1 -1 0
57 1 124 140 2 -1 -1 0
58 1 126 128 2 -1 -1 0
59 1 128 144 2 -1 -1 0
60 1 130 132 2 -1 -1 0
61 1 132 148 2 -1 -1 0
62 1 134 136 2 -1 -1 0
63 1 138 140 2 -1 -1 0
64 1 142 144 2 -1 -1 0
65 1 146 148 2 -1 -1 0
66 1 88 108 8 53 -1 0
69 1 82 84 2 -1 -1 0
70 1 110 112 4 -1 -1 0
17 6 8 3 0 0 9 8
0 6 8 12 16 18 26
0 1 4 7 10 13 15 14
0 20 22


0 1 0 0 1 -1 2 1
1 2 0 5 7 12 4 -1 0 0
4 1 2 4 2 -1 -1 0
7 1 8 10 2 -1 -1 0
10 1 12 14 2 -1 -1 0
13 1 18 20 2 -1 2 0
14 1 22 24 2 -1 0 0
15 1 20 20 1 -1 0 0
24 7 10 0 0 0 11 10
0 4 10 12 16 18 28 32
0 2 4 7 21 18 20 17 22 23



0 1 0 27 7 -1 -1 1
2 1 0 2 2 -1 -1 0
4 1 4 6 2 -1 -1 0
7 1 6 8 2 -1 -1 0
17 1 20 24 6 20 -1 0
18 1 18 20 4 20 -1 0
20 2 18 18 22 28 5 18 -1 0
21 1 12 14 2 -1 -1 0
22 1 24 26 4 -1 -1 0
23 1 28 30 2 20 -1 0
5 1 4 0 0 0 4 4
0 8
0 1 2 4



0 1 0 0 1 -1 -1 1
1 1 0 2 2 -1 -1 0
2 1 2 4 2 -1 -1 0
4 1 4 6 2 -1 -1 0
6 3 4 0 0 0 4 4
0 8 10 12
0 1 2 3



0 1 0 0 1 -1 -1 1
1 1 0 2 2 -1 -1 0
2 1 2 4 2 -1 -1 0
3 1 4 6 2 -1 -1 0
4 3 2 0 0 0 2 2
0 4 6 8
0 1



0 1 0 0 1 -1 -1 1
1 1 0 2 2 -1 -1 0
39 6 25 0 0 0 25 25
0 4 16 32 54 60 66
0 1 2 4 38 33 34 35 6 14 15 17 18 20 21 22 23 24 25 26 27 28 29 30 31



0 1 0 4 1 -1 -1 1
1 1 0 20 3 -1 -1 1
2 1 0 64 8 -1 -1 1
4 1 0 2 2 -1 -1 0
6 1 12 14 2 -1 -1 0
14 1 16 18 2 -1 -1 0
15 1 18 22 2 -1 -1 0
17 1 20 22 2 -1 -1 0
18 1 22 36 4 -1 -1 0
20 1 24 26 2 -1 -1 0
21 1 26 28 2 -1 -1 0
22 1 28 30 2 -1 -1 0
23 1 32 34 2 -1 -1 0
24 1 34 46 2 -1 -1 0
25 1 36 38 2 -1 -1 0
26 1 38 50 2 -1 -1 0
27 1 40 42 2 -1 -1 0
28 1 44 46 2 -1 -1 0
29 1 48 50 2 -1 -1 0
30 1 54 56 2 -1 -1 0
31 1 60 62 2 -1 -1 0
33 1 6 16 3 -1 -1 0
34 1 8 10 2 -1 -1 0
35 1 10 12 2 -1 -1 0
38 1 4 6 2 -1 -1 0
76 10 45 7 0 0 45 45
0 82 88 90 94 98 100 110 118 120 124
0 70 47 50 51 52 53 54 55 3 5 7 56 57 60 61 62 63 64 65 71 12 15 16 17 18 19 20 21 25 26 27 28 29 74 33 34 72 38 39 75 73 41 42 45
18 20 94 104 114 120 122


0 1 0 122 7 -1 2 1
3 1 18 104 5 -1 2 0
5 1 20 90 2 -1 0 0
7 1 22 106 3 -1 -1 0
12 1 44 52 3 -1 -1 0
15 1 46 48 2 -1 -1 0
16 1 48 50 2 -1 -1 0
17 1 52 54 2 -1 -1 0
18 1 54 56 2 -1 -1 0
19 1 56 58 2 -1 -1 0
20 1 60 62 2 -1 -1 0
21 1 62 70 3 -1 -1 0
25 1 64 66 2 -1 -1 0
26 1 66 68 2 -1 -1 0
27 1 70 72 2 -1 -1 0
28 1 72 74 2 -1 -1 0
29 1 74 76 2 -1 -1 0
33 1 90 92 2 -1 -1 0
34 1 94 94 1 -1 0 0
38 1 102 104 2 -1 2 0
39 1 104 104 1 -1 0 0
41 1 112 114 2 -1 2 0
42 1 114 114 1 -1 0 0
45 1 120 120 1 -1 0 0
47 1 2 10 3 -1 -1 0
50 1 4 6 2 -1 -1 0
51 1 6 8 2 -1 -1 0
52 1 10 12 2 -1 -1 0
53 1 12 14 2 -1 -1 0
54 1 14 16 2 -1 -1 0
55 1 16 120 3 -1 2 0
56 1 24 26 2 -1 -1 0
57 1 26 34 3 -1 -1 0
60 1 28 30 2 -1 -1 0
61 1 30 32 2 -1 -1 0
62 1 34 36 2 -1 -1 0
63 1 36 38 2 -1 -1 0
64 1 38 40 2 -1 -1 0
65 1 40 106 3 -1 -1 0
70 1 0 2 2 -1 -1 0
71 1 42 44 2 -1 -1 0
72 1 100 102 2 -1 -1 0
73 1 110 112 2 -1 -1 0
74 1 78 80 2 -1 -1 0
75 1 106 108 2 -1 -1 0
20 1 12 7 0 0 12 12
0 32
0 5 6 7 9 10 11 12 13 15 16 17
8 10 14 18 20 22 24


0 1 0 20 2 -1 1 1
5 1 4 6 2 -1 -1 0
6 1 6 8 2 -1 1 0
7 1 8 8 1 -1 0 0
9 1 10 10 1 -1 0 0
10 1 12 14 2 -1 2 0
11 1 14 14 1 -1 0 0
12 1 16 18 2 -1 2 0
13 1 18 18 1 -1 0 0
15 1 20 20 1 -1 0 0
16 1 22 22 1 -1 0 0
17 1 24 26 2 -1 0 0
39 4 27 1 0 0 27 27
0 8 12 14 72
0 1 2 3 4 5 8 10 11 12 13 14 15 18 19 20 21 22 23 25 28 30 34 31 32 35 36
8


0 1 0 58 4 -1 -1 1
1 1 0 40 2 -1 -1 1
2 1 0 2 2 -1 -1 0
3 1 2 4 2 -1 -1 0
4 1 4 6 2 -1 -1 0
5 1 8 8 1 -1 0 0
8 1 14 50 4 -1 -1 0
10 1 16 18 2 -1 -1 0
11 1 18 20 2 -1 -1 0
12 1 22 24 2 -1 -1 0
13 1 24 28 2 -1 -1 0
14 1 26 28 2 -1 -1 0
15 1 28 46 5 -1 -1 0
18 1 30 32 2 -1 -1 0
19 1 34 36 2 -1 -1 0
20 1 38 44 2 -1 -1 0
21 1 40 48 2 -1 -1 0
22 1 42 44 2 -1 -1 0
23 1 46 48 2 -1 -1 0
25 1 50 68 3 -1 -1 0
28 1 54 60 2 -1 -1 0
30 1 56 60 2 -1 -1 0
31 1 60 62 2 -1 -1 0
32 1 62 64 2 -1 -1 0
34 1 58 64 2 -1 -1 0
35 1 64 66 2 -1 -1 0
36 1 66 68 2 -1 -1 0
64 9 31 3 0 0 41 31
0 10 12 34 58 64 70 76 84 86
0 2 4 46 47 52 53 49 50 14 15 16 17 18 19 22 23 26 28 29 30 31 32 34 36 37 41 42 51 48 62
2 34 60


0 1 0 83 5 -1 2 1
2 1 0 83 4 -1 -1 0
4 1 2 4 2 -1 0 0
14 1 16 18 4 -1 -1 0
15 1 18 20 4 -1 -1 0
16 1 22 24 4 -1 -1 0
17 1 24 26 4 -1 -1 0
18 1 26 28 4 -1 -1 0
19 2 28 33 57 58 6 -1 -1 0
22 1 30 32 4 -1 -1 0
23 2 34 57 78 78 6 49 0 0
26 1 36 50 4 -1 -1 0
28 1 38 40 4 -1 -1 0
29 1 40 42 4 -1 -1 0
30 1 44 46 4 -1 -1 0
31 1 46 48 4 -1 -1 0
32 1 48 50 4 -1 -1 0
34 1 52 54 4 -1 -1 0
36 2 58 63 72 72 6 48 2 0
37 1 60 62 4 -1 0 0
41 1 64 66 4 -1 -1 0
42 1 66 70 4 51 -1 0
46 1 4 6 2 -1 -1 0
47 1 6 12 3 53 -1 0
48 2 72 75 78 78 4 36 -1 0
49 2 14 14 78 84 7 50 -1 0
50 3 14 33 57 69 72 72 4 49 -1 0
51 1 70 76 4 53 -1 0
52 2 12 12 76 83 4 53 -1 0
53 3 12 64 70 70 76 76 16 47 -1 0
62 1 80 82 4 -1 -1 0
45 1 35 1 0 0 35 35
0 84
0 1 2 3 39 40 5 6 9 10 11 12 14 15 16 17 18 41 42 20 21 24 25 26 27 29 30 31 32 33 43 44 35 36 37
78


0 1 0 0 1 -1 -1 0
1 1 2 2 1 -1 -1 0
2 1 4 6 2 -1 -1 0
3 1 6 14 3 -1 -1 0
5 1 14 16 2 -1 -1 0
6 1 16 24 3 -1 -1 0
9 1 18 20 2 -1 -1 0
10 1 20 22 2 -1 -1 0
11 1 24 26 2 -1 -1 0
12 1 26 28 2 -1 -1 0
14 1 28 78 2 -1 2 0
15 1 30 30 1 -1 -1 0
16 1 32 32 1 -1 -1 0
17 1 34 36 2 -1 -1 0
18 1 36 44 3 -1 -1 0
20 1 44 46 2 -1 -1 0
21 1 46 54 3 -1 -1 0
24 1 48 50 2 -1 -1 0
25 1 50 52 2 -1 -1 0
26 1 54 56 2 -1 -1 0
27 1 56 58 2 -1 -1 0
29 1 58 78 2 -1 1 0
30 1 60 60 1 -1 -1 0
31 1 62 62 1 -1 -1 0
32 1 64 66 2 -1 -1 0
33 1 66 74 3 -1 -1 0
35 1 74 76 2 -1 -1 0
36 1 76 78 2 -1 5 0
37 1 78 78 1 -1 0 0
39 1 8 10 2 -1 -1 0
40 1 10 12 2 -1 -1 0
41 1 38 40 2 -1 -1 0
42 1 40 42 2 -1 -1 0
43 1 68 70 2 -1 -1 0
44 1 70 72 2 -1 -1 0
111 13 70 3 0 0 76 70
0 2 12 14 54 58 66 88 92 114 130 134 166 170
0 1 2 3 39 96 104 41 5 7 8 9 10 11 12 13 14 15 16 17 18 19 20 21 22 23 24 25 47 105 65 49 55 56 58 59 60 61 62 63 27 28 29 30 31 32 33 34 35 36 106 69 107 67 70 71 72 74 108 77 109 80 82 83 84 85 86 87 90 110
32 110 130


0 2 0 11 13 169 2 -1 2 1
1 2 0 11 13 169 6 -1 -1 1
2 1 0 2 2 96 -1 1
3 2 0 11 13 169 12 -1 2 1
5 1 8 10 4 -1 -1 0
7 1 14 14 2 -1 -1 0
8 1 16 16 2 -1 -1 0
9 1 18 18 2 -1 -1 0
10 1 20 20 2 -1 -1 0
11 1 22 22 2 -1 -1 0
12 1 24 24 2 -1 -1 0
13 1 26 26 2 -1 -1 0
14 1 28 30 4 -1 -1 0
15 1 30 32 4 -1 2 0
16 2 32 65 87 88 4 -1 0 0
17 1 34 34 2 -1 -1 0
18 1 36 36 2 -1 -1 0
19 1 38 38 2 -1 -1 0
20 1 40 40 2 -1 -1 0
21 1 42 42 2 -1 -1 0
22 1 44 44 2 -1 -1 0
23 1 46 46 2 -1 -1 0
24 1 48 50 4 -1 -1 0
25 1 50 110 8 -1 1 0
27 1 92 92 2 -1 -1 0
28 1 94 94 2 -1 -1 0
29 1 96 96 2 -1 -1 0
30 1 98 98 2 -1 -1 0
31 1 100 100 2 -1 -1 0
32 1 102 102 2 -1 -1 0
33 1 104 104 2 -1 -1 0
34 1 106 108 4 -1 -1 0
35 1 108 110 4 -1 5 0
36 1 110 156 4 -1 0 0
39 2 2 2 166 169 4 96 -1 0
41 1 6 8 4 -1 -1 0
47 1 54 56 4 -1 -1 0
49 1 62 64 4 -1 -1 0
55 1 66 68 4 -1 -1 0
56 1 68 76 6 -1 -1 0
58 1 70 72 4 -1 -1 0
59 1 72 74 4 -1 -1 0
60 1 76 78 4 -1 -1 0
61 1 78 82 4 -1 -1 0
62 1 80 82 4 -1 -1 0
63 1 82 84 4 -1 -1 0
65 1 60 62 4 -1 -1 0
67 1 120 126 4 -1 -1 0
69 1 116 122 4 -1 -1 0
70 1 122 124 4 -1 -1 0
71 1 124 126 4 -1 -1 0
72 1 126 128 4 -1 -1 0
74 1 130 130 2 -1 0 0
77 1 136 158 8 -1 -1 0
80 1 140 148 6 -1 -1 0
82 1 142 144 4 -1 -1 0
83 1 144 146 4 -1 -1 0
84 1 148 150 4 -1 -1 0
85 1 150 154 4 -1 -1 0
86 1 152 154 4 -1 -1 0
87 1 154 156 4 -1 -1 0
90 1 158 162 4 -1 -1 0
96 2 2 11 13 166 14 39 -1 0
104 1 4 6 4 -1 -1 0
105 1 58 60 4 -1 -1 0
106 1 114 116 4 -1 -1 0
107 1 118 120 4 -1 -1 0
108 1 134 136 4 -1 -1 0
109 1 138 140 4 -1 -1 0
110 1 160 162 4 -1 -1 0
6 5 5 2 0 0 6 5
0 4 8 12 16 18
0 1 2 3 4
0 8


0 2 0 4 7 12 4 -1 2 1
1 1 0 2 2 -1 0 0
2 1 4 6 2 -1 -1 0
3 1 8 10 2 -1 0 0
4 1 12 14 2 -1 -1 0
4 3 2 0 0 0 2 2
0 4 6 8
0 1



0 1 0 0 1 -1 -1 1
1 1 0 2 2 -1 -1 0
4 3 2 0 0 0 2 2
0 4 6 8
0 1



0 1 0 0 1 -1 -1 1
1 1 0 2 2 -1 -1 0
21 1 15 0 0 0 15 15
0 32
0 1 2 3 4 6 7 8 9 10 11 14 16 18 20



0 1 0 6 2 -1 -1 1
1 1 0 10 2 -1 -1 1
2 1 0 16 1 -1 -1 1
3 1 0 20 1 -1 -1 1
4 1 0 24 1 -1 -1 1
6 1 0 2 2 -1 -1 0
7 1 2 4 2 -1 -1 0
8 1 6 8 2 -1 -1 0
9 1 8 12 2 -1 -1 0
10 1 10 12 2 -1 -1 0
11 1 12 26 5 -1 -1 0
14 1 14 16 2 -1 -1 0
16 1 18 20 2 -1 -1 0
18 1 22 24 2 -1 -1 0
20 1 26 28 2 -1 -1 0
5 1 5 0 0 0 5 5
0 10
0 1 2 3 4



0 1 0 0 1 -1 -1 1
1 1 0 2 2 -1 -1 0
2 1 2 4 2 -1 -1 0
3 1 4 6 2 -1 -1 0
4 1 6 8 2 -1 -1 0
4 1 4 0 0 0 4 4
0 10
0 1 2 3



0 1 0 6 1 -1 -1 1
1 1 0 8 3 -1 -1 1
2 1 0 2 2 -1 -1 0
3 1 4 6 2 -1 -1 0
10 3 6 2 0 0 9 6
0 6 8 12
0 1 2 7 9 5
0 8


0 2 0 5 7 8 2 -1 2 1
1 2 0 5 7 8 2 -1 1 1
2 2 0 5 7 8 1 -1 5 1
5 1 8 8 1 -1 0 0
7 1 0 2 2 -1 0 0
9 1 2 4 2 -1 -1 0
28 5 25 1 0 0 26 25
0 6 48 54 56 58
0 1 2 3 4 5 6 7 9 10 11 12 13 14 15 16 17 18 19 20 22 23 24 25 26
38


0 1 0 10 3 -1 -1 1
1 2 0 47 53 56 2 -1 -1 1
2 1 0 2 2 -1 -1 0
3 1 2 4 2 -1 -1 0
4 1 6 8 2 -1 -1 0
5 1 8 20 3 -1 -1 0
6 1 10 12 2 -1 -1 0
7 1 12 24 3 -1 -1 0
9 1 14 16 2 -1 -1 0
10 1 16 18 2 -1 -1 0
11 1 20 22 2 -1 -1 0
12 1 22 26 2 -1 -1 0
13 1 24 26 2 -1 -1 0
14 1 26 38 2 -1 2 0
15 1 28 28 1 -1 -1 0
16 1 30 30 1 -1 -1 0
17 1 32 32 1 -1 -1 0
18 1 34 36 2 -1 -1 0
19 1 36 38 2 -1 1 0
20 1 38 48 3 -1 0 0
22 1 40 42 2 -1 -1 0
23 1 42 44 2 -1 -1 0
24 1 44 46 2 -1 -1 0
25 1 48 50 2 -1 -1 0
26 1 50 52 2 -1 -1 0
1 1 1 0 0 0 1 1
0 2
0



0 1 0 0 1 -1 -1 1
61 12 36 4 0 0 40 36
0 10 14 18 40 44 46 50 56 78 84 108 112
0 1 4 5 6 7 8 9 10 11 12 13 14 39 42 43 48 50 46 57 49 51 52 53 55 59 20 22 33 36 21 23 24 25 31 41
14 20 24 26


0 1 0 2 2 -1 -1 0
1 1 2 107 8 -1 -1 0
4 2 4 49 77 107 9 -1 1 0
5 1 6 8 2 -1 -1 0
6 1 10 12 2 -1 -1 0
7 1 14 14 1 -1 0 0
8 1 18 20 2 -1 2 0
9 1 20 107 7 -1 2 0
10 1 22 24 2 -1 5 0
11 1 24 24 1 -1 0 0
12 1 26 108 4 -1 0 0
13 1 28 30 2 -1 -1 0
14 1 32 34 2 -1 -1 0
20 1 78 107 3 -1 -1 0
21 1 86 88 4 -1 -1 0
22 1 80 107 3 -1 -1 0
23 1 90 92 4 -1 -1 0
24 1 92 94 4 -1 -1 0
25 1 94 100 4 -1 -1 0
31 1 98 100 4 -1 -1 0
33 2 84 84 102 107 6 36 -1 0
36 1 84 102 12 33 -1 0
39 1 36 38 2 -1 -1 0
41 1 104 106 4 -1 -1 0
42 2 40 52 77 80 5 -1 -1 0
43 1 46 48 2 -1 -1 0
46 1 56 72 10 57 -1 0
48 1 50 77 3 -1 -1 0
49 1 58 60 4 -1 -1 0
50 1 52 77 3 -1 -1 0
51 1 62 64 4 -1 -1 0
52 1 64 66 4 -1 -1 0
53 1 66 70 4 -1 -1 0
55 1 68 70 4 -1 -1 0
57 2 56 56 72 77 6 46 -1 0
59 1 74 76 4 -1 -1 0
3 1 2 0 0 0 2 2
0 4
0 2



0 1 0 0 1 -1 -1 1
2 1 0 2 2 -1 -1 0
47 3 32 10 0 0 32 32
0 18 22 76
0 1 3 5 7 8 9 10 11 13 40 41 42 15 18 19 20 21 22 24 25 26 27 28 29 44 45 46 30 31 33 34
4 6 8 18 26 28 62 64 66 72


0 1 0 28 3 -1 2 1
1 1 0 68 8 -1 -1 0
3 1 2 74 3 -1 5 0
5 1 4 72 2 -1 2 0
7 1 6 8 2 -1 2 0
8 1 8 8 1 -1 0 0
9 1 10 12 2 -1 -1 0
10 1 12 14 2 -1 -1 0
11 1 14 16 2 -1 -1 0
13 1 18 18 1 -1 0 0
15 1 28 42 2 -1 0 0
18 1 30 32 2 -1 -1 0
19 1 32 34 2 -1 -1 0
20 1 36 38 2 -1 -1 0
21 1 38 40 2 -1 -1 0
22 1 40 42 2 -1 -1 0
24 1 44 46 2 -1 -1 0
25 1 46 48 2 -1 -1 0
26 1 50 52 2 -1 -1 0
27 1 52 54 2 -1 -1 0
28 1 54 56 2 -1 -1 0
29 1 56 64 4 -1 2 0
30 1 64 66 2 -1 1 0
31 1 66 66 1 -1 0 0
33 1 68 70 2 -1 -1 0
34 1 72 72 1 -1 0 0
40 1 22 24 2 -1 -1 0
41 1 24 28 3 -1 5 0
42 1 26 26 1 -1 0 0
44 1 58 60 2 -1 -1 0
45 1 60 64 3 -1 5 0
46 1 62 62 1 -1 0 0
27 1 27 1 0 0 27 27
0 60
0 1 2 3 4 5 6 7 8 9 10 11 12 13 14 15 16 17 18 19 20 21 22 23 24 25 26
46


0 1 0 24 1 -1 -1 1
1 1 0 28 1 -1 -1 1
2 1 0 32 1 -1 -1 1
3 1 0 36 1 -1 -1 1
4 1 0 40 1 -1 -1 1
5 1 0 44 1 -1 -1 1
6 1 0 58 3 -1 -1 1
7 1 0 0 1 -1 -1 0
8 1 2 2 1 -1 -1 0
9 1 4 4 1 -1 -1 0
10 1 6 6 1 -1 -1 0
11 1 8 8 1 -1 -1 0
12 1 10 10 1 -1 -1 0
13 1 12 12 1 -1 -1 0
14 1 14 14 1 -1 -1 0
15 1 16 16 1 -1 -1 0
16 1 18 20 2 -1 -1 0
17 1 20 48 8 -1 -1 0
18 1 22 24 2 -1 -1 0
19 1 26 28 2 -1 -1 0
20 1 30 32 2 -1 -1 0
21 1 34 36 2 -1 -1 0
22 1 38 40 2 -1 -1 0
23 1 42 44 2 -1 -1 0
24 1 46 56 3 -1 0 0
25 1 50 52 2 -1 -1 0
26 1 54 56 2 -1 -1 0
13 3 7 2 0 0 7 7
0 2 4 26
0 6 7 8 9 11 12
4 6


0 1 0 24 3 -1 -1 1
6 1 4 10 2 -1 0 0
7 1 6 18 4 -1 0 0
8 1 8 10 2 -1 -1 0
9 1 12 14 2 -1 -1 0
11 1 16 18 2 -1 -1 0
12 1 20 22 2 -1 -1 0
30 1 30 1 0 0 30 30
0 66
0 1 2 3 4 5 6 7 8 9 10 11 12 13 14 15 16 17 18 19 20 21 22 23 24 25 26 27 28 29
52


0 1 0 30 1 -1 -1 1
1 1 0 34 1 -1 -1 1
2 1 0 38 1 -1 -1 1
3 1 0 42 1 -1 -1 1
4 1 0 46 1 -1 -1 1
5 1 0 50 1 -1 -1 1
6 1 0 64 3 -1 -1 1
7 1 0 0 1 -1 -1 0
8 1 2 2 1 -1 -1 0
9 1 4 4 1 -1 -1 0
10 1 6 6 1 -1 -1 0
11 1 8 8 1 -1 -1 0
12 1 10 10 1 -1 -1 0
13 1 12 12 1 -1 -1 0
14 1 14 14 1 -1 -1 0
15 1 16 16 1 -1 -1 0
16 1 18 18 1 -1 -1 0
17 1 20 20 1 -1 -1 0
18 1 22 22 1 -1 -1 0
19 1 24 26 2 -1 -1 0
20 1 26 54 8 -1 -1 0
21 1 28 30 2 -1 -1 0
22 1 32 34 2 -1 -1 0
23 1 36 38 2 -1 -1 0
24 1 40 42 2 -1 -1 0
25 1 44 46 2 -1 -1 0
26 1 48 50 2 -1 -1 0
27 1 52 62 3 -1 0 0
28 1 56 58 2 -1 -1 0
29 1 60 62 2 -1 -1 0
12 1 11 0 0 0 11 11
0 22
0 1 2 3 4 6 7 8 9 10 11



0 1 0 0 1 -1 -1 1
1 1 0 14 2 -1 -1 1
2 1 0 20 2 -1 -1 1
3 1 0 2 2 -1 -1 0
4 1 2 10 3 -1 -1 0
6 1 4 6 2 -1 -1 0
7 1 6 8 2 -1 -1 0
8 1 10 12 2 -1 -1 0
9 1 12 16 2 -1 -1 0
10 1 14 16 2 -1 -1 0
11 1 16 18 2 -1 -1 0
13 3 7 2 0 0 7 7
0 2 4 26
0 6 7 8 9 11 12
4 6


0 1 0 24 3 -1 -1 1
6 1 4 10 2 -1 0 0
7 1 6 18 4 -1 0 0
8 1 8 10 2 -1 -1 0
9 1 12 14 2 -1 -1 0
11 1 16 18 2 -1 -1 0
12 1 20 22 2 -1 -1 0
67 9 41 4 0 0 44 41
0 16 26 30 34 38 66 68 82 116
0 1 62 3 63 5 6 7 8 13 14 17 18 19 20 21 24 25 26 27 28 29 30 54 35 51 33 34 56 36 37 38 64 41 65 43 44 66 46 47 48
34 40 82 100


0 2 0 15 25 102 5 -1 -1 1
1 1 0 114 6 -1 -1 1
3 2 2 22 25 90 10 -1 -1 0
5 1 6 18 3 -1 -1 0
6 1 8 10 2 -1 -1 0
7 1 10 12 2 -1 -1 0
8 1 12 14 2 -1 -1 0
13 1 16 18 2 -1 -1 0
14 1 20 22 2 -1 -1 0
17 1 26 28 2 -1 -1 0
18 1 30 32 2 -1 -1 0
19 1 34 34 1 -1 0 0
20 1 38 40 2 -1 2 0
21 1 40 86 4 -1 0 0
24 1 42 42 1 -1 -1 0
25 1 44 44 1 -1 -1 0
26 1 46 48 2 -1 -1 0
27 1 48 81 6 -1 -1 0
28 1 50 52 2 -1 -1 0
29 1 54 56 2 -1 -1 0
30 1 58 60 2 -1 -1 0
33 1 70 72 4 -1 -1 0
34 1 72 74 4 -1 -1 0
35 2 68 68 76 81 6 51 -1 0
36 1 82 108 5 -1 2 0
37 1 84 86 2 -1 -1 0
38 1 88 90 2 -1 -1 0
41 1 94 100 2 -1 1 0
43 1 98 100 2 -1 5 0
44 1 100 100 1 -1 0 0
46 1 104 112 2 -1 -1 0
47 1 106 108 2 -1 -1 0
48 1 110 112 2 -1 -1 0
51 1 68 76 6 35 -1 0
54 1 62 64 2 -1 -1 0
56 1 78 80 4 -1 -1 0
62 1 0 2 2 -1 -1 0
63 1 4 6 2 -1 -1 0
64 1 92 94 2 -1 -1 0
65 1 96 98 2 -1 -1 0
66 1 102 104 2 -1 -1 0
69 4 54 1 0 0 58 54
0 6 12 116 122
0 1 2 3 62 64 9 11 52 59 57 65 10 12 13 14 15 16 17 18 19 20 21 22 23 24 25 26 27 28 29 30 31 32 33 34 35 36 37 38 39 40 41 42 43 44 45 46 47 48 49 50 68 58
26


0 1 0 8 2 -1 -1 1
1 1 0 12 3 59 -1 1
2 1 0 0 1 62 -1 1
3 1 0 120 2 -1 -1 1
9 1 6 115 3 -1 -1 0
10 1 16 18 4 -1 -1 0
11 1 8 115 3 -1 -1 0
12 1 20 24 4 -1 -1 0
13 1 22 24 4 -1 -1 0
14 1 24 68 4 -1 -1 0
15 1 26 72 6 -1 0 0
16 1 30 30 2 -1 -1 0
17 1 32 32 2 -1 -1 0
18 1 34 34 2 -1 -1 0
19 1 36 36 2 -1 -1 0
20 1 38 38 2 -1 -1 0
21 1 40 40 2 -1 -1 0
22 1 42 42 2 -1 -1 0
23 1 44 44 2 -1 -1 0
24 1 46 46 2 -1 -1 0
25 1 48 48 2 -1 -1 0
26 1 50 50 2 -1 -1 0
27 1 52 52 2 -1 -1 0
28 1 54 54 2 -1 -1 0
29 1 56 56 2 -1 -1 0
30 1 58 60 4 -1 -1 0
31 1 60 106 10 -1 -1 0
32 1 62 64 4 -1 -1 0
33 1 66 68 4 -1 -1 0
34 1 70 72 4 -1 -1 0
35 1 74 74 2 -1 -1 0
36 1 76 76 2 -1 -1 0
37 1 78 78 2 -1 -1 0
38 1 80 80 2 -1 -1 0
39 1 82 82 2 -1 -1 0
40 1 84 84 2 -1 -1 0
41 1 86 86 2 -1 -1 0
42 1 88 88 2 -1 -1 0
43 1 90 90 2 -1 -1 0
44 1 92 92 2 -1 -1 0
45 1 94 94 2 -1 -1 0
46 1 96 96 2 -1 -1 0
47 1 98 98 2 -1 -1 0
48 1 100 100 2 -1 -1 0
49 1 102 104 4 -1 -1 0
50 1 104 108 6 65 -1 0
52 2 12 12 110 115 6 59 -1 0
57 1 14 28 4 65 -1 0
58 1 116 118 2 65 -1 0
59 1 12 110 8 52 -1 0
62 3 0 11 14 14 116 116 4 2 -1 0
64 1 2 4 2 -1 -1 0
65 2 14 14 108 116 5 57 -1 0
68 1 112 114 4 -1 -1 0
18 3 13 0 0 0 13 13
0 24 26 30
0 1 2 3 5 6 7 8 9 12 13 14 17



0 1 0 0 1 -1 -1 1
1 1 0 14 2 -1 -1 1
2 1 0 2 2 -1 -1 0
3 1 2 10 3 -1 -1 0
5 1 4 6 2 -1 -1 0
6 1 6 8 2 -1 -1 0
7 1 10 12 2 -1 -1 0
8 1 12 16 2 -1 -1 0
9 1 14 16 2 -1 -1 0
12 1 16 18 2 -1 -1 0
13 1 18 20 2 -1 -1 0
14 1 20 22 2 -1 -1 0
17 1 26 28 2 -1 -1 0
64 8 42 1 0 0 52 42
0 8 10 14 44 54 68 102 104
0 1 2 3 4 5 7 8 9 10 12 13 14 15 16 17 18 20 21 22 25 26 59 29 30 34 36 41 43 50 55 48 53 35 37 38 39 42 44 45 46 62
40


0 3 0 7 9 16 43 44 4 -1 -1 1
1 3 0 7 9 40 43 64 5 -1 1 1
2 4 0 7 9 38 43 67 70 70 5 53 -1 1
3 1 0 2 2 -1 -1 0
4 2 2 7 9 10 3 -1 -1 0
5 1 4 6 2 -1 -1 0
7 1 10 12 2 -1 -1 0
8 1 14 34 2 -1 -1 0
9 1 16 18 2 -1 -1 0
10 1 18 36 2 -1 -1 0
12 1 20 22 2 -1 -1 0
13 1 22 24 2 -1 -1 0
14 1 26 28 2 -1 -1 0
15 1 28 32 2 -1 -1 0
16 1 30 32 2 -1 -1 0
17 1 32 34 2 -1 -1 0
18 1 36 40 2 -1 2 0
20 1 38 40 2 -1 5 0
21 1 40 40 1 -1 0 0
22 1 44 54 3 -1 -1 0
25 1 46 48 2 -1 -1 0
26 1 48 101 4 -1 -1 0
29 1 54 56 2 -1 -1 0
30 1 56 60 3 -1 -1 0
34 1 58 101 3 -1 -1 0
35 1 72 74 4 -1 -1 0
36 1 60 101 3 -1 -1 0
37 1 76 80 4 -1 -1 0
38 1 78 80 4 -1 -1 0
39 1 80 92 4 -1 -1 0
41 1 62 101 3 -1 -1 0
42 1 82 84 4 -1 -1 0
43 1 64 101 3 -1 -1 0
44 1 86 90 4 -1 -1 0
45 1 88 90 4 -1 -1 0
46 1 90 92 4 -1 -1 0
48 2 70 70 94 101 4 53 -1 0
50 2 68 68 96 101 6 55 -1 0
53 1 70 94 8 48 -1 0
55 1 68 96 8 50 -1 0
59 1 50 52 2 -1 -1 0
62 1 98 100 4 -1 -1 0
25 1 23 1 0 0 23 23
0 56
0 1 4 5 6 7 8 9 10 11 12 13 14 15 16 17 18 19 20 21 22 23 24
28


0 1 0 12 5 -1 -1 1
1 1 0 54 7 -1 -1 1
4 1 0 2 2 -1 -1 0
5 1 2 36 2 -1 -1 0
6 1 4 40 2 -1 -1 0
7 1 6 44 2 -1 -1 0
8 1 8 10 2 -1 -1 0
9 1 10 48 2 -1 -1 0
10 1 12 28 2 -1 2 0
11 1 14 14 1 -1 -1 0
12 1 16 16 1 -1 -1 0
13 1 18 18 1 -1 -1 0
14 1 20 20 1 -1 -1 0
15 1 22 22 1 -1 -1 0
16 1 24 26 2 -1 -1 0
17 1 26 28 2 -1 1 0
18 1 28 52 2 -1 0 0
19 1 30 32 2 -1 -1 0
20 1 34 36 2 -1 -1 0
21 1 38 40 2 -1 -1 0
22 1 42 44 2 -1 -1 0
23 1 46 48 2 -1 -1 0
24 1 50 52 2 -1 -1 0
16 3 16 1 0 0 17 16
0 8 34 38
0 1 2 3 4 5 6 7 8 9 10 11 12 13 14 15
28


0 2 0 8 33 34 3 -1 -1 1
1 1 0 36 4 -1 -1 1
2 1 0 2 2 -1 -1 0
3 1 2 4 2 -1 -1 0
4 1 4 6 2 -1 -1 0
5 1 8 28 2 -1 2 0
6 1 10 10 1 -1 -1 0
7 1 12 12 1 -1 -1 0
8 1 14 14 1 -1 -1 0
9 1 16 16 1 -1 -1 0
10 1 18 18 1 -1 -1 0
11 1 20 20 1 -1 -1 0
12 1 22 22 1 -1 -1 0
13 1 24 26 2 -1 -1 0
14 1 26 28 2 -1 1 0
15 1 28 30 2 -1 0 0
3 1 3 0 0 0 3 3
0 6
0 1 2



0 1 0 0 1 -1 -1 1
1 1 0 2 2 -1 -1 0
2 1 2 4 2 -1 -1 0
37 3 22 1 0 0 22 22
0 16 20 52
0 1 32 5 33 3 6 7 8 10 34 13 35 16 18 19 20 21 22 23 26 36
16


0 1 0 46 6 -1 2 1
1 1 0 42 1 -1 -1 1
3 1 6 12 2 -1 -1 0
5 1 2 8 2 -1 -1 0
6 1 8 10 2 -1 -1 0
7 1 10 12 2 -1 -1 0
8 1 12 14 2 -1 -1 0
10 1 16 16 1 -1 0 0
13 1 22 44 4 -1 -1 0
16 1 26 34 3 -1 -1 0
18 1 28 30 2 -1 -1 0
19 1 30 32 2 -1 -1 0
20 1 34 36 2 -1 -1 0
21 1 36 40 2 -1 -1 0
22 1 38 40 2 -1 -1 0
23 1 40 42 2 -1 -1 0
26 1 44 48 2 -1 -1 0
32 1 0 2 2 -1 -1 0
33 1 4 6 2 -1 -1 0
34 1 20 22 2 -1 -1 0
35 1 24 26 2 -1 -1 0
36 1 46 48 2 -1 -1 0
74 9 56 4 0 0 57 56
0 12 16 22 26 30 108 110 124 150
0 71 2 3 4 7 10 11 13 14 15 16 17 20 21 22 23 24 25 26 27 28 29 30 31 32 33 34 35 36 37 38 39 40 41 42 43 44 45 46 47 67 52 64 50 51 68 53 54 55 72 58 59 60 61 73
26 32 124 142


0 1 0 144 4 -1 -1 1
2 1 2 4 2 -1 -1 0
3 1 4 6 2 -1 -1 0
4 1 6 12 3 -1 -1 0
7 1 8 10 2 -1 -1 0
10 1 12 16 2 11 -1 0
11 1 16 132 8 10 -1 0
13 1 18 20 2 -1 -1 0
14 1 22 24 2 -1 -1 0
15 1 26 26 1 -1 0 0
16 1 30 32 2 -1 2 0
17 1 32 128 4 -1 0 0
20 1 34 34 1 -1 -1 0
21 1 36 38 2 -1 -1 0
22 1 38 98 4 -1 -1 0
23 1 40 42 2 -1 -1 0
24 1 44 46 2 -1 -1 0
25 1 48 48 1 -1 -1 0
26 1 50 50 1 -1 -1 0
27 1 52 54 2 -1 -1 0
28 1 54 102 3 -1 -1 0
29 1 56 58 2 -1 -1 0
30 1 60 60 1 -1 -1 0
31 1 62 62 1 -1 -1 0
32 1 64 64 1 -1 -1 0
33 1 66 66 1 -1 -1 0
34 1 68 68 1 -1 -1 0
35 1 70 70 1 -1 -1 0
36 1 72 72 1 -1 -1 0
37 1 74 74 1 -1 -1 0
38 1 76 76 1 -1 -1 0
39 1 78 78 1 -1 -1 0
40 1 80 80 1 -1 -1 0
41 1 82 82 1 -1 -1 0
42 1 84 86 2 -1 -1 0
43 1 86 123 7 -1 -1 0
44 1 88 90 2 -1 -1 0
45 1 92 94 2 -1 -1 0
46 1 96 98 2 -1 -1 0
47 1 100 102 2 -1 -1 0
50 1 112 114 4 -1 -1 0
51 1 114 116 4 -1 -1 0
52 2 110 110 118 123 6 64 -1 0
53 1 124 146 5 -1 2 0
54 1 126 128 2 -1 -1 0
55 1 130 132 2 -1 -1 0
58 1 136 142 2 -1 1 0
59 1 138 140 2 -1 -1 0
60 1 140 142 2 -1 5 0
61 1 142 142 1 -1 0 0
64 1 110 118 6 52 -1 0
67 1 104 106 2 -1 -1 0
68 1 120 122 4 -1 -1 0
71 1 0 2 2 -1 -1 0
72 1 134 136 2 -1 -1 0
73 1 144 146 2 -1 -1 0
14 1 11 0 0 0 11 11
0 26
0 1 2 3 4 5 6 7 13 10 11



0 1 0 4 2 -1 -1 1
1 1 0 24 4 -1 -1 1
2 1 0 2 2 -1 -1 0
3 1 2 14 2 -1 -1 0
4 1 4 6 2 -1 -1 0
5 1 6 18 2 -1 -1 0
6 1 8 8 1 -1 -1 0
7 1 10 10 1 -1 -1 0
10 1 16 18 2 -1 -1 0
11 1 20 22 2 -1 -1 0
13 1 12 14 2 -1 -1 0
33 1 31 3 0 0 31 31
0 62
0 1 3 4 5 6 8 9 10 11 12 13 14 15 16 17 18 19 20 21 22 23 24 25 26 27 28 29 30 31 32
6 8 56


0 1 0 8 1 -1 1 1
1 1 0 60 2 -1 -1 1
3 1 0 0 1 -1 -1 0
4 1 2 4 2 -1 -1 0
5 1 4 6 2 -1 1 0
6 1 6 56 3 -1 2 0
8 1 8 8 1 -1 0 0
9 1 10 10 1 -1 -1 0
10 1 12 12 1 -1 -1 0
11 1 14 14 1 -1 -1 0
12 1 16 16 1 -1 -1 0
13 1 18 18 1 -1 -1 0
14 1 20 20 1 -1 -1 0
15 1 22 22 1 -1 -1 0
16 1 24 24 1 -1 -1 0
17 1 26 26 1 -1 -1 0
18 1 28 28 1 -1 -1 0
19 1 30 30 1 -1 -1 0
20 1 32 32 1 -1 -1 0
21 1 34 34 1 -1 -1 0
22 1 36 36 1 -1 -1 0
23 1 38 38 1 -1 -1 0
24 1 40 40 1 -1 -1 0
25 1 42 42 1 -1 -1 0
26 1 44 44 1 -1 -1 0
27 1 46 46 1 -1 -1 0
28 1 48 48 1 -1 -1 0
29 1 50 50 1 -1 -1 0
30 1 52 54 2 -1 -1 0
31 1 54 56 2 -1 1 0
32 1 56 58 2 -1 0 0
91 7 60 4 0 0 61 60
0 2 4 10 40 42 148 172
0 1 7 12 67 85 13 14 15 16 17 18 19 20 21 22 23 29 30 31 32 34 35 36 37 38 40 41 42 43 44 45 46 47 48 49 50 51 52 53 54 55 56 57 58 59 60 61 62 63 64 65 66 90 68 69 70 79 81 82
4 42 44 148


0 1 0 160 1 -1 -1 1
1 1 0 170 3 -1 -1 1
7 1 4 158 5 -1 0 0
12 1 6 147 3 -1 -1 0
13 1 12 12 2 -1 -1 0
14 1 14 14 2 -1 -1 0
15 1 16 18 4 -1 -1 0
16 1 18 118 6 -1 -1 0
17 1 20 22 4 -1 -1 0
18 1 24 24 2 -1 -1 0
19 1 26 26 2 -1 -1 0
20 1 28 28 2 -1 -1 0
21 1 30 32 4 -1 -1 0
22 1 32 122 6 -1 -1 0
23 1 34 36 4 -1 -1 0
29 1 42 48 4 -1 0 0
30 1 44 62 8 -1 0 0
31 1 46 48 4 -1 -1 0
32 1 50 52 4 -1 -1 0
34 1 54 54 2 -1 -1 0
35 1 56 58 4 -1 -1 0
36 1 58 130 8 -1 -1 0
37 1 60 62 4 -1 -1 0
38 1 64 66 4 -1 -1 0
40 1 68 68 2 -1 -1 0
41 1 70 70 2 -1 -1 0
42 1 72 72 2 -1 -1 0
43 1 74 74 2 -1 -1 0
44 1 76 76 2 -1 -1 0
45 1 78 78 2 -1 -1 0
46 1 80 80 2 -1 -1 0
47 1 82 82 2 -1 -1 0
48 1 84 84 2 -1 -1 0
49 1 86 86 2 -1 -1 0
50 1 88 88 2 -1 -1 0
51 1 90 90 2 -1 -1 0
52 1 92 92 2 -1 -1 0
53 1 94 94 2 -1 -1 0
54 1 96 98 4 -1 -1 0
55 1 98 140 22 -1 -1 0
56 1 100 102 4 -1 -1 0
57 1 104 106 4 -1 -1 0
58 1 108 110 4 -1 -1 0
59 1 112 114 4 -1 -1 0
60 1 116 118 4 -1 -1 0
61 1 120 122 4 -1 -1 0
62 1 124 126 4 -1 -1 0
63 1 128 130 4 -1 -1 0
64 1 132 134 4 -1 -1 0
65 1 136 138 4 -1 -1 0
66 1 138 140 4 -1 -1 0
67 2 10 10 142 147 6 85 -1 0
68 1 148 164 4 -1 0 0
69 1 150 152 2 -1 -1 0
70 1 154 156 2 -1 -1 0
79 1 158 160 2 -1 -1 0
81 1 162 164 2 -1 -1 0
82 1 166 168 2 -1 -1 0
85 1 10 142 6 67 -1 0
90 1 144 146 4 -1 -1 0
8 1 8 0 0 0 8 8
0 18
0 1 2 3 4 5 6 7



0 1 0 4 2 -1 -1 1
1 1 0 16 3 -1 -1 1
2 1 0 2 2 -1 -1 0
3 1 2 10 2 -1 -1 0
4 1 4 6 2 -1 -1 0
5 1 6 14 2 -1 -1 0
6 1 8 10 2 -1 -1 0
7 1 12 14 2 -1 -1 0
3 5 3 0 0 0 4 3
0 4 6 10 12 14
0 1 2



0 2 0 3 5 6 2 -1 -1 1
1 1 0 2 2 -1 -1 0
2 1 6 8 2 -1 -1 0
11 1 11 2 0 0 11 11
0 18
0 1 2 3 4 5 6 7 8 9 10
12 14


0 1 0 12 1 -1 2 1
1 1 0 12 1 -1 1 1
2 1 0 16 2 -1 1 1
3 1 0 0 1 -1 -1 0
4 1 2 2 1 -1 -1 0
5 1 4 4 1 -1 -1 0
6 1 6 6 1 -1 -1 0
7 1 8 10 2 -1 -1 0
8 1 10 12 2 -1 5 0
9 1 12 14 2 -1 2 0
10 1 14 14 1 -1 0 0
15 1 13 1 0 0 13 13
0 28
0 1 2 5 6 7 8 9 10 11 12 13 14
12


0 1 0 12 1 -1 2 1
1 1 0 4 2 -1 -1 1
2 1 0 26 4 -1 -1 1
5 1 0 2 2 -1 -1 0
6 1 2 20 2 -1 -1 0
7 1 4 12 2 -1 1 0
8 1 6 6 1 -1 -1 0
9 1 8 10 2 -1 -1 0
10 1 10 12 2 -1 5 0
11 1 12 24 2 -1 0 0
12 1 14 16 2 -1 -1 0
13 1 18 20 2 -1 -1 0
14 1 22 24 2 -1 -1 0
135 5 134 5 0 0 141 134
0 8 12 16 182 284
0 1 2 3 4 5 6 7 8 9 10 11 12 13 14 15 16 17 18 19 20 21 22 23 24 25 26 27 28 29 30 31 32 33 34 35 36 37 38 39 40 41 42 43 44 45 46 47 48 49 50 51 52 53 54 55 56 131 132 133 134 58 59 60 61 62 63 64 65 66 67 68 69 70 71 72 73 74 75 76 77 78 79 80 81 82 83 84 85 86 87 88 89 90 91 92 93 94 95 96 97 98 99 100 101 102 103 104 105 106 107 108 109 110 111 112 113 114 115 116 117 118 119 120 121 122 123 124 125 126 127 128 129 130
66 114 176 230 278


0 3 0 7 11 176 181 278 3 -1 2 1
1 3 0 7 11 18 181 182 4 -1 -1 1
2 3 0 8 11 116 181 278 3 -1 5 1
3 1 0 282 6 -1 -1 1
4 1 0 2 2 -1 -1 0
5 2 2 7 11 12 3 -1 -1 0
6 1 4 6 2 -1 -1 0
7 1 12 14 2 -1 -1 0
8 1 16 66 2 -1 1 0
9 1 18 20 2 -1 -1 0
10 1 20 22 2 -1 -1 0
11 1 22 176 2 -1 1 0
12 1 24 24 1 -1 -1 0
13 1 26 26 1 -1 -1 0
14 1 28 28 1 -1 -1 0
15 1 30 30 1 -1 -1 0
16 1 32 32 1 -1 -1 0
17 1 34 34 1 -1 -1 0
18 1 36 36 1 -1 -1 0
19 1 38 38 1 -1 -1 0
20 1 40 40 1 -1 -1 0
21 1 42 42 1 -1 -1 0
22 1 44 44 1 -1 -1 0
23 1 46 46 1 -1 -1 0
24 1 48 48 1 -1 -1 0
25 1 50 50 1 -1 -1 0
26 1 52 52 1 -1 -1 0
27 1 54 54 1 -1 -1 0
28 1 56 56 1 -1 -1 0
29 1 58 58 1 -1 -1 0
30 1 60 60 1 -1 -1 0
31 1 62 64 2 -1 -1 0
32 1 64 66 2 -1 5 0
33 1 66 124 2 -1 0 0
34 1 68 68 1 -1 -1 0
35 1 70 70 1 -1 -1 0
36 1 72 72 1 -1 -1 0
37 1 74 74 1 -1 -1 0
38 1 76 76 1 -1 -1 0
39 1 78 78 1 -1 -1 0
40 1 80 80 1 -1 -1 0
41 1 82 82 1 -1 -1 0
42 1 84 84 1 -1 -1 0
43 1 86 86 1 -1 -1 0
44 1 88 88 1 -1 -1 0
45 1 90 90 1 -1 -1 0
46 1 92 92 1 -1 -1 0
47 1 94 94 1 -1 -1 0
48 1 96 96 1 -1 -1 0
49 1 98 98 1 -1 -1 0
50 1 100 100 1 -1 -1 0
51 1 102 102 1 -1 -1 0
52 1 104 104 1 -1 -1 0
53 1 106 106 1 -1 -1 0
54 1 108 108 1 -1 -1 0
55 1 110 112 2 -1 -1 0
56 1 112 176 5 -1 5 0
58 1 130 130 1 -1 -1 0
59 1 132 132 1 -1 -1 0
60 1 134 134 1 -1 -1 0
61 1 136 136 1 -1 -1 0
62 1 138 138 1 -1 -1 0
63 1 140 140 1 -1 -1 0
64 1 142 142 1 -1 -1 0
65 1 144 144 1 -1 -1 0
66 1 146 146 1 -1 -1 0
67 1 148 148 1 -1 -1 0
68 1 150 150 1 -1 -1 0
69 1 152 152 1 -1 -1 0
70 1 154 154 1 -1 -1 0
71 1 156 156 1 -1 -1 0
72 1 158 158 1 -1 -1 0
73 1 160 160 1 -1 -1 0
74 1 162 162 1 -1 -1 0
75 1 164 164 1 -1 -1 0
76 1 166 166 1 -1 -1 0
77 1 168 168 1 -1 -1 0
78 1 170 170 1 -1 -1 0
79 1 172 174 2 -1 -1 0
80 1 174 176 2 -1 4 0
81 1 176 178 2 -1 0 0
82 1 182 230 2 -1 2 0
83 1 184 184 1 -1 -1 0
84 1 186 186 1 -1 -1 0
85 1 188 188 1 -1 -1 0
86 1 190 190 1 -1 -1 0
87 1 192 192 1 -1 -1 0
88 1 194 194 1 -1 -1 0
89 1 196 196 1 -1 -1 0
90 1 198 198 1 -1 -1 0
91 1 200 200 1 -1 -1 0
92 1 202 202 1 -1 -1 0
93 1 204 204 1 -1 -1 0
94 1 206 206 1 -1 -1 0
95 1 208 208 1 -1 -1 0
96 1 210 210 1 -1 -1 0
97 1 212 212 1 -1 -1 0
98 1 214 214 1 -1 -1 0
99 1 216 216 1 -1 -1 0
100 1 218 218 1 -1 -1 0
101 1 220 220 1 -1 -1 0
102 1 222 222 1 -1 -1 0
103 1 224 224 1 -1 -1 0
104 1 226 228 2 -1 -1 0
105 1 228 230 2 -1 1 0
106 1 230 278 2 -1 1 0
107 1 232 232 1 -1 -1 0
108 1 234 234 1 -1 -1 0
109 1 236 236 1 -1 -1 0
110 1 238 238 1 -1 -1 0
111 1 240 240 1 -1 -1 0
112 1 242 242 1 -1 -1 0
113 1 244 244 1 -1 -1 0
114 1 246 246 1 -1 -1 0
115 1 248 248 1 -1 -1 0
116 1 250 250 1 -1 -1 0
117 1 252 252 1 -1 -1 0
118 1 254 254 1 -1 -1 0
119 1 256 256 1 -1 -1 0
120 1 258 258 1 -1 -1 0
121 1 260 260 1 -1 -1 0
122 1 262 262 1 -1 -1 0
123 1 264 264 1 -1 -1 0
124 1 266 266 1 -1 -1 0
125 1 268 268 1 -1 -1 0
126 1 270 270 1 -1 -1 0
127 1 272 272 1 -1 -1 0
128 1 274 276 2 -1 -1 0
129 1 276 278 2 -1 4 0
130 1 278 280 2 -1 0 0
131 1 114 128 3 -1 0 0
132 1 118 120 2 -1 -1 0
133 1 122 124 2 -1 -1 0
134 1 126 128 2 -1 -1 0
38 6 27 6 0 0 36 27
0 8 12 36 40 50 58
0 1 2 3 36 30 5 6 8 9 10 11 12 13 14 16 37 33 18 19 20 23 24 25 26 27 28
12 22 24 42 46 54


0 3 0 7 11 35 39 42 2 -1 2 1
1 3 0 7 11 35 39 42 3 -1 2 1
2 3 0 7 11 35 39 42 4 -1 2 1
3 2 0 7 11 26 3 -1 1 1
5 1 4 6 2 -1 -1 0
6 1 8 10 2 -1 -1 0
8 1 12 22 2 -1 1 0
9 1 14 14 1 -1 -1 0
10 1 16 16 1 -1 -1 0
11 1 18 20 2 -1 -1 0
12 1 20 22 2 -1 5 0
13 1 22 24 2 -1 5 0
14 1 24 54 2 -1 2 0
16 2 26 35 39 42 3 -1 4 0
18 1 32 34 2 -1 -1 0
19 2 36 39 50 50 2 26 -1 0
20 1 40 46 2 -1 2 0
23 1 42 46 2 -1 1 0
24 1 44 46 2 -1 5 0
25 1 46 50 2 26 0 0
26 1 50 54 2 19 1 0
27 1 52 54 2 -1 5 0
28 1 54 56 2 -1 0 0
30 1 2 4 2 -1 -1 0
33 1 30 32 2 -1 -1 0
36 1 0 2 2 -1 -1 0
37 1 28 30 2 -1 -1 0
2 1 1 1 0 0 1 1
0 2
0
0


0 1 0 0 1 -1 2 1
6 5 6 0 0 0 7 6
0 4 8 12 16 20
0 1 2 3 4 5



0 2 0 3 7 8 2 -1 -1 1
1 1 0 2 2 -1 -1 0
2 1 4 6 2 -1 -1 0
3 1 8 10 2 -1 -1 0
4 1 12 14 2 -1 -1 0
5 1 16 18 2 -1 -1 0
8 7 8 0 0 0 10 8
0 4 8 12 16 20 24 28
0 1 2 3 4 5 6 7



0 3 0 3 7 11 15 16 3 -1 -1 1
1 1 0 2 2 -1 -1 0
2 1 4 6 2 -1 -1 0
3 1 8 10 2 -1 -1 0
4 1 12 14 2 -1 -1 0
5 1 16 18 2 -1 -1 0
6 1 20 22 2 -1 -1 0
7 1 24 26 2 -1 -1 0
8 1 7 1 0 0 7 7
0 10
0 1 2 3 4 6 7
8


0 1 0 8 1 -1 2 1
1 1 0 8 1 -1 1 1
2 1 0 4 2 -1 -1 1
3 1 0 2 2 -1 -1 0
4 1 2 8 2 -1 5 0
6 1 4 6 2 -1 -1 0
7 1 6 8 2 -1 8 0
124 8 123 10 0 0 135 123
0 56 60 64 130 194 210 240 258
0 1 2 3 4 5 6 7 8 9 10 11 12 13 14 15 16 17 18 19 20 21 22 23 24 25 26 27 28 29 30 31 32 33 34 35 36 37 38 39 40 41 42 43 44 45 46 47 48 49 50 51 52 53 54 55 56 57 58 59 60 61 62 63 64 65 66 67 68 69 70 71 72 73 74 75 76 77 78 79 80 81 82 83 84 85 86 87 88 89 90 91 92 93 94 95 96 97 98 99 100 101 102 103 104 105 106 107 108 109 110 111 112 113 114 115 116 118 119 120 121 122 123
46 112 124 184 194 206 210 222 236 252


0 3 0 55 59 124 129 252 4 -1 2 1
1 3 0 55 59 124 129 252 4 -1 1 1
2 4 0 56 59 124 129 206 209 222 4 -1 5 1
3 1 0 46 1 -1 2 1
4 1 0 256 6 -1 -1 1
5 1 0 0 1 -1 -1 0
6 1 2 2 1 -1 -1 0
7 1 4 4 1 -1 -1 0
8 1 6 6 1 -1 -1 0
9 1 8 8 1 -1 -1 0
10 1 10 10 1 -1 -1 0
11 1 12 12 1 -1 -1 0
12 1 14 14 1 -1 -1 0
13 1 16 16 1 -1 -1 0
14 1 18 18 1 -1 -1 0
15 1 20 20 1 -1 -1 0
16 1 22 22 1 -1 -1 0
17 1 24 24 1 -1 -1 0
18 1 26 26 1 -1 -1 0
19 1 28 28 1 -1 -1 0
20 1 30 30 1 -1 -1 0
21 1 32 32 1 -1 -1 0
22 1 34 34 1 -1 -1 0
23 1 36 36 1 -1 -1 0
24 1 38 38 1 -1 -1 0
25 1 40 40 1 -1 -1 0
26 1 42 44 2 -1 -1 0
27 1 44 46 2 -1 1 0
28 3 46 55 59 64 129 132 5 -1 0 0
29 1 48 50 2 -1 -1 0
30 2 50 55 59 60 3 -1 -1 0
31 1 52 54 2 -1 -1 0
32 1 60 62 2 -1 -1 0
33 1 64 112 2 -1 2 0
34 1 66 66 1 -1 -1 0
35 1 68 68 1 -1 -1 0
36 1 70 70 1 -1 -1 0
37 1 72 72 1 -1 -1 0
38 1 74 74 1 -1 -1 0
39 1 76 76 1 -1 -1 0
40 1 78 78 1 -1 -1 0
41 1 80 80 1 -1 -1 0
42 1 82 82 1 -1 -1 0
43 1 84 84 1 -1 -1 0
44 1 86 86 1 -1 -1 0
45 1 88 88 1 -1 -1 0
46 1 90 90 1 -1 -1 0
47 1 92 92 1 -1 -1 0
48 1 94 94 1 -1 -1 0
49 1 96 96 1 -1 -1 0
50 1 98 98 1 -1 -1 0
51 1 100 100 1 -1 -1 0
52 1 102 102 1 -1 -1 0
53 1 104 104 1 -1 -1 0
54 1 106 106 1 -1 -1 0
55 1 108 110 2 -1 -1 0
56 1 110 112 2 -1 1 0
57 1 112 124 2 -1 4 0
58 1 114 114 1 -1 -1 0
59 1 116 116 1 -1 -1 0
60 1 118 118 1 -1 -1 0
61 1 120 122 2 -1 -1 0
62 1 122 124 2 -1 8 0
63 1 124 126 2 -1 0 0
64 2 130 194 209 210 3 -1 5 0
65 1 132 134 2 -1 -1 0
66 1 134 136 2 -1 -1 0
67 1 136 252 3 -1 2 0
68 1 138 138 1 -1 -1 0
69 1 140 140 1 -1 -1 0
70 1 142 142 1 -1 -1 0
71 1 144 144 1 -1 -1 0
72 1 146 146 1 -1 -1 0
73 1 148 148 1 -1 -1 0
74 1 150 150 1 -1 -1 0
75 1 152 152 1 -1 -1 0
76 1 154 154 1 -1 -1 0
77 1 156 156 1 -1 -1 0
78 1 158 158 1 -1 -1 0
79 1 160 160 1 -1 -1 0
80 1 162 162 1 -1 -1 0
81 1 164 164 1 -1 -1 0
82 1 166 166 1 -1 -1 0
83 1 168 168 1 -1 -1 0
84 1 170 170 1 -1 -1 0
85 1 172 172 1 -1 -1 0
86 1 174 174 1 -1 -1 0
87 1 176 176 1 -1 -1 0
88 1 178 178 1 -1 -1 0
89 1 180 182 2 -1 -1 0
90 1 182 184 2 -1 1 0
91 1 184 186 2 -1 0 0
92 1 186 188 2 -1 -1 0
93 1 188 190 2 -1 -1 0
94 1 190 192 2 -1 -1 0
95 1 194 206 2 -1 1 0
96 1 196 196 1 -1 -1 0
97 1 198 198 1 -1 -1 0
98 1 200 200 1 -1 -1 0
99 1 202 204 2 -1 -1 0
100 1 204 206 2 -1 5 0
101 2 206 209 240 240 2 116 0 0
102 1 210 222 2 -1 1 0
103 1 212 212 1 -1 -1 0
104 1 214 214 1 -1 -1 0
105 1 216 216 1 -1 -1 0
106 1 218 220 2 -1 -1 0
107 1 220 222 2 -1 5 0
108 1 222 236 2 -1 2 0
109 1 224 236 2 -1 1 0
110 1 226 226 1 -1 -1 0
111 1 228 228 1 -1 -1 0
112 1 230 230 1 -1 -1 0
113 1 232 234 2 -1 -1 0
114 1 234 236 2 -1 5 0
115 1 236 240 2 116 0 0
116 1 240 252 2 115 5 0
118 1 242 242 1 -1 -1 0
119 1 244 244 1 -1 -1 0
120 1 246 246 1 -1 -1 0
121 1 248 250 2 -1 -1 0
122 1 250 252 2 -1 8 0
123 1 252 254 2 -1 0 0
13 6 4 0 0 0 4 4
0 4 8 12 14 16 18
0 2 3 5



0 1 0 8 3 -1 -1 1
2 1 0 2 2 -1 -1 0
3 1 4 6 2 -1 -1 0
5 1 8 10 2 -1 -1 0
14 1 13 2 0 0 13 13
0 34
0 1 2 3 4 5 6 7 8 10 11 12 13
6 14


0 1 0 32 5 -1 -1 1
1 1 0 0 1 -1 -1 0
2 1 2 4 2 -1 -1 0
3 1 4 6 2 -1 2 0
4 1 6 22 2 -1 0 0
5 1 8 8 1 -1 -1 0
6 1 10 12 2 -1 -1 0
7 1 12 14 2 -1 2 0
8 1 14 26 2 -1 0 0
10 1 16 18 2 -1 -1 0
11 1 20 22 2 -1 -1 0
12 1 24 26 2 -1 -1 0
13 1 28 30 2 -1 -1 0
74 7 43 4 0 0 44 43
0 12 16 20 84 86 100 122
0 1 2 3 5 6 8 9 10 11 12 15 16 17 18 19 20 21 38 39 40 41 42 43 44 45 46 47 48 51 52 71 57 68 55 56 73 58 59 60 63 64 65
16 22 100 110


0 1 0 4 2 -1 -1 1
1 1 0 120 3 -1 -1 1
2 1 0 2 2 -1 -1 0
3 1 2 110 2 -1 1 0
5 1 4 6 2 -1 -1 0
6 1 6 118 10 -1 4 0
8 1 8 10 2 -1 -1 0
9 1 12 14 2 -1 -1 0
10 1 16 16 1 -1 0 0
11 1 20 22 2 -1 2 0
12 1 22 104 4 -1 0 0
15 1 24 24 1 -1 -1 0
16 1 26 26 1 -1 -1 0
17 1 28 30 2 -1 -1 0
18 1 30 66 5 -1 -1 0
19 1 32 34 2 -1 -1 0
20 1 36 38 2 -1 -1 0
21 1 40 42 2 -1 -1 0
38 1 44 44 1 -1 -1 0
39 1 46 46 1 -1 -1 0
40 1 48 48 1 -1 -1 0
41 1 50 50 1 -1 -1 0
42 1 52 52 1 -1 -1 0
43 1 54 54 1 -1 -1 0
44 1 56 58 2 -1 -1 0
45 1 58 99 8 -1 -1 0
46 1 60 62 2 -1 -1 0
47 1 64 66 2 -1 -1 0
48 1 68 70 2 -1 -1 0
51 1 72 74 2 -1 -1 0
52 1 76 78 2 -1 -1 0
55 1 88 90 4 -1 -1 0
56 1 90 92 4 -1 -1 0
57 2 86 86 94 99 6 68 -1 0
58 1 100 114 5 -1 2 0
59 1 102 104 2 -1 -1 0
60 1 106 108 2 -1 -1 0
63 1 110 110 1 -1 0 0
64 1 112 114 2 -1 -1 0
65 1 116 118 2 -1 -1 0
68 1 86 94 6 57 -1 0
71 1 80 82 2 -1 -1 0
73 1 96 98 4 -1 -1 0
9 1 8 1 0 0 8 8
0 12
0 1 2 3 4 5 6 8
10


0 1 0 4 2 -1 -1 1
1 1 0 10 1 -1 5 1
2 1 0 10 1 -1 4 1
3 1 0 2 2 -1 -1 0
4 1 2 10 2 -1 2 0
5 1 4 6 2 -1 -1 0
6 1 6 8 2 -1 -1 0
8 1 8 10 2 -1 1 0
56 11 20 1 0 0 25 20
0 12 18 20 36 40 44 48 50 56 60 62
0 1 34 35 45 46 9 53 7 49 50 51 52 39 41 18 21 28 29 32
52


0 2 0 47 49 52 3 -1 2 1
1 2 0 47 49 52 2 -1 1 0
7 1 14 16 4 -1 -1 0
9 2 12 12 20 39 8 53 -1 0
18 1 40 42 2 -1 -1 0
21 1 44 46 2 -1 -1 0
28 1 50 56 3 -1 5 0
29 1 52 54 2 -1 0 0
32 1 56 58 2 -1 -1 0
34 1 2 4 2 -1 -1 0
35 2 4 47 49 56 7 53 -1 0
39 1 32 34 4 -1 -1 0
41 1 36 38 4 -1 -1 0
45 1 6 8 2 -1 -1 0
46 1 8 39 3 -1 -1 0
49 1 22 26 4 -1 -1 0
50 1 24 26 4 -1 -1 0
51 1 28 30 4 -1 -1 0
52 1 30 36 6 -1 -1 0
53 2 12 47 49 50 9 9 -1 0
5 1 3 0 0 0 3 3
0 6
0 3 4



0 1 0 0 1 -1 -1 1
3 1 0 2 2 -1 -1 0
4 1 2 4 2 -1 -1 0
5 1 3 0 0 0 3 3
0 6
0 3 4



0 1 0 0 1 -1 -1 1
3 1 0 2 2 -1 -1 0
4 1 2 4 2 -1 -1 0
33 7 26 3 0 0 29 26
0 8 10 14 30 32 42 64
0 1 2 3 5 6 7 8 11 31 32 14 17 18 19 20 21 22 23 24 25 26 27 28 29 30
36 58 60


0 3 0 7 9 16 41 42 4 -1 -1 1
1 1 0 2 2 -1 -1 0
2 2 2 7 9 10 3 -1 -1 0
3 1 4 6 2 -1 -1 0
5 1 10 12 2 -1 -1 0
6 1 14 20 2 -1 -1 0
7 1 16 18 2 -1 -1 0
8 1 18 34 2 -1 -1 0
11 1 20 22 2 -1 -1 0
14 1 26 28 2 -1 -1 0
17 1 32 38 2 -1 -1 0
18 1 34 36 2 -1 2 0
19 1 36 38 2 -1 0 0
20 1 38 40 2 -1 -1 0
21 1 42 58 2 -1 2 0
22 1 44 44 1 -1 -1 0
23 1 46 46 1 -1 -1 0
24 1 48 48 1 -1 -1 0
25 1 50 50 1 -1 -1 0
26 1 52 52 1 -1 -1 0
27 1 54 56 2 -1 -1 0
28 1 56 58 2 -1 1 0
29 1 58 60 2 -1 2 0
30 1 60 62 2 -1 0 0
31 1 22 24 2 -1 -1 0
32 1 24 26 2 -1 -1 0
5 1 3 1 0 0 3 3
0 6
0 3 4
2


0 1 0 0 1 -1 -1 1
3 1 0 2 2 -1 2 0
4 1 2 4 2 -1 0 0
297 12 106 0 0 0 122 106
0 8 24 26 30 36 40 42 184 206 208 232 236
0 4 5 35 1 2 13 14 15 16 40 43 291 292 293 64 288 65 290 66 286 72 73 75 80 86 87 89 94 100 101 103 108 114 115 117 122 128 129 131 136 142 143 145 150 156 157 159 164 170 171 173 178 184 185 187 192 198 199 201 206 212 213 215 220 226 227 229 234 240 241 243 248 254 255 257 262 268 269 271 276 282 283 285 295 46 60 47 63 48 58 54 55 57 62 41 42 22 31 29 36 25 26 20 38 30



0 1 0 8 2 -1 -1 1
1 1 8 10 2 -1 -1 0
2 1 10 16 3 -1 -1 0
4 1 0 2 2 -1 -1 0
5 1 2 231 9 -1 -1 0
13 1 12 14 2 -1 -1 0
14 2 14 29 205 231 4 -1 -1 0
15 1 16 18 2 -1 -1 0
16 1 18 20 2 -1 -1 0
20 1 220 222 4 36 -1 0
22 2 210 210 224 231 6 31 -1 0
25 1 216 218 4 -1 -1 0
26 1 218 220 4 -1 -1 0
29 1 212 220 4 36 -1 0
30 1 232 234 2 36 -1 0
31 1 210 224 6 22 -1 0
35 1 4 6 2 -1 -1 0
36 2 212 212 222 232 5 29 -1 0
38 1 228 230 4 -1 -1 0
40 4 20 41 44 44 186 186 205 208 9 65 -1 0
41 1 208 226 6 40 -1 0
42 2 208 208 226 231 4 41 -1 0
43 1 26 28 2 -1 -1 0
46 1 184 198 4 60 -1 0
47 1 186 200 6 40 -1 0
48 1 188 194 4 58 -1 0
54 1 190 192 4 -1 -1 0
55 1 192 194 4 -1 -1 0
57 1 194 196 4 58 -1 0
58 3 188 188 196 205 232 232 5 48 -1 0
60 2 184 184 198 205 6 46 -1 0
62 1 202 204 4 -1 -1 0
63 2 186 186 200 205 4 47 -1 0
64 1 42 176 4 288 -1 0
65 1 44 54 6 40 -1 0
66 1 46 52 4 286 -1 0
72 1 48 50 4 -1 -1 0
73 1 50 52 4 -1 -1 0
75 1 52 60 4 -1 -1 0
80 1 54 62 6 -1 -1 0
86 1 56 58 4 -1 -1 0
87 1 58 60 4 -1 -1 0
89 1 60 68 4 -1 -1 0
94 1 62 70 6 -1 -1 0
100 1 64 66 4 -1 -1 0
101 1 66 68 4 -1 -1 0
103 1 68 76 4 -1 -1 0
108 1 70 78 6 -1 -1 0
114 1 72 74 4 -1 -1 0
115 1 74 76 4 -1 -1 0
117 1 76 84 4 -1 -1 0
122 1 78 86 6 -1 -1 0
128 1 80 82 4 -1 -1 0
129 1 82 84 4 -1 -1 0
131 1 84 92 4 -1 -1 0
136 1 86 94 6 -1 -1 0
142 1 88 90 4 -1 -1 0
143 1 90 92 4 -1 -1 0
145 1 92 100 4 -1 -1 0
150 1 94 102 6 -1 -1 0
156 1 96 98 4 -1 -1 0
157 1 98 100 4 -1 -1 0
159 1 100 108 4 -1 -1 0
164 1 102 110 6 -1 -1 0
170 1 104 106 4 -1 -1 0
171 1 106 108 4 -1 -1 0
173 1 108 116 4 -1 -1 0
178 1 110 118 6 -1 -1 0
184 1 112 114 4 -1 -1 0
185 1 114 116 4 -1 -1 0
187 1 116 124 4 -1 -1 0
192 1 118 126 6 -1 -1 0
198 1 120 122 4 -1 -1 0
199 1 122 124 4 -1 -1 0
201 1 124 132 4 -1 -1 0
206 1 126 134 6 -1 -1 0
212 1 128 130 4 -1 -1 0
213 1 130 132 4 -1 -1 0
215 1 132 140 4 -1 -1 0
220 1 134 142 6 -1 -1 0
226 1 136 138 4 -1 -1 0
227 1 138 140 4 -1 -1 0
229 1 140 148 4 -1 -1 0
234 1 142 150 6 -1 -1 0
240 1 144 146 4 -1 -1 0
241 1 146 148 4 -1 -1 0
243 1 148 156 4 -1 -1 0
248 1 150 158 6 -1 -1 0
254 1 152 154 4 -1 -1 0
255 1 154 156 4 -1 -1 0
257 1 156 164 4 -1 -1 0
262 1 158 166 6 -1 -1 0
268 1 160 162 4 -1 -1 0
269 1 162 164 4 -1 -1 0
271 1 164 172 4 -1 -1 0
276 1 166 178 6 -1 -1 0
282 1 168 170 4 -1 -1 0
283 1 170 172 4 -1 -1 0
285 1 172 174 4 286 -1 0
286 3 46 46 174 183 188 188 6 66 -1 0
288 2 42 42 176 184 8 64 -1 0
290 3 44 44 178 183 186 186 6 65 -1 0
291 1 30 183 5 -1 -1 0
292 1 32 34 2 -1 -1 0
293 1 36 38 2 -1 -1 0
295 1 180 182 4 -1 -1 0
34 1 30 9 0 0 30 30
0 82
0 1 4 5 6 30 31 8 32 33 10 11 12 13 14 15 16 17 18 19 20 21 22 23 24 25 26 27 28 29
10 16 18 20 22 24 26 28 30


0 1 0 4 3 -1 -1 1
1 1 0 80 13 -1 -1 1
4 1 0 6 2 -1 -1 0
5 1 2 30 10 -1 2 0
6 1 4 12 2 -1 -1 0
8 1 10 42 2 -1 0 0
10 1 16 50 2 -1 0 0
11 1 18 54 2 -1 0 0
12 1 20 58 2 -1 0 0
13 1 22 62 2 -1 0 0
14 1 24 66 2 -1 0 0
15 1 26 70 2 -1 0 0
16 1 28 74 2 -1 0 0
17 1 30 78 2 -1 0 0
18 1 32 34 2 -1 -1 0
19 1 36 38 2 -1 -1 0
20 1 40 42 2 -1 -1 0
21 1 44 46 2 -1 -1 0
22 1 48 50 2 -1 -1 0
23 1 52 54 2 -1 -1 0
24 1 56 58 2 -1 -1 0
25 1 60 62 2 -1 -1 0
26 1 64 66 2 -1 -1 0
27 1 68 70 2 -1 -1 0
28 1 72 74 2 -1 -1 0
29 1 76 78 2 -1 -1 0
30 1 6 8 2 -1 -1 0
31 1 8 38 2 -1 -1 0
32 1 12 14 2 -1 -1 0
33 1 14 46 2 -1 -1 0
44 6 35 7 0 0 43 35
0 8 12 56 60 70 78
0 1 2 3 4 9 10 6 7 12 13 14 15 16 17 34 35 36 37 38 39 40 41 42 43 20 21 22 23 26 27 28 29 30 31
38 42 46 48 62 66 74


0 3 0 7 11 55 59 62 2 -1 2 1
1 3 0 7 11 55 59 62 3 -1 1 1
2 2 0 7 11 50 4 -1 -1 1
3 1 0 2 2 -1 -1 0
4 2 2 7 11 52 3 -1 -1 0
6 1 12 14 2 -1 -1 0
7 1 14 22 3 -1 -1 0
9 1 4 6 2 -1 -1 0
10 1 8 10 2 -1 -1 0
12 1 16 18 2 -1 -1 0
13 1 18 20 2 -1 -1 0
14 1 22 24 2 -1 -1 0
15 1 24 28 2 -1 -1 0
16 1 26 28 2 -1 -1 0
17 1 28 36 4 -1 -1 0
20 2 50 55 59 62 3 -1 5 0
21 1 52 54 2 -1 -1 0
22 2 56 59 70 70 2 29 -1 0
23 1 60 66 2 -1 2 0
26 1 62 66 2 -1 1 0
27 1 64 66 2 -1 5 0
28 1 66 70 2 29 0 0
29 1 70 74 2 22 1 0
30 1 72 74 2 -1 5 0
31 1 74 76 2 -1 0 0
34 1 30 32 2 -1 -1 0
35 1 32 38 2 -1 2 0
36 1 34 42 2 -1 2 0
37 1 36 46 2 -1 1 0
38 1 38 48 2 -1 2 0
39 1 40 48 2 -1 1 0
40 1 42 48 2 -1 5 0
41 1 44 48 2 -1 4 0
42 1 46 48 2 -1 8 0
43 1 48 74 2 -1 2 0
2719 25 1711 165 0 0 1744 1711
0 6 50 218 456 696 888 1126 1366 1520 1718 1956 2146 2326 2548 2786 2994 2998 3002 3058 3338 3534 3808 3990 4172 4176
0 1 2 3 5 6 7 8 9 10 11 12 13 14 15 16 17 996 997 998 999 19 20 22 23 24 25 26 27 29 30 31 34 2557 1001 1003 1004 1005 1006 1007 37 38 39 40 41 42 2558 1009 1011 1012 1013 1014 1015 45 2559 1017 1019 1020 1021 1022 1023 48 2560 1025 1027 1028 1029 1030 1031 1032 1036 1037 1038 1039 1034 1035 2561 1041 1043 1044 1045 1046 1047 54 2562 1049 1051 1052 1053 1054 1055 56 58 59 60 61 62 65 68 71 74 75 78 81 82 83 86 2563 1057 1059 1060 1061 1062 1063 89 90 91 92 93 94 2564 1065 1067 1068 1069 1070 1071 97 2565 1073 1075 1076 1077 1078 1079 100 2566 1081 1083 1084 1085 1086 1087 103 2567 1089 1091 1092 1093 1094 1095 106 2568 1097 1099 1100 1101 1102 1103 109 2569 1105 1107 1108 1109 1110 1111 112 2570 1113 1115 1116 1117 1118 1119 1120 1124 1125 1126 1127 1122 1123 2571 1129 1131 1132 1133 1134 1135 117 119 120 121 122 123 126 127 130 133 136 137 140 143 144 145 148 2572 1137 1139 1140 1141 1142 1143 151 152 153 154 155 156 2573 1145 1147 1148 1149 1150 1151 159 2574 1153 1155 1156 1157 1158 1159 162 2575 1161 1163 1164 1165 1166 1167 165 2576 1169 1171 1172 1173 1174 1175 168 2577 1177 1179 1180 1181 1182 1183 171 2578 1185 1187 1188 1189 1190 1191 174 2579 1193 1195 1196 1197 1198 1199 1200 1204 1205 1206 1207 1202 1203 2580 1209 1211 1212 1213 1214 1215 179 181 182 183 184 185 186 187 188 190 191 192 195 2581 1217 1219 1220 1221 1222 1223 198 199 200 201 202 203 2582 1225 1227 1228 1229 1230 1231 206 2583 1233 1235 1236 1237 1238 1239 209 2584 1241 1243 1244 1245 1246 1247 212 2585 1249 1251 1252 1253 1254 1255 215 2586 1257 1259 1260 1261 1262 1263 1264 1268 1269 1270 1271 1266 1267 2587 1273 1275 1276 1277 1278 1279 220 222 223 224 225 226 229 232 235 238 239 242 245 246 247 250 2588 1281 1283 1284 1285 1286 1287 253 254 255 256 257 258 2589 1289 1291 1292 1293 1294 1295 261 2590 1297 1299 1300 1301 1302 1303 264 2591 1305 1307 1308 1309 1310 1311 267 2592 1313 1315 1316 1317 1318 1319 270 2593 1321 1323 1324 1325 1326 1327 273 2594 1329 1331 1332 1333 1334 1335 276 2595 1337 1339 1340 1341 1342 1343 1344 1348 1349 1350 1351 1346 1347 2596 1353 1355 1356 1357 1358 1359 281 283 284 285 286 287 288 289 290 292 293 294 297 2597 1361 1363 1364 1365 1366 1367 300 301 302 303 304 305 2598 1369 1371 1372 1373 1374 1375 308 2599 1377 1379 1380 1381 1382 1383 311 2600 1385 1387 1388 1389 1390 1391 314 2601 1393 1395 1396 1397 1398 1399 317 2602 1401 1403 1404 1405 1406 1407 320 2603 1409 1411 1412 1413 1414 1415 323 2604 1417 1419 1420 1421 1422 1423 326 2605 1425 1427 1428 1429 1430 1431 329 2606 1433 1435 1436 1437 1438 1439 331 333 334 335 336 337 339 340 341 344 2607 1441 1443 1444 1445 1446 1447 347 348 349 350 351 352 2608 1449 1451 1452 1453 1454 1455 355 2609 1457 1459 1460 1461 1462 1463 358 2610 1465 1467 1468 1469 1470 1471 361 2611 1473 1475 1476 1477 1478 1479 364 2612 1481 1483 1484 1485 1486 1487 366 368 369 370 371 372 373 374 376 377 378 381 2613 1489 1491 1492 1493 1494 1495 384 385 386 387 388 389 2614 1497 1499 1500 1501 1502 1503 392 2615 1505 1507 1508 1509 1510 1511 395 2616 1513 1515 1516 1517 1518 1519 398 2617 1521 1523 1524 1525 1526 1527 401 2618 1529 1531 1532 1533 1534 1535 404 2619 1537 1539 1540 1541 1542 1543 407 2620 1545 1547 1548 1549 1550 1551 409 411 412 413 414 415 418 421 424 427 428 431 434 435 436 439 2621 1553 1555 1556 1557 1558 1559 442 443 444 445 446 447 2622 1561 1563 1564 1565 1566 1567 450 2623 1569 1571 1572 1573 1574 1575 453 2624 1577 1579 1580 1581 1582 1583 456 2625 1585 1587 1588 1589 1590 1591 459 2626 1593 1595 1596 1597 1598 1599 462 2627 1601 1603 1604 1605 1606 1607 465 2628 1609 1611 1612 1613 1614 1615 1616 1620 1621 1622 1623 1618 1619 2629 1625 1627 1628 1629 1630 1631 470 472 473 474 475 476 477 478 480 481 482 485 2630 1633 1635 1636 1637 1638 1639 488 489 490 491 492 493 2631 1641 1643 1644 1645 1646 1647 496 2632 1649 1651 1652 1653 1654 1655 499 2633 1657 1659 1660 1661 1662 1663 502 2634 1665 1667 1668 1669 1670 1671 505 2635 1673 1675 1676 1677 1678 1679 1680 1684 1685 1686 1687 1682 1683 2636 1689 1691 1692 1693 1694 1695 510 512 513 514 515 518 521 524 525 528 531 532 533 536 2637 1697 1699 1700 1701 1702 1703 539 2638 1705 1707 1708 1709 1710 1711 542 2639 1713 1715 1716 1717 1718 1719 545 2640 1721 1723 1724 1725 1726 1727 548 2641 1729 1731 1732 1733 1734 1735 551 2642 1737 1739 1740 1741 1742 1743 1744 1748 1749 1750 1751 1746 1747 2643 1753 1755 1756 1757 1758 1759 556 558 559 560 561 564 567 570 573 574 577 580 581 582 585 2644 1761 1763 1764 1765 1766 1767 588 2645 1769 1771 1772 1773 1774 1775 591 2646 1777 1779 1780 1781 1782 1783 594 2647 1785 1787 1788 1789 1790 1791 597 2648 1793 1795 1796 1797 1798 1799 600 2649 1801 1803 1804 1805 1806 1807 603 2650 1809 1811 1812 1813 1814 1815 606 2651 1817 1819 1820 1821 1822 1823 1824 1828 1829 1830 1831 1826 1827 2652 1833 1835 1836 1837 1838 1839 611 613 614 615 616 617 620 623 626 629 630 633 636 637 638 641 2653 1841 1843 1844 1845 1846 1847 644 645 646 647 648 649 2654 1849 1851 1852 1853 1854 1855 652 2655 1857 1859 1860 1861 1862 1863 655 2656 1865 1867 1868 1869 1870 1871 658 2657 1873 1875 1876 1877 1878 1879 661 2658 1881 1883 1884 1885 1886 1887 664 2659 1889 1891 1892 1893 1894 1895 667 2660 1897 1899 1900 1901 1902 1903 1904 1908 1909 1910 1911 1906 1907 2661 1913 1915 1916 1917 1918 1919 672 674 675 676 677 678 681 684 687 690 691 694 695 698 701 702 703 706 2662 1921 1923 1924 1925 1926 1927 709 710 711 712 713 714 2663 1929 1931 1932 1933 1934 1935 717 2664 1937 1939 1940 1941 1942 1943 720 2665 1945 1947 1948 1949 1950 1951 723 2666 1953 1955 1956 1957 1958 1959 726 2667 1961 1963 1964 1965 1966 1967 729 2668 1969 1971 1972 1973 1974 1975 732 2669 1977 1979 1980 1981 1982 1983 735 736 737 2670 1985 1987 1988 1989 1990 1991 1992 1996 1997 1998 1999 1994 1995 2671 2001 2003 2004 2005 2006 2007 742 744 745 746 747 748 751 754 757 760 763 764 767 770 771 772 775 2672 2009 2011 2012 2013 2014 2015 778 779 780 781 782 783 2673 2017 2019 2020 2021 2022 2023 786 2674 2025 2027 2028 2029 2030 2031 789 2675 2033 2035 2036 2037 2038 2039 792 2676 2041 2043 2044 2045 2046 2047 795 2677 2049 2051 2052 2053 2054 2055 798 2678 2057 2059 2060 2061 2062 2063 801 2679 2065 2067 2068 2069 2070 2071 804 2680 2073 2075 2076 2077 2078 2079 807 2681 2081 2083 2084 2085 2086 2087 2088 2092 2093 2094 2095 2090 2091 2682 2097 2099 2100 2101 2102 2103 812 814 815 816 817 818 819 821 822 823 826 2683 2105 2107 2108 2109 2110 2111 829 830 831 832 833 834 2684 2113 2115 2116 2117 2118 2119 837 2685 2121 2123 2124 2125 2126 2127 840 2686 2129 2131 2132 2133 2134 2135 843 2687 2137 2139 2140 2141 2142 2143 846 2688 2145 2147 2148 2149 2150 2151 849 2689 2153 2155 2156 2157 2158 2159 852 2690 2161 2163 2164 2165 2166 2167 854 856 857 858 859 860 863 864 867 868 871 874 877 880 881 882 885 2691 2169 2171 2172 2173 2174 2175 888 2692 2177 2179 2180 2181 2182 2183 891 2693 2185 2187 2188 2189 2190 2191 894 2694 2193 2195 2196 2197 2198 2199 897 2695 2201 2203 2204 2205 2206 2207 900 2696 2209 2211 2212 2213 2214 2215 903 2697 2217 2219 2220 2221 2222 2223 906 2698 2225 2227 2228 2229 2230 2231 909 2699 2233 2235 2236 2237 2238 2239 912 2700 2242 2244 2245 2246 2247 2248 915 2701 2250 2252 2253 2254 2255 2256 918 2702 2258 2260 2261 2262 2263 2264 920 922 923 924 925 926 927 929 930 931 934 2703 2266 2268 2269 2270 2271 2272 937 2704 2274 2276 2277 2278 2279 2280 940 2705 2282 2284 2285 2286 2287 2288 943 2706 2290 2292 2293 2294 2295 2296 946 2707 2298 2300 2301 2302 2303 2304 949 2708 2307 2309 2310 2311 2312 2313 952 2709 2315 2317 2318 2319 2320 2321 955 2710 2323 2325 2326 2327 2328 2329 957 959 960 961 962 963 964 966 967 968 971 2711 2331 2333 2334 2335 2336 2337 974 2712 2339 2341 2342 2343 2344 2345 977 2713 2347 2349 2350 2351 2352 2353 980 2714 2355 2357 2358 2359 2360 2361 983 2715 2363 2365 2366 2367 2368 2369 986 2716 2372 2374 2375 2376 2377 2378 989 2717 2380 2382 2383 2384 2385 2386 992 2718 2388 2390 2391 2392 2393 2394 994 995
32 36 40 42 46 66 102 142 164 168 170 174 214 244 280 320 360 400 422 426 428 432 452 484 520 560 600 640 662 666 668 672 692 716 752 792 832 854 858 860 864 884 914 950 990 1030 1070 1092 1096 1098 1102 1122 1146 1182 1222 1262 1302 1342 1362 1380 1416 1456 1496 1516 1538 1574 1614 1654 1694 1714 1744 1780 1820 1860 1900 1922 1926 1928 1932 1952 1974 2010 2050 2090 2112 2116 2118 2122 2142 2168 2190 2230 2270 2292 2296 2298 2302 2322 2350 2372 2412 2452 2492 2514 2518 2520 2524 2544 2574 2610 2650 2690 2730 2752 2756 2758 2762 2782 2816 2852 2892 2932 2972 3024 3028 3030 3034 3054 3086 3122 3162 3202 3242 3282 3304 3308 3310 3314 3334 3354 3390 3430 3470 3510 3530 3562 3584 3624 3664 3704 3744 3784 3804 3824 3846 3886 3926 3966 3986 4006 4028 4068 4108 4148 4168


0 14 0 40 49 168 217 426 455 666 695 858 887 1096 1717 1926 1955 2116 2145 2296 2325 2518 2547 2756 2785 3028 3057 3308 3533 3784 15 -1 2 1
1 20 0 14 49 60 217 218 455 456 695 710 887 888 1125 1138 1365 1372 1519 1530 1717 1718 1955 1968 2145 2146 2325 2326 2547 2548 2785 2786 3057 3058 3337 3346 3533 3534 3807 3816 3989 3998 52 -1 -1 1
2 1 0 2 2 -1 -1 0
3 1 2 4 2 -1 -1 0
5 1 6 8 2 -1 -1 0
6 1 8 30 2 -1 -1 0
7 1 10 12 2 -1 -1 0
8 1 12 36 2 -1 2 0
9 1 14 40 2 -1 1 0
10 1 16 46 2 -1 2 0
11 1 18 18 1 -1 -1 0
12 1 20 22 2 -1 -1 0
13 1 22 32 4 -1 2 0
14 1 24 26 2 -1 -1 0
15 1 28 30 2 -1 -1 0
16 1 32 46 2 -1 1 0
17 1 34 46 2 -1 5 0
19 1 44 46 2 -1 8 0
20 1 46 48 2 -1 0 0
22 1 50 52 2 -1 -1 0
23 1 52 100 2 -1 -1 0
24 1 54 142 2 -1 2 0
25 1 56 58 2 -1 -1 0
26 1 58 164 2 -1 2 0
27 1 60 168 2 -1 1 0
29 1 62 64 2 -1 -1 0
30 1 64 66 2 -1 1 0
31 1 66 214 8 -1 2 0
34 1 68 86 2 -1 -1 0
37 1 88 88 1 -1 -1 0
38 1 90 92 2 -1 -1 0
39 1 92 102 4 -1 2 0
40 1 94 96 2 -1 -1 0
41 1 98 100 2 -1 -1 0
42 1 102 120 2 -1 0 0
45 1 122 140 2 -1 -1 0
48 1 142 160 2 -1 0 0
54 1 194 212 2 -1 -1 0
56 1 214 216 2 -1 0 0
58 1 218 220 2 -1 -1 0
59 1 220 222 2 -1 -1 0
60 1 222 238 7 -1 -1 0
61 1 224 226 2 -1 -1 0
62 1 226 278 2 -1 -1 0
65 1 228 320 2 -1 2 0
68 1 230 360 2 -1 2 0
71 1 232 400 2 -1 2 0
74 1 234 236 2 -1 -1 0
75 1 236 422 2 -1 2 0
78 1 238 426 2 -1 1 0
81 1 240 242 2 -1 -1 0
82 1 242 244 2 -1 1 0
83 1 244 452 11 -1 2 0
86 1 246 264 2 -1 -1 0
89 1 266 266 1 -1 -1 0
90 1 268 270 2 -1 -1 0
91 1 270 280 4 -1 2 0
92 1 272 274 2 -1 -1 0
93 1 276 278 2 -1 -1 0
94 1 280 298 2 -1 0 0
97 1 300 318 2 -1 -1 0
100 1 320 338 2 -1 0 0
103 1 340 358 2 -1 -1 0
106 1 360 378 2 -1 0 0
109 1 380 398 2 -1 -1 0
112 1 400 418 2 -1 0 0
117 1 452 454 2 -1 0 0
119 1 456 458 2 -1 -1 0
120 1 458 460 2 -1 -1 0
121 1 460 478 7 -1 -1 0
122 1 462 464 2 -1 -1 0
123 1 464 518 2 -1 -1 0
126 1 466 468 2 -1 -1 0
127 1 468 560 2 -1 2 0
130 1 470 600 2 -1 2 0
133 1 472 640 2 -1 2 0
136 1 474 476 2 -1 -1 0
137 1 476 662 2 -1 2 0
140 1 478 666 2 -1 1 0
143 1 480 482 2 -1 -1 0
144 1 482 484 2 -1 1 0
145 1 484 692 11 -1 2 0
148 1 486 504 2 -1 -1 0
151 1 506 506 1 -1 -1 0
152 1 508 510 2 -1 -1 0
153 1 510 520 4 -1 2 0
154 1 512 514 2 -1 -1 0
155 1 516 518 2 -1 -1 0
156 1 520 538 2 -1 0 0
159 1 540 558 2 -1 -1 0
162 1 560 578 2 -1 0 0
165 1 580 598 2 -1 -1 0
168 1 600 618 2 -1 0 0
171 1 620 638 2 -1 -1 0
174 1 640 658 2 -1 0 0
179 1 692 694 2 -1 0 0
181 1 696 698 2 -1 -1 0
182 1 698 750 2 -1 -1 0
183 1 700 702 2 -1 -1 0
184 1 702 792 2 -1 2 0
185 1 704 832 2 -1 2 0
186 1 706 708 2 -1 -1 0
187 1 708 854 2 -1 2 0
188 1 710 858 2 -1 1 0
190 1 712 714 2 -1 -1 0
191 1 714 716 2 -1 1 0
192 1 716 884 9 -1 2 0
195 1 718 736 2 -1 -1 0
198 1 738 738 1 -1 -1 0
199 1 740 742 2 -1 -1 0
200 1 742 752 4 -1 2 0
201 1 744 746 2 -1 -1 0
202 1 748 750 2 -1 -1 0
203 1 752 770 2 -1 0 0
206 1 772 790 2 -1 -1 0
209 1 792 810 2 -1 0 0
212 1 812 830 2 -1 -1 0
215 1 832 850 2 -1 0 0
220 1 884 886 2 -1 0 0
222 1 888 890 2 -1 -1 0
223 1 890 892 2 -1 -1 0
224 1 892 908 7 -1 -1 0
225 1 894 896 2 -1 -1 0
226 1 896 948 2 -1 -1 0
229 1 898 990 2 -1 2 0
232 1 900 1030 2 -1 2 0
235 1 902 1070 2 -1 2 0
238 1 904 906 2 -1 -1 0
239 1 906 1092 2 -1 2 0
242 1 908 1096 2 -1 1 0
245 1 910 912 2 -1 -1 0
246 1 912 914 2 -1 1 0
247 1 914 1122 11 -1 2 0
250 1 916 934 2 -1 -1 0
253 1 936 936 1 -1 -1 0
254 1 938 940 2 -1 -1 0
255 1 940 950 4 -1 2 0
256 1 942 944 2 -1 -1 0
257 1 946 948 2 -1 -1 0
258 1 950 968 2 -1 0 0
261 1 970 988 2 -1 -1 0
264 1 990 1008 2 -1 0 0
267 1 1010 1028 2 -1 -1 0
270 1 1030 1048 2 -1 0 0
273 1 1050 1068 2 -1 -1 0
276 1 1070 1088 2 -1 0 0
281 1 1122 1124 2 -1 0 0
283 1 1126 1128 2 -1 -1 0
284 1 1128 1180 2 -1 -1 0
285 1 1130 1132 2 -1 -1 0
286 1 1132 1222 2 -1 2 0
287 1 1134 1262 2 -1 2 0
288 1 1136 1302 2 -1 2 0
289 1 1138 1140 2 -1 -1 0
290 1 1140 1342 2 -1 2 0
292 1 1142 1144 2 -1 -1 0
293 1 1144 1146 2 -1 1 0
294 1 1146 1362 12 -1 2 0
297 1 1148 1166 2 -1 -1 0
300 1 1168 1168 1 -1 -1 0
301 1 1170 1172 2 -1 -1 0
302 1 1172 1182 4 -1 2 0
303 1 1174 1176 2 -1 -1 0
304 1 1178 1180 2 -1 -1 0
305 1 1182 1200 2 -1 0 0
308 1 1202 1220 2 -1 -1 0
311 1 1222 1240 2 -1 0 0
314 1 1242 1260 2 -1 -1 0
317 1 1262 1280 2 -1 0 0
320 1 1282 1300 2 -1 -1 0
323 1 1302 1320 2 -1 0 0
326 1 1322 1340 2 -1 -1 0
329 1 1342 1360 2 -1 0 0
331 1 1362 1364 2 -1 0 0
333 1 1366 1368 2 -1 -1 0
334 1 1368 1414 2 -1 -1 0
335 1 1370 1456 2 -1 2 0
336 1 1372 1374 2 -1 -1 0
337 1 1374 1496 2 -1 2 0
339 1 1376 1378 2 -1 -1 0
340 1 1378 1380 2 -1 1 0
341 1 1380 1516 8 -1 2 0
344 1 1382 1400 2 -1 -1 0
347 1 1402 1402 1 -1 -1 0
348 1 1404 1406 2 -1 -1 0
349 1 1406 1416 4 -1 2 0
350 1 1408 1410 2 -1 -1 0
351 1 1412 1414 2 -1 -1 0
352 1 1416 1434 2 -1 0 0
355 1 1436 1454 2 -1 -1 0
358 1 1456 1474 2 -1 0 0
361 1 1476 1494 2 -1 -1 0
364 1 1496 1514 2 -1 0 0
366 1 1516 1518 2 -1 0 0
368 1 1520 1522 2 -1 -1 0
369 1 1522 1572 2 -1 -1 0
370 1 1524 1526 2 -1 -1 0
371 1 1526 1614 2 -1 2 0
372 1 1528 1654 2 -1 2 0
373 1 1530 1532 2 -1 -1 0
374 1 1532 1694 2 -1 2 0
376 1 1534 1536 2 -1 -1 0
377 1 1536 1538 2 -1 1 0
378 1 1538 1714 10 -1 2 0
381 1 1540 1558 2 -1 -1 0
384 1 1560 1560 1 -1 -1 0
385 1 1562 1564 2 -1 -1 0
386 1 1564 1574 4 -1 2 0
387 1 1566 1568 2 -1 -1 0
388 1 1570 1572 2 -1 -1 0
389 1 1574 1592 2 -1 0 0
392 1 1594 1612 2 -1 -1 0
395 1 1614 1632 2 -1 0 0
398 1 1634 1652 2 -1 -1 0
401 1 1654 1672 2 -1 0 0
404 1 1674 1692 2 -1 -1 0
407 1 1694 1712 2 -1 0 0
409 1 1714 1716 2 -1 0 0
411 1 1718 1720 2 -1 -1 0
412 1 1720 1722 2 -1 -1 0
413 1 1722 1738 7 -1 -1 0
414 1 1724 1726 2 -1 -1 0
415 1 1726 1778 2 -1 -1 0
418 1 1728 1820 2 -1 2 0
421 1 1730 1860 2 -1 2 0
424 1 1732 1900 2 -1 2 0
427 1 1734 1736 2 -1 -1 0
428 1 1736 1922 2 -1 2 0
431 1 1738 1926 2 -1 1 0
434 1 1740 1742 2 -1 -1 0
435 1 1742 1744 2 -1 1 0
436 1 1744 1952 11 -1 2 0
439 1 1746 1764 2 -1 -1 0
442 1 1766 1766 1 -1 -1 0
443 1 1768 1770 2 -1 -1 0
444 1 1770 1780 4 -1 2 0
445 1 1772 1774 2 -1 -1 0
446 1 1776 1778 2 -1 -1 0
447 1 1780 1798 2 -1 0 0
450 1 1800 1818 2 -1 -1 0
453 1 1820 1838 2 -1 0 0
456 1 1840 1858 2 -1 -1 0
459 1 1860 1878 2 -1 0 0
462 1 1880 1898 2 -1 -1 0
465 1 1900 1918 2 -1 0 0
470 1 1952 1954 2 -1 0 0
472 1 1956 1958 2 -1 -1 0
473 1 1958 2008 2 -1 -1 0
474 1 1960 2050 2 -1 2 0
475 1 1962 2090 2 -1 2 0
476 1 1964 1966 2 -1 -1 0
477 1 1966 2112 2 -1 2 0
478 1 1968 2116 2 -1 1 0
480 1 1970 1972 2 -1 -1 0
481 1 1972 1974 2 -1 1 0
482 1 1974 2142 9 -1 2 0
485 1 1976 1994 2 -1 -1 0
488 1 1996 1996 1 -1 -1 0
489 1 1998 2000 2 -1 -1 0
490 1 2000 2010 4 -1 2 0
491 1 2002 2004 2 -1 -1 0
492 1 2006 2008 2 -1 -1 0
493 1 2010 2028 2 -1 0 0
496 1 2030 2048 2 -1 -1 0
499 1 2050 2068 2 -1 0 0
502 1 2070 2088 2 -1 -1 0
505 1 2090 2108 2 -1 0 0
510 1 2142 2144 2 -1 0 0
512 1 2146 2148 2 -1 -1 0
513 1 2148 2150 2 -1 -1 0
514 1 2150 2162 6 -1 -1 0
515 1 2152 2190 2 -1 2 0
518 1 2154 2230 2 -1 2 0
521 1 2156 2270 2 -1 2 0
524 1 2158 2160 2 -1 -1 0
525 1 2160 2292 2 -1 2 0
528 1 2162 2296 2 -1 1 0
531 1 2164 2166 2 -1 -1 0
532 1 2166 2168 2 -1 1 0
533 1 2168 2322 9 -1 2 0
536 1 2170 2188 2 -1 -1 0
539 1 2190 2208 2 -1 0 0
542 1 2210 2228 2 -1 -1 0
545 1 2230 2248 2 -1 0 0
548 1 2250 2268 2 -1 -1 0
551 1 2270 2288 2 -1 0 0
556 1 2322 2324 2 -1 0 0
558 1 2326 2328 2 -1 -1 0
559 1 2328 2330 2 -1 -1 0
560 1 2330 2344 7 -1 -1 0
561 1 2332 2372 2 -1 2 0
564 1 2334 2412 2 -1 2 0
567 1 2336 2452 2 -1 2 0
570 1 2338 2492 2 -1 2 0
573 1 2340 2342 2 -1 -1 0
574 1 2342 2514 2 -1 2 0
577 1 2344 2518 2 -1 1 0
580 1 2346 2348 2 -1 -1 0
581 1 2348 2350 2 -1 1 0
582 1 2350 2544 11 -1 2 0
585 1 2352 2370 2 -1 -1 0
588 1 2372 2390 2 -1 0 0
591 1 2392 2410 2 -1 -1 0
594 1 2412 2430 2 -1 0 0
597 1 2432 2450 2 -1 -1 0
600 1 2452 2470 2 -1 0 0
603 1 2472 2490 2 -1 -1 0
606 1 2492 2510 2 -1 0 0
611 1 2544 2546 2 -1 0 0
613 1 2548 2550 2 -1 -1 0
614 1 2550 2552 2 -1 -1 0
615 1 2552 2568 7 -1 -1 0
616 1 2554 2556 2 -1 -1 0
617 1 2556 2608 2 -1 -1 0
620 1 2558 2650 2 -1 2 0
623 1 2560 2690 2 -1 2 0
626 1 2562 2730 2 -1 2 0
629 1 2564 2566 2 -1 -1 0
630 1 2566 2752 2 -1 2 0
633 1 2568 2756 2 -1 1 0
636 1 2570 2572 2 -1 -1 0
637 1 2572 2574 2 -1 1 0
638 1 2574 2782 11 -1 2 0
641 1 2576 2594 2 -1 -1 0
644 1 2596 2596 1 -1 -1 0
645 1 2598 2600 2 -1 -1 0
646 1 2600 2610 4 -1 2 0
647 1 2602 2604 2 -1 -1 0
648 1 2606 2608 2 -1 -1 0
649 1 2610 2628 2 -1 0 0
652 1 2630 2648 2 -1 -1 0
655 1 2650 2668 2 -1 0 0
658 1 2670 2688 2 -1 -1 0
661 1 2690 2708 2 -1 0 0
664 1 2710 2728 2 -1 -1 0
667 1 2730 2748 2 -1 0 0
672 1 2782 2784 2 -1 0 0
674 1 2786 2788 2 -1 -1 0
675 1 2788 2790 2 -1 -1 0
676 1 2790 2810 8 -1 -1 0
677 1 2792 2794 2 -1 -1 0
678 1 2794 2850 2 -1 -1 0
681 1 2796 2892 2 -1 2 0
684 1 2798 2932 2 -1 2 0
687 1 2800 2972 2 -1 2 0
690 1 2802 2804 2 -1 -1 0
691 1 2804 2992 2 -1 -1 0
694 1 2806 2808 2 -1 -1 0
695 1 2808 3024 2 -1 2 0
698 1 2810 3028 2 -1 1 0
701 1 2812 2814 2 -1 -1 0
702 1 2814 2816 2 -1 1 0
703 1 2816 3054 12 -1 2 0
706 1 2818 2836 2 -1 -1 0
709 1 2838 2838 1 -1 -1 0
710 1 2840 2842 2 -1 -1 0
711 1 2842 2852 4 -1 2 0
712 1 2844 2846 2 -1 -1 0
713 1 2848 2850 2 -1 -1 0
714 1 2852 2870 2 -1 0 0
717 1 2872 2890 2 -1 -1 0
720 1 2892 2910 2 -1 0 0
723 1 2912 2930 2 -1 -1 0
726 1 2932 2950 2 -1 0 0
729 1 2952 2970 2 -1 -1 0
732 1 2972 2990 2 -1 0 0
735 2 2994 2997 3002 3002 2 737 -1 0
736 1 2998 3002 2 737 -1 0
737 1 3002 3020 2 735 -1 0
742 1 3054 3056 2 -1 0 0
744 1 3058 3060 2 -1 -1 0
745 1 3060 3062 2 -1 -1 0
746 1 3062 3080 8 -1 -1 0
747 1 3064 3066 2 -1 -1 0
748 1 3066 3120 2 -1 -1 0
751 1 3068 3162 2 -1 2 0
754 1 3070 3202 2 -1 2 0
757 1 3072 3242 2 -1 2 0
760 1 3074 3282 2 -1 2 0
763 1 3076 3078 2 -1 -1 0
764 1 3078 3304 2 -1 2 0
767 1 3080 3308 2 -1 1 0
770 1 3082 3084 2 -1 -1 0
771 1 3084 3086 2 -1 1 0
772 1 3086 3334 13 -1 2 0
775 1 3088 3106 2 -1 -1 0
778 1 3108 3108 1 -1 -1 0
779 1 3110 3112 2 -1 -1 0
780 1 3112 3122 4 -1 2 0
781 1 3114 3116 2 -1 -1 0
782 1 3118 3120 2 -1 -1 0
783 1 3122 3140 2 -1 0 0
786 1 3142 3160 2 -1 -1 0
789 1 3162 3180 2 -1 0 0
792 1 3182 3200 2 -1 -1 0
795 1 3202 3220 2 -1 0 0
798 1 3222 3240 2 -1 -1 0
801 1 3242 3260 2 -1 0 0
804 1 3262 3280 2 -1 -1 0
807 1 3282 3300 2 -1 0 0
812 1 3334 3336 2 -1 0 0
814 1 3338 3340 2 -1 -1 0
815 1 3340 3388 2 -1 -1 0
816 1 3342 3430 2 -1 2 0
817 1 3344 3470 2 -1 2 0
818 1 3346 3348 2 -1 -1 0
819 1 3348 3510 2 -1 2 0
821 1 3350 3352 2 -1 -1 0
822 1 3352 3354 2 -1 1 0
823 1 3354 3530 10 -1 2 0
826 1 3356 3374 2 -1 -1 0
829 1 3376 3376 1 -1 -1 0
830 1 3378 3380 2 -1 -1 0
831 1 3380 3390 4 -1 2 0
832 1 3382 3384 2 -1 -1 0
833 1 3386 3388 2 -1 -1 0
834 1 3390 3408 2 -1 0 0
837 1 3410 3428 2 -1 -1 0
840 1 3430 3448 2 -1 0 0
843 1 3450 3468 2 -1 -1 0
846 1 3470 3488 2 -1 0 0
849 1 3490 3508 2 -1 -1 0
852 1 3510 3528 2 -1 0 0
854 1 3530 3532 2 -1 0 0
856 1 3534 3536 2 -1 -1 0
857 1 3536 3538 2 -1 -1 0
858 1 3538 3556 7 -1 -1 0
859 1 3540 3542 2 -1 -1 0
860 1 3542 3584 2 -1 2 0
863 1 3544 3546 2 -1 -1 0
864 1 3546 3624 2 -1 2 0
867 1 3548 3550 2 -1 -1 0
868 1 3550 3664 2 -1 2 0
871 1 3552 3704 2 -1 2 0
874 1 3554 3744 2 -1 1 0
877 1 3556 3784 2 -1 1 0
880 1 3558 3560 2 -1 -1 0
881 1 3560 3562 2 -1 1 0
882 1 3562 3804 14 -1 2 0
885 1 3564 3582 2 -1 -1 0
888 1 3584 3602 2 -1 0 0
891 1 3604 3622 2 -1 -1 0
894 1 3624 3642 2 -1 0 0
897 1 3644 3662 2 -1 -1 0
900 1 3664 3682 2 -1 0 0
903 1 3684 3702 2 -1 -1 0
906 1 3704 3722 2 -1 0 0
909 1 3724 3742 2 -1 -1 0
912 1 3744 3762 2 -1 0 0
915 1 3764 3782 2 -1 -1 0
918 1 3784 3802 2 -1 0 0
920 1 3804 3806 2 -1 0 0
922 1 3808 3846 2 -1 2 0
923 1 3810 3812 2 -1 -1 0
924 1 3812 3886 2 -1 2 0
925 1 3814 3926 2 -1 2 0
926 1 3816 3818 2 -1 -1 0
927 1 3818 3966 2 -1 2 0
929 1 3820 3822 2 -1 -1 0
930 1 3822 3824 2 -1 1 0
931 1 3824 3986 10 -1 2 0
934 1 3826 3844 2 -1 -1 0
937 1 3846 3864 2 -1 0 0
940 1 3866 3884 2 -1 -1 0
943 1 3886 3904 2 -1 0 0
946 1 3906 3924 2 -1 -1 0
949 1 3926 3944 2 -1 0 0
952 1 3946 3964 2 -1 -1 0
955 1 3966 3984 2 -1 0 0
957 1 3986 3988 2 -1 0 0
959 1 3990 4028 2 -1 2 0
960 1 3992 3994 2 -1 -1 0
961 1 3994 4068 2 -1 2 0
962 1 3996 4108 2 -1 2 0
963 1 3998 4000 2 -1 -1 0
964 1 4000 4148 2 -1 2 0
966 1 4002 4004 2 -1 -1 0
967 1 4004 4006 2 -1 1 0
968 1 4006 4168 10 -1 2 0
971 1 4008 4026 2 -1 -1 0
974 1 4028 4046 2 -1 0 0
977 1 4048 4066 2 -1 -1 0
980 1 4068 4086 2 -1 0 0
983 1 4088 4106 2 -1 -1 0
986 1 4108 4126 2 -1 0 0
989 1 4128 4146 2 -1 -1 0
992 1 4148 4166 2 -1 0 0
994 1 4168 4170 2 -1 0 0
995 1 4172 4174 2 -1 -1 0
996 1 36 42 2 -1 2 0
997 1 38 42 2 -1 1 0
998 1 40 42 2 -1 5 0
999 1 42 46 2 -1 4 0
1001 1 72 80 3 -1 -1 0
1003 1 74 76 2 -1 -1 0
1004 1 76 78 2 -1 -1 0
1005 1 80 82 2 -1 -1 0
1006 1 82 84 2 -1 -1 0
1007 1 84 86 2 -1 -1 0
1009 1 106 114 3 -1 -1 0
1011 1 108 110 2 -1 -1 0
1012 1 110 112 2 -1 -1 0
1013 1 114 116 2 -1 -1 0
1014 1 116 118 2 -1 -1 0
1015 1 118 120 2 -1 -1 0
1017 1 126 134 3 -1 -1 0
1019 1 128 130 2 -1 -1 0
1020 1 130 132 2 -1 -1 0
1021 1 134 136 2 -1 -1 0
1022 1 136 138 2 -1 -1 0
1023 1 138 140 2 -1 -1 0
1025 1 146 154 3 -1 -1 0
1027 1 148 150 2 -1 -1 0
1028 1 150 152 2 -1 -1 0
1029 1 154 156 2 -1 -1 0
1030 1 156 158 2 -1 -1 0
1031 1 158 160 2 -1 -1 0
1032 1 162 174 2 -1 2 0
1034 1 172 174 2 -1 5 0
1035 1 174 192 2 -1 0 0
1036 1 164 170 2 -1 2 0
1037 1 166 170 2 -1 1 0
1038 1 168 170 2 -1 5 0
1039 1 170 174 2 -1 1 0
1041 1 178 186 3 -1 -1 0
1043 1 180 182 2 -1 -1 0
1044 1 182 184 2 -1 -1 0
1045 1 186 188 2 -1 -1 0
1046 1 188 190 2 -1 -1 0
1047 1 190 192 2 -1 -1 0
1049 1 198 206 3 -1 -1 0
1051 1 200 202 2 -1 -1 0
1052 1 202 204 2 -1 -1 0
1053 1 206 208 2 -1 -1 0
1054 1 208 210 2 -1 -1 0
1055 1 210 212 2 -1 -1 0
1057 1 250 258 3 -1 -1 0
1059 1 252 254 2 -1 -1 0
1060 1 254 256 2 -1 -1 0
1061 1 258 260 2 -1 -1 0
1062 1 260 262 2 -1 -1 0
1063 1 262 264 2 -1 -1 0
1065 1 284 292 3 -1 -1 0
1067 1 286 288 2 -1 -1 0
1068 1 288 290 2 -1 -1 0
1069 1 292 294 2 -1 -1 0
1070 1 294 296 2 -1 -1 0
1071 1 296 298 2 -1 -1 0
1073 1 304 312 3 -1 -1 0
1075 1 306 308 2 -1 -1 0
1076 1 308 310 2 -1 -1 0
1077 1 312 314 2 -1 -1 0
1078 1 314 316 2 -1 -1 0
1079 1 316 318 2 -1 -1 0
1081 1 324 332 3 -1 -1 0
1083 1 326 328 2 -1 -1 0
1084 1 328 330 2 -1 -1 0
1085 1 332 334 2 -1 -1 0
1086 1 334 336 2 -1 -1 0
1087 1 336 338 2 -1 -1 0
1089 1 344 352 3 -1 -1 0
1091 1 346 348 2 -1 -1 0
1092 1 348 350 2 -1 -1 0
1093 1 352 354 2 -1 -1 0
1094 1 354 356 2 -1 -1 0
1095 1 356 358 2 -1 -1 0
1097 1 364 372 3 -1 -1 0
1099 1 366 368 2 -1 -1 0
1100 1 368 370 2 -1 -1 0
1101 1 372 374 2 -1 -1 0
1102 1 374 376 2 -1 -1 0
1103 1 376 378 2 -1 -1 0
1105 1 384 392 3 -1 -1 0
1107 1 386 388 2 -1 -1 0
1108 1 388 390 2 -1 -1 0
1109 1 392 394 2 -1 -1 0
1110 1 394 396 2 -1 -1 0
1111 1 396 398 2 -1 -1 0
1113 1 404 412 3 -1 -1 0
1115 1 406 408 2 -1 -1 0
1116 1 408 410 2 -1 -1 0
1117 1 412 414 2 -1 -1 0
1118 1 414 416 2 -1 -1 0
1119 1 416 418 2 -1 -1 0
1120 1 420 432 2 -1 2 0
1122 1 430 432 2 -1 5 0
1123 1 432 450 2 -1 0 0
1124 1 422 428 2 -1 2 0
1125 1 424 428 2 -1 1 0
1126 1 426 428 2 -1 5 0
1127 1 428 432 2 -1 1 0
1129 1 436 444 3 -1 -1 0
1131 1 438 440 2 -1 -1 0
1132 1 440 442 2 -1 -1 0
1133 1 444 446 2 -1 -1 0
1134 1 446 448 2 -1 -1 0
1135 1 448 450 2 -1 -1 0
1137 1 490 498 3 -1 -1 0
1139 1 492 494 2 -1 -1 0
1140 1 494 496 2 -1 -1 0
1141 1 498 500 2 -1 -1 0
1142 1 500 502 2 -1 -1 0
1143 1 502 504 2 -1 -1 0
1145 1 524 532 3 -1 -1 0
1147 1 526 528 2 -1 -1 0
1148 1 528 530 2 -1 -1 0
1149 1 532 534 2 -1 -1 0
1150 1 534 536 2 -1 -1 0
1151 1 536 538 2 -1 -1 0
1153 1 544 552 3 -1 -1 0
1155 1 546 548 2 -1 -1 0
1156 1 548 550 2 -1 -1 0
1157 1 552 554 2 -1 -1 0
1158 1 554 556 2 -1 -1 0
1159 1 556 558 2 -1 -1 0
1161 1 564 572 3 -1 -1 0
1163 1 566 568 2 -1 -1 0
1164 1 568 570 2 -1 -1 0
1165 1 572 574 2 -1 -1 0
1166 1 574 576 2 -1 -1 0
1167 1 576 578 2 -1 -1 0
1169 1 584 592 3 -1 -1 0
1171 1 586 588 2 -1 -1 0
1172 1 588 590 2 -1 -1 0
1173 1 592 594 2 -1 -1 0
1174 1 594 596 2 -1 -1 0
1175 1 596 598 2 -1 -1 0
1177 1 604 612 3 -1 -1 0
1179 1 606 608 2 -1 -1 0
1180 1 608 610 2 -1 -1 0
1181 1 612 614 2 -1 -1 0
1182 1 614 616 2 -1 -1 0
1183 1 616 618 2 -1 -1 0
1185 1 624 632 3 -1 -1 0
1187 1 626 628 2 -1 -1 0
1188 1 628 630 2 -1 -1 0
1189 1 632 634 2 -1 -1 0
1190 1 634 636 2 -1 -1 0
1191 1 636 638 2 -1 -1 0
1193 1 644 652 3 -1 -1 0
1195 1 646 648 2 -1 -1 0
1196 1 648 650 2 -1 -1 0
1197 1 652 654 2 -1 -1 0
1198 1 654 656 2 -1 -1 0
1199 1 656 658 2 -1 -1 0
1200 1 660 672 2 -1 2 0
1202 1 670 672 2 -1 5 0
1203 1 672 690 2 -1 0 0
1204 1 662 668 2 -1 2 0
1205 1 664 668 2 -1 1 0
1206 1 666 668 2 -1 5 0
1207 1 668 672 2 -1 1 0
1209 1 676 684 3 -1 -1 0
1211 1 678 680 2 -1 -1 0
1212 1 680 682 2 -1 -1 0
1213 1 684 686 2 -1 -1 0
1214 1 686 688 2 -1 -1 0
1215 1 688 690 2 -1 -1 0
1217 1 722 730 3 -1 -1 0
1219 1 724 726 2 -1 -1 0
1220 1 726 728 2 -1 -1 0
1221 1 730 732 2 -1 -1 0
1222 1 732 734 2 -1 -1 0
1223 1 734 736 2 -1 -1 0
1225 1 756 764 3 -1 -1 0
1227 1 758 760 2 -1 -1 0
1228 1 760 762 2 -1 -1 0
1229 1 764 766 2 -1 -1 0
1230 1 766 768 2 -1 -1 0
1231 1 768 770 2 -1 -1 0
1233 1 776 784 3 -1 -1 0
1235 1 778 780 2 -1 -1 0
1236 1 780 782 2 -1 -1 0
1237 1 784 786 2 -1 -1 0
1238 1 786 788 2 -1 -1 0
1239 1 788 790 2 -1 -1 0
1241 1 796 804 3 -1 -1 0
1243 1 798 800 2 -1 -1 0
1244 1 800 802 2 -1 -1 0
1245 1 804 806 2 -1 -1 0
1246 1 806 808 2 -1 -1 0
1247 1 808 810 2 -1 -1 0
1249 1 816 824 3 -1 -1 0
1251 1 818 820 2 -1 -1 0
1252 1 820 822 2 -1 -1 0
1253 1 824 826 2 -1 -1 0
1254 1 826 828 2 -1 -1 0
1255 1 828 830 2 -1 -1 0
1257 1 836 844 3 -1 -1 0
1259 1 838 840 2 -1 -1 0
1260 1 840 842 2 -1 -1 0
1261 1 844 846 2 -1 -1 0
1262 1 846 848 2 -1 -1 0
1263 1 848 850 2 -1 -1 0
1264 1 852 864 2 -1 2 0
1266 1 862 864 2 -1 5 0
1267 1 864 882 2 -1 0 0
1268 1 854 860 2 -1 2 0
1269 1 856 860 2 -1 1 0
1270 1 858 860 2 -1 5 0
1271 1 860 864 2 -1 1 0
1273 1 868 876 3 -1 -1 0
1275 1 870 872 2 -1 -1 0
1276 1 872 874 2 -1 -1 0
1277 1 876 878 2 -1 -1 0
1278 1 878 880 2 -1 -1 0
1279 1 880 882 2 -1 -1 0
1281 1 920 928 3 -1 -1 0
1283 1 922 924 2 -1 -1 0
1284 1 924 926 2 -1 -1 0
1285 1 928 930 2 -1 -1 0
1286 1 930 932 2 -1 -1 0
1287 1 932 934 2 -1 -1 0
1289 1 954 962 3 -1 -1 0
1291 1 956 958 2 -1 -1 0
1292 1 958 960 2 -1 -1 0
1293 1 962 964 2 -1 -1 0
1294 1 964 966 2 -1 -1 0
1295 1 966 968 2 -1 -1 0
1297 1 974 982 3 -1 -1 0
1299 1 976 978 2 -1 -1 0
1300 1 978 980 2 -1 -1 0
1301 1 982 984 2 -1 -1 0
1302 1 984 986 2 -1 -1 0
1303 1 986 988 2 -1 -1 0
1305 1 994 1002 3 -1 -1 0
1307 1 996 998 2 -1 -1 0
1308 1 998 1000 2 -1 -1 0
1309 1 1002 1004 2 -1 -1 0
1310 1 1004 1006 2 -1 -1 0
1311 1 1006 1008 2 -1 -1 0
1313 1 1014 1022 3 -1 -1 0
1315 1 1016 1018 2 -1 -1 0
1316 1 1018 1020 2 -1 -1 0
1317 1 1022 1024 2 -1 -1 0
1318 1 1024 1026 2 -1 -1 0
1319 1 1026 1028 2 -1 -1 0
1321 1 1034 1042 3 -1 -1 0
1323 1 1036 1038 2 -1 -1 0
1324 1 1038 1040 2 -1 -1 0
1325 1 1042 1044 2 -1 -1 0
1326 1 1044 1046 2 -1 -1 0
1327 1 1046 1048 2 -1 -1 0
1329 1 1054 1062 3 -1 -1 0
1331 1 1056 1058 2 -1 -1 0
1332 1 1058 1060 2 -1 -1 0
1333 1 1062 1064 2 -1 -1 0
1334 1 1064 1066 2 -1 -1 0
1335 1 1066 1068 2 -1 -1 0
1337 1 1074 1082 3 -1 -1 0
1339 1 1076 1078 2 -1 -1 0
1340 1 1078 1080 2 -1 -1 0
1341 1 1082 1084 2 -1 -1 0
1342 1 1084 1086 2 -1 -1 0
1343 1 1086 1088 2 -1 -1 0
1344 1 1090 1102 2 -1 2 0
1346 1 1100 1102 2 -1 5 0
1347 1 1102 1120 2 -1 0 0
1348 1 1092 1098 2 -1 2 0
1349 1 1094 1098 2 -1 1 0
1350 1 1096 1098 2 -1 5 0
1351 1 1098 1102 2 -1 1 0
1353 1 1106 1114 3 -1 -1 0
1355 1 1108 1110 2 -1 -1 0
1356 1 1110 1112 2 -1 -1 0
1357 1 1114 1116 2 -1 -1 0
1358 1 1116 1118 2 -1 -1 0
1359 1 1118 1120 2 -1 -1 0
1361 1 1152 1160 3 -1 -1 0
1363 1 1154 1156 2 -1 -1 0
1364 1 1156 1158 2 -1 -1 0
1365 1 1160 1162 2 -1 -1 0
1366 1 1162 1164 2 -1 -1 0
1367 1 1164 1166 2 -1 -1 0
1369 1 1186 1194 3 -1 -1 0
1371 1 1188 1190 2 -1 -1 0
1372 1 1190 1192 2 -1 -1 0
1373 1 1194 1196 2 -1 -1 0
1374 1 1196 1198 2 -1 -1 0
1375 1 1198 1200 2 -1 -1 0
1377 1 1206 1214 3 -1 -1 0
1379 1 1208 1210 2 -1 -1 0
1380 1 1210 1212 2 -1 -1 0
1381 1 1214 1216 2 -1 -1 0
1382 1 1216 1218 2 -1 -1 0
1383 1 1218 1220 2 -1 -1 0
1385 1 1226 1234 3 -1 -1 0
1387 1 1228 1230 2 -1 -1 0
1388 1 1230 1232 2 -1 -1 0
1389 1 1234 1236 2 -1 -1 0
1390 1 1236 1238 2 -1 -1 0
1391 1 1238 1240 2 -1 -1 0
1393 1 1246 1254 3 -1 -1 0
1395 1 1248 1250 2 -1 -1 0
1396 1 1250 1252 2 -1 -1 0
1397 1 1254 1256 2 -1 -1 0
1398 1 1256 1258 2 -1 -1 0
1399 1 1258 1260 2 -1 -1 0
1401 1 1266 1274 3 -1 -1 0
1403 1 1268 1270 2 -1 -1 0
1404 1 1270 1272 2 -1 -1 0
1405 1 1274 1276 2 -1 -1 0
1406 1 1276 1278 2 -1 -1 0
1407 1 1278 1280 2 -1 -1 0
1409 1 1286 1294 3 -1 -1 0
1411 1 1288 1290 2 -1 -1 0
1412 1 1290 1292 2 -1 -1 0
1413 1 1294 1296 2 -1 -1 0
1414 1 1296 1298 2 -1 -1 0
1415 1 1298 1300 2 -1 -1 0
1417 1 1306 1314 3 -1 -1 0
1419 1 1308 1310 2 -1 -1 0
1420 1 1310 1312 2 -1 -1 0
1421 1 1314 1316 2 -1 -1 0
1422 1 1316 1318 2 -1 -1 0
1423 1 1318 1320 2 -1 -1 0
1425 1 1326 1334 3 -1 -1 0
1427 1 1328 1330 2 -1 -1 0
1428 1 1330 1332 2 -1 -1 0
1429 1 1334 1336 2 -1 -1 0
1430 1 1336 1338 2 -1 -1 0
1431 1 1338 1340 2 -1 -1 0
1433 1 1346 1354 3 -1 -1 0
1435 1 1348 1350 2 -1 -1 0
1436 1 1350 1352 2 -1 -1 0
1437 1 1354 1356 2 -1 -1 0
1438 1 1356 1358 2 -1 -1 0
1439 1 1358 1360 2 -1 -1 0
1441 1 1386 1394 3 -1 -1 0
1443 1 1388 1390 2 -1 -1 0
1444 1 1390 1392 2 -1 -1 0
1445 1 1394 1396 2 -1 -1 0
1446 1 1396 1398 2 -1 -1 0
1447 1 1398 1400 2 -1 -1 0
1449 1 1420 1428 3 -1 -1 0
1451 1 1422 1424 2 -1 -1 0
1452 1 1424 1426 2 -1 -1 0
1453 1 1428 1430 2 -1 -1 0
1454 1 1430 1432 2 -1 -1 0
1455 1 1432 1434 2 -1 -1 0
1457 1 1440 1448 3 -1 -1 0
1459 1 1442 1444 2 -1 -1 0
1460 1 1444 1446 2 -1 -1 0
1461 1 1448 1450 2 -1 -1 0
1462 1 1450 1452 2 -1 -1 0
1463 1 1452 1454 2 -1 -1 0
1465 1 1460 1468 3 -1 -1 0
1467 1 1462 1464 2 -1 -1 0
1468 1 1464 1466 2 -1 -1 0
1469 1 1468 1470 2 -1 -1 0
1470 1 1470 1472 2 -1 -1 0
1471 1 1472 1474 2 -1 -1 0
1473 1 1480 1488 3 -1 -1 0
1475 1 1482 1484 2 -1 -1 0
1476 1 1484 1486 2 -1 -1 0
1477 1 1488 1490 2 -1 -1 0
1478 1 1490 1492 2 -1 -1 0
1479 1 1492 1494 2 -1 -1 0
1481 1 1500 1508 3 -1 -1 0
1483 1 1502 1504 2 -1 -1 0
1484 1 1504 1506 2 -1 -1 0
1485 1 1508 1510 2 -1 -1 0
1486 1 1510 1512 2 -1 -1 0
1487 1 1512 1514 2 -1 -1 0
1489 1 1544 1552 3 -1 -1 0
1491 1 1546 1548 2 -1 -1 0
1492 1 1548 1550 2 -1 -1 0
1493 1 1552 1554 2 -1 -1 0
1494 1 1554 1556 2 -1 -1 0
1495 1 1556 1558 2 -1 -1 0
1497 1 1578 1586 3 -1 -1 0
1499 1 1580 1582 2 -1 -1 0
1500 1 1582 1584 2 -1 -1 0
1501 1 1586 1588 2 -1 -1 0
1502 1 1588 1590 2 -1 -1 0
1503 1 1590 1592 2 -1 -1 0
1505 1 1598 1606 3 -1 -1 0
1507 1 1600 1602 2 -1 -1 0
1508 1 1602 1604 2 -1 -1 0
1509 1 1606 1608 2 -1 -1 0
1510 1 1608 1610 2 -1 -1 0
1511 1 1610 1612 2 -1 -1 0
1513 1 1618 1626 3 -1 -1 0
1515 1 1620 1622 2 -1 -1 0
1516 1 1622 1624 2 -1 -1 0
1517 1 1626 1628 2 -1 -1 0
1518 1 1628 1630 2 -1 -1 0
1519 1 1630 1632 2 -1 -1 0
1521 1 1638 1646 3 -1 -1 0
1523 1 1640 1642 2 -1 -1 0
1524 1 1642 1644 2 -1 -1 0
1525 1 1646 1648 2 -1 -1 0
1526 1 1648 1650 2 -1 -1 0
1527 1 1650 1652 2 -1 -1 0
1529 1 1658 1666 3 -1 -1 0
1531 1 1660 1662 2 -1 -1 0
1532 1 1662 1664 2 -1 -1 0
1533 1 1666 1668 2 -1 -1 0
1534 1 1668 1670 2 -1 -1 0
1535 1 1670 1672 2 -1 -1 0
1537 1 1678 1686 3 -1 -1 0
1539 1 1680 1682 2 -1 -1 0
1540 1 1682 1684 2 -1 -1 0
1541 1 1686 1688 2 -1 -1 0
1542 1 1688 1690 2 -1 -1 0
1543 1 1690 1692 2 -1 -1 0
1545 1 1698 1706 3 -1 -1 0
1547 1 1700 1702 2 -1 -1 0
1548 1 1702 1704 2 -1 -1 0
1549 1 1706 1708 2 -1 -1 0
1550 1 1708 1710 2 -1 -1 0
1551 1 1710 1712 2 -1 -1 0
1553 1 1750 1758 3 -1 -1 0
1555 1 1752 1754 2 -1 -1 0
1556 1 1754 1756 2 -1 -1 0
1557 1 1758 1760 2 -1 -1 0
1558 1 1760 1762 2 -1 -1 0
1559 1 1762 1764 2 -1 -1 0
1561 1 1784 1792 3 -1 -1 0
1563 1 1786 1788 2 -1 -1 0
1564 1 1788 1790 2 -1 -1 0
1565 1 1792 1794 2 -1 -1 0
1566 1 1794 1796 2 -1 -1 0
1567 1 1796 1798 2 -1 -1 0
1569 1 1804 1812 3 -1 -1 0
1571 1 1806 1808 2 -1 -1 0
1572 1 1808 1810 2 -1 -1 0
1573 1 1812 1814 2 -1 -1 0
1574 1 1814 1816 2 -1 -1 0
1575 1 1816 1818 2 -1 -1 0
1577 1 1824 1832 3 -1 -1 0
1579 1 1826 1828 2 -1 -1 0
1580 1 1828 1830 2 -1 -1 0
1581 1 1832 1834 2 -1 -1 0
1582 1 1834 1836 2 -1 -1 0
1583 1 1836 1838 2 -1 -1 0
1585 1 1844 1852 3 -1 -1 0
1587 1 1846 1848 2 -1 -1 0
1588 1 1848 1850 2 -1 -1 0
1589 1 1852 1854 2 -1 -1 0
1590 1 1854 1856 2 -1 -1 0
1591 1 1856 1858 2 -1 -1 0
1593 1 1864 1872 3 -1 -1 0
1595 1 1866 1868 2 -1 -1 0
1596 1 1868 1870 2 -1 -1 0
1597 1 1872 1874 2 -1 -1 0
1598 1 1874 1876 2 -1 -1 0
1599 1 1876 1878 2 -1 -1 0
1601 1 1884 1892 3 -1 -1 0
1603 1 1886 1888 2 -1 -1 0
1604 1 1888 1890 2 -1 -1 0
1605 1 1892 1894 2 -1 -1 0
1606 1 1894 1896 2 -1 -1 0
1607 1 1896 1898 2 -1 -1 0
1609 1 1904 1912 3 -1 -1 0
1611 1 1906 1908 2 -1 -1 0
1612 1 1908 1910 2 -1 -1 0
1613 1 1912 1914 2 -1 -1 0
1614 1 1914 1916 2 -1 -1 0
1615 1 1916 1918 2 -1 -1 0
1616 1 1920 1932 2 -1 2 0
1618 1 1930 1932 2 -1 5 0
1619 1 1932 1950 2 -1 0 0
1620 1 1922 1928 2 -1 2 0
1621 1 1924 1928 2 -1 1 0
1622 1 1926 1928 2 -1 5 0
1623 1 1928 1932 2 -1 1 0
1625 1 1936 1944 3 -1 -1 0
1627 1 1938 1940 2 -1 -1 0
1628 1 1940 1942 2 -1 -1 0
1629 1 1944 1946 2 -1 -1 0
1630 1 1946 1948 2 -1 -1 0
1631 1 1948 1950 2 -1 -1 0
1633 1 1980 1988 3 -1 -1 0
1635 1 1982 1984 2 -1 -1 0
1636 1 1984 1986 2 -1 -1 0
1637 1 1988 1990 2 -1 -1 0
1638 1 1990 1992 2 -1 -1 0
1639 1 1992 1994 2 -1 -1 0
1641 1 2014 2022 3 -1 -1 0
1643 1 2016 2018 2 -1 -1 0
1644 1 2018 2020 2 -1 -1 0
1645 1 2022 2024 2 -1 -1 0
1646 1 2024 2026 2 -1 -1 0
1647 1 2026 2028 2 -1 -1 0
1649 1 2034 2042 3 -1 -1 0
1651 1 2036 2038 2 -1 -1 0
1652 1 2038 2040 2 -1 -1 0
1653 1 2042 2044 2 -1 -1 0
1654 1 2044 2046 2 -1 -1 0
1655 1 2046 2048 2 -1 -1 0
1657 1 2054 2062 3 -1 -1 0
1659 1 2056 2058 2 -1 -1 0
1660 1 2058 2060 2 -1 -1 0
1661 1 2062 2064 2 -1 -1 0
1662 1 2064 2066 2 -1 -1 0
1663 1 2066 2068 2 -1 -1 0
1665 1 2074 2082 3 -1 -1 0
1667 1 2076 2078 2 -1 -1 0
1668 1 2078 2080 2 -1 -1 0
1669 1 2082 2084 2 -1 -1 0
1670 1 2084 2086 2 -1 -1 0
1671 1 2086 2088 2 -1 -1 0
1673 1 2094 2102 3 -1 -1 0
1675 1 2096 2098 2 -1 -1 0
1676 1 2098 2100 2 -1 -1 0
1677 1 2102 2104 2 -1 -1 0
1678 1 2104 2106 2 -1 -1 0
1679 1 2106 2108 2 -1 -1 0
1680 1 2110 2122 2 -1 2 0
1682 1 2120 2122 2 -1 5 0
1683 1 2122 2140 2 -1 0 0
1684 1 2112 2118 2 -1 2 0
1685 1 2114 2118 2 -1 1 0
1686 1 2116 2118 2 -1 5 0
1687 1 2118 2122 2 -1 1 0
1689 1 2126 2134 3 -1 -1 0
1691 1 2128 2130 2 -1 -1 0
1692 1 2130 2132 2 -1 -1 0
1693 1 2134 2136 2 -1 -1 0
1694 1 2136 2138 2 -1 -1 0
1695 1 2138 2140 2 -1 -1 0
1697 1 2174 2182 3 -1 -1 0
1699 1 2176 2178 2 -1 -1 0
1700 1 2178 2180 2 -1 -1 0
1701 1 2182 2184 2 -1 -1 0
1702 1 2184 2186 2 -1 -1 0
1703 1 2186 2188 2 -1 -1 0
1705 1 2194 2202 3 -1 -1 0
1707 1 2196 2198 2 -1 -1 0
1708 1 2198 2200 2 -1 -1 0
1709 1 2202 2204 2 -1 -1 0
1710 1 2204 2206 2 -1 -1 0
1711 1 2206 2208 2 -1 -1 0
1713 1 2214 2222 3 -1 -1 0
1715 1 2216 2218 2 -1 -1 0
1716 1 2218 2220 2 -1 -1 0
1717 1 2222 2224 2 -1 -1 0
1718 1 2224 2226 2 -1 -1 0
1719 1 2226 2228 2 -1 -1 0
1721 1 2234 2242 3 -1 -1 0
1723 1 2236 2238 2 -1 -1 0
1724 1 2238 2240 2 -1 -1 0
1725 1 2242 2244 2 -1 -1 0
1726 1 2244 2246 2 -1 -1 0
1727 1 2246 2248 2 -1 -1 0
1729 1 2254 2262 3 -1 -1 0
1731 1 2256 2258 2 -1 -1 0
1732 1 2258 2260 2 -1 -1 0
1733 1 2262 2264 2 -1 -1 0
1734 1 2264 2266 2 -1 -1 0
1735 1 2266 2268 2 -1 -1 0
1737 1 2274 2282 3 -1 -1 0
1739 1 2276 2278 2 -1 -1 0
1740 1 2278 2280 2 -1 -1 0
1741 1 2282 2284 2 -1 -1 0
1742 1 2284 2286 2 -1 -1 0
1743 1 2286 2288 2 -1 -1 0
1744 1 2290 2302 2 -1 2 0
1746 1 2300 2302 2 -1 5 0
1747 1 2302 2320 2 -1 0 0
1748 1 2292 2298 2 -1 2 0
1749 1 2294 2298 2 -1 1 0
1750 1 2296 2298 2 -1 5 0
1751 1 2298 2302 2 -1 1 0
1753 1 2306 2314 3 -1 -1 0
1755 1 2308 2310 2 -1 -1 0
1756 1 2310 2312 2 -1 -1 0
1757 1 2314 2316 2 -1 -1 0
1758 1 2316 2318 2 -1 -1 0
1759 1 2318 2320 2 -1 -1 0
1761 1 2356 2364 3 -1 -1 0
1763 1 2358 2360 2 -1 -1 0
1764 1 2360 2362 2 -1 -1 0
1765 1 2364 2366 2 -1 -1 0
1766 1 2366 2368 2 -1 -1 0
1767 1 2368 2370 2 -1 -1 0
1769 1 2376 2384 3 -1 -1 0
1771 1 2378 2380 2 -1 -1 0
1772 1 2380 2382 2 -1 -1 0
1773 1 2384 2386 2 -1 -1 0
1774 1 2386 2388 2 -1 -1 0
1775 1 2388 2390 2 -1 -1 0
1777 1 2396 2404 3 -1 -1 0
1779 1 2398 2400 2 -1 -1 0
1780 1 2400 2402 2 -1 -1 0
1781 1 2404 2406 2 -1 -1 0
1782 1 2406 2408 2 -1 -1 0
1783 1 2408 2410 2 -1 -1 0
1785 1 2416 2424 3 -1 -1 0
1787 1 2418 2420 2 -1 -1 0
1788 1 2420 2422 2 -1 -1 0
1789 1 2424 2426 2 -1 -1 0
1790 1 2426 2428 2 -1 -1 0
1791 1 2428 2430 2 -1 -1 0
1793 1 2436 2444 3 -1 -1 0
1795 1 2438 2440 2 -1 -1 0
1796 1 2440 2442 2 -1 -1 0
1797 1 2444 2446 2 -1 -1 0
1798 1 2446 2448 2 -1 -1 0
1799 1 2448 2450 2 -1 -1 0
1801 1 2456 2464 3 -1 -1 0
1803 1 2458 2460 2 -1 -1 0
1804 1 2460 2462 2 -1 -1 0
1805 1 2464 2466 2 -1 -1 0
1806 1 2466 2468 2 -1 -1 0
1807 1 2468 2470 2 -1 -1 0
1809 1 2476 2484 3 -1 -1 0
1811 1 2478 2480 2 -1 -1 0
1812 1 2480 2482 2 -1 -1 0
1813 1 2484 2486 2 -1 -1 0
1814 1 2486 2488 2 -1 -1 0
1815 1 2488 2490 2 -1 -1 0
1817 1 2496 2504 3 -1 -1 0
1819 1 2498 2500 2 -1 -1 0
1820 1 2500 2502 2 -1 -1 0
1821 1 2504 2506 2 -1 -1 0
1822 1 2506 2508 2 -1 -1 0
1823 1 2508 2510 2 -1 -1 0
1824 1 2512 2524 2 -1 2 0
1826 1 2522 2524 2 -1 5 0
1827 1 2524 2542 2 -1 0 0
1828 1 2514 2520 2 -1 2 0
1829 1 2516 2520 2 -1 1 0
1830 1 2518 2520 2 -1 5 0
1831 1 2520 2524 2 -1 1 0
1833 1 2528 2536 3 -1 -1 0
1835 1 2530 2532 2 -1 -1 0
1836 1 2532 2534 2 -1 -1 0
1837 1 2536 2538 2 -1 -1 0
1838 1 2538 2540 2 -1 -1 0
1839 1 2540 2542 2 -1 -1 0
1841 1 2580 2588 3 -1 -1 0
1843 1 2582 2584 2 -1 -1 0
1844 1 2584 2586 2 -1 -1 0
1845 1 2588 2590 2 -1 -1 0
1846 1 2590 2592 2 -1 -1 0
1847 1 2592 2594 2 -1 -1 0
1849 1 2614 2622 3 -1 -1 0
1851 1 2616 2618 2 -1 -1 0
1852 1 2618 2620 2 -1 -1 0
1853 1 2622 2624 2 -1 -1 0
1854 1 2624 2626 2 -1 -1 0
1855 1 2626 2628 2 -1 -1 0
1857 1 2634 2642 3 -1 -1 0
1859 1 2636 2638 2 -1 -1 0
1860 1 2638 2640 2 -1 -1 0
1861 1 2642 2644 2 -1 -1 0
1862 1 2644 2646 2 -1 -1 0
1863 1 2646 2648 2 -1 -1 0
1865 1 2654 2662 3 -1 -1 0
1867 1 2656 2658 2 -1 -1 0
1868 1 2658 2660 2 -1 -1 0
1869 1 2662 2664 2 -1 -1 0
1870 1 2664 2666 2 -1 -1 0
1871 1 2666 2668 2 -1 -1 0
1873 1 2674 2682 3 -1 -1 0
1875 1 2676 2678 2 -1 -1 0
1876 1 2678 2680 2 -1 -1 0
1877 1 2682 2684 2 -1 -1 0
1878 1 2684 2686 2 -1 -1 0
1879 1 2686 2688 2 -1 -1 0
1881 1 2694 2702 3 -1 -1 0
1883 1 2696 2698 2 -1 -1 0
1884 1 2698 2700 2 -1 -1 0
1885 1 2702 2704 2 -1 -1 0
1886 1 2704 2706 2 -1 -1 0
1887 1 2706 2708 2 -1 -1 0
1889 1 2714 2722 3 -1 -1 0
1891 1 2716 2718 2 -1 -1 0
1892 1 2718 2720 2 -1 -1 0
1893 1 2722 2724 2 -1 -1 0
1894 1 2724 2726 2 -1 -1 0
1895 1 2726 2728 2 -1 -1 0
1897 1 2734 2742 3 -1 -1 0
1899 1 2736 2738 2 -1 -1 0
1900 1 2738 2740 2 -1 -1 0
1901 1 2742 2744 2 -1 -1 0
1902 1 2744 2746 2 -1 -1 0
1903 1 2746 2748 2 -1 -1 0
1904 1 2750 2762 2 -1 2 0
1906 1 2760 2762 2 -1 5 0
1907 1 2762 2780 2 -1 0 0
1908 1 2752 2758 2 -1 2 0
1909 1 2754 2758 2 -1 1 0
1910 1 2756 2758 2 -1 5 0
1911 1 2758 2762 2 -1 1 0
1913 1 2766 2774 3 -1 -1 0
1915 1 2768 2770 2 -1 -1 0
1916 1 2770 2772 2 -1 -1 0
1917 1 2774 2776 2 -1 -1 0
1918 1 2776 2778 2 -1 -1 0
1919 1 2778 2780 2 -1 -1 0
1921 1 2822 2830 3 -1 -1 0
1923 1 2824 2826 2 -1 -1 0
1924 1 2826 2828 2 -1 -1 0
1925 1 2830 2832 2 -1 -1 0
1926 1 2832 2834 2 -1 -1 0
1927 1 2834 2836 2 -1 -1 0
1929 1 2856 2864 3 -1 -1 0
1931 1 2858 2860 2 -1 -1 0
1932 1 2860 2862 2 -1 -1 0
1933 1 2864 2866 2 -1 -1 0
1934 1 2866 2868 2 -1 -1 0
1935 1 2868 2870 2 -1 -1 0
1937 1 2876 2884 3 -1 -1 0
1939 1 2878 2880 2 -1 -1 0
1940 1 2880 2882 2 -1 -1 0
1941 1 2884 2886 2 -1 -1 0
1942 1 2886 2888 2 -1 -1 0
1943 1 2888 2890 2 -1 -1 0
1945 1 2896 2904 3 -1 -1 0
1947 1 2898 2900 2 -1 -1 0
1948 1 2900 2902 2 -1 -1 0
1949 1 2904 2906 2 -1 -1 0
1950 1 2906 2908 2 -1 -1 0
1951 1 2908 2910 2 -1 -1 0
1953 1 2916 2924 3 -1 -1 0
1955 1 2918 2920 2 -1 -1 0
1956 1 2920 2922 2 -1 -1 0
1957 1 2924 2926 2 -1 -1 0
1958 1 2926 2928 2 -1 -1 0
1959 1 2928 2930 2 -1 -1 0
1961 1 2936 2944 3 -1 -1 0
1963 1 2938 2940 2 -1 -1 0
1964 1 2940 2942 2 -1 -1 0
1965 1 2944 2946 2 -1 -1 0
1966 1 2946 2948 2 -1 -1 0
1967 1 2948 2950 2 -1 -1 0
1969 1 2956 2964 3 -1 -1 0
1971 1 2958 2960 2 -1 -1 0
1972 1 2960 2962 2 -1 -1 0
1973 1 2964 2966 2 -1 -1 0
1974 1 2966 2968 2 -1 -1 0
1975 1 2968 2970 2 -1 -1 0
1977 1 2976 2984 3 -1 -1 0
1979 1 2978 2980 2 -1 -1 0
1980 1 2980 2982 2 -1 -1 0
1981 1 2984 2986 2 -1 -1 0
1982 1 2986 2988 2 -1 -1 0
1983 1 2988 2990 2 -1 -1 0
1985 1 3006 3014 3 -1 -1 0
1987 1 3008 3010 2 -1 -1 0
1988 1 3010 3012 2 -1 -1 0
1989 1 3014 3016 2 -1 -1 0
1990 1 3016 3018 2 -1 -1 0
1991 1 3018 3020 2 -1 -1 0
1992 1 3022 3034 2 -1 2 0
1994 1 3032 3034 2 -1 5 0
1995 1 3034 3052 2 -1 0 0
1996 1 3024 3030 2 -1 2 0
1997 1 3026 3030 2 -1 1 0
1998 1 3028 3030 2 -1 5 0
1999 1 3030 3034 2 -1 1 0
2001 1 3038 3046 3 -1 -1 0
2003 1 3040 3042 2 -1 -1 0
2004 1 3042 3044 2 -1 -1 0
2005 1 3046 3048 2 -1 -1 0
2006 1 3048 3050 2 -1 -1 0
2007 1 3050 3052 2 -1 -1 0
2009 1 3092 3100 3 -1 -1 0
2011 1 3094 3096 2 -1 -1 0
2012 1 3096 3098 2 -1 -1 0
2013 1 3100 3102 2 -1 -1 0
2014 1 3102 3104 2 -1 -1 0
2015 1 3104 3106 2 -1 -1 0
2017 1 3126 3134 3 -1 -1 0
2019 1 3128 3130 2 -1 -1 0
2020 1 3130 3132 2 -1 -1 0
2021 1 3134 3136 2 -1 -1 0
2022 1 3136 3138 2 -1 -1 0
2023 1 3138 3140 2 -1 -1 0
2025 1 3146 3154 3 -1 -1 0
2027 1 3148 3150 2 -1 -1 0
2028 1 3150 3152 2 -1 -1 0
2029 1 3154 3156 2 -1 -1 0
2030 1 3156 3158 2 -1 -1 0
2031 1 3158 3160 2 -1 -1 0
2033 1 3166 3174 3 -1 -1 0
2035 1 3168 3170 2 -1 -1 0
2036 1 3170 3172 2 -1 -1 0
2037 1 3174 3176 2 -1 -1 0
2038 1 3176 3178 2 -1 -1 0
2039 1 3178 3180 2 -1 -1 0
2041 1 3186 3194 3 -1 -1 0
2043 1 3188 3190 2 -1 -1 0
2044 1 3190 3192 2 -1 -1 0
2045 1 3194 3196 2 -1 -1 0
2046 1 3196 3198 2 -1 -1 0
2047 1 3198 3200 2 -1 -1 0
2049 1 3206 3214 3 -1 -1 0
2051 1 3208 3210 2 -1 -1 0
2052 1 3210 3212 2 -1 -1 0
2053 1 3214 3216 2 -1 -1 0
2054 1 3216 3218 2 -1 -1 0
2055 1 3218 3220 2 -1 -1 0
2057 1 3226 3234 3 -1 -1 0
2059 1 3228 3230 2 -1 -1 0
2060 1 3230 3232 2 -1 -1 0
2061 1 3234 3236 2 -1 -1 0
2062 1 3236 3238 2 -1 -1 0
2063 1 3238 3240 2 -1 -1 0
2065 1 3246 3254 3 -1 -1 0
2067 1 3248 3250 2 -1 -1 0
2068 1 3250 3252 2 -1 -1 0
2069 1 3254 3256 2 -1 -1 0
2070 1 3256 3258 2 -1 -1 0
2071 1 3258 3260 2 -1 -1 0
2073 1 3266 3274 3 -1 -1 0
2075 1 3268 3270 2 -1 -1 0
2076 1 3270 3272 2 -1 -1 0
2077 1 3274 3276 2 -1 -1 0
2078 1 3276 3278 2 -1 -1 0
2079 1 3278 3280 2 -1 -1 0
2081 1 3286 3294 3 -1 -1 0
2083 1 3288 3290 2 -1 -1 0
2084 1 3290 3292 2 -1 -1 0
2085 1 3294 3296 2 -1 -1 0
2086 1 3296 3298 2 -1 -1 0
2087 1 3298 3300 2 -1 -1 0
2088 1 3302 3314 2 -1 2 0
2090 1 3312 3314 2 -1 5 0
2091 1 3314 3332 2 -1 0 0
2092 1 3304 3310 2 -1 2 0
2093 1 3306 3310 2 -1 1 0
2094 1 3308 3310 2 -1 5 0
2095 1 3310 3314 2 -1 1 0
2097 1 3318 3326 3 -1 -1 0
2099 1 3320 3322 2 -1 -1 0
2100 1 3322 3324 2 -1 -1 0
2101 1 3326 3328 2 -1 -1 0
2102 1 3328 3330 2 -1 -1 0
2103 1 3330 3332 2 -1 -1 0
2105 1 3360 3368 3 -1 -1 0
2107 1 3362 3364 2 -1 -1 0
2108 1 3364 3366 2 -1 -1 0
2109 1 3368 3370 2 -1 -1 0
2110 1 3370 3372 2 -1 -1 0
2111 1 3372 3374 2 -1 -1 0
2113 1 3394 3402 3 -1 -1 0
2115 1 3396 3398 2 -1 -1 0
2116 1 3398 3400 2 -1 -1 0
2117 1 3402 3404 2 -1 -1 0
2118 1 3404 3406 2 -1 -1 0
2119 1 3406 3408 2 -1 -1 0
2121 1 3414 3422 3 -1 -1 0
2123 1 3416 3418 2 -1 -1 0
2124 1 3418 3420 2 -1 -1 0
2125 1 3422 3424 2 -1 -1 0
2126 1 3424 3426 2 -1 -1 0
2127 1 3426 3428 2 -1 -1 0
2129 1 3434 3442 3 -1 -1 0
2131 1 3436 3438 2 -1 -1 0
2132 1 3438 3440 2 -1 -1 0
2133 1 3442 3444 2 -1 -1 0
2134 1 3444 3446 2 -1 -1 0
2135 1 3446 3448 2 -1 -1 0
2137 1 3454 3462 3 -1 -1 0
2139 1 3456 3458 2 -1 -1 0
2140 1 3458 3460 2 -1 -1 0
2141 1 3462 3464 2 -1 -1 0
2142 1 3464 3466 2 -1 -1 0
2143 1 3466 3468 2 -1 -1 0
2145 1 3474 3482 3 -1 -1 0
2147 1 3476 3478 2 -1 -1 0
2148 1 3478 3480 2 -1 -1 0
2149 1 3482 3484 2 -1 -1 0
2150 1 3484 3486 2 -1 -1 0
2151 1 3486 3488 2 -1 -1 0
2153 1 3494 3502 3 -1 -1 0
2155 1 3496 3498 2 -1 -1 0
2156 1 3498 3500 2 -1 -1 0
2157 1 3502 3504 2 -1 -1 0
2158 1 3504 3506 2 -1 -1 0
2159 1 3506 3508 2 -1 -1 0
2161 1 3514 3522 3 -1 -1 0
2163 1 3516 3518 2 -1 -1 0
2164 1 3518 3520 2 -1 -1 0
2165 1 3522 3524 2 -1 -1 0
2166 1 3524 3526 2 -1 -1 0
2167 1 3526 3528 2 -1 -1 0
2169 1 3568 3576 3 -1 -1 0
2171 1 3570 3572 2 -1 -1 0
2172 1 3572 3574 2 -1 -1 0
2173 1 3576 3578 2 -1 -1 0
2174 1 3578 3580 2 -1 -1 0
2175 1 3580 3582 2 -1 -1 0
2177 1 3588 3596 3 -1 -1 0
2179 1 3590 3592 2 -1 -1 0
2180 1 3592 3594 2 -1 -1 0
2181 1 3596 3598 2 -1 -1 0
2182 1 3598 3600 2 -1 -1 0
2183 1 3600 3602 2 -1 -1 0
2185 1 3608 3616 3 -1 -1 0
2187 1 3610 3612 2 -1 -1 0
2188 1 3612 3614 2 -1 -1 0
2189 1 3616 3618 2 -1 -1 0
2190 1 3618 3620 2 -1 -1 0
2191 1 3620 3622 2 -1 -1 0
2193 1 3628 3636 3 -1 -1 0
2195 1 3630 3632 2 -1 -1 0
2196 1 3632 3634 2 -1 -1 0
2197 1 3636 3638 2 -1 -1 0
2198 1 3638 3640 2 -1 -1 0
2199 1 3640 3642 2 -1 -1 0
2201 1 3648 3656 3 -1 -1 0
2203 1 3650 3652 2 -1 -1 0
2204 1 3652 3654 2 -1 -1 0
2205 1 3656 3658 2 -1 -1 0
2206 1 3658 3660 2 -1 -1 0
2207 1 3660 3662 2 -1 -1 0
2209 1 3668 3676 3 -1 -1 0
2211 1 3670 3672 2 -1 -1 0
2212 1 3672 3674 2 -1 -1 0
2213 1 3676 3678 2 -1 -1 0
2214 1 3678 3680 2 -1 -1 0
2215 1 3680 3682 2 -1 -1 0
2217 1 3688 3696 3 -1 -1 0
2219 1 3690 3692 2 -1 -1 0
2220 1 3692 3694 2 -1 -1 0
2221 1 3696 3698 2 -1 -1 0
2222 1 3698 3700 2 -1 -1 0
2223 1 3700 3702 2 -1 -1 0
2225 1 3708 3716 3 -1 -1 0
2227 1 3710 3712 2 -1 -1 0
2228 1 3712 3714 2 -1 -1 0
2229 1 3716 3718 2 -1 -1 0
2230 1 3718 3720 2 -1 -1 0
2231 1 3720 3722 2 -1 -1 0
2233 1 3728 3736 3 -1 -1 0
2235 1 3730 3732 2 -1 -1 0
2236 1 3732 3734 2 -1 -1 0
2237 1 3736 3738 2 -1 -1 0
2238 1 3738 3740 2 -1 -1 0
2239 1 3740 3742 2 -1 -1 0
2242 1 3748 3756 3 -1 -1 0
2244 1 3750 3752 2 -1 -1 0
2245 1 3752 3754 2 -1 -1 0
2246 1 3756 3758 2 -1 -1 0
2247 1 3758 3760 2 -1 -1 0
2248 1 3760 3762 2 -1 -1 0
2250 1 3768 3776 3 -1 -1 0
2252 1 3770 3772 2 -1 -1 0
2253 1 3772 3774 2 -1 -1 0
2254 1 3776 3778 2 -1 -1 0
2255 1 3778 3780 2 -1 -1 0
2256 1 3780 3782 2 -1 -1 0
2258 1 3788 3796 3 -1 -1 0
2260 1 3790 3792 2 -1 -1 0
2261 1 3792 3794 2 -1 -1 0
2262 1 3796 3798 2 -1 -1 0
2263 1 3798 3800 2 -1 -1 0
2264 1 3800 3802 2 -1 -1 0
2266 1 3830 3838 3 -1 -1 0
2268 1 3832 3834 2 -1 -1 0
2269 1 3834 3836 2 -1 -1 0
2270 1 3838 3840 2 -1 -1 0
2271 1 3840 3842 2 -1 -1 0
2272 1 3842 3844 2 -1 -1 0
2274 1 3850 3858 3 -1 -1 0
2276 1 3852 3854 2 -1 -1 0
2277 1 3854 3856 2 -1 -1 0
2278 1 3858 3860 2 -1 -1 0
2279 1 3860 3862 2 -1 -1 0
2280 1 3862 3864 2 -1 -1 0
2282 1 3870 3878 3 -1 -1 0
2284 1 3872 3874 2 -1 -1 0
2285 1 3874 3876 2 -1 -1 0
2286 1 3878 3880 2 -1 -1 0
2287 1 3880 3882 2 -1 -1 0
2288 1 3882 3884 2 -1 -1 0
2290 1 3890 3898 3 -1 -1 0
2292 1 3892 3894 2 -1 -1 0
2293 1 3894 3896 2 -1 -1 0
2294 1 3898 3900 2 -1 -1 0
2295 1 3900 3902 2 -1 -1 0
2296 1 3902 3904 2 -1 -1 0
2298 1 3910 3918 3 -1 -1 0
2300 1 3912 3914 2 -1 -1 0
2301 1 3914 3916 2 -1 -1 0
2302 1 3918 3920 2 -1 -1 0
2303 1 3920 3922 2 -1 -1 0
2304 1 3922 3924 2 -1 -1 0
2307 1 3930 3938 3 -1 -1 0
2309 1 3932 3934 2 -1 -1 0
2310 1 3934 3936 2 -1 -1 0
2311 1 3938 3940 2 -1 -1 0
2312 1 3940 3942 2 -1 -1 0
2313 1 3942 3944 2 -1 -1 0
2315 1 3950 3958 3 -1 -1 0
2317 1 3952 3954 2 -1 -1 0
2318 1 3954 3956 2 -1 -1 0
2319 1 3958 3960 2 -1 -1 0
2320 1 3960 3962 2 -1 -1 0
2321 1 3962 3964 2 -1 -1 0
2323 1 3970 3978 3 -1 -1 0
2325 1 3972 3974 2 -1 -1 0
2326 1 3974 3976 2 -1 -1 0
2327 1 3978 3980 2 -1 -1 0
2328 1 3980 3982 2 -1 -1 0
2329 1 3982 3984 2 -1 -1 0
2331 1 4012 4020 3 -1 -1 0
2333 1 4014 4016 2 -1 -1 0
2334 1 4016 4018 2 -1 -1 0
2335 1 4020 4022 2 -1 -1 0
2336 1 4022 4024 2 -1 -1 0
2337 1 4024 4026 2 -1 -1 0
2339 1 4032 4040 3 -1 -1 0
2341 1 4034 4036 2 -1 -1 0
2342 1 4036 4038 2 -1 -1 0
2343 1 4040 4042 2 -1 -1 0
2344 1 4042 4044 2 -1 -1 0
2345 1 4044 4046 2 -1 -1 0
2347 1 4052 4060 3 -1 -1 0
2349 1 4054 4056 2 -1 -1 0
2350 1 4056 4058 2 -1 -1 0
2351 1 4060 4062 2 -1 -1 0
2352 1 4062 4064 2 -1 -1 0
2353 1 4064 4066 2 -1 -1 0
2355 1 4072 4080 3 -1 -1 0
2357 1 4074 4076 2 -1 -1 0
2358 1 4076 4078 2 -1 -1 0
2359 1 4080 4082 2 -1 -1 0
2360 1 4082 4084 2 -1 -1 0
2361 1 4084 4086 2 -1 -1 0
2363 1 4092 4100 3 -1 -1 0
2365 1 4094 4096 2 -1 -1 0
2366 1 4096 4098 2 -1 -1 0
2367 1 4100 4102 2 -1 -1 0
2368 1 4102 4104 2 -1 -1 0
2369 1 4104 4106 2 -1 -1 0
2372 1 4112 4120 3 -1 -1 0
2374 1 4114 4116 2 -1 -1 0
2375 1 4116 4118 2 -1 -1 0
2376 1 4120 4122 2 -1 -1 0
2377 1 4122 4124 2 -1 -1 0
2378 1 4124 4126 2 -1 -1 0
2380 1 4132 4140 3 -1 -1 0
2382 1 4134 4136 2 -1 -1 0
2383 1 4136 4138 2 -1 -1 0
2384 1 4140 4142 2 -1 -1 0
2385 1 4142 4144 2 -1 -1 0
2386 1 4144 4146 2 -1 -1 0
2388 1 4152 4160 3 -1 -1 0
2390 1 4154 4156 2 -1 -1 0
2391 1 4156 4158 2 -1 -1 0
2392 1 4160 4162 2 -1 -1 0
2393 1 4162 4164 2 -1 -1 0
2394 1 4164 4166 2 -1 -1 0
2557 1 70 72 2 -1 -1 0
2558 1 104 106 2 -1 -1 0
2559 1 124 126 2 -1 -1 0
2560 1 144 146 2 -1 -1 0
2561 1 176 178 2 -1 -1 0
2562 1 196 198 2 -1 -1 0
2563 1 248 250 2 -1 -1 0
2564 1 282 284 2 -1 -1 0
2565 1 302 304 2 -1 -1 0
2566 1 322 324 2 -1 -1 0
2567 1 342 344 2 -1 -1 0
2568 1 362 364 2 -1 -1 0
2569 1 382 384 2 -1 -1 0
2570 1 402 404 2 -1 -1 0
2571 1 434 436 2 -1 -1 0
2572 1 488 490 2 -1 -1 0
2573 1 522 524 2 -1 -1 0
2574 1 542 544 2 -1 -1 0
2575 1 562 564 2 -1 -1 0
2576 1 582 584 2 -1 -1 0
2577 1 602 604 2 -1 -1 0
2578 1 622 624 2 -1 -1 0
2579 1 642 644 2 -1 -1 0
2580 1 674 676 2 -1 -1 0
2581 1 720 722 2 -1 -1 0
2582 1 754 756 2 -1 -1 0
2583 1 774 776 2 -1 -1 0
2584 1 794 796 2 -1 -1 0
2585 1 814 816 2 -1 -1 0
2586 1 834 836 2 -1 -1 0
2587 1 866 868 2 -1 -1 0
2588 1 918 920 2 -1 -1 0
2589 1 952 954 2 -1 -1 0
2590 1 972 974 2 -1 -1 0
2591 1 992 994 2 -1 -1 0
2592 1 1012 1014 2 -1 -1 0
2593 1 1032 1034 2 -1 -1 0
2594 1 1052 1054 2 -1 -1 0
2595 1 1072 1074 2 -1 -1 0
2596 1 1104 1106 2 -1 -1 0
2597 1 1150 1152 2 -1 -1 0
2598 1 1184 1186 2 -1 -1 0
2599 1 1204 1206 2 -1 -1 0
2600 1 1224 1226 2 -1 -1 0
2601 1 1244 1246 2 -1 -1 0
2602 1 1264 1266 2 -1 -1 0
2603 1 1284 1286 2 -1 -1 0
2604 1 1304 1306 2 -1 -1 0
2605 1 1324 1326 2 -1 -1 0
2606 1 1344 1346 2 -1 -1 0
2607 1 1384 1386 2 -1 -1 0
2608 1 1418 1420 2 -1 -1 0
2609 1 1438 1440 2 -1 -1 0
2610 1 1458 1460 2 -1 -1 0
2611 1 1478 1480 2 -1 -1 0
2612 1 1498 1500 2 -1 -1 0
2613 1 1542 1544 2 -1 -1 0
2614 1 1576 1578 2 -1 -1 0
2615 1 1596 1598 2 -1 -1 0
2616 1 1616 1618 2 -1 -1 0
2617 1 1636 1638 2 -1 -1 0
2618 1 1656 1658 2 -1 -1 0
2619 1 1676 1678 2 -1 -1 0
2620 1 1696 1698 2 -1 -1 0
2621 1 1748 1750 2 -1 -1 0
2622 1 1782 1784 2 -1 -1 0
2623 1 1802 1804 2 -1 -1 0
2624 1 1822 1824 2 -1 -1 0
2625 1 1842 1844 2 -1 -1 0
2626 1 1862 1864 2 -1 -1 0
2627 1 1882 1884 2 -1 -1 0
2628 1 1902 1904 2 -1 -1 0
2629 1 1934 1936 2 -1 -1 0
2630 1 1978 1980 2 -1 -1 0
2631 1 2012 2014 2 -1 -1 0
2632 1 2032 2034 2 -1 -1 0
2633 1 2052 2054 2 -1 -1 0
2634 1 2072 2074 2 -1 -1 0
2635 1 2092 2094 2 -1 -1 0
2636 1 2124 2126 2 -1 -1 0
2637 1 2172 2174 2 -1 -1 0
2638 1 2192 2194 2 -1 -1 0
2639 1 2212 2214 2 -1 -1 0
2640 1 2232 2234 2 -1 -1 0
2641 1 2252 2254 2 -1 -1 0
2642 1 2272 2274 2 -1 -1 0
2643 1 2304 2306 2 -1 -1 0
2644 1 2354 2356 2 -1 -1 0
2645 1 2374 2376 2 -1 -1 0
2646 1 2394 2396 2 -1 -1 0
2647 1 2414 2416 2 -1 -1 0
2648 1 2434 2436 2 -1 -1 0
2649 1 2454 2456 2 -1 -1 0
2650 1 2474 2476 2 -1 -1 0
2651 1 2494 2496 2 -1 -1 0
2652 1 2526 2528 2 -1 -1 0
2653 1 2578 2580 2 -1 -1 0
2654 1 2612 2614 2 -1 -1 0
2655 1 2632 2634 2 -1 -1 0
2656 1 2652 2654 2 -1 -1 0
2657 1 2672 2674 2 -1 -1 0
2658 1 2692 2694 2 -1 -1 0
2659 1 2712 2714 2 -1 -1 0
2660 1 2732 2734 2 -1 -1 0
2661 1 2764 2766 2 -1 -1 0
2662 1 2820 2822 2 -1 -1 0
2663 1 2854 2856 2 -1 -1 0
2664 1 2874 2876 2 -1 -1 0
2665 1 2894 2896 2 -1 -1 0
2666 1 2914 2916 2 -1 -1 0
2667 1 2934 2936 2 -1 -1 0
2668 1 2954 2956 2 -1 -1 0
2669 1 2974 2976 2 -1 -1 0
2670 1 3004 3006 2 -1 -1 0
2671 1 3036 3038 2 -1 -1 0
2672 1 3090 3092 2 -1 -1 0
2673 1 3124 3126 2 -1 -1 0
2674 1 3144 3146 2 -1 -1 0
2675 1 3164 3166 2 -1 -1 0
2676 1 3184 3186 2 -1 -1 0
2677 1 3204 3206 2 -1 -1 0
2678 1 3224 3226 2 -1 -1 0
2679 1 3244 3246 2 -1 -1 0
2680 1 3264 3266 2 -1 -1 0
2681 1 3284 3286 2 -1 -1 0
2682 1 3316 3318 2 -1 -1 0
2683 1 3358 3360 2 -1 -1 0
2684 1 3392 3394 2 -1 -1 0
2685 1 3412 3414 2 -1 -1 0
2686 1 3432 3434 2 -1 -1 0
2687 1 3452 3454 2 -1 -1 0
2688 1 3472 3474 2 -1 -1 0
2689 1 3492 3494 2 -1 -1 0
2690 1 3512 3514 2 -1 -1 0
2691 1 3566 3568 2 -1 -1 0
2692 1 3586 3588 2 -1 -1 0
2693 1 3606 3608 2 -1 -1 0
2694 1 3626 3628 2 -1 -1 0
2695 1 3646 3648 2 -1 -1 0
2696 1 3666 3668 2 -1 -1 0
2697 1 3686 3688 2 -1 -1 0
2698 1 3706 3708 2 -1 -1 0
2699 1 3726 3728 2 -1 -1 0
2700 1 3746 3748 2 -1 -1 0
2701 1 3766 3768 2 -1 -1 0
2702 1 3786 3788 2 -1 -1 0
2703 1 3828 3830 2 -1 -1 0
2704 1 3848 3850 2 -1 -1 0
2705 1 3868 3870 2 -1 -1 0
2706 1 3888 3890 2 -1 -1 0
2707 1 3908 3910 2 -1 -1 0
2708 1 3928 3930 2 -1 -1 0
2709 1 3948 3950 2 -1 -1 0
2710 1 3968 3970 2 -1 -1 0
2711 1 4010 4012 2 -1 -1 0
2712 1 4030 4032 2 -1 -1 0
2713 1 4050 4052 2 -1 -1 0
2714 1 4070 4072 2 -1 -1 0
2715 1 4090 4092 2 -1 -1 0
2716 1 4110 4112 2 -1 -1 0
2717 1 4130 4132 2 -1 -1 0
2718 1 4150 4152 2 -1 -1 0
83 18 49 6 0 0 51 49
0 86 90 98 110 114 118 122 124 128 130 134 136 140 142 144 146 148 150
1 2 3 4 5 6 8 9 10 11 12 14 15 16 17 18 19 20 21 22 23 24 25 26 27 77 78 30 31 79 34 35 36 37 38 80 40 41 81 47 82 43 49 51 53 55 58 60 62
76 78 82 86 110 114


1 1 0 80 1 -1 -1 0
2 1 0 80 2 -1 -1 0
3 1 2 4 2 -1 -1 0
4 1 4 66 4 -1 -1 0
5 1 6 8 2 -1 -1 0
6 1 10 12 2 -1 -1 0
8 1 14 14 1 -1 -1 0
9 1 16 80 3 36 -1 0
10 1 18 70 4 -1 -1 0
11 1 20 22 2 -1 -1 0
12 1 24 26 2 -1 -1 0
14 1 28 28 1 -1 -1 0
15 1 30 30 1 -1 -1 0
16 1 32 32 1 -1 -1 0
17 1 34 34 1 -1 -1 0
18 1 36 36 1 -1 -1 0
19 1 38 38 1 -1 -1 0
20 1 40 40 1 -1 -1 0
21 1 42 42 1 -1 -1 0
22 1 44 44 1 -1 -1 0
23 1 46 46 1 -1 -1 0
24 1 48 48 1 -1 -1 0
25 1 50 50 1 -1 -1 0
26 1 52 54 2 -1 -1 0
27 1 54 102 11 -1 1 0
30 1 64 110 3 -1 2 0
31 1 68 114 3 -1 2 0
34 1 76 78 2 -1 2 0
35 1 78 82 2 -1 2 0
36 1 80 82 2 9 1 0
37 1 82 84 2 -1 0 0
38 1 86 88 2 -1 0 0
40 1 92 94 2 -1 -1 0
41 1 94 96 2 -1 -1 0
43 1 104 106 2 -1 -1 0
47 1 100 118 2 -1 -1 0
49 1 106 108 2 -1 -1 0
51 1 110 112 2 -1 0 0
53 1 114 116 2 -1 0 0
55 1 118 120 2 -1 -1 0
58 2 124 127 130 130 2 60 -1 0
60 2 130 133 136 136 2 58 -1 0
62 1 136 140 2 60 -1 0
77 1 56 58 2 -1 -1 0
78 1 60 62 2 -1 -1 0
79 1 72 74 2 -1 -1 0
80 1 90 92 2 -1 -1 0
81 1 98 100 2 -1 -1 0
82 1 102 104 2 -1 -1 0
88 17 73 14 0 0 99 73
0 6 16 26 36 46 68 78 88 108 118 134 136 146 156 166 176 178
0 1 2 3 5 6 7 8 10 11 12 13 15 16 17 18 20 21 22 23 25 26 27 28 29 30 31 32 33 34 36 37 38 39 41 42 43 44 46 47 48 49 50 51 52 53 55 56 57 58 60 61 62 63 64 65 66 68 69 70 71 73 74 75 76 78 79 80 81 83 84 85 86
12 22 32 42 62 64 74 84 104 114 142 152 162 172


0 13 0 10 15 20 25 30 35 40 45 52 67 72 77 82 87 88 107 112 117 118 145 150 155 160 165 170 26 -1 -1 1
1 14 0 12 15 22 25 32 35 42 45 64 67 74 77 84 87 104 107 114 117 133 135 142 145 152 155 162 165 172 13 -1 2 1
2 1 0 2 2 -1 -1 0
3 1 2 4 2 -1 -1 0
5 1 6 8 2 -1 -1 0
6 1 8 12 2 -1 1 0
7 1 10 12 2 -1 5 0
8 1 12 12 1 -1 0 0
10 1 16 18 2 -1 -1 0
11 1 18 22 2 -1 1 0
12 1 20 22 2 -1 5 0
13 1 22 22 1 -1 0 0
15 1 26 28 2 -1 -1 0
16 1 28 32 2 -1 1 0
17 1 30 32 2 -1 5 0
18 1 32 32 1 -1 0 0
20 1 36 38 2 -1 -1 0
21 1 38 42 2 -1 1 0
22 1 40 42 2 -1 5 0
23 1 42 42 1 -1 0 0
25 1 46 48 2 -1 -1 0
26 1 48 64 2 -1 1 0
27 1 50 62 2 -1 2 0
28 1 52 62 2 -1 1 0
29 1 54 54 1 -1 -1 0
30 1 56 56 1 -1 -1 0
31 1 58 60 2 -1 -1 0
32 1 60 62 2 -1 5 0
33 1 62 64 2 -1 5 0
34 1 64 64 1 -1 0 0
36 1 68 70 2 -1 -1 0
37 1 70 74 2 -1 1 0
38 1 72 74 2 -1 5 0
39 1 74 74 1 -1 0 0
41 1 78 80 2 -1 -1 0
42 1 80 84 2 -1 1 0
43 1 82 84 2 -1 5 0
44 1 84 84 1 -1 0 0
46 1 88 90 2 -1 -1 0
47 1 90 104 2 -1 1 0
48 1 92 92 1 -1 -1 0
49 1 94 94 1 -1 -1 0
50 1 96 98 2 -1 -1 0
51 1 98 104 3 -1 5 0
52 1 100 102 2 -1 -1 0
53 1 104 104 1 -1 0 0
55 1 108 110 2 -1 -1 0
56 1 110 114 2 -1 1 0
57 1 112 114 2 -1 5 0
58 1 114 114 1 -1 0 0
60 1 118 120 2 -1 -1 0
61 1 120 122 2 -1 -1 0
62 1 122 124 2 -1 -1 0
63 2 124 133 135 140 4 -1 -1 0
64 1 126 128 2 -1 -1 0
65 1 128 130 2 -1 -1 0
66 1 130 132 2 -1 -1 0
68 1 136 138 2 -1 -1 0
69 1 138 142 2 -1 1 0
70 1 140 142 2 -1 5 0
71 1 142 142 1 -1 0 0
73 1 146 148 2 -1 -1 0
74 1 148 152 2 -1 1 0
75 1 150 152 2 -1 5 0
76 1 152 152 1 -1 0 0
78 1 156 158 2 -1 -1 0
79 1 158 162 2 -1 1 0
80 1 160 162 2 -1 5 0
81 1 162 162 1 -1 0 0
83 1 166 168 2 -1 -1 0
84 1 168 172 2 -1 1 0
85 1 170 172 2 -1 5 0
86 1 172 172 1 -1 0 0
71 6 46 3 0 0 61 46
0 4 16 20 44 92 98
0 1 2 3 4 5 68 69 70 45 57 46 47 7 8 9 11 12 13 14 16 17 18 19 20 21 48 49 25 26 27 28 29 30 31 32 33 35 36 37 38 39 40 41 42 43
52 68 86


0 3 0 15 19 86 91 97 2 -1 2 1
1 3 0 16 19 68 91 97 2 -1 1 1
2 3 0 15 19 86 91 97 2 -1 2 1
3 3 0 15 19 86 91 97 5 -1 4 1
4 2 0 3 6 6 3 57 -1 1
5 1 0 97 4 -1 -1 1
7 1 12 14 4 -1 -1 0
8 1 20 22 4 -1 -1 0
9 1 22 30 6 -1 -1 0
11 1 24 26 4 -1 -1 0
12 1 26 28 4 -1 -1 0
13 1 30 32 4 -1 -1 0
14 1 32 34 4 -1 -1 0
16 1 34 46 6 -1 -1 0
17 1 36 38 4 -1 -1 0
18 1 38 40 4 -1 -1 0
19 1 40 42 4 -1 -1 0
20 1 44 52 3 -1 1 0
21 1 46 68 2 -1 5 0
25 1 52 68 2 -1 8 0
26 1 54 54 1 -1 -1 0
27 1 56 56 1 -1 -1 0
28 1 58 58 1 -1 -1 0
29 1 60 60 1 -1 -1 0
30 1 62 62 1 -1 -1 0
31 1 64 66 2 -1 -1 0
32 1 66 68 2 -1 3 0
33 1 68 86 2 -1 1 0
35 1 70 86 2 -1 8 0
36 1 72 72 1 -1 -1 0
37 1 74 74 1 -1 -1 0
38 1 76 76 1 -1 -1 0
39 1 78 78 1 -1 -1 0
40 1 80 80 1 -1 -1 0
41 1 82 84 2 -1 -1 0
42 1 84 86 2 -1 3 0
43 1 86 88 2 -1 0 0
45 2 6 6 92 97 4 57 -1 0
46 1 8 10 4 -1 -1 0
47 1 10 12 4 -1 -1 0
48 1 48 50 2 -1 -1 0
49 1 50 68 2 -1 4 0
57 3 6 15 19 70 91 92 9 45 -1 0
68 1 0 4 3 69 -1 0
69 3 4 15 19 43 91 94 6 68 -1 0
70 2 4 4 94 97 4 69 -1 0
60 5 58 5 0 0 65 58
0 28 32 36 78 124
0 1 2 3 4 5 6 7 8 9 10 11 12 13 14 15 16 17 18 19 20 21 22 23 24 25 26 27 28 29 30 31 32 33 34 35 36 37 38 39 42 43 44 45 46 47 48 49 50 51 52 53 54 55 56 57 58 59
18 56 72 100 118


0 3 0 27 31 72 77 118 3 -1 2 1
1 3 0 28 31 72 77 100 3 -1 1 1
2 1 0 18 1 -1 2 1
3 1 0 122 6 -1 -1 1
4 1 0 0 1 -1 -1 0
5 1 2 2 1 -1 -1 0
6 1 4 4 1 -1 -1 0
7 1 6 6 1 -1 -1 0
8 1 8 8 1 -1 -1 0
9 1 10 10 1 -1 -1 0
10 1 12 12 1 -1 -1 0
11 1 14 16 2 -1 -1 0
12 1 16 18 2 -1 1 0
13 3 18 27 31 36 77 80 5 -1 0 0
14 1 20 22 2 -1 -1 0
15 2 22 27 31 32 3 -1 -1 0
16 1 24 26 2 -1 -1 0
17 1 32 34 2 -1 -1 0
18 1 36 56 2 -1 2 0
19 1 38 38 1 -1 -1 0
20 1 40 40 1 -1 -1 0
21 1 42 42 1 -1 -1 0
22 1 44 44 1 -1 -1 0
23 1 46 46 1 -1 -1 0
24 1 48 48 1 -1 -1 0
25 1 50 50 1 -1 -1 0
26 1 52 54 2 -1 -1 0
27 1 54 56 2 -1 1 0
28 1 56 72 2 -1 5 0
29 1 58 58 1 -1 -1 0
30 1 60 60 1 -1 -1 0
31 1 62 62 1 -1 -1 0
32 1 64 64 1 -1 -1 0
33 1 66 66 1 -1 -1 0
34 1 68 70 2 -1 -1 0
35 1 70 72 2 -1 4 0
36 1 72 74 2 -1 0 0
37 1 78 84 2 -1 -1 0
38 1 80 82 2 -1 -1 0
39 1 82 102 2 -1 -1 0
42 1 84 100 2 -1 5 0
43 1 86 86 1 -1 -1 0
44 1 88 88 1 -1 -1 0
45 1 90 90 1 -1 -1 0
46 1 92 92 1 -1 -1 0
47 1 94 94 1 -1 -1 0
48 1 96 98 2 -1 -1 0
49 1 98 100 2 -1 4 0
50 1 100 118 2 -1 1 0
51 1 102 118 2 -1 5 0
52 1 104 104 1 -1 -1 0
53 1 106 106 1 -1 -1 0
54 1 108 108 1 -1 -1 0
55 1 110 110 1 -1 -1 0
56 1 112 112 1 -1 -1 0
57 1 114 116 2 -1 -1 0
58 1 116 118 2 -1 4 0
59 1 118 120 2 -1 0 0
5 1 4 1 0 0 4 4
0 2
0 1 2 3
0


0 1 0 0 1 -1 2 1
1 1 0 0 1 -1 1 1
2 1 0 0 1 -1 5 1
3 1 0 0 1 -1 8 1
27 5 25 0 0 0 25 25
0 26 36 46 54 56
0 1 2 3 4 6 7 8 9 10 11 12 13 14 15 16 17 18 19 20 21 22 23 24 25



0 1 0 0 1 -1 -1 1
1 1 0 14 2 -1 -1 1
2 1 0 50 1 -1 -1 1
3 1 0 2 2 -1 -1 0
4 1 2 10 3 -1 -1 0
6 1 4 6 2 -1 -1 0
7 1 6 8 2 -1 -1 0
8 1 10 12 2 -1 -1 0
9 1 12 16 2 -1 -1 0
10 1 14 16 2 -1 -1 0
11 1 16 26 3 -1 -1 0
12 1 18 20 2 -1 -1 0
13 1 20 22 2 -1 -1 0
14 1 22 24 2 -1 -1 0
15 1 26 36 3 -1 -1 0
16 1 28 30 2 -1 -1 0
17 1 30 32 2 -1 -1 0
18 1 32 34 2 -1 -1 0
19 1 36 46 3 -1 -1 0
20 1 38 40 2 -1 -1 0
21 1 40 42 2 -1 -1 0
22 1 42 44 2 -1 -1 0
23 1 46 48 2 -1 -1 0
24 1 48 50 2 -1 -1 0
25 1 50 52 2 -1 -1 0
34 1 33 2 0 0 33 33
0 82
0 1 33 2 3 4 5 6 7 8 9 10 11 12 13 14 15 16 17 19 20 21 22 23 24 25 26 27 28 29 30 31 32
0 2


0 1 0 2 1 -1 2 1
1 1 0 80 7 -1 -1 1
2 1 2 62 2 -1 0 0
3 1 4 4 1 -1 -1 0
4 1 6 6 1 -1 -1 0
5 1 8 8 1 -1 -1 0
6 1 10 10 1 -1 -1 0
7 1 12 12 1 -1 -1 0
8 1 14 14 1 -1 -1 0
9 1 16 16 1 -1 -1 0
10 1 18 20 2 -1 -1 0
11 1 20 66 3 -1 -1 0
12 1 22 24 2 -1 -1 0
13 1 26 26 1 -1 -1 0
14 1 28 28 1 -1 -1 0
15 1 30 32 2 -1 -1 0
16 1 32 70 3 -1 -1 0
17 1 34 36 2 -1 -1 0
19 1 38 38 1 -1 -1 0
20 1 40 40 1 -1 -1 0
21 1 42 42 1 -1 -1 0
22 1 44 44 1 -1 -1 0
23 1 46 46 1 -1 -1 0
24 1 48 50 2 -1 -1 0
25 1 50 78 3 -1 -1 0
26 1 52 54 2 -1 -1 0
27 1 56 58 2 -1 -1 0
28 1 60 62 2 -1 -1 0
29 1 64 66 2 -1 -1 0
30 1 68 70 2 -1 -1 0
31 1 72 74 2 -1 -1 0
32 1 76 78 2 -1 -1 0
33 1 0 0 1 -1 0 0
306 59 205 10 0 0 212 205
0 180 188 222 234 238 276 306 324 332 340 350 358 366 370 374 376 380 382 386 388 392 394 398 400 408 418 434 438 442 450 452 456 458 462 464 468 470 478 488 504 508 512 520 522 526 528 532 534 538 540 542 544 546 548 550 552 554 556 558
0 4 8 9 10 11 12 14 15 16 17 18 19 20 21 22 23 24 25 26 27 28 29 30 31 32 33 37 38 39 40 41 42 43 44 45 46 47 48 49 50 51 52 53 54 55 56 60 61 62 63 64 65 66 67 68 69 70 71 72 73 74 75 76 77 78 79 81 82 83 84 85 86 87 88 89 90 91 92 93 94 95 100 107 108 109 110 111 112 113 114 115 116 117 118 119 120 123 124 121 122 127 130 137 138 139 140 141 142 143 144 145 146 147 148 149 150 151 155 156 157 158 159 160 161 162 163 164 165 166 167 171 172 173 174 175 176 177 178 179 180 182 185 186 187 190 188 189 193 194 195 196 200 201 203 206 209 212 214 216 218 223 224 225 228 229 230 231 232 233 234 235 226 227 238 240 242 243 244 245 251 253 255 260 261 262 265 266 267 268 269 270 271 272 263 264 275 277 279 280 281 282 288 290 292
60 104 148 170 212 266 296 314 366 370


0 1 0 60 2 -1 4 0
4 1 2 314 2 -1 2 0
8 1 4 4 1 -1 -1 0
9 1 6 8 2 -1 -1 0
10 1 8 60 4 -1 1 0
11 1 10 12 2 -1 -1 0
12 1 14 16 2 -1 -1 0
14 1 18 18 1 -1 -1 0
15 1 20 22 2 -1 -1 0
16 1 22 60 4 -1 5 0
17 1 24 26 2 -1 -1 0
18 1 28 30 2 -1 -1 0
19 1 32 32 1 -1 -1 0
20 1 34 34 1 -1 -1 0
21 1 36 36 1 -1 -1 0
22 1 38 38 1 -1 -1 0
23 1 40 40 1 -1 -1 0
24 1 42 42 1 -1 -1 0
25 1 44 44 1 -1 -1 0
26 1 46 46 1 -1 -1 0
27 1 48 48 1 -1 -1 0
28 1 50 50 1 -1 -1 0
29 1 52 52 1 -1 -1 0
30 1 54 54 1 -1 -1 0
31 1 56 58 2 -1 -1 0
32 1 58 60 2 -1 8 0
33 1 60 350 5 -1 0 0
37 1 62 62 1 -1 -1 0
38 1 64 66 2 -1 -1 0
39 1 66 104 4 -1 1 0
40 1 68 70 2 -1 -1 0
41 1 72 74 2 -1 -1 0
42 1 76 76 1 -1 -1 0
43 1 78 78 1 -1 -1 0
44 1 80 80 1 -1 -1 0
45 1 82 82 1 -1 -1 0
46 1 84 84 1 -1 -1 0
47 1 86 86 1 -1 -1 0
48 1 88 88 1 -1 -1 0
49 1 90 90 1 -1 -1 0
50 1 92 92 1 -1 -1 0
51 1 94 94 1 -1 -1 0
52 1 96 96 1 -1 -1 0
53 1 98 98 1 -1 -1 0
54 1 100 102 2 -1 -1 0
55 1 102 104 2 -1 5 0
56 1 104 442 6 -1 0 0
60 1 106 106 1 -1 -1 0
61 1 108 110 2 -1 -1 0
62 1 110 148 4 -1 1 0
63 1 112 114 2 -1 -1 0
64 1 116 118 2 -1 -1 0
65 1 120 120 1 -1 -1 0
66 1 122 122 1 -1 -1 0
67 1 124 124 1 -1 -1 0
68 1 126 126 1 -1 -1 0
69 1 128 128 1 -1 -1 0
70 1 130 130 1 -1 -1 0
71 1 132 132 1 -1 -1 0
72 1 134 134 1 -1 -1 0
73 1 136 136 1 -1 -1 0
74 1 138 138 1 -1 -1 0
75 1 140 140 1 -1 -1 0
76 1 142 142 1 -1 -1 0
77 1 144 146 2 -1 -1 0
78 1 146 148 2 -1 5 0
79 1 148 512 6 -1 0 0
81 1 150 150 1 -1 -1 0
82 1 152 152 1 -1 -1 0
83 1 154 156 2 -1 -1 0
84 1 156 170 3 -1 2 0
85 1 158 160 2 -1 -1 0
86 1 162 162 1 -1 -1 0
87 1 164 164 1 -1 -1 0
88 1 166 168 2 -1 -1 0
89 1 168 170 2 -1 1 0
90 1 170 180 3 -1 0 0
91 1 172 174 2 -1 -1 0
92 1 174 176 2 -1 -1 0
93 1 176 178 2 -1 -1 0
94 1 180 182 2 -1 -1 0
95 1 182 184 2 -1 -1 0
100 1 184 186 2 -1 -1 0
107 1 188 188 1 -1 -1 0
108 1 190 190 1 -1 -1 0
109 1 192 194 2 -1 -1 0
110 1 194 212 4 -1 2 0
111 1 196 198 2 -1 -1 0
112 1 200 202 2 -1 -1 0
113 1 204 204 1 -1 -1 0
114 1 206 206 1 -1 -1 0
115 1 208 210 2 -1 -1 0
116 1 210 212 2 -1 1 0
117 1 212 226 4 -1 0 0
118 1 214 216 2 -1 -1 0
119 1 216 218 2 -1 -1 0
120 1 218 220 2 -1 -1 0
121 1 226 228 2 -1 -1 0
122 1 228 230 2 -1 -1 0
123 1 222 224 2 -1 -1 0
124 1 224 234 2 -1 -1 0
127 1 230 232 2 -1 -1 0
130 1 234 236 2 -1 -1 0
137 1 238 238 1 -1 -1 0
138 1 240 240 1 -1 -1 0
139 1 242 244 2 -1 -1 0
140 1 244 266 5 -1 2 0
141 1 246 248 2 -1 -1 0
142 1 250 252 2 -1 -1 0
143 1 254 256 2 -1 -1 0
144 1 258 258 1 -1 -1 0
145 1 260 260 1 -1 -1 0
146 1 262 264 2 -1 -1 0
147 1 264 266 2 -1 1 0
148 1 266 268 2 -1 0 0
149 1 268 270 2 -1 -1 0
150 1 270 272 2 -1 -1 0
151 1 272 274 2 -1 -1 0
155 1 276 276 1 -1 -1 0
156 1 278 278 1 -1 -1 0
157 1 280 282 2 -1 -1 0
158 1 282 296 3 -1 2 0
159 1 284 286 2 -1 -1 0
160 1 288 288 1 -1 -1 0
161 1 290 290 1 -1 -1 0
162 1 292 294 2 -1 -1 0
163 1 294 296 2 -1 1 0
164 1 296 298 2 -1 0 0
165 1 298 300 2 -1 -1 0
166 1 300 302 2 -1 -1 0
167 1 302 304 2 -1 -1 0
171 1 306 306 1 -1 -1 0
172 1 308 308 1 -1 -1 0
173 1 310 312 2 -1 -1 0
174 1 312 314 2 -1 1 0
175 1 314 324 3 -1 0 0
176 1 316 318 2 -1 -1 0
177 1 318 320 2 -1 -1 0
178 1 320 322 2 -1 -1 0
179 1 324 326 2 -1 -1 0
180 1 326 328 2 -1 -1 0
182 1 328 330 2 -1 -1 0
185 1 332 334 2 -1 -1 0
186 1 334 336 2 -1 -1 0
187 1 336 338 2 -1 -1 0
188 1 342 344 2 -1 -1 0
189 1 344 346 2 -1 -1 0
190 1 340 370 4 -1 2 0
193 1 346 348 2 -1 -1 0
194 1 350 352 2 -1 -1 0
195 1 352 354 2 -1 -1 0
196 1 354 356 2 -1 -1 0
200 1 358 360 2 -1 -1 0
201 1 360 362 2 -1 -1 0
203 1 362 364 2 -1 -1 0
206 1 366 368 2 -1 0 0
209 1 370 372 2 -1 0 0
212 2 376 379 382 382 2 214 -1 0
214 2 382 385 388 388 2 212 -1 0
216 2 388 391 394 394 2 214 -1 0
218 1 394 398 2 216 -1 0
223 1 400 402 2 -1 -1 0
224 1 402 404 2 -1 -1 0
225 1 404 406 2 -1 -1 0
226 1 426 428 2 -1 -1 0
227 1 428 430 2 -1 -1 0
228 1 408 418 3 -1 -1 0
229 1 410 412 2 -1 -1 0
230 1 412 414 2 -1 -1 0
231 1 414 416 2 -1 -1 0
232 1 418 420 2 -1 -1 0
233 1 420 434 2 -1 -1 0
234 1 422 424 2 -1 -1 0
235 1 424 438 2 -1 -1 0
238 1 430 432 2 -1 -1 0
240 1 434 436 2 -1 -1 0
242 1 438 440 2 -1 -1 0
243 1 442 444 2 -1 -1 0
244 1 444 446 2 -1 -1 0
245 1 446 448 2 -1 -1 0
251 2 452 455 458 458 2 253 -1 0
253 2 458 461 464 464 2 251 -1 0
255 1 464 468 2 253 -1 0
260 1 470 472 2 -1 -1 0
261 1 472 474 2 -1 -1 0
262 1 474 476 2 -1 -1 0
263 1 496 498 2 -1 -1 0
264 1 498 500 2 -1 -1 0
265 1 478 488 3 -1 -1 0
266 1 480 482 2 -1 -1 0
267 1 482 484 2 -1 -1 0
268 1 484 486 2 -1 -1 0
269 1 488 490 2 -1 -1 0
270 1 490 504 2 -1 -1 0
271 1 492 494 2 -1 -1 0
272 1 494 508 2 -1 -1 0
275 1 500 502 2 -1 -1 0
277 1 504 506 2 -1 -1 0
279 1 508 510 2 -1 -1 0
280 1 512 514 2 -1 -1 0
281 1 514 516 2 -1 -1 0
282 1 516 518 2 -1 -1 0
288 2 522 525 528 528 2 290 -1 0
290 2 528 531 534 534 2 288 -1 0
292 1 534 538 2 290 -1 0
11 3 6 2 0 0 6 6
0 2 4 22
0 6 7 8 9 10
4 6


0 1 0 20 2 -1 -1 1
6 1 4 10 2 -1 0 0
7 1 6 18 4 -1 0 0
8 1 8 10 2 -1 -1 0
9 1 12 14 2 -1 -1 0
10 1 16 18 2 -1 -1 0
3 1 3 0 0 0 3 3
0 6
0 1 2



0 1 0 0 1 -1 -1 1
1 1 0 2 2 -1 -1 0
2 1 2 4 2 -1 -1 0
26 4 12 0 0 0 13 12
0 10 16 28 30
0 1 8 9 10 11 6 23 4 12 13 15



0 1 0 4 2 -1 -1 1
1 1 0 10 2 23 -1 1
4 1 12 14 4 -1 -1 0
6 2 10 10 16 27 8 23 -1 0
8 1 0 2 2 -1 -1 0
9 1 2 27 3 -1 -1 0
10 1 4 6 2 -1 -1 0
11 1 6 27 3 -1 -1 0
12 1 20 22 4 -1 -1 0
13 1 22 24 4 -1 -1 0
15 1 24 26 4 -1 -1 0
23 1 10 28 7 6 -1 0
206 15 83 0 0 0 88 83
0 24 26 32 36 38 84 100 106 108 114 118 120 222 234 236
0 1 2 3 31 32 7 8 10 11 13 14 42 77 78 79 48 75 51 52 184 54 58 59 185 61 65 66 186 68 72 73 187 81 24 39 21 22 188 44 40 45 179 180 181 82 177 189 87 190 93 191 99 192 105 193 111 194 117 195 123 196 129 197 135 198 141 199 147 200 153 201 159 202 165 203 171 204 183 30 37 205 47



0 1 0 16 2 -1 -1 1
1 1 0 4 1 -1 -1 1
2 1 0 2 2 -1 -1 0
3 1 2 233 45 -1 -1 0
7 1 8 10 2 -1 -1 0
8 1 10 99 11 -1 -1 0
10 1 12 14 2 -1 -1 0
11 1 14 234 7 -1 -1 0
13 1 16 18 2 -1 -1 0
14 1 18 233 6 -1 -1 0
21 1 86 88 4 -1 -1 0
22 1 88 92 4 -1 -1 0
24 2 84 84 94 100 7 39 -1 0
30 2 222 222 228 233 6 37 -1 0
31 1 4 6 2 -1 -1 0
32 1 6 12 3 -1 -1 0
37 1 222 228 6 40 -1 0
39 1 84 94 8 24 -1 0
40 2 100 120 222 222 9 24 -1 0
42 1 20 22 2 -1 -1 0
44 1 96 98 4 -1 -1 0
45 1 102 104 2 -1 -1 0
47 1 230 232 4 -1 -1 0
48 1 38 78 14 75 -1 0
51 1 40 42 4 -1 -1 0
52 1 42 46 4 -1 -1 0
54 1 48 54 6 -1 -1 0
58 1 50 52 4 -1 -1 0
59 1 52 56 4 -1 -1 0
61 1 58 64 6 -1 -1 0
65 1 60 62 4 -1 -1 0
66 1 62 66 4 -1 -1 0
68 1 68 74 6 -1 -1 0
72 1 70 72 4 -1 -1 0
73 1 72 76 4 -1 -1 0
75 2 38 38 78 84 8 48 -1 0
77 1 26 83 5 -1 -1 0
78 1 28 30 2 -1 -1 0
79 1 32 34 2 -1 -1 0
81 1 80 82 4 -1 -1 0
82 1 120 216 36 40 -1 0
87 1 126 128 4 -1 -1 0
93 1 132 134 4 -1 -1 0
99 1 138 140 4 -1 -1 0
105 1 144 146 4 -1 -1 0
111 1 150 152 4 -1 -1 0
117 1 156 158 4 -1 -1 0
123 1 162 164 4 -1 -1 0
129 1 168 170 4 -1 -1 0
135 1 174 176 4 -1 -1 0
141 1 180 182 4 -1 -1 0
147 1 186 188 4 -1 -1 0
153 1 192 194 4 -1 -1 0
159 1 198 200 4 -1 -1 0
165 1 204 206 4 -1 -1 0
171 1 210 212 4 -1 -1 0
177 2 120 120 216 222 8 82 -1 0
179 1 108 221 5 -1 -1 0
180 1 110 112 2 -1 -1 0
181 1 114 116 2 -1 -1 0
183 1 218 220 4 -1 -1 0
184 1 44 46 4 -1 -1 0
185 1 54 56 4 -1 -1 0
186 1 64 66 4 -1 -1 0
187 1 74 76 4 -1 -1 0
188 1 90 92 4 -1 -1 0
189 1 122 124 4 -1 -1 0
190 1 128 130 4 -1 -1 0
191 1 134 136 4 -1 -1 0
192 1 140 142 4 -1 -1 0
193 1 146 148 4 -1 -1 0
194 1 152 154 4 -1 -1 0
195 1 158 160 4 -1 -1 0
196 1 164 166 4 -1 -1 0
197 1 170 172 4 -1 -1 0
198 1 176 178 4 -1 -1 0
199 1 182 184 4 -1 -1 0
200 1 188 190 4 -1 -1 0
201 1 194 196 4 -1 -1 0
202 1 200 202 4 -1 -1 0
203 1 206 208 4 -1 -1 0
204 1 212 214 4 -1 -1 0
205 1 224 226 4 -1 -1 0
52 4 21 1 0 0 23 21
0 14 16 44 48
0 50 22 19 20 3 43 17 38 36 44 51 29 24 25 26 27 11 15 47 37
34


0 1 0 43 3 -1 -1 1
3 1 8 16 4 38 -1 0
11 1 32 34 4 -1 1 0
15 1 34 36 4 44 0 0
17 2 16 16 38 43 6 38 -1 0
19 1 4 6 2 -1 -1 0
20 1 6 8 2 -1 -1 0
22 1 2 4 2 -1 -1 0
24 1 24 26 4 -1 -1 0
25 1 26 28 4 -1 -1 0
26 1 28 30 4 -1 -1 0
27 1 30 34 4 -1 2 0
29 1 22 24 4 -1 -1 0
36 1 18 34 4 44 4 0
37 1 44 46 2 44 -1 0
38 1 16 38 8 17 -1 0
43 1 10 12 2 -1 -1 0
44 2 18 18 36 44 5 36 -1 0
47 1 40 42 4 -1 -1 0
50 1 0 2 2 -1 -1 0
51 1 20 22 4 -1 -1 0
16 3 15 2 0 0 15 15
0 8 22 36
0 1 2 3 4 5 6 7 9 10 11 12 13 14 15
12 14


0 1 0 8 2 -1 -1 1
1 1 0 34 4 -1 -1 1
2 1 0 2 2 -1 -1 0
3 1 2 4 2 -1 -1 0
4 1 4 6 2 -1 -1 0
5 1 8 10 2 -1 -1 0
6 1 10 14 3 -1 1 0
7 1 12 18 3 -1 2 0
9 1 14 14 1 -1 0 0
10 1 16 18 2 -1 -1 0
11 1 22 24 2 -1 -1 0
12 1 24 26 2 -1 -1 0
13 1 26 28 2 -1 -1 0
14 1 28 32 2 -1 -1 0
15 1 30 32 2 -1 -1 0
3 1 2 1 0 0 2 2
0 2
0 1
0


0 1 0 0 1 -1 2 1
1 1 0 0 1 -1 5 1
17 7 16 4 0 0 26 16
0 8 10 14 20 24 34 40
0 1 2 3 4 5 6 7 8 9 10 11 12 13 14 15
16 28 30 38


0 4 0 7 9 16 19 30 33 38 4 -1 2 1
1 3 0 16 19 28 33 38 4 -1 1 1
2 4 0 7 9 14 19 26 33 34 5 -1 -1 1
3 1 0 2 2 -1 -1 0
4 3 2 7 9 13 19 20 4 -1 -1 0
5 1 4 6 2 -1 -1 0
6 1 10 12 2 -1 -1 0
7 1 14 16 2 -1 5 0
8 1 16 18 2 -1 0 0
9 1 20 22 2 -1 -1 0
10 1 24 28 2 -1 5 0
11 1 26 30 2 -1 5 0
12 1 28 30 2 -1 1 0
13 1 30 32 2 -1 0 0
14 1 34 36 2 -1 -1 0
15 1 36 38 2 -1 5 0
3 1 3 0 0 0 3 3
0 8
0 1 2



0 1 0 2 2 -1 -1 0
1 1 2 4 2 -1 -1 0
2 1 4 6 2 -1 -1 0
76 10 43 1 0 0 46 43
0 38 40 46 52 54 60 66 68 100 102
0 1 2 3 4 5 7 8 59 60 61 62 14 15 17 18 20 21 23 24 26 66 58 63 31 32 33 35 37 38 39 41 72 44 51 52 73 49 53 74 56 75 67
32


0 1 0 0 1 -1 -1 1
1 1 0 4 1 -1 -1 1
2 1 0 8 1 -1 -1 1
3 1 0 12 1 -1 -1 1
4 1 0 2 2 -1 -1 0
5 1 2 99 5 -1 -1 0
7 1 4 6 2 -1 -1 0
8 1 6 99 5 -1 -1 0
14 1 16 18 2 -1 -1 0
15 1 18 99 3 -1 -1 0
17 1 20 22 2 -1 -1 0
18 1 22 99 3 -1 -1 0
20 1 24 26 2 -1 -1 0
21 1 26 99 4 -1 2 0
23 1 28 30 2 -1 -1 0
24 1 30 99 4 -1 1 0
26 1 32 99 4 -1 0 0
31 1 42 44 4 -1 -1 0
32 1 46 48 4 -1 -1 0
33 2 48 51 54 54 4 35 -1 0
35 1 54 76 4 33 -1 0
37 1 56 58 4 -1 -1 0
38 1 60 62 4 -1 -1 0
39 2 62 65 68 68 4 41 -1 0
41 1 68 88 4 39 -1 0
44 1 72 88 6 -1 -1 0
49 1 80 82 4 -1 -1 0
51 1 74 76 4 -1 -1 0
52 1 76 82 4 -1 -1 0
53 1 82 86 4 -1 -1 0
56 1 88 92 4 -1 -1 0
58 2 40 40 94 99 6 63 -1 0
59 1 8 10 2 -1 -1 0
60 1 10 24 3 -1 -1 0
61 1 12 14 2 -1 -1 0
62 1 14 28 3 -1 -1 0
63 1 40 94 20 58 -1 0
66 1 34 36 2 -1 -1 0
67 1 96 98 4 -1 -1 0
72 1 70 72 4 -1 -1 0
73 1 78 80 4 -1 -1 0
74 1 84 86 4 -1 -1 0
75 1 90 92 4 -1 -1 0
43 7 27 4 0 0 31 27
0 2 12 14 38 42 46 70
0 1 2 32 37 42 4 5 8 9 10 11 12 17 18 19 20 21 22 23 24 25 26 27 28 29 30
42 48 50 52


0 2 0 11 13 69 4 -1 -1 1
1 1 0 2 2 37 -1 1
2 2 0 11 13 69 4 -1 -1 1
4 1 6 8 4 -1 -1 0
5 1 8 10 4 -1 -1 0
8 1 14 16 4 -1 -1 0
9 1 16 18 4 -1 -1 0
10 1 20 22 4 -1 -1 0
11 1 22 62 4 -1 -1 0
12 1 24 62 4 -1 -1 0
17 1 26 28 4 -1 -1 0
18 1 28 30 4 -1 -1 0
19 1 30 32 4 -1 -1 0
20 1 32 60 10 -1 -1 0
21 1 34 36 4 -1 -1 0
22 1 38 40 4 -1 -1 0
23 1 42 42 2 -1 0 0
24 1 46 50 6 -1 2 0
25 1 48 56 6 -1 2 0
26 1 50 50 2 -1 0 0
27 1 52 64 8 -1 0 0
28 1 54 56 4 -1 -1 0
29 1 58 60 4 -1 -1 0
30 1 62 64 4 -1 -1 0
32 2 2 2 66 69 4 37 -1 0
37 2 2 11 13 66 12 32 -1 0
42 1 4 6 4 -1 -1 0
84 9 56 6 0 0 57 56
0 10 14 18 26 28 32 34 70 148
0 1 2 3 4 7 66 67 9 10 11 12 13 73 32 70 20 21 22 23 24 25 80 27 81 30 31 75 33 34 35 37 38 39 40 45 46 47 82 49 50 51 52 53 54 55 56 57 58 59 60 61 62 83 64 65
14 20 34 36 70 82


0 1 0 0 1 -1 -1 1
1 1 0 118 6 -1 -1 1
2 1 0 82 1 -1 4 1
3 1 0 82 1 -1 8 1
4 1 0 146 8 -1 -1 1
7 1 0 82 3 -1 2 0
9 1 6 8 2 -1 -1 0
10 1 10 12 2 -1 -1 0
11 1 14 14 1 -1 0 0
12 1 18 20 2 -1 2 0
13 1 20 74 4 -1 0 0
20 1 34 40 4 -1 0 0
21 1 36 52 8 -1 0 0
22 1 38 40 4 -1 -1 0
23 1 42 44 4 -1 -1 0
24 1 46 48 4 -1 -1 0
25 1 48 56 6 -1 -1 0
27 1 54 60 4 -1 -1 0
30 1 58 62 4 -1 -1 0
31 1 60 62 4 -1 -1 0
32 2 28 28 64 69 6 70 -1 0
33 1 70 96 5 -1 5 0
34 1 72 74 2 -1 -1 0
35 1 76 78 2 -1 -1 0
37 1 80 126 3 -1 1 0
38 1 82 82 1 -1 0 0
39 1 84 86 2 -1 -1 0
40 1 86 100 2 -1 -1 0
45 1 88 136 2 -1 -1 0
46 1 90 92 2 -1 -1 0
47 1 92 138 3 -1 -1 0
49 1 98 100 2 -1 -1 0
50 1 102 104 2 -1 -1 0
51 1 104 108 2 -1 -1 0
52 1 106 108 2 -1 -1 0
53 1 110 112 2 -1 -1 0
54 1 112 116 2 -1 -1 0
55 1 114 116 2 -1 -1 0
56 1 118 120 2 -1 -1 0
57 1 120 124 2 -1 -1 0
58 1 122 124 2 -1 -1 0
59 1 126 128 2 -1 -1 0
60 1 128 132 2 -1 -1 0
61 1 130 132 2 -1 -1 0
62 1 134 136 2 -1 -1 0
64 1 140 144 2 -1 -1 0
65 1 142 144 2 -1 -1 0
66 1 2 4 2 -1 -1 0
67 1 4 78 8 -1 -1 0
70 1 28 64 6 32 -1 0
73 1 22 24 2 -1 -1 0
75 1 66 68 4 -1 -1 0
80 1 50 52 4 -1 -1 0
81 1 56 58 4 -1 -1 0
82 1 94 96 2 -1 -1 0
83 1 138 140 2 -1 -1 0
33 3 27 1 0 0 27 27
0 12 36 62
0 1 2 5 6 7 8 11 13 14 15 16 17 18 19 20 21 22 23 24 25 26 27 28 29 30 32
6


0 1 0 2 2 -1 -1 1
1 1 0 6 1 -1 1 1
2 1 0 60 5 -1 -1 1
5 1 0 6 2 -1 2 0
6 1 2 4 2 -1 -1 0
7 1 4 18 3 -1 -1 0
8 1 6 22 4 -1 0 0
11 1 8 10 2 -1 -1 0
13 1 12 14 2 -1 -1 0
14 1 14 16 2 -1 -1 0
15 1 18 20 2 -1 -1 0
16 1 20 24 2 -1 -1 0
17 1 22 24 2 -1 -1 0
18 1 24 32 2 -1 -1 0
19 1 26 28 2 -1 -1 0
20 1 30 32 2 -1 -1 0
21 1 36 36 1 -1 -1 0
22 1 38 38 1 -1 -1 0
23 1 40 40 1 -1 -1 0
24 1 42 42 1 -1 -1 0
25 1 44 44 1 -1 -1 0
26 1 46 46 1 -1 -1 0
27 1 48 48 1 -1 -1 0
28 1 50 50 1 -1 -1 0
29 1 52 52 1 -1 -1 0
30 1 54 54 1 -1 -1 0
32 1 56 58 2 -1 -1 0
206 27 136 25 0 0 138 136
0 8 12 16 24 26 30 32 54 56 78 80 102 104 138 140 240 256 260 264 284 288 292 310 312 376 382 384
0 1 2 166 167 5 6 7 8 9 177 102 174 17 18 19 20 21 22 194 28 29 30 31 32 33 195 39 40 41 42 43 44 196 50 51 52 53 54 55 197 57 58 59 60 61 66 67 68 69 70 71 198 73 74 75 76 77 78 79 80 81 82 83 199 85 86 200 88 89 201 91 92 202 94 95 96 203 98 99 100 101 179 103 104 105 107 109 110 111 112 113 114 115 116 117 204 120 121 123 124 125 126 127 205 165 170 132 133 134 135 136 137 141 142 143 144 145 146 147 148 149 150 151 152 153 154 155 156 158 159 160 161 162 163 183
12 18 32 34 56 58 80 82 104 106 140 142 240 250 260 266 268 270 288 292 294 296 324 334 356


0 1 0 381 3 -1 2 1
1 1 0 250 1 -1 2 1
2 1 0 381 2 -1 4 1
5 1 4 6 2 -1 -1 0
6 1 8 10 2 -1 -1 0
7 1 12 12 1 -1 0 0
8 1 16 18 2 -1 2 0
9 1 18 244 4 -1 0 0
17 1 32 38 4 -1 0 0
18 1 34 50 8 -1 0 0
19 1 36 38 4 -1 -1 0
20 1 40 42 4 -1 -1 0
21 1 44 46 4 -1 -1 0
22 1 46 184 6 -1 -1 0
28 1 56 62 4 -1 0 0
29 1 58 74 8 -1 0 0
30 1 60 62 4 -1 -1 0
31 1 64 66 4 -1 -1 0
32 1 68 70 4 -1 -1 0
33 1 70 192 6 -1 -1 0
39 1 80 86 4 -1 0 0
40 1 82 98 8 -1 0 0
41 1 84 86 4 -1 -1 0
42 1 88 90 4 -1 -1 0
43 1 92 94 4 -1 -1 0
44 1 94 200 6 -1 -1 0
50 1 104 110 4 -1 0 0
51 1 106 122 8 -1 0 0
52 1 108 110 4 -1 -1 0
53 1 112 114 4 -1 -1 0
54 1 116 118 4 -1 -1 0
55 1 118 208 6 -1 -1 0
57 1 124 124 2 -1 -1 0
58 1 126 126 2 -1 -1 0
59 1 128 130 4 -1 -1 0
60 1 130 218 6 -1 -1 0
61 1 132 134 4 -1 -1 0
66 1 140 146 4 -1 0 0
67 1 142 158 8 -1 0 0
68 1 144 146 4 -1 -1 0
69 1 148 150 4 -1 -1 0
70 1 152 154 4 -1 -1 0
71 1 154 220 6 -1 -1 0
73 1 160 160 2 -1 -1 0
74 1 162 162 2 -1 -1 0
75 1 164 164 2 -1 -1 0
76 1 166 166 2 -1 -1 0
77 1 168 168 2 -1 -1 0
78 1 170 170 2 -1 -1 0
79 1 172 172 2 -1 -1 0
80 1 174 174 2 -1 -1 0
81 1 176 178 4 -1 -1 0
82 1 178 232 18 -1 -1 0
83 1 180 182 4 -1 -1 0
85 1 186 190 4 -1 -1 0
86 1 188 190 4 -1 -1 0
88 1 194 198 4 -1 -1 0
89 1 196 198 4 -1 -1 0
91 1 202 206 4 -1 -1 0
92 1 204 206 4 -1 -1 0
94 1 210 214 4 -1 -1 0
95 1 212 214 4 -1 -1 0
96 1 216 218 4 -1 -1 0
98 1 222 226 4 -1 -1 0
99 1 224 226 4 -1 -1 0
100 1 228 230 4 -1 -1 0
101 1 230 232 4 -1 -1 0
102 2 26 26 234 239 6 174 -1 0
103 1 240 382 8 -1 0 0
104 1 242 244 2 -1 -1 0
105 1 246 248 2 -1 -1 0
107 1 250 304 8 -1 0 0
109 1 252 254 2 -1 -1 0
110 1 256 258 2 -1 -1 0
111 1 260 260 1 -1 0 0
112 1 264 294 5 -1 2 0
113 1 266 274 3 -1 2 0
114 1 268 268 1 -1 0 0
115 1 270 381 5 -1 1 0
116 1 272 274 2 -1 -1 0
117 1 276 278 2 -1 -1 0
120 1 284 286 2 -1 -1 0
121 1 288 288 1 -1 0 0
123 1 292 300 3 -1 2 0
124 1 294 294 1 -1 0 0
125 1 296 381 5 -1 5 0
126 1 298 300 2 -1 -1 0
127 1 302 304 2 -1 -1 0
132 1 314 314 2 -1 -1 0
133 1 316 316 2 -1 -1 0
134 1 318 318 2 -1 -1 0
135 1 320 322 4 -1 -1 0
136 1 322 324 4 -1 5 0
137 1 324 356 6 -1 2 0
141 1 326 334 4 -1 2 0
142 1 328 328 2 -1 -1 0
143 1 330 332 4 -1 -1 0
144 1 332 334 4 -1 8 0
145 1 334 356 4 -1 1 0
146 1 336 336 2 -1 -1 0
147 1 338 338 2 -1 -1 0
148 1 340 340 2 -1 -1 0
149 1 342 342 2 -1 -1 0
150 1 344 344 2 -1 -1 0
151 1 346 346 2 -1 -1 0
152 1 348 348 2 -1 -1 0
153 1 350 350 2 -1 -1 0
154 1 352 354 4 -1 -1 0
155 1 354 356 4 -1 5 0
156 1 356 372 4 -1 0 0
158 1 358 360 4 -1 -1 0
159 1 360 362 4 -1 -1 0
160 1 364 366 4 -1 -1 0
161 1 366 370 4 -1 -1 0
162 1 368 370 4 -1 -1 0
163 1 370 372 4 -1 -1 0
165 2 312 312 376 381 6 170 -1 0
166 1 0 2 2 -1 -1 0
167 1 2 381 11 -1 -1 0
170 1 312 376 10 165 1 0
174 1 26 234 6 102 -1 0
177 1 20 22 2 -1 -1 0
179 1 236 238 4 -1 -1 0
183 1 378 380 4 -1 -1 0
194 1 48 50 4 -1 -1 0
195 1 72 74 4 -1 -1 0
196 1 96 98 4 -1 -1 0
197 1 120 122 4 -1 -1 0
198 1 156 158 4 -1 -1 0
199 1 184 186 4 -1 -1 0
200 1 192 194 4 -1 -1 0
201 1 200 202 4 -1 -1 0
202 1 208 210 4 -1 -1 0
203 1 220 222 4 -1 -1 0
204 1 280 282 2 -1 -1 0
205 1 306 308 2 -1 -1 0
44 7 31 3 0 0 32 31
0 4 8 12 58 60 74 94
0 1 2 3 4 5 6 12 13 14 15 16 17 18 19 20 21 22 23 24 41 29 38 27 28 43 30 31 32 34 35
8 14 74


0 1 0 82 7 -1 -1 1
1 1 0 92 3 -1 -1 1
2 1 0 2 2 -1 -1 0
3 1 4 6 2 -1 -1 0
4 1 8 8 1 -1 0 0
5 1 12 14 2 -1 2 0
6 1 14 78 4 -1 0 0
12 1 16 16 1 -1 -1 0
13 1 18 18 1 -1 -1 0
14 1 20 20 1 -1 -1 0
15 1 22 22 1 -1 -1 0
16 1 24 24 1 -1 -1 0
17 1 26 28 2 -1 -1 0
18 1 28 73 9 -1 -1 0
19 1 30 32 2 -1 -1 0
20 1 34 36 2 -1 -1 0
21 1 38 40 2 -1 -1 0
22 1 42 44 2 -1 -1 0
23 1 46 48 2 -1 -1 0
24 1 50 52 2 -1 -1 0
27 1 62 64 4 -1 -1 0
28 1 64 66 4 -1 -1 0
29 2 60 60 68 73 6 38 -1 0
30 1 74 86 4 -1 0 0
31 1 76 78 2 -1 -1 0
32 1 80 82 2 -1 -1 0
34 1 84 86 2 -1 -1 0
35 1 88 90 2 -1 -1 0
38 1 60 68 6 29 -1 0
41 1 54 56 2 -1 -1 0
43 1 70 72 4 -1 -1 0
34 7 24 1 0 0 30 24
0 8 12 20 26 30 36 60
0 1 2 3 5 6 7 8 9 10 12 13 14 16 17 18 21 22 23 24 26 32 33 29
12


0 4 0 7 11 19 25 29 35 36 3 -1 2 1
1 2 0 7 11 12 1 -1 1 1
2 1 0 2 2 -1 -1 0
3 1 2 4 2 -1 -1 0
5 1 4 6 2 -1 -1 0
6 1 8 10 2 -1 -1 0
7 2 12 20 25 30 4 -1 0 0
8 2 14 19 25 26 3 -1 -1 0
9 1 16 18 2 -1 -1 0
10 1 20 22 2 -1 -1 0
12 1 22 24 2 -1 -1 0
13 1 26 28 2 -1 -1 0
14 1 30 32 2 -1 -1 0
16 1 32 34 2 -1 -1 0
17 1 36 38 2 -1 -1 0
18 1 38 46 3 -1 -1 0
21 1 40 42 2 -1 -1 0
22 1 42 44 2 -1 -1 0
23 1 46 48 2 -1 -1 0
24 1 48 50 2 -1 -1 0
26 1 50 52 2 -1 -1 0
29 1 56 58 2 -1 -1 0
32 1 52 54 2 -1 -1 0
33 1 54 56 2 -1 -1 0
55 5 48 3 0 0 50 48
0 16 22 66 96 122
0 1 2 3 4 5 6 7 8 9 15 16 17 18 19 20 21 22 23 26 27 28 29 30 31 32 33 34 35 36 37 38 39 40 41 42 43 44 45 46 47 48 49 50 51 52 53 54
12 18 34


0 1 0 34 3 -1 2 1
1 1 0 14 1 -1 -1 1
2 1 0 120 9 -1 -1 1
3 1 0 0 1 -1 -1 0
4 1 2 2 1 -1 -1 0
5 1 4 4 1 -1 -1 0
6 1 6 6 1 -1 -1 0
7 1 8 10 2 -1 -1 0
8 1 10 12 2 -1 1 0
9 3 12 58 65 88 95 114 5 -1 0 0
15 1 16 18 2 -1 2 0
16 1 18 20 2 -1 0 0
17 1 22 22 1 -1 -1 0
18 1 24 24 1 -1 -1 0
19 1 26 26 1 -1 -1 0
20 1 28 28 1 -1 -1 0
21 1 30 32 2 -1 -1 0
22 1 32 34 2 -1 1 0
23 1 34 56 2 -1 0 0
26 1 36 36 1 -1 -1 0
27 1 38 38 1 -1 -1 0
28 1 40 40 1 -1 -1 0
29 1 42 42 1 -1 -1 0
30 1 44 44 1 -1 -1 0
31 1 46 48 2 -1 -1 0
32 1 48 62 4 -1 -1 0
33 1 50 52 2 -1 -1 0
34 1 54 56 2 -1 -1 0
35 1 60 62 2 -1 -1 0
36 1 66 66 1 -1 -1 0
37 1 68 68 1 -1 -1 0
38 1 70 70 1 -1 -1 0
39 1 72 72 1 -1 -1 0
40 1 74 74 1 -1 -1 0
41 1 76 78 2 -1 -1 0
42 1 78 92 4 -1 -1 0
43 1 80 82 2 -1 -1 0
44 1 84 86 2 -1 -1 0
45 1 90 92 2 -1 -1 0
46 1 96 96 1 -1 -1 0
47 1 98 98 1 -1 -1 0
48 1 100 100 1 -1 -1 0
49 1 102 102 1 -1 -1 0
50 1 104 104 1 -1 -1 0
51 1 106 108 2 -1 -1 0
52 1 108 118 3 -1 -1 0
53 1 110 112 2 -1 -1 0
54 1 116 118 2 -1 -1 0
13 3 7 2 0 0 7 7
0 2 4 26
0 6 7 8 9 11 12
4 6


0 1 0 24 3 -1 -1 1
6 1 4 10 2 -1 0 0
7 1 6 18 4 -1 0 0
8 1 8 10 2 -1 -1 0
9 1 12 14 2 -1 -1 0
11 1 16 18 2 -1 -1 0
12 1 20 22 2 -1 -1 0
1 1 0 0 0 0 0 0
0 2




2 1 2 1 0 0 2 2
0 4
0 1
2


0 1 0 2 1 -1 2 1
1 1 0 2 2 -1 1 0
13 3 7 2 0 0 7 7
0 2 4 26
0 6 7 8 9 11 12
4 6


0 1 0 24 3 -1 -1 1
6 1 4 10 2 -1 0 0
7 1 6 18 4 -1 0 0
8 1 8 10 2 -1 -1 0
9 1 12 14 2 -1 -1 0
11 1 16 18 2 -1 -1 0
12 1 20 22 2 -1 -1 0
33 1 25 6 0 0 25 25
0 52
0 2 3 4 5 7 8 9 10 11 12 13 14 15 16 17 18 19 20 21 22 23 24 25 26
6 14 22 30 38 46


0 1 0 50 2 -1 -1 1
2 1 0 0 1 -1 -1 0
3 1 2 4 2 -1 -1 0
4 1 4 6 2 -1 1 0
5 1 6 14 2 -1 2 0
7 1 8 8 1 -1 -1 0
8 1 10 12 2 -1 -1 0
9 1 12 14 2 -1 5 0
10 1 14 22 2 -1 2 0
11 1 16 16 1 -1 -1 0
12 1 18 20 2 -1 -1 0
13 1 20 22 2 -1 5 0
14 1 22 30 2 -1 2 0
15 1 24 24 1 -1 -1 0
16 1 26 28 2 -1 -1 0
17 1 28 30 2 -1 5 0
18 1 30 38 2 -1 2 0
19 1 32 32 1 -1 -1 0
20 1 34 36 2 -1 -1 0
21 1 36 38 2 -1 5 0
22 1 38 46 2 -1 2 0
23 1 40 40 1 -1 -1 0
24 1 42 44 2 -1 -1 0
25 1 44 46 2 -1 5 0
26 1 46 48 2 -1 0 0
79 7 57 3 0 0 63 57
0 24 26 72 78 80 126 132
0 1 2 3 4 6 7 9 10 11 12 13 68 70 66 71 35 62 18 19 21 22 23 24 25 26 27 28 29 30 31 32 33 73 67 75 64 76 55 60 38 39 41 42 43 44 45 46 47 48 49 50 51 52 53 78 65
16 54 108


0 1 0 71 3 -1 -1 1
1 1 0 125 3 -1 -1 1
2 1 0 130 2 -1 -1 1
3 1 0 2 2 -1 -1 0
4 1 2 71 5 -1 -1 0
6 1 4 6 2 -1 -1 0
7 1 6 125 5 -1 -1 0
9 1 8 16 2 -1 2 0
10 1 10 10 1 -1 -1 0
11 1 12 14 2 -1 -1 0
12 1 14 16 2 -1 1 0
13 1 16 18 2 68 0 0
18 1 30 32 4 -1 -1 0
19 1 32 40 6 -1 -1 0
21 1 34 36 4 -1 -1 0
22 1 36 38 4 -1 -1 0
23 1 40 42 4 -1 -1 0
24 1 42 44 4 -1 -1 0
25 1 44 46 4 -1 -1 0
26 1 46 54 4 -1 1 0
27 1 48 48 2 -1 -1 0
28 1 50 52 4 -1 -1 0
29 1 52 54 4 -1 5 0
30 1 54 62 4 -1 0 0
31 1 56 56 2 -1 -1 0
32 1 58 60 4 -1 -1 0
33 1 60 64 6 71 -1 0
35 2 28 28 66 71 6 62 -1 0
38 1 84 86 4 -1 -1 0
39 1 86 94 6 -1 -1 0
41 1 88 90 4 -1 -1 0
42 1 90 92 4 -1 -1 0
43 1 94 96 4 -1 -1 0
44 1 96 98 4 -1 -1 0
45 1 98 100 4 -1 -1 0
46 1 100 108 4 -1 1 0
47 1 102 102 2 -1 -1 0
48 1 104 106 4 -1 -1 0
49 1 106 108 4 -1 5 0
50 1 108 116 4 -1 0 0
51 1 110 110 2 -1 -1 0
52 1 112 114 4 -1 -1 0
53 1 114 118 6 76 -1 0
55 2 82 82 120 125 6 60 -1 0
60 1 82 120 8 55 -1 0
62 1 28 66 8 35 -1 0
64 1 80 108 4 76 2 0
65 1 126 128 2 76 -1 0
66 1 26 54 4 71 2 0
67 2 72 80 126 126 4 71 -1 0
68 2 18 26 72 72 4 13 -1 0
70 1 20 22 2 -1 -1 0
71 2 26 26 64 72 5 66 -1 0
73 1 68 70 4 -1 -1 0
75 1 74 76 2 -1 -1 0
76 2 80 80 118 126 5 64 -1 0
78 1 122 124 4 -1 -1 0
16 1 12 4 0 0 12 12
0 22
0 1 4 5 6 15 7 10 11 12 13 14
6 8 16 18


0 1 0 16 3 -1 2 1
1 1 0 20 2 -1 5 1
4 1 0 0 1 -1 -1 0
5 1 2 4 2 -1 -1 0
6 1 4 8 2 -1 8 0
7 1 8 18 2 -1 2 0
10 1 10 10 1 -1 -1 0
11 1 12 14 2 -1 -1 0
12 1 14 16 2 -1 4 0
13 1 16 18 2 -1 1 0
14 1 18 18 1 -1 0 0
15 1 6 8 2 -1 5 0
3 3 3 0 0 0 3 3
0 4 8 12
0 1 2



0 1 0 0 1 -1 -1 1
1 1 0 10 4 -1 -1 1
2 1 0 2 2 -1 -1 0
36 7 27 4 0 0 32 27
0 6 10 12 28 30 60 66
0 1 2 3 6 7 9 10 11 12 13 29 35 25 27 26 30 16 17 18 19 20 21 22 23 33 34
0 20 34 42


0 1 0 59 3 -1 2 1
1 1 0 30 5 27 -1 1
2 1 0 64 2 -1 -1 1
3 1 0 59 6 -1 0 0
6 1 2 4 2 -1 -1 0
7 2 6 9 12 12 2 9 -1 0
9 1 12 20 2 7 2 0
10 1 14 14 1 -1 -1 0
11 1 16 18 2 -1 -1 0
12 1 18 20 2 -1 1 0
13 1 20 22 2 29 0 0
16 1 34 42 4 -1 1 0
17 1 36 36 2 -1 -1 0
18 1 38 40 4 -1 -1 0
19 1 40 42 4 -1 5 0
20 1 42 50 4 -1 0 0
21 1 44 44 2 -1 -1 0
22 1 46 48 4 -1 -1 0
23 1 48 52 6 30 -1 0
25 2 30 30 54 59 6 27 -1 0
26 1 32 42 4 29 2 0
27 1 30 54 6 1 1 0
29 3 22 29 32 32 60 60 4 13 -1 0
30 2 32 32 52 60 5 26 -1 0
33 1 56 58 4 -1 -1 0
34 1 60 62 2 29 -1 0
35 1 24 26 2 -1 -1 0
3 3 2 2 0 0 3 2
0 4 6 8
0 1
0 6


0 2 0 3 5 6 2 -1 2 1
1 1 0 2 2 -1 0 0
108 19 90 18 0 0 135 90
0 6 16 34 52 62 72 82 104 114 124 144 154 170 172 182 192 202 212 214
0 1 2 3 4 6 7 8 9 11 12 13 14 15 16 17 18 20 21 22 23 24 25 26 27 29 30 31 32 34 35 36 37 39 40 41 42 44 45 46 47 48 49 50 51 52 53 55 56 57 58 60 61 62 63 65 66 67 68 69 70 71 72 74 75 76 77 79 80 81 82 84 85 86 88 89 90 91 93 94 95 96 98 99 100 101 103 104 105 106
12 28 30 46 48 58 68 78 98 100 110 120 140 150 178 188 198 208


0 15 0 10 15 16 33 34 51 56 61 66 71 76 81 88 103 108 113 118 123 124 143 148 153 154 181 186 191 196 201 206 28 -1 -1 1
1 16 0 12 15 30 33 48 51 58 61 68 71 78 81 100 103 110 113 120 123 140 143 150 153 169 171 178 181 188 191 198 201 208 15 -1 2 1
2 16 0 12 15 30 33 48 51 58 61 68 71 78 81 100 103 110 113 120 123 140 143 150 153 169 171 178 181 188 191 198 201 208 15 -1 1 1
3 1 0 2 2 -1 -1 0
4 1 2 4 2 -1 -1 0
6 1 6 8 2 -1 -1 0
7 1 8 12 2 -1 5 0
8 1 10 12 2 -1 4 0
9 1 12 12 1 -1 0 0
11 1 16 18 2 -1 -1 0
12 1 18 30 2 -1 5 0
13 1 20 20 1 -1 -1 0
14 1 22 22 1 -1 -1 0
15 1 24 26 2 -1 -1 0
16 1 26 28 2 -1 2 0
17 1 28 30 2 -1 4 0
18 1 30 30 1 -1 0 0
20 1 34 36 2 -1 -1 0
21 1 36 48 2 -1 5 0
22 1 38 38 1 -1 -1 0
23 1 40 40 1 -1 -1 0
24 1 42 44 2 -1 -1 0
25 1 44 46 2 -1 2 0
26 1 46 48 2 -1 4 0
27 1 48 48 1 -1 0 0
29 1 52 54 2 -1 -1 0
30 1 54 58 2 -1 5 0
31 1 56 58 2 -1 4 0
32 1 58 58 1 -1 0 0
34 1 62 64 2 -1 -1 0
35 1 64 68 2 -1 5 0
36 1 66 68 2 -1 4 0
37 1 68 68 1 -1 0 0
39 1 72 74 2 -1 -1 0
40 1 74 78 2 -1 5 0
41 1 76 78 2 -1 4 0
42 1 78 78 1 -1 0 0
44 1 82 84 2 -1 -1 0
45 1 84 100 2 -1 5 0
46 1 86 98 2 -1 2 0
47 1 88 98 2 -1 1 0
48 1 90 90 1 -1 -1 0
49 1 92 92 1 -1 -1 0
50 1 94 96 2 -1 -1 0
51 1 96 98 2 -1 5 0
52 1 98 100 2 -1 4 0
53 1 100 100 1 -1 0 0
55 1 104 106 2 -1 -1 0
56 1 106 110 2 -1 5 0
57 1 108 110 2 -1 4 0
58 1 110 110 1 -1 0 0
60 1 114 116 2 -1 -1 0
61 1 116 120 2 -1 5 0
62 1 118 120 2 -1 4 0
63 1 120 120 1 -1 0 0
65 1 124 126 2 -1 -1 0
66 1 126 140 2 -1 5 0
67 1 128 128 1 -1 -1 0
68 1 130 130 1 -1 -1 0
69 1 132 134 2 -1 -1 0
70 1 134 140 3 -1 4 0
71 1 136 138 2 -1 -1 0
72 1 140 140 1 -1 0 0
74 1 144 146 2 -1 -1 0
75 1 146 150 2 -1 5 0
76 1 148 150 2 -1 4 0
77 1 150 150 1 -1 0 0
79 1 154 156 2 -1 -1 0
80 1 156 158 2 -1 -1 0
81 1 158 160 2 -1 -1 0
82 2 160 169 171 176 4 -1 -1 0
84 1 162 164 2 -1 -1 0
85 1 164 166 2 -1 -1 0
86 1 166 168 2 -1 -1 0
88 1 172 174 2 -1 -1 0
89 1 174 178 2 -1 5 0
90 1 176 178 2 -1 4 0
91 1 178 178 1 -1 0 0
93 1 182 184 2 -1 -1 0
94 1 184 188 2 -1 5 0
95 1 186 188 2 -1 4 0
96 1 188 188 1 -1 0 0
98 1 192 194 2 -1 -1 0
99 1 194 198 2 -1 5 0
100 1 196 198 2 -1 4 0
101 1 198 198 1 -1 0 0
103 1 202 204 2 -1 -1 0
104 1 204 208 2 -1 5 0
105 1 206 208 2 -1 4 0
106 1 208 208 1 -1 0 0
34 1 16 0 0 0 16 16
0 42
0 1 32 3 22 24 33 5 26 27 15 16 17 18 19 20



0 1 0 8 2 -1 -1 1
1 1 0 40 7 -1 -1 1
3 1 2 4 2 -1 -1 0
5 1 10 12 2 -1 -1 0
15 1 16 18 2 -1 -1 0
16 1 20 22 2 -1 -1 0
17 1 24 26 2 -1 -1 0
18 1 28 30 2 -1 -1 0
19 1 32 34 2 -1 -1 0
20 1 36 38 2 -1 -1 0
22 1 4 34 3 -1 -1 0
24 1 6 14 2 -1 -1 0
26 1 12 26 3 -1 -1 0
27 1 14 22 2 -1 -1 0
32 1 0 2 2 -1 -1 0
33 1 8 10 2 -1 -1 0
14 1 12 2 0 0 12 12
0 22
0 1 2 5 6 7 8 9 10 11 12 13
8 16


0 1 0 0 1 -1 -1 1
1 1 0 16 1 -1 5 1
2 1 0 20 2 -1 -1 1
5 1 0 16 2 -1 2 0
6 1 2 2 1 -1 -1 0
7 1 4 6 2 -1 -1 0
8 1 6 8 2 -1 2 0
9 1 8 16 2 -1 1 0
10 1 10 10 1 -1 -1 0
11 1 12 14 2 -1 -1 0
12 1 14 16 2 -1 4 0
13 1 16 18 2 -1 0 0
71 14 41 1 0 0 49 41
0 14 16 42 58 62 70 80 82 86 88 92 94 102 106
0 1 2 3 4 5 7 8 62 65 56 60 58 59 15 16 17 18 19 20 21 22 23 24 25 26 27 28 29 30 32 70 34 35 45 46 47 51 57 66 67
54


0 1 0 4 2 -1 -1 1
1 1 0 101 4 -1 -1 1
2 1 0 101 2 -1 -1 1
3 1 0 8 1 62 -1 1
4 1 0 2 2 -1 -1 0
5 1 2 101 7 -1 2 0
7 1 4 6 2 -1 -1 0
8 1 6 101 4 -1 -1 0
15 1 20 22 4 -1 -1 0
16 1 22 24 4 -1 -1 0
17 1 26 28 4 -1 -1 0
18 1 28 32 4 -1 -1 0
19 1 30 32 4 -1 -1 0
20 1 32 52 14 -1 -1 0
21 1 34 36 4 -1 -1 0
22 1 36 38 4 -1 -1 0
23 1 38 40 4 -1 -1 0
24 1 42 44 4 -1 -1 0
25 1 44 74 8 -1 -1 0
26 1 46 54 4 -1 5 0
27 1 48 54 4 -1 4 0
28 1 50 54 4 -1 8 0
29 1 52 54 4 -1 3 0
30 1 54 56 4 -1 0 0
32 1 58 60 4 -1 -1 0
34 1 64 66 4 -1 -1 0
35 1 66 68 4 -1 -1 0
45 1 70 72 4 -1 -1 0
46 1 72 74 4 -1 -1 0
47 1 74 76 4 -1 -1 0
51 2 82 85 88 88 4 57 -1 0
56 2 16 16 96 101 6 60 -1 0
57 2 88 91 94 94 4 59 -1 0
58 2 18 18 94 102 5 59 -1 0
59 3 18 82 85 88 91 94 8 62 -1 0
60 1 16 96 10 56 1 0
62 3 8 15 18 18 102 102 4 3 -1 0
65 1 10 12 2 -1 -1 0
66 1 98 100 4 -1 -1 0
67 1 102 104 2 62 -1 0
70 1 62 64 4 -1 -1 0
121 24 47 0 0 0 53 47
0 8 32 36 42 56 60 66 68 72 76 82 84 90 92 110 114 120 122 126 130 136 138 146 148
0 1 5 6 68 2 3 12 13 14 15 112 28 114 40 71 74 119 120 75 111 81 82 84 85 88 89 95 98 99 105 110 72 73 64 65 19 20 22 23 26 29 41 45 48 60 69



0 1 0 8 2 -1 -1 1
1 1 0 24 2 -1 -1 1
2 1 8 10 2 -1 -1 0
3 1 10 16 3 -1 -1 0
5 1 0 2 2 -1 -1 0
6 2 2 36 89 145 6 -1 -1 0
12 1 12 14 2 -1 -1 0
13 2 14 35 89 145 4 -1 -1 0
14 1 16 18 2 -1 -1 0
15 1 18 28 2 -1 -1 0
19 1 98 100 4 -1 -1 0
20 1 100 114 8 -1 -1 0
22 1 102 104 4 -1 -1 0
23 1 104 130 8 -1 -1 0
26 1 106 108 4 -1 -1 0
28 1 22 145 9 -1 -1 0
29 1 110 112 4 -1 -1 0
40 1 26 145 9 -1 -1 0
41 1 114 116 4 -1 -1 0
45 1 122 124 4 -1 -1 0
48 1 126 128 4 -1 -1 0
60 1 130 132 4 -1 -1 0
64 2 94 94 138 145 6 65 -1 0
65 1 94 138 6 64 -1 0
68 1 4 6 2 -1 -1 0
69 1 142 144 4 -1 -1 0
71 2 28 42 89 92 6 75 -1 0
72 1 92 140 8 71 -1 0
73 2 92 92 140 145 4 72 -1 0
74 1 32 34 2 -1 -1 0
75 1 42 84 8 71 -1 0
81 1 44 46 4 -1 -1 0
82 1 46 60 8 -1 -1 0
84 1 48 50 4 -1 -1 0
85 1 50 76 8 -1 -1 0
88 1 52 54 4 -1 -1 0
89 1 56 58 4 -1 -1 0
95 1 60 62 4 -1 -1 0
98 1 68 70 4 -1 -1 0
99 1 72 74 4 -1 -1 0
105 1 76 78 4 -1 -1 0
110 1 86 88 4 -1 -1 0
111 2 42 42 84 89 6 75 -1 0
112 1 20 22 2 -1 -1 0
114 1 24 26 2 -1 -1 0
119 1 36 38 2 -1 -1 0
120 1 38 89 3 -1 -1 0
66 9 50 4 0 0 69 50
0 8 12 16 46 58 60 98 104 110
0 1 2 3 4 5 6 7 8 9 10 11 12 13 14 17 18 19 20 21 22 23 24 25 26 27 52 53 61 62 51 58 56 63 34 35 36 37 38 39 42 43 44 45 46 47 48 49 65 57
32 40 74 84


0 3 0 7 11 18 45 46 4 -1 -1 1
1 3 0 8 11 32 45 52 3 61 1 1
2 3 0 7 11 40 45 103 4 -1 5 1
3 3 0 7 11 40 45 103 4 -1 4 1
4 3 0 7 11 40 45 103 4 -1 8 1
5 3 0 7 11 40 45 103 4 -1 3 1
6 3 0 7 11 40 45 103 4 -1 -1 1
7 1 0 108 6 -1 -1 1
8 1 0 2 2 -1 -1 0
9 2 2 7 11 12 3 -1 -1 0
10 1 4 6 2 -1 -1 0
11 1 12 14 2 -1 -1 0
12 1 16 22 2 -1 -1 0
13 1 18 20 2 -1 -1 0
14 1 20 24 2 -1 -1 0
17 1 22 32 2 -1 2 0
18 1 24 40 2 -1 2 0
19 1 26 26 1 -1 -1 0
20 1 28 30 2 -1 -1 0
21 1 30 32 2 -1 -1 0
22 1 32 40 2 -1 1 0
23 1 34 34 1 -1 -1 0
24 1 36 38 2 -1 -1 0
25 1 38 40 2 -1 -1 0
26 1 40 42 2 -1 0 0
27 1 46 103 4 -1 2 0
34 1 64 64 2 -1 -1 0
35 1 66 66 2 -1 -1 0
36 1 68 68 2 -1 -1 0
37 1 70 72 4 -1 -1 0
38 1 72 74 4 -1 5 0
39 1 74 76 4 -1 0 0
42 1 76 84 4 -1 2 0
43 1 78 78 2 -1 -1 0
44 1 80 82 4 -1 -1 0
45 1 82 84 4 -1 -1 0
46 1 84 92 4 -1 0 0
47 1 86 86 2 -1 -1 0
48 1 88 90 4 -1 -1 0
49 1 90 94 6 63 -1 0
51 2 60 60 98 103 6 58 -1 0
52 1 48 50 2 -1 -1 0
53 1 50 103 4 -1 -1 0
56 1 62 84 4 63 1 0
57 1 104 106 2 63 -1 0
58 1 60 98 6 51 1 0
61 3 52 59 62 62 104 104 4 1 -1 0
62 1 54 56 2 -1 -1 0
63 2 62 62 94 104 5 56 -1 0
65 1 100 102 4 -1 -1 0
30 4 14 0 0 0 15 14
0 8 12 34 36
0 1 28 5 23 11 16 20 29 10 12 13 14 25



0 1 0 33 4 -1 -1 1
1 1 0 33 2 -1 -1 1
5 1 2 33 4 -1 -1 0
10 1 16 18 4 -1 -1 0
11 1 8 33 3 -1 -1 0
12 1 20 24 4 -1 -1 0
13 1 22 24 4 -1 -1 0
14 1 24 26 4 -1 -1 0
16 2 12 12 28 33 6 20 -1 0
20 1 12 28 8 16 -1 0
23 1 4 6 2 -1 -1 0
25 1 30 32 4 -1 -1 0
28 1 0 2 2 -1 -1 0
29 1 14 16 4 -1 -1 0
2 1 1 1 0 0 1 1
0 2
0
0


0 1 0 0 1 -1 2 1
29 4 19 1 0 0 20 19
0 4 6 30 32
0 1 2 3 4 5 6 7 26 20 23 12 13 14 15 16 17 18 28
22


0 1 0 29 2 -1 2 1
1 1 0 29 2 -1 1 1
2 1 0 29 2 -1 5 1
3 1 0 29 2 -1 4 1
4 1 0 29 2 -1 8 1
5 1 0 29 4 -1 -1 1
6 1 0 29 3 -1 -1 1
7 1 0 29 2 -1 -1 1
12 1 8 10 4 -1 -1 0
13 1 10 12 4 -1 -1 0
14 1 14 16 4 -1 -1 0
15 1 16 18 4 -1 -1 0
16 1 18 20 4 -1 -1 0
17 1 20 22 4 -1 3 0
18 1 22 22 2 -1 0 0
20 2 6 6 24 29 6 23 -1 0
23 1 6 24 8 20 -1 0
26 1 0 2 2 -1 -1 0
28 1 26 28 4 -1 -1 0
31 3 26 2 0 0 26 26
0 32 52 56
0 1 2 3 4 5 6 7 8 9 10 11 12 13 14 15 16 17 18 19 20 27 28 30 24 25
22 52


0 1 0 22 1 -1 2 1
1 1 0 22 1 -1 1 1
2 1 0 54 4 -1 2 1
3 1 0 0 1 -1 -1 0
4 1 2 2 1 -1 -1 0
5 1 4 4 1 -1 -1 0
6 1 6 6 1 -1 -1 0
7 1 8 8 1 -1 -1 0
8 1 10 10 1 -1 -1 0
9 1 12 12 1 -1 -1 0
10 1 14 14 1 -1 -1 0
11 1 16 16 1 -1 -1 0
12 1 18 20 2 -1 -1 0
13 1 20 22 2 -1 5 0
14 1 22 32 3 -1 0 0
15 1 24 26 2 -1 -1 0
16 1 26 28 2 -1 -1 0
17 1 28 30 2 -1 -1 0
18 1 32 38 2 -1 -1 0
19 1 34 36 2 -1 -1 0
20 1 36 42 2 -1 -1 0
24 1 46 48 2 -1 -1 0
25 1 52 52 1 -1 0 0
27 1 38 40 2 -1 -1 0
28 1 40 48 3 -1 -1 0
30 1 42 44 2 -1 -1 0
111 19 85 13 0 0 108 85
0 8 10 14 58 70 72 80 92 94 148 156 160 164 166 172 174 180 186 190
0 1 2 3 4 5 6 7 8 9 10 11 12 13 14 15 18 19 20 21 22 23 24 25 26 27 28 29 30 31 32 34 35 36 38 39 40 41 42 46 47 48 49 95 96 105 108 94 103 102 106 56 57 58 59 60 61 64 65 66 67 68 69 70 71 72 73 74 75 76 77 78 80 81 82 84 85 86 98 100 87 88 92 109 110
48 54 62 64 66 74 76 108 138 144 152 168 174


0 3 0 7 9 16 79 80 4 -1 -1 1
1 3 0 7 9 76 79 185 4 -1 2 1
2 2 0 74 79 86 4 105 2 1
3 3 0 7 9 76 79 185 7 -1 2 1
4 3 0 7 9 76 79 185 7 -1 1 1
5 3 0 7 9 76 79 185 7 -1 5 1
6 3 0 7 9 76 79 185 7 -1 4 1
7 3 0 7 9 76 79 185 7 -1 8 1
8 3 0 7 9 76 79 185 4 -1 -1 1
9 1 0 2 2 -1 -1 0
10 2 2 7 9 10 3 -1 -1 0
11 1 4 6 2 -1 -1 0
12 1 10 12 2 -1 -1 0
13 1 14 24 3 -1 -1 0
14 1 16 18 2 -1 -1 0
15 1 18 72 2 -1 -1 0
18 1 20 22 2 -1 -1 0
19 1 22 48 2 -1 1 0
20 1 24 74 2 -1 2 0
21 1 26 26 1 -1 -1 0
22 1 28 28 1 -1 -1 0
23 1 30 30 1 -1 -1 0
24 1 32 32 1 -1 -1 0
25 1 34 34 1 -1 -1 0
26 1 36 36 1 -1 -1 0
27 1 38 38 1 -1 -1 0
28 1 40 40 1 -1 -1 0
29 1 42 42 1 -1 -1 0
30 1 44 46 2 -1 -1 0
31 1 46 48 2 -1 5 0
32 1 48 62 3 -1 2 0
34 1 50 52 2 -1 -1 0
35 1 52 54 2 -1 1 0
36 1 54 74 2 -1 1 0
38 1 58 60 2 -1 -1 0
39 1 60 62 2 -1 1 0
40 1 62 66 2 -1 3 0
41 1 64 66 2 -1 0 0
42 1 66 66 1 -1 0 0
46 1 72 76 2 -1 2 0
47 1 74 76 2 -1 5 0
48 1 76 78 2 -1 0 0
49 1 80 185 4 -1 2 0
56 1 98 98 2 -1 -1 0
57 1 100 100 2 -1 -1 0
58 1 102 102 2 -1 -1 0
59 1 104 106 4 -1 -1 0
60 1 106 108 4 -1 5 0
61 1 108 114 6 -1 0 0
64 1 110 112 4 -1 -1 0
65 1 112 138 4 -1 1 0
66 1 114 174 4 -1 2 0
67 1 116 116 2 -1 -1 0
68 1 118 118 2 -1 -1 0
69 1 120 120 2 -1 -1 0
70 1 122 122 2 -1 -1 0
71 1 124 124 2 -1 -1 0
72 1 126 126 2 -1 -1 0
73 1 128 128 2 -1 -1 0
74 1 130 130 2 -1 -1 0
75 1 132 132 2 -1 -1 0
76 1 134 136 4 -1 -1 0
77 1 136 138 4 -1 5 0
78 1 138 152 6 -1 2 0
80 1 140 142 4 -1 -1 0
81 1 142 144 4 -1 1 0
82 1 144 174 4 -1 1 0
84 1 148 150 4 -1 -1 0
85 1 150 152 4 -1 1 0
86 1 152 168 4 -1 3 0
87 1 166 168 4 100 -1 0
88 1 168 168 2 -1 0 0
92 1 174 176 4 106 0 0
94 2 94 94 180 185 6 103 -1 0
95 1 82 84 2 -1 -1 0
96 1 84 185 4 -1 -1 0
98 1 156 158 4 -1 -1 0
100 2 160 163 166 166 4 87 -1 0
102 1 96 174 8 105 5 0
103 1 94 180 6 94 1 0
105 3 86 93 96 96 186 186 4 2 -1 0
106 2 96 96 176 186 5 102 -1 0
108 1 88 90 2 -1 -1 0
109 1 182 184 4 -1 -1 0
110 1 186 188 2 105 -1 0
32 3 24 8 0 0 35 24
0 12 28 36
0 1 2 3 4 5 6 7 8 25 26 27 11 14 15 16 17 18 19 20 21 22 23 24
6 16 22 24 28 30 32 34


0 2 0 24 27 34 4 -1 2 1
1 2 0 24 27 34 4 -1 1 1
2 2 0 24 27 34 4 -1 5 1
3 2 0 11 27 32 2 -1 4 1
4 2 0 24 27 34 2 -1 8 1
5 2 0 24 27 34 2 -1 3 1
6 2 0 24 27 34 2 -1 3 1
7 2 0 24 27 34 4 -1 3 1
8 2 0 22 27 28 4 -1 2 1
11 2 6 11 27 32 3 -1 3 0
14 1 8 10 2 -1 -1 0
15 1 12 14 2 -1 -1 0
16 1 14 16 2 -1 1 0
17 1 16 24 2 -1 4 0
18 1 18 20 2 -1 -1 0
19 1 20 22 2 -1 1 0
20 1 22 24 2 -1 8 0
21 1 24 24 1 -1 0 0
22 1 28 30 2 -1 8 0
23 1 30 30 1 -1 0 0
24 1 32 32 1 -1 0 0
25 1 0 2 2 -1 -1 0
26 1 2 4 2 -1 -1 0
27 2 4 11 27 32 3 -1 1 0
48 9 24 2 0 0 25 24
0 12 16 20 26 28 52 54 58 62
0 1 2 3 4 6 7 10 13 14 39 42 18 25 26 27 28 29 30 31 32 33 34 47
46 48


0 1 0 4 2 -1 -1 1
1 1 0 57 2 -1 1 1
2 1 0 12 2 -1 -1 1
3 1 0 2 2 -1 -1 0
4 1 2 57 5 -1 -1 0
6 1 4 6 2 -1 -1 0
7 1 6 57 3 -1 -1 0
10 1 8 10 2 -1 -1 0
13 1 12 16 2 14 -1 0
14 1 16 20 3 13 -1 0
18 1 22 24 4 -1 -1 0
25 1 28 30 4 -1 -1 0
26 1 30 32 4 -1 -1 0
27 1 34 36 4 -1 -1 0
28 1 36 40 4 -1 -1 0
29 1 38 40 4 -1 -1 0
30 1 40 46 4 -1 2 0
31 1 42 44 4 -1 -1 0
32 1 44 46 4 -1 1 0
33 1 46 48 4 -1 2 0
34 1 48 50 4 -1 0 0
39 2 20 20 54 57 4 42 -1 0
42 1 20 54 10 39 -1 0
47 1 58 60 2 -1 -1 0
81 4 30 0 2 0 36 30
0 6 8 10 66
0 1 2 3 74 67 27 61 9 10 13 15 17 20 21 23 29 30 75 34 76 36 41 42 79 38 43 80 26 73

30 44

0 2 0 5 7 65 4 -1 -1 1
1 2 0 5 7 65 2 -1 -1 1
2 2 0 5 7 10 3 61 -1 1
3 2 0 5 7 65 2 -1 -1 1
9 1 12 14 4 -1 -1 0
10 1 14 16 4 -1 -1 0
13 1 16 18 4 -1 -1 0
15 1 18 20 4 -1 -1 0
17 1 20 24 6 -1 -1 0
20 1 24 26 4 -1 -1 0
21 1 26 28 4 -1 -1 0
23 1 28 44 6 -1 -1 0
26 1 58 60 4 -1 -1 0
27 2 10 10 60 65 6 61 -1 0
29 1 30 32 4 -1 -1 0
30 1 32 54 8 -1 -1 0
34 1 36 38 4 -1 -1 0
36 1 42 54 6 -1 -1 0
38 1 50 52 4 -1 -1 0
41 1 44 46 4 -1 -1 0
42 1 46 52 4 -1 -1 0
43 1 52 56 4 -1 -1 0
61 1 10 60 10 27 -1 0
67 1 2 4 2 -1 -1 0
73 1 62 64 4 -1 -1 0
74 2 0 5 7 65 3 -1 -1 0
75 1 34 36 4 -1 -1 0
76 1 40 42 4 -1 -1 0
79 1 48 50 4 -1 -1 0
80 1 54 56 4 -1 -1 0
37 4 10 1 0 0 10 10
0 2 8 10 12
0 1 2 3 4 5 6 7 9 11
4


0 1 0 9 2 -1 2 1
1 1 0 9 2 -1 1 1
2 1 0 9 2 -1 -1 1
3 1 0 9 2 -1 5 1
4 1 0 9 2 -1 4 1
5 1 0 9 2 -1 8 1
6 1 0 9 2 -1 3 1
7 1 0 9 2 -1 -1 1
9 1 2 4 4 -1 -1 0
11 1 4 6 4 -1 0 0
9 5 6 2 0 0 6 6
0 4 10 12 14 16
0 1 2 3 4 5
0 4


0 1 0 4 1 -1 2 1
1 1 0 4 1 -1 1 1
2 1 0 4 2 -1 2 1
3 1 0 2 2 -1 0 0
4 1 4 6 2 -1 0 0
5 1 6 8 2 -1 -1 0
26 5 26 2 0 0 30 26
0 8 28 32 52 62
0 1 2 3 4 5 6 7 8 9 10 11 12 13 14 15 16 17 18 19 20 21 22 23 24 25
16 40


0 2 0 8 27 32 3 -1 -1 1
1 3 0 16 27 40 51 52 3 -1 2 1
2 1 0 60 6 -1 -1 1
3 1 0 2 2 -1 -1 0
4 2 2 7 27 28 3 -1 -1 0
5 1 4 6 2 -1 -1 0
6 1 8 10 2 -1 -1 0
7 1 10 16 2 -1 1 0
8 1 12 14 2 -1 -1 0
9 1 14 16 2 -1 5 0
10 1 16 18 2 -1 0 0
11 1 18 20 2 -1 -1 0
12 1 20 24 2 -1 -1 0
13 1 22 24 2 -1 -1 0
14 1 28 30 2 -1 -1 0
15 1 32 34 2 -1 -1 0
16 1 34 40 2 -1 1 0
17 1 36 38 2 -1 -1 0
18 1 38 40 2 -1 5 0
19 1 40 42 2 -1 0 0
20 1 42 44 2 -1 -1 0
21 1 44 48 2 -1 -1 0
22 1 46 48 2 -1 -1 0
23 1 52 54 2 -1 -1 0
24 1 54 58 2 -1 -1 0
25 1 56 58 2 -1 -1 0
23 11 18 4 0 0 29 18
0 8 10 14 20 24 30 36 38 40 42 52
0 1 2 3 4 5 7 8 9 10 11 13 12 14 18 19 21 22
16 26 32 50


0 4 0 7 9 16 19 32 41 50 4 -1 2 1
1 4 0 7 9 14 19 30 41 42 5 -1 -1 1
2 4 0 7 9 16 19 32 41 50 4 -1 5 1
3 1 0 2 2 -1 -1 0
4 3 2 7 9 13 19 20 4 -1 -1 0
5 1 4 6 2 -1 -1 0
7 1 10 12 2 -1 -1 0
8 1 14 16 2 -1 1 0
9 1 16 18 2 -1 0 0
10 1 20 22 2 -1 -1 0
11 1 24 26 2 -1 1 0
12 1 30 32 2 -1 1 0
13 1 26 28 2 -1 0 0
14 1 32 34 2 -1 0 0
18 1 42 44 2 -1 -1 0
19 1 44 50 3 -1 1 0
21 1 46 48 2 -1 -1 0
22 1 48 50 2 -1 8 0
55 16 39 10 0 0 55 39
0 2 6 12 16 26 28 36 40 46 50 56 62 70 74 96 98
0 1 2 3 4 5 6 7 8 25 10 11 12 13 14 26 27 28 30 31 32 33 34 36 35 38 41 42 54 15 16 17 18 19 20 21 22 23 24
2 6 8 42 52 58 66 78 84 96


0 4 0 15 25 42 45 58 61 66 6 -1 2 1
1 3 0 16 25 84 95 96 3 -1 2 1
2 3 0 15 25 78 95 96 9 -1 1 1
3 3 0 15 25 73 95 96 7 -1 5 1
4 3 0 15 25 73 95 96 2 -1 4 1
5 3 0 15 25 73 95 96 3 -1 4 1
6 1 0 0 1 -1 -1 1
7 1 0 96 5 -1 3 1
8 2 2 5 12 12 2 11 0 0
10 1 8 12 2 11 0 0
11 1 12 14 2 8 -1 0
12 1 16 18 2 -1 -1 0
13 1 18 22 2 -1 -1 0
14 1 20 22 2 -1 -1 0
15 1 70 72 2 32 -1 0
16 1 74 76 2 -1 -1 0
17 1 76 78 2 -1 1 0
18 1 78 84 2 -1 1 0
19 1 80 82 2 -1 -1 0
20 1 82 84 2 -1 5 0
21 1 84 86 2 -1 0 0
22 1 86 88 2 -1 -1 0
23 1 88 92 2 -1 -1 0
24 1 90 92 2 -1 -1 0
25 1 6 8 2 -1 8 0
26 1 28 30 2 -1 -1 0
27 2 30 39 45 46 4 -1 -1 0
28 1 32 34 2 -1 -1 0
30 1 36 38 2 -1 -1 0
31 1 40 42 2 -1 1 0
32 2 42 45 70 70 2 15 0 0
33 1 46 48 2 -1 -1 0
34 1 50 52 2 -1 1 0
35 1 56 58 2 -1 1 0
36 1 52 54 2 -1 0 0
38 1 58 60 2 -1 0 0
41 1 62 64 2 -1 -1 0
42 1 64 66 2 -1 1 0
54 1 66 70 2 15 0 0
90 21 61 5 0 0 70 61
0 14 26 52 72 74 76 84 88 90 98 102 104 108 112 130 132 136 138 142 148 160
0 1 2 3 4 88 6 7 8 9 10 80 81 58 77 89 15 16 17 18 20 21 22 23 24 25 27 28 30 32 33 34 35 36 37 38 39 40 63 64 65 67 70 71 72 74 43 44 46 47 48 49 50 51 52 78 79 59 60 61 62
10 48 62 118 154


0 1 0 147 5 -1 -1 1
1 1 0 147 2 -1 2 1
2 1 0 147 2 -1 2 1
3 1 0 147 2 -1 -1 1
4 1 0 158 2 -1 -1 1
6 1 2 10 2 -1 2 0
7 1 4 4 1 -1 -1 0
8 1 6 8 2 -1 -1 0
9 1 8 10 2 -1 1 0
10 1 10 14 3 81 0 0
15 1 20 22 4 -1 -1 0
16 1 22 24 4 -1 -1 0
17 1 26 28 4 -1 -1 0
18 1 28 36 6 -1 -1 0
20 1 30 32 4 -1 -1 0
21 1 32 34 4 -1 -1 0
22 1 36 38 4 -1 -1 0
23 1 38 42 4 -1 -1 0
24 1 40 42 4 -1 -1 0
25 1 42 118 6 -1 1 0
27 1 44 46 4 -1 -1 0
28 1 46 62 6 -1 1 0
30 1 48 50 4 -1 0 0
32 1 52 52 2 -1 -1 0
33 1 54 54 2 -1 -1 0
34 1 56 56 2 -1 -1 0
35 1 58 60 4 -1 -1 0
36 1 60 62 4 -1 5 0
37 2 62 76 87 90 8 -1 0 0
38 1 64 66 4 -1 -1 0
39 1 66 68 4 -1 -1 0
40 1 68 70 4 -1 -1 0
43 1 104 108 4 -1 -1 0
44 1 108 110 4 -1 -1 0
46 1 112 112 2 -1 -1 0
47 1 114 116 4 -1 -1 0
48 1 116 118 4 -1 5 0
49 1 118 126 4 -1 0 0
50 1 120 120 2 -1 -1 0
51 1 122 124 4 -1 -1 0
52 2 124 129 132 132 6 78 -1 0
58 2 16 16 144 147 4 77 -1 0
59 1 148 148 1 -1 -1 0
60 1 150 152 2 -1 -1 0
61 1 152 154 2 -1 1 0
62 1 154 156 2 -1 0 0
63 1 76 78 4 -1 -1 0
64 1 78 84 6 -1 -1 0
65 1 80 82 4 -1 -1 0
67 1 84 86 4 -1 -1 0
70 1 90 92 4 -1 -1 0
71 1 92 98 6 -1 -1 0
72 1 94 96 4 -1 -1 0
74 1 98 100 4 -1 -1 0
77 1 16 144 10 58 -1 0
78 2 132 135 138 138 4 81 -1 0
79 1 138 142 4 81 -1 0
80 2 14 14 142 147 4 81 -1 0
81 5 14 118 129 132 135 138 142 142 147 154 11 80 2 0
88 1 0 2 2 -1 -1 0
89 1 18 20 4 -1 -1 0
144 20 78 5 0 0 84 78
0 28 36 40 48 52 60 66 72 76 82 86 90 110 116 148 150 156 162 188 216
0 1 2 3 4 6 7 140 14 141 16 96 97 106 107 130 131 132 27 114 11 99 100 102 104 108 109 110 19 20 30 34 35 36 37 38 39 40 41 42 43 124 56 58 63 112 142 50 143 52 53 54 57 59 61 125 115 127 138 139 68 111 71 73 74 75 81 82 128 86 87 88 89 90 91 93 94 95
76 86 92 94 96


0 1 0 4 2 -1 -1 1
1 1 0 202 3 -1 -1 1
2 1 0 214 3 -1 -1 1
3 1 0 2 2 -1 -1 0
4 2 2 147 150 150 8 115 -1 0
6 1 4 6 2 -1 -1 0
7 1 6 204 11 111 -1 0
11 1 32 34 4 -1 -1 0
14 1 10 76 5 -1 2 0
16 1 14 24 2 -1 -1 0
19 1 60 62 4 110 -1 0
20 1 62 64 4 -1 -1 0
27 2 30 30 66 71 4 114 -1 0
30 1 72 74 2 -1 -1 0
34 1 76 104 5 -1 0 0
35 1 78 80 2 -1 -1 0
36 1 82 84 2 -1 -1 0
37 1 86 86 1 -1 0 0
38 1 90 94 3 -1 2 0
39 1 92 100 3 -1 2 0
40 1 94 94 1 -1 0 0
41 1 96 150 6 115 0 0
42 1 98 100 2 -1 -1 0
43 1 102 104 2 -1 -1 0
50 1 120 122 4 -1 -1 0
52 1 126 130 4 -1 -1 0
53 1 128 138 6 -1 -1 0
54 1 130 140 4 -1 -1 0
56 1 110 147 3 -1 -1 0
57 1 132 134 4 -1 -1 0
58 1 112 147 3 -1 -1 0
59 1 136 138 4 -1 -1 0
61 1 138 140 4 -1 -1 0
63 2 116 116 142 147 6 112 -1 0
68 2 162 162 164 187 10 111 -1 0
71 1 166 176 6 -1 -1 0
73 1 170 180 6 -1 -1 0
74 1 172 174 4 -1 -1 0
75 1 174 182 4 -1 -1 0
81 1 178 180 4 -1 -1 0
82 1 180 182 4 -1 -1 0
86 1 188 190 2 -1 -1 0
87 1 190 192 2 -1 -1 0
88 1 194 196 2 -1 -1 0
89 1 196 200 2 -1 -1 0
90 1 198 200 2 -1 -1 0
91 1 200 202 2 -1 -1 0
93 1 204 212 2 -1 -1 0
94 1 206 208 2 -1 -1 0
95 1 210 212 2 -1 -1 0
96 1 16 18 2 -1 -1 0
97 1 18 71 5 -1 -1 0
99 1 40 42 4 -1 -1 0
100 1 42 48 6 -1 -1 0
102 1 44 46 4 -1 -1 0
104 1 48 50 4 -1 -1 0
106 1 20 22 2 -1 -1 0
107 1 22 71 3 -1 -1 0
108 1 52 54 4 -1 -1 0
109 1 54 56 4 -1 -1 0
110 1 56 60 4 19 -1 0
111 1 162 178 8 7 -1 0
112 1 116 142 10 63 -1 0
114 2 30 66 71 198 13 27 -1 0
115 1 150 208 6 4 -1 0
124 1 106 108 2 -1 -1 0
125 1 144 146 4 -1 -1 0
127 1 152 154 2 -1 -1 0
128 1 184 186 4 -1 -1 0
130 1 24 28 3 131 -1 0
131 1 28 68 8 130 -1 0
132 2 28 28 68 71 4 131 -1 0
138 1 156 187 3 -1 -1 0
139 1 158 187 3 -1 -1 0
140 1 8 10 2 -1 -1 0
141 1 12 14 2 -1 -1 0
142 1 118 120 4 -1 -1 0
143 1 124 126 4 -1 -1 0
9 5 9 0 0 0 11 9
0 8 14 18 24 26
0 1 2 3 4 5 6 7 8



0 2 0 8 13 18 3 -1 -1 1
1 1 0 2 2 -1 -1 0
2 2 2 7 13 14 3 -1 -1 0
3 1 4 6 2 -1 -1 0
4 1 8 10 2 -1 -1 0
5 1 10 12 2 -1 -1 0
6 1 14 16 2 -1 -1 0
7 1 18 20 2 -1 -1 0
8 1 20 22 2 -1 -1 0
38 7 17 0 0 0 17 17
0 20 24 28 32 34 38 44
0 1 2 3 8 9 11 12 5 6 14 17 24 27 35 36 37



0 1 0 12 2 -1 -1 1
1 1 0 8 2 -1 -1 1
2 1 0 2 2 -1 -1 0
3 1 2 28 3 -1 -1 0
5 1 12 14 2 -1 -1 0
6 1 14 16 2 -1 -1 0
8 1 4 6 2 -1 -1 0
9 1 6 20 3 -1 -1 0
11 1 8 10 2 -1 -1 0
12 1 10 24 2 -1 -1 0
14 1 16 18 2 -1 -1 0
17 1 20 22 2 -1 -1 0
24 1 24 26 2 -1 -1 0
27 1 28 30 2 -1 -1 0
35 1 34 38 2 36 -1 0
36 1 38 40 2 35 -1 0
37 1 40 42 2 -1 -1 0
6 1 5 1 0 0 5 5
0 2
0 1 2 3 4
0


0 1 0 0 1 -1 2 1
1 1 0 0 1 -1 1 1
2 1 0 0 1 -1 5 1
3 1 0 0 1 -1 4 1
4 1 0 0 1 -1 8 1
39 5 36 5 0 0 41 36
0 28 30 34 60 78
0 1 2 3 4 5 6 7 8 9 10 11 12 13 14 16 17 18 19 20 21 22 23 24 25 26 27 28 29 30 31 34 35 36 37 38
18 54 56 70 74


0 1 0 18 1 -1 2 1
1 3 0 27 29 56 59 74 3 -1 1 1
2 1 0 0 1 -1 -1 0
3 1 2 2 1 -1 -1 0
4 1 4 4 1 -1 -1 0
5 1 6 6 1 -1 -1 0
6 1 8 8 1 -1 -1 0
7 1 10 10 1 -1 -1 0
8 1 12 12 1 -1 -1 0
9 1 14 16 2 -1 -1 0
10 1 16 18 2 -1 1 0
11 3 18 27 29 34 59 62 5 -1 0 0
12 1 20 22 2 -1 -1 0
13 2 22 27 29 30 3 -1 -1 0
14 1 24 26 2 -1 -1 0
16 1 30 32 2 -1 -1 0
17 1 34 54 2 -1 2 0
18 1 36 36 1 -1 -1 0
19 1 38 38 1 -1 -1 0
20 1 40 40 1 -1 -1 0
21 1 42 42 1 -1 -1 0
22 1 44 44 1 -1 -1 0
23 1 46 46 1 -1 -1 0
24 1 48 48 1 -1 -1 0
25 1 50 52 2 -1 -1 0
26 1 52 54 2 -1 1 0
27 1 54 56 2 -1 2 0
28 1 56 56 1 -1 0 0
29 1 60 66 2 -1 -1 0
30 1 62 64 2 -1 -1 0
31 1 64 72 2 -1 -1 0
34 1 66 68 2 -1 -1 0
35 1 68 70 2 -1 1 0
36 1 70 70 1 -1 0 0
37 1 72 74 2 -1 2 0
38 1 74 74 1 -1 0 0
148 18 76 11 0 0 80 76
0 12 16 20 40 44 48 68 78 80 84 90 94 96 198 210 212 226 230
0 1 4 5 6 7 9 10 11 12 13 14 15 16 17 147 20 21 23 24 25 26 27 31 47 34 35 36 37 50 141 142 143 60 139 62 64 67 69 72 74 77 79 82 84 87 89 92 94 97 99 102 104 107 109 112 114 117 119 122 124 127 129 132 134 137 145 53 57 55 59 40 44 38 49 41
6 16 22 24 26 44 48 50 52 62 226


0 1 0 6 3 -1 -1 1
1 1 0 226 1 -1 4 1
4 1 0 2 2 -1 -1 0
5 1 2 225 16 -1 -1 0
6 1 4 226 3 -1 2 0
7 1 6 226 2 -1 1 0
9 1 8 10 2 -1 -1 0
10 1 12 14 2 -1 -1 0
11 1 16 16 1 -1 0 0
12 1 20 50 5 -1 2 0
13 1 22 30 3 -1 2 0
14 1 24 24 1 -1 0 0
15 1 26 226 5 -1 1 0
16 1 28 30 2 -1 -1 0
17 1 32 34 2 -1 -1 0
20 1 40 42 2 -1 -1 0
21 1 44 44 1 -1 0 0
23 1 48 56 3 -1 2 0
24 1 50 50 1 -1 0 0
25 1 52 228 7 -1 8 0
26 1 54 56 2 -1 -1 0
27 1 58 60 2 -1 -1 0
31 1 62 62 1 -1 0 0
34 1 68 70 2 -1 -1 0
35 2 70 83 209 225 4 -1 -1 0
36 1 72 74 2 -1 -1 0
37 1 74 225 37 -1 -1 0
38 1 216 218 4 -1 -1 0
40 2 212 212 220 225 6 44 -1 0
41 1 226 226 1 -1 0 0
44 1 212 220 10 40 -1 0
47 1 64 66 2 -1 -1 0
49 1 222 224 4 -1 -1 0
50 1 80 82 2 -1 -1 0
53 1 198 204 8 57 -1 0
55 1 200 202 4 -1 -1 0
57 2 198 198 204 209 6 53 -1 0
59 1 206 208 4 -1 -1 0
60 1 96 192 38 139 -1 0
62 1 98 100 4 -1 -1 0
64 1 102 106 6 -1 -1 0
67 1 104 106 4 -1 -1 0
69 1 108 112 6 -1 -1 0
72 1 110 112 4 -1 -1 0
74 1 114 118 6 -1 -1 0
77 1 116 118 4 -1 -1 0
79 1 120 124 6 -1 -1 0
82 1 122 124 4 -1 -1 0
84 1 126 130 6 -1 -1 0
87 1 128 130 4 -1 -1 0
89 1 132 136 6 -1 -1 0
92 1 134 136 4 -1 -1 0
94 1 138 142 6 -1 -1 0
97 1 140 142 4 -1 -1 0
99 1 144 148 6 -1 -1 0
102 1 146 148 4 -1 -1 0
104 1 150 154 6 -1 -1 0
107 1 152 154 4 -1 -1 0
109 1 156 160 6 -1 -1 0
112 1 158 160 4 -1 -1 0
114 1 162 166 6 -1 -1 0
117 1 164 166 4 -1 -1 0
119 1 168 172 6 -1 -1 0
122 1 170 172 4 -1 -1 0
124 1 174 178 6 -1 -1 0
127 1 176 178 4 -1 -1 0
129 1 180 184 6 -1 -1 0
132 1 182 184 4 -1 -1 0
134 1 186 190 6 -1 -1 0
137 1 188 190 4 -1 -1 0
139 2 96 96 192 198 8 60 -1 0
141 1 84 197 5 -1 -1 0
142 1 86 88 2 -1 -1 0
143 1 90 92 2 -1 -1 0
145 1 194 196 4 -1 -1 0
147 1 36 38 2 -1 -1 0
162 39 64 7 0 0 91 64
0 16 20 24 26 34 44 46 52 62 64 70 74 76 80 82 88 92 94 98 118 120 128 132 138 142 144 148 150 154 156 158 166 170 172 174 182 190 200 202
0 1 2 156 4 6 7 9 11 14 17 19 157 27 28 32 33 34 35 39 43 47 48 49 50 54 57 59 160 68 71 161 74 158 103 105 106 108 109 111 112 147 137 141 138 139 119 120 121 122 123 126 128 148 150 82 83 86 159 88 89 98 99 100
8 10 128 132 138 174 176


0 3 0 23 25 73 75 165 7 -1 2 1
1 4 0 23 25 73 75 171 173 176 3 -1 1 1
2 4 0 23 25 73 75 171 173 174 2 -1 1 1
4 4 2 23 25 73 75 171 173 176 5 -1 2 0
6 1 4 6 2 -1 -1 0
7 4 6 23 25 73 75 171 173 190 6 -1 -1 0
9 3 8 23 25 73 75 94 6 74 0 0
11 4 10 23 25 73 75 91 94 94 6 74 0 0
14 1 12 14 2 -1 -1 0
17 1 16 18 2 -1 -1 0
19 1 20 22 2 -1 -1 0
27 1 28 48 3 -1 -1 0
28 1 30 32 2 -1 -1 0
32 1 34 36 2 -1 -1 0
33 1 36 38 2 -1 -1 0
34 1 38 40 2 -1 -1 0
35 2 40 43 46 46 2 39 -1 0
39 2 46 73 75 88 5 35 -1 0
43 1 48 50 2 -1 -1 0
47 1 52 54 2 -1 -1 0
48 1 54 56 2 -1 -1 0
49 1 56 58 2 -1 -1 0
50 2 58 61 64 64 2 54 -1 0
54 2 64 73 75 82 3 50 -1 0
57 1 66 68 2 -1 -1 0
59 1 70 72 2 -1 -1 0
68 2 82 171 173 196 5 39 1 0
71 1 84 86 2 -1 -1 0
74 1 94 165 3 11 -1 0
82 1 174 174 1 -1 0 0
83 1 176 194 4 -1 0 0
86 1 178 180 2 -1 -1 0
88 1 184 186 2 -1 -1 0
89 1 186 188 2 -1 -1 0
98 1 190 192 2 -1 -1 0
99 1 192 194 2 -1 -1 0
100 1 194 196 2 -1 -1 0
103 1 100 165 4 -1 2 0
105 1 102 104 2 -1 -1 0
106 1 104 165 3 -1 2 0
108 1 106 108 2 -1 -1 0
109 1 108 165 3 -1 1 0
111 1 110 112 2 -1 -1 0
112 1 112 165 4 -1 -1 0
119 1 124 126 4 -1 -1 0
120 1 128 130 4 -1 0 0
121 1 132 134 4 -1 0 0
122 1 134 136 4 -1 -1 0
123 1 138 140 4 -1 0 0
126 2 144 147 150 150 4 128 -1 0
128 1 150 154 4 126 -1 0
137 2 120 120 160 165 6 141 -1 0
138 2 122 122 158 166 5 139 -1 0
139 1 122 158 6 138 -1 0
141 1 120 160 10 137 5 0
147 1 114 116 2 -1 -1 0
148 1 162 164 4 -1 -1 0
150 1 166 170 2 138 -1 0
156 1 0 2 2 -1 -1 0
157 1 26 28 2 -1 -1 0
158 1 98 100 2 -1 -1 0
159 1 182 184 2 -1 -1 0
160 1 76 78 2 -1 -1 0
161 1 88 90 2 -1 -1 0
32 4 16 0 0 0 21 16
0 2 12 14 42
0 1 2 21 25 31 4 5 10 11 12 15 16 17 18 19



0 2 0 11 13 41 4 -1 -1 1
1 2 0 11 13 41 4 -1 -1 1
2 1 0 2 2 25 -1 1
4 2 6 11 13 14 6 -1 -1 0
5 1 8 10 4 -1 -1 0
10 1 16 18 4 -1 -1 0
11 1 18 20 4 -1 -1 0
12 1 20 22 4 -1 -1 0
15 1 24 26 4 -1 -1 0
16 1 26 28 4 -1 -1 0
17 1 30 32 4 -1 -1 0
18 1 32 34 4 -1 -1 0
19 1 34 36 4 -1 -1 0
21 2 2 2 38 41 4 25 -1 0
25 2 2 11 13 38 16 21 -1 0
31 1 4 6 4 -1 -1 0
135 27 60 5 0 0 89 60
0 12 16 20 22 28 30 48 58 60 104 108 112 116 118 122 126 128 130 134 138 142 146 148 154 156 162 164
0 1 2 3 4 5 6 7 8 9 10 11 12 13 14 16 19 21 28 29 128 33 129 35 36 37 39 45 46 48 130 74 131 76 77 78 132 82 133 84 85 86 93 94 101 102 105 108 111 114 117 118 122 124 57 63 64 134 67 69
0 4 22 138 158


0 3 0 19 21 27 29 158 4 -1 2 1
1 3 0 19 21 27 29 158 3 -1 1 1
2 3 0 19 21 27 29 158 3 -1 5 1
3 3 0 19 21 27 29 158 3 -1 4 1
4 3 0 19 21 27 29 138 2 -1 2 1
5 3 0 19 21 27 29 138 2 -1 1 1
6 3 0 19 21 27 29 138 2 -1 5 1
7 2 0 19 21 22 2 -1 1 1
8 2 0 19 21 22 2 -1 1 1
9 3 0 19 21 27 29 138 2 -1 3 1
10 3 0 19 21 27 29 138 2 -1 -1 1
11 3 0 19 21 27 29 150 13 12 8 0
12 3 2 19 21 27 29 156 3 11 -1 0
13 3 4 19 21 27 29 150 13 14 3 0
14 4 6 19 21 27 29 153 156 156 3 13 -1 0
16 1 8 10 2 -1 -1 0
19 1 12 14 2 -1 -1 0
21 1 16 18 2 -1 -1 0
28 1 22 24 2 -1 0 0
29 1 24 26 2 -1 -1 0
33 1 32 48 3 -1 -1 0
35 1 38 50 3 -1 -1 0
36 1 40 42 2 -1 -1 0
37 1 42 44 2 -1 -1 0
39 1 44 46 2 -1 -1 0
45 1 50 52 2 -1 -1 0
46 1 52 54 2 -1 -1 0
48 1 54 56 2 -1 -1 0
57 1 138 140 2 -1 0 0
63 1 142 144 2 -1 -1 0
64 1 148 158 2 12 8 0
67 1 156 158 2 14 3 0
69 1 158 158 1 -1 0 0
74 1 62 88 3 -1 -1 0
76 1 68 90 3 -1 -1 0
77 1 70 72 2 -1 -1 0
78 1 72 134 3 -1 -1 0
82 1 76 94 3 -1 -1 0
84 1 82 96 3 -1 -1 0
85 1 84 86 2 -1 -1 0
86 1 86 130 3 -1 -1 0
93 1 90 92 2 -1 -1 0
94 1 92 130 3 -1 -1 0
101 1 96 98 2 -1 -1 0
102 1 98 134 3 -1 -1 0
105 1 100 102 2 -1 -1 0
108 1 104 106 2 -1 -1 0
111 1 108 110 2 -1 -1 0
114 1 112 114 2 -1 -1 0
117 1 118 122 2 118 -1 0
118 1 122 128 2 117 -1 0
122 1 130 132 2 -1 -1 0
124 1 134 136 2 -1 -1 0
128 1 30 32 2 -1 -1 0
129 1 36 38 2 -1 -1 0
130 1 60 62 2 -1 -1 0
131 1 66 68 2 -1 -1 0
132 1 74 76 2 -1 -1 0
133 1 80 82 2 -1 -1 0
134 1 150 152 2 -1 -1 0
12 6 3 0 0 0 3 3
0 6 8 10 12 14 16
0 1 2



0 1 0 0 1 -1 -1 1
1 1 0 2 2 -1 -1 0
2 1 2 4 2 -1 -1 0
44 13 33 1 0 0 38 33
0 10 18 22 24 26 30 32 36 76 82 90 92 94
0 1 2 3 5 6 7 9 10 11 12 13 16 18 19 20 22 23 24 25 26 27 28 29 30 39 40 41 42 43 32 34 36
72


0 1 0 91 4 -1 -1 1
1 1 0 91 2 -1 2 1
2 1 0 91 2 -1 5 1
3 1 0 91 2 -1 4 1
5 2 0 76 78 91 11 34 -1 0
6 1 2 4 2 7 -1 0
7 2 4 81 84 92 4 6 -1 0
9 2 6 81 86 91 5 -1 -1 0
10 1 10 12 4 -1 -1 0
11 1 12 14 4 -1 -1 0
12 1 14 16 4 -1 -1 0
13 1 18 20 4 -1 -1 0
16 2 26 29 32 32 4 18 -1 0
18 1 32 34 4 16 -1 0
19 1 36 38 4 -1 -1 0
20 1 38 46 6 -1 -1 0
22 1 40 42 4 -1 -1 0
23 1 42 44 4 -1 -1 0
24 1 46 48 4 -1 -1 0
25 1 48 50 4 -1 -1 0
26 1 50 52 4 -1 -1 0
27 1 52 54 4 28 -1 0
28 2 54 75 81 82 6 27 1 0
29 1 56 58 4 -1 -1 0
30 1 58 72 6 -1 8 0
32 1 72 74 4 -1 0 0
34 1 76 78 4 5 -1 0
36 1 82 84 4 7 -1 0
39 1 60 62 4 -1 -1 0
40 1 62 64 4 -1 -1 0
41 1 64 66 4 -1 -1 0
42 1 66 70 4 -1 -1 0
43 1 68 70 4 -1 -1 0
80 40 3 0 0 0 3 3
0 6 8 10 12 14 16 18 20 22 24 26 28 30 32 34 36 38 40 42 44 46 48 50 52 54 56 58 60 62 64 66 68 70 72 74 76 78 80 82 84
0 1 2



0 1 0 0 1 -1 -1 1
1 1 0 2 2 -1 -1 0
2 1 2 4 2 -1 -1 0
27 1 20 1 0 0 20 20
0 38
0 1 2 3 6 8 9 22 23 24 25 26 11 12 13 14 15 19 20 21
26


0 1 0 26 1 -1 2 1
1 1 0 0 1 -1 -1 1
2 1 0 26 1 -1 8 1
3 1 0 36 2 -1 -1 1
6 1 0 26 2 -1 1 0
8 1 2 4 2 -1 -1 0
9 1 4 26 3 -1 4 0
11 1 18 18 1 -1 -1 0
12 1 20 20 1 -1 -1 0
13 1 22 24 2 -1 -1 0
14 1 24 26 2 -1 3 0
15 1 26 28 2 -1 0 0
19 1 28 30 2 -1 -1 0
20 1 30 34 2 -1 -1 0
21 1 32 34 2 -1 -1 0
22 1 6 8 2 -1 -1 0
23 1 8 10 2 -1 -1 0
24 1 10 12 2 -1 -1 0
25 1 12 16 2 -1 -1 0
26 1 14 16 2 -1 -1 0
26 11 2 0 0 0 3 2
0 4 6 8 10 12 14 16 18 20 22 24
0 2



0 2 0 3 5 6 2 -1 -1 1
2 1 0 2 2 -1 -1 0
305 46 147 0 0 0 202 147
0 4 62 66 70 74 78 82 86 90 102 120 122 150 166 176 198 202 216 218 222 228 230 236 244 252 254 262 276 300 302 332 348 358 384 388 404 406 410 416 418 424 432 440 442 450 454
0 1 2 3 4 5 6 7 207 210 15 211 17 212 34 213 36 214 41 215 43 216 48 217 50 92 93 94 95 148 149 150 151 154 155 156 157 231 230 229 228 227 226 225 238 286 239 287 289 241 242 290 291 244 245 292 246 282 247 283 248 249 250 293 252 253 254 255 256 257 294 259 260 261 295 263 264 296 266 267 268 269 270 272 273 274 275 276 277 278 279 280 281 284 288 192 193 179 186 297 19 21 298 299 44 45 300 190 191 180 181 55 62 63 301 71 74 80 81 82 84 302 96 97 100 303 107 109 304 122 128 129 135 137 146 152 158 160 187 188 184 189 185 172 204 208 209



0 1 0 449 7 -1 -1 1
1 1 0 24 2 -1 -1 1
2 1 0 40 2 -1 -1 1
3 1 0 8 2 -1 -1 1
4 1 0 16 2 -1 -1 1
5 1 0 32 2 -1 -1 1
6 1 0 48 2 -1 -1 1
7 1 0 56 2 -1 -1 1
15 1 6 449 21 -1 -1 0
17 1 10 449 33 -1 -1 0
19 1 270 272 4 -1 -1 0
21 1 272 274 4 -1 -1 0
34 1 14 449 21 -1 -1 0
36 1 18 449 21 -1 -1 0
41 1 22 449 17 -1 -1 0
43 1 26 449 21 -1 -1 0
44 1 288 290 4 -1 -1 0
45 1 290 296 4 -1 -1 0
48 2 30 89 261 449 13 -1 -1 0
50 1 34 449 29 -1 -1 0
55 3 306 334 423 431 434 434 28 180 -1 0
62 1 310 312 8 -1 -1 0
63 3 312 357 383 392 423 426 20 -1 -1 0
71 1 318 340 20 -1 -1 0
74 1 320 324 12 -1 -1 0
80 1 324 326 8 -1 -1 0
81 1 326 328 8 -1 -1 0
82 1 328 330 8 -1 -1 0
84 1 332 336 8 -1 -1 0
92 1 36 38 2 -1 -1 0
93 1 38 449 9 -1 -1 0
94 1 40 42 2 -1 -1 0
95 1 42 449 9 -1 -1 0
96 1 340 342 8 -1 -1 0
97 2 342 370 383 398 36 -1 -1 0
100 1 344 346 8 -1 -1 0
107 2 352 357 383 384 12 -1 -1 0
109 1 354 356 8 -1 -1 0
122 1 364 366 8 -1 -1 0
128 1 370 372 8 -1 -1 0
129 1 372 378 8 -1 -1 0
135 1 376 378 8 -1 -1 0
137 2 380 383 412 412 8 184 -1 0
146 1 384 386 8 -1 -1 0
148 1 44 46 2 -1 -1 0
149 1 46 449 10 -1 -1 0
150 1 48 50 2 -1 -1 0
151 1 50 449 9 -1 -1 0
152 1 390 392 8 -1 -1 0
154 1 52 54 2 -1 -1 0
155 2 54 89 261 449 6 -1 -1 0
156 1 56 58 2 -1 -1 0
157 1 58 449 9 -1 -1 0
158 1 396 398 8 -1 -1 0
160 2 400 403 406 406 8 187 -1 0
172 1 426 428 8 -1 -1 0
179 2 264 264 444 449 6 186 -1 0
180 2 304 304 434 439 12 181 -1 0
181 5 304 380 383 409 412 412 415 417 420 420 36 180 -1 0
184 2 412 415 420 420 8 181 -1 0
185 2 420 423 434 434 8 181 -1 0
186 1 264 444 16 179 -1 0
187 1 406 410 8 191 -1 0
188 2 410 415 418 418 8 187 -1 0
189 2 418 423 432 432 8 191 -1 0
190 3 302 302 432 439 442 442 10 191 -1 0
191 5 302 400 403 406 410 410 415 418 423 432 40 193 -1 0
192 2 262 262 442 450 5 193 -1 0
193 2 262 302 439 442 8 192 -1 0
204 1 436 438 8 -1 -1 0
207 1 0 2 2 -1 -1 0
208 1 446 448 4 -1 -1 0
209 1 450 452 2 192 -1 0
210 1 4 6 2 -1 -1 0
211 1 8 10 2 -1 -1 0
212 1 12 14 2 -1 -1 0
213 1 16 18 2 -1 -1 0
214 1 20 22 2 -1 -1 0
215 1 24 26 2 -1 -1 0
216 1 28 30 2 -1 -1 0
217 1 32 34 2 -1 -1 0
225 1 86 88 2 -1 -1 0
226 1 82 84 2 -1 -1 0
227 1 78 80 2 -1 -1 0
228 1 74 76 2 -1 -1 0
229 1 70 72 2 -1 -1 0
230 1 66 68 2 -1 -1 0
231 1 62 64 2 -1 -1 0
238 2 90 122 251 254 8 286 -1 0
239 1 92 256 12 287 -1 0
241 1 96 98 4 -1 -1 0
242 1 98 100 4 -1 -1 0
244 1 110 112 4 -1 -1 0
245 1 112 116 4 -1 -1 0
246 5 122 212 215 218 222 222 227 230 235 244 36 238 -1 0
247 5 124 194 197 221 224 224 227 229 232 232 32 283 -1 0
248 3 126 152 235 243 246 246 24 283 -1 0
249 1 130 132 8 -1 -1 0
250 3 132 175 197 206 235 238 20 -1 -1 0
252 1 136 158 20 -1 -1 0
253 1 138 142 12 -1 -1 0
254 1 142 144 8 -1 -1 0
255 1 144 146 8 -1 -1 0
256 1 146 148 8 -1 -1 0
257 1 150 154 8 -1 -1 0
259 1 158 160 8 -1 -1 0
260 2 160 186 197 210 32 -1 -1 0
261 1 162 164 8 -1 -1 0
263 2 170 175 197 198 12 -1 -1 0
264 1 172 174 8 -1 -1 0
266 1 182 184 8 -1 -1 0
267 1 186 188 8 -1 -1 0
268 1 188 192 8 -1 -1 0
269 1 190 192 8 -1 -1 0
270 2 194 197 224 224 8 278 -1 0
272 1 198 200 8 -1 -1 0
273 1 204 206 8 -1 -1 0
274 1 208 210 8 -1 -1 0
275 2 212 215 218 218 8 276 -1 0
276 1 218 222 8 246 -1 0
277 2 222 227 230 230 8 276 -1 0
278 2 224 227 232 232 8 247 -1 0
279 2 230 235 244 244 8 246 -1 0
280 2 232 235 246 246 8 247 -1 0
281 1 238 240 8 -1 -1 0
282 3 122 122 244 251 254 254 10 246 -1 0
283 2 124 124 246 251 12 247 -1 0
284 1 248 250 8 -1 -1 0
286 3 90 90 254 261 450 450 5 238 -1 0
287 2 92 92 256 261 6 239 -1 0
288 1 258 260 4 -1 -1 0
289 1 94 96 4 -1 -1 0
290 1 102 104 4 -1 -1 0
291 1 106 108 4 -1 -1 0
292 1 114 116 4 -1 -1 0
293 1 134 136 8 -1 -1 0
294 1 152 154 8 -1 -1 0
295 1 168 170 8 -1 -1 0
296 1 176 178 8 -1 -1 0
297 1 268 270 4 -1 -1 0
298 1 276 278 4 -1 -1 0
299 1 282 284 4 -1 -1 0
300 1 294 296 4 -1 -1 0
301 1 316 318 8 -1 -1 0
302 1 334 336 8 -1 -1 0
303 1 350 352 8 -1 -1 0
304 1 358 360 8 -1 -1 0
64 10 29 0 0 0 39 29
0 6 20 24 26 40 46 48 64 70 74
0 1 2 33 36 3 4 56 12 57 14 39 40 53 41 51 62 44 45 55 28 31 29 30 63 16 17 37 38



0 1 0 6 1 -1 -1 1
1 1 0 0 1 33 -1 1
2 1 0 69 6 -1 -1 1
3 1 6 8 2 -1 -1 0
4 1 8 14 3 -1 -1 0
12 2 12 23 45 69 4 -1 -1 0
14 1 16 69 5 -1 -1 0
16 1 56 60 6 -1 -1 0
17 1 58 60 4 -1 -1 0
28 2 48 48 64 69 6 31 -1 0
29 2 50 50 60 70 5 30 -1 0
30 1 50 60 6 33 -1 0
31 1 48 64 8 28 -1 0
33 5 0 25 28 28 45 47 50 50 70 70 6 1 -1 0
36 1 2 4 2 -1 -1 0
37 1 66 68 4 -1 -1 0
38 1 70 72 2 33 -1 0
39 1 20 22 2 -1 -1 0
40 1 26 40 6 53 -1 0
41 1 28 36 6 33 -1 0
44 1 32 36 6 -1 -1 0
45 1 34 36 4 -1 -1 0
51 3 28 28 36 45 70 70 5 41 -1 0
53 2 26 26 40 45 6 40 -1 0
55 1 42 44 4 -1 -1 0
56 1 10 12 2 -1 -1 0
57 1 14 16 2 -1 -1 0
62 1 30 32 4 -1 -1 0
63 1 54 56 4 -1 -1 0
36 4 13 0 0 0 13 13
0 4 12 28 30
0 1 2 4 33 6 7 30 17 34 19 20 35



0 1 0 12 2 -1 -1 1
1 1 0 22 4 -1 -1 1
2 1 0 20 1 -1 -1 1
4 1 0 2 2 -1 -1 0
6 1 6 8 2 -1 -1 0
7 1 8 10 2 -1 -1 0
17 1 14 22 3 -1 -1 0
19 1 18 20 2 -1 -1 0
20 1 20 24 2 -1 -1 0
30 1 12 14 2 -1 -1 0
33 1 4 6 2 -1 -1 0
34 1 16 18 2 -1 -1 0
35 1 22 24 2 -1 -1 0
68 9 27 0 0 0 32 27
0 6 8 16 34 42 50 60 62 70
0 1 2 60 62 50 55 7 10 13 14 17 19 21 24 25 26 27 30 67 32 33 43 44 45 49 64



0 2 0 5 7 69 4 -1 -1 1
1 2 0 5 8 8 3 55 -1 1
2 2 0 5 7 69 2 -1 -1 1
7 1 10 18 8 -1 -1 0
10 1 12 14 4 -1 -1 0
13 1 16 18 4 -1 -1 0
14 1 18 20 4 -1 -1 0
17 1 20 22 4 -1 -1 0
19 1 22 24 4 -1 -1 0
21 1 24 28 6 -1 -1 0
24 1 28 30 4 -1 -1 0
25 1 30 34 4 26 -1 0
26 1 34 36 4 25 -1 0
27 1 36 54 8 -1 -1 0
30 1 38 40 4 -1 -1 0
32 1 44 46 4 -1 -1 0
33 1 46 48 4 -1 -1 0
43 1 50 52 4 -1 -1 0
44 1 52 54 4 -1 -1 0
45 1 54 56 4 -1 -1 0
49 1 62 64 4 -1 -1 0
50 2 8 8 64 69 6 55 -1 0
55 1 8 64 8 1 -1 0
60 2 0 5 7 69 3 -1 -1 0
62 1 2 4 2 -1 -1 0
64 1 66 68 4 -1 -1 0
67 1 42 44 4 -1 -1 0
3 1 2 0 1 0 2 2
0 4
0 2

0

0 1 0 0 1 -1 -1 1
2 1 0 2 2 -1 -1 0
40 9 20 1 0 0 23 20
0 10 18 22 30 44 48 50 56 58
0 1 2 4 5 27 35 25 34 11 12 19 20 21 22 23 24 28 29 31
38


0 1 0 4 2 -1 -1 1
1 1 0 2 2 -1 -1 0
2 1 2 55 5 -1 -1 0
4 1 4 6 2 -1 -1 0
5 1 6 55 3 -1 -1 0
11 1 14 16 4 -1 -1 0
12 1 18 20 4 -1 -1 0
19 1 22 24 4 -1 -1 0
20 1 24 26 4 -1 -1 0
21 1 30 32 4 -1 -1 0
22 1 32 36 4 -1 -1 0
23 1 34 36 4 -1 -1 0
24 1 36 38 4 -1 2 0
25 2 12 12 50 55 4 34 -1 0
27 2 10 10 52 55 4 35 -1 0
28 1 38 44 6 -1 0 0
29 1 40 42 4 -1 -1 0
31 1 44 46 4 -1 -1 0
34 2 12 21 55 56 5 25 -1 0
35 1 10 52 10 27 -1 0
56 10 24 0 0 0 24 24
0 8 12 20 28 36 40 58 60 62 64
0 1 2 3 4 5 6 9 10 11 12 13 15 53 17 18 20 50 32 36 54 34 37 55



0 1 0 40 2 -1 -1 1
1 1 0 8 2 -1 -1 1
2 1 0 44 2 -1 -1 1
3 1 0 2 2 -1 -1 0
4 1 2 4 2 -1 -1 0
5 1 4 6 2 -1 -1 0
6 1 8 20 3 -1 -1 0
9 1 12 14 2 -1 -1 0
10 1 14 16 2 -1 -1 0
11 1 16 18 2 -1 -1 0
12 1 20 22 2 -1 -1 0
13 1 22 52 5 -1 -1 0
15 1 24 26 2 -1 -1 0
17 1 30 32 2 -1 -1 0
18 1 32 34 2 -1 -1 0
20 1 36 38 2 -1 -1 0
32 1 42 52 3 -1 -1 0
34 1 48 50 2 -1 -1 0
36 1 44 50 2 -1 -1 0
37 1 50 54 2 -1 -1 0
50 1 40 42 2 -1 -1 0
53 1 28 30 2 -1 -1 0
54 1 46 48 2 -1 -1 0
55 1 52 54 2 -1 -1 0
15 1 15 3 0 0 15 15
0 30
0 1 2 3 4 5 6 7 8 9 10 11 12 13 14
4 14 24


0 1 0 24 2 -1 2 1
1 1 0 28 2 -1 -1 1
2 1 0 2 2 -1 -1 0
3 1 2 4 2 -1 2 0
4 1 4 14 2 -1 2 0
5 1 6 6 1 -1 -1 0
6 1 8 8 1 -1 -1 0
7 1 10 12 2 -1 -1 0
8 1 12 14 2 -1 1 0
9 1 14 24 2 -1 1 0
10 1 16 16 1 -1 -1 0
11 1 18 18 1 -1 -1 0
12 1 20 22 2 -1 -1 0
13 1 22 24 2 -1 5 0
14 1 24 26 2 -1 0 0
22 5 15 2 0 0 15 15
0 16 32 34 36 38
0 1 2 3 4 15 16 17 6 7 8 19 20 21 10
12 28


0 1 0 4 1 -1 -1 1
1 1 0 20 1 -1 -1 1
2 1 0 28 2 -1 1 1
3 1 0 2 2 -1 -1 0
4 1 2 12 3 -1 2 0
6 1 12 14 2 -1 0 0
7 1 16 18 2 -1 -1 0
8 1 18 28 3 -1 2 0
10 1 28 30 2 -1 0 0
15 1 4 6 2 -1 -1 0
16 1 6 10 2 -1 -1 0
17 1 8 10 2 -1 -1 0
19 1 20 22 2 -1 -1 0
20 1 22 26 2 -1 -1 0
21 1 24 26 2 -1 -1 0
10 3 8 0 0 0 9 8
0 8 14 20
0 7 8 9 3 4 5 6



0 2 0 8 13 14 3 -1 -1 1
3 1 8 10 2 -1 -1 0
4 1 10 12 2 -1 -1 0
5 1 14 16 2 -1 -1 0
6 1 16 18 2 -1 -1 0
7 1 0 2 2 -1 -1 0
8 1 2 4 2 -1 -1 0
9 1 4 6 2 -1 -1 0
41 9 23 0 0 0 30 23
0 8 12 38 46 48 50 52 60 62
0 1 28 29 35 7 39 40 26 32 8 10 11 12 13 15 16 17 18 19 20 21 37



0 1 0 8 2 -1 -1 1
1 2 0 45 47 59 2 -1 -1 1
7 2 8 45 47 59 3 -1 -1 0
8 1 16 24 6 -1 -1 0
10 1 18 20 4 -1 -1 0
11 1 20 22 4 -1 -1 0
12 1 24 26 4 -1 -1 0
13 1 26 28 4 -1 -1 0
15 1 28 38 6 -1 -1 0
16 1 30 32 4 -1 -1 0
17 1 32 34 4 -1 -1 0
18 1 34 36 4 -1 -1 0
19 1 38 40 4 -1 -1 0
20 1 40 42 4 -1 -1 0
21 1 42 44 4 -1 -1 0
26 2 14 14 52 59 6 32 -1 0
28 1 0 2 2 -1 -1 0
29 2 2 45 47 59 4 -1 -1 0
32 2 14 45 47 52 6 26 -1 0
35 1 4 6 2 -1 -1 0
37 1 56 58 4 -1 -1 0
39 2 12 45 47 54 6 40 -1 0
40 2 12 12 54 59 4 39 -1 0
13 5 10 4 0 0 12 10
0 10 12 22 24 26
0 1 2 3 4 5 7 8 9 10
4 6 16 18


0 2 0 9 11 16 2 -1 2 1
1 2 0 9 11 18 2 -1 1 1
2 1 0 2 2 -1 -1 0
3 1 2 4 2 -1 1 0
4 1 4 6 2 -1 2 0
5 1 6 8 2 -1 0 0
7 1 12 14 2 -1 -1 0
8 1 14 16 2 -1 1 0
9 1 16 18 2 -1 2 0
10 1 18 20 2 -1 0 0
50 12 39 3 0 0 41 39
0 4 18 38 44 46 54 58 60 66 76 90 104
0 1 2 3 4 5 6 7 8 10 11 12 13 14 15 16 17 18 19 20 21 43 44 45 47 22 23 29 30 31 32 33 34 36 37 38 39 40 42
0 28 40


0 2 0 3 17 28 1 -1 2 1
1 1 0 0 1 -1 2 1
2 2 0 3 17 28 2 -1 1 1
3 1 0 102 9 -1 -1 1
4 1 0 2 2 -1 0 0
5 1 4 4 1 -1 -1 0
6 1 6 6 1 -1 -1 0
7 1 8 8 1 -1 -1 0
8 1 10 10 1 -1 -1 0
10 1 12 14 2 -1 -1 0
11 1 18 18 1 -1 -1 0
12 1 20 20 1 -1 -1 0
13 1 22 22 1 -1 -1 0
14 1 24 26 2 -1 -1 0
15 1 26 28 2 -1 5 0
16 1 28 38 3 -1 0 0
17 1 30 32 2 -1 -1 0
18 1 32 34 2 -1 -1 0
19 1 34 36 2 -1 -1 0
20 1 38 72 4 -1 2 0
21 1 40 42 2 -1 0 0
22 1 60 62 2 -1 -1 0
23 1 62 64 2 -1 -1 0
29 1 66 68 2 -1 -1 0
30 1 70 72 2 -1 -1 0
31 1 76 76 1 -1 -1 0
32 1 78 78 1 -1 -1 0
33 1 80 80 1 -1 -1 0
34 1 82 82 1 -1 -1 0
36 1 84 86 2 -1 -1 0
37 1 90 90 1 -1 -1 0
38 1 92 92 1 -1 -1 0
39 1 94 94 1 -1 -1 0
40 1 96 96 1 -1 -1 0
42 1 98 100 2 -1 -1 0
43 1 46 48 2 -1 -1 0
44 1 48 54 3 -1 -1 0
45 1 50 52 2 -1 -1 0
47 1 54 56 2 -1 -1 0
12 1 7 1 0 0 7 7
0 8
0 1 2 3 9 11 6
2


0 1 0 2 1 -1 2 1
1 1 0 0 1 -1 -1 1
2 1 0 2 1 -1 8 1
3 1 0 2 1 -1 3 1
6 1 4 6 2 -1 -1 0
9 1 0 2 2 -1 1 0
11 1 2 4 2 -1 0 0
53 7 52 5 0 0 59 52
0 22 38 42 62 76 78 114
0 1 2 3 4 5 6 7 8 9 10 11 12 13 14 15 16 17 18 20 21 22 23 24 25 26 27 28 29 30 31 32 33 34 35 36 37 38 39 40 41 42 43 44 45 46 47 48 49 50 51 52
12 56 58 94 108


0 1 0 12 1 -1 2 1
1 3 0 21 37 58 61 94 3 -1 1 1
2 3 0 21 37 58 61 94 3 37 5 1
3 1 0 112 6 -1 4 1
4 1 0 0 1 -1 -1 0
5 1 2 2 1 -1 -1 0
6 1 4 4 1 -1 -1 0
7 1 6 6 1 -1 -1 0
8 1 8 10 2 -1 -1 0
9 1 10 12 2 -1 1 0
10 3 12 21 37 42 61 68 6 -1 0 0
11 1 14 16 2 -1 -1 0
12 2 16 21 37 38 3 -1 -1 0
13 1 18 20 2 -1 -1 0
14 1 22 22 1 -1 -1 0
15 1 24 24 1 -1 -1 0
16 1 26 26 1 -1 -1 0
17 1 28 28 1 -1 -1 0
18 1 30 30 1 -1 -1 0
20 1 32 34 2 -1 -1 0
21 1 38 40 2 -1 -1 0
22 1 42 56 2 -1 2 0
23 1 44 44 1 -1 -1 0
24 1 46 46 1 -1 -1 0
25 1 48 48 1 -1 -1 0
26 1 50 50 1 -1 -1 0
27 1 52 54 2 -1 -1 0
28 1 54 56 2 -1 1 0
29 1 56 58 2 -1 2 0
30 1 58 58 1 -1 0 0
31 1 62 108 2 -1 2 0
32 1 64 66 2 -1 -1 0
33 1 66 78 3 37 -1 0
34 1 68 70 2 -1 -1 0
35 1 70 80 2 -1 -1 0
36 1 72 74 2 -1 -1 0
37 1 78 108 2 2 1 0
38 1 80 94 2 -1 2 0
39 1 82 82 1 -1 -1 0
40 1 84 84 1 -1 -1 0
41 1 86 86 1 -1 -1 0
42 1 88 88 1 -1 -1 0
43 1 90 92 2 -1 -1 0
44 1 92 94 2 -1 4 0
45 1 94 108 2 -1 5 0
46 1 96 96 1 -1 -1 0
47 1 98 98 1 -1 -1 0
48 1 100 100 1 -1 -1 0
49 1 102 102 1 -1 -1 0
50 1 104 106 2 -1 -1 0
51 1 106 108 2 -1 4 0
52 1 108 110 2 -1 0 0
205 24 156 12 0 0 162 156
0 16 116 168 186 190 200 204 208 210 216 224 230 232 238 240 246 256 264 266 272 274 316 386 388
0 1 2 3 4 5 6 7 8 9 10 12 13 14 15 16 19 20 21 22 23 24 25 26 27 28 29 30 31 32 141 142 143 34 35 36 37 38 39 40 41 42 43 44 45 46 47 48 49 50 51 52 53 54 55 56 57 58 59 60 61 62 63 64 65 66 67 68 69 70 71 72 73 74 75 76 77 78 79 80 202 84 203 86 87 181 204 153 158 159 184 183 186 199 187 189 190 191 196 201 177 178 154 160 161 162 173 182 89 90 91 92 93 94 95 96 97 98 99 100 101 102 103 104 105 106 107 108 109 111 112 113 114 115 116 117 118 119 120 121 122 123 124 125 126 127 128 129 130 131 132 133 134 135 136 137
0 10 96 104 112 156 164 288 306 338 358 386


0 2 0 315 385 386 2 -1 2 1
1 2 0 370 385 386 12 -1 1 1
2 1 0 271 6 -1 -1 1
3 1 0 10 1 -1 2 1
4 1 0 358 1 -1 5 1
5 2 0 30 115 130 2 -1 -1 1
6 1 0 306 1 -1 1 1
7 1 0 84 3 -1 -1 1
8 1 0 194 2 -1 -1 1
9 1 0 386 8 -1 5 1
10 1 0 288 4 -1 5 0
12 1 2 2 1 -1 -1 0
13 1 4 4 1 -1 -1 0
14 1 6 8 2 -1 -1 0
15 1 8 10 2 -1 1 0
16 1 10 288 2 -1 1 0
19 1 12 14 2 -1 -1 0
20 1 16 16 1 -1 -1 0
21 1 18 18 1 -1 -1 0
22 1 20 22 2 -1 -1 0
23 1 22 48 4 -1 -1 0
24 1 24 26 2 -1 -1 0
25 1 28 30 2 -1 -1 0
26 1 32 32 1 -1 -1 0
27 1 34 34 1 -1 -1 0
28 1 36 36 1 -1 -1 0
29 1 38 40 2 -1 -1 0
30 1 40 112 4 -1 2 0
31 1 42 44 2 -1 -1 0
32 1 46 48 2 -1 -1 0
34 1 56 56 1 -1 -1 0
35 1 58 58 1 -1 -1 0
36 1 60 62 2 -1 -1 0
37 1 62 88 4 -1 -1 0
38 1 64 66 2 -1 -1 0
39 1 68 70 2 -1 -1 0
40 1 72 72 1 -1 -1 0
41 1 74 74 1 -1 -1 0
42 1 76 76 1 -1 -1 0
43 1 78 80 2 -1 -1 0
44 1 80 104 4 -1 2 0
45 1 82 84 2 -1 -1 0
46 1 86 88 2 -1 -1 0
47 1 90 90 1 -1 -1 0
48 1 92 94 2 -1 -1 0
49 1 94 96 2 -1 1 0
50 1 96 104 2 -1 1 0
51 1 98 98 1 -1 -1 0
52 1 100 102 2 -1 -1 0
53 1 102 104 2 -1 5 0
54 1 104 112 2 -1 1 0
55 1 106 106 1 -1 -1 0
56 1 108 110 2 -1 -1 0
57 1 110 112 2 -1 5 0
58 2 112 115 168 168 2 80 0 0
59 1 116 116 1 -1 -1 0
60 1 118 118 1 -1 -1 0
61 1 120 122 2 -1 -1 0
62 1 122 148 4 -1 -1 0
63 1 124 126 2 -1 -1 0
64 1 128 130 2 -1 -1 0
65 1 132 132 1 -1 -1 0
66 1 134 134 1 -1 -1 0
67 1 136 136 1 -1 -1 0
68 1 138 140 2 -1 -1 0
69 1 140 164 4 -1 2 0
70 1 142 144 2 -1 -1 0
71 1 146 148 2 -1 -1 0
72 1 150 150 1 -1 -1 0
73 1 152 154 2 -1 -1 0
74 1 154 156 2 -1 1 0
75 1 156 164 2 -1 1 0
76 1 158 158 1 -1 -1 0
77 1 160 162 2 -1 -1 0
78 1 162 164 2 -1 5 0
79 1 164 168 2 80 0 0
80 1 168 378 2 58 -1 0
84 1 172 271 12 -1 -1 0
86 1 178 271 6 -1 -1 0
87 1 180 182 2 -1 -1 0
89 1 274 274 1 -1 -1 0
90 1 276 276 1 -1 -1 0
91 1 278 278 1 -1 -1 0
92 1 280 280 1 -1 -1 0
93 1 282 282 1 -1 -1 0
94 1 284 286 2 -1 -1 0
95 1 286 288 2 -1 4 0
96 1 288 306 2 -1 2 0
97 1 290 290 1 -1 -1 0
98 1 292 292 1 -1 -1 0
99 1 294 294 1 -1 -1 0
100 1 296 296 1 -1 -1 0
101 1 298 298 1 -1 -1 0
102 1 300 300 1 -1 -1 0
103 1 302 304 2 -1 -1 0
104 1 304 306 2 -1 5 0
105 1 306 316 3 -1 0 0
106 1 308 310 2 -1 -1 0
107 1 310 312 2 -1 -1 0
108 1 312 314 2 -1 -1 0
109 1 316 366 2 -1 -1 0
111 1 318 374 2 -1 -1 0
112 1 320 320 1 -1 -1 0
113 1 322 322 1 -1 -1 0
114 1 324 324 1 -1 -1 0
115 1 326 326 1 -1 -1 0
116 1 328 328 1 -1 -1 0
117 1 330 330 1 -1 -1 0
118 1 332 332 1 -1 -1 0
119 1 334 336 2 -1 -1 0
120 1 336 338 2 -1 2 0
121 1 338 358 2 -1 2 0
122 1 340 340 1 -1 -1 0
123 1 342 342 1 -1 -1 0
124 1 344 344 1 -1 -1 0
125 1 346 346 1 -1 -1 0
126 1 348 348 1 -1 -1 0
127 1 350 350 1 -1 -1 0
128 1 352 352 1 -1 -1 0
129 1 354 356 2 -1 -1 0
130 1 356 358 2 -1 4 0
131 1 358 382 2 -1 0 0
132 1 360 362 2 -1 -1 0
133 1 364 366 2 -1 -1 0
134 1 368 370 2 -1 -1 0
135 1 372 374 2 -1 -1 0
136 1 376 378 2 -1 -1 0
137 1 380 382 2 -1 -1 0
141 1 50 52 2 -1 -1 0
142 1 52 54 2 -1 -1 0
143 1 54 70 2 -1 -1 0
153 1 192 271 8 -1 -1 0
154 1 242 244 4 -1 -1 0
158 1 194 196 2 -1 -1 0
159 1 196 271 5 -1 -1 0
160 1 248 250 4 -1 -1 0
161 1 250 252 4 -1 -1 0
162 1 252 254 4 -1 -1 0
173 1 258 260 4 -1 -1 0
177 2 240 240 266 271 6 178 -1 0
178 1 240 266 14 177 -1 0
181 1 186 188 2 -1 -1 0
182 1 268 270 4 -1 -1 0
183 1 204 206 2 -1 -1 0
184 1 200 202 2 -1 -1 0
186 1 210 232 10 199 -1 0
187 1 212 214 4 -1 -1 0
189 1 216 218 4 -1 -1 0
190 1 218 220 4 -1 -1 0
191 1 220 222 4 -1 -1 0
196 1 224 226 4 -1 -1 0
199 2 210 210 232 237 6 186 -1 0
201 1 234 236 4 -1 -1 0
202 1 170 172 2 -1 -1 0
203 1 176 178 2 -1 -1 0
204 1 190 192 2 -1 -1 0
128 24 53 0 1 0 69 53
0 6 10 30 34 38 42 46 50 56 64 70 78 88 90 92 100 106 114 120 130 140 142 150 152
0 1 2 3 54 56 58 61 127 64 65 66 67 68 69 74 73 72 71 70 62 124 96 80 121 81 118 82 87 90 97 98 99 107 108 109 120 126 21 59 60 51 53 6 11 14 22 23 24 34 35 36 57

24

0 2 0 50 99 100 3 -1 -1 1
1 2 0 139 141 149 10 54 -1 1
2 2 0 139 141 149 11 -1 -1 1
3 2 0 139 141 149 4 -1 -1 1
6 1 110 112 4 -1 -1 0
11 1 114 132 8 -1 -1 0
14 1 116 118 4 -1 -1 0
21 2 102 139 141 149 5 -1 -1 0
22 1 122 124 4 -1 -1 0
23 1 124 126 4 -1 -1 0
24 1 126 128 4 -1 -1 0
34 1 132 134 4 -1 -1 0
35 1 134 136 4 -1 -1 0
36 1 136 138 4 -1 -1 0
51 2 108 108 142 149 6 53 -1 0
53 2 108 139 141 142 6 54 -1 0
54 4 0 55 58 58 99 105 108 108 5 1 -1 0
56 1 2 4 2 -1 -1 0
57 1 146 148 4 -1 -1 0
58 2 6 56 99 106 8 80 -1 0
59 2 106 139 141 144 10 58 -1 0
60 2 106 106 144 149 4 59 -1 0
61 1 10 46 4 -1 -1 0
62 1 46 48 2 -1 -1 0
64 2 14 139 141 149 13 -1 -1 0
65 1 16 18 2 -1 -1 0
66 1 18 42 2 -1 -1 0
67 1 20 22 2 -1 -1 0
68 1 22 24 2 -1 -1 0
69 1 24 42 2 -1 -1 0
70 1 42 44 2 -1 -1 0
71 1 38 40 2 -1 -1 0
72 1 34 36 2 -1 -1 0
73 1 30 32 2 -1 -1 0
74 1 26 28 2 -1 -1 0
80 1 56 94 8 58 -1 0
81 1 58 92 6 54 -1 0
82 1 60 62 4 -1 -1 0
87 1 64 80 8 -1 -1 0
90 1 66 68 4 -1 -1 0
96 1 52 99 5 -1 -1 0
97 1 70 72 4 -1 -1 0
98 1 72 74 4 -1 -1 0
99 1 74 76 4 -1 -1 0
107 1 80 82 4 -1 -1 0
108 1 82 84 4 -1 -1 0
109 1 84 86 4 -1 -1 0
118 2 58 58 92 99 6 81 -1 0
120 1 96 98 4 -1 -1 0
121 2 56 56 94 99 4 80 -1 0
124 1 50 52 2 -1 -1 0
126 1 100 102 2 -1 -1 0
127 1 12 14 2 -1 -1 0
18 5 10 1 0 0 10 10
0 12 20 22 24 26
0 1 4 7 8 9 11 12 13 14
2


0 1 0 0 1 -1 -1 1
1 1 0 2 1 -1 1 1
4 1 0 2 2 -1 2 0
7 1 2 6 3 8 0 0
8 1 4 14 3 7 -1 0
9 1 6 8 2 -1 -1 0
11 1 8 10 2 -1 -1 0
12 1 12 16 2 -1 -1 0
13 1 14 16 2 -1 -1 0
14 1 16 18 2 -1 -1 0
409 72 295 14 0 0 326 295
0 4 8 12 20 48 52 58 60 64 68 72 76 80 82 84 114 134 144 150 168 172 176 182 184 186 194 196 200 206 208 218 220 224 228 230 236 256 274 302 332 338 360 370 372 388 392 396 404 406 408 416 418 420 422 428 436 438 448 450 452 458 462 464 498 528 558 588 618 648 678 708 738
0 1 2 3 4 5 6 7 8 9 10 11 12 13 14 15 16 17 18 19 20 21 22 24 26 381 29 30 35 36 37 38 39 40 292 293 294 42 43 45 47 49 52 53 54 55 56 59 60 61 62 63 64 65 66 67 68 69 70 72 73 74 75 76 77 78 79 80 81 82 83 84 85 86 87 299 300 308 309 311 312 313 314 386 385 388 395 390 391 392 393 322 368 301 315 316 317 383 89 91 97 98 99 100 101 102 103 104 105 106 107 108 109 110 112 113 114 115 116 117 118 119 120 121 125 127 128 132 133 134 135 136 137 138 139 140 141 142 143 144 146 147 148 149 151 152 153 154 155 156 157 158 159 160 382 324 163 325 326 343 344 345 346 378 397 396 399 408 400 407 402 403 404 405 379 380 360 364 335 351 352 353 384 171 172 173 174 175 176 177 178 179 180 181 182 183 184 185 186 187 188 189 190 192 193 194 195 196 197 198 199 200 201 202 203 204 206 207 208 209 210 211 212 213 214 215 216 217 218 220 221 222 223 224 225 226 227 228 229 230 231 232 234 235 236 237 238 239 240 241 242 243 244 245 246 248 249 250 251 252 253 254 255 256 257 258 259 260 262 263 264 265 266 267 268 269 270 271 272 273 274 276 277 278 279 280 281 282 283 284 285 286 287 288 290
0 4 8 42 48 52 124 230 246 264 266 292 294 350


0 2 0 83 113 266 1 -1 2 1
1 3 0 83 113 301 331 350 1 -1 2 1
2 1 0 48 3 -1 2 1
3 1 0 52 1 -1 2 1
4 3 0 83 113 301 331 474 2 -1 1 1
5 1 0 52 5 -1 1 1
6 1 0 52 2 -1 5 1
7 2 0 83 113 294 2 -1 1 1
8 2 0 83 113 294 2 -1 5 1
9 3 0 83 113 301 331 340 2 -1 2 1
10 3 0 83 113 301 331 470 13 -1 1 1
11 1 0 0 1 -1 2 1
12 2 0 83 113 246 1 -1 2 1
13 2 0 83 113 294 5 -1 2 1
14 2 0 83 113 294 3 -1 4 1
15 2 0 83 113 246 2 -1 2 1
16 1 0 8 1 -1 2 1
17 1 0 8 1 -1 1 1
18 2 0 83 113 266 1 -1 1 1
19 2 0 83 113 294 1 -1 2 1
20 2 0 83 113 154 2 -1 -1 1
21 1 0 736 29 -1 -1 1
22 1 0 2 2 -1 0 0
24 1 4 6 2 -1 0 0
26 1 8 10 2 -1 0 0
29 1 14 20 3 -1 -1 0
30 1 16 18 2 -1 -1 0
35 1 22 24 2 -1 -1 0
36 1 24 28 2 -1 -1 0
37 1 26 28 2 -1 -1 0
38 1 28 34 2 -1 -1 0
39 1 30 32 2 -1 -1 0
40 1 32 42 3 -1 2 0
42 1 42 44 2 -1 0 0
43 1 44 46 2 -1 -1 0
45 1 48 50 2 -1 0 0
47 1 52 54 2 -1 0 0
49 1 54 56 2 -1 -1 0
52 1 60 64 2 53 -1 0
53 1 64 68 2 52 -1 0
54 1 68 72 2 53 -1 0
55 1 72 76 2 54 -1 0
56 1 76 82 2 55 -1 0
59 1 84 84 1 -1 -1 0
60 1 86 86 1 -1 -1 0
61 1 88 88 1 -1 -1 0
62 1 90 90 1 -1 -1 0
63 1 92 92 1 -1 -1 0
64 1 94 94 1 -1 -1 0
65 1 96 96 1 -1 -1 0
66 1 98 98 1 -1 -1 0
67 1 100 100 1 -1 -1 0
68 1 102 102 1 -1 -1 0
69 1 104 104 1 -1 -1 0
70 1 106 106 1 -1 -1 0
72 1 108 110 2 -1 -1 0
73 1 114 114 1 -1 -1 0
74 1 116 116 1 -1 -1 0
75 1 118 118 1 -1 -1 0
76 1 120 122 2 -1 -1 0
77 1 122 124 2 -1 5 0
78 1 124 134 3 -1 0 0
79 1 126 128 2 -1 -1 0
80 1 128 130 2 -1 -1 0
81 1 130 132 2 -1 -1 0
82 1 134 144 3 -1 -1 0
83 1 136 138 2 -1 -1 0
84 1 138 140 2 -1 -1 0
85 1 140 142 2 -1 -1 0
86 1 144 146 2 -1 -1 0
87 1 146 230 6 -1 1 0
89 1 230 232 2 -1 0 0
91 1 232 234 2 -1 -1 0
97 1 236 236 1 -1 -1 0
98 1 238 238 1 -1 -1 0
99 1 240 240 1 -1 -1 0
100 1 242 244 2 -1 -1 0
101 1 244 246 2 -1 4 0
102 1 246 256 3 -1 0 0
103 1 248 250 2 -1 -1 0
104 1 250 252 2 -1 -1 0
105 1 252 254 2 -1 -1 0
106 2 256 301 331 478 3 -1 8 0
107 1 258 258 1 -1 -1 0
108 1 260 262 2 -1 -1 0
109 1 262 264 2 -1 4 0
110 1 264 292 3 -1 8 0
112 1 266 274 3 -1 0 0
113 1 268 270 2 -1 -1 0
114 1 270 272 2 -1 -1 0
115 2 274 301 331 482 4 -1 -1 0
116 1 276 276 1 -1 -1 0
117 1 278 278 1 -1 -1 0
118 1 280 282 2 -1 -1 0
119 1 282 292 4 -1 8 0
120 1 284 286 2 -1 -1 0
121 1 288 290 2 -1 -1 0
125 2 292 301 331 494 3 -1 0 0
127 1 294 296 2 128 0 0
128 2 296 301 331 338 3 127 -1 0
132 1 298 300 2 -1 -1 0
133 1 302 302 1 -1 -1 0
134 1 304 304 1 -1 -1 0
135 1 306 306 1 -1 -1 0
136 1 308 308 1 -1 -1 0
137 1 310 310 1 -1 -1 0
138 1 312 312 1 -1 -1 0
139 1 314 314 1 -1 -1 0
140 1 316 316 1 -1 -1 0
141 1 318 318 1 -1 -1 0
142 1 320 320 1 -1 -1 0
143 1 322 322 1 -1 -1 0
144 1 324 324 1 -1 -1 0
146 1 326 328 2 -1 -1 0
147 1 332 334 2 -1 -1 0
148 1 334 336 2 -1 -1 0
149 1 338 486 2 -1 -1 0
151 1 340 350 2 -1 4 0
152 1 342 342 1 -1 -1 0
153 1 344 344 1 -1 -1 0
154 1 346 348 2 -1 -1 0
155 1 348 350 2 -1 3 0
156 1 350 360 3 -1 0 0
157 1 352 354 2 -1 -1 0
158 1 354 356 2 -1 -1 0
159 1 356 358 2 -1 -1 0
160 1 360 490 4 -1 -1 0
163 1 366 368 2 -1 -1 0
171 1 464 466 2 -1 -1 0
172 1 468 470 2 -1 -1 0
173 1 472 474 2 -1 -1 0
174 1 476 478 2 -1 -1 0
175 1 480 482 2 -1 -1 0
176 1 484 486 2 -1 -1 0
177 1 488 490 2 -1 -1 0
178 1 492 494 2 -1 -1 0
179 1 498 498 1 -1 -1 0
180 1 500 500 1 -1 -1 0
181 1 502 502 1 -1 -1 0
182 1 504 504 1 -1 -1 0
183 1 506 506 1 -1 -1 0
184 1 508 508 1 -1 -1 0
185 1 510 510 1 -1 -1 0
186 1 512 512 1 -1 -1 0
187 1 514 514 1 -1 -1 0
188 1 516 516 1 -1 -1 0
189 1 518 518 1 -1 -1 0
190 1 520 520 1 -1 -1 0
192 1 522 524 2 -1 -1 0
193 1 528 528 1 -1 -1 0
194 1 530 530 1 -1 -1 0
195 1 532 532 1 -1 -1 0
196 1 534 534 1 -1 -1 0
197 1 536 536 1 -1 -1 0
198 1 538 538 1 -1 -1 0
199 1 540 540 1 -1 -1 0
200 1 542 542 1 -1 -1 0
201 1 544 544 1 -1 -1 0
202 1 546 546 1 -1 -1 0
203 1 548 548 1 -1 -1 0
204 1 550 550 1 -1 -1 0
206 1 552 554 2 -1 -1 0
207 1 558 558 1 -1 -1 0
208 1 560 560 1 -1 -1 0
209 1 562 562 1 -1 -1 0
210 1 564 564 1 -1 -1 0
211 1 566 566 1 -1 -1 0
212 1 568 568 1 -1 -1 0
213 1 570 570 1 -1 -1 0
214 1 572 572 1 -1 -1 0
215 1 574 574 1 -1 -1 0
216 1 576 576 1 -1 -1 0
217 1 578 578 1 -1 -1 0
218 1 580 580 1 -1 -1 0
220 1 582 584 2 -1 -1 0
221 1 588 588 1 -1 -1 0
222 1 590 590 1 -1 -1 0
223 1 592 592 1 -1 -1 0
224 1 594 594 1 -1 -1 0
225 1 596 596 1 -1 -1 0
226 1 598 598 1 -1 -1 0
227 1 600 600 1 -1 -1 0
228 1 602 602 1 -1 -1 0
229 1 604 604 1 -1 -1 0
230 1 606 606 1 -1 -1 0
231 1 608 608 1 -1 -1 0
232 1 610 610 1 -1 -1 0
234 1 612 614 2 -1 -1 0
235 1 618 618 1 -1 -1 0
236 1 620 620 1 -1 -1 0
237 1 622 622 1 -1 -1 0
238 1 624 624 1 -1 -1 0
239 1 626 626 1 -1 -1 0
240 1 628 628 1 -1 -1 0
241 1 630 630 1 -1 -1 0
242 1 632 632 1 -1 -1 0
243 1 634 634 1 -1 -1 0
244 1 636 636 1 -1 -1 0
245 1 638 638 1 -1 -1 0
246 1 640 640 1 -1 -1 0
248 1 642 644 2 -1 -1 0
249 1 648 648 1 -1 -1 0
250 1 650 650 1 -1 -1 0
251 1 652 652 1 -1 -1 0
252 1 654 654 1 -1 -1 0
253 1 656 656 1 -1 -1 0
254 1 658 658 1 -1 -1 0
255 1 660 660 1 -1 -1 0
256 1 662 662 1 -1 -1 0
257 1 664 664 1 -1 -1 0
258 1 666 666 1 -1 -1 0
259 1 668 668 1 -1 -1 0
260 1 670 670 1 -1 -1 0
262 1 672 674 2 -1 -1 0
263 1 678 678 1 -1 -1 0
264 1 680 680 1 -1 -1 0
265 1 682 682 1 -1 -1 0
266 1 684 684 1 -1 -1 0
267 1 686 686 1 -1 -1 0
268 1 688 688 1 -1 -1 0
269 1 690 690 1 -1 -1 0
270 1 692 692 1 -1 -1 0
271 1 694 694 1 -1 -1 0
272 1 696 696 1 -1 -1 0
273 1 698 698 1 -1 -1 0
274 1 700 700 1 -1 -1 0
276 1 702 704 2 -1 -1 0
277 1 708 708 1 -1 -1 0
278 1 710 710 1 -1 -1 0
279 1 712 712 1 -1 -1 0
280 1 714 714 1 -1 -1 0
281 1 716 716 1 -1 -1 0
282 1 718 718 1 -1 -1 0
283 1 720 720 1 -1 -1 0
284 1 722 722 1 -1 -1 0
285 1 724 724 1 -1 -1 0
286 1 726 726 1 -1 -1 0
287 1 728 728 1 -1 -1 0
288 1 730 730 1 -1 -1 0
290 1 732 734 2 -1 -1 0
292 1 34 36 2 -1 -1 0
293 1 36 40 2 -1 -1 0
294 1 38 40 2 -1 -1 0
299 1 150 152 2 -1 -1 0
300 1 152 223 7 -1 -1 0
301 1 202 204 4 -1 -1 0
308 1 154 156 2 -1 -1 0
309 1 156 162 3 -1 -1 0
311 1 158 160 2 -1 -1 0
312 2 160 175 199 223 4 -1 -1 0
313 1 162 164 2 -1 -1 0
314 1 164 223 5 -1 -1 0
315 1 210 212 4 -1 -1 0
316 1 212 214 4 -1 -1 0
317 1 214 216 4 -1 -1 0
322 2 200 200 220 223 4 368 -1 0
324 1 364 457 8 -1 -1 0
325 1 372 374 2 -1 -1 0
326 1 374 380 3 -1 -1 0
335 1 432 434 4 -1 -1 0
343 1 376 378 2 -1 -1 0
344 2 378 395 427 457 4 -1 -1 0
345 1 380 382 2 -1 -1 0
346 1 382 384 2 -1 -1 0
351 1 440 442 4 -1 -1 0
352 1 442 444 4 -1 -1 0
353 1 444 446 4 -1 -1 0
360 2 430 430 452 457 4 364 -1 0
364 1 430 452 8 360 -1 0
368 1 200 220 10 322 -1 0
378 2 384 396 428 428 7 399 -1 0
379 1 428 454 6 378 -1 0
380 2 428 428 454 457 4 379 -1 0
381 1 12 14 2 -1 -1 0
382 1 362 364 2 -1 -1 0
383 1 224 228 2 -1 -1 0
384 1 458 462 2 -1 -1 0
385 1 172 174 2 -1 -1 0
386 1 168 170 2 -1 -1 0
388 1 176 196 8 395 -1 0
390 1 178 180 4 -1 -1 0
391 1 186 188 4 -1 -1 0
392 1 188 190 4 -1 -1 0
393 1 190 192 4 -1 -1 0
395 2 176 176 196 199 4 388 -1 0
396 1 392 394 2 -1 -1 0
397 1 388 390 2 -1 -1 0
399 1 396 424 6 378 -1 0
400 1 398 422 6 407 -1 0
402 1 400 402 4 -1 -1 0
403 1 408 410 4 -1 -1 0
404 1 410 412 4 -1 -1 0
405 1 412 414 4 -1 -1 0
407 2 398 398 422 427 4 400 -1 0
408 2 396 396 424 427 4 399 -1 0
25 6 12 0 0 0 18 12
0 2 12 14 28 30 34
0 1 17 20 24 3 4 9 10 11 12 14



0 3 0 11 13 27 29 33 4 -1 -1 1
1 1 0 2 2 20 -1 1
3 2 6 11 13 14 6 -1 -1 0
4 1 8 10 4 -1 -1 0
9 1 16 18 4 -1 -1 0
10 1 18 20 4 -1 -1 0
11 1 20 22 4 -1 -1 0
12 1 22 24 4 -1 -1 0
14 1 24 26 4 -1 -1 0
17 2 2 2 30 33 4 20 -1 0
20 3 2 11 13 27 29 30 10 17 -1 0
24 1 4 6 4 -1 -1 0
28 1 28 1 0 0 28 28
0 46
0 1 2 3 4 5 6 7 8 9 10 11 12 13 14 15 16 17 18 19 20 21 22 23 24 25 26 27
40


0 1 0 40 1 -1 2 1
1 1 0 40 1 -1 5 1
2 1 0 40 1 -1 4 1
3 1 0 40 1 -1 8 1
4 1 0 40 1 -1 3 1
5 1 0 40 1 -1 -1 1
6 1 0 44 2 -1 -1 1
7 1 0 0 1 -1 -1 0
8 1 2 2 1 -1 -1 0
9 1 4 4 1 -1 -1 0
10 1 6 6 1 -1 -1 0
11 1 8 8 1 -1 -1 0
12 1 10 10 1 -1 -1 0
13 1 12 12 1 -1 -1 0
14 1 14 14 1 -1 -1 0
15 1 16 16 1 -1 -1 0
16 1 18 18 1 -1 -1 0
17 1 20 20 1 -1 -1 0
18 1 22 22 1 -1 -1 0
19 1 24 24 1 -1 -1 0
20 1 26 26 1 -1 -1 0
21 1 28 28 1 -1 -1 0
22 1 30 30 1 -1 -1 0
23 1 32 32 1 -1 -1 0
24 1 34 34 1 -1 -1 0
25 1 36 38 2 -1 -1 0
26 1 38 40 2 -1 -1 0
27 1 40 42 2 -1 0 0
182 50 99 14 0 0 125 99
0 6 8 14 18 22 46 48 58 60 64 68 72 74 78 82 86 90 96 100 102 106 108 112 114 132 134 142 150 154 158 178 188 190 194 198 206 212 218 232 236 254 256 262 266 270 280 282 304 306 312
0 1 2 3 4 5 8 10 11 12 13 14 15 16 17 18 19 177 24 130 120 121 58 119 29 32 106 108 110 113 114 115 116 34 36 37 40 42 48 49 50 51 52 54 131 132 59 60 61 62 63 64 65 66 67 68 133 178 75 76 77 138 137 144 147 171 179 180 87 118 181 78 79 85 134 135 92 93 94 95 99 100 101 102 153 155 154 152 161 163 166 172 105 117 90 96 97 103 136
0 18 24 26 28 52 90 96 154 160 162 164 202 276


0 1 0 182 5 -1 2 1
1 1 0 141 3 -1 2 1
2 1 0 141 2 -1 2 1
3 1 0 141 2 -1 1 1
4 1 0 141 2 -1 5 1
5 1 0 141 6 10 0 0
8 1 2 4 2 -1 -1 0
10 1 8 36 5 5 -1 0
11 1 10 12 2 -1 -1 0
12 1 14 16 2 -1 -1 0
13 1 18 18 1 -1 0 0
14 1 22 26 3 -1 2 0
15 1 24 32 3 -1 2 0
16 1 26 26 1 -1 0 0
17 2 28 240 305 311 9 -1 0 0
18 1 30 32 2 -1 -1 0
19 1 34 36 2 -1 -1 0
24 3 40 270 279 303 305 311 13 -1 5 0
29 1 52 126 16 -1 1 0
32 1 54 56 4 -1 -1 0
34 1 90 92 4 -1 0 0
36 1 92 94 4 -1 -1 0
37 1 96 98 4 -1 0 0
40 2 102 105 108 108 4 42 -1 0
42 1 108 112 4 40 -1 0
48 1 114 116 4 -1 -1 0
49 1 116 118 4 -1 -1 0
50 1 120 122 4 -1 -1 0
51 1 122 124 4 -1 -1 0
52 1 124 126 4 -1 -1 0
54 2 128 131 134 134 4 120 -1 0
58 2 50 50 136 141 6 119 -1 0
59 3 144 197 205 231 305 311 10 -1 -1 0
60 1 146 148 2 -1 -1 0
61 1 150 152 2 -1 -1 0
62 1 154 154 1 -1 0 0
63 1 158 162 3 -1 2 0
64 3 160 200 205 231 305 311 6 -1 2 0
65 1 162 162 1 -1 0 0
66 1 164 311 6 -1 0 0
67 1 166 168 2 -1 -1 0
68 1 170 172 2 -1 -1 0
75 3 180 197 205 231 305 311 6 -1 -1 0
76 1 182 184 2 -1 -1 0
77 3 184 198 205 231 305 311 4 -1 -1 0
78 1 218 220 4 -1 -1 0
79 1 220 224 4 -1 -1 0
85 1 222 224 4 -1 -1 0
87 2 212 212 226 231 6 118 -1 0
90 1 284 294 6 -1 -1 0
92 1 236 238 2 -1 -1 0
93 2 238 269 279 303 4 -1 -1 0
94 1 240 242 2 -1 -1 0
95 2 242 272 279 303 4 -1 -1 0
96 1 288 290 4 -1 -1 0
97 1 290 296 4 -1 -1 0
99 1 244 246 2 -1 -1 0
100 2 246 269 279 303 4 -1 -1 0
101 1 248 250 2 -1 -1 0
102 2 250 274 279 303 4 -1 -1 0
103 1 294 296 4 -1 -1 0
105 2 282 282 298 303 6 117 -1 0
106 1 60 62 4 -1 -1 0
108 1 64 66 4 -1 -1 0
110 1 68 70 4 -1 -1 0
113 1 74 78 4 114 -1 0
114 1 78 82 4 113 -1 0
115 1 82 86 4 114 -1 0
116 1 86 88 4 -1 -1 0
117 1 282 298 10 105 -1 0
118 2 212 226 305 311 14 87 -1 0
119 1 50 136 6 58 1 0
120 2 48 48 134 142 5 121 -1 0
121 2 48 128 131 134 10 120 -1 0
130 1 42 44 2 -1 -1 0
131 1 138 140 4 -1 -1 0
132 3 142 276 279 303 305 311 8 120 5 0
133 1 174 176 2 -1 -1 0
134 1 228 230 4 -1 -1 0
135 1 232 234 2 -1 -1 0
136 1 300 302 4 -1 -1 0
137 1 194 196 2 -1 -1 0
138 1 190 192 2 -1 -1 0
144 1 198 202 2 -1 1 0
147 1 200 202 2 -1 2 0
152 1 266 268 2 -1 -1 0
153 1 256 258 2 -1 -1 0
154 1 262 264 2 -1 -1 0
155 1 258 260 2 -1 -1 0
161 1 270 274 2 -1 -1 0
163 1 272 276 2 -1 1 0
166 1 274 276 2 -1 2 0
171 1 202 202 1 -1 0 0
172 1 276 276 1 -1 0 0
177 1 38 40 2 -1 -1 0
178 1 178 180 2 -1 -1 0
179 1 206 208 2 -1 -1 0
180 2 208 231 305 311 3 -1 -1 0
181 1 214 216 4 -1 -1 0
38 7 22 1 0 0 24 22
0 4 6 28 50 52 54 56
0 1 3 5 6 7 8 9 10 13 36 37 16 17 18 21 22 23 24 27 28 29
16


0 2 0 3 5 16 1 -1 2 1
1 2 0 3 5 16 2 -1 1 1
3 1 0 2 2 -1 -1 0
5 1 6 6 1 -1 -1 0
6 1 8 8 1 -1 -1 0
7 1 10 10 1 -1 -1 0
8 1 12 14 2 -1 -1 0
9 1 14 16 2 -1 5 0
10 1 16 18 2 -1 0 0
13 1 18 28 3 -1 -1 0
16 1 24 26 2 -1 -1 0
17 1 28 30 2 -1 -1 0
18 1 30 38 3 -1 -1 0
21 1 32 34 2 -1 -1 0
22 1 34 36 2 -1 -1 0
23 1 38 40 2 -1 -1 0
24 1 40 42 2 -1 -1 0
27 1 42 44 2 -1 -1 0
28 1 44 46 2 -1 -1 0
29 1 46 48 2 -1 -1 0
36 1 20 22 2 -1 -1 0
37 1 22 24 2 -1 -1 0
40 10 26 4 0 0 34 26
0 8 10 12 14 40 46 48 62 64 66
0 1 2 3 39 5 6 25 26 27 28 31 33 34 35 36 37 38 10 11 13 14 15 16 17 18
40 42 56 58


0 3 0 7 9 45 47 58 3 -1 2 1
1 3 0 7 9 45 47 58 2 -1 1 1
2 3 0 7 9 45 47 56 4 -1 2 1
3 3 0 7 9 45 47 58 2 -1 4 1
5 1 2 4 2 -1 -1 0
6 1 4 6 2 -1 -1 0
10 1 40 42 2 -1 5 0
11 1 42 44 2 -1 0 0
13 1 48 48 1 -1 -1 0
14 1 50 50 1 -1 -1 0
15 1 52 54 2 -1 -1 0
16 1 54 56 2 -1 1 0
17 1 56 58 2 -1 5 0
18 1 58 60 2 -1 0 0
25 1 14 16 2 -1 -1 0
26 1 16 30 3 -1 -1 0
27 1 18 20 2 -1 -1 0
28 1 20 22 2 -1 -1 0
31 1 22 34 3 -1 -1 0
33 1 24 26 2 -1 -1 0
34 1 26 28 2 -1 -1 0
35 1 30 32 2 -1 -1 0
36 1 32 34 2 -1 -1 0
37 1 34 36 2 -1 -1 0
38 1 36 40 2 -1 1 0
39 1 0 2 2 -1 -1 0
5 1 3 0 0 0 3 3
0 6
0 1 4



0 1 0 0 1 -1 -1 1
1 1 0 4 2 -1 -1 1
4 1 0 2 2 -1 -1 0
76 13 54 19 0 0 56 54
0 8 10 12 28 30 58 88 92 96 118 122 126 158
0 1 74 75 5 12 13 14 15 16 22 23 24 25 26 27 28 29 30 31 32 33 34 35 37 38 39 40 41 43 46 47 48 49 50 51 52 53 54 55 58 59 60 61 62 63 64 65 66 67 69 71 72 73
12 14 16 30 32 34 58 68 78 80 92 98 100 102 122 128 130 132 142


0 2 0 7 57 142 4 -1 2 1
1 1 0 156 8 -1 -1 1
5 1 4 6 2 -1 -1 0
12 1 12 20 3 -1 2 0
13 1 14 14 1 -1 0 0
14 1 16 50 4 -1 0 0
15 1 18 20 2 -1 -1 0
16 1 22 24 2 -1 -1 0
22 1 30 38 3 -1 2 0
23 1 32 32 1 -1 0 0
24 1 34 54 4 -1 0 0
25 1 36 38 2 -1 -1 0
26 1 40 42 2 -1 -1 0
27 1 44 46 2 -1 -1 0
28 1 48 50 2 -1 -1 0
29 1 52 54 2 -1 -1 0
30 1 58 68 2 -1 2 0
31 1 60 60 1 -1 -1 0
32 1 62 62 1 -1 -1 0
33 1 64 66 2 -1 -1 0
34 1 66 68 2 -1 1 0
35 1 68 78 2 -1 1 0
37 1 70 70 1 -1 -1 0
38 1 72 72 1 -1 -1 0
39 1 74 76 2 -1 -1 0
40 1 76 78 2 -1 4 0
41 1 78 142 2 -1 1 0
43 1 80 112 2 -1 0 0
46 1 82 110 5 -1 -1 0
47 1 84 86 2 -1 -1 0
48 1 88 90 2 -1 -1 0
49 1 92 92 1 -1 0 0
50 1 96 100 3 -1 2 0
51 1 98 106 3 -1 2 0
52 1 100 100 1 -1 0 0
53 1 102 150 5 -1 5 0
54 1 104 106 2 -1 -1 0
55 1 108 110 2 -1 -1 0
58 1 112 140 5 -1 -1 0
59 1 114 116 2 -1 -1 0
60 1 118 120 2 -1 -1 0
61 1 122 122 1 -1 0 0
62 1 126 130 3 -1 2 0
63 1 128 136 3 -1 2 0
64 1 130 130 1 -1 0 0
65 1 132 154 5 -1 4 0
66 1 134 136 2 -1 -1 0
67 1 138 140 2 -1 -1 0
69 1 142 142 1 -1 0 0
71 1 144 146 2 -1 -1 0
72 1 148 150 2 -1 -1 0
73 1 152 154 2 -1 -1 0
74 1 0 2 2 -1 -1 0
75 2 2 7 57 146 5 -1 2 0
230 28 108 0 0 0 140 108
0 34 50 94 96 98 100 102 130 134 138 148 156 170 174 180 190 192 220 224 228 238 248 262 266 272 282 290 292
0 1 2 3 4 5 6 7 8 9 209 17 210 19 20 211 23 212 25 26 91 92 93 94 222 223 213 134 145 129 146 32 138 38 39 42 214 45 215 47 48 49 139 54 60 61 143 156 203 157 204 158 206 224 160 162 163 164 165 166 167 170 172 175 225 179 180 183 184 186 226 196 198 200 201 202 208 132 133 127 128 123 124 227 65 67 68 69 70 71 72 75 77 79 228 87 88 95 96 98 229 116 118 130 131 126 144 151



0 1 0 289 9 -1 -1 1
1 1 0 0 1 -1 -1 1
2 1 0 289 8 -1 -1 1
3 1 0 10 2 -1 -1 1
4 1 0 24 2 -1 -1 1
5 1 0 289 17 -1 -1 1
6 1 0 289 11 -1 -1 1
7 1 0 289 8 -1 -1 1
8 1 0 2 2 -1 -1 0
9 1 2 38 3 -1 -1 0
17 1 6 289 12 -1 -1 0
19 1 12 289 18 -1 -1 0
20 1 14 16 2 -1 -1 0
23 1 20 289 12 -1 -1 0
25 1 26 289 12 -1 -1 0
26 1 28 30 2 -1 -1 0
32 1 54 60 8 138 -1 0
38 1 60 62 4 -1 -1 0
39 1 62 82 8 -1 -1 0
42 1 64 72 6 -1 -1 0
45 1 68 84 6 -1 -1 0
47 1 74 86 6 -1 -1 0
48 1 76 78 4 -1 -1 0
49 1 78 90 6 139 -1 0
54 1 82 86 6 -1 -1 0
60 1 86 88 4 -1 -1 0
61 1 88 281 12 -1 -1 0
65 1 200 208 12 -1 -1 0
67 1 202 204 8 -1 -1 0
68 1 204 206 8 -1 -1 0
69 1 208 210 8 -1 -1 0
70 1 210 212 8 -1 -1 0
71 1 212 214 8 -1 -1 0
72 1 214 256 40 -1 -1 0
75 1 216 218 8 -1 -1 0
77 1 220 222 8 -1 -1 0
79 1 224 226 8 -1 -1 0
87 1 232 234 8 -1 -1 0
88 1 234 236 8 -1 -1 0
91 1 34 36 2 -1 -1 0
92 1 36 289 7 -1 -1 0
93 1 38 40 2 -1 -1 0
94 1 40 289 9 -1 -1 0
95 1 240 242 8 -1 -1 0
96 1 242 244 8 -1 -1 0
98 1 244 246 8 -1 -1 0
116 1 254 256 8 -1 -1 0
118 1 258 262 8 130 -1 0
123 2 196 196 276 281 12 124 -1 0
124 1 196 276 16 139 -1 0
126 2 268 271 274 274 8 128 -1 0
127 3 194 194 274 281 284 284 10 128 -1 0
128 3 194 265 268 268 274 274 12 129 -1 0
129 5 52 101 104 104 189 191 194 194 284 284 12 146 -1 0
130 1 262 266 8 133 -1 0
131 1 266 272 8 133 -1 0
132 2 192 192 272 282 10 133 -1 0
133 4 192 258 262 262 266 266 272 272 36 138 -1 0
134 1 50 54 4 145 -1 0
138 3 56 102 189 192 282 282 12 32 -1 0
139 4 80 101 106 106 189 191 196 196 10 49 -1 0
143 1 90 92 4 -1 -1 0
144 1 278 280 8 -1 -1 0
145 2 50 50 282 289 6 134 -1 0
146 2 52 52 284 290 5 129 -1 0
151 1 286 288 4 -1 -1 0
156 4 102 166 170 170 174 174 180 180 36 138 -1 0
157 3 104 173 176 176 182 182 12 129 -1 0
158 1 106 184 16 139 -1 0
160 1 110 118 12 -1 -1 0
162 1 112 114 8 -1 -1 0
163 1 114 116 8 -1 -1 0
164 1 118 120 8 -1 -1 0
165 1 120 122 8 -1 -1 0
166 1 122 124 8 -1 -1 0
167 1 124 164 36 -1 -1 0
170 1 126 128 8 -1 -1 0
172 1 130 132 8 -1 -1 0
175 1 134 136 8 -1 -1 0
179 1 142 144 8 -1 -1 0
180 1 144 146 8 -1 -1 0
183 1 148 150 8 -1 -1 0
184 1 150 152 8 -1 -1 0
186 1 152 154 8 -1 -1 0
196 1 162 164 8 -1 -1 0
198 1 166 170 8 200 -1 0
200 1 170 174 8 156 -1 0
201 1 174 180 8 156 -1 0
202 2 176 179 182 182 8 157 -1 0
203 3 102 102 180 189 282 282 10 156 -1 0
204 3 104 104 182 189 284 284 10 157 -1 0
206 2 106 106 184 189 12 158 -1 0
208 1 186 188 8 -1 -1 0
209 1 4 6 2 -1 -1 0
210 1 10 12 2 -1 -1 0
211 1 18 20 2 -1 -1 0
212 1 24 26 2 -1 -1 0
213 1 46 289 3 -1 -1 0
214 1 66 68 4 -1 -1 0
215 1 72 74 4 -1 -1 0
222 1 42 289 3 -1 -1 0
223 1 44 289 3 -1 -1 0
224 1 108 110 8 -1 -1 0
225 1 140 142 8 -1 -1 0
226 1 156 158 8 -1 -1 0
227 1 198 200 8 -1 -1 0
228 1 230 232 8 -1 -1 0
229 1 248 250 8 -1 -1 0
23 7 20 4 0 0 28 20
0 4 6 10 30 32 40 42
0 1 2 3 4 5 6 8 9 10 11 12 13 14 15 16 17 19 20 21
0 6 20 36


0 3 0 3 5 29 31 36 1 -1 2 1
1 2 0 3 5 6 1 -1 2 1
2 3 0 3 5 29 31 34 2 -1 2 1
3 2 0 3 5 6 1 -1 1 1
4 1 0 0 1 -1 2 1
5 2 0 3 5 20 3 -1 1 1
6 1 0 2 2 -1 0 0
8 1 6 8 2 -1 0 0
9 1 10 10 1 -1 -1 0
10 1 12 12 1 -1 -1 0
11 1 14 14 1 -1 -1 0
12 1 16 18 2 -1 -1 0
13 1 18 20 2 -1 5 0
14 2 20 29 31 32 3 -1 0 0
15 1 22 24 2 -1 -1 0
16 1 24 26 2 -1 -1 0
17 1 26 28 2 -1 -1 0
19 1 32 36 2 -1 5 0
20 1 34 36 2 -1 1 0
21 1 36 38 2 -1 0 0
25 4 15 1 0 0 16 15
0 4 6 30 32
0 1 2 3 22 16 19 8 9 10 11 12 13 14 24
22


0 1 0 29 2 -1 2 1
1 1 0 29 4 -1 -1 1
2 1 0 29 3 -1 -1 1
3 1 0 29 2 -1 5 1
8 1 8 10 4 -1 -1 0
9 1 10 12 4 -1 -1 0
10 1 14 16 4 -1 -1 0
11 1 16 18 4 -1 -1 0
12 1 18 20 4 -1 -1 0
13 1 20 22 4 -1 1 0
14 1 22 22 2 -1 0 0
16 2 6 6 24 29 6 19 -1 0
19 1 6 24 8 16 -1 0
22 1 0 2 2 -1 -1 0
24 1 26 28 4 -1 -1 0
130 34 64 3 0 0 86 64
0 4 6 28 32 34 42 48 50 54 58 60 66 82 84 90 92 94 104 106 110 128 132 136 138 148 156 158 166 168 180 190 192 200 204
0 1 2 3 97 26 84 81 82 15 16 17 18 19 20 22 98 99 28 30 128 45 77 34 37 38 39 40 41 101 51 75 49 104 129 56 57 58 59 63 64 65 66 110 109 112 125 113 123 115 116 118 120 127 73 83 79 80 60 61 67 69 107 108
24 62 96


0 2 0 47 49 199 15 -1 2 1
1 2 0 47 49 103 6 -1 2 1
2 2 0 47 49 114 12 -1 5 1
3 2 0 47 49 122 2 -1 -1 1
15 1 10 12 4 -1 -1 0
16 1 12 14 4 -1 -1 0
17 1 16 18 4 -1 -1 0
18 1 18 20 4 -1 -1 0
19 1 20 22 4 -1 -1 0
20 1 24 26 4 -1 0 0
22 2 28 31 34 34 4 81 -1 0
26 2 6 6 36 41 6 84 -1 0
28 1 44 46 2 -1 -1 0
30 1 50 52 2 -1 -1 0
34 1 62 64 4 -1 0 0
37 1 66 68 4 -1 -1 0
38 1 68 70 4 -1 -1 0
39 1 72 74 4 -1 -1 0
40 1 74 76 4 -1 -1 0
41 1 76 78 4 -1 -1 0
45 2 60 60 84 89 6 77 -1 0
49 1 96 96 2 -1 0 0
51 2 94 94 98 103 6 75 -1 0
56 1 110 112 2 -1 -1 0
57 2 112 135 165 199 4 -1 -1 0
58 1 114 116 2 -1 -1 0
59 1 116 199 5 -1 -1 0
60 1 174 176 4 -1 -1 0
61 1 176 178 4 -1 -1 0
63 1 118 120 2 -1 -1 0
64 2 120 135 165 199 4 -1 -1 0
65 1 122 124 2 -1 -1 0
66 1 124 199 5 -1 -1 0
67 1 182 184 4 -1 -1 0
69 2 186 189 192 192 4 79 -1 0
73 2 168 168 194 199 6 83 -1 0
75 1 94 98 4 51 -1 0
77 1 60 84 10 45 1 0
79 2 170 170 192 200 5 80 -1 0
80 2 170 186 189 192 10 79 -1 0
81 2 8 8 34 42 5 82 -1 0
82 2 8 28 31 34 6 81 -1 0
83 1 168 194 10 73 -1 0
84 1 6 36 10 26 1 0
97 1 0 2 2 -1 -1 0
98 1 38 40 4 -1 -1 0
99 2 42 47 49 50 3 81 -1 0
101 1 86 88 4 -1 -1 0
104 1 100 102 4 -1 -1 0
107 1 196 198 4 -1 -1 0
108 1 200 202 2 79 -1 0
109 1 132 134 2 -1 -1 0
110 1 128 130 2 -1 -1 0
112 1 138 160 8 125 -1 0
113 2 140 152 155 158 8 123 -1 0
115 1 142 144 4 -1 -1 0
116 1 144 146 4 -1 -1 0
118 1 148 150 4 -1 -1 0
120 2 152 155 158 158 4 123 -1 0
123 3 140 140 158 165 200 200 5 113 -1 0
125 2 138 138 160 165 6 112 -1 0
127 1 162 164 4 -1 -1 0
128 1 54 56 2 -1 -1 0
129 1 106 108 2 -1 -1 0
100 33 81 10 0 0 111 81
0 28 30 34 60 74 82 86 88 94 98 100 104 108 112 116 120 124 128 136 140 144 148 150 156 160 162 166 168 176 194 198 202 208
0 1 2 3 4 5 6 7 8 9 10 11 12 13 14 15 16 17 18 19 20 21 22 23 24 25 26 27 28 29 30 31 32 33 34 35 36 37 38 41 42 43 93 94 95 97 44 46 48 54 55 56 57 58 59 60 61 62 63 65 66 68 69 71 72 75 77 78 79 80 81 82 83 84 85 86 87 89 90 91 92
18 54 56 90 100 104 108 188 190 204


0 3 0 27 29 56 59 204 4 -1 2 1
1 3 0 27 29 56 59 204 4 -1 1 1
2 3 0 27 29 56 59 204 4 -1 5 1
3 1 0 18 1 -1 2 1
4 3 0 27 29 56 59 204 3 -1 8 1
5 4 0 27 29 56 59 136 140 140 4 66 3 1
6 4 0 27 29 56 59 144 147 150 4 69 1 1
7 3 0 27 29 56 59 152 4 -1 5 1
8 3 0 27 29 56 59 154 3 -1 -1 1
9 4 0 56 59 194 198 198 202 202 5 90 -1 1
10 1 0 0 1 -1 -1 0
11 1 2 2 1 -1 -1 0
12 1 4 4 1 -1 -1 0
13 1 6 6 1 -1 -1 0
14 1 8 8 1 -1 -1 0
15 1 10 10 1 -1 -1 0
16 1 12 12 1 -1 -1 0
17 1 14 16 2 -1 -1 0
18 1 16 18 2 -1 1 0
19 3 18 27 29 34 59 62 5 -1 0 0
20 1 20 22 2 -1 -1 0
21 2 22 27 29 30 3 -1 -1 0
22 1 24 26 2 -1 -1 0
23 1 30 32 2 -1 -1 0
24 1 34 54 2 -1 2 0
25 1 36 36 1 -1 -1 0
26 1 38 38 1 -1 -1 0
27 1 40 40 1 -1 -1 0
28 1 42 42 1 -1 -1 0
29 1 44 44 1 -1 -1 0
30 1 46 46 1 -1 -1 0
31 1 48 48 1 -1 -1 0
32 1 50 52 2 -1 -1 0
33 1 52 54 2 -1 1 0
34 1 54 56 2 -1 4 0
35 1 56 58 2 -1 0 0
36 1 60 68 3 -1 -1 0
37 1 62 64 2 -1 -1 0
38 1 64 132 2 -1 -1 0
41 2 66 99 103 104 4 -1 5 0
42 1 68 70 2 -1 -1 0
43 1 70 188 2 -1 1 0
44 1 88 142 4 -1 -1 0
46 1 90 156 3 -1 0 0
48 1 94 96 2 -1 -1 0
54 2 100 103 120 120 2 59 0 0
55 1 104 106 2 -1 0 0
56 2 108 111 116 116 2 58 0 0
57 1 112 116 2 58 -1 0
58 1 116 120 2 56 -1 0
59 2 120 123 128 128 2 54 -1 0
60 1 124 128 2 61 -1 0
61 1 128 130 2 59 -1 0
62 1 130 176 3 61 -1 0
63 1 132 204 2 -1 4 0
65 1 136 140 2 66 -1 0
66 1 140 204 2 5 3 0
68 2 144 147 150 150 2 69 -1 0
69 1 150 204 2 68 -1 0
71 1 152 204 2 -1 -1 0
72 1 156 158 2 -1 -1 0
75 2 162 165 168 168 2 77 -1 0
77 1 168 204 2 75 -1 0
78 1 170 172 2 -1 -1 0
79 1 172 174 2 -1 -1 0
80 1 176 190 2 -1 1 0
81 1 178 178 1 -1 -1 0
82 1 180 180 1 -1 -1 0
83 1 182 182 1 -1 -1 0
84 1 184 186 2 -1 -1 0
85 1 186 188 2 -1 5 0
86 1 188 190 2 -1 2 0
87 1 190 192 2 -1 0 0
89 1 194 198 2 90 -1 0
90 1 198 202 2 9 -1 0
91 1 202 204 2 9 -1 0
92 1 204 206 2 -1 0 0
93 1 74 76 2 -1 -1 0
94 1 76 82 3 -1 -1 0
95 1 78 80 2 -1 -1 0
97 1 82 84 2 -1 -1 0
1 1 0 0 0 0 0 0
0 2




189 36 110 51 0 0 110 110
0 2 4 20 22 38 40 56 58 74 76 92 94 110 112 128 130 146 148 164 166 182 184 202 206 210 230 234 238 256 260 264 282 284 300 302 382
0 1 2 8 9 10 11 12 18 19 20 21 22 28 29 30 31 32 38 39 40 41 42 48 49 50 51 52 58 59 60 61 62 68 69 70 71 72 78 79 80 81 82 88 89 90 91 92 98 99 100 101 102 108 109 110 111 112 113 114 115 116 117 118 119 120 121 188 123 124 126 127 128 129 130 131 132 133 134 135 136 137 138 139 145 146 147 148 149 155 156 157 158 159 160 161 162 163 164 165 166 167 168 169 170 171 172 173 174 175
4 6 8 22 24 26 40 42 44 58 60 62 76 78 80 94 96 98 112 114 116 130 132 134 148 150 152 166 168 170 184 186 188 206 212 214 216 234 238 240 242 260 266 268 270 284 286 288 302 304 306


0 1 0 250 7 -1 -1 1
1 1 0 278 4 -1 -1 1
2 1 0 380 17 -1 -1 1
8 1 4 12 3 -1 2 0
9 1 6 6 1 -1 0 0
10 1 8 318 4 -1 0 0
11 1 10 12 2 -1 -1 0
12 1 14 16 2 -1 -1 0
18 1 22 30 3 -1 2 0
19 1 24 24 1 -1 0 0
20 1 26 322 4 -1 0 0
21 1 28 30 2 -1 -1 0
22 1 32 34 2 -1 -1 0
28 1 40 48 3 -1 2 0
29 1 42 42 1 -1 0 0
30 1 44 326 4 -1 0 0
31 1 46 48 2 -1 -1 0
32 1 50 52 2 -1 -1 0
38 1 58 66 3 -1 2 0
39 1 60 60 1 -1 0 0
40 1 62 330 4 -1 0 0
41 1 64 66 2 -1 -1 0
42 1 68 70 2 -1 -1 0
48 1 76 84 3 -1 2 0
49 1 78 78 1 -1 0 0
50 1 80 334 4 -1 0 0
51 1 82 84 2 -1 -1 0
52 1 86 88 2 -1 -1 0
58 1 94 102 3 -1 2 0
59 1 96 96 1 -1 0 0
60 1 98 338 4 -1 0 0
61 1 100 102 2 -1 -1 0
62 1 104 106 2 -1 -1 0
68 1 112 120 3 -1 2 0
69 1 114 114 1 -1 0 0
70 1 116 342 4 -1 0 0
71 1 118 120 2 -1 -1 0
72 1 122 124 2 -1 -1 0
78 1 130 138 3 -1 2 0
79 1 132 132 1 -1 0 0
80 1 134 346 4 -1 0 0
81 1 136 138 2 -1 -1 0
82 1 140 142 2 -1 -1 0
88 1 148 156 3 -1 2 0
89 1 150 150 1 -1 0 0
90 1 152 350 4 -1 0 0
91 1 154 156 2 -1 -1 0
92 1 158 160 2 -1 -1 0
98 1 166 174 3 -1 2 0
99 1 168 168 1 -1 0 0
100 1 170 354 4 -1 0 0
101 1 172 174 2 -1 -1 0
102 1 176 178 2 -1 -1 0
108 1 184 192 3 -1 2 0
109 1 186 186 1 -1 0 0
110 1 188 358 4 -1 0 0
111 1 190 192 2 -1 -1 0
112 1 194 196 2 -1 -1 0
113 1 198 200 2 -1 -1 0
114 1 202 204 2 -1 -1 0
115 1 206 206 1 -1 0 0
116 1 210 240 5 -1 2 0
117 1 212 220 3 -1 2 0
118 1 214 214 1 -1 0 0
119 1 216 362 4 -1 0 0
120 1 218 220 2 -1 -1 0
121 1 222 224 2 -1 -1 0
123 1 230 232 2 -1 -1 0
124 1 234 234 1 -1 0 0
126 1 238 246 3 -1 2 0
127 1 240 240 1 -1 0 0
128 1 242 366 4 -1 0 0
129 1 244 246 2 -1 -1 0
130 1 248 250 2 -1 -1 0
131 1 252 254 2 -1 -1 0
132 1 256 258 2 -1 -1 0
133 1 260 260 1 -1 0 0
134 1 264 268 3 -1 2 0
135 1 266 274 3 -1 2 0
136 1 268 268 1 -1 0 0
137 1 270 370 4 -1 0 0
138 1 272 274 2 -1 -1 0
139 1 276 278 2 -1 -1 0
145 1 284 292 3 -1 2 0
146 1 286 286 1 -1 0 0
147 1 288 374 4 -1 0 0
148 1 290 292 2 -1 -1 0
149 1 294 296 2 -1 -1 0
155 1 302 310 3 -1 2 0
156 1 304 304 1 -1 0 0
157 1 306 378 4 -1 0 0
158 1 308 310 2 -1 -1 0
159 1 312 314 2 -1 -1 0
160 1 316 318 2 -1 -1 0
161 1 320 322 2 -1 -1 0
162 1 324 326 2 -1 -1 0
163 1 328 330 2 -1 -1 0
164 1 332 334 2 -1 -1 0
165 1 336 338 2 -1 -1 0
166 1 340 342 2 -1 -1 0
167 1 344 346 2 -1 -1 0
168 1 348 350 2 -1 -1 0
169 1 352 354 2 -1 -1 0
170 1 356 358 2 -1 -1 0
171 1 360 362 2 -1 -1 0
172 1 364 366 2 -1 -1 0
173 1 368 370 2 -1 -1 0
174 1 372 374 2 -1 -1 0
175 1 376 378 2 -1 -1 0
188 1 226 228 2 -1 -1 0
30 4 20 1 0 0 21 20
0 4 6 30 32
0 1 2 3 4 5 6 7 8 27 21 24 13 14 15 16 17 18 19 29
22


0 1 0 29 4 -1 -1 1
1 1 0 29 3 -1 -1 1
2 1 0 29 2 -1 1 1
3 1 0 29 2 -1 5 1
4 1 0 29 2 -1 4 1
5 1 0 29 2 -1 8 1
6 1 0 29 2 -1 3 1
7 1 0 29 2 -1 -1 1
8 1 0 29 2 -1 -1 1
13 1 8 10 4 -1 -1 0
14 1 10 12 4 -1 -1 0
15 1 14 16 4 -1 -1 0
16 1 16 18 4 -1 -1 0
17 1 18 20 4 -1 -1 0
18 1 20 22 4 -1 2 0
19 1 22 22 2 -1 0 0
21 2 6 6 24 29 6 24 -1 0
24 1 6 24 8 21 -1 0
27 1 0 2 2 -1 -1 0
29 1 26 28 4 -1 -1 0
3 3 3 0 0 0 4 3
0 4 6 8
0 1 2



0 1 0 4 2 -1 -1 1
1 2 0 3 5 6 2 -1 -1 1
2 1 0 2 2 -1 -1 0
16 1 12 4 0 0 12 12
0 24
0 1 2 4 5 6 8 9 10 12 13 14
4 10 16 22


0 1 0 18 4 -1 -1 1
1 1 0 2 2 -1 -1 0
2 1 2 4 2 -1 2 0
4 1 4 4 1 -1 0 0
5 1 6 8 2 -1 -1 0
6 1 8 10 2 -1 2 0
8 1 10 10 1 -1 0 0
9 1 12 14 2 -1 -1 0
10 1 14 16 2 -1 2 0
12 1 16 16 1 -1 0 0
13 1 18 20 2 -1 -1 0
14 1 20 22 2 -1 2 0
60 15 29 0 0 0 40 29
0 8 24 28 34 44 46 48 54 56 70 72 74 76 84 86
0 1 5 6 33 2 3 12 13 14 15 37 40 58 59 41 56 48 49 50 55 38 39 26 30 20 21 22 35



0 1 0 8 2 -1 -1 1
1 2 0 69 71 83 4 -1 -1 1
2 1 8 10 2 -1 -1 0
3 1 10 16 3 -1 -1 0
5 1 0 2 2 -1 -1 0
6 3 2 28 53 69 71 83 6 -1 -1 0
12 1 12 14 2 -1 -1 0
13 3 14 27 53 69 71 83 4 -1 -1 0
14 1 16 18 2 -1 -1 0
15 1 18 20 2 -1 -1 0
20 1 62 64 4 -1 -1 0
21 1 64 66 4 -1 -1 0
22 1 66 68 4 -1 -1 0
26 2 58 58 76 83 6 30 -1 0
30 2 58 69 71 76 6 26 -1 0
33 1 4 6 2 -1 -1 0
35 1 80 82 4 -1 -1 0
37 2 20 34 53 56 6 41 -1 0
38 2 56 69 71 78 6 37 -1 0
39 2 56 56 78 83 4 38 -1 0
40 1 24 26 2 -1 -1 0
41 1 34 48 6 37 -1 0
48 1 36 38 4 -1 -1 0
49 1 38 40 4 -1 -1 0
50 1 40 42 4 -1 -1 0
55 1 50 52 4 -1 -1 0
56 2 34 34 48 53 6 41 -1 0
58 1 28 30 2 -1 -1 0
59 1 30 53 3 -1 -1 0
140 12 110 9 0 0 116 110
0 6 22 102 104 110 114 116 120 166 212 222 252
0 1 2 3 4 5 6 7 8 9 10 11 12 13 14 15 16 17 18 21 22 23 24 25 27 28 29 30 31 32 34 35 37 38 39 40 41 42 44 45 47 48 51 54 55 56 57 58 62 136 118 133 139 67 70 72 73 74 75 76 77 78 79 80 81 82 83 84 85 86 87 88 89 90 91 92 94 95 96 97 98 99 100 101 102 103 104 105 106 107 108 109 110 111 112 113 114 115 116 137 119 120 127 128 129 130 138 132 123 124
0 16 32 94 96 110 162 208 214


0 2 0 5 21 221 10 -1 2 1
1 2 0 16 21 221 6 -1 2 1
2 2 0 5 21 221 3 -1 5 1
3 2 0 16 21 221 11 -1 1 1
4 1 0 250 7 -1 -1 1
5 1 0 2 2 -1 0 0
6 1 2 4 2 -1 -1 0
7 1 6 6 1 -1 -1 0
8 1 8 8 1 -1 -1 0
9 1 10 10 1 -1 -1 0
10 1 12 14 2 -1 -1 0
11 1 14 16 2 -1 5 0
12 1 16 18 2 -1 0 0
13 1 22 22 1 -1 -1 0
14 1 24 24 1 -1 -1 0
15 1 26 26 1 -1 -1 0
16 1 28 30 2 -1 -1 0
17 1 30 32 2 -1 5 0
18 1 32 38 3 -1 0 0
21 1 34 36 2 -1 -1 0
22 1 36 248 2 -1 -1 0
23 1 38 80 3 -1 -1 0
24 1 40 42 2 -1 -1 0
25 1 42 50 3 -1 -1 0
27 1 44 46 2 -1 -1 0
28 1 46 48 2 -1 -1 0
29 1 50 52 2 -1 -1 0
30 1 52 54 2 -1 -1 0
31 1 54 56 2 -1 -1 0
32 1 56 96 2 -1 4 0
34 1 58 60 2 -1 -1 0
35 1 60 68 3 -1 -1 0
37 1 62 64 2 -1 -1 0
38 1 64 66 2 -1 -1 0
39 1 68 70 2 -1 -1 0
40 1 70 72 2 -1 -1 0
41 1 72 74 2 -1 -1 0
42 1 74 221 5 -1 4 0
44 1 76 78 2 -1 -1 0
45 1 78 221 9 -1 -1 0
47 1 80 82 2 -1 -1 0
48 1 82 221 6 -1 -1 0
51 1 84 221 3 -1 -1 0
54 1 86 94 2 -1 2 0
55 1 88 88 1 -1 -1 0
56 1 90 92 2 -1 -1 0
57 1 92 94 2 -1 1 0
58 1 94 230 8 -1 2 0
62 1 96 96 1 -1 0 0
67 1 110 110 2 -1 0 0
70 1 116 118 4 -1 -1 0
72 1 120 122 4 -1 -1 0
73 1 122 124 4 -1 -1 0
74 1 126 128 4 -1 -1 0
75 1 128 132 4 -1 -1 0
76 1 130 132 4 -1 -1 0
77 1 132 162 4 -1 4 0
78 1 134 134 2 -1 -1 0
79 1 136 136 2 -1 -1 0
80 1 138 138 2 -1 -1 0
81 1 140 140 2 -1 -1 0
82 1 142 142 2 -1 -1 0
83 1 144 144 2 -1 -1 0
84 1 146 146 2 -1 -1 0
85 1 148 148 2 -1 -1 0
86 1 150 150 2 -1 -1 0
87 1 152 152 2 -1 -1 0
88 1 154 154 2 -1 -1 0
89 1 156 156 2 -1 -1 0
90 1 158 160 4 -1 -1 0
91 1 160 162 4 -1 8 0
92 2 162 165 212 212 4 115 0 0
94 1 166 168 4 -1 -1 0
95 1 168 170 4 -1 -1 0
96 1 172 174 4 -1 -1 0
97 1 174 178 4 -1 -1 0
98 1 176 178 4 -1 -1 0
99 1 178 208 4 -1 4 0
100 1 180 180 2 -1 -1 0
101 1 182 182 2 -1 -1 0
102 1 184 184 2 -1 -1 0
103 1 186 186 2 -1 -1 0
104 1 188 188 2 -1 -1 0
105 1 190 190 2 -1 -1 0
106 1 192 192 2 -1 -1 0
107 1 194 194 2 -1 -1 0
108 1 196 196 2 -1 -1 0
109 1 198 198 2 -1 -1 0
110 1 200 200 2 -1 -1 0
111 1 202 202 2 -1 -1 0
112 1 204 206 4 -1 -1 0
113 1 206 208 4 -1 8 0
114 1 208 212 4 115 0 0
115 1 212 214 4 92 1 0
116 1 214 214 2 -1 0 0
118 2 104 104 216 221 6 133 -1 0
119 1 222 222 1 -1 -1 0
120 1 224 224 1 -1 -1 0
123 1 242 244 2 -1 -1 0
124 1 246 248 2 -1 -1 0
127 1 226 228 2 -1 -1 0
128 1 228 236 2 -1 -1 0
129 1 230 232 2 -1 -1 0
130 1 232 240 2 -1 -1 0
132 1 238 240 2 -1 -1 0
133 1 104 216 16 118 8 0
136 1 98 100 2 -1 -1 0
137 1 218 220 4 -1 -1 0
138 1 234 236 2 -1 -1 0
139 1 106 108 4 -1 -1 0
150 12 89 1 0 0 91 89
0 4 8 26 44 118 120 152 154 170 192 214 216
0 1 2 3 4 5 6 7 8 9 10 11 12 13 14 16 17 19 20 21 22 23 24 26 142 36 143 38 39 40 42 43 144 46 145 48 49 51 52 53 54 55 57 58 59 60 61 64 65 66 67 68 71 72 73 74 75 78 80 81 82 83 84 86 87 88 89 90 94 95 96 97 98 134 101 135 103 146 105 107 147 138 116 139 118 148 120 122 149
44


0 2 0 186 191 208 29 -1 2 1
1 1 0 168 2 -1 -1 1
2 1 0 14 2 -1 -1 1
3 1 0 4 1 -1 -1 1
4 1 0 58 2 -1 -1 1
5 1 0 166 3 -1 -1 1
6 1 0 148 1 -1 -1 1
7 1 0 44 1 -1 1 1
8 1 0 52 4 -1 -1 1
9 1 0 66 3 -1 5 1
10 1 0 160 5 -1 4 1
11 2 0 169 191 198 5 -1 8 1
12 1 0 176 5 -1 3 1
13 1 0 128 3 -1 -1 1
14 1 0 142 3 -1 -1 1
16 1 0 2 2 -1 -1 0
17 1 4 6 2 -1 -1 0
19 1 8 10 2 -1 -1 0
20 1 10 12 2 -1 -1 0
21 1 14 16 2 -1 -1 0
22 1 16 18 2 -1 -1 0
23 1 18 20 2 -1 -1 0
24 1 20 22 2 -1 -1 0
26 1 22 24 2 -1 -1 0
36 1 28 30 2 -1 -1 0
38 1 34 36 2 -1 -1 0
39 1 36 38 2 -1 -1 0
40 1 38 40 2 -1 -1 0
42 1 40 42 2 -1 -1 0
43 1 44 44 1 -1 0 0
46 1 48 50 2 -1 -1 0
48 1 54 56 2 -1 -1 0
49 1 56 58 2 -1 -1 0
51 1 60 62 2 -1 -1 0
52 1 62 64 2 -1 -1 0
53 1 66 68 2 -1 -1 0
54 1 68 70 2 -1 -1 0
55 1 70 72 2 -1 -1 0
57 1 74 76 2 -1 -1 0
58 1 76 78 2 -1 -1 0
59 1 80 82 2 -1 -1 0
60 1 82 84 2 -1 -1 0
61 1 84 86 2 -1 -1 0
64 1 88 90 2 -1 -1 0
65 1 90 92 2 -1 -1 0
66 1 94 96 2 -1 -1 0
67 1 96 98 2 -1 -1 0
68 1 98 100 2 -1 -1 0
71 1 102 104 2 -1 -1 0
72 1 104 106 2 -1 -1 0
73 1 108 110 2 -1 -1 0
74 1 110 112 2 -1 -1 0
75 1 112 114 2 -1 -1 0
78 1 120 134 2 -1 -1 0
80 1 122 124 2 -1 -1 0
81 1 124 126 2 -1 -1 0
82 1 128 130 2 -1 -1 0
83 1 130 132 2 -1 -1 0
84 1 132 134 2 -1 -1 0
86 1 136 138 2 -1 -1 0
87 1 138 140 2 -1 -1 0
88 1 142 144 2 -1 -1 0
89 1 144 146 2 -1 -1 0
90 1 146 148 2 -1 -1 0
94 1 154 156 2 -1 -1 0
95 1 156 158 2 -1 -1 0
96 1 160 162 2 -1 -1 0
97 1 162 164 2 -1 -1 0
98 1 164 166 2 -1 -1 0
101 1 172 174 2 -1 -1 0
103 1 178 186 3 -1 -1 0
105 1 182 184 2 -1 -1 0
107 1 184 188 2 -1 -1 0
116 1 194 196 2 -1 -1 0
118 1 200 208 3 -1 -1 0
120 1 204 206 2 -1 -1 0
122 1 206 210 2 -1 -1 0
134 1 170 172 2 -1 -1 0
135 1 176 178 2 -1 -1 0
138 1 192 194 2 -1 -1 0
139 1 198 200 2 -1 -1 0
142 1 26 28 2 -1 -1 0
143 1 32 34 2 -1 -1 0
144 1 46 48 2 -1 -1 0
145 1 52 54 2 -1 -1 0
146 1 180 182 2 -1 -1 0
147 1 186 188 2 -1 -1 0
148 1 202 204 2 -1 -1 0
149 1 208 210 2 -1 -1 0
69 11 37 2 0 0 53 37
0 4 6 36 38 58 60 62 70 74 78 80
0 1 2 3 4 5 6 7 8 9 62 45 59 13 14 15 16 17 18 21 22 23 47 48 64 43 53 31 32 33 34 35 36 38 41 66 68
54 62


0 2 0 57 59 77 4 -1 2 1
1 2 0 57 59 77 4 -1 -1 1
2 1 0 6 3 59 -1 1
3 2 0 57 59 77 3 -1 -1 1
4 2 0 57 59 77 4 -1 1 1
5 2 0 57 59 77 4 -1 5 1
6 2 0 57 59 77 4 -1 4 1
7 2 0 57 59 77 4 -1 8 1
8 2 0 57 59 77 4 -1 3 1
9 2 0 57 59 77 4 -1 -1 1
13 1 8 10 4 -1 -1 0
14 1 10 12 4 -1 -1 0
15 1 14 16 4 -1 -1 0
16 1 16 20 4 -1 -1 0
17 1 18 20 4 -1 -1 0
18 1 20 22 4 -1 -1 0
21 1 22 28 6 -1 -1 0
22 1 24 26 4 -1 -1 0
23 2 26 57 59 69 10 -1 -1 0
31 1 40 42 8 -1 -1 0
32 1 42 44 8 -1 -1 0
33 1 46 48 8 -1 -1 0
34 1 48 52 8 -1 -1 0
35 1 50 52 8 -1 -1 0
36 2 52 57 59 62 12 -1 1 0
38 1 54 56 8 -1 0 0
41 1 62 62 4 -1 0 0
43 2 38 38 64 69 12 53 -1 0
45 2 6 6 70 77 6 59 -1 0
47 1 28 30 4 -1 -1 0
48 2 30 57 59 69 8 -1 -1 0
53 2 38 57 59 64 16 43 -1 0
59 2 6 57 59 70 8 45 -1 0
62 1 0 2 2 -1 -1 0
64 1 32 34 4 -1 -1 0
66 1 66 68 8 -1 -1 0
68 1 74 76 4 -1 -1 0
28 11 14 1 0 0 17 14
0 16 20 24 26 28 30 34 40 42 44 46
0 1 4 5 6 7 8 9 11 13 15 20 21 23
34


0 2 0 15 29 34 4 -1 2 1
1 2 0 15 29 34 1 -1 1 1
4 1 0 2 2 -1 -1 0
5 2 2 16 29 30 3 -1 -1 0
6 1 4 6 2 -1 -1 0
7 1 6 20 2 -1 -1 0
8 1 8 10 2 -1 -1 0
9 1 10 12 2 -1 -1 0
11 1 12 14 2 -1 -1 0
13 1 16 18 2 -1 -1 0
15 1 20 22 2 -1 -1 0
20 1 30 32 2 -1 -1 0
21 1 34 36 2 -1 0 0
23 1 36 38 2 -1 -1 0
1 1 0 0 0 0 0 0
0 2




116 24 63 1 0 0 128 63
0 2 10 38 46 66 92 94 96 100 102 104 108 110 112 116 118 120 140 142 148 152 156 172 174
0 1 2 3 4 5 6 90 109 107 108 11 13 14 15 16 17 18 21 22 23 102 103 59 106 88 104 29 31 32 33 34 35 36 38 39 41 42 43 44 48 45 46 49 51 52 53 60 65 70 76 78 79 80 81 82 84 92 96 97 98 99 100
60


0 5 0 91 93 99 101 107 109 115 117 151 4 -1 -1 1
1 5 0 91 93 99 101 107 109 115 117 151 8 -1 -1 1
2 5 0 91 93 99 101 107 109 115 117 151 2 -1 -1 1
3 5 0 91 93 99 101 107 109 115 117 151 4 -1 -1 1
4 5 0 91 93 99 101 107 109 115 117 151 4 -1 -1 1
5 5 0 91 93 99 101 107 109 115 117 151 4 -1 -1 1
6 5 0 91 93 99 101 107 109 115 117 162 10 -1 -1 1
11 1 6 8 4 -1 -1 0
13 1 10 12 4 -1 -1 0
14 1 12 14 4 -1 -1 0
15 1 16 18 4 -1 -1 0
16 1 18 22 4 -1 -1 0
17 1 20 22 4 -1 -1 0
18 1 22 24 4 -1 -1 0
21 1 24 30 6 -1 -1 0
22 1 26 28 4 -1 -1 0
23 5 28 91 93 99 101 107 109 115 117 147 10 -1 -1 0
29 1 42 44 8 -1 -1 0
31 1 46 48 8 -1 -1 0
32 1 48 50 8 -1 -1 0
33 1 52 54 8 -1 -1 0
34 1 54 58 8 -1 -1 0
35 1 56 58 8 -1 -1 0
36 1 58 84 12 -1 2 0
38 1 60 62 8 -1 0 0
39 1 62 64 8 -1 -1 0
41 1 66 68 8 -1 -1 0
42 1 68 70 8 -1 -1 0
43 1 72 74 8 -1 -1 0
44 1 74 78 8 -1 -1 0
45 1 78 80 8 -1 -1 0
46 1 80 82 8 -1 -1 0
48 1 76 82 8 -1 -1 0
49 5 82 91 93 99 101 107 109 115 117 120 12 -1 -1 0
51 1 84 86 8 -1 -1 0
52 1 86 88 8 -1 -1 0
53 1 88 90 8 -1 -1 0
59 5 34 91 93 99 101 107 109 115 117 147 6 -1 -1 0
60 1 96 98 8 -1 -1 0
65 1 104 106 8 -1 -1 0
70 1 112 114 8 -1 -1 0
76 1 120 134 8 -1 -1 0
78 1 122 124 8 -1 -1 0
79 1 124 126 8 -1 -1 0
80 1 128 130 8 -1 -1 0
81 1 130 132 8 -1 -1 0
82 1 132 134 8 -1 -1 0
84 2 136 139 142 142 8 106 -1 0
88 2 40 40 144 147 8 104 -1 0
90 2 2 2 148 151 4 109 -1 0
92 1 152 154 2 -1 -1 0
96 1 156 158 2 -1 -1 0
97 1 158 160 2 -1 -1 0
98 1 162 164 2 -1 -1 0
99 1 164 166 2 -1 -1 0
100 1 166 168 2 -1 -1 0
102 1 30 32 4 -1 -1 0
103 5 32 91 93 99 101 107 109 115 117 147 8 -1 -1 0
104 5 40 91 93 99 101 107 109 115 117 144 28 88 -1 0
106 2 38 38 142 147 8 107 -1 0
107 8 4 4 38 91 93 99 101 107 109 115 117 136 139 142 147 151 26 108 -1 0
108 3 4 38 151 155 171 172 8 107 -1 0
109 5 2 91 93 99 101 107 109 115 117 148 18 90 -1 0
23 4 10 0 0 0 10 10
0 4 12 22 24
0 1 3 22 5 6 15 16 17 18



0 1 0 12 2 -1 -1 1
1 1 0 16 3 -1 -1 1
3 1 0 2 2 -1 -1 0
5 1 6 8 2 -1 -1 0
6 1 8 10 2 -1 -1 0
15 1 12 14 2 -1 -1 0
16 1 14 16 2 -1 -1 0
17 1 16 18 2 -1 -1 0
18 1 18 20 2 -1 -1 0
22 1 4 6 2 -1 -1 0
33 7 33 2 0 0 38 33
0 8 28 32 42 62 72 82
0 1 2 3 4 5 6 7 8 9 10 11 12 13 14 15 16 17 18 19 20 21 22 23 24 25 26 27 28 29 30 31 32
16 50


0 4 0 16 27 50 61 62 71 72 4 -1 2 1
1 2 0 8 27 32 3 -1 -1 1
2 1 0 80 8 -1 -1 1
3 1 0 2 2 -1 -1 0
4 2 2 7 27 28 3 -1 -1 0
5 1 4 6 2 -1 -1 0
6 1 8 10 2 -1 -1 0
7 1 10 16 2 -1 1 0
8 1 12 14 2 -1 -1 0
9 1 14 16 2 -1 5 0
10 1 16 18 2 -1 0 0
11 1 18 20 2 -1 -1 0
12 1 20 24 2 -1 -1 0
13 1 22 24 2 -1 -1 0
14 1 28 30 2 -1 -1 0
15 1 32 42 3 -1 -1 0
16 1 34 36 2 -1 -1 0
17 1 36 38 2 -1 -1 0
18 1 38 40 2 -1 -1 0
19 1 42 44 2 -1 -1 0
20 1 44 50 2 -1 1 0
21 1 46 48 2 -1 -1 0
22 1 48 50 2 -1 5 0
23 1 50 52 2 -1 0 0
24 1 52 54 2 -1 -1 0
25 1 54 58 2 -1 -1 0
26 1 56 58 2 -1 -1 0
27 1 62 64 2 -1 -1 0
28 1 64 68 2 -1 -1 0
29 1 66 68 2 -1 -1 0
30 1 72 74 2 -1 -1 0
31 1 74 78 2 -1 -1 0
32 1 76 78 2 -1 -1 0
1 1 1 0 0 0 1 1
0 4
0



0 1 0 0 1 -1 -1 1
23 7 14 2 0 0 23 14
0 8 10 24 26 32 34 36
0 1 2 3 22 5 6 11 12 13 14 15 18 19
20 28


0 3 0 7 9 23 25 28 2 -1 2 1
1 3 0 7 9 23 25 28 2 -1 1 1
2 3 0 7 9 23 25 28 3 -1 5 1
3 3 0 7 9 23 25 26 4 -1 -1 1
5 2 2 7 9 10 3 -1 -1 0
6 1 4 6 2 -1 -1 0
11 1 12 14 2 -1 -1 0
12 1 14 18 2 -1 -1 0
13 1 16 18 2 -1 -1 0
14 1 18 20 2 -1 5 0
15 1 20 22 2 -1 0 0
18 1 26 28 2 -1 4 0
19 1 28 30 2 -1 0 0
22 1 0 2 2 -1 -1 0
4 1 4 1 0 0 4 4
0 2
0 1 2 3
0


0 1 0 0 1 -1 2 1
1 1 0 0 1 -1 1 1
2 1 0 0 1 -1 5 1
3 1 0 0 1 -1 4 1
71 15 36 14 0 0 36 36
0 2 4 18 20 34 36 50 52 66 68 82 84 98 100 142
0 6 7 8 9 15 16 17 18 24 25 26 27 33 34 35 36 42 43 44 45 51 52 53 54 60 61 62 63 64 65 66 67 68 69 70
4 6 20 22 36 38 52 54 68 70 84 86 100 102


0 1 0 140 8 -1 -1 1
6 1 4 10 2 -1 0 0
7 1 6 114 4 -1 0 0
8 1 8 10 2 -1 -1 0
9 1 12 14 2 -1 -1 0
15 1 20 26 2 -1 0 0
16 1 22 118 4 -1 0 0
17 1 24 26 2 -1 -1 0
18 1 28 30 2 -1 -1 0
24 1 36 42 2 -1 0 0
25 1 38 122 4 -1 0 0
26 1 40 42 2 -1 -1 0
27 1 44 46 2 -1 -1 0
33 1 52 58 2 -1 0 0
34 1 54 126 4 -1 0 0
35 1 56 58 2 -1 -1 0
36 1 60 62 2 -1 -1 0
42 1 68 74 2 -1 0 0
43 1 70 130 4 -1 0 0
44 1 72 74 2 -1 -1 0
45 1 76 78 2 -1 -1 0
51 1 84 90 2 -1 0 0
52 1 86 134 4 -1 0 0
53 1 88 90 2 -1 -1 0
54 1 92 94 2 -1 -1 0
60 1 100 106 2 -1 0 0
61 1 102 138 4 -1 0 0
62 1 104 106 2 -1 -1 0
63 1 108 110 2 -1 -1 0
64 1 112 114 2 -1 -1 0
65 1 116 118 2 -1 -1 0
66 1 120 122 2 -1 -1 0
67 1 124 126 2 -1 -1 0
68 1 128 130 2 -1 -1 0
69 1 132 134 2 -1 -1 0
70 1 136 138 2 -1 -1 0
6 3 2 0 0 0 3 2
0 4 6 8
0 2



0 2 0 3 5 6 2 -1 -1 1
2 1 0 2 2 -1 -1 0
91 17 40 2 0 0 57 40
0 12 16 24 26 32 34 62 66 70 74 78 80 82 84 88 94 112
0 1 2 3 4 5 80 8 11 14 16 17 18 68 27 29 30 72 73 78 76 85 38 86 40 41 42 89 50 90 52 56 58 59 60 87 63 88 65 66
66 74


0 4 0 23 25 31 33 66 69 74 5 -1 2 1
1 4 0 23 25 31 33 66 69 74 4 -1 1 1
2 4 0 23 25 31 33 66 69 74 6 -1 5 1
3 3 0 23 25 31 33 82 2 -1 -1 1
4 1 0 2 2 -1 -1 0
5 1 2 16 2 -1 -1 0
8 3 6 23 25 31 33 38 3 -1 -1 0
11 1 8 10 2 -1 -1 0
14 1 12 14 2 -1 -1 0
16 1 16 18 2 -1 -1 0
17 1 18 20 2 -1 -1 0
18 1 20 22 2 -1 -1 0
27 1 28 30 2 -1 -1 0
29 1 34 36 2 -1 -1 0
30 1 36 102 5 -1 -1 0
38 1 48 50 2 -1 -1 0
40 1 54 56 2 -1 -1 0
41 1 56 58 2 -1 -1 0
42 2 58 84 87 90 5 -1 -1 0
50 1 66 66 1 -1 0 0
52 1 74 74 1 -1 0 0
56 2 84 87 94 94 2 60 -1 0
58 1 88 90 2 -1 -1 0
59 1 90 94 2 60 -1 0
60 1 94 108 2 56 -1 0
63 1 98 100 2 -1 -1 0
65 1 104 106 2 -1 -1 0
66 1 106 108 2 -1 -1 0
68 2 26 31 33 40 3 -1 -1 0
72 1 38 40 2 -1 -1 0
73 1 40 106 5 -1 -1 0
76 2 44 84 87 88 5 -1 -1 0
78 1 42 44 2 -1 -1 0
80 1 4 6 2 -1 -1 0
85 1 46 48 2 -1 -1 0
86 1 52 54 2 -1 -1 0
87 1 96 98 2 -1 -1 0
88 1 102 104 2 -1 -1 0
89 1 62 64 2 -1 -1 0
90 1 70 72 2 -1 -1 0
97 11 53 4 0 0 59 53
0 12 20 30 40 50 68 76 90 112 118 124
0 1 2 3 4 5 6 8 9 12 13 14 15 21 22 23 24 25 26 27 28 29 31 32 35 37 38 39 40 41 42 44 96 46 47 52 53 54 55 57 58 59 61 62 63 64 65 66 68 85 86 91 95
26 36 112 118


0 2 0 112 117 118 6 -1 2 1
1 2 0 111 117 118 1 -1 1 1
2 2 0 111 117 118 1 -1 5 1
3 2 0 111 117 118 7 -1 1 1
4 2 0 112 117 118 8 -1 1 1
5 1 0 2 2 -1 -1 0
6 1 2 78 3 -1 -1 0
8 1 4 6 2 -1 -1 0
9 1 6 56 4 -1 -1 0
12 1 8 10 2 -1 -1 0
13 1 12 14 2 -1 -1 0
14 1 14 16 2 -1 -1 0
15 1 16 18 2 -1 -1 0
21 1 20 20 1 -1 -1 0
22 1 22 24 2 -1 -1 0
23 1 24 26 2 -1 5 0
24 2 26 29 40 40 2 29 0 0
25 1 30 30 1 -1 -1 0
26 1 32 34 2 -1 -1 0
27 1 34 36 2 -1 2 0
28 1 36 40 2 29 0 0
29 1 40 112 3 24 5 0
31 1 42 44 2 -1 -1 0
32 1 44 46 2 -1 -1 0
35 1 46 48 2 -1 -1 0
37 1 50 52 2 -1 -1 0
38 1 52 54 2 -1 -1 0
39 1 56 58 2 -1 -1 0
40 1 58 60 2 -1 -1 0
41 1 60 62 2 -1 -1 0
42 1 62 64 2 -1 -1 0
44 1 64 66 2 -1 -1 0
46 1 70 76 3 -1 -1 0
47 1 72 74 2 -1 -1 0
52 1 78 80 2 -1 -1 0
53 1 80 82 2 -1 -1 0
54 1 82 84 2 -1 -1 0
55 1 84 86 2 -1 -1 0
57 1 86 88 2 -1 -1 0
58 1 90 92 2 -1 -1 0
59 1 92 100 3 -1 -1 0
61 1 94 96 2 -1 -1 0
62 1 96 98 2 -1 -1 0
63 1 100 102 2 -1 -1 0
64 1 102 104 2 -1 -1 0
65 1 104 106 2 -1 -1 0
66 1 106 108 2 -1 -1 0
68 1 108 110 2 -1 -1 0
85 1 112 114 2 -1 0 0
86 1 114 116 2 -1 -1 0
91 1 118 120 2 -1 0 0
95 1 120 122 2 -1 -1 0
96 1 68 70 2 -1 -1 0
13 3 11 1 0 0 11 11
0 20 22 24
0 1 2 3 4 5 6 7 8 9 10
10


0 1 0 10 1 -1 2 1
1 1 0 10 1 -1 1 1
2 1 0 0 1 -1 -1 0
3 1 2 2 1 -1 -1 0
4 1 4 4 1 -1 -1 0
5 1 6 8 2 -1 -1 0
6 1 8 10 2 -1 5 0
7 1 10 12 2 -1 0 0
8 1 12 14 2 -1 -1 0
9 1 14 16 2 -1 -1 0
10 1 16 18 2 -1 -1 0
26 7 16 1 0 0 18 16
0 4 8 18 24 26 34 36
0 1 2 3 4 24 13 18 21 8 9 11 14 15 20 25
28


0 1 0 33 2 -1 2 1
1 1 0 33 2 -1 1 1
2 1 0 33 2 -1 5 1
3 1 0 33 11 18 -1 1
4 1 0 33 4 -1 -1 1
8 1 10 14 6 -1 -1 0
9 1 12 14 4 -1 -1 0
11 1 14 28 4 -1 8 0
13 1 4 33 3 -1 -1 0
14 2 18 23 26 26 6 18 -1 0
15 1 20 22 4 -1 -1 0
18 2 8 8 26 33 8 21 3 0
20 1 28 28 2 -1 0 0
21 1 8 28 8 18 4 0
24 1 0 2 2 -1 -1 0
25 1 30 32 4 -1 -1 0
17 4 14 5 0 0 14 14
0 10 14 18 38
0 1 2 4 5 6 7 8 9 10 11 12 13 16
14 20 22 24 34


0 1 0 34 2 -1 1 1
1 1 0 2 2 -1 -1 0
2 1 2 4 2 -1 -1 0
4 1 4 32 5 -1 -1 0
5 1 6 8 2 -1 -1 0
6 1 10 12 2 -1 -1 0
7 1 14 14 1 -1 0 0
8 1 18 22 3 -1 2 0
9 1 20 28 3 -1 2 0
10 1 22 22 1 -1 0 0
11 1 24 36 5 -1 2 0
12 1 26 28 2 -1 -1 0
13 1 30 32 2 -1 -1 0
16 1 34 34 1 -1 0 0
3 3 3 2 0 0 4 3
0 4 6 10
0 1 2
4 6


0 2 0 3 5 6 2 -1 2 1
1 1 0 2 2 -1 -1 0
2 1 6 8 2 -1 0 0
6 1 5 1 0 0 5 5
0 2
0 1 2 3 4
0


0 1 0 0 1 -1 2 1
1 1 0 0 1 -1 1 1
2 1 0 0 1 -1 5 1
3 1 0 0 1 -1 8 1
4 1 0 0 1 -1 3 1
47 7 25 2 0 0 42 25
0 2 16 18 36 40 42 48
0 1 2 3 4 5 6 7 8 25 42 28 41 30 40 46 10 11 16 17 18 19 21 23 27
28 30


0 2 0 15 17 47 2 -1 2 1
1 2 0 15 17 47 2 -1 1 1
2 2 0 15 17 47 4 -1 -1 1
3 2 0 15 17 47 2 -1 1 1
4 1 0 2 2 42 -1 1
5 2 0 1 4 4 2 41 -1 1
6 2 0 1 6 6 2 40 -1 1
7 2 0 15 17 47 2 -1 -1 1
8 2 0 15 17 47 2 -1 -1 1
10 2 10 15 17 18 6 -1 -1 0
11 1 12 14 4 -1 -1 0
16 1 20 22 4 -1 -1 0
17 1 22 26 4 -1 -1 0
18 1 24 26 4 -1 -1 0
19 1 26 30 6 -1 2 0
21 1 28 34 6 -1 4 0
23 1 30 30 2 -1 0 0
25 2 2 2 32 47 4 42 -1 0
27 2 36 39 42 42 4 28 -1 0
28 2 4 4 42 47 4 41 -1 0
30 2 6 6 44 47 4 40 -1 0
40 2 6 15 17 44 6 30 3 0
41 3 4 15 17 36 39 42 8 28 8 0
42 2 2 15 17 32 10 25 -1 0
46 1 8 10 4 -1 -1 0
68 20 48 7 0 0 61 48
0 12 14 32 40 46 50 62 66 78 82 88 92 98 102 108 112 118 120 126 128
0 1 2 3 4 5 6 8 9 66 23 63 15 16 17 18 19 20 24 25 26 27 29 30 31 32 33 34 37 38 39 40 41 42 45 46 47 49 50 51 53 54 55 57 58 59 61 67
42 58 74 84 94 104 114


0 1 0 125 14 -1 2 1
1 1 0 4 2 -1 -1 1
2 1 0 125 14 -1 5 1
3 1 0 125 14 -1 8 1
4 1 0 125 14 -1 3 1
5 1 0 2 2 -1 -1 0
6 1 2 125 5 -1 -1 0
8 1 4 6 2 -1 -1 0
9 1 6 125 4 -1 -1 0
15 1 16 18 4 -1 -1 0
16 1 18 20 4 -1 -1 0
17 1 22 24 4 -1 -1 0
18 1 24 28 4 -1 -1 0
19 1 26 28 4 -1 -1 0
20 7 28 40 45 50 61 66 77 82 87 92 97 102 107 112 18 -1 -1 0
23 2 14 14 120 125 6 63 -1 0
24 1 32 34 4 -1 -1 0
25 7 34 39 45 49 61 65 77 81 87 91 97 101 107 108 16 -1 -1 0
26 1 36 38 4 -1 -1 0
27 1 40 42 4 -1 1 0
29 1 42 42 2 -1 0 0
30 1 46 48 4 -1 -1 0
31 1 50 52 4 -1 -1 0
32 1 52 54 4 -1 -1 0
33 1 54 56 4 -1 -1 0
34 1 56 58 4 -1 1 0
37 1 58 58 2 -1 0 0
38 1 62 64 4 -1 -1 0
39 1 66 68 4 -1 -1 0
40 1 68 70 4 -1 -1 0
41 1 70 72 4 -1 -1 0
42 1 72 74 4 -1 1 0
45 1 74 74 2 -1 0 0
46 1 78 80 4 -1 -1 0
47 1 82 84 4 -1 1 0
49 1 84 84 2 -1 0 0
50 1 88 90 4 -1 -1 0
51 1 92 94 4 -1 1 0
53 1 94 94 2 -1 0 0
54 1 98 100 4 -1 -1 0
55 1 102 104 4 -1 1 0
57 1 104 104 2 -1 0 0
58 1 108 110 4 -1 -1 0
59 1 112 114 4 -1 1 0
61 1 114 114 2 -1 0 0
63 1 14 120 8 23 -1 0
66 1 8 10 2 -1 -1 0
67 1 122 124 4 -1 -1 0
49 11 48 5 0 0 59 48
0 8 20 30 34 50 60 64 82 86 112 122
0 1 2 3 4 5 6 7 8 10 11 12 13 14 15 16 17 18 19 20 21 22 23 24 25 26 27 28 29 30 31 32 33 34 35 36 37 38 39 40 41 42 43 44 45 46 47 48
30 38 70 94 100


0 6 0 20 29 38 49 50 59 70 81 94 111 112 6 -1 2 1
1 3 0 12 59 64 81 88 6 -1 -1 1
2 2 0 19 29 30 1 -1 2 1
3 1 0 120 12 -1 -1 1
4 1 0 2 2 -1 -1 0
5 3 2 7 59 63 81 82 4 -1 -1 0
6 1 4 6 2 -1 -1 0
7 1 8 10 2 -1 -1 0
8 2 10 19 29 38 3 -1 1 0
10 1 12 14 2 -1 -1 0
11 1 14 16 2 -1 -1 0
12 1 16 18 2 -1 -1 0
13 1 20 22 2 -1 -1 0
14 1 22 26 2 -1 -1 0
15 1 24 26 2 -1 -1 0
16 1 30 32 2 -1 0 0
17 1 34 36 2 -1 -1 0
18 1 36 38 2 -1 5 0
19 1 38 40 2 -1 0 0
20 1 40 42 2 -1 -1 0
21 1 42 46 2 -1 -1 0
22 1 44 46 2 -1 -1 0
23 1 50 52 2 -1 -1 0
24 1 52 56 2 -1 -1 0
25 1 54 56 2 -1 -1 0
26 1 60 62 2 -1 -1 0
27 1 64 70 2 -1 1 0
28 1 66 68 2 -1 -1 0
29 1 68 70 2 -1 5 0
30 1 70 72 2 -1 0 0
31 1 72 74 2 -1 -1 0
32 1 74 78 2 -1 -1 0
33 1 76 78 2 -1 -1 0
34 1 82 84 2 -1 -1 0
35 1 86 100 2 -1 1 0
36 1 88 94 2 -1 1 0
37 1 90 92 2 -1 -1 0
38 1 92 94 2 -1 5 0
39 1 94 100 2 -1 2 0
40 1 96 98 2 -1 -1 0
41 1 98 100 2 -1 5 0
42 1 100 102 2 -1 0 0
43 1 102 104 2 -1 -1 0
44 1 104 108 2 -1 -1 0
45 1 106 108 2 -1 -1 0
46 1 112 114 2 -1 -1 0
47 1 114 118 2 -1 -1 0
48 1 116 118 2 -1 -1 0
23 4 10 0 0 0 10 10
0 4 12 22 24
0 1 3 22 5 6 15 16 17 18



0 1 0 12 2 -1 -1 1
1 1 0 16 3 -1 -1 1
3 1 0 2 2 -1 -1 0
5 1 6 8 2 -1 -1 0
6 1 8 10 2 -1 -1 0
15 1 12 14 2 -1 -1 0
16 1 14 16 2 -1 -1 0
17 1 16 18 2 -1 -1 0
18 1 18 20 2 -1 -1 0
22 1 4 6 2 -1 -1 0
34 4 22 1 0 0 23 22
0 8 10 38 40
0 1 2 3 4 5 6 24 25 31 23 28 12 13 15 16 17 18 19 20 21 33
30


0 1 0 37 3 -1 -1 1
1 1 0 37 2 -1 1 1
2 1 0 37 2 -1 5 1
3 1 0 37 2 -1 4 1
4 1 0 37 2 -1 8 1
5 1 0 37 2 -1 3 1
6 1 0 37 2 -1 -1 1
12 1 12 14 4 -1 -1 0
13 1 14 22 6 -1 -1 0
15 1 16 18 4 -1 -1 0
16 1 18 20 4 -1 -1 0
17 1 22 24 4 -1 -1 0
18 1 24 28 4 -1 -1 0
19 1 26 28 4 -1 -1 0
20 1 28 30 4 -1 2 0
21 1 30 30 2 -1 0 0
23 2 10 10 32 37 6 28 -1 0
24 1 0 2 2 -1 -1 0
25 1 2 37 4 -1 -1 0
28 1 10 32 8 23 -1 0
31 1 4 6 2 -1 -1 0
33 1 34 36 4 -1 -1 0
4 1 4 2 0 0 4 4
0 4
0 1 2 3
0 2


0 1 0 2 1 -1 1 1
1 1 0 2 1 -1 5 1
2 1 0 2 1 -1 4 1
3 1 0 2 2 -1 2 0
46 1 46 4 0 0 46 46
0 86
0 1 2 3 4 5 6 7 8 9 10 11 12 13 14 15 16 17 18 19 20 21 22 23 24 25 26 27 28 29 30 31 32 33 34 35 36 37 38 39 40 41 42 45 43 44
18 78 80 82


0 1 0 80 1 -1 1 1
1 1 0 80 2 -1 2 1
2 1 0 80 1 -1 4 1
3 1 0 84 2 -1 2 1
4 1 0 0 1 -1 -1 0
5 1 2 2 1 -1 -1 0
6 1 4 4 1 -1 -1 0
7 1 6 6 1 -1 -1 0
8 1 8 8 1 -1 -1 0
9 1 10 10 1 -1 -1 0
10 1 12 12 1 -1 -1 0
11 1 14 16 2 -1 -1 0
12 1 16 18 2 -1 1 0
13 1 18 80 2 -1 8 0
14 1 20 20 1 -1 -1 0
15 1 22 22 1 -1 -1 0
16 1 24 24 1 -1 -1 0
17 1 26 26 1 -1 -1 0
18 1 28 28 1 -1 -1 0
19 1 30 30 1 -1 -1 0
20 1 32 32 1 -1 -1 0
21 1 34 34 1 -1 -1 0
22 1 36 36 1 -1 -1 0
23 1 38 38 1 -1 -1 0
24 1 40 40 1 -1 -1 0
25 1 42 42 1 -1 -1 0
26 1 44 44 1 -1 -1 0
27 1 46 46 1 -1 -1 0
28 1 48 48 1 -1 -1 0
29 1 50 50 1 -1 -1 0
30 1 52 52 1 -1 -1 0
31 1 54 54 1 -1 -1 0
32 1 56 56 1 -1 -1 0
33 1 58 58 1 -1 -1 0
34 1 60 60 1 -1 -1 0
35 1 62 62 1 -1 -1 0
36 1 64 64 1 -1 -1 0
37 1 66 66 1 -1 -1 0
38 1 68 68 1 -1 -1 0
39 1 70 70 1 -1 -1 0
40 1 72 72 1 -1 -1 0
41 1 74 76 2 -1 -1 0
42 1 76 80 2 -1 3 0
43 1 80 82 2 -1 1 0
44 1 82 82 1 -1 0 0
45 1 78 80 2 -1 2 0
48 8 24 0 0 0 26 24
0 14 24 44 48 54 56 62 64
0 1 46 22 33 34 4 7 44 45 39 40 5 6 8 10 11 12 13 16 17 20 23 35



0 1 0 10 2 -1 -1 1
1 1 0 4 2 -1 -1 1
4 1 8 61 3 -1 -1 0
5 1 18 20 4 -1 -1 0
6 1 20 22 4 -1 -1 0
7 1 10 61 3 -1 -1 0
8 1 24 32 6 -1 -1 0
10 1 26 28 4 -1 -1 0
11 1 28 30 4 -1 -1 0
12 1 32 34 4 -1 -1 0
13 1 34 36 4 -1 -1 0
16 1 36 38 4 -1 -1 0
17 1 38 48 8 -1 -1 0
20 1 40 42 4 -1 -1 0
22 1 2 61 3 -1 -1 0
23 1 44 46 4 -1 -1 0
33 1 4 6 2 -1 -1 0
34 1 6 61 3 -1 -1 0
35 1 48 50 4 -1 -1 0
39 2 16 16 56 61 4 40 -1 0
40 1 16 56 8 39 -1 0
44 1 14 58 6 45 -1 0
45 2 14 14 58 61 4 44 -1 0
46 1 0 2 2 -1 -1 0
29 4 17 1 0 0 18 17
0 12 14 38 40
0 1 2 3 5 6 26 20 23 12 13 14 15 16 17 18 28
30


0 1 0 4 2 -1 -1 1
1 1 0 37 2 -1 1 1
2 1 0 2 2 -1 -1 0
3 1 2 37 5 -1 -1 0
5 1 4 6 2 -1 -1 0
6 1 6 37 4 -1 -1 0
12 1 16 18 4 -1 -1 0
13 1 18 20 4 -1 -1 0
14 1 22 24 4 -1 -1 0
15 1 24 28 4 -1 -1 0
16 1 26 28 4 -1 -1 0
17 1 28 30 4 -1 2 0
18 1 30 30 2 -1 0 0
20 2 14 14 32 37 6 23 -1 0
23 1 14 32 8 20 -1 0
26 1 8 10 2 -1 -1 0
28 1 34 36 4 -1 -1 0
23 6 12 0 0 0 16 12
0 2 12 14 28 32 34
0 1 15 18 22 3 4 8 9 10 11 13



0 2 0 11 13 31 4 -1 -1 1
1 1 0 2 2 18 -1 1
3 2 6 11 13 14 6 -1 -1 0
4 1 8 10 4 -1 -1 0
8 1 16 18 4 -1 -1 0
9 1 18 20 4 -1 -1 0
10 1 20 22 4 -1 -1 0
11 1 22 24 4 -1 -1 0
13 1 24 26 4 -1 -1 0
15 2 2 2 28 31 4 18 -1 0
18 2 2 28 31 32 12 15 -1 0
22 1 4 6 4 -1 -1 0
83 15 27 0 0 0 42 27
0 4 8 16 18 32 34 38 44 52 62 64 68 78 80 86
0 1 2 3 5 8 79 11 12 74 23 80 25 27 30 81 77 39 40 45 46 47 52 57 58 59 82



0 2 0 15 17 20 2 -1 -1 1
1 4 0 15 17 31 33 37 43 68 3 -1 -1 1
2 4 0 15 17 31 33 38 43 80 6 -1 -1 1
3 4 0 15 17 31 33 40 43 72 5 -1 -1 1
5 1 0 2 2 -1 -1 0
8 1 4 6 2 -1 -1 0
11 2 10 15 17 18 3 -1 -1 0
12 1 12 14 2 -1 -1 0
23 3 22 31 33 38 43 80 4 -1 -1 0
25 3 26 31 33 37 43 56 5 -1 -1 0
27 1 28 30 2 -1 -1 0
30 1 34 36 2 -1 -1 0
39 1 46 64 3 -1 -1 0
40 1 48 50 2 -1 -1 0
45 1 52 54 2 -1 -1 0
46 1 54 56 2 -1 -1 0
47 1 56 58 2 -1 -1 0
52 1 64 66 2 -1 -1 0
57 1 68 70 2 -1 -1 0
58 1 70 72 2 -1 -1 0
59 1 72 74 2 -1 -1 0
74 1 20 22 2 -1 -1 0
77 1 44 46 2 -1 -1 0
79 1 8 10 2 -1 -1 0
80 1 24 26 2 -1 -1 0
81 1 38 40 2 -1 -1 0
82 1 80 82 2 -1 -1 0
10 3 9 2 0 0 12 9
0 8 10 18
0 1 2 3 4 5 7 9 8
12 14


0 2 0 7 9 12 1 -1 2 1
1 2 0 7 9 14 1 -1 2 1
2 2 0 7 9 10 2 -1 -1 1
3 1 0 2 2 -1 -1 0
4 1 2 4 2 -1 -1 0
5 1 4 6 2 -1 -1 0
7 1 10 12 2 -1 1 0
8 1 14 14 1 -1 0 0
9 1 12 14 2 -1 1 0
43 15 24 0 0 0 26 24
0 4 14 20 24 26 34 40 42 48 50 58 66 68 74 76
0 1 2 3 25 42 9 15 16 27 29 28 31 39 32 33 36 41 21 22 7 10 17 26



0 1 0 8 2 -1 -1 1
1 1 0 73 6 -1 -1 1
2 1 0 73 6 -1 -1 1
3 1 0 73 4 -1 -1 1
7 1 52 60 8 -1 -1 0
9 1 6 73 8 -1 -1 0
10 1 54 56 4 -1 -1 0
15 1 8 10 2 -1 -1 0
16 1 10 73 5 -1 -1 0
17 1 60 62 4 -1 -1 0
21 2 50 50 68 73 6 22 -1 0
22 1 50 68 6 21 -1 0
25 1 0 2 2 -1 -1 0
26 1 70 72 4 -1 -1 0
27 1 14 16 2 -1 -1 0
28 1 20 22 2 -1 -1 0
29 1 16 18 2 -1 -1 0
31 1 26 42 6 39 -1 0
32 1 28 34 6 -1 -1 0
33 1 30 32 4 -1 -1 0
36 1 34 36 4 -1 -1 0
39 2 26 26 42 47 6 31 -1 0
41 1 44 46 4 -1 -1 0
42 1 4 6 2 -1 -1 0
107 14 42 0 0 0 44 42
0 22 32 62 66 74 78 84 86 96 102 104 106 112 114
0 1 2 93 30 95 41 96 69 97 71 5 8 91 92 86 87 6 7 9 11 12 13 14 16 18 19 21 22 24 25 28 31 103 43 45 54 104 105 73 74 106



0 1 0 18 2 -1 -1 1
1 1 0 4 2 -1 -1 1
2 1 0 12 2 -1 -1 1
5 1 16 111 3 -1 -1 0
6 1 26 28 4 -1 -1 0
7 1 28 30 4 -1 -1 0
8 1 18 111 3 -1 -1 0
9 1 32 40 6 -1 -1 0
11 1 34 36 4 -1 -1 0
12 1 36 38 4 -1 -1 0
13 1 40 42 4 -1 -1 0
14 1 42 44 4 -1 -1 0
16 1 44 54 8 -1 -1 0
18 1 46 48 4 -1 -1 0
19 1 48 96 16 -1 -1 0
21 1 50 52 4 -1 -1 0
22 1 52 80 6 -1 -1 0
24 1 54 56 4 -1 -1 0
25 1 56 98 6 -1 -1 0
28 1 58 60 4 -1 -1 0
30 1 2 111 3 -1 -1 0
31 1 62 64 4 -1 -1 0
41 1 6 111 5 -1 -1 0
43 1 68 74 6 -1 -1 0
45 1 70 72 4 -1 -1 0
54 1 74 76 4 -1 -1 0
69 1 10 111 3 -1 -1 0
71 1 14 111 5 -1 -1 0
73 1 90 92 4 -1 -1 0
74 1 92 94 4 -1 -1 0
86 2 24 24 106 111 4 87 -1 0
87 1 24 106 8 86 -1 0
91 1 22 108 6 92 -1 0
92 2 22 22 108 111 4 91 -1 0
93 1 0 2 2 -1 -1 0
95 1 4 6 2 -1 -1 0
96 1 8 10 2 -1 -1 0
97 1 12 14 2 -1 -1 0
103 1 66 68 4 -1 -1 0
104 1 78 80 4 -1 -1 0
105 1 88 90 4 -1 -1 0
106 1 96 98 4 -1 -1 0
216 42 87 0 0 0 127 87
0 4 6 18 22 26 30 34 38 42 68 74 86 98 102 106 110 114 116 118 126 128 130 132 144 146 150 176 182 196 210 214 218 222 226 238 240 242 254 256 258 262 264
0 1 2 3 4 5 6 103 210 110 211 116 122 121 120 119 118 209 112 202 138 204 145 139 158 175 180 186 187 188 189 132 191 133 194 140 146 147 148 159 153 154 160 212 164 213 169 176 181 182 190 196 198 206 72 208 79 73 96 37 44 56 57 58 59 61 102 63 101 74 80 81 82 97 89 90 98 214 14 215 22 38 45 46 60 64 108



0 2 0 62 149 170 4 -1 -1 1
1 2 0 46 149 154 3 -1 -1 1
2 2 0 42 149 150 3 -1 -1 1
3 3 0 237 239 253 255 261 19 -1 -1 1
4 3 0 237 239 253 255 261 5 103 -1 1
5 3 0 237 239 253 255 261 14 -1 -1 1
6 3 0 237 239 253 255 261 14 -1 -1 1
14 1 214 216 4 -1 -1 0
22 1 222 224 4 -1 -1 0
37 3 162 237 239 253 255 261 3 -1 -1 0
38 1 230 234 4 -1 -1 0
44 3 164 237 239 253 255 261 3 -1 -1 0
45 1 232 234 4 -1 -1 0
46 1 234 236 4 -1 -1 0
56 1 166 168 2 -1 -1 0
57 3 168 237 239 253 255 261 3 -1 -1 0
58 1 170 172 2 -1 -1 0
59 3 172 237 239 253 255 261 3 -1 -1 0
60 1 244 246 4 -1 -1 0
61 3 176 176 246 253 255 261 6 102 -1 0
63 3 178 178 248 253 255 261 6 101 -1 0
64 1 250 252 4 -1 -1 0
72 3 152 237 239 253 255 261 5 -1 -1 0
73 3 158 237 239 253 255 261 3 -1 -1 0
74 1 186 192 4 -1 -1 0
79 3 156 237 239 253 255 261 5 -1 -1 0
80 1 188 190 4 -1 -1 0
81 1 190 192 4 -1 -1 0
82 1 192 194 4 -1 -1 0
89 1 202 204 4 -1 -1 0
90 1 204 206 4 -1 -1 0
96 3 160 237 239 253 255 261 3 -1 -1 0
97 1 200 206 4 -1 -1 0
98 1 206 208 4 -1 -1 0
101 2 178 237 239 248 4 63 -1 0
102 2 176 237 239 244 18 103 -1 0
103 2 0 68 149 176 5 4 -1 0
108 1 258 260 4 -1 -1 0
110 3 8 237 239 253 255 261 11 -1 -1 0
112 1 38 40 2 -1 -1 0
116 3 12 237 239 253 255 261 11 -1 -1 0
118 1 30 32 2 -1 -1 0
119 1 26 28 2 -1 -1 0
120 1 22 24 2 -1 -1 0
121 1 18 20 2 -1 -1 0
122 1 14 16 2 -1 -1 0
132 1 68 134 18 103 -1 0
133 1 70 138 4 194 -1 0
138 1 44 149 5 -1 -1 0
139 1 50 149 3 -1 -1 0
140 1 76 82 4 -1 -1 0
145 1 48 149 5 -1 -1 0
146 1 78 80 4 -1 -1 0
147 1 80 82 4 -1 -1 0
148 1 82 84 4 -1 -1 0
153 1 90 92 4 -1 -1 0
154 1 92 94 4 -1 -1 0
158 1 52 149 3 -1 -1 0
159 1 88 94 4 -1 -1 0
160 1 94 96 4 -1 -1 0
164 1 102 104 4 -1 -1 0
169 1 110 112 4 -1 -1 0
175 1 54 149 3 -1 -1 0
176 1 118 122 4 -1 -1 0
180 1 56 149 3 -1 -1 0
181 1 120 122 4 -1 -1 0
182 1 122 124 4 -1 -1 0
186 1 58 60 2 -1 -1 0
187 1 60 149 3 -1 -1 0
188 1 62 64 2 -1 -1 0
189 1 64 149 3 -1 -1 0
190 1 134 136 4 -1 -1 0
191 2 68 68 136 149 6 132 -1 0
194 2 70 70 138 149 6 133 -1 0
196 1 140 142 4 -1 -1 0
198 1 146 148 4 -1 -1 0
202 1 42 44 2 -1 -1 0
204 1 46 48 2 -1 -1 0
206 1 150 152 2 -1 -1 0
208 1 154 156 2 -1 -1 0
209 1 34 36 2 -1 -1 0
210 1 6 8 2 -1 -1 0
211 1 10 12 2 -1 -1 0
212 1 98 100 4 -1 -1 0
213 1 106 108 4 -1 -1 0
214 1 210 212 4 -1 -1 0
215 1 218 220 4 -1 -1 0
124 24 69 0 0 0 79 69
0 8 32 36 40 54 78 86 90 96 98 100 102 112 116 132 156 164 168 174 176 178 180 190 192
0 1 58 59 63 121 3 11 12 13 14 111 38 49 50 66 69 115 116 117 70 109 71 106 76 77 78 122 80 82 83 84 85 87 88 89 90 91 92 94 95 101 108 118 119 120 67 68 57 60 18 19 20 123 22 24 25 26 27 29 30 31 32 33 34 36 39 51 64



0 1 0 189 6 -1 -1 1
1 1 0 24 2 -1 -1 1
3 1 10 16 3 -1 -1 0
11 1 12 14 2 -1 -1 0
12 2 14 35 111 189 4 -1 -1 0
13 1 16 18 2 -1 -1 0
14 1 18 28 2 -1 -1 0
18 1 124 126 4 -1 -1 0
19 1 126 128 4 -1 -1 0
20 1 128 130 4 -1 -1 0
22 1 134 142 6 -1 -1 0
24 1 136 138 4 -1 -1 0
25 1 138 140 4 -1 -1 0
26 1 142 144 4 -1 -1 0
27 1 144 146 4 -1 -1 0
29 1 146 156 6 -1 -1 0
30 1 148 150 4 -1 -1 0
31 1 150 152 4 -1 -1 0
32 1 152 154 4 -1 -1 0
33 1 156 158 4 -1 -1 0
34 1 158 168 8 -1 -1 0
36 1 160 162 4 -1 -1 0
38 1 22 189 5 -1 -1 0
39 1 164 166 4 -1 -1 0
49 1 24 26 2 -1 -1 0
50 1 26 189 5 -1 -1 0
51 1 168 170 4 -1 -1 0
57 2 120 120 180 189 6 60 -1 0
58 1 0 2 2 -1 -1 0
59 1 2 189 7 -1 -1 0
60 1 120 180 8 57 -1 0
63 1 4 6 2 -1 -1 0
64 1 186 188 4 -1 -1 0
66 4 28 39 42 42 111 115 118 118 5 70 -1 0
67 1 118 182 6 66 -1 0
68 2 118 118 182 189 4 67 -1 0
69 1 32 34 2 -1 -1 0
70 1 42 104 6 66 -1 0
71 1 44 102 6 106 -1 0
76 1 46 48 4 -1 -1 0
77 1 48 50 4 -1 -1 0
78 1 50 52 4 -1 -1 0
80 1 56 64 6 -1 -1 0
82 1 58 60 4 -1 -1 0
83 1 60 62 4 -1 -1 0
84 1 64 66 4 -1 -1 0
85 1 66 68 4 -1 -1 0
87 1 68 78 6 -1 -1 0
88 1 70 72 4 -1 -1 0
89 1 72 74 4 -1 -1 0
90 1 74 76 4 -1 -1 0
91 1 78 80 4 -1 -1 0
92 1 80 90 8 -1 -1 0
94 1 82 84 4 -1 -1 0
95 1 86 88 4 -1 -1 0
101 1 90 92 4 -1 -1 0
106 2 44 44 102 111 6 71 -1 0
108 1 108 110 4 -1 -1 0
109 2 42 42 104 111 4 70 -1 0
111 1 20 22 2 -1 -1 0
115 1 36 40 3 116 -1 0
116 1 40 106 6 115 -1 0
117 2 40 40 106 111 4 116 -1 0
118 1 112 116 3 119 -1 0
119 1 116 184 6 118 -1 0
120 2 116 116 184 189 4 119 -1 0
121 1 8 10 2 -1 -1 0
122 1 54 56 4 -1 -1 0
123 1 132 134 4 -1 -1 0
905 150 452 88 0 0 511 452
0 18 30 34 38 42 72 76 80 114 126 130 134 152 156 160 178 182 186 204 208 212 230 240 242 246 252 254 268 272 282 284 288 294 296 310 340 350 354 356 360 366 370 372 474 486 488 502 514 518 520 526 542 544 550 552 562 566 570 590 594 598 642 646 650 670 674 678 696 700 704 734 738 742 776 780 784 804 812 816 834 852 858 876 902 904 928 948 956 982 984 988 1014 1018 1022 1028 1032 1042 1046 1050 1052 1062 1068 1070 1076 1078 1090 1096 1098 1104 1108 1112 1116 1134 1144 1148 1150 1160 1164 1170 1172 1178 1180 1192 1196 1202 1204 1210 1214 1234 1248 1250 1254 1258 1260 1264 1266 1270 1276 1282 1286 1290 1292 1298 1302 1308 1314 1324 1326 1334 1350
0 1 2 3 4 5 6 7 8 9 10 11 534 868 15 17 18 19 20 22 23 24 25 26 27 28 29 30 31 33 34 38 39 41 43 44 45 46 47 48 49 50 51 53 54 55 537 58 59 60 541 542 543 544 545 548 61 63 64 552 553 554 890 68 69 71 72 73 74 75 891 78 79 81 82 83 84 85 892 88 89 91 92 93 94 95 606 104 105 106 107 621 629 717 110 583 108 607 608 117 118 119 120 634 642 718 123 582 121 609 125 126 127 128 129 130 131 132 133 557 135 588 610 140 141 142 143 649 647 816 817 818 719 814 722 724 728 730 734 736 740 742 746 748 752 754 758 760 764 766 770 772 776 778 782 784 788 790 794 796 800 802 806 808 812 820 652 657 655 659 146 581 144 611 561 562 559 560 149 893 164 579 153 156 157 158 159 160 613 168 169 170 894 173 174 175 176 177 178 179 180 895 183 184 185 186 187 188 189 190 192 193 194 195 196 197 198 199 200 202 205 896 208 209 211 212 213 214 215 217 897 220 221 223 224 225 226 227 898 230 231 233 234 235 236 237 242 246 247 249 869 252 253 254 255 256 257 258 259 260 261 263 265 267 269 273 275 277 899 280 281 283 284 285 286 287 292 293 575 576 415 572 298 299 306 307 308 309 310 311 312 870 316 871 318 319 320 322 328 331 872 334 873 336 337 338 340 341 343 346 347 874 350 875 352 353 354 578 876 359 877 361 362 363 369 370 371 372 373 374 375 376 377 378 380 381 382 383 385 388 389 878 392 879 394 395 396 577 398 400 403 404 880 407 881 409 410 411 573 574 900 840 419 841 421 661 660 663 673 882 666 668 883 675 435 571 884 423 425 885 616 901 438 439 441 442 443 444 445 902 846 454 847 456 676 677 698 886 680 682 686 695 700 491 570 887 458 460 468 487 618 903 854 496 855 498 505 506 507 508 861 526 569 566 567 888 500 502 704 703 904 707 714 710 711 863 864 865 514 568 867 509 510 866 701 889 522 620 528 529 530 531
38 44 46 48 58 60 62 76 82 84 86 130 156 160 162 164 182 186 188 190 208 212 214 216 248 290 332 522 552 554 556 566 572 574 576 594 600 602 604 634 636 646 650 652 654 664 674 678 680 682 700 704 706 708 718 720 722 724 738 744 746 748 758 760 762 764 766 768 770 780 784 786 788 798 800 852 876 878 938 956 958 988 990 1112 1116 1118 1120 1334


0 2 0 17 29 800 3 -1 2 1
1 2 0 17 29 328 4 -1 -1 1
2 2 0 17 29 800 3 -1 5 1
3 2 0 17 29 636 3 -1 2 1
4 2 0 17 29 800 5 -1 2 1
5 2 0 17 29 1333 100 -1 1 1
6 2 0 17 29 1027 6 588 -1 1
7 2 0 17 29 549 3 -1 2 1
8 1 0 1348 6 -1 -1 1
9 1 0 0 1 -1 -1 0
10 1 2 4 2 -1 -1 0
11 2 4 17 29 768 8 -1 2 0
15 1 12 14 2 -1 -1 0
17 1 14 16 2 -1 -1 0
18 1 18 18 1 -1 -1 0
19 1 20 20 1 -1 -1 0
20 1 22 22 1 -1 -1 0
22 1 24 26 2 -1 -1 0
23 1 30 32 2 -1 -1 0
24 1 34 36 2 -1 -1 0
25 1 38 38 1 -1 0 0
26 1 42 786 11 -1 2 0
27 1 44 52 3 -1 2 0
28 1 46 46 1 -1 0 0
29 1 48 1027 13 -1 1 0
30 1 50 52 2 -1 -1 0
31 1 54 56 2 -1 -1 0
33 1 58 58 1 -1 0 0
34 1 60 60 1 -1 0 0
38 1 62 64 2 -1 0 0
39 1 64 66 2 -1 -1 0
41 1 66 612 14 -1 1 0
43 1 68 70 2 -1 -1 0
44 1 72 74 2 -1 -1 0
45 1 76 76 1 -1 0 0
46 1 80 84 3 -1 2 0
47 1 82 90 3 -1 2 0
48 1 84 84 1 -1 0 0
49 1 86 1027 14 -1 5 0
50 1 88 90 2 -1 -1 0
51 1 92 94 2 -1 -1 0
53 1 96 96 1 -1 -1 0
54 1 98 100 2 -1 -1 0
55 2 100 126 129 130 5 -1 2 0
58 1 106 106 1 -1 -1 0
59 1 108 110 2 -1 -1 0
60 2 110 130 134 134 4 61 5 0
61 1 134 1027 6 60 8 0
63 1 136 138 2 -1 -1 0
64 1 138 800 5 -1 4 0
68 1 152 154 2 -1 -1 0
69 1 156 156 1 -1 0 0
71 1 160 168 3 -1 2 0
72 1 162 162 1 -1 0 0
73 1 164 766 12 -1 1 0
74 1 166 168 2 -1 -1 0
75 1 170 172 2 -1 -1 0
78 1 178 180 2 -1 -1 0
79 1 182 182 1 -1 0 0
81 1 186 194 3 -1 2 0
82 1 188 188 1 -1 0 0
83 1 190 1027 10 -1 1 0
84 1 192 194 2 -1 -1 0
85 1 196 198 2 -1 -1 0
88 1 204 206 2 -1 -1 0
89 1 208 208 1 -1 0 0
91 1 212 220 3 -1 2 0
92 1 214 214 1 -1 0 0
93 1 216 1342 42 -1 1 0
94 1 218 220 2 -1 -1 0
95 1 222 224 2 -1 -1 0
104 1 230 232 2 -1 -1 0
105 2 232 245 251 267 4 -1 -1 0
106 1 234 236 2 -1 -1 0
107 2 236 246 251 267 4 -1 -1 0
108 1 258 260 4 -1 -1 0
110 2 254 254 262 267 6 583 -1 0
117 1 272 274 2 -1 -1 0
118 2 274 287 293 309 4 -1 -1 0
119 1 276 278 2 -1 -1 0
120 2 278 288 293 309 4 -1 -1 0
121 1 300 302 4 -1 -1 0
123 2 296 296 304 309 6 582 -1 0
125 1 310 310 1 -1 -1 0
126 1 312 312 1 -1 -1 0
127 1 314 314 1 -1 -1 0
128 1 316 316 1 -1 -1 0
129 1 318 318 1 -1 -1 0
130 1 320 320 1 -1 -1 0
131 1 322 322 1 -1 -1 0
132 1 324 326 2 -1 -1 0
133 1 326 332 3 -1 2 0
135 1 332 332 1 -1 0 0
140 1 340 342 2 -1 -1 0
141 2 342 359 485 501 4 -1 -1 0
142 1 344 346 2 -1 -1 0
143 1 346 501 37 -1 -1 0
144 1 492 494 4 -1 -1 0
146 2 488 488 496 501 6 581 -1 0
149 1 510 512 2 -1 -1 0
153 1 522 524 4 -1 0 0
156 1 526 528 4 -1 -1 0
157 1 528 530 4 -1 -1 0
158 1 532 534 4 -1 -1 0
159 1 534 536 4 -1 -1 0
160 1 536 538 4 -1 -1 0
164 2 520 520 544 549 6 579 -1 0
168 1 552 552 1 -1 0 0
169 1 554 554 1 -1 0 0
170 1 556 556 1 -1 0 0
173 1 562 564 2 -1 -1 0
174 1 566 566 1 -1 0 0
175 1 570 574 3 -1 2 0
176 1 572 580 3 -1 2 0
177 1 574 574 1 -1 0 0
178 1 576 800 7 -1 1 0
179 1 578 580 2 -1 -1 0
180 1 582 584 2 -1 -1 0
183 1 590 592 2 -1 -1 0
184 1 594 594 1 -1 0 0
185 1 598 602 3 -1 2 0
186 1 600 608 3 -1 2 0
187 1 602 602 1 -1 0 0
188 1 604 766 4 -1 0 0
189 1 606 608 2 -1 -1 0
190 1 610 612 2 -1 -1 0
192 1 614 614 1 -1 -1 0
193 1 616 616 1 -1 -1 0
194 1 618 618 1 -1 -1 0
195 1 620 620 1 -1 -1 0
196 1 622 622 1 -1 -1 0
197 1 624 624 1 -1 -1 0
198 1 626 626 1 -1 -1 0
199 1 628 630 2 -1 -1 0
200 1 630 634 3 -1 2 0
202 1 634 634 1 -1 0 0
205 1 636 1334 2 -1 1 0
208 1 642 644 2 -1 -1 0
209 1 646 646 1 -1 0 0
211 1 650 658 3 -1 2 0
212 1 652 652 1 -1 0 0
213 1 654 758 6 -1 2 0
214 1 656 658 2 -1 -1 0
215 1 660 662 2 -1 -1 0
217 1 664 664 1 -1 0 0
220 1 670 672 2 -1 -1 0
221 1 674 674 1 -1 0 0
223 1 678 686 3 -1 2 0
224 1 680 680 1 -1 0 0
225 1 682 800 7 -1 2 0
226 1 684 686 2 -1 -1 0
227 1 688 690 2 -1 -1 0
230 1 696 698 2 -1 -1 0
231 1 700 700 1 -1 0 0
233 1 704 712 3 -1 2 0
234 1 706 706 1 -1 0 0
235 1 708 800 6 -1 2 0
236 1 710 712 2 -1 -1 0
237 1 714 716 2 -1 -1 0
242 1 718 718 1 -1 0 0
246 1 720 720 1 -1 0 0
247 1 722 722 1 -1 0 0
249 1 724 770 4 -1 5 0
252 1 728 756 5 -1 -1 0
253 1 730 732 2 -1 -1 0
254 1 734 736 2 -1 -1 0
255 1 738 738 1 -1 0 0
256 1 742 746 3 -1 2 0
257 1 744 752 3 -1 2 0
258 1 746 746 1 -1 0 0
259 1 748 766 8 -1 1 0
260 1 750 752 2 -1 -1 0
261 1 754 756 2 -1 -1 0
263 1 758 766 5 -1 1 0
265 1 760 760 1 -1 0 0
267 1 762 762 1 -1 0 0
269 1 764 766 2 -1 0 0
273 1 766 768 2 -1 3 0
275 1 768 804 3 576 0 0
277 1 770 770 1 -1 0 0
280 1 776 778 2 -1 -1 0
281 1 780 780 1 -1 0 0
283 1 784 792 3 -1 2 0
284 1 786 786 1 -1 0 0
285 1 788 1027 7 -1 2 0
286 1 790 792 2 -1 -1 0
287 1 794 796 2 -1 -1 0
292 1 798 798 1 -1 0 0
293 1 800 800 1 -1 0 0
298 1 808 810 4 -1 -1 0
299 1 812 814 4 -1 -1 0
306 1 816 818 4 -1 -1 0
307 1 818 820 4 -1 -1 0
308 1 822 824 4 -1 -1 0
309 1 824 826 4 -1 -1 0
310 1 826 828 4 -1 -1 0
311 1 828 830 4 -1 -1 0
312 1 830 832 4 -1 -1 0
316 1 836 838 4 -1 -1 0
318 1 842 844 4 -1 -1 0
319 1 844 846 4 -1 -1 0
320 1 846 848 4 -1 -1 0
322 1 848 850 4 -1 -1 0
328 1 852 916 18 -1 1 0
331 1 854 856 4 -1 -1 0
334 1 860 862 4 -1 -1 0
336 1 866 868 4 -1 -1 0
337 1 868 870 4 -1 -1 0
338 1 870 872 4 -1 -1 0
340 1 872 874 4 -1 -1 0
341 1 876 898 8 -1 5 0
343 1 878 898 6 -1 0 0
346 1 880 882 4 -1 -1 0
347 1 882 896 4 -1 -1 0
350 1 886 888 4 -1 -1 0
352 1 892 894 4 -1 -1 0
353 1 894 896 4 -1 -1 0
354 2 898 901 904 904 4 578 -1 0
359 1 908 920 6 -1 -1 0
361 1 914 922 6 -1 -1 0
362 1 916 918 4 -1 -1 0
363 1 918 924 4 -1 -1 0
369 1 922 924 4 -1 -1 0
370 1 928 928 2 -1 -1 0
371 1 930 930 2 -1 -1 0
372 1 932 932 2 -1 -1 0
373 1 934 936 4 -1 -1 0
374 1 936 938 4 -1 5 0
375 1 938 948 6 -1 0 0
376 1 940 942 4 -1 -1 0
377 1 942 944 4 -1 -1 0
378 1 944 946 4 -1 -1 0
380 1 948 950 4 -1 -1 0
381 1 950 952 4 -1 -1 0
382 1 952 954 4 -1 -1 0
383 1 956 978 8 -1 5 0
385 1 958 978 6 -1 0 0
388 1 960 962 4 -1 -1 0
389 1 962 976 4 -1 -1 0
392 1 966 968 4 -1 -1 0
394 1 972 974 4 -1 -1 0
395 1 974 976 4 -1 -1 0
396 2 978 981 984 984 4 577 -1 0
398 1 988 1010 8 -1 5 0
400 1 990 1010 6 -1 0 0
403 1 992 994 4 -1 -1 0
404 1 994 1008 4 -1 -1 0
407 1 998 1000 4 -1 -1 0
409 1 1004 1006 4 -1 -1 0
410 1 1006 1008 4 -1 -1 0
411 1 1010 1014 4 573 -1 0
415 2 806 806 1024 1027 4 572 -1 0
419 2 1034 1049 1075 1103 4 -1 -1 0
421 1 1038 1103 9 -1 -1 0
423 1 1084 1086 4 -1 -1 0
425 1 1086 1088 4 -1 -1 0
435 2 1078 1078 1098 1103 6 571 -1 0
438 1 1108 1110 2 -1 -1 0
439 1 1112 1112 1 -1 0 0
441 1 1116 1209 7 -1 2 0
442 1 1118 1118 1 -1 0 0
443 1 1120 1226 5 -1 0 0
444 1 1122 1124 2 -1 -1 0
445 1 1126 1128 2 -1 -1 0
454 2 1136 1147 1177 1209 4 -1 -1 0
456 1 1140 1209 5 -1 -1 0
458 1 1186 1196 8 -1 -1 0
460 1 1188 1190 4 -1 -1 0
468 1 1192 1194 4 -1 -1 0
487 1 1196 1198 4 -1 -1 0
491 2 1180 1180 1204 1209 6 570 -1 0
496 1 1216 1333 3 -1 -1 0
498 1 1220 1333 5 -1 -1 0
500 1 1242 1244 4 -1 -1 0
502 1 1244 1246 4 -1 -1 0
505 1 1222 1224 2 -1 -1 0
506 1 1224 1333 6 -1 -1 0
507 1 1226 1228 2 -1 -1 0
508 1 1228 1333 9 -1 -1 0
509 1 1302 1304 8 -1 -1 0
510 1 1304 1306 8 -1 -1 0
514 3 1292 1292 1298 1298 1308 1313 14 568 -1 0
522 2 1320 1323 1326 1326 4 566 -1 0
526 2 1234 1234 1328 1333 6 569 -1 0
528 1 1334 1346 2 -1 0 0
529 1 1336 1338 2 -1 -1 0
530 1 1340 1342 2 -1 -1 0
531 1 1344 1346 2 -1 -1 0
534 1 6 8 2 -1 -1 0
537 1 102 104 2 -1 -1 0
541 1 114 116 2 -1 -1 0
542 1 116 118 2 -1 -1 0
543 1 118 120 2 -1 -1 0
544 1 120 122 2 -1 -1 0
545 1 122 124 2 -1 -1 0
548 1 130 134 2 61 0 0
552 1 140 142 2 -1 -1 0
553 1 142 146 2 -1 -1 0
554 1 144 146 2 -1 -1 0
557 1 328 632 3 -1 -1 0
559 1 506 508 2 -1 -1 0
560 1 508 510 2 -1 -1 0
561 1 502 504 2 -1 -1 0
562 1 504 506 2 -1 -1 0
566 2 1236 1236 1326 1333 4 567 -1 0
567 5 1236 1266 1282 1282 1285 1292 1298 1298 1323 1326 24 566 -1 0
568 3 1292 1297 1301 1308 1314 1314 18 567 -1 0
569 1 1234 1328 10 526 -1 0
570 1 1180 1204 8 491 -1 0
571 1 1078 1098 12 572 -1 0
572 3 806 1024 1027 1052 1075 1078 44 415 1 0
573 1 1014 1018 4 411 -1 0
574 1 1018 1022 4 573 -1 0
575 2 804 804 1022 1027 4 576 -1 0
576 7 804 878 901 904 927 958 981 984 987 990 1022 1022 1027 1334 17 575 1 0
577 2 984 987 1014 1014 4 576 -1 0
578 2 904 927 1018 1018 4 576 -1 0
579 1 520 544 10 164 1 0
581 1 488 496 8 588 -1 0
582 1 296 304 8 123 -1 0
583 1 254 262 8 110 -1 0
588 3 334 372 474 474 485 488 9 6 -1 0
606 1 226 228 2 -1 -1 0
607 1 264 266 4 -1 -1 0
608 1 268 270 2 -1 -1 0
609 1 306 308 4 -1 -1 0
610 1 336 338 2 -1 -1 0
611 1 498 500 4 -1 -1 0
613 1 546 548 4 -1 -1 0
616 1 1100 1102 4 -1 -1 0
618 1 1206 1208 4 -1 -1 0
620 1 1330 1332 4 -1 -1 0
621 1 242 244 2 -1 -1 0
629 1 246 248 2 -1 2 0
634 1 284 286 2 -1 -1 0
642 1 288 290 2 -1 2 0
647 1 356 358 2 -1 -1 0
649 1 350 352 2 -1 -1 0
652 1 474 480 6 588 -1 0
655 1 476 478 4 -1 -1 0
657 2 474 474 480 485 6 652 -1 0
659 1 482 484 4 -1 -1 0
660 1 1046 1048 2 -1 -1 0
661 1 1042 1044 2 -1 -1 0
663 1 1052 1070 10 572 -1 0
666 1 1056 1058 4 -1 -1 0
668 1 1058 1060 4 -1 -1 0
673 2 1052 1052 1070 1075 6 663 -1 0
675 1 1072 1074 4 -1 -1 0
676 1 1144 1146 2 -1 -1 0
677 1 1150 1172 6 698 -1 0
680 1 1154 1164 8 -1 -1 0
682 1 1156 1158 4 -1 -1 0
686 1 1160 1162 4 -1 -1 0
695 1 1164 1166 4 -1 -1 0
698 2 1150 1150 1172 1177 6 677 -1 0
700 1 1174 1176 4 -1 -1 0
701 1 1314 1320 6 568 -1 0
703 1 1254 1256 4 -1 -1 0
704 1 1250 1252 4 -1 -1 0
707 2 1266 1276 1314 1314 14 567 -1 0
710 1 1270 1272 8 -1 -1 0
711 1 1272 1274 8 -1 -1 0
714 2 1266 1266 1276 1282 14 707 -1 0
717 1 248 248 1 -1 0 0
718 1 290 290 1 -1 0 0
719 1 372 468 36 588 -1 0
722 1 374 376 4 -1 -1 0
724 1 378 380 4 -1 -1 0
728 1 380 382 4 -1 -1 0
730 1 384 386 4 -1 -1 0
734 1 386 388 4 -1 -1 0
736 1 390 392 4 -1 -1 0
740 1 392 394 4 -1 -1 0
742 1 396 398 4 -1 -1 0
746 1 398 400 4 -1 -1 0
748 1 402 404 4 -1 -1 0
752 1 404 406 4 -1 -1 0
754 1 408 410 4 -1 -1 0
758 1 410 412 4 -1 -1 0
760 1 414 416 4 -1 -1 0
764 1 416 418 4 -1 -1 0
766 1 420 422 4 -1 -1 0
770 1 422 424 4 -1 -1 0
772 1 426 428 4 -1 -1 0
776 1 428 430 4 -1 -1 0
778 1 432 434 4 -1 -1 0
782 1 434 436 4 -1 -1 0
784 1 438 440 4 -1 -1 0
788 1 440 442 4 -1 -1 0
790 1 444 446 4 -1 -1 0
794 1 446 448 4 -1 -1 0
796 1 450 452 4 -1 -1 0
800 1 452 454 4 -1 -1 0
802 1 456 458 4 -1 -1 0
806 1 458 460 4 -1 -1 0
808 1 462 464 4 -1 -1 0
812 1 464 466 4 -1 -1 0
814 2 372 372 468 474 8 719 -1 0
816 1 360 473 5 -1 -1 0
817 1 362 364 2 -1 -1 0
818 1 366 368 2 -1 -1 0
820 1 470 472 4 -1 -1 0
840 1 1032 1034 2 -1 -1 0
841 1 1036 1038 2 -1 -1 0
846 1 1134 1136 2 -1 -1 0
847 1 1138 1140 2 -1 -1 0
854 1 1214 1216 2 -1 -1 0
855 1 1218 1220 2 -1 -1 0
861 1 1230 1333 3 -1 -1 0
863 1 1278 1280 8 -1 -1 0
864 2 1282 1285 1314 1314 4 567 -1 0
865 1 1286 1288 4 -1 -1 0
866 1 1310 1312 8 -1 -1 0
867 2 1298 1301 1314 1314 4 567 -1 0
868 1 10 12 2 -1 -1 0
869 1 726 728 2 -1 -1 0
870 1 834 836 4 -1 -1 0
871 1 840 842 4 -1 -1 0
872 1 858 860 4 -1 -1 0
873 1 864 866 4 -1 -1 0
874 1 884 886 4 -1 -1 0
875 1 890 892 4 -1 -1 0
876 1 906 908 4 -1 -1 0
877 1 912 914 4 -1 -1 0
878 1 964 966 4 -1 -1 0
879 1 970 972 4 -1 -1 0
880 1 996 998 4 -1 -1 0
881 1 1002 1004 4 -1 -1 0
882 1 1054 1056 4 -1 -1 0
883 1 1062 1064 4 -1 -1 0
884 1 1082 1084 4 -1 -1 0
885 1 1090 1092 4 -1 -1 0
886 1 1152 1154 4 -1 -1 0
887 1 1184 1186 4 -1 -1 0
888 1 1240 1242 4 -1 -1 0
889 1 1316 1318 4 -1 -1 0
890 1 148 150 2 -1 -1 0
891 1 174 176 2 -1 -1 0
892 1 200 202 2 -1 -1 0
893 1 514 516 2 -1 -1 0
894 1 558 560 2 -1 -1 0
895 1 586 588 2 -1 -1 0
896 1 638 640 2 -1 -1 0
897 1 666 668 2 -1 -1 0
898 1 692 694 2 -1 -1 0
899 1 772 774 2 -1 -1 0
900 1 1028 1030 2 -1 -1 0
901 1 1104 1106 2 -1 -1 0
902 1 1130 1132 2 -1 -1 0
903 1 1210 1212 2 -1 -1 0
904 1 1260 1262 4 -1 -1 0
18 3 17 1 0 0 19 17
0 8 20 40
0 1 2 3 4 5 6 7 8 10 11 12 13 14 15 16 17
28


0 2 0 7 19 28 1 -1 2 1
1 2 0 7 19 20 2 -1 -1 1
2 1 0 38 5 -1 -1 1
3 1 0 2 2 -1 -1 0
4 1 2 4 2 -1 -1 0
5 1 4 6 2 -1 -1 0
6 1 8 8 1 -1 -1 0
7 1 10 10 1 -1 -1 0
8 1 12 12 1 -1 -1 0
10 1 14 16 2 -1 -1 0
11 1 20 28 2 -1 1 0
12 1 22 22 1 -1 -1 0
13 1 24 26 2 -1 -1 0
14 1 26 28 2 -1 5 0
15 1 28 36 2 -1 0 0
16 1 30 32 2 -1 -1 0
17 1 34 36 2 -1 -1 0
12 1 7 0 0 0 7 7
0 16
0 1 4 5 6 7 11



0 1 0 0 1 -1 -1 1
1 1 0 14 2 -1 -1 1
4 1 0 8 2 -1 -1 0
5 1 2 2 1 -1 -1 0
6 1 4 6 2 -1 -1 0
7 1 6 12 3 -1 -1 0
11 1 8 10 2 -1 -1 0
145 35 74 0 0 0 100 74
0 2 26 30 34 38 44 56 60 62 70 74 78 80 96 100 102 112 116 120 136 142 152 156 160 164 166 170 186 192 202 206 210 214 216 220
0 1 5 92 13 14 16 17 19 20 21 22 101 106 105 143 139 140 108 127 109 123 115 116 118 120 133 134 144 102 103 90 91 34 89 25 26 28 30 136 137 104 35 36 141 39 41 49 50 57 88 44 51 52 54 58 60 8 61 62 142 65 67 75 76 83 87 70 77 78 80 84 86 9



0 1 0 170 3 -1 -1 1
1 1 0 4 1 92 -1 1
5 1 2 10 3 -1 -1 0
8 2 166 209 213 216 3 60 -1 0
9 1 216 218 2 86 -1 0
13 1 6 8 2 -1 -1 0
14 2 8 38 73 111 8 -1 -1 0
16 1 10 12 2 -1 -1 0
17 1 12 18 3 -1 -1 0
19 1 14 16 2 -1 -1 0
20 2 16 33 73 111 4 -1 -1 0
21 1 18 20 2 -1 -1 0
22 1 20 22 2 -1 -1 0
25 1 88 90 4 -1 -1 0
26 1 90 96 6 -1 -1 0
28 1 92 94 4 -1 -1 0
30 2 96 99 102 102 4 90 -1 0
34 2 84 84 104 111 6 89 -1 0
35 1 120 122 2 -1 -1 0
36 1 122 130 3 -1 -1 0
39 1 126 155 4 -1 -1 0
41 1 128 136 3 88 -1 0
44 1 138 140 4 -1 -1 0
49 1 130 132 2 -1 -1 0
50 1 132 155 3 -1 -1 0
51 1 144 146 4 -1 -1 0
52 1 146 148 4 -1 -1 0
54 1 148 150 4 -1 -1 0
57 2 136 136 152 155 4 88 -1 0
58 1 156 158 2 -1 -1 0
60 2 160 163 166 166 2 8 -1 0
61 1 170 172 2 -1 -1 0
62 1 172 180 3 -1 -1 0
65 1 176 205 4 -1 -1 0
67 1 178 186 3 87 -1 0
70 1 188 190 4 -1 -1 0
75 1 180 182 2 -1 -1 0
76 1 182 205 3 -1 -1 0
77 1 194 196 4 -1 -1 0
78 1 196 198 4 -1 -1 0
80 1 198 200 4 -1 -1 0
83 2 186 186 202 205 4 87 -1 0
84 1 206 208 2 -1 -1 0
86 2 210 213 216 216 2 9 -1 0
87 2 186 202 205 210 12 83 -1 0
88 2 136 152 155 160 12 57 -1 0
89 1 84 104 6 34 -1 0
90 2 82 82 102 112 5 91 -1 0
91 2 82 95 99 102 6 92 -1 0
92 6 4 43 46 46 70 70 73 79 82 82 112 112 7 1 -1 0
101 2 22 44 73 80 6 108 -1 0
102 1 80 106 6 101 -1 0
103 2 80 80 106 111 4 102 -1 0
104 2 116 159 163 166 3 137 -1 0
105 1 30 32 2 -1 -1 0
106 1 26 28 2 -1 -1 0
108 1 44 64 6 101 -1 0
109 2 46 55 59 62 6 92 -1 0
115 1 48 50 4 -1 -1 0
116 1 50 56 6 -1 -1 0
118 1 52 54 4 -1 -1 0
120 2 56 59 62 62 4 123 -1 0
123 2 46 46 62 70 5 109 -1 0
127 2 44 44 64 69 6 108 -1 0
133 1 66 68 4 -1 -1 0
134 2 70 73 116 116 2 92 -1 0
136 1 108 110 4 -1 -1 0
137 1 112 116 2 92 -1 0
139 1 38 40 2 -1 -1 0
140 1 40 69 3 -1 -1 0
141 1 124 126 2 -1 -1 0
142 1 174 176 2 -1 -1 0
143 1 34 36 2 -1 -1 0
144 1 74 76 2 -1 -1 0
20 10 7 0 0 0 7 7
0 6 14 18 20 22 24 26 28 30 32
0 1 2 4 5 7 9



0 1 0 6 2 -1 -1 1
1 1 0 2 2 -1 -1 0
2 1 2 4 2 -1 -1 0
4 1 6 8 2 -1 -1 0
5 1 8 14 3 -1 -1 0
7 1 10 12 2 -1 -1 0
9 1 14 16 2 -1 -1 0
29 11 22 1 0 0 23 22
0 8 32 34 42 46 48 52 54 58 60 62
0 1 2 3 4 5 6 7 8 9 10 11 12 13 14 15 22 23 24 26 17 19
22


0 1 0 22 1 -1 2 1
1 1 0 8 2 -1 -1 1
2 1 0 2 2 -1 -1 0
3 2 2 7 53 54 3 -1 -1 0
4 1 4 6 2 -1 -1 0
5 1 8 10 2 -1 -1 0
6 1 10 22 2 -1 1 0
7 1 12 12 1 -1 -1 0
8 1 14 14 1 -1 -1 0
9 1 16 16 1 -1 -1 0
10 1 18 20 2 -1 -1 0
11 1 20 22 2 -1 5 0
12 1 22 34 3 -1 0 0
13 1 24 26 2 -1 -1 0
14 1 26 28 2 -1 -1 0
15 1 28 30 2 -1 -1 0
17 1 48 50 2 -1 -1 0
19 1 54 56 2 -1 -1 0
22 1 34 36 2 -1 -1 0
23 1 36 42 3 -1 -1 0
24 1 38 40 2 -1 -1 0
26 1 42 44 2 -1 -1 0
40 15 21 2 0 0 25 21
0 2 10 14 16 20 28 32 34 38 42 48 52 54 60 62
0 1 2 3 4 26 27 28 30 5 33 34 35 37 7 9 15 16 17 23 24
42 54


0 2 0 42 47 54 2 -1 2 1
1 1 0 42 1 -1 1 1
2 2 0 41 47 54 1 -1 1 1
3 1 0 2 1 -1 -1 1
4 1 0 20 1 -1 -1 1
5 2 16 41 47 48 3 -1 -1 0
7 2 34 41 47 52 3 -1 -1 0
9 1 38 40 2 -1 -1 0
15 1 42 44 2 -1 0 0
16 1 44 46 2 -1 -1 0
17 1 48 50 2 -1 -1 0
23 1 54 56 2 -1 0 0
24 1 56 58 2 -1 -1 0
26 1 2 4 2 -1 -1 0
27 1 4 10 3 -1 -1 0
28 1 6 8 2 -1 -1 0
30 1 10 12 2 -1 -1 0
33 1 20 22 2 -1 -1 0
34 1 22 28 3 -1 -1 0
35 1 24 26 2 -1 -1 0
37 1 28 30 2 -1 -1 0
44 4 17 1 0 0 21 17
0 14 16 36 40
5 8 9 10 12 13 39 40 30 36 34 41 20 21 26 43 35
26


5 1 0 35 4 -1 2 1
8 1 0 8 1 39 -1 1
9 1 0 2 2 -1 -1 0
10 1 2 35 3 -1 -1 0
12 1 4 6 2 -1 -1 0
13 1 6 35 4 -1 -1 0
20 1 20 22 4 -1 -1 0
21 1 22 24 4 -1 -1 0
26 1 26 26 2 -1 0 0
30 2 16 16 30 35 6 36 -1 0
34 1 18 28 4 41 -1 0
35 1 36 38 2 41 -1 0
36 1 16 30 8 30 1 0
39 3 8 15 18 18 36 36 4 8 -1 0
40 1 10 12 2 -1 -1 0
41 2 18 18 28 36 5 34 -1 0
43 1 32 34 4 -1 -1 0
10 1 10 1 0 0 10 10
0 26
0 1 2 3 4 5 6 7 8 9
6


0 1 0 14 1 -1 -1 1
1 1 0 24 5 -1 -1 1
2 1 0 0 1 -1 -1 0
3 1 2 4 2 -1 -1 0
4 1 4 6 2 -1 2 0
5 1 6 18 2 -1 0 0
6 1 8 10 2 -1 -1 0
7 1 12 14 2 -1 -1 0
8 1 16 18 2 -1 -1 0
9 1 20 22 2 -1 -1 0
8 1 8 2 0 0 8 8
0 12
0 1 2 3 4 5 6 7
6 8


0 1 0 6 1 -1 2 1
1 1 0 6 1 -1 1 1
2 1 0 10 2 -1 1 1
3 1 0 0 1 -1 -1 0
4 1 2 4 2 -1 -1 0
5 1 4 6 2 -1 5 0
6 1 6 8 2 -1 2 0
7 1 8 8 1 -1 0 0
13 1 13 3 0 0 13 13
0 20
0 1 2 3 4 5 6 7 8 9 10 11 12
6 14 16


0 1 0 6 1 -1 2 1
1 1 0 6 1 -1 1 1
2 1 0 14 1 -1 2 1
3 1 0 18 2 -1 1 1
4 1 0 0 1 -1 -1 0
5 1 2 4 2 -1 -1 0
6 1 4 6 2 -1 5 0
7 1 6 14 2 -1 1 0
8 1 8 8 1 -1 -1 0
9 1 10 12 2 -1 -1 0
10 1 12 14 2 -1 5 0
11 1 14 16 2 -1 2 0
12 1 16 16 1 -1 0 0
58 7 39 3 0 0 44 39
0 8 14 16 28 40 86 90
0 1 2 3 56 43 6 9 10 12 13 14 15 16 41 49 39 48 57 47 19 20 21 23 24 25 26 27 28 29 30 31 32 33 34 35 36 37 38
24 64 72


0 1 0 85 2 -1 2 1
1 1 0 85 5 -1 -1 1
2 1 0 28 4 49 -1 1
3 1 0 88 2 -1 -1 1
6 1 4 6 2 -1 -1 0
9 1 8 10 2 -1 -1 0
10 2 10 13 16 16 2 12 -1 0
12 1 16 24 2 10 2 0
13 1 18 18 1 -1 -1 0
14 1 20 22 2 -1 -1 0
15 1 22 24 2 -1 1 0
16 2 24 27 30 30 3 48 0 0
19 1 36 38 4 -1 -1 0
20 1 40 42 4 -1 -1 0
21 1 42 50 6 -1 -1 0
23 1 44 46 4 -1 -1 0
24 1 46 48 4 -1 -1 0
25 1 50 52 4 -1 -1 0
26 1 52 56 4 -1 -1 0
27 1 54 56 4 -1 -1 0
28 1 56 64 4 -1 1 0
29 1 58 58 2 -1 -1 0
30 1 60 62 4 -1 -1 0
31 1 62 64 4 -1 5 0
32 1 64 72 4 -1 1 0
33 1 66 66 2 -1 -1 0
34 1 68 70 4 -1 -1 0
35 1 70 72 4 -1 5 0
36 1 72 80 4 -1 0 0
37 1 74 74 2 -1 -1 0
38 1 76 78 4 -1 -1 0
39 2 30 30 78 85 6 48 -1 0
41 2 28 28 82 85 4 49 -1 0
43 1 2 8 3 -1 -1 0
47 1 34 36 4 -1 -1 0
48 2 30 72 85 86 5 39 2 0
49 1 28 82 10 41 -1 0
56 1 0 2 2 -1 -1 0
57 1 32 34 4 -1 -1 0
186 28 165 11 0 0 184 165
0 38 48 52 60 68 70 146 148 152 154 174 178 180 186 226 236 246 248 272 276 280 284 288 300 304 316 328 398
0 1 2 3 4 5 6 7 8 9 10 11 12 13 14 15 16 17 18 19 20 21 22 23 24 25 26 27 28 29 30 31 32 33 34 35 36 37 168 170 171 172 173 174 175 39 40 41 42 43 44 45 46 47 49 50 51 52 53 54 55 56 57 58 59 60 61 62 63 64 65 66 67 68 69 70 71 73 75 76 77 78 183 81 82 83 84 86 87 88 89 90 91 92 93 94 95 96 97 98 99 100 101 102 184 105 106 107 108 109 110 111 113 114 115 116 185 118 119 120 121 124 125 126 127 128 129 130 131 132 133 134 135 136 137 138 139 140 141 142 143 144 145 146 147 148 149 150 151 152 153 154 155 156 157 158 159 160 161 162 163 164 165 166 167
26 48 64 70 86 164 174 242 296 312 324


0 1 0 70 2 -1 2 1
1 1 0 26 1 -1 1 1
2 1 0 86 2 -1 5 1
3 1 0 164 3 -1 4 1
4 1 0 70 2 -1 8 1
5 1 0 64 2 -1 2 1
6 1 0 164 7 -1 3 1
7 1 0 134 4 -1 -1 1
8 1 0 122 3 -1 3 1
9 1 0 142 2 -1 -1 1
10 1 0 26 1 -1 -1 1
11 1 0 386 1 -1 -1 1
12 1 0 390 1 -1 -1 1
13 2 0 242 245 248 2 111 2 1
14 4 0 271 275 279 283 296 299 312 2 -1 2 1
15 1 0 396 8 -1 -1 1
16 1 0 0 1 -1 -1 0
17 1 2 2 1 -1 -1 0
18 1 4 4 1 -1 -1 0
19 1 6 6 1 -1 -1 0
20 1 8 8 1 -1 -1 0
21 1 10 10 1 -1 -1 0
22 1 12 12 1 -1 -1 0
23 1 14 14 1 -1 -1 0
24 1 16 16 1 -1 -1 0
25 1 18 18 1 -1 -1 0
26 1 20 20 1 -1 -1 0
27 1 22 24 2 -1 -1 0
28 1 24 26 2 -1 -1 0
29 1 26 28 2 30 0 0
30 3 28 69 145 148 151 154 3 29 -1 0
31 1 30 32 2 -1 -1 0
32 1 32 34 2 -1 -1 0
33 1 34 36 2 -1 -1 0
34 1 38 40 2 -1 -1 0
35 1 40 70 3 -1 1 0
36 1 42 70 4 -1 4 0
37 1 44 70 2 -1 8 0
39 1 70 86 2 -1 4 0
40 1 72 72 1 -1 -1 0
41 1 74 74 1 -1 -1 0
42 1 76 76 1 -1 -1 0
43 1 78 78 1 -1 -1 0
44 1 80 80 1 -1 -1 0
45 1 82 84 2 -1 -1 0
46 1 84 86 2 -1 8 0
47 1 86 130 2 -1 0 0
49 1 88 138 2 -1 -1 0
50 1 90 90 1 -1 -1 0
51 1 92 92 1 -1 -1 0
52 1 94 94 1 -1 -1 0
53 1 96 96 1 -1 -1 0
54 1 98 98 1 -1 -1 0
55 1 100 100 1 -1 -1 0
56 1 102 102 1 -1 -1 0
57 1 104 104 1 -1 -1 0
58 1 106 106 1 -1 -1 0
59 1 108 108 1 -1 -1 0
60 1 110 110 1 -1 -1 0
61 1 112 114 2 -1 -1 0
62 2 114 145 148 148 9 70 -1 0
63 1 116 118 2 -1 -1 0
64 1 120 122 2 -1 -1 0
65 1 124 126 2 -1 -1 0
66 1 128 130 2 -1 -1 0
67 1 132 134 2 -1 -1 0
68 1 136 138 2 -1 -1 0
69 1 140 142 2 -1 -1 0
70 2 148 151 154 154 2 62 -1 0
71 1 154 364 8 30 -1 0
73 2 156 192 226 226 6 102 2 0
75 1 158 158 1 -1 -1 0
76 1 160 162 2 -1 -1 0
77 1 162 164 2 -1 5 0
78 1 164 242 3 -1 1 0
81 1 168 170 2 -1 -1 0
82 1 170 172 2 -1 -1 0
83 2 174 177 180 180 2 84 0 0
84 1 180 222 3 83 -1 0
86 1 182 184 2 -1 -1 0
87 1 186 188 2 -1 -1 0
88 1 188 210 2 -1 -1 0
89 1 190 214 2 -1 -1 0
90 1 192 218 2 -1 -1 0
91 1 194 194 1 -1 -1 0
92 1 196 196 1 -1 -1 0
93 1 198 198 1 -1 -1 0
94 1 200 200 1 -1 -1 0
95 1 202 202 1 -1 -1 0
96 1 204 206 2 -1 -1 0
97 1 206 226 6 102 -1 0
98 1 208 210 2 -1 -1 0
99 1 212 214 2 -1 -1 0
100 1 216 218 2 -1 -1 0
101 1 220 222 2 -1 -1 0
102 1 226 330 9 73 -1 0
105 1 230 232 2 -1 -1 0
106 1 232 234 2 -1 -1 0
107 1 236 236 1 -1 -1 0
108 1 238 240 2 -1 -1 0
109 1 240 242 2 -1 5 0
110 2 242 245 248 248 2 111 0 0
111 5 248 271 275 279 283 287 299 303 315 324 2 13 2 0
113 1 250 252 2 -1 -1 0
114 1 252 370 2 -1 -1 0
115 1 254 256 2 -1 -1 0
116 1 256 374 2 -1 -1 0
118 1 260 378 6 -1 -1 0
119 1 262 264 2 -1 -1 0
120 1 264 350 2 -1 -1 0
121 1 266 354 2 -1 -1 0
124 1 268 270 2 -1 -1 0
125 2 272 275 328 328 2 145 -1 0
126 1 276 278 2 -1 -1 0
127 2 280 283 328 328 2 145 -1 0
128 1 284 286 2 -1 -1 0
129 1 288 296 2 -1 1 0
130 1 290 290 1 -1 -1 0
131 1 292 294 2 -1 -1 0
132 1 294 296 2 -1 5 0
133 2 296 299 328 328 2 145 0 0
134 1 300 302 2 -1 -1 0
135 1 304 312 2 -1 1 0
136 1 306 306 1 -1 -1 0
137 1 308 310 2 -1 -1 0
138 1 310 312 2 -1 5 0
139 2 312 315 328 328 2 145 0 0
140 1 316 324 2 -1 1 0
141 1 318 318 1 -1 -1 0
142 1 320 322 2 -1 -1 0
143 1 322 324 2 -1 5 0
144 1 324 328 2 145 0 0
145 1 328 358 2 144 -1 0
146 1 330 332 2 -1 -1 0
147 1 332 362 2 -1 -1 0
148 1 334 334 1 -1 -1 0
149 1 336 336 1 -1 -1 0
150 1 338 338 1 -1 -1 0
151 1 340 340 1 -1 -1 0
152 1 342 342 1 -1 -1 0
153 1 344 346 2 -1 -1 0
154 1 346 382 6 -1 -1 0
155 1 348 350 2 -1 -1 0
156 1 352 354 2 -1 -1 0
157 1 356 358 2 -1 -1 0
158 1 360 362 2 -1 -1 0
159 1 364 366 2 -1 -1 0
160 1 366 394 2 -1 -1 0
161 1 368 370 2 -1 -1 0
162 1 372 374 2 -1 -1 0
163 1 376 378 2 -1 -1 0
164 1 380 382 2 -1 -1 0
165 1 384 386 2 -1 -1 0
166 1 388 390 2 -1 -1 0
167 1 392 394 2 -1 -1 0
168 1 48 50 2 -1 0 0
170 1 52 54 2 -1 -1 0
171 1 54 56 2 -1 -1 0
172 1 56 58 2 -1 -1 0
173 1 60 62 2 -1 -1 0
174 1 62 64 2 -1 1 0
175 1 64 68 2 -1 0 0
183 1 166 168 2 -1 -1 0
184 1 228 230 2 -1 -1 0
185 1 258 260 2 -1 -1 0
6 3 4 0 0 0 4 4
0 8 10 12
0 1 2 3



0 1 0 0 1 -1 -1 1
1 1 0 2 2 -1 -1 0
2 1 2 4 2 -1 -1 0
3 1 4 6 2 -1 -1 0
154 4 53 2 0 0 77 53
0 4 6 8 78
0 1 2 3 4 5 6 7 8 9 10 11 12 13 14 15 16 17 18 19 20 21 22 129 57 100 25 27 28 29 30 31 32 33 34 35 36 37 38 39 40 41 44 45 46 47 48 49 52 53 54 55 153
40 70


0 2 0 3 5 77 2 -1 2 1
1 2 0 3 5 77 2 -1 1 1
2 2 0 3 5 77 2 -1 5 1
3 2 0 3 5 77 2 -1 4 1
4 2 0 3 5 77 2 -1 8 1
5 2 0 3 5 77 2 -1 3 1
6 2 0 3 5 77 2 -1 -1 1
7 2 0 3 5 77 2 -1 -1 1
8 2 0 3 5 77 2 -1 -1 1
9 2 0 3 5 77 2 -1 -1 1
10 2 0 3 5 77 2 -1 -1 1
11 2 0 3 5 77 2 -1 -1 1
12 2 0 3 5 77 2 -1 -1 1
13 2 0 3 5 77 2 -1 -1 1
14 2 0 3 5 8 3 100 -1 1
15 2 0 3 5 77 3 -1 -1 1
16 2 0 3 5 77 2 -1 -1 1
17 2 0 3 5 77 4 -1 -1 1
18 2 0 3 5 77 2 -1 2 1
19 2 0 3 5 77 2 -1 1 1
20 2 0 3 5 77 2 -1 5 1
21 2 0 3 5 77 2 -1 4 1
22 2 0 3 5 77 2 -1 8 1
25 1 10 52 8 -1 -1 0
27 1 12 40 4 -1 -1 0
28 1 14 14 2 -1 -1 0
29 1 16 16 2 -1 -1 0
30 1 18 18 2 -1 -1 0
31 1 20 20 2 -1 -1 0
32 1 22 22 2 -1 -1 0
33 1 24 24 2 -1 -1 0
34 1 26 26 2 -1 -1 0
35 1 28 28 2 -1 -1 0
36 1 30 30 2 -1 -1 0
37 1 32 32 2 -1 -1 0
38 1 34 34 2 -1 -1 0
39 1 36 38 4 -1 -1 0
40 1 38 40 4 -1 -1 0
41 1 40 70 6 -1 3 0
44 1 42 44 4 -1 -1 0
45 1 44 46 4 -1 -1 0
46 1 48 50 4 -1 -1 0
47 1 50 54 4 -1 -1 0
48 1 52 54 4 -1 -1 0
49 1 54 66 10 -1 -1 0
52 1 58 60 4 -1 -1 0
53 1 62 64 4 -1 -1 0
54 1 66 68 4 -1 -1 0
55 1 70 70 2 -1 0 0
57 2 8 8 72 77 6 100 -1 0
100 1 8 72 8 57 -1 0
129 1 0 2 2 -1 -1 0
153 1 74 76 4 -1 -1 0
175 23 124 16 0 0 135 124
0 12 16 20 40 44 48 72 74 162 164 180 184 192 194 212 216 218 222 244 248 250 262 280
0 1 2 3 4 5 6 7 8 9 10 11 12 13 14 15 16 17 18 19 20 22 23 25 26 27 28 29 30 31 32 33 174 36 37 39 40 41 42 43 156 157 49 166 140 154 153 161 151 152 52 53 54 55 56 57 60 61 62 63 64 65 68 69 70 71 72 73 75 76 77 78 81 82 83 84 85 86 87 88 89 90 91 92 93 95 98 103 105 109 110 112 113 115 133 148 172 145 146 104 106 107 116 117 173 119 120 122 124 125 127 128 129 130 131 164 134 138 167 168 169 141 142 143
16 22 24 26 44 48 50 52 66 128 138 146 154 156 198 200


0 1 0 261 4 -1 2 1
1 1 0 261 4 -1 1 1
2 1 0 261 4 -1 5 1
3 1 0 261 10 -1 2 1
4 1 0 261 4 -1 8 1
5 1 0 261 4 -1 3 1
6 1 0 261 13 -1 2 1
7 1 0 261 8 124 -1 1
8 1 0 261 5 156 -1 1
9 1 0 64 1 157 -1 1
10 1 0 261 2 -1 -1 1
11 1 0 261 4 -1 -1 1
12 1 0 261 4 -1 -1 1
13 1 0 261 4 -1 -1 1
14 1 0 261 4 -1 -1 1
15 1 0 261 4 -1 -1 1
16 1 0 261 8 -1 -1 1
17 1 0 261 4 -1 -1 1
18 1 0 278 4 -1 -1 1
19 1 0 2 2 -1 -1 0
20 1 2 261 5 -1 -1 0
22 1 4 6 2 -1 -1 0
23 1 6 261 11 -1 -1 0
25 1 8 10 2 -1 -1 0
26 1 12 14 2 -1 -1 0
27 1 16 16 1 -1 0 0
28 1 20 50 5 -1 2 0
29 1 22 30 3 -1 2 0
30 1 24 24 1 -1 0 0
31 1 26 261 8 -1 1 0
32 1 28 30 2 -1 -1 0
33 1 32 34 2 -1 -1 0
36 1 40 42 2 -1 -1 0
37 1 44 44 1 -1 0 0
39 1 48 56 3 -1 2 0
40 1 50 50 1 -1 0 0
41 1 52 261 8 -1 5 0
42 1 54 56 2 -1 -1 0
43 1 58 60 2 -1 -1 0
49 1 66 66 1 -1 0 0
52 1 80 82 4 -1 -1 0
53 1 82 84 4 -1 -1 0
54 1 86 88 4 -1 -1 0
55 1 88 92 4 -1 -1 0
56 1 90 92 4 -1 -1 0
57 1 92 243 16 -1 2 0
60 1 94 96 4 -1 -1 0
61 1 96 98 4 -1 -1 0
62 1 100 102 4 -1 -1 0
63 1 102 104 4 -1 -1 0
64 1 104 106 4 -1 -1 0
65 1 106 168 10 -1 5 0
68 1 108 110 4 -1 -1 0
69 1 110 112 4 -1 -1 0
70 1 114 116 4 -1 -1 0
71 1 116 118 4 -1 -1 0
72 1 118 120 4 -1 -1 0
73 1 120 172 8 -1 4 0
75 1 122 122 2 -1 -1 0
76 1 124 126 4 -1 -1 0
77 1 126 128 4 -1 8 0
78 1 128 243 6 -1 0 0
81 1 130 138 4 -1 5 0
82 1 132 132 2 -1 -1 0
83 1 134 136 4 -1 -1 0
84 1 136 138 4 -1 8 0
85 1 138 154 4 -1 2 0
86 1 140 140 2 -1 -1 0
87 1 142 144 4 -1 -1 0
88 1 144 146 4 -1 8 0
89 1 146 154 4 -1 1 0
90 1 148 148 2 -1 -1 0
91 1 150 152 4 -1 -1 0
92 1 152 154 4 -1 5 0
93 1 154 243 6 -1 0 0
95 1 156 244 10 -1 0 0
98 1 158 160 4 -1 -1 0
103 1 164 243 6 -1 -1 0
104 1 194 200 8 148 -1 0
105 1 166 243 6 -1 -1 0
106 1 196 200 8 -1 -1 0
107 1 198 200 8 -1 0 0
109 1 168 170 4 -1 -1 0
110 1 170 243 6 -1 -1 0
112 1 172 174 4 -1 -1 0
113 1 174 176 4 -1 -1 0
115 1 176 243 6 -1 -1 0
116 1 200 200 4 -1 0 0
117 1 202 234 12 -1 -1 0
119 1 206 208 8 -1 -1 0
120 1 208 210 8 -1 -1 0
122 1 212 214 8 -1 -1 0
124 1 218 222 8 7 -1 0
125 1 222 236 8 7 -1 0
127 1 224 226 8 -1 -1 0
128 1 226 228 8 -1 -1 0
129 1 230 232 8 -1 -1 0
130 1 232 234 8 -1 -1 0
131 1 234 236 8 -1 -1 0
133 2 180 180 238 243 12 148 -1 0
134 2 244 247 250 250 4 151 -1 0
138 1 252 254 4 161 -1 0
140 2 74 74 256 261 6 154 -1 0
141 1 266 268 2 -1 -1 0
142 1 270 272 2 -1 -1 0
143 1 274 276 2 -1 -1 0
145 1 186 188 8 -1 -1 0
146 1 188 190 8 -1 -1 0
148 1 180 238 24 133 -1 0
151 3 78 78 250 261 264 264 5 152 -1 0
152 2 78 244 247 250 12 157 -1 0
153 1 76 252 6 156 -1 0
154 1 74 256 22 140 1 0
156 3 62 73 76 76 262 262 4 8 -1 0
157 3 64 73 78 78 264 264 4 9 -1 0
161 2 76 76 254 262 5 153 -1 0
164 1 240 242 8 -1 -1 0
166 1 68 70 2 -1 -1 0
167 1 258 260 4 -1 -1 0
168 1 262 272 2 156 -1 0
169 1 264 276 2 157 -1 0
172 1 184 186 8 -1 -1 0
173 1 204 206 8 -1 -1 0
174 1 36 38 2 -1 -1 0
7 3 7 0 0 0 8 7
0 8 12 16
0 1 2 3 4 5 6



0 1 0 8 1 -1 -1 1
1 2 0 7 11 12 1 -1 -1 1
2 1 0 0 1 -1 -1 1
3 1 0 14 4 -1 -1 1
4 1 0 2 2 -1 -1 0
5 1 2 4 2 -1 -1 0
6 1 4 6 2 -1 -1 0
97 14 58 0 1 0 70 58
0 4 12 14 46 64 88 92 94 102 110 140 142 144 146
0 1 2 4 6 7 8 94 15 95 18 96 20 21 22 27 33 34 86 90 44 45 47 48 49 50 55 56 84 85 82 83 39 41 42 51 52 53 54 57 59 91 92 62 64 65 66 68 69 70 71 72 73 74 75 76 77 78

70

0 2 0 11 13 110 4 -1 -1 1
1 2 0 11 13 132 2 -1 -1 1
2 2 0 11 13 32 5 -1 -1 1
4 1 0 2 2 -1 -1 0
6 1 4 6 2 -1 -1 0
7 1 6 8 2 -1 -1 0
8 1 8 10 2 -1 -1 0
15 1 16 24 3 -1 -1 0
18 1 20 34 3 -1 -1 0
20 1 26 36 3 -1 -1 0
21 1 28 30 2 -1 -1 0
22 1 30 106 4 86 -1 0
27 1 32 36 3 -1 -1 0
33 1 36 38 2 -1 -1 0
34 2 38 63 66 66 4 83 -1 0
39 1 68 70 4 -1 -1 0
41 1 70 72 4 -1 -1 0
42 3 72 88 91 93 96 96 10 82 -1 0
44 1 46 48 2 -1 -1 0
45 1 48 54 3 -1 -1 0
47 1 50 52 2 -1 -1 0
48 1 52 101 3 -1 -1 0
49 1 54 56 2 -1 -1 0
50 1 56 101 3 -1 -1 0
51 1 76 78 4 -1 -1 0
52 1 78 80 4 -1 -1 0
53 1 80 82 4 -1 -1 0
54 1 82 84 4 -1 -1 0
55 1 58 60 2 -1 -1 0
56 1 60 101 3 -1 -1 0
57 1 84 86 4 -1 -1 0
59 2 88 91 94 94 4 84 -1 0
62 1 104 124 4 -1 -1 0
64 1 106 108 2 -1 -1 0
65 1 110 112 2 -1 -1 0
66 1 112 120 3 -1 -1 0
68 1 114 116 2 -1 -1 0
69 1 116 118 2 -1 -1 0
70 1 120 122 2 -1 -1 0
71 1 122 126 2 -1 -1 0
72 1 124 126 2 -1 -1 0
73 1 126 128 2 -1 -1 0
74 1 128 130 2 -1 -1 0
75 1 130 136 2 -1 -1 0
76 1 132 134 2 -1 -1 0
77 1 134 136 2 -1 -1 0
78 1 136 138 2 -1 -1 0
82 2 66 66 96 101 6 83 -1 0
83 2 66 91 96 96 6 34 -1 0
84 2 64 64 94 102 7 85 -1 0
85 2 64 87 91 94 8 86 -1 0
86 2 40 64 102 102 4 22 -1 0
90 1 42 44 2 -1 -1 0
91 1 98 100 4 -1 -1 0
92 1 102 104 2 86 -1 0
94 1 14 16 2 -1 -1 0
95 1 18 20 2 -1 -1 0
96 1 24 26 2 -1 -1 0
77 21 33 0 0 0 33 33
0 12 24 32 40 44 48 50 54 62 66 74 78 82 84 88 94 96 98 100 102 104
0 1 2 3 4 5 6 7 8 9 10 11 76 13 14 15 16 17 19 23 29 33 34 35 37 47 48 49 55 57 68 69 70



0 1 0 24 3 -1 -1 1
1 1 0 66 5 -1 -1 1
2 1 0 2 2 -1 -1 0
3 1 2 8 2 -1 -1 0
4 1 4 6 2 -1 -1 0
5 1 6 8 2 -1 -1 0
6 1 8 10 2 -1 -1 0
7 1 12 14 2 -1 -1 0
8 1 14 20 2 -1 -1 0
9 1 16 18 2 -1 -1 0
10 1 18 20 2 -1 -1 0
11 1 20 22 2 -1 -1 0
13 1 26 78 6 -1 -1 0
14 1 28 30 2 -1 -1 0
15 1 32 34 2 -1 -1 0
16 1 34 40 3 -1 -1 0
17 1 36 38 2 -1 -1 0
19 1 40 42 2 -1 -1 0
23 1 44 46 2 -1 -1 0
29 1 50 52 2 -1 -1 0
33 1 54 56 2 -1 -1 0
34 1 56 62 3 -1 -1 0
35 1 58 60 2 -1 -1 0
37 1 62 64 2 -1 -1 0
47 1 66 68 2 -1 -1 0
48 1 68 70 2 -1 -1 0
49 1 70 72 2 -1 -1 0
55 1 74 76 2 -1 -1 0
57 1 78 80 2 -1 -1 0
68 1 84 88 2 69 -1 0
69 1 88 90 2 68 -1 0
70 1 90 92 2 -1 -1 0
76 1 24 26 2 -1 -1 0
57 1 54 3 0 0 54 54
0 100
0 1 2 3 4 5 6 7 8 9 10 11 12 13 14 56 16 17 18 19 20 21 22 23 24 25 26 27 28 29 30 31 32 33 34 35 36 37 38 39 40 41 42 43 44 45 46 47 48 49 50 51 52 53
26 94 96


0 1 0 94 2 -1 2 1
1 1 0 94 1 -1 1 1
2 1 0 94 2 -1 1 1
3 1 0 94 2 -1 8 1
4 1 0 94 1 -1 3 1
5 1 0 98 2 -1 2 1
6 1 0 0 1 -1 -1 0
7 1 2 2 1 -1 -1 0
8 1 4 4 1 -1 -1 0
9 1 6 6 1 -1 -1 0
10 1 8 8 1 -1 -1 0
11 1 10 10 1 -1 -1 0
12 1 12 12 1 -1 -1 0
13 1 14 16 2 -1 -1 0
14 1 16 26 3 -1 5 0
16 1 22 24 2 -1 -1 0
17 1 24 26 2 -1 4 0
18 1 26 94 2 -1 4 0
19 1 28 28 1 -1 -1 0
20 1 30 30 1 -1 -1 0
21 1 32 32 1 -1 -1 0
22 1 34 34 1 -1 -1 0
23 1 36 36 1 -1 -1 0
24 1 38 38 1 -1 -1 0
25 1 40 40 1 -1 -1 0
26 1 42 42 1 -1 -1 0
27 1 44 44 1 -1 -1 0
28 1 46 46 1 -1 -1 0
29 1 48 48 1 -1 -1 0
30 1 50 50 1 -1 -1 0
31 1 52 52 1 -1 -1 0
32 1 54 54 1 -1 -1 0
33 1 56 56 1 -1 -1 0
34 1 58 58 1 -1 -1 0
35 1 60 60 1 -1 -1 0
36 1 62 62 1 -1 -1 0
37 1 64 64 1 -1 -1 0
38 1 66 66 1 -1 -1 0
39 1 68 68 1 -1 -1 0
40 1 70 70 1 -1 -1 0
41 1 72 72 1 -1 -1 0
42 1 74 74 1 -1 -1 0
43 1 76 76 1 -1 -1 0
44 1 78 78 1 -1 -1 0
45 1 80 80 1 -1 -1 0
46 1 82 82 1 -1 -1 0
47 1 84 84 1 -1 -1 0
48 1 86 86 1 -1 -1 0
49 1 88 88 1 -1 -1 0
50 1 90 92 2 -1 -1 0
51 1 92 94 2 -1 -1 0
52 1 94 96 2 -1 1 0
53 1 96 96 1 -1 0 0
56 1 18 20 2 -1 -1 0
363 33 148 0 0 0 177 148
0 8 48 52 56 60 64 66 96 104 110 118 148 156 160 186 190 194 200 202 222 226 238 290 296 302 304 324 328 344 404 410 412 418
0 1 2 3 7 8 223 4 5 14 15 16 17 29 30 31 32 35 36 37 38 41 42 43 44 228 234 233 232 231 238 261 239 258 245 246 247 248 249 250 252 254 256 260 360 361 229 230 47 216 362 22 23 24 25 26 27 33 39 45 224 225 262 57 263 59 264 92 265 94 266 134 267 136 291 290 293 330 294 295 296 332 298 333 300 301 304 305 306 307 308 309 334 311 335 313 336 337 338 317 339 319 340 341 342 323 343 325 344 345 329 331 131 215 288 54 213 346 61 347 68 69 87 95 96 102 103 104 348 138 349 146 350 351 352 165 353 173 354 355 356 192 357 200 358 359 289 226



0 1 0 8 2 -1 -1 1
1 2 0 180 411 417 4 -1 -1 1
2 2 0 164 411 417 4 -1 -1 1
3 2 0 172 411 417 4 -1 -1 1
4 1 8 10 2 -1 -1 0
5 1 10 16 3 -1 -1 0
7 1 0 2 2 -1 -1 0
8 2 2 409 411 417 15 -1 -1 0
14 1 12 14 2 -1 -1 0
15 3 14 63 103 155 411 417 6 -1 -1 0
16 1 16 18 2 -1 -1 0
17 1 18 44 2 -1 -1 0
22 1 118 120 4 -1 -1 0
23 1 120 132 4 -1 -1 0
24 1 122 124 4 -1 -1 0
25 1 124 138 4 -1 -1 0
26 1 126 128 4 -1 -1 0
27 1 128 144 4 -1 -1 0
29 1 20 22 2 -1 -1 0
30 3 22 63 103 155 411 417 6 -1 -1 0
31 1 24 26 2 -1 -1 0
32 2 26 155 411 417 5 -1 -1 0
33 1 130 132 4 -1 -1 0
35 1 28 30 2 -1 -1 0
36 3 30 63 103 155 411 417 4 -1 -1 0
37 1 32 34 2 -1 -1 0
38 2 34 155 411 417 5 -1 -1 0
39 1 136 138 4 -1 -1 0
41 1 36 38 2 -1 -1 0
42 3 38 63 103 155 411 417 4 -1 -1 0
43 1 40 42 2 -1 -1 0
44 2 42 155 411 417 5 -1 -1 0
45 1 142 144 4 -1 -1 0
47 2 112 112 148 155 6 216 -1 0
54 2 304 304 306 403 60 213 -1 0
57 1 162 409 19 -1 -1 0
59 1 166 409 49 -1 -1 0
61 1 314 324 12 -1 -1 0
68 1 318 324 12 -1 -1 0
69 1 320 322 8 -1 -1 0
87 1 324 326 8 -1 -1 0
92 2 170 193 295 409 18 -1 -1 0
94 1 174 409 49 -1 -1 0
95 1 332 334 8 -1 -1 0
96 1 334 340 8 -1 -1 0
102 1 336 338 8 -1 -1 0
103 1 338 340 8 -1 -1 0
104 1 340 342 8 -1 -1 0
131 2 296 296 404 409 6 215 -1 0
134 2 178 193 295 409 10 -1 -1 0
136 1 182 409 33 -1 -1 0
138 1 348 362 8 -1 -1 0
146 1 354 358 8 -1 -1 0
165 1 366 378 8 -1 -1 0
173 1 370 374 8 -1 -1 0
192 1 384 398 8 -1 -1 0
200 1 390 394 8 -1 -1 0
213 1 304 396 56 215 -1 0
215 1 296 404 10 131 -1 0
216 2 112 148 411 417 20 47 -1 0
223 1 4 6 2 -1 -1 0
224 1 152 154 4 -1 -1 0
225 1 156 158 2 -1 -1 0
226 1 406 408 4 -1 -1 0
228 2 44 66 103 110 5 238 -1 0
229 2 110 150 411 417 10 228 -1 0
230 2 110 110 150 155 4 229 -1 0
231 1 60 62 2 -1 -1 0
232 1 56 58 2 -1 -1 0
233 1 52 54 2 -1 -1 0
234 1 48 50 2 -1 -1 0
238 1 66 98 10 228 -1 0
239 1 68 96 10 258 -1 0
245 1 70 72 4 -1 -1 0
246 1 72 84 4 -1 -1 0
247 1 74 76 4 -1 -1 0
248 1 76 88 4 -1 -1 0
249 1 78 80 4 -1 -1 0
250 1 80 92 4 -1 -1 0
252 1 82 84 4 -1 -1 0
254 1 86 88 4 -1 -1 0
256 1 90 92 4 -1 -1 0
258 2 68 68 96 103 6 239 -1 0
260 1 100 102 4 -1 -1 0
261 2 66 66 98 103 4 238 -1 0
262 1 160 162 2 -1 -1 0
263 1 164 166 2 -1 -1 0
264 1 168 170 2 -1 -1 0
265 1 172 174 2 -1 -1 0
266 1 176 178 2 -1 -1 0
267 1 180 182 2 -1 -1 0
288 1 298 300 4 -1 -1 0
289 1 400 402 8 -1 -1 0
290 1 190 192 2 -1 -1 0
291 1 186 188 2 -1 -1 0
293 1 194 290 10 330 -1 0
294 1 196 198 4 -1 -1 0
295 1 202 282 44 293 -1 0
296 2 202 202 204 289 48 295 -1 0
298 1 212 222 12 -1 -1 0
300 1 216 222 12 -1 -1 0
301 1 218 220 8 -1 -1 0
304 1 222 224 8 -1 -1 0
305 1 226 228 8 -1 -1 0
306 1 228 234 8 -1 -1 0
307 1 230 232 8 -1 -1 0
308 1 232 234 8 -1 -1 0
309 1 234 236 8 -1 -1 0
311 1 240 252 8 -1 -1 0
313 1 244 248 8 -1 -1 0
317 1 256 268 8 -1 -1 0
319 1 260 264 8 -1 -1 0
323 1 272 284 8 -1 -1 0
325 1 276 280 8 -1 -1 0
329 1 286 288 8 -1 -1 0
330 2 194 194 290 295 6 293 -1 0
331 1 292 294 4 -1 -1 0
332 1 210 212 8 -1 -1 0
333 1 214 216 8 -1 -1 0
334 1 238 240 8 -1 -1 0
335 1 242 244 8 -1 -1 0
336 1 246 248 8 -1 -1 0
337 1 250 252 8 -1 -1 0
338 1 254 256 8 -1 -1 0
339 1 258 260 8 -1 -1 0
340 1 262 264 8 -1 -1 0
341 1 266 268 8 -1 -1 0
342 1 270 272 8 -1 -1 0
343 1 274 276 8 -1 -1 0
344 1 278 280 8 -1 -1 0
345 1 282 284 8 -1 -1 0
346 1 312 314 8 -1 -1 0
347 1 316 318 8 -1 -1 0
348 1 346 348 8 -1 -1 0
349 1 352 354 8 -1 -1 0
350 1 356 358 8 -1 -1 0
351 1 360 362 8 -1 -1 0
352 1 364 366 8 -1 -1 0
353 1 368 370 8 -1 -1 0
354 1 372 374 8 -1 -1 0
355 1 376 378 8 -1 -1 0
356 1 382 384 8 -1 -1 0
357 1 388 390 8 -1 -1 0
358 1 392 394 8 -1 -1 0
359 1 396 398 8 -1 -1 0
360 1 104 106 2 -1 -1 0
361 2 106 155 411 417 3 -1 -1 0
362 1 114 116 4 -1 -1 0
62 9 29 2 0 0 32 29
0 10 22 26 38 56 60 62 68 70
0 1 2 3 4 5 7 8 53 56 54 55 61 15 16 17 26 27 28 29 32 34 35 36 37 38 39 40 41
52 56


0 1 0 4 2 -1 -1 1
1 1 0 67 2 -1 2 1
2 1 0 67 2 -1 5 1
3 1 0 67 2 -1 1 1
4 1 0 2 2 -1 -1 0
5 1 2 67 5 -1 -1 0
7 1 4 6 2 -1 -1 0
8 1 6 67 5 -1 -1 0
15 1 16 18 4 -1 -1 0
16 1 18 20 4 -1 -1 0
17 1 22 24 4 -1 -1 0
26 1 26 28 4 -1 -1 0
27 1 28 30 4 -1 -1 0
28 1 30 32 4 -1 -1 0
29 1 32 34 4 -1 -1 0
32 1 34 36 4 -1 -1 0
34 1 38 40 4 -1 -1 0
35 1 40 42 4 -1 -1 0
36 1 44 46 4 -1 -1 0
37 1 46 50 4 -1 -1 0
38 1 48 50 4 -1 -1 0
39 1 50 52 4 -1 2 0
40 1 52 54 4 -1 0 0
41 1 56 58 4 -1 0 0
53 2 10 10 64 67 4 56 -1 0
54 2 12 12 62 67 4 55 -1 0
55 2 12 62 67 68 7 54 -1 0
56 1 10 64 14 53 1 0
61 1 14 16 4 -1 -1 0
2 1 1 1 0 0 1 1
0 2
0
0


0 1 0 0 1 -1 2 1
10 1 10 1 0 0 10 10
0 22
0 1 2 3 4 5 6 7 8 9
8


0 1 0 10 2 -1 -1 1
1 1 0 20 3 -1 -1 1
2 1 0 8 2 -1 2 0
3 1 2 2 1 -1 -1 0
4 1 4 6 2 -1 -1 0
5 1 6 8 2 -1 1 0
6 1 8 14 2 -1 0 0
7 1 10 12 2 -1 -1 0
8 1 12 18 2 -1 -1 0
9 1 16 18 2 -1 -1 0
15 1 13 1 0 0 13 13
0 30
0 1 4 5 6 7 8 9 10 11 12 13 14
14


0 1 0 2 2 -1 -1 1
1 1 0 28 4 -1 -1 1
4 1 0 14 2 -1 2 0
5 1 2 4 2 -1 -1 0
6 1 4 26 2 -1 -1 0
7 1 6 6 1 -1 -1 0
8 1 8 8 1 -1 -1 0
9 1 10 12 2 -1 -1 0
10 1 12 14 2 -1 1 0
11 1 14 22 2 -1 0 0
12 1 16 18 2 -1 -1 0
13 1 20 22 2 -1 -1 0
14 1 24 26 2 -1 -1 0
33 1 33 4 0 0 33 33
0 76
0 1 2 3 4 5 6 7 8 9 10 11 12 13 14 15 16 17 18 19 20 21 22 23 24 25 26 27 28 29 30 31 32
12 22 32 48


0 1 0 38 6 -1 -1 1
1 1 0 74 7 -1 -1 1
2 1 0 2 2 -1 -1 0
3 1 2 52 2 -1 -1 0
4 1 4 12 2 -1 2 0
5 1 6 6 1 -1 -1 0
6 1 8 10 2 -1 -1 0
7 1 10 12 2 -1 1 0
8 1 12 56 2 -1 0 0
9 1 14 22 2 -1 2 0
10 1 16 16 1 -1 -1 0
11 1 18 20 2 -1 -1 0
12 1 20 22 2 -1 1 0
13 1 22 60 2 -1 0 0
14 1 24 32 2 -1 2 0
15 1 26 26 1 -1 -1 0
16 1 28 30 2 -1 -1 0
17 1 30 32 2 -1 1 0
18 1 32 64 2 -1 0 0
19 1 34 36 2 -1 -1 0
20 1 36 68 2 -1 -1 0
21 1 38 48 2 -1 2 0
22 1 40 40 1 -1 -1 0
23 1 42 42 1 -1 -1 0
24 1 44 46 2 -1 -1 0
25 1 46 48 2 -1 1 0
26 1 48 72 2 -1 0 0
27 1 50 52 2 -1 -1 0
28 1 54 56 2 -1 -1 0
29 1 58 60 2 -1 -1 0
30 1 62 64 2 -1 -1 0
31 1 66 68 2 -1 -1 0
32 1 70 72 2 -1 -1 0
18 1 18 3 0 0 18 18
0 42
0 1 2 3 4 5 6 7 8 9 10 11 12 13 14 15 16 17
14 16 18


0 1 0 28 2 -1 -1 1
1 1 0 40 3 -1 -1 1
2 1 0 2 2 -1 -1 0
3 1 2 8 3 -1 -1 0
4 1 4 6 2 -1 -1 0
5 1 6 26 3 -1 -1 0
6 1 8 10 2 -1 -1 0
7 1 10 18 2 -1 1 0
8 1 12 18 3 -1 2 0
9 1 14 22 3 -1 2 0
10 1 16 34 4 -1 0 0
11 1 18 18 1 -1 0 0
12 1 20 22 2 -1 -1 0
13 1 24 26 2 -1 -1 0
14 1 28 30 2 -1 -1 0
15 1 30 38 2 -1 -1 0
16 1 32 34 2 -1 -1 0
17 1 36 38 2 -1 -1 0
