# benchmarks/cfg_domloops corpus v1
# sources: /tmp/wb3/compiler_load.ssa.ir /tmp/wb3/compiler_regalloc.ssa.ir
# nfuncs, then per function: nblocks nedges, then nedges 'src dst' pairs
13243
1 0
1 0
1 0
1 0
1 0
1 0
1 0
1 0
1 0
1 0
1 0
1 0
1 0
1 0
1 0
1 0
1 0
1 0
1 0
1 0
1 0
1 0
1 0
1 0
1 0
1 0
1 0
1 0
1 0
1 0
1 0
37 36
0 1
0 2
2 3
2 4
4 5
4 6
6 7
6 8
8 9
8 10
10 11
10 12
12 13
12 14
14 15
14 16
16 17
16 18
18 19
18 20
20 21
20 22
22 23
22 24
24 25
24 26
26 27
26 28
28 29
28 30
30 31
30 32
32 33
32 34
34 35
34 36
37 36
0 1
0 2
2 3
2 4
4 5
4 6
6 7
6 8
8 9
8 10
10 11
10 12
12 13
12 14
14 15
14 16
16 17
16 18
18 19
18 20
20 21
20 22
22 23
22 24
24 25
24 26
26 27
26 28
28 29
28 30
30 31
30 32
32 33
32 34
34 35
34 36
3 4
0 1
0 2
1 1
1 2
4 5
0 1
0 3
1 2
2 2
2 3
18 22
0 1
0 2
1 3
2 3
3 4
3 5
4 6
5 6
6 7
6 8
7 9
8 9
9 10
9 11
10 12
11 12
12 13
13 14
14 15
14 16
15 14
16 17
18 23
0 1
0 2
1 3
2 3
3 4
3 5
4 6
5 6
6 7
6 8
7 9
8 9
9 10
9 11
10 12
11 12
12 13
13 14
13 16
14 15
15 15
15 16
16 17
9 8
0 1
0 2
2 3
2 4
4 5
4 6
6 7
6 8
9 8
0 1
0 2
2 3
2 4
4 5
4 6
6 7
6 8
1 0
5 8
0 1
0 2
1 1
1 2
2 3
2 4
3 3
3 4
7 10
0 1
0 3
1 2
2 2
2 3
3 4
3 6
4 5
5 5
5 6
5 8
0 1
0 2
1 1
1 2
2 3
2 4
3 3
3 4
7 10
0 1
0 3
1 2
2 2
2 3
3 4
3 6
4 5
5 5
5 6
1 0
1 0
1 0
1 0
1 0
1 0
1 0
5 8
0 1
0 2
1 1
1 2
2 3
2 4
3 3
3 4
10 16
0 1
0 6
1 2
2 3
2 5
3 4
3 5
4 4
4 6
5 5
5 6
6 7
6 9
7 8
8 8
8 9
1 0
1 0
3 2
0 1
0 2
3 2
0 1
0 2
3 2
0 1
0 2
3 2
0 1
0 2
3 2
0 1
0 2
3 2
0 1
0 2
3 2
0 1
0 2
3 2
0 1
0 2
3 2
0 1
0 2
3 2
0 1
0 2
3 2
0 1
0 2
3 2
0 1
0 2
1 0
1 0
1 0
1 0
1 0
7 6
0 1
0 2
2 3
2 4
4 5
4 6
7 6
0 1
0 2
2 3
2 4
4 5
4 6
11 12
0 1
0 2
1 6
2 3
2 4
3 5
4 5
5 6
6 7
6 8
8 9
8 10
11 12
0 1
0 2
1 6
2 3
2 4
3 5
4 5
5 6
6 7
6 8
8 9
8 10
15 18
0 1
0 2
2 3
2 4
4 5
4 9
5 6
5 7
7 8
8 5
8 9
9 10
9 14
10 11
10 12
12 13
13 10
13 14
17 20
0 1
0 2
2 3
2 4
4 5
4 10
5 6
6 7
6 8
8 9
9 6
9 10
10 11
10 16
11 12
12 13
12 14
14 15
15 12
15 16
1 0
8 11
0 1
0 7
1 2
1 3
2 3
3 4
3 5
4 3
5 6
5 7
6 7
8 11
0 1
0 7
1 2
1 3
2 3
3 4
3 5
4 3
5 6
5 7
6 7
13 16
0 1
1 2
1 6
2 3
2 4
3 5
4 5
5 7
6 7
7 8
7 12
8 9
8 10
9 11
10 11
11 1
13 16
0 1
1 2
1 6
2 3
2 4
3 5
4 5
5 7
6 7
7 8
7 12
8 9
8 10
9 11
10 11
11 1
13 16
0 1
1 2
1 6
2 3
2 4
3 5
4 5
5 7
6 7
7 8
7 12
8 9
8 10
9 11
10 11
11 1
13 16
0 1
1 2
1 6
2 3
2 4
3 5
4 5
5 7
6 7
7 8
7 12
8 9
8 10
9 11
10 11
11 1
13 16
0 1
1 2
1 6
2 3
2 4
3 5
4 5
5 7
6 7
7 8
7 12
8 9
8 10
9 11
10 11
11 1
13 16
0 1
1 2
1 6
2 3
2 4
3 5
4 5
5 7
6 7
7 8
7 12
8 9
8 10
9 11
10 11
11 1
13 16
0 1
1 2
1 6
2 3
2 4
3 5
4 5
5 7
6 7
7 8
7 12
8 9
8 10
9 11
10 11
11 1
13 16
0 1
1 2
1 6
2 3
2 4
3 5
4 5
5 7
6 7
7 8
7 12
8 9
8 10
9 11
10 11
11 1
25 32
0 1
1 2
1 6
2 3
2 4
3 5
4 5
5 7
6 7
7 8
7 12
8 9
8 10
9 11
10 11
11 1
12 13
13 14
13 18
14 15
14 16
15 17
16 17
17 19
18 19
19 20
19 24
20 21
20 22
21 23
22 23
23 13
25 32
0 1
1 2
1 6
2 3
2 4
3 5
4 5
5 7
6 7
7 8
7 12
8 9
8 10
9 11
10 11
11 1
12 13
13 14
13 18
14 15
14 16
15 17
16 17
17 19
18 19
19 20
19 24
20 21
20 22
21 23
22 23
23 13
25 32
0 1
1 2
1 6
2 3
2 4
3 5
4 5
5 7
6 7
7 8
7 12
8 9
8 10
9 11
10 11
11 1
12 13
13 14
13 18
14 15
14 16
15 17
16 17
17 19
18 19
19 20
19 24
20 21
20 22
21 23
22 23
23 13
25 32
0 1
1 2
1 6
2 3
2 4
3 5
4 5
5 7
6 7
7 8
7 12
8 9
8 10
9 11
10 11
11 1
12 13
13 14
13 18
14 15
14 16
15 17
16 17
17 19
18 19
19 20
19 24
20 21
20 22
21 23
22 23
23 13
17 20
0 1
0 2
2 3
2 4
4 5
5 6
5 10
6 7
6 8
7 9
8 9
9 11
10 11
11 12
11 16
12 13
12 14
13 15
14 15
15 5
17 20
0 1
0 2
2 3
2 4
4 5
5 6
5 10
6 7
6 8
7 9
8 9
9 11
10 11
11 12
11 16
12 13
12 14
13 15
14 15
15 5
13 16
0 1
1 2
1 3
2 7
3 4
3 5
4 6
5 6
6 7
7 8
7 9
8 12
9 10
9 11
10 12
11 12
12 14
0 1
1 2
2 3
2 4
3 5
4 5
5 6
6 7
6 8
7 11
8 9
8 10
9 11
10 11
27 34
0 1
1 2
1 6
2 3
2 4
3 5
4 5
5 7
6 7
7 8
7 24
8 9
9 10
9 14
10 11
10 12
11 13
12 13
13 15
14 15
15 16
15 20
16 17
16 18
17 19
18 19
19 9
20 21
20 22
21 23
22 23
23 1
24 25
24 26
27 34
0 1
1 2
1 6
2 3
2 4
3 5
4 5
5 7
6 7
7 8
7 24
8 9
9 10
9 14
10 11
10 12
11 13
12 13
13 15
14 15
15 16
15 20
16 17
16 18
17 19
18 19
19 9
20 21
20 22
21 23
22 23
23 1
24 25
24 26
17 20
0 1
0 2
2 3
2 4
4 5
5 6
5 10
6 7
6 8
7 9
8 9
9 11
10 11
11 12
11 16
12 13
12 14
13 15
14 15
15 5
17 20
0 1
0 2
2 3
2 4
4 5
5 6
5 10
6 7
6 8
7 9
8 9
9 11
10 11
11 12
11 16
12 13
12 14
13 15
14 15
15 5
9 8
0 1
0 2
2 3
2 4
4 5
4 6
6 7
6 8
9 8
0 1
0 2
2 3
2 4
4 5
4 6
6 7
6 8
1 0
1 0
1 0
1 0
1 0
7 9
0 1
0 2
1 3
2 3
3 4
3 5
4 6
4 5
5 6
7 9
0 1
0 2
1 3
2 3
3 4
3 5
4 6
4 5
5 6
1 0
1 0
3 4
0 1
0 2
1 1
1 2
4 5
0 1
0 3
1 2
2 2
2 3
12 15
0 1
0 2
2 3
2 4
3 5
4 5
5 6
5 7
6 8
7 8
8 9
8 10
9 11
9 10
10 11
12 15
0 1
0 2
2 3
2 4
3 5
4 5
5 6
5 7
6 8
7 8
8 9
8 10
9 11
9 10
10 11
4 4
0 1
0 2
1 3
2 3
4 4
0 1
0 2
1 3
2 3
3 2
0 1
0 2
3 2
0 1
0 2
1 0
1 0
1 0
1 0
1 0
1 0
3 4
0 1
0 2
1 1
1 2
4 5
0 1
0 3
1 2
2 2
2 3
1 0
1 0
4 5
0 1
0 2
1 3
1 2
2 3
4 5
0 1
0 2
1 3
1 2
2 3
1 0
1 0
3 2
0 1
0 2
3 2
0 1
0 2
1 0
1 0
1 0
1 0
1 0
1 0
1 0
1 0
1 0
1 0
1 0
1 0
1 0
1 0
1 0
1 0
1 0
1 0
1 0
1 0
6 7
0 1
0 5
1 2
1 3
3 4
4 1
4 5
7 8
0 1
0 6
1 2
2 3
2 4
4 5
5 2
5 6
9 10
0 1
0 2
1 3
2 3
3 4
3 5
5 6
5 7
6 8
7 8
9 10
0 1
0 2
1 3
2 3
3 4
3 5
5 6
5 7
6 8
7 8
5 6
0 1
0 4
1 2
1 3
2 2
2 3
5 5
0 1
0 4
1 2
2 2
2 3
5 4
0 1
0 4
1 2
1 3
5 4
0 1
0 4
1 2
1 3
4 4
0 1
0 2
1 3
2 3
4 4
0 1
0 2
1 3
2 3
1 0
1 0
1 0
1 0
1 0
1 0
1 0
1 0
1 0
1 0
1 0
1 0
1 0
1 0
1 0
1 0
1 0
1 0
1 0
1 0
1 0
1 0
1 0
1 0
1 0
1 0
1 0
1 0
1 0
1 0
1 0
1 0
5 4
0 1
0 4
1 2
1 3
5 4
0 1
0 4
1 2
1 3
5 4
0 1
0 4
1 2
1 3
5 4
0 1
0 4
1 2
1 3
5 4
0 1
0 4
1 2
1 3
5 4
0 1
0 4
1 2
1 3
5 4
0 1
0 4
1 2
1 3
5 4
0 1
0 4
1 2
1 3
1 0
1 0
1 0
1 0
1 0
1 0
1 0
1 0
1 0
1 0
1 0
1 0
1 0
1 0
1 0
1 0
19 24
0 1
0 8
1 2
1 6
2 3
2 4
3 5
4 5
5 7
6 7
7 18
8 9
8 16
9 10
9 14
10 11
10 12
11 13
12 13
13 15
14 15
15 17
16 17
17 18
19 24
0 1
0 8
1 2
1 6
2 3
2 4
3 5
4 5
5 7
6 7
7 18
8 9
8 16
9 10
9 14
10 11
10 12
11 13
12 13
13 15
14 15
15 17
16 17
17 18
19 24
0 1
0 8
1 2
1 6
2 3
2 4
3 5
4 5
5 7
6 7
7 18
8 9
8 16
9 10
9 14
10 11
10 12
11 13
12 13
13 15
14 15
15 17
16 17
17 18
19 24
0 1
0 8
1 2
1 6
2 3
2 4
3 5
4 5
5 7
6 7
7 18
8 9
8 16
9 10
9 14
10 11
10 12
11 13
12 13
13 15
14 15
15 17
16 17
17 18
257 256
0 1
0 2
2 3
2 4
4 5
4 6
6 7
6 8
8 9
8 10
10 11
10 12
12 13
12 14
14 15
14 16
16 17
16 18
18 19
18 20
20 21
20 22
22 23
22 24
24 25
24 26
26 27
26 28
28 29
28 30
30 31
30 32
32 33
32 34
34 35
34 36
36 37
36 38
38 39
38 40
40 41
40 42
42 43
42 44
44 45
44 46
46 47
46 48
48 49
48 50
50 51
50 52
52 53
52 54
54 55
54 56
56 57
56 58
58 59
58 60
60 61
60 62
62 63
62 64
64 65
64 66
66 67
66 68
68 69
68 70
70 71
70 72
72 73
72 74
74 75
74 76
76 77
76 78
78 79
78 80
80 81
80 82
82 83
82 84
84 85
84 86
86 87
86 88
88 89
88 90
90 91
90 92
92 93
92 94
94 95
94 96
96 97
96 98
98 99
98 100
100 101
100 102
102 103
102 104
104 105
104 106
106 107
106 108
108 109
108 110
110 111
110 112
112 113
112 114
114 115
114 116
116 117
116 118
118 119
118 120
120 121
120 122
122 123
122 124
124 125
124 126
126 127
126 128
128 129
128 130
130 131
130 132
132 133
132 134
134 135
134 136
136 137
136 138
138 139
138 140
140 141
140 142
142 143
142 144
144 145
144 146
146 147
146 148
148 149
148 150
150 151
150 152
152 153
152 154
154 155
154 156
156 157
156 158
158 159
158 160
160 161
160 162
162 163
162 164
164 165
164 166
166 167
166 168
168 169
168 170
170 171
170 172
172 173
172 174
174 175
174 176
176 177
176 178
178 179
178 180
180 181
180 182
182 183
182 184
184 185
184 186
186 187
186 188
188 189
188 190
190 191
190 192
192 193
192 194
194 195
194 196
196 197
196 198
198 199
198 200
200 201
200 202
202 203
202 204
204 205
204 206
206 207
206 208
208 209
208 210
210 211
210 212
212 213
212 214
214 215
214 216
216 217
216 218
218 219
218 220
220 221
220 222
222 223
222 224
224 225
224 226
226 227
226 228
228 229
228 230
230 231
230 232
232 233
232 234
234 235
234 236
236 237
236 238
238 239
238 240
240 241
240 242
242 243
242 244
244 245
244 246
246 247
246 248
248 249
248 250
250 251
250 252
252 253
252 254
254 255
254 256
257 256
0 1
0 2
2 3
2 4
4 5
4 6
6 7
6 8
8 9
8 10
10 11
10 12
12 13
12 14
14 15
14 16
16 17
16 18
18 19
18 20
20 21
20 22
22 23
22 24
24 25
24 26
26 27
26 28
28 29
28 30
30 31
30 32
32 33
32 34
34 35
34 36
36 37
36 38
38 39
38 40
40 41
40 42
42 43
42 44
44 45
44 46
46 47
46 48
48 49
48 50
50 51
50 52
52 53
52 54
54 55
54 56
56 57
56 58
58 59
58 60
60 61
60 62
62 63
62 64
64 65
64 66
66 67
66 68
68 69
68 70
70 71
70 72
72 73
72 74
74 75
74 76
76 77
76 78
78 79
78 80
80 81
80 82
82 83
82 84
84 85
84 86
86 87
86 88
88 89
88 90
90 91
90 92
92 93
92 94
94 95
94 96
96 97
96 98
98 99
98 100
100 101
100 102
102 103
102 104
104 105
104 106
106 107
106 108
108 109
108 110
110 111
110 112
112 113
112 114
114 115
114 116
116 117
116 118
118 119
118 120
120 121
120 122
122 123
122 124
124 125
124 126
126 127
126 128
128 129
128 130
130 131
130 132
132 133
132 134
134 135
134 136
136 137
136 138
138 139
138 140
140 141
140 142
142 143
142 144
144 145
144 146
146 147
146 148
148 149
148 150
150 151
150 152
152 153
152 154
154 155
154 156
156 157
156 158
158 159
158 160
160 161
160 162
162 163
162 164
164 165
164 166
166 167
166 168
168 169
168 170
170 171
170 172
172 173
172 174
174 175
174 176
176 177
176 178
178 179
178 180
180 181
180 182
182 183
182 184
184 185
184 186
186 187
186 188
188 189
188 190
190 191
190 192
192 193
192 194
194 195
194 196
196 197
196 198
198 199
198 200
200 201
200 202
202 203
202 204
204 205
204 206
206 207
206 208
208 209
208 210
210 211
210 212
212 213
212 214
214 215
214 216
216 217
216 218
218 219
218 220
220 221
220 222
222 223
222 224
224 225
224 226
226 227
226 228
228 229
228 230
230 231
230 232
232 233
232 234
234 235
234 236
236 237
236 238
238 239
238 240
240 241
240 242
242 243
242 244
244 245
244 246
246 247
246 248
248 249
248 250
250 251
250 252
252 253
252 254
254 255
254 256
6 6
0 1
0 2
2 3
2 4
3 5
4 5
6 6
0 1
0 2
2 3
2 4
3 5
4 5
13 12
0 1
0 2
2 3
2 10
3 4
3 5
5 6
5 7
7 8
7 9
10 11
10 12
13 12
0 1
0 2
2 3
2 10
3 4
3 5
5 6
5 7
7 8
7 9
10 11
10 12
1 0
1 0
11 10
0 1
0 10
1 2
1 3
3 4
3 5
5 6
5 7
7 8
7 9
11 10
0 1
0 10
1 2
1 3
3 4
3 5
5 6
5 7
7 8
7 9
257 256
0 1
0 2
2 3
2 4
4 5
4 6
6 7
6 8
8 9
8 10
10 11
10 12
12 13
12 14
14 15
14 16
16 17
16 18
18 19
18 20
20 21
20 22
22 23
22 24
24 25
24 26
26 27
26 28
28 29
28 30
30 31
30 32
32 33
32 34
34 35
34 36
36 37
36 38
38 39
38 40
40 41
40 42
42 43
42 44
44 45
44 46
46 47
46 48
48 49
48 50
50 51
50 52
52 53
52 54
54 55
54 56
56 57
56 58
58 59
58 60
60 61
60 62
62 63
62 64
64 65
64 66
66 67
66 68
68 69
68 70
70 71
70 72
72 73
72 74
74 75
74 76
76 77
76 78
78 79
78 80
80 81
80 82
82 83
82 84
84 85
84 86
86 87
86 88
88 89
88 90
90 91
90 92
92 93
92 94
94 95
94 96
96 97
96 98
98 99
98 100
100 101
100 102
102 103
102 104
104 105
104 106
106 107
106 108
108 109
108 110
110 111
110 112
112 113
112 114
114 115
114 116
116 117
116 118
118 119
118 120
120 121
120 122
122 123
122 124
124 125
124 126
126 127
126 128
128 129
128 130
130 131
130 132
132 133
132 134
134 135
134 136
136 137
136 138
138 139
138 140
140 141
140 142
142 143
142 144
144 145
144 146
146 147
146 148
148 149
148 150
150 151
150 152
152 153
152 154
154 155
154 156
156 157
156 158
158 159
158 160
160 161
160 162
162 163
162 164
164 165
164 166
166 167
166 168
168 169
168 170
170 171
170 172
172 173
172 174
174 175
174 176
176 177
176 178
178 179
178 180
180 181
180 182
182 183
182 184
184 185
184 186
186 187
186 188
188 189
188 190
190 191
190 192
192 193
192 194
194 195
194 196
196 197
196 198
198 199
198 200
200 201
200 202
202 203
202 204
204 205
204 206
206 207
206 208
208 209
208 210
210 211
210 212
212 213
212 214
214 215
214 216
216 217
216 218
218 219
218 220
220 221
220 222
222 223
222 224
224 225
224 226
226 227
226 228
228 229
228 230
230 231
230 232
232 233
232 234
234 235
234 236
236 237
236 238
238 239
238 240
240 241
240 242
242 243
242 244
244 245
244 246
246 247
246 248
248 249
248 250
250 251
250 252
252 253
252 254
254 255
254 256
257 256
0 1
0 2
2 3
2 4
4 5
4 6
6 7
6 8
8 9
8 10
10 11
10 12
12 13
12 14
14 15
14 16
16 17
16 18
18 19
18 20
20 21
20 22
22 23
22 24
24 25
24 26
26 27
26 28
28 29
28 30
30 31
30 32
32 33
32 34
34 35
34 36
36 37
36 38
38 39
38 40
40 41
40 42
42 43
42 44
44 45
44 46
46 47
46 48
48 49
48 50
50 51
50 52
52 53
52 54
54 55
54 56
56 57
56 58
58 59
58 60
60 61
60 62
62 63
62 64
64 65
64 66
66 67
66 68
68 69
68 70
70 71
70 72
72 73
72 74
74 75
74 76
76 77
76 78
78 79
78 80
80 81
80 82
82 83
82 84
84 85
84 86
86 87
86 88
88 89
88 90
90 91
90 92
92 93
92 94
94 95
94 96
96 97
96 98
98 99
98 100
100 101
100 102
102 103
102 104
104 105
104 106
106 107
106 108
108 109
108 110
110 111
110 112
112 113
112 114
114 115
114 116
116 117
116 118
118 119
118 120
120 121
120 122
122 123
122 124
124 125
124 126
126 127
126 128
128 129
128 130
130 131
130 132
132 133
132 134
134 135
134 136
136 137
136 138
138 139
138 140
140 141
140 142
142 143
142 144
144 145
144 146
146 147
146 148
148 149
148 150
150 151
150 152
152 153
152 154
154 155
154 156
156 157
156 158
158 159
158 160
160 161
160 162
162 163
162 164
164 165
164 166
166 167
166 168
168 169
168 170
170 171
170 172
172 173
172 174
174 175
174 176
176 177
176 178
178 179
178 180
180 181
180 182
182 183
182 184
184 185
184 186
186 187
186 188
188 189
188 190
190 191
190 192
192 193
192 194
194 195
194 196
196 197
196 198
198 199
198 200
200 201
200 202
202 203
202 204
204 205
204 206
206 207
206 208
208 209
208 210
210 211
210 212
212 213
212 214
214 215
214 216
216 217
216 218
218 219
218 220
220 221
220 222
222 223
222 224
224 225
224 226
226 227
226 228
228 229
228 230
230 231
230 232
232 233
232 234
234 235
234 236
236 237
236 238
238 239
238 240
240 241
240 242
242 243
242 244
244 245
244 246
246 247
246 248
248 249
248 250
250 251
250 252
252 253
252 254
254 255
254 256
33 32
0 1
0 2
2 3
2 4
4 5
4 6
6 7
6 8
8 9
8 10
10 11
10 12
12 13
12 14
14 15
14 16
16 17
16 18
18 19
18 20
20 21
20 22
22 23
22 24
24 25
24 26
26 27
26 28
28 29
28 30
30 31
30 32
33 32
0 1
0 2
2 3
2 4
4 5
4 6
6 7
6 8
8 9
8 10
10 11
10 12
12 13
12 14
14 15
14 16
16 17
16 18
18 19
18 20
20 21
20 22
22 23
22 24
24 25
24 26
26 27
26 28
28 29
28 30
30 31
30 32
1 0
1 0
4 4
0 1
0 2
1 3
2 3
4 4
0 1
0 2
1 3
2 3
17 18
0 1
0 2
2 3
2 4
4 5
4 6
6 7
6 8
8 9
8 13
9 10
9 11
10 12
11 12
12 14
13 14
14 15
14 16
17 18
0 1
0 2
2 3
2 4
4 5
4 6
6 7
6 8
8 9
8 13
9 10
9 11
10 12
11 12
12 14
13 14
14 15
14 16
4 4
0 1
0 2
1 3
2 3
4 4
0 1
0 2
1 3
2 3
9 8
0 1
0 2
2 3
2 4
4 5
4 6
6 7
6 8
9 8
0 1
0 2
2 3
2 4
4 5
4 6
6 7
6 8
133 132
0 1
0 2
2 3
2 4
4 5
4 6
6 7
6 8
8 9
8 10
10 11
10 12
12 13
12 14
14 15
14 16
16 17
16 18
18 19
18 20
20 21
20 22
22 23
22 24
24 25
24 26
26 27
26 28
28 29
28 30
30 31
30 32
32 33
32 34
34 35
34 36
36 37
36 38
38 39
38 40
40 41
40 42
42 43
42 44
44 45
44 46
46 47
46 48
48 49
48 50
50 51
50 52
52 53
52 54
54 55
54 56
56 57
56 58
58 59
58 60
60 61
60 62
62 63
62 64
64 65
64 66
66 67
66 68
68 69
68 70
70 71
70 72
72 73
72 74
74 75
74 76
76 77
76 78
78 79
78 80
80 81
80 82
82 83
82 84
84 85
84 86
86 87
86 88
88 89
88 90
90 91
90 92
92 93
92 94
94 95
94 96
96 97
96 98
98 99
98 100
100 101
100 102
102 103
102 104
104 105
104 106
106 107
106 108
108 109
108 110
110 111
110 112
112 113
112 114
114 115
114 116
116 117
116 118
118 119
118 120
120 121
120 122
122 123
122 124
124 125
124 126
126 127
126 128
128 129
128 130
130 131
130 132
133 132
0 1
0 2
2 3
2 4
4 5
4 6
6 7
6 8
8 9
8 10
10 11
10 12
12 13
12 14
14 15
14 16
16 17
16 18
18 19
18 20
20 21
20 22
22 23
22 24
24 25
24 26
26 27
26 28
28 29
28 30
30 31
30 32
32 33
32 34
34 35
34 36
36 37
36 38
38 39
38 40
40 41
40 42
42 43
42 44
44 45
44 46
46 47
46 48
48 49
48 50
50 51
50 52
52 53
52 54
54 55
54 56
56 57
56 58
58 59
58 60
60 61
60 62
62 63
62 64
64 65
64 66
66 67
66 68
68 69
68 70
70 71
70 72
72 73
72 74
74 75
74 76
76 77
76 78
78 79
78 80
80 81
80 82
82 83
82 84
84 85
84 86
86 87
86 88
88 89
88 90
90 91
90 92
92 93
92 94
94 95
94 96
96 97
96 98
98 99
98 100
100 101
100 102
102 103
102 104
104 105
104 106
106 107
106 108
108 109
108 110
110 111
110 112
112 113
112 114
114 115
114 116
116 117
116 118
118 119
118 120
120 121
120 122
122 123
122 124
124 125
124 126
126 127
126 128
128 129
128 130
130 131
130 132
15 14
0 1
0 2
2 3
2 4
4 5
4 6
6 7
6 8
8 9
8 10
10 11
10 12
12 13
12 14
15 14
0 1
0 2
2 3
2 4
4 5
4 6
6 7
6 8
8 9
8 10
10 11
10 12
12 13
12 14
5 4
0 1
0 2
2 3
2 4
5 4
0 1
0 2
2 3
2 4
133 177
0 1
0 2
1 3
2 3
3 4
3 5
4 6
5 6
6 7
7 8
7 12
8 9
8 10
9 11
10 11
11 7
12 13
13 14
13 18
14 15
15 16
15 17
16 15
17 13
18 19
19 20
19 75
20 21
21 22
21 23
22 21
23 24
23 25
24 32
25 26
25 27
26 31
27 28
27 29
28 30
29 30
30 31
31 32
32 33
32 55
33 34
34 35
34 42
35 36
35 40
36 37
36 38
37 39
38 39
39 41
40 41
41 34
42 43
42 44
43 48
44 45
44 46
45 47
46 47
47 48
48 49
48 53
49 50
49 51
50 52
51 52
52 54
53 54
54 56
55 56
56 57
56 73
57 58
58 59
58 60
59 58
60 61
60 71
61 62
62 63
62 64
63 62
64 65
65 66
65 70
66 67
67 68
67 69
68 67
69 65
70 72
71 72
72 74
73 74
74 19
75 76
75 80
76 77
77 78
77 79
78 77
79 84
80 81
80 82
81 83
82 83
83 84
84 85
85 86
85 87
86 85
87 88
88 89
88 115
89 90
90 91
90 95
91 92
91 93
92 94
93 94
94 96
95 96
96 97
96 114
97 98
98 99
98 100
99 113
100 101
100 102
101 113
102 103
102 104
103 113
104 105
104 106
105 113
106 107
106 108
107 113
108 109
108 110
109 113
110 111
110 112
111 113
112 113
113 90
114 88
115 116
116 117
116 118
117 116
118 119
118 123
119 120
119 121
120 122
121 122
123 124
124 125
124 126
125 124
126 127
126 128
127 129
128 129
129 130
129 131
130 132
131 132
133 178
0 1
0 2
1 3
2 3
3 4
3 5
4 6
5 6
6 7
6 12
7 8
8 9
8 10
9 11
10 11
11 8
11 12
12 13
13 14
13 18
14 15
15 16
15 17
16 15
17 13
18 19
19 20
19 75
20 21
21 22
21 23
22 21
23 24
23 25
24 32
25 26
25 27
26 31
27 28
27 29
28 30
29 30
30 31
31 32
32 33
32 55
33 34
34 35
34 42
35 36
35 40
36 37
36 38
37 39
38 39
39 41
40 41
41 34
42 43
42 44
43 48
44 45
44 46
45 47
46 47
47 48
48 49
48 53
49 50
49 51
50 52
51 52
52 54
53 54
54 56
55 56
56 57
56 73
57 58
58 59
58 60
59 58
60 61
60 71
61 62
62 63
62 64
63 62
64 65
65 66
65 70
66 67
67 68
67 69
68 67
69 65
70 72
71 72
72 74
73 74
74 19
75 76
75 80
76 77
77 78
77 79
78 77
79 84
80 81
80 82
81 83
82 83
83 84
84 85
85 86
85 87
86 85
87 88
88 89
88 115
89 90
90 91
90 95
91 92
91 93
92 94
93 94
94 96
95 96
96 97
96 114
97 98
98 99
98 100
99 113
100 101
100 102
101 113
102 103
102 104
103 113
104 105
104 106
105 113
106 107
106 108
107 113
108 109
108 110
109 113
110 111
110 112
111 113
112 113
113 90
114 88
115 116
116 117
116 118
117 116
118 119
118 123
119 120
119 121
120 122
121 122
123 124
124 125
124 126
125 124
126 127
126 128
127 129
128 129
129 130
129 131
130 132
131 132
1 0
1 0
1 0
1 0
25 30
0 1
0 14
1 2
1 3
2 7
3 4
3 5
4 6
5 6
6 7
7 8
7 12
8 9
8 10
9 11
10 11
11 13
12 13
14 15
14 16
16 17
16 21
17 18
17 19
18 20
19 20
20 22
21 22
22 23
22 24
25 30
0 1
0 14
1 2
1 3
2 7
3 4
3 5
4 6
5 6
6 7
7 8
7 12
8 9
8 10
9 11
10 11
11 13
12 13
14 15
14 16
16 17
16 21
17 18
17 19
18 20
19 20
20 22
21 22
22 23
22 24
13 14
0 1
0 8
1 2
1 3
2 7
3 4
3 5
4 6
5 6
6 7
8 9
8 10
10 11
10 12
13 14
0 1
0 8
1 2
1 3
2 7
3 4
3 5
4 6
5 6
6 7
8 9
8 10
10 11
10 12
3 2
0 1
0 2
3 2
0 1
0 2
1 0
1 0
16 18
0 1
0 5
1 2
1 3
2 4
3 4
4 6
5 6
6 7
6 13
7 8
7 9
8 10
9 10
10 11
10 12
13 14
13 15
16 18
0 1
0 5
1 2
1 3
2 4
3 4
4 6
5 6
6 7
6 13
7 8
7 9
8 10
9 10
10 11
10 12
13 14
13 15
1 0
1 0
1 0
1 0
4 4
0 1
0 2
1 3
2 3
4 4
0 1
0 2
1 3
2 3
13 12
0 1
0 4
1 2
1 3
4 5
4 6
6 7
6 8
8 9
8 10
10 11
10 12
13 12
0 1
0 4
1 2
1 3
4 5
4 6
6 7
6 8
8 9
8 10
10 11
10 12
13 12
0 1
0 4
1 2
1 3
4 5
4 6
6 7
6 8
8 9
8 10
10 11
10 12
13 12
0 1
0 4
1 2
1 3
4 5
4 6
6 7
6 8
8 9
8 10
10 11
10 12
7 6
0 1
0 4
1 2
1 3
4 5
4 6
7 6
0 1
0 4
1 2
1 3
4 5
4 6
13 12
0 1
0 4
1 2
1 3
4 5
4 6
6 7
6 8
8 9
8 10
10 11
10 12
13 12
0 1
0 4
1 2
1 3
4 5
4 6
6 7
6 8
8 9
8 10
10 11
10 12
13 12
0 1
0 4
1 2
1 3
4 5
4 6
6 7
6 8
8 9
8 10
10 11
10 12
13 12
0 1
0 4
1 2
1 3
4 5
4 6
6 7
6 8
8 9
8 10
10 11
10 12
7 6
0 1
0 4
1 2
1 3
4 5
4 6
7 6
0 1
0 4
1 2
1 3
4 5
4 6
7 8
0 1
1 2
1 3
2 6
3 4
3 5
4 6
5 6
7 8
0 1
1 2
1 3
2 6
3 4
3 5
4 6
5 6
5 4
0 1
0 2
2 3
2 4
5 4
0 1
0 2
2 3
2 4
3 2
0 1
0 2
3 2
0 1
0 2
9 9
0 1
1 2
1 3
2 4
3 4
4 5
4 6
6 7
6 8
9 9
0 1
1 2
1 3
2 4
3 4
4 5
4 6
6 7
6 8
1 0
1 0
1 0
1 0
1 0
1 0
1 0
1 0
1 0
1 0
1 0
1 0
3 2
0 1
0 2
3 2
0 1
0 2
9 9
0 1
1 2
1 3
2 4
3 4
4 5
4 6
6 7
6 8
9 9
0 1
1 2
1 3
2 4
3 4
4 5
4 6
6 7
6 8
1 0
1 0
1 0
1 0
1 0
1 0
1 0
1 0
1 0
1 0
1 0
1 0
3 2
0 1
0 2
3 2
0 1
0 2
15 16
0 1
0 2
2 3
2 4
4 5
4 6
6 7
6 11
7 8
7 9
8 10
9 10
10 12
11 12
12 13
12 14
15 16
0 1
0 2
2 3
2 4
4 5
4 6
6 7
6 11
7 8
7 9
8 10
9 10
10 12
11 12
12 13
12 14
1 0
1 0
1 0
3 2
0 1
0 2
5 4
0 1
0 2
2 3
2 4
5 4
0 1
0 2
2 3
2 4
3 2
0 1
0 2
3 2
0 1
0 2
3 2
0 1
0 2
3 2
0 1
0 2
5 8
0 1
0 2
1 1
1 2
2 3
2 4
3 3
3 4
7 10
0 1
0 3
1 2
2 2
2 3
3 4
3 6
4 5
5 5
5 6
12 17
0 1
0 2
2 3
2 4
3 3
3 4
4 5
4 6
6 7
6 8
7 9
7 8
8 9
9 10
9 11
10 10
10 11
12 15
0 1
0 2
2 3
3 3
3 4
4 5
4 6
6 7
6 8
7 9
7 8
8 9
9 10
10 10
10 11
4 5
0 1
0 2
1 3
1 2
2 3
4 5
0 1
0 2
1 3
1 2
2 3
4 5
0 1
0 2
1 3
1 2
2 3
4 5
0 1
0 2
1 3
1 2
2 3
1 0
1 0
22 28
0 1
1 2
1 21
2 3
2 4
3 20
4 5
4 18
5 6
6 7
6 17
7 8
7 9
8 16
9 10
9 14
10 11
11 12
11 13
12 11
13 15
14 15
15 16
16 6
17 19
18 19
19 20
20 1
19 28
0 1
0 18
1 2
1 3
2 17
3 4
3 15
4 5
4 14
5 6
5 7
6 13
7 8
7 11
8 9
8 10
9 9
9 10
10 12
11 12
12 13
13 5
13 14
14 16
15 16
16 17
17 1
17 18
29 37
0 1
0 2
2 3
2 4
3 5
3 4
4 5
5 6
6 7
7 8
7 27
8 9
8 10
9 26
10 11
10 24
11 12
12 13
12 23
13 14
13 15
14 22
15 16
15 20
16 17
17 18
17 19
18 17
19 21
20 21
21 22
22 12
23 25
24 25
25 26
26 7
27 28
26 37
0 1
0 2
2 3
2 4
3 5
3 4
4 5
5 6
6 7
6 24
7 8
7 9
8 23
9 10
9 21
10 11
10 20
11 12
11 13
12 19
13 14
13 17
14 15
14 16
15 15
15 16
16 18
17 18
18 19
19 11
19 20
20 22
21 22
22 23
23 7
23 24
24 25
1 0
5 4
0 1
0 2
2 3
2 4
5 4
0 1
0 2
2 3
2 4
1 0
1 0
28 36
0 1
1 2
1 6
2 3
2 4
3 5
4 5
5 7
6 7
7 8
7 27
8 9
9 10
9 14
10 11
10 12
11 13
12 13
13 15
14 15
15 16
15 26
16 17
16 21
17 18
17 19
18 20
19 20
20 22
21 22
22 23
22 24
23 25
24 25
25 9
26 1
28 36
0 1
1 2
1 6
2 3
2 4
3 5
4 5
5 7
6 7
7 8
7 27
8 9
9 10
9 14
10 11
10 12
11 13
12 13
13 15
14 15
15 16
15 26
16 17
16 21
17 18
17 19
18 20
19 20
20 22
21 22
22 23
22 24
23 25
24 25
25 9
26 1
4 5
0 1
0 2
1 3
1 2
2 3
4 5
0 1
0 2
1 3
1 2
2 3
16 18
0 1
1 2
1 3
2 4
3 4
4 5
4 15
5 6
5 7
6 8
7 8
8 9
9 10
9 11
10 12
11 12
12 13
12 14
14 14
0 1
1 2
1 3
2 4
3 13
4 5
4 6
5 7
6 7
7 8
8 9
8 10
9 11
10 12
1 0
1 0
1 0
1 0
1 0
1 0
1 0
6 9
0 1
0 2
1 3
1 2
2 3
3 4
3 5
4 4
4 5
11 18
0 1
0 2
1 3
1 2
2 3
3 4
3 10
4 5
5 6
5 9
6 7
6 9
7 8
7 9
8 8
8 10
9 9
9 10
1 0
1 0
1 0
15 19
0 1
1 2
2 3
2 7
3 4
3 5
4 6
5 6
6 2
7 8
8 9
8 10
9 11
9 10
10 11
11 12
12 13
12 14
13 12
15 20
0 1
1 2
1 7
2 3
3 4
3 5
4 6
5 6
6 3
6 7
7 8
8 9
8 10
9 11
9 10
10 11
11 12
12 13
12 14
13 12
7 8
0 1
1 2
1 6
2 3
2 4
3 5
4 5
5 1
7 9
0 1
0 6
1 2
2 3
2 4
3 5
4 5
5 2
5 6
1 0
9 10
0 1
0 5
1 2
1 3
2 4
3 4
4 6
5 6
6 7
6 8
9 10
0 1
0 5
1 2
1 3
2 4
3 4
4 6
5 6
6 7
6 8
1 0
1 0
1 0
1 0
1 0
1 0
1 0
1 0
1 0
1 0
1 0
1 0
1 0
1 1
0 0
1 1
0 0
1 0
1 0
1 0
1 0
1 0
1 0
1 0
1 0
1 0
1 0
1 0
1 0
1 0
1 0
1 0
5 4
0 1
0 2
2 3
2 4
5 4
0 1
0 2
2 3
2 4
1 0
1 0
13 16
0 1
1 2
1 3
2 4
3 4
4 5
4 12
5 6
5 7
6 11
7 8
7 9
8 10
9 10
10 11
11 1
12 15
0 1
1 2
1 3
2 4
2 11
3 11
4 5
4 6
5 10
6 7
6 8
7 9
8 9
9 10
10 1
1 0
1 0
3 2
0 1
0 2
3 2
0 1
0 2
1 0
1 0
1 0
3 2
0 1
0 2
6 7
0 1
0 2
1 3
1 2
2 3
3 4
3 5
5 4
0 1
1 2
2 3
2 4
4 5
0 1
0 2
1 3
1 2
2 3
3 2
0 1
1 2
5 4
0 1
0 2
2 3
2 4
5 4
0 1
0 2
2 3
2 4
20 24
0 1
0 2
2 3
2 4
4 5
5 6
5 10
6 7
6 8
7 9
8 9
9 11
10 11
11 12
11 19
12 13
12 14
13 18
14 15
14 16
15 17
16 17
17 18
18 5
20 24
0 1
0 2
2 3
2 4
4 5
5 6
5 10
6 7
6 8
7 9
8 9
9 11
10 11
11 12
11 19
12 13
12 14
13 18
14 15
14 16
15 17
16 17
17 18
18 5
10 12
0 1
1 2
1 6
2 3
2 4
3 5
4 5
5 7
6 7
7 8
7 9
8 1
10 12
0 1
1 2
1 6
2 3
2 4
3 5
4 5
5 7
6 7
7 8
7 9
8 1
19 25
0 1
0 2
1 3
1 2
2 3
3 4
3 5
4 6
5 6
6 7
7 8
7 15
8 9
8 10
9 11
10 11
11 12
11 13
12 14
13 14
14 7
15 16
15 17
16 18
17 18
27 37
0 1
1 2
2 3
2 4
3 5
4 5
5 6
5 23
6 7
7 8
7 16
8 9
8 16
9 10
9 11
10 12
11 12
12 13
12 14
13 15
14 15
15 9
15 23
16 17
16 18
17 19
18 19
19 20
19 21
20 22
21 22
22 16
22 23
23 24
23 25
24 26
25 26
8 13
0 1
0 2
1 3
1 2
2 3
3 4
3 5
4 4
4 5
5 6
5 7
6 6
6 7
9 12
0 1
1 2
2 3
2 5
3 4
4 4
4 5
5 6
5 8
6 7
7 7
7 8
24 31
0 1
0 2
2 3
2 4
3 5
3 4
4 5
5 6
5 10
6 7
7 8
7 9
8 7
9 14
10 11
11 12
11 13
12 11
13 14
14 15
14 19
15 16
15 17
16 18
17 18
18 20
19 20
20 21
20 22
21 23
22 23
23 29
0 1
0 2
2 3
3 4
4 5
4 9
5 6
5 8
6 7
7 7
7 8
8 13
9 10
10 11
10 12
11 10
12 13
13 14
13 18
14 15
14 16
15 17
16 17
17 19
18 19
19 20
19 21
20 22
21 22
3 2
0 1
0 2
3 2
0 1
0 2
3 4
0 1
0 2
1 1
1 2
3 4
0 1
0 2
1 1
1 2
7 8
0 1
1 2
1 6
2 3
2 4
3 5
4 5
5 1
7 9
0 1
0 6
1 2
2 3
2 4
3 5
4 5
5 2
5 6
5 4
0 1
0 4
1 2
1 3
5 4
0 1
0 4
1 2
1 3
1 0
1 0
5 4
0 1
0 2
2 3
2 4
5 4
0 1
0 2
2 3
2 4
1 0
1 0
92 116
0 1
0 2
2 3
2 4
3 5
4 5
5 6
6 7
6 8
7 9
8 9
9 10
9 11
10 6
11 12
11 13
13 14
13 15
15 16
15 60
16 17
17 18
17 19
18 20
19 20
20 21
20 22
21 17
22 23
22 24
24 25
24 26
25 27
26 27
27 28
27 53
28 29
28 30
29 31
30 31
31 32
31 33
32 40
33 34
33 35
34 36
35 36
36 37
36 38
37 39
38 39
39 40
40 41
41 42
41 43
42 44
43 44
44 45
44 49
45 46
45 47
46 48
47 48
48 41
49 50
49 51
50 52
51 52
52 54
53 54
54 55
54 56
56 57
56 58
57 59
58 59
60 61
60 91
61 62
61 63
62 64
63 64
64 65
64 66
65 73
66 67
66 68
67 69
68 69
69 70
69 71
70 72
71 72
72 73
73 74
74 75
74 76
75 77
76 77
77 78
77 82
78 79
78 80
79 81
80 81
81 74
82 83
82 84
83 85
84 85
85 86
85 87
87 88
87 89
88 90
89 90
92 116
0 1
0 2
2 3
2 4
3 5
4 5
5 6
6 7
6 8
7 9
8 9
9 10
9 11
10 6
11 12
11 13
13 14
13 15
15 16
15 60
16 17
17 18
17 19
18 20
19 20
20 21
20 22
21 17
22 23
22 24
24 25
24 26
25 27
26 27
27 28
27 53
28 29
28 30
29 31
30 31
31 32
31 33
32 40
33 34
33 35
34 36
35 36
36 37
36 38
37 39
38 39
39 40
40 41
41 42
41 43
42 44
43 44
44 45
44 49
45 46
45 47
46 48
47 48
48 41
49 50
49 51
50 52
51 52
52 54
53 54
54 55
54 56
56 57
56 58
57 59
58 59
60 61
60 91
61 62
61 63
62 64
63 64
64 65
64 66
65 73
66 67
66 68
67 69
68 69
69 70
69 71
70 72
71 72
72 73
73 74
74 75
74 76
75 77
76 77
77 78
77 82
78 79
78 80
79 81
80 81
81 74
82 83
82 84
83 85
84 85
85 86
85 87
87 88
87 89
88 90
89 90
3 2
0 1
0 2
3 2
0 1
0 2
3 4
0 1
0 2
1 1
1 2
4 5
0 1
0 3
1 2
2 2
2 3
3 2
0 1
0 2
3 2
0 1
0 2
6 6
0 1
0 2
1 3
2 3
3 4
3 5
6 6
0 1
0 2
1 3
2 3
3 4
3 5
7 6
0 1
0 2
2 3
2 6
3 4
3 5
7 6
0 1
0 2
2 3
2 6
3 4
3 5
3 2
0 1
0 2
3 2
0 1
0 2
1 0
1 0
1 0
1 0
1 0
1 0
1 0
1 0
1 0
1 0
1 0
1 0
1 0
1 0
1 0
1 0
22 24
0 1
0 2
1 3
2 3
3 4
3 5
5 6
5 7
6 8
7 8
8 9
8 10
10 11
10 17
11 12
11 13
12 14
13 14
14 15
14 16
17 18
17 19
19 20
19 21
22 24
0 1
0 2
1 3
2 3
3 4
3 5
5 6
5 7
6 8
7 8
8 9
8 10
10 11
10 17
11 12
11 13
12 14
13 14
14 15
14 16
17 18
17 19
19 20
19 21
3 2
0 1
0 2
1 0
10 12
0 1
1 2
1 6
2 3
2 4
3 5
4 5
5 7
6 7
7 8
7 9
8 1
10 12
0 1
1 2
1 6
2 3
2 4
3 5
4 5
5 7
6 7
7 8
7 9
8 1
10 12
0 1
0 2
1 3
2 3
3 4
3 5
4 6
5 6
6 7
6 8
7 9
8 9
10 12
0 1
0 2
1 3
2 3
3 4
3 5
4 6
5 6
6 7
6 8
7 9
8 9
6 9
0 1
0 2
1 3
1 2
2 3
3 4
3 5
4 4
4 5
10 16
0 1
0 2
1 3
1 2
2 3
3 4
3 9
4 5
5 6
5 8
6 7
6 8
7 7
7 9
8 8
8 9
21 26
0 1
0 2
1 6
2 3
2 4
3 5
4 5
5 6
6 7
6 11
7 8
7 9
8 10
9 10
10 18
11 12
11 13
12 17
13 14
13 15
14 16
15 16
16 17
17 18
18 19
18 20
21 26
0 1
0 2
1 6
2 3
2 4
3 5
4 5
5 6
6 7
6 11
7 8
7 9
8 10
9 10
10 18
11 12
11 13
12 17
13 14
13 15
14 16
15 16
16 17
17 18
18 19
18 20
65 84
0 1
0 2
1 3
1 2
2 3
3 4
3 14
4 5
4 9
5 6
5 7
6 8
7 8
8 13
9 10
9 11
10 12
11 12
12 13
14 15
15 16
15 20
16 17
16 18
17 19
18 19
19 21
20 21
21 22
21 26
22 23
22 24
23 25
24 25
26 27
27 28
27 29
28 30
29 30
30 31
30 32
31 33
32 33
33 34
34 35
34 36
35 37
36 37
37 38
38 39
38 40
39 41
40 41
41 42
41 64
42 43
42 44
43 45
44 45
45 46
45 47
46 48
47 48
48 49
48 50
49 57
50 51
50 55
51 52
51 53
52 54
53 54
54 56
55 56
56 57
57 58
57 59
58 63
59 60
59 61
60 62
61 62
62 63
63 38
64 81
0 1
1 2
2 3
2 13
3 4
3 8
4 5
4 6
5 7
6 7
7 12
8 9
8 10
9 11
10 11
11 12
13 14
14 15
14 19
15 16
15 17
16 18
17 18
18 20
19 20
20 21
20 25
21 22
21 23
22 24
23 24
25 26
26 27
26 28
27 29
28 29
29 30
29 31
30 32
31 32
32 33
33 34
33 35
34 36
35 36
36 37
37 38
37 39
38 40
39 40
40 41
40 63
41 42
41 43
42 44
43 44
44 45
44 46
45 47
46 47
47 48
47 49
48 56
49 50
49 54
50 51
50 52
51 53
52 53
53 55
54 55
55 56
56 57
56 58
57 62
58 59
58 60
59 61
60 61
61 62
62 37
1 0
1 0
1 0
3 2
0 1
0 2
3 2
0 1
0 2
1 0
1 0
1 0
1 0
5 4
0 1
0 2
2 3
2 4
5 4
0 1
0 2
2 3
2 4
21 27
0 1
0 2
2 3
2 4
3 5
4 5
5 6
5 7
6 8
6 7
7 8
8 9
9 10
9 11
10 12
11 12
12 13
12 20
13 14
13 15
14 19
15 16
15 17
16 18
17 18
18 19
19 9
20 25
0 1
0 2
2 3
2 4
3 5
4 5
5 6
6 8
6 7
7 8
8 9
9 10
9 11
10 12
10 19
11 19
12 13
12 14
13 18
14 15
14 16
15 17
16 17
17 18
18 9
9 11
0 1
0 2
2 3
2 4
3 5
3 4
4 5
5 6
5 7
6 8
7 8
8 8
0 1
0 2
2 3
3 4
4 5
4 6
5 7
6 7
3 2
0 1
0 2
3 2
0 1
0 2
7 6
0 1
0 2
2 3
2 6
3 4
3 5
7 6
0 1
0 2
2 3
2 6
3 4
3 5
1 0
1 0
1 0
3 2
0 1
0 2
3 2
0 1
0 2
1 0
1 0
3 2
0 1
0 2
3 2
0 1
0 2
8 8
0 1
0 2
2 3
2 4
3 5
4 5
5 6
5 7
7 7
0 1
0 2
2 3
2 4
3 5
4 5
4 6
7 8
0 1
1 2
1 5
2 3
2 4
3 6
4 6
5 6
7 8
0 1
1 2
1 5
2 3
2 4
3 6
4 6
5 6
5 4
0 1
0 2
2 3
2 4
5 4
0 1
0 2
2 3
2 4
5 4
0 1
0 4
1 2
1 3
5 4
0 1
0 4
1 2
1 3
17 19
0 1
0 2
2 3
2 4
4 5
4 6
6 7
6 8
8 9
8 10
9 11
9 10
10 11
11 12
11 13
13 14
13 15
14 16
15 16
17 18
0 1
0 2
2 3
2 4
4 5
4 6
6 7
6 8
8 9
9 11
9 10
10 11
11 12
11 13
13 14
13 15
14 16
15 16
5 4
0 1
0 2
2 3
2 4
5 4
0 1
0 2
2 3
2 4
5 4
0 1
0 2
2 3
2 4
5 4
0 1
0 2
2 3
2 4
6 6
0 1
0 2
1 3
2 3
3 4
3 5
6 6
0 1
0 2
1 3
2 3
3 4
3 5
3 2
0 1
0 2
3 2
0 1
0 2
20 25
0 1
0 2
2 3
2 4
4 5
4 6
5 7
5 6
6 7
7 8
8 9
8 19
9 10
9 11
10 18
11 12
11 13
12 17
13 14
13 15
14 16
15 16
16 17
17 18
18 8
20 25
0 1
0 2
2 3
2 4
4 5
5 7
5 6
6 7
7 8
7 19
8 9
9 10
9 11
10 18
11 12
11 13
12 17
13 14
13 15
14 16
15 16
16 17
17 18
18 9
18 19
24 33
0 1
0 2
1 3
1 2
2 3
3 4
3 5
4 6
4 5
5 6
6 7
7 8
7 23
8 9
8 10
9 22
10 11
10 12
11 21
12 13
12 14
13 20
14 16
14 15
15 16
16 17
17 18
17 19
18 17
19 20
20 21
21 22
22 7
22 28
0 1
1 2
2 3
3 4
4 5
5 6
5 21
6 7
6 8
7 20
8 9
8 10
9 19
10 11
10 12
11 18
12 14
12 13
13 14
14 15
14 17
15 16
16 16
16 17
17 18
18 19
19 20
20 5
1 0
1 0
1 0
3 2
0 1
0 2
3 2
0 1
0 2
3 2
0 1
0 2
3 2
0 1
0 2
3 2
0 1
0 2
3 2
0 1
0 2
3 2
0 1
0 2
3 2
0 1
0 2
3 2
0 1
0 2
3 2
0 1
0 2
3 2
0 1
0 2
3 2
0 1
0 2
3 2
0 1
0 2
3 2
0 1
0 2
3 2
0 1
0 2
1 0
1 0
1 0
13 12
0 1
0 2
2 3
2 4
4 5
4 6
6 7
6 8
8 9
8 10
10 11
10 12
8 7
0 7
0 1
0 2
0 3
0 4
0 5
0 6
3 2
0 1
0 2
3 2
0 1
0 2
3 2
0 1
0 2
3 2
0 1
0 2
3 2
0 1
0 2
3 2
0 1
0 2
3 2
0 1
0 2
3 2
0 1
0 2
1 0
1 0
21 21
0 1
1 2
1 3
2 4
3 4
4 5
4 6
6 7
6 8
8 9
8 10
10 11
10 12
12 13
12 14
14 15
14 16
16 17
16 18
18 19
18 20
20 20
0 1
1 2
1 3
2 4
3 4
3 5
5 6
5 7
7 8
7 9
9 10
9 11
11 12
11 13
13 14
13 15
15 16
15 17
17 18
17 19
21 21
0 1
1 2
1 3
2 4
3 4
4 5
4 6
6 7
6 8
8 9
8 10
10 11
10 12
12 13
12 14
14 15
14 16
16 17
16 18
18 19
18 20
20 20
0 1
1 2
1 3
2 4
3 4
3 5
5 6
5 7
7 8
7 9
9 10
9 11
11 12
11 13
13 14
13 15
15 16
15 17
17 18
17 19
1 0
1 0
5 4
0 1
0 2
2 3
2 4
5 4
0 1
0 2
2 3
2 4
1 0
1 0
1 0
1 0
1 0
11 12
0 1
0 2
2 3
3 4
3 5
4 8
5 6
5 7
6 8
7 8
8 9
8 10
11 12
0 1
0 2
2 3
3 4
3 5
4 8
5 6
5 7
6 8
7 8
8 9
8 10
11 12
0 1
1 2
1 5
2 3
2 4
3 6
4 6
5 6
6 7
6 8
8 9
8 10
11 12
0 1
1 2
1 5
2 3
2 4
3 6
4 6
5 6
6 7
6 8
8 9
8 10
1 0
1 0
29 37
0 1
0 2
2 3
3 4
3 5
4 20
5 6
5 7
6 20
7 8
7 9
8 20
9 10
9 11
10 20
11 12
11 13
12 14
12 13
13 14
14 15
14 16
15 20
16 17
16 18
17 19
18 19
19 20
20 21
20 26
21 22
22 23
22 24
23 25
24 25
26 27
26 28
29 36
0 1
0 2
2 3
3 4
3 5
4 20
5 6
5 7
6 20
7 8
7 9
8 20
9 10
9 11
10 20
11 12
12 14
12 13
13 14
14 15
14 16
15 20
16 17
16 18
17 19
18 19
19 20
20 21
20 26
21 22
22 23
22 24
23 25
24 25
26 27
26 28
5 4
0 1
0 2
2 3
2 4
5 4
0 1
0 2
2 3
2 4
11 12
0 1
1 2
1 3
2 6
3 4
3 5
4 6
5 6
6 7
6 8
8 9
8 10
11 12
0 1
1 2
1 3
2 6
3 4
3 5
4 6
5 6
6 7
6 8
8 9
8 10
15 18
0 1
0 2
2 3
3 4
3 5
4 12
5 6
5 7
6 8
6 7
7 8
8 9
8 10
9 11
10 11
11 12
12 13
12 14
14 15
0 1
0 2
2 3
3 4
3 5
4 11
5 6
6 7
7 8
7 9
8 10
9 10
10 11
11 12
11 13
5 4
0 1
0 2
2 3
2 4
5 4
0 1
0 2
2 3
2 4
11 11
0 1
0 2
2 3
2 4
4 5
5 6
5 7
6 8
7 8
8 9
8 10
10 10
0 1
0 2
2 3
2 4
4 5
5 6
5 7
6 8
7 8
7 9
5 4
0 1
0 2
2 3
2 4
5 4
0 1
0 2
2 3
2 4
3 2
0 1
0 2
3 2
0 1
0 2
3 2
0 1
0 2
3 2
0 1
0 2
3 2
0 1
0 2
1 0
1 0
1 0
1 0
1 0
1 0
1 0
1 0
1 0
1 0
1 0
1 0
1 0
1 0
1 0
1 0
31 38
0 1
0 2
2 3
2 4
4 5
5 6
5 10
6 7
6 8
7 9
8 9
9 11
10 11
11 12
11 16
12 13
12 14
13 15
14 15
15 5
16 17
16 30
17 18
18 19
18 23
19 20
19 21
20 22
21 22
22 24
23 24
24 25
24 29
25 26
25 27
26 28
27 28
28 18
31 38
0 1
0 2
2 3
2 4
4 5
5 6
5 10
6 7
6 8
7 9
8 9
9 11
10 11
11 12
11 16
12 13
12 14
13 15
14 15
15 5
16 17
16 30
17 18
18 19
18 23
19 20
19 21
20 22
21 22
22 24
23 24
24 25
24 29
25 26
25 27
26 28
27 28
28 18
1 0
1 0
10 11
0 1
0 8
1 2
1 6
2 3
2 4
4 5
5 7
6 7
7 9
8 9
10 11
0 1
0 8
1 2
1 6
2 3
2 4
4 5
5 7
6 7
7 9
8 9
13 15
0 1
0 11
1 2
1 9
2 3
2 7
3 4
3 5
5 6
6 8
7 8
8 10
9 10
10 12
11 12
13 15
0 1
0 11
1 2
1 9
2 3
2 7
3 4
3 5
5 6
6 8
7 8
8 10
9 10
10 12
11 12
1 0
1 0
1 0
1 0
5 4
0 1
0 4
1 2
1 3
5 4
0 1
0 4
1 2
1 3
1 0
1 0
1 0
1 0
15 18
0 1
0 2
1 12
2 3
2 4
3 11
4 5
4 6
5 10
6 7
6 8
7 9
8 9
9 10
10 11
11 12
12 13
12 14
15 18
0 1
0 2
1 12
2 3
2 4
3 11
4 5
4 6
5 10
6 7
6 8
7 9
8 9
9 10
10 11
11 12
12 13
12 14
5 4
0 1
0 4
1 2
1 3
5 4
0 1
0 4
1 2
1 3
1 0
1 0
5 4
0 1
0 4
1 2
1 3
5 4
0 1
0 4
1 2
1 3
1 0
1 0
5 4
0 1
0 4
1 2
1 3
5 4
0 1
0 4
1 2
1 3
1 0
1 0
3 2
0 1
0 2
1 0
1 0
1 0
1 0
1 0
1 0
4 5
0 1
0 2
1 3
1 2
2 3
3 2
0 1
1 2
4 5
0 1
0 2
1 3
1 2
2 3
3 2
0 1
1 2
4 5
0 1
0 2
1 3
1 2
2 3
3 2
0 1
1 2
4 5
0 1
0 2
1 3
1 2
2 3
3 2
0 1
1 2
4 5
0 1
0 2
1 3
1 2
2 3
3 2
0 1
1 2
4 5
0 1
0 2
1 3
1 2
2 3
3 2
0 1
1 2
4 5
0 1
0 2
1 3
1 2
2 3
3 2
0 1
1 2
4 5
0 1
0 2
1 3
1 2
2 3
3 2
0 1
1 2
1 0
1 0
1 0
1 0
1 0
1 0
1 0
1 0
1 0
1 0
1 0
1 0
1 0
1 0
1 0
1 0
1 0
1 0
1 0
1 0
1 0
1 0
1 0
1 0
1 0
1 0
4 4
0 1
0 2
1 3
2 3
4 4
0 1
0 2
1 3
2 3
19 30
0 1
0 2
1 3
1 2
2 3
3 4
3 5
4 6
4 5
5 6
6 7
6 8
7 9
7 8
8 9
9 10
9 11
10 12
10 11
11 12
12 13
12 14
13 15
13 14
14 15
15 16
15 17
16 18
16 17
17 18
13 12
0 1
1 2
2 3
3 4
4 5
5 6
6 7
7 8
8 9
9 10
10 11
11 12
1 0
1 0
1 0
1 0
1 0
1 0
1 0
1 0
1 0
1 0
1 0
1 0
1 0
1 0
1 0
1 0
1 0
1 0
4 4
0 1
1 2
1 3
2 1
4 4
0 1
1 2
1 3
2 1
16 24
0 1
0 2
1 3
1 2
2 3
3 4
3 5
4 6
4 5
5 6
6 7
6 8
7 9
7 8
8 9
9 10
9 11
10 12
10 11
11 12
12 13
12 14
13 15
14 15
16 24
0 1
0 2
1 3
1 2
2 3
3 4
3 5
4 6
4 5
5 6
6 7
6 8
7 9
7 8
8 9
9 10
9 11
10 12
10 11
11 12
12 13
12 14
13 15
14 15
7 9
0 1
0 2
1 3
1 2
2 3
3 4
4 5
4 6
5 4
7 9
0 1
0 2
1 3
1 2
2 3
3 4
4 5
4 6
5 4
33 42
0 1
1 2
1 21
2 3
2 4
3 20
4 5
4 15
5 6
5 13
6 7
6 11
7 8
7 9
8 10
9 10
10 12
11 12
12 14
13 14
14 16
15 16
16 17
16 18
17 19
18 19
19 20
20 1
21 22
21 23
23 24
23 25
24 26
25 26
26 27
26 28
27 29
28 29
29 30
29 31
30 32
31 32
33 43
0 1
0 21
1 2
2 3
2 4
3 20
4 5
4 15
5 6
5 13
6 7
6 11
7 8
7 9
8 10
9 10
10 12
11 12
12 14
13 14
14 16
15 16
16 17
16 18
17 19
18 19
19 20
20 2
20 21
21 22
21 23
23 24
23 25
24 26
25 26
26 27
26 28
27 29
28 29
29 30
29 31
30 32
31 32
7 8
0 1
1 2
1 3
2 1
3 4
4 5
4 6
5 4
7 8
0 1
1 2
1 3
2 1
3 4
4 5
4 6
5 4
1 0
1 0
1 0
4 5
0 1
0 2
1 3
1 2
2 3
3 2
0 1
1 2
4 5
0 1
0 2
1 3
1 2
2 3
3 2
0 1
1 2
4 5
0 1
0 2
1 3
1 2
2 3
3 2
0 1
1 2
4 5
0 1
0 2
1 3
1 2
2 3
3 2
0 1
1 2
1 0
1 0
13 14
0 1
0 2
2 3
2 4
4 5
4 6
5 10
6 7
6 8
7 9
8 9
9 10
10 11
10 12
13 14
0 1
0 2
2 3
2 4
4 5
4 6
5 10
6 7
6 8
7 9
8 9
9 10
10 11
10 12
58 95
0 1
0 2
1 3
1 2
2 3
3 4
3 5
4 6
4 5
5 6
6 7
6 8
7 9
7 8
8 9
9 10
9 11
10 12
10 11
11 12
12 13
12 14
13 15
13 14
14 15
15 16
15 17
16 18
16 17
17 18
18 19
18 20
19 21
19 20
20 21
21 22
21 23
22 24
22 23
23 24
24 25
24 26
25 27
25 26
26 27
27 28
27 29
28 30
28 29
29 30
30 31
30 32
31 33
31 32
32 33
33 34
33 35
34 36
34 35
35 36
36 37
36 38
37 39
37 38
38 39
39 40
39 41
40 42
40 41
41 42
42 43
42 44
43 45
43 44
44 45
45 46
45 47
46 48
46 47
47 48
48 49
48 50
49 51
49 50
50 51
51 52
51 53
52 54
52 53
53 54
54 55
54 56
55 57
55 56
56 57
39 38
0 1
1 2
2 3
3 4
4 5
5 6
6 7
7 8
8 9
9 10
10 11
11 12
12 13
13 14
14 15
15 16
16 17
17 18
18 19
19 20
20 21
21 22
22 23
23 24
24 25
25 26
26 27
27 28
28 29
29 30
30 31
31 32
32 33
33 34
34 35
35 36
36 37
37 38
1 0
1 0
1 0
1 0
1 0
1 0
1 0
1 0
1 0
1 0
4 4
0 1
0 2
1 3
2 3
4 4
0 1
0 2
1 3
2 3
3 2
0 1
0 2
3 2
0 1
0 2
4 4
0 1
0 2
1 3
2 3
4 4
0 1
0 2
1 3
2 3
10 12
0 1
0 2
1 3
2 3
3 4
3 5
4 6
5 6
6 7
6 8
7 9
8 9
10 12
0 1
0 2
1 3
2 3
3 4
3 5
4 6
5 6
6 7
6 8
7 9
8 9
3 3
0 1
0 2
2 0
3 3
0 1
0 2
2 0
3 4
0 1
0 2
1 1
1 2
4 5
0 1
0 3
1 2
2 2
2 3
6 7
0 1
0 5
1 2
1 3
3 4
4 1
4 5
7 8
0 1
0 6
1 2
2 3
2 4
4 5
5 2
5 6
1 0
1 0
3 3
0 1
0 2
2 0
3 3
0 1
0 2
2 0
4 4
0 1
0 2
1 3
2 3
4 4
0 1
0 2
1 3
2 3
4 4
0 1
0 2
1 3
2 3
4 4
0 1
0 2
1 3
2 3
3 2
0 1
0 2
3 2
0 1
0 2
3 2
0 1
0 2
3 2
0 1
0 2
21 26
0 1
1 2
1 15
2 3
2 4
3 5
4 5
5 6
5 10
6 7
6 8
7 9
8 9
9 11
10 11
11 12
11 13
12 14
13 14
14 1
15 16
15 17
16 18
17 18
18 19
18 20
21 27
0 1
0 15
1 2
2 3
2 4
3 5
4 5
5 6
5 10
6 7
6 8
7 9
8 9
9 11
10 11
11 12
11 13
12 14
13 14
14 2
14 15
15 16
15 17
16 18
17 18
18 19
18 20
25 32
0 1
0 2
1 3
2 3
3 4
4 5
4 9
5 6
5 7
6 8
7 8
8 10
9 10
10 11
10 24
11 12
11 13
12 23
13 14
13 18
14 15
14 16
15 17
16 17
17 19
18 19
19 20
19 21
20 22
21 22
22 23
23 4
25 32
0 1
0 2
1 3
2 3
3 4
4 5
4 9
5 6
5 7
6 8
7 8
8 10
9 10
10 11
10 24
11 12
11 13
12 23
13 14
13 18
14 15
14 16
15 17
16 17
17 19
18 19
19 20
19 21
20 22
21 22
22 23
23 4
24 30
0 1
0 23
1 2
2 3
2 7
3 4
3 5
4 6
5 6
6 8
7 8
8 9
8 22
9 10
9 11
10 21
11 12
11 16
12 13
12 14
13 15
14 15
15 17
16 17
17 18
17 19
18 20
19 20
20 21
21 2
24 30
0 1
0 23
1 2
2 3
2 7
3 4
3 5
4 6
5 6
6 8
7 8
8 9
8 22
9 10
9 11
10 21
11 12
11 16
12 13
12 14
13 15
14 15
15 17
16 17
17 18
17 19
18 20
19 20
20 21
21 2
1 0
1 0
1 0
1 0
1 0
1 0
1 0
1 0
1 0
1 0
1 0
1 0
1 0
1 0
1 0
1 0
1 0
1 0
1 0
4 4
0 1
0 2
1 3
2 3
4 4
0 1
0 2
1 3
2 3
1 0
1 0
3 2
0 1
0 2
3 2
0 1
0 2
1 0
1 0
5 8
0 1
0 2
1 1
1 2
2 3
2 4
3 3
3 4
7 10
0 1
0 3
1 2
2 2
2 3
3 4
3 6
4 5
5 5
5 6
1 0
1 0
1 0
1 0
1 0
6 9
0 1
0 2
1 3
1 2
2 3
3 4
3 5
4 4
4 5
7 10
0 1
0 2
1 3
1 2
2 3
3 4
3 6
4 5
5 5
5 6
3 2
0 1
0 2
3 2
0 1
0 2
1 0
1 0
3 2
0 1
0 2
3 2
0 1
0 2
3 2
0 1
0 2
3 2
0 1
0 2
7 6
0 1
0 6
1 2
1 5
2 3
2 4
7 6
0 1
0 6
1 2
1 5
2 3
2 4
1 0
1 0
9 10
0 1
0 2
1 6
2 3
2 4
3 5
4 5
5 6
6 7
6 8
9 10
0 1
0 2
1 6
2 3
2 4
3 5
4 5
5 6
6 7
6 8
11 13
0 1
0 2
2 3
2 7
3 4
3 5
4 6
5 6
6 8
7 8
8 9
8 10
10 0
11 13
0 1
0 2
2 3
2 7
3 4
3 5
4 6
5 6
6 8
7 8
8 9
8 10
10 0
13 15
0 1
1 2
1 7
2 3
2 6
3 4
3 5
4 8
5 8
6 8
7 8
8 9
8 12
9 10
9 11
12 13
0 1
1 2
1 7
2 3
2 6
3 4
3 5
4 8
5 11
6 11
7 11
8 9
8 10
7 8
0 1
1 2
1 6
2 3
2 4
3 5
4 5
5 1
7 9
0 1
0 6
1 2
2 3
2 4
3 5
4 5
5 2
5 6
13 16
0 1
1 2
1 6
2 3
2 4
3 5
4 5
5 7
6 7
7 8
7 12
8 9
8 10
9 11
10 11
11 1
13 16
0 1
1 2
1 6
2 3
2 4
3 5
4 5
5 7
6 7
7 8
7 12
8 9
8 10
9 11
10 11
11 1
10 12
0 1
0 2
1 3
2 3
3 4
3 5
4 6
5 6
6 7
6 8
7 9
8 9
10 12
0 1
0 2
1 3
2 3
3 4
3 5
4 6
5 6
6 7
6 8
7 9
8 9
1 0
1 0
1 0
1 0
15 18
0 1
0 2
1 12
2 3
2 4
3 11
4 5
4 6
5 10
6 7
6 8
7 9
8 9
9 10
10 11
11 12
12 13
12 14
15 18
0 1
0 2
1 12
2 3
2 4
3 11
4 5
4 6
5 10
6 7
6 8
7 9
8 9
9 10
10 11
11 12
12 13
12 14
83 108
0 1
1 2
1 3
3 4
3 8
4 5
4 6
5 7
6 7
8 9
8 79
9 10
9 11
10 42
11 12
11 13
12 41
13 14
14 15
14 19
15 16
15 17
16 18
17 18
18 20
19 20
20 21
20 25
21 22
21 23
22 24
23 24
24 14
25 26
25 39
26 27
27 28
27 32
28 29
28 30
29 31
30 31
31 33
32 33
33 34
33 38
34 35
34 36
35 37
36 37
37 27
38 40
39 40
40 41
41 42
42 43
42 77
43 44
43 54
44 45
44 52
45 46
45 50
46 47
46 48
47 49
48 49
49 51
50 51
51 53
52 53
53 73
54 55
54 71
55 56
55 66
56 57
56 64
57 58
57 62
58 59
58 60
59 61
60 61
61 63
62 63
63 65
64 65
65 67
66 67
67 68
67 69
68 70
69 70
70 72
71 72
72 73
73 74
73 75
74 76
75 76
76 78
77 78
78 80
79 80
80 81
80 82
82 1
83 108
0 1
1 2
1 3
3 4
3 8
4 5
4 6
5 7
6 7
8 9
8 79
9 10
9 11
10 42
11 12
11 13
12 41
13 14
14 15
14 19
15 16
15 17
16 18
17 18
18 20
19 20
20 21
20 25
21 22
21 23
22 24
23 24
24 14
25 26
25 39
26 27
27 28
27 32
28 29
28 30
29 31
30 31
31 33
32 33
33 34
33 38
34 35
34 36
35 37
36 37
37 27
38 40
39 40
40 41
41 42
42 43
42 77
43 44
43 54
44 45
44 52
45 46
45 50
46 47
46 48
47 49
48 49
49 51
50 51
51 53
52 53
53 73
54 55
54 71
55 56
55 66
56 57
56 64
57 58
57 62
58 59
58 60
59 61
60 61
61 63
62 63
63 65
64 65
65 67
66 67
67 68
67 69
68 70
69 70
70 72
71 72
72 73
73 74
73 75
74 76
75 76
76 78
77 78
78 80
79 80
80 81
80 82
82 1
4 4
0 1
0 2
1 3
2 3
4 4
0 1
0 2
1 3
2 3
13 16
0 1
0 2
1 6
2 3
2 4
3 5
4 5
5 6
6 7
6 8
7 9
8 9
9 10
9 11
10 12
11 12
13 16
0 1
0 2
1 6
2 3
2 4
3 5
4 5
5 6
6 7
6 8
7 9
8 9
9 10
9 11
10 12
11 12
19 24
0 1
0 2
1 12
2 3
2 4
3 11
4 5
4 6
5 10
6 7
6 8
7 9
8 9
9 10
10 11
11 12
12 13
12 14
13 15
14 15
15 16
15 17
16 18
17 18
19 24
0 1
0 2
1 12
2 3
2 4
3 11
4 5
4 6
5 10
6 7
6 8
7 9
8 9
9 10
10 11
11 12
12 13
12 14
13 15
14 15
15 16
15 17
16 18
17 18
47 60
0 1
1 2
1 3
3 4
3 5
5 6
5 43
6 7
6 8
7 39
8 9
8 10
9 38
10 11
11 12
11 16
12 13
12 14
13 15
14 15
15 17
16 17
17 18
17 22
18 19
18 20
19 21
20 21
21 11
22 23
22 36
23 24
24 25
24 29
25 26
25 27
26 28
27 28
28 30
29 30
30 31
30 35
31 32
31 33
32 34
33 34
34 24
35 37
36 37
37 38
38 39
39 40
39 41
40 42
41 42
42 44
43 44
44 45
44 46
46 1
47 61
0 2
0 1
1 3
3 4
3 5
5 6
5 43
6 7
6 8
7 39
8 9
8 10
9 38
10 11
11 12
11 16
12 13
12 14
13 15
14 15
15 17
16 17
17 18
17 22
18 19
18 20
19 21
20 21
21 11
22 23
22 36
23 24
24 25
24 29
25 26
25 27
26 28
27 28
28 30
29 30
30 31
30 35
31 32
31 33
32 34
33 34
34 24
35 37
36 37
37 38
38 39
39 40
39 41
40 42
41 42
42 44
43 44
44 45
44 46
46 2
46 3
3 2
0 1
0 2
3 2
0 1
0 2
15 18
0 1
0 14
1 2
2 3
2 7
3 4
3 5
4 6
5 6
6 8
7 8
8 9
8 13
9 10
9 11
10 12
11 12
12 2
15 18
0 1
0 14
1 2
2 3
2 7
3 4
3 5
4 6
5 6
6 8
7 8
8 9
8 13
9 10
9 11
10 12
11 12
12 2
24 30
0 1
1 2
1 12
2 3
2 4
3 5
4 5
5 6
5 10
6 7
6 8
7 9
8 9
9 11
10 11
11 1
12 13
12 14
13 15
14 15
15 16
15 17
16 18
17 18
18 19
18 23
19 20
19 21
20 22
21 22
24 31
0 1
0 12
1 2
2 3
2 4
3 5
4 5
5 6
5 10
6 7
6 8
7 9
8 9
9 11
10 11
11 2
11 12
12 13
12 14
13 15
14 15
15 16
15 17
16 18
17 18
18 19
18 23
19 20
19 21
20 22
21 22
3 3
0 1
0 2
2 0
3 3
0 1
0 2
2 0
3 3
0 1
0 2
2 0
3 3
0 1
0 2
2 0
1 0
1 0
1 0
1 0
6 7
0 1
0 5
1 2
1 3
3 4
4 1
4 5
7 8
0 1
0 6
1 2
2 3
2 4
4 5
5 2
5 6
1 0
1 0
3 3
0 1
0 2
2 0
3 3
0 1
0 2
2 0
1 0
1 0
1 0
1 0
97 127
0 1
0 2
1 3
2 3
3 4
3 41
4 5
4 6
5 37
6 7
6 8
7 36
8 9
9 10
9 14
10 11
10 12
11 13
12 13
13 15
14 15
15 16
15 20
16 17
16 18
17 19
18 19
19 9
20 21
20 34
21 22
22 23
22 27
23 24
23 25
24 26
25 26
26 28
27 28
28 29
28 33
29 30
29 31
30 32
31 32
32 22
33 35
34 35
35 36
36 37
37 38
37 39
38 40
39 40
40 42
41 42
42 43
42 44
44 45
45 46
46 47
46 48
47 49
48 49
49 50
49 96
50 51
50 52
51 95
52 53
52 90
53 54
53 55
54 86
55 56
55 57
56 85
57 58
58 59
58 63
59 60
59 61
60 62
61 62
62 64
63 64
64 65
64 69
65 66
65 67
66 68
67 68
68 58
69 70
69 83
70 71
71 72
71 76
72 73
72 74
73 75
74 75
75 77
76 77
77 78
77 82
78 79
78 80
79 81
80 81
81 71
82 84
83 84
84 85
85 86
86 87
86 88
87 89
88 89
89 91
90 91
91 92
91 93
92 94
93 94
94 95
95 46
96 126
0 1
0 2
1 3
2 3
3 4
3 41
4 5
4 6
5 37
6 7
6 8
7 36
8 9
9 10
9 14
10 11
10 12
11 13
12 13
13 15
14 15
15 16
15 20
16 17
16 18
17 19
18 19
19 9
20 21
20 34
21 22
22 23
22 27
23 24
23 25
24 26
25 26
26 28
27 28
28 29
28 33
29 30
29 31
30 32
31 32
32 22
33 35
34 35
35 36
36 37
37 38
37 39
38 40
39 40
40 42
41 42
42 43
42 44
44 45
45 46
46 47
46 48
47 95
48 49
48 95
49 50
49 51
50 94
51 52
51 89
52 53
52 54
53 85
54 55
54 56
55 84
56 57
57 58
57 62
58 59
58 60
59 61
60 61
61 63
62 63
63 64
63 68
64 65
64 66
65 67
66 67
67 57
68 69
68 82
69 70
70 71
70 75
71 72
71 73
72 74
73 74
74 76
75 76
76 77
76 81
77 78
77 79
78 80
79 80
80 70
81 83
82 83
83 84
84 85
85 86
85 87
86 88
87 88
88 90
89 90
90 91
90 92
91 93
92 93
93 94
94 46
38 49
0 1
0 2
1 3
2 3
3 4
4 5
4 6
5 7
6 7
7 8
7 37
8 9
8 10
9 36
10 11
10 31
11 12
12 13
12 26
13 14
14 15
14 19
15 16
15 17
16 18
17 18
18 20
19 20
20 21
20 25
21 22
21 23
22 24
23 24
24 14
25 27
26 27
27 28
27 29
28 30
29 30
30 32
31 32
32 33
32 34
33 35
34 35
35 36
36 4
37 48
0 1
0 2
1 3
2 3
3 4
4 5
4 6
5 36
6 7
6 36
7 8
7 9
8 35
9 10
9 30
10 11
11 12
11 25
12 13
13 14
13 18
14 15
14 16
15 17
16 17
17 19
18 19
19 20
19 24
20 21
20 22
21 23
22 23
23 13
24 26
25 26
26 27
26 28
27 29
28 29
29 31
30 31
31 32
31 33
32 34
33 34
34 35
35 4
1 0
51 64
0 1
0 50
1 2
2 3
2 49
3 4
3 5
5 6
5 43
6 7
6 8
7 39
8 9
8 10
9 38
10 11
11 12
11 16
12 13
12 14
13 15
14 15
15 17
16 17
17 18
17 22
18 19
18 20
19 21
20 21
21 11
22 23
22 36
23 24
24 25
24 29
25 26
25 27
26 28
27 28
28 30
29 30
30 31
30 35
31 32
31 33
32 34
33 34
34 24
35 37
36 37
37 38
38 39
39 40
39 41
40 42
41 42
42 44
43 44
44 45
44 46
46 47
47 48
48 2
51 65
0 1
0 50
1 2
1 49
2 3
3 4
3 5
5 6
5 43
6 7
6 8
7 39
8 9
8 10
9 38
10 11
11 12
11 16
12 13
12 14
13 15
14 15
15 17
16 17
17 18
17 22
18 19
18 20
19 21
20 21
21 11
22 23
22 36
23 24
24 25
24 29
25 26
25 27
26 28
27 28
28 30
29 30
30 31
30 35
31 32
31 33
32 34
33 34
34 24
35 37
36 37
37 38
38 39
39 40
39 41
40 42
41 42
42 44
43 44
44 45
44 46
46 47
47 48
48 3
48 49
3 2
0 1
0 2
1 0
1 0
10 15
0 1
0 2
1 3
1 2
2 3
3 4
3 5
4 6
4 5
5 6
6 7
6 8
7 9
7 8
8 9
7 6
0 1
1 2
2 3
3 4
4 5
5 6
24 39
0 1
0 2
1 3
1 2
2 3
3 4
3 23
4 5
4 6
5 7
5 6
6 7
7 8
7 9
8 10
8 9
9 10
10 11
10 12
11 13
11 12
12 13
13 14
13 15
14 16
14 15
15 16
16 17
16 18
17 19
17 18
18 19
19 20
19 21
20 22
20 21
21 22
22 4
22 23
17 17
0 1
1 2
2 3
3 4
4 5
5 6
6 7
7 8
8 9
9 10
10 11
11 12
12 13
13 14
14 15
15 3
15 16
1 0
12 17
0 1
1 2
1 3
2 4
2 3
3 4
4 5
4 6
5 7
5 6
6 7
7 8
7 9
8 10
8 9
9 10
10 11
9 8
0 1
1 2
2 3
3 4
4 5
5 6
6 7
7 8
1 0
21 23
0 1
0 20
1 2
2 3
2 19
3 4
3 5
5 6
5 10
6 7
6 8
7 9
8 9
9 11
10 11
11 12
11 16
12 13
12 14
15 16
16 17
17 18
18 2
20 23
0 1
0 19
1 2
1 18
2 3
3 4
3 5
5 6
5 10
6 7
6 8
7 9
8 9
9 11
10 11
11 12
11 15
12 13
12 14
15 16
16 17
17 3
17 18
19 20
0 1
0 2
2 3
2 4
4 5
4 6
6 7
6 8
8 9
8 10
9 14
10 11
10 12
11 13
12 13
13 14
14 15
14 16
16 17
16 18
19 20
0 1
0 2
2 3
2 4
4 5
4 6
6 7
6 8
8 9
8 10
9 14
10 11
10 12
11 13
12 13
13 14
14 15
14 16
16 17
16 18
1 0
1 0
1 0
1 0
1 0
1 0
1 0
1 0
1 0
1 0
1 0
1 0
1 0
8 8
0 1
0 2
1 3
2 3
3 4
3 5
5 6
5 7
8 8
0 1
0 2
1 3
2 3
3 4
3 5
5 6
5 7
10 12
0 1
0 2
1 3
2 3
3 4
4 5
4 9
5 6
5 7
6 8
7 8
8 4
10 13
0 1
0 2
1 3
2 3
3 4
3 9
4 5
5 6
5 7
6 8
7 8
8 5
8 9
1 0
1 0
1 0
1 0
1 0
1 0
3 2
0 1
0 2
3 2
0 1
0 2
1 0
1 0
9 8
0 1
0 8
1 2
1 7
2 3
2 6
3 4
3 5
9 8
0 1
0 8
1 2
1 7
2 3
2 6
3 4
3 5
148 196
0 1
0 2
1 3
2 3
3 4
4 5
4 8
5 6
5 7
6 9
7 9
8 9
9 10
9 11
10 12
11 12
12 13
12 14
13 15
14 15
15 16
15 17
16 18
17 18
18 19
18 20
19 21
20 21
21 22
21 23
22 24
23 24
24 25
24 26
25 27
26 27
27 28
27 29
28 30
29 30
30 31
30 32
31 33
32 33
33 34
33 35
34 36
35 36
36 37
36 38
37 39
38 39
39 40
39 41
40 42
41 42
42 43
42 44
43 45
44 45
45 46
45 47
46 48
47 48
48 49
48 50
49 51
50 51
51 52
51 53
52 54
53 54
54 55
54 56
55 57
56 57
57 58
57 59
58 60
59 60
60 61
60 62
61 63
62 63
63 64
63 65
64 66
65 66
66 67
66 68
67 69
68 69
69 70
69 71
70 72
71 72
72 73
72 74
73 75
74 75
75 76
75 77
76 78
77 78
78 79
78 83
79 80
79 81
80 82
81 82
82 84
83 84
84 85
84 86
85 87
86 87
87 88
87 89
88 90
89 90
90 91
90 92
91 93
92 93
93 94
93 95
94 96
95 96
96 97
96 98
97 99
98 99
99 100
99 101
100 102
101 102
102 103
102 104
103 105
104 105
105 106
105 110
106 107
106 108
107 109
108 109
109 111
110 111
111 112
111 113
112 114
113 114
114 115
114 116
115 117
116 117
117 118
117 119
118 120
119 120
120 121
120 122
121 123
122 123
123 124
123 128
124 125
124 126
125 127
126 127
127 129
128 129
129 130
129 131
130 132
131 132
132 133
132 134
133 135
134 135
135 136
135 137
136 138
137 138
138 139
138 140
139 141
140 141
141 142
141 143
142 144
143 144
144 145
144 146
145 147
146 147
147 194
0 1
0 2
1 3
2 3
3 4
4 5
4 8
5 6
5 7
6 9
7 10
8 10
9 11
10 11
11 12
11 13
12 14
13 14
14 15
14 16
15 17
16 17
17 18
17 19
18 20
19 20
20 21
20 22
21 23
22 23
23 24
23 25
24 26
25 26
26 27
26 28
27 29
28 29
29 30
29 31
30 32
31 32
32 33
32 34
33 35
34 35
35 36
35 37
36 38
37 38
38 39
38 40
39 41
40 41
41 42
41 43
42 44
43 44
44 45
44 46
45 47
46 47
47 48
47 49
48 50
49 50
50 51
50 52
51 53
52 53
53 54
53 55
54 56
55 56
56 57
56 58
57 59
58 59
59 60
59 61
60 62
61 62
62 63
62 64
63 65
64 65
65 66
65 67
66 68
67 68
68 69
68 70
69 71
70 71
71 72
71 73
72 74
73 74
74 75
74 76
75 77
76 77
77 78
77 82
78 79
78 80
79 81
80 81
81 83
82 83
83 84
83 85
84 86
85 86
86 87
86 88
87 89
88 89
89 90
89 91
90 92
91 92
92 93
92 94
93 95
94 95
95 96
95 97
96 98
97 98
98 99
98 100
99 101
100 101
101 102
101 103
102 104
103 104
104 105
104 109
105 106
105 107
106 108
107 108
108 110
109 110
110 111
110 112
111 113
112 113
113 114
113 115
114 116
115 116
116 117
116 118
117 119
118 119
119 120
119 121
120 122
121 122
122 123
122 127
123 124
123 125
124 126
125 126
126 128
127 128
128 129
128 130
129 131
130 131
131 132
131 133
132 134
133 134
134 135
134 136
135 137
136 137
137 138
137 139
138 140
139 140
140 141
140 142
141 143
142 143
143 144
143 145
144 146
145 146
19 24
0 1
0 17
1 2
1 15
2 3
2 13
3 4
3 11
4 5
4 9
5 6
5 7
6 8
7 8
8 10
9 10
10 12
11 12
12 14
13 14
14 16
15 16
16 18
17 18
19 24
0 1
0 17
1 2
1 15
2 3
2 13
3 4
3 11
4 5
4 9
5 6
5 7
6 8
7 8
8 10
9 10
10 12
11 12
12 14
13 14
14 16
15 16
16 18
17 18
10 12
0 1
0 8
1 2
1 6
2 3
2 4
3 5
4 5
5 7
6 7
7 9
8 9
10 12
0 1
0 8
1 2
1 6
2 3
2 4
3 5
4 5
5 7
6 7
7 9
8 9
19 24
0 1
0 2
1 3
2 3
3 4
3 5
4 6
5 6
6 7
6 8
7 9
8 9
9 10
9 11
10 12
11 12
12 13
12 14
13 15
14 15
15 16
15 17
16 18
17 18
19 24
0 1
0 2
1 3
2 3
3 4
3 5
4 6
5 6
6 7
6 8
7 9
8 9
9 10
9 11
10 12
11 12
12 13
12 14
13 15
14 15
15 16
15 17
16 18
17 18
10 12
0 1
0 2
1 3
2 3
3 4
3 5
4 6
5 6
6 7
6 8
7 9
8 9
10 12
0 1
0 2
1 3
2 3
3 4
3 5
4 6
5 6
6 7
6 8
7 9
8 9
79 104
0 1
0 5
1 2
1 3
2 4
3 4
4 6
5 6
6 7
6 17
7 8
7 9
8 10
9 10
10 11
10 15
11 12
11 13
12 14
13 14
14 16
15 16
16 18
17 18
18 19
18 26
19 20
19 21
20 22
21 22
22 23
22 24
23 25
24 25
25 27
26 27
27 28
27 32
28 29
28 30
29 31
30 31
31 33
32 33
33 34
33 41
34 35
34 39
35 36
35 37
36 38
37 38
38 40
39 40
40 42
41 42
42 43
42 50
43 44
43 48
44 45
44 46
45 47
46 47
47 49
48 49
49 51
50 51
51 52
51 59
52 53
52 57
53 54
53 55
54 56
55 56
56 58
57 58
58 60
59 60
60 61
60 62
61 63
62 63
63 64
63 65
64 66
65 66
66 67
66 68
67 69
68 69
69 70
69 77
70 71
70 75
71 72
71 73
72 74
73 74
74 76
75 76
76 78
77 78
79 104
0 1
0 5
1 2
1 3
2 4
3 4
4 6
5 6
6 7
6 17
7 8
7 9
8 10
9 10
10 11
10 15
11 12
11 13
12 14
13 14
14 16
15 16
16 18
17 18
18 19
18 26
19 20
19 21
20 22
21 22
22 23
22 24
23 25
24 25
25 27
26 27
27 28
27 32
28 29
28 30
29 31
30 31
31 33
32 33
33 34
33 41
34 35
34 39
35 36
35 37
36 38
37 38
38 40
39 40
40 42
41 42
42 43
42 50
43 44
43 48
44 45
44 46
45 47
46 47
47 49
48 49
49 51
50 51
51 52
51 59
52 53
52 57
53 54
53 55
54 56
55 56
56 58
57 58
58 60
59 60
60 61
60 62
61 63
62 63
63 64
63 65
64 66
65 66
66 67
66 68
67 69
68 69
69 70
69 77
70 71
70 75
71 72
71 73
72 74
73 74
74 76
75 76
76 78
77 78
119 156
0 1
0 2
1 3
2 3
3 4
3 5
4 6
5 6
6 7
6 8
7 9
8 9
9 10
9 11
10 12
11 12
12 13
12 14
13 15
14 15
15 16
15 17
16 18
17 18
18 19
18 20
19 21
20 21
21 22
21 23
22 24
23 24
24 25
24 26
25 27
26 27
27 28
27 29
28 30
29 30
30 31
30 32
31 33
32 33
33 34
33 35
34 36
35 36
36 37
36 38
37 39
38 39
39 40
39 41
40 42
41 42
42 43
42 44
43 45
44 45
45 46
45 47
46 48
47 48
48 49
48 50
49 51
50 51
51 52
51 53
52 54
53 54
54 55
54 56
55 57
56 57
57 58
57 59
58 60
59 60
60 61
60 62
61 63
62 63
63 64
63 65
64 66
65 66
66 67
66 68
67 69
68 69
69 70
70 71
70 87
71 72
71 85
72 73
72 83
73 74
73 81
74 75
74 79
75 76
75 77
76 78
77 78
78 80
79 80
80 82
81 82
82 84
83 84
84 86
85 86
86 88
87 88
88 89
89 90
89 91
90 92
91 92
92 93
92 94
93 95
94 95
95 96
96 97
96 104
97 98
97 102
98 99
98 100
99 101
100 101
101 103
102 103
103 105
104 105
105 106
106 107
106 108
107 109
108 109
109 110
109 111
110 112
111 112
112 113
112 114
113 115
114 115
115 116
115 117
116 118
117 118
119 156
0 1
0 2
1 3
2 3
3 4
3 5
4 6
5 6
6 7
6 8
7 9
8 9
9 10
9 11
10 12
11 12
12 13
12 14
13 15
14 15
15 16
15 17
16 18
17 18
18 19
18 20
19 21
20 21
21 22
21 23
22 24
23 24
24 25
24 26
25 27
26 27
27 28
27 29
28 30
29 30
30 31
30 32
31 33
32 33
33 34
33 35
34 36
35 36
36 37
36 38
37 39
38 39
39 40
39 41
40 42
41 42
42 43
42 44
43 45
44 45
45 46
45 47
46 48
47 48
48 49
48 50
49 51
50 51
51 52
51 53
52 54
53 54
54 55
54 56
55 57
56 57
57 58
57 59
58 60
59 60
60 61
60 62
61 63
62 63
63 64
63 65
64 66
65 66
66 67
66 68
67 69
68 69
69 70
70 71
70 87
71 72
71 85
72 73
72 83
73 74
73 81
74 75
74 79
75 76
75 77
76 78
77 78
78 80
79 80
80 82
81 82
82 84
83 84
84 86
85 86
86 88
87 88
88 89
89 90
89 91
90 92
91 92
92 93
92 94
93 95
94 95
95 96
96 97
96 104
97 98
97 102
98 99
98 100
99 101
100 101
101 103
102 103
103 105
104 105
105 106
106 107
106 108
107 109
108 109
109 110
109 111
110 112
111 112
112 113
112 114
113 115
114 115
115 116
115 117
116 118
117 118
4 5
0 1
0 2
1 3
1 2
2 3
3 2
0 1
1 2
14 23
0 1
0 2
1 3
1 2
2 3
3 4
3 5
4 6
4 5
5 6
6 7
6 8
7 9
7 8
8 9
9 10
9 11
10 10
10 11
11 12
11 13
12 12
12 13
11 12
0 1
1 2
2 3
3 4
4 5
5 6
6 7
7 7
7 8
8 9
9 9
9 10
1 0
1 0
1 0
1 0
1 0
1 0
1 0
1 0
1 0
1 0
4 4
0 1
0 2
1 3
2 3
4 4
0 1
0 2
1 3
2 3
1 0
1 0
1 0
1 0
1 0
1 0
1 0
1 0
1 0
3 4
0 1
0 2
1 1
1 2
3 3
0 1
1 1
1 2
3 4
0 1
0 2
1 1
1 2
3 3
0 1
1 1
1 2
1 0
1 0
1 0
1 0
1 0
1 0
1 0
1 0
1 0
1 0
3 2
0 1
0 2
3 2
0 1
0 2
1 0
1 0
1 0
1 0
5 4
0 1
0 4
1 2
1 3
5 4
0 1
0 4
1 2
1 3
9 10
0 1
0 5
1 2
1 3
2 4
3 4
4 6
5 6
6 7
6 8
9 10
0 1
0 5
1 2
1 3
2 4
3 4
4 6
5 6
6 7
6 8
3 2
0 1
0 2
3 2
0 1
0 2
5 4
0 1
0 2
2 3
2 4
5 4
0 1
0 2
2 3
2 4
5 4
0 1
0 2
2 3
2 4
5 4
0 1
0 2
2 3
2 4
5 4
0 1
0 2
2 3
2 4
5 4
0 1
0 2
2 3
2 4
9 8
0 1
0 2
2 3
2 4
4 5
4 6
6 7
6 8
9 8
0 1
0 2
2 3
2 4
4 5
4 6
6 7
6 8
1 0
7 6
0 1
0 2
2 3
2 4
4 5
4 6
7 6
0 1
0 2
2 3
2 4
4 5
4 6
1 0
7 6
0 1
0 2
2 3
2 4
4 5
4 6
7 6
0 1
0 2
2 3
2 4
4 5
4 6
1 0
1 0
7 6
0 1
0 2
2 3
2 4
4 5
4 6
7 6
0 1
0 2
2 3
2 4
4 5
4 6
1 0
1 0
1 0
1 0
1 0
1 0
1 0
1 0
1 0
1 0
1 0
1 0
1 0
5 4
0 1
0 2
2 3
2 4
5 4
0 1
0 2
2 3
2 4
1 0
1 0
1 0
1 0
1 0
1 0
1 0
1 0
1 0
1 0
5 4
0 1
0 2
2 3
2 4
5 4
0 1
0 2
2 3
2 4
1 0
1 0
1 0
1 0
1 0
1 0
1 0
1 0
1 0
1 0
5 4
0 1
0 2
2 3
2 4
5 4
0 1
0 2
2 3
2 4
1 0
1 0
1 0
1 0
1 0
1 0
1 0
1 0
5 4
0 1
0 2
2 3
2 4
5 4
0 1
0 2
2 3
2 4
5 4
0 1
0 2
2 3
2 4
5 4
0 1
0 2
2 3
2 4
1 0
1 0
1 0
1 0
1 0
1 0
1 0
1 0
1 0
1 0
1 0
1 0
15 14
0 1
0 2
2 3
2 4
4 5
4 6
6 7
6 8
8 9
8 10
10 11
10 12
12 13
12 14
15 14
0 1
0 2
2 3
2 4
4 5
4 6
6 7
6 8
8 9
8 10
10 11
10 12
12 13
12 14
27 35
0 1
1 2
1 3
2 16
3 4
3 5
4 16
5 6
5 7
6 16
7 8
7 9
8 16
9 10
9 11
10 16
11 12
11 13
12 16
13 14
13 15
14 16
15 16
16 17
16 18
18 19
18 23
19 20
19 21
20 22
21 22
22 24
23 24
24 25
24 26
26 33
0 1
1 2
1 3
2 16
3 4
3 5
4 16
5 6
5 7
6 16
7 8
7 9
8 16
9 10
9 11
10 16
11 12
11 13
12 16
13 14
13 15
14 16
15 17
17 18
17 22
18 19
18 20
19 21
20 21
21 23
22 23
23 24
23 25
5 4
0 1
0 2
2 3
2 4
5 4
0 1
0 2
2 3
2 4
1 0
1 0
1 0
1 0
5 4
0 1
0 2
2 3
2 4
5 4
0 1
0 2
2 3
2 4
1 0
1 0
1 0
1 0
1 0
1 0
1 0
1 0
1 0
3 2
0 1
0 2
3 2
0 1
0 2
1 0
1 0
1 0
1 0
1 0
1 0
3 2
0 1
0 2
3 2
0 1
0 2
1 0
1 0
1 0
13 16
0 1
1 2
1 6
2 3
2 4
3 5
4 5
5 1
6 7
7 8
7 12
8 9
8 10
9 11
10 11
11 7
13 17
0 1
0 6
1 2
2 3
2 4
3 5
4 5
5 2
5 6
6 7
7 8
7 12
8 9
8 10
9 11
10 11
11 7
1 0
25 30
0 1
0 5
1 2
1 3
2 4
3 4
4 6
5 6
6 7
6 8
8 9
8 13
9 10
9 11
10 12
11 12
12 14
13 14
14 15
14 16
16 17
16 21
17 18
17 19
18 20
19 20
20 22
21 22
22 23
22 24
25 30
0 1
0 5
1 2
1 3
2 4
3 4
4 6
5 6
6 7
6 8
8 9
8 13
9 10
9 11
10 12
11 12
12 14
13 14
14 15
14 16
16 17
16 21
17 18
17 19
18 20
19 20
20 22
21 22
22 23
22 24
1 0
1 0
1 0
1 0
1 0
1 0
1 0
1 0
1 0
1 0
3 2
0 1
0 2
3 2
0 1
0 2
5 4
0 1
0 4
1 2
1 3
5 4
0 1
0 4
1 2
1 3
5 4
0 1
0 4
1 2
1 3
5 4
0 1
0 4
1 2
1 3
9 10
0 1
1 2
1 5
2 3
2 4
3 6
4 6
5 6
6 7
6 8
8 8
0 1
1 2
1 5
2 3
2 4
3 6
4 7
5 7
21 24
0 1
0 20
1 2
1 19
2 3
2 4
3 8
4 5
4 6
5 7
6 7
7 8
8 9
8 10
10 11
10 12
11 16
12 13
12 14
13 15
14 15
15 16
16 17
16 18
21 24
0 1
0 20
1 2
1 19
2 3
2 4
3 8
4 5
4 6
5 7
6 7
7 8
8 9
8 10
10 11
10 12
11 16
12 13
12 14
13 15
14 15
15 16
16 17
16 18
3 2
0 1
0 2
3 2
0 1
0 2
25 30
0 1
0 5
1 2
1 3
2 4
3 4
4 6
5 6
6 7
6 8
8 9
8 13
9 10
9 11
10 12
11 12
12 14
13 14
14 15
14 16
16 17
16 21
17 18
17 19
18 20
19 20
20 22
21 22
22 23
22 24
25 30
0 1
0 5
1 2
1 3
2 4
3 4
4 6
5 6
6 7
6 8
8 9
8 13
9 10
9 11
10 12
11 12
12 14
13 14
14 15
14 16
16 17
16 21
17 18
17 19
18 20
19 20
20 22
21 22
22 23
22 24
10 12
0 1
1 2
1 6
2 3
2 4
3 5
4 5
5 7
6 7
7 8
7 9
8 1
10 12
0 1
1 2
1 6
2 3
2 4
3 5
4 5
5 7
6 7
7 8
7 9
8 1
33 40
0 1
1 2
2 3
2 7
3 4
3 5
4 6
5 6
6 8
7 8
8 9
8 10
9 2
10 11
11 12
11 13
13 14
13 15
15 16
15 17
17 18
18 19
18 23
19 20
19 21
20 22
21 22
22 24
23 24
24 25
24 32
25 26
25 27
26 31
27 28
27 29
28 30
29 30
30 31
31 18
33 40
0 1
1 2
2 3
2 7
3 4
3 5
4 6
5 6
6 8
7 8
8 9
8 10
9 2
10 11
11 12
11 13
13 14
13 15
15 16
15 17
17 18
18 19
18 23
19 20
19 21
20 22
21 22
22 24
23 24
24 25
24 32
25 26
25 27
26 31
27 28
27 29
28 30
29 30
30 31
31 18
9 9
0 1
1 2
1 3
2 4
3 4
4 5
4 6
6 7
6 8
9 9
0 1
1 2
1 3
2 4
3 4
4 5
4 6
6 7
6 8
7 8
0 1
0 2
1 3
2 3
3 4
3 5
4 6
5 6
7 8
0 1
0 2
1 3
2 3
3 4
3 5
4 6
5 6
1 0
1 0
1 0
1 0
1 0
1 0
1 0
1 0
4 5
0 1
0 2
1 3
1 2
2 3
3 2
0 1
1 2
1 0
6 9
0 1
0 2
1 3
1 2
2 3
3 4
3 5
4 4
4 5
5 5
0 1
1 2
2 3
3 3
3 4
1 0
1 0
1 0
4 4
0 1
0 2
1 3
2 3
4 4
0 1
0 2
1 3
2 3
6 6
0 1
0 2
1 3
2 3
3 4
3 5
6 6
0 1
0 2
1 3
2 3
3 4
3 5
1 0
10 13
0 1
0 2
1 3
2 3
3 4
3 5
4 6
4 5
5 6
6 7
7 8
7 9
8 7
9 11
0 1
0 2
1 3
2 3
3 4
4 5
5 6
5 8
6 7
7 7
7 8
4 4
0 1
0 2
1 3
2 3
4 4
0 1
0 2
1 3
2 3
3 2
0 1
0 2
1 0
1 0
3 2
0 1
0 2
3 2
0 1
0 2
1 0
1 0
1 0
1 0
1 0
3 2
0 1
0 2
3 2
0 1
0 2
8 13
0 1
0 7
1 2
1 3
2 4
2 3
3 4
4 5
4 6
5 5
5 6
6 1
6 7
8 10
0 1
0 7
1 2
2 3
3 4
4 5
5 5
5 6
6 2
6 7
1 0
1 0
1 0
1 0
1 0
1 0
1 0
6 9
0 1
0 2
1 3
1 2
2 3
3 4
3 5
4 4
4 5
5 5
0 1
1 2
2 3
3 3
3 4
4 4
0 1
0 2
1 3
2 3
4 4
0 1
0 2
1 3
2 3
1 0
1 0
1 0
1 0
1 0
1 0
4 5
0 1
0 2
1 3
1 2
2 3
3 2
0 1
1 2
1 0
1 0
1 0
1 0
1 0
1 0
1 0
7 9
0 1
0 2
1 3
2 3
3 4
3 5
4 6
4 5
5 6
6 6
0 1
0 2
1 3
2 3
3 4
4 5
3 3
0 1
0 2
2 0
3 3
0 1
0 2
2 0
1 0
1 0
3 3
0 1
0 2
2 0
3 3
0 1
0 2
2 0
1 0
1 0
19 18
0 1
0 2
2 3
2 4
4 5
4 6
6 7
6 8
8 9
8 10
10 11
10 12
12 13
12 14
14 15
14 16
16 17
16 18
1 0
7 8
0 1
0 2
1 3
2 3
3 4
4 5
4 6
5 4
7 9
0 1
0 2
1 3
2 3
3 4
3 6
4 5
5 5
5 6
14 19
0 1
1 2
1 3
2 4
3 4
4 5
4 6
5 7
5 6
6 7
7 8
8 9
8 13
9 10
9 11
10 12
10 11
11 12
12 8
13 17
0 1
1 2
1 3
2 4
3 4
4 5
4 6
5 7
5 6
6 7
7 8
7 12
8 9
9 10
10 11
11 9
11 12
1 0
1 0
1 0
1 0
1 0
1 0
3 4
0 1
0 2
1 1
1 2
7 11
0 1
0 6
1 2
2 3
2 5
3 4
3 5
4 4
4 6
5 5
5 6
1 0
1 0
1 0
4 5
0 1
0 2
1 3
1 2
2 3
3 2
0 1
1 2
4 4
0 1
0 2
1 3
2 3
4 4
0 1
0 2
1 3
2 3
5 5
0 1
0 2
2 3
2 4
4 0
5 5
0 1
0 2
2 3
2 4
4 0
3 2
0 1
0 2
3 2
0 1
0 2
1 0
1 0
1 0
1 0
4 4
0 1
0 2
1 3
2 3
4 4
0 1
0 2
1 3
2 3
4 5
0 1
0 2
1 3
1 2
2 3
3 2
0 1
1 2
3 4
0 1
0 2
1 1
1 2
4 5
0 1
0 3
1 2
2 2
2 3
3 3
0 1
0 2
2 0
3 3
0 1
0 2
2 0
1 0
1 0
3 3
0 1
0 2
2 0
3 3
0 1
0 2
2 0
1 0
1 0
71 70
0 1
0 2
2 3
2 4
4 5
4 6
6 7
6 8
8 9
8 10
10 11
10 12
12 13
12 14
14 15
14 16
16 17
16 18
18 19
18 20
20 21
20 22
22 23
22 24
24 25
24 26
26 27
26 28
28 29
28 30
30 31
30 32
32 33
32 34
34 35
34 36
36 37
36 38
38 39
38 40
40 41
40 42
42 43
42 44
44 45
44 46
46 47
46 48
48 49
48 50
50 51
50 52
52 53
52 54
54 55
54 56
56 57
56 58
58 59
58 60
60 61
60 62
62 63
62 64
64 65
64 66
66 67
66 68
68 69
68 70
37 36
0 36
0 1
0 2
0 3
0 4
0 5
0 6
0 7
0 8
0 9
0 10
0 11
0 12
0 13
0 14
0 15
0 16
0 17
0 18
0 19
0 20
0 21
0 22
0 23
0 24
0 25
0 26
0 27
0 28
0 29
0 30
0 31
0 32
0 33
0 34
0 35
7 6
0 1
0 2
2 3
2 6
3 4
3 5
7 6
0 1
0 2
2 3
2 6
3 4
3 5
5 4
0 1
0 4
1 2
1 3
5 4
0 1
0 4
1 2
1 3
7 6
0 1
0 2
2 3
2 6
3 4
3 5
7 6
0 1
0 2
2 3
2 6
3 4
3 5
5 4
0 1
0 4
1 2
1 3
5 4
0 1
0 4
1 2
1 3
175 174
0 1
0 4
1 2
1 3
4 5
4 8
5 6
5 7
8 9
8 12
9 10
9 11
12 13
12 16
13 14
13 15
16 17
16 20
17 18
17 19
20 21
20 24
21 22
21 23
24 25
24 28
25 26
25 27
28 29
28 32
29 30
29 31
32 33
32 36
33 34
33 35
36 37
36 40
37 38
37 39
40 41
40 44
41 42
41 43
44 45
44 48
45 46
45 47
48 49
48 52
49 50
49 51
52 53
52 56
53 54
53 55
56 57
56 60
57 58
57 59
60 61
60 64
61 62
61 63
64 65
64 68
65 66
65 67
68 69
68 72
69 70
69 71
72 73
72 76
73 74
73 75
76 77
76 84
77 78
77 83
78 79
78 82
79 80
79 81
84 85
84 88
85 86
85 87
88 89
88 96
89 90
89 95
90 91
90 94
91 92
91 93
96 97
96 100
97 98
97 99
100 101
100 104
101 102
101 103
104 105
104 112
105 106
105 111
106 107
106 110
107 108
107 109
112 113
112 120
113 114
113 119
114 115
114 118
115 116
115 117
120 121
120 128
121 122
121 127
122 123
122 126
123 124
123 125
128 129
128 132
129 130
129 131
132 133
132 140
133 134
133 139
134 135
134 138
135 136
135 137
140 141
140 144
141 142
141 143
144 145
144 152
145 146
145 151
146 147
146 150
147 148
147 149
152 153
152 156
153 154
153 155
156 157
156 164
157 158
157 163
158 159
158 162
159 160
159 161
164 165
164 168
165 166
165 167
168 169
168 172
169 170
169 171
172 173
172 174
141 140
0 138
0 1
0 4
0 7
0 10
0 13
0 16
0 19
0 22
0 25
0 28
0 31
0 34
0 37
0 40
0 43
0 46
0 49
0 52
0 55
0 58
0 65
0 68
0 75
0 78
0 81
0 88
0 95
0 102
0 105
0 112
0 115
0 122
0 125
0 132
0 135
1 2
1 3
4 5
4 6
7 8
7 9
10 11
10 12
13 14
13 15
16 17
16 18
19 20
19 21
22 23
22 24
25 26
25 27
28 29
28 30
31 32
31 33
34 35
34 36
37 38
37 39
40 41
40 42
43 44
43 45
46 47
46 48
49 50
49 51
52 53
52 54
55 56
55 57
58 59
58 64
59 60
59 63
60 61
60 62
65 66
65 67
68 69
68 74
69 70
69 73
70 71
70 72
75 76
75 77
78 79
78 80
81 82
81 87
82 83
82 86
83 84
83 85
88 89
88 94
89 90
89 93
90 91
90 92
95 96
95 101
96 97
96 100
97 98
97 99
102 103
102 104
105 106
105 111
106 107
106 110
107 108
107 109
112 113
112 114
115 116
115 121
116 117
116 120
117 118
117 119
122 123
122 124
125 126
125 131
126 127
126 130
127 128
127 129
132 133
132 134
135 136
135 137
138 139
138 140
1 0
12 14
0 1
0 2
2 3
3 4
3 11
4 5
4 6
5 10
6 7
6 8
7 9
8 9
9 10
10 3
12 15
0 1
0 2
2 3
2 11
3 4
4 5
4 6
5 10
6 7
6 8
7 9
8 9
9 10
10 4
10 11
3 2
0 1
0 2
1 0
1 0
1 0
1 0
1 0
1 0
1 0
1 0
1 0
1 0
1 0
1 0
1 0
12 19
0 1
0 2
1 3
1 2
2 3
3 4
3 5
4 6
4 5
5 6
6 7
6 11
7 8
7 9
8 10
8 9
9 10
10 7
10 11
9 9
0 1
1 2
2 3
3 4
4 5
5 6
6 7
7 5
7 8
1 0
1 0
1 0
3 2
0 1
0 2
3 2
0 1
0 2
1 0
3 2
0 1
0 2
3 2
0 1
0 2
3 2
0 1
0 2
3 2
0 1
0 2
1 0
1 0
1 0
1 0
1 0
1 0
1 0
1 0
1 0
1 0
1 0
3 2
0 1
0 2
3 2
0 1
0 2
1 0
1 0
3 2
0 1
0 2
3 2
0 1
0 2
1 0
1 0
1 0
1 0
1 0
3 2
0 1
0 2
3 2
0 1
0 2
1 0
1 0
1 0
1 0
1 0
1 0
1 0
1 0
1 0
1 0
1 0
1 0
1 0
1 0
1 0
1 0
1 0
1 0
1 0
1 0
1 0
1 0
1 0
1 0
21 26
0 1
0 2
1 6
2 3
2 4
3 5
4 5
5 6
6 7
6 8
7 9
8 9
9 10
9 11
10 12
11 12
12 13
12 14
13 18
14 15
14 16
15 17
16 17
17 18
18 19
18 20
21 26
0 1
0 2
1 6
2 3
2 4
3 5
4 5
5 6
6 7
6 8
7 9
8 9
9 10
9 11
10 12
11 12
12 13
12 14
13 18
14 15
14 16
15 17
16 17
17 18
18 19
18 20
1 0
1 0
1 0
1 0
1 0
1 0
1 0
1 0
1 0
1 0
1 0
4 4
0 1
0 2
1 3
2 3
4 4
0 1
0 2
1 3
2 3
1 0
1 0
1 0
1 0
1 0
1 0
1 0
1 0
4 4
0 1
0 2
1 3
2 3
4 4
0 1
0 2
1 3
2 3
1 0
1 0
1 0
1 0
1 0
1 0
9 14
0 1
0 3
1 2
2 1
2 3
3 4
3 5
4 6
4 5
5 6
6 7
6 8
7 7
7 8
15 24
0 1
0 4
1 2
2 3
3 2
3 4
4 5
4 6
5 7
5 6
6 7
7 8
7 14
8 9
9 10
9 13
10 11
10 13
11 12
11 13
12 12
12 14
13 13
13 14
1 0
3 2
0 1
0 2
3 2
0 1
0 2
3 2
0 1
0 2
3 2
0 1
0 2
3 2
0 1
0 2
3 2
0 1
0 2
3 2
0 1
0 2
1 0
1 0
1 0
7 9
0 1
0 2
1 3
2 3
3 4
3 5
4 6
4 5
5 6
7 9
0 1
0 2
1 3
2 3
3 4
3 5
4 6
4 5
5 6
1 0
1 0
1 0
1 0
1 0
9 10
0 1
0 5
1 2
1 3
2 4
3 4
4 6
5 6
6 7
6 8
9 10
0 1
0 5
1 2
1 3
2 4
3 4
4 6
5 6
6 7
6 8
3 3
0 1
0 2
2 0
3 3
0 1
0 2
2 0
7 9
0 1
0 2
1 3
2 3
3 4
3 5
4 6
4 5
5 6
7 9
0 1
0 2
1 3
2 3
3 4
3 5
4 6
4 5
5 6
4 4
0 1
0 2
1 3
2 3
4 4
0 1
0 2
1 3
2 3
3 3
0 1
0 2
2 0
3 3
0 1
0 2
2 0
6 7
0 1
0 2
2 3
2 4
3 5
4 5
5 0
6 7
0 1
0 2
2 3
2 4
3 5
4 5
5 0
4 4
0 1
0 2
1 3
2 3
4 4
0 1
0 2
1 3
2 3
1 0
1 0
1 0
1 0
1 0
3 2
0 1
0 2
3 2
0 1
0 2
3 2
0 1
0 2
1 0
1 0
1 0
1 0
1 0
1 0
1 0
1 0
1 0
1 0
1 0
1 0
1 0
3 2
0 1
0 2
3 2
0 1
0 2
1 0
1 0
1 0
1 0
1 0
1 0
1 0
1 0
1 0
1 0
1 0
7 9
0 1
0 2
1 3
2 3
3 4
3 5
4 6
4 5
5 6
7 9
0 1
0 2
1 3
2 3
3 4
3 5
4 6
4 5
5 6
1 0
1 0
1 0
1 0
1 0
9 10
0 1
0 5
1 2
1 3
2 4
3 4
4 6
5 6
6 7
6 8
9 10
0 1
0 5
1 2
1 3
2 4
3 4
4 6
5 6
6 7
6 8
3 3
0 1
0 2
2 0
3 3
0 1
0 2
2 0
7 9
0 1
0 2
1 3
2 3
3 4
3 5
4 6
4 5
5 6
7 9
0 1
0 2
1 3
2 3
3 4
3 5
4 6
4 5
5 6
4 4
0 1
0 2
1 3
2 3
4 4
0 1
0 2
1 3
2 3
3 3
0 1
0 2
2 0
3 3
0 1
0 2
2 0
1 0
1 0
1 0
1 0
1 0
1 0
1 0
10 13
0 1
0 2
1 3
2 3
3 4
3 5
4 6
4 5
5 6
6 7
7 8
7 9
8 7
10 14
0 1
0 2
1 3
2 3
3 4
3 5
4 6
4 5
5 6
6 7
6 9
7 8
8 8
8 9
1 0
1 0
1 0
9 10
0 1
0 5
1 2
1 3
2 4
3 4
4 6
5 6
6 7
6 8
9 10
0 1
0 5
1 2
1 3
2 4
3 4
4 6
5 6
6 7
6 8
3 3
0 1
0 2
2 0
3 3
0 1
0 2
2 0
10 13
0 1
0 2
1 3
2 3
3 4
3 5
4 6
4 5
5 6
6 7
7 8
7 9
8 7
10 14
0 1
0 2
1 3
2 3
3 4
3 5
4 6
4 5
5 6
6 7
6 9
7 8
8 8
8 9
4 4
0 1
0 2
1 3
2 3
4 4
0 1
0 2
1 3
2 3
3 3
0 1
0 2
2 0
3 3
0 1
0 2
2 0
1 0
1 0
1 0
1 0
1 0
7 6
0 1
0 2
2 3
2 4
4 5
4 6
7 6
0 1
0 2
2 3
2 4
4 5
4 6
11 10
0 1
0 4
1 2
1 3
4 5
4 10
5 6
5 9
6 7
6 8
11 10
0 1
0 4
1 2
1 3
4 5
4 10
5 6
5 9
6 7
6 8
1 0
1 0
1 0
1 0
1 0
10 13
0 1
0 2
1 3
2 3
3 4
3 5
4 6
4 5
5 6
6 7
7 8
7 9
8 7
10 14
0 1
0 2
1 3
2 3
3 4
3 5
4 6
4 5
5 6
6 7
6 9
7 8
8 8
8 9
1 0
1 0
1 0
9 10
0 1
0 5
1 2
1 3
2 4
3 4
4 6
5 6
6 7
6 8
9 10
0 1
0 5
1 2
1 3
2 4
3 4
4 6
5 6
6 7
6 8
3 3
0 1
0 2
2 0
3 3
0 1
0 2
2 0
10 13
0 1
0 2
1 3
2 3
3 4
3 5
4 6
4 5
5 6
6 7
7 8
7 9
8 7
10 14
0 1
0 2
1 3
2 3
3 4
3 5
4 6
4 5
5 6
6 7
6 9
7 8
8 8
8 9
4 4
0 1
0 2
1 3
2 3
4 4
0 1
0 2
1 3
2 3
1 0
1 0
1 0
1 0
1 0
10 13
0 1
0 2
1 3
2 3
3 4
3 5
4 6
4 5
5 6
6 7
7 8
7 9
8 7
10 14
0 1
0 2
1 3
2 3
3 4
3 5
4 6
4 5
5 6
6 7
6 9
7 8
8 8
8 9
1 0
1 0
1 0
1 0
1 0
9 10
0 1
0 5
1 2
1 3
2 4
3 4
4 6
5 6
6 7
6 8
9 10
0 1
0 5
1 2
1 3
2 4
3 4
4 6
5 6
6 7
6 8
3 3
0 1
0 2
2 0
3 3
0 1
0 2
2 0
10 13
0 1
0 2
1 3
2 3
3 4
3 5
4 6
4 5
5 6
6 7
7 8
7 9
8 7
10 14
0 1
0 2
1 3
2 3
3 4
3 5
4 6
4 5
5 6
6 7
6 9
7 8
8 8
8 9
4 4
0 1
0 2
1 3
2 3
4 4
0 1
0 2
1 3
2 3
3 3
0 1
0 2
2 0
3 3
0 1
0 2
2 0
1 0
1 0
1 0
10 13
0 1
0 2
1 3
2 3
3 4
3 5
4 6
4 5
5 6
6 7
7 8
7 9
8 7
10 14
0 1
0 2
1 3
2 3
3 4
3 5
4 6
4 5
5 6
6 7
6 9
7 8
8 8
8 9
1 0
1 0
1 0
9 10
0 1
0 5
1 2
1 3
2 4
3 4
4 6
5 6
6 7
6 8
9 10
0 1
0 5
1 2
1 3
2 4
3 4
4 6
5 6
6 7
6 8
3 3
0 1
0 2
2 0
3 3
0 1
0 2
2 0
10 13
0 1
0 2
1 3
2 3
3 4
3 5
4 6
4 5
5 6
6 7
7 8
7 9
8 7
10 14
0 1
0 2
1 3
2 3
3 4
3 5
4 6
4 5
5 6
6 7
6 9
7 8
8 8
8 9
4 4
0 1
0 2
1 3
2 3
4 4
0 1
0 2
1 3
2 3
1 0
1 0
7 9
0 1
0 2
1 3
2 3
3 4
3 5
4 6
4 5
5 6
7 9
0 1
0 2
1 3
2 3
3 4
3 5
4 6
4 5
5 6
1 0
1 0
1 0
9 10
0 1
0 5
1 2
1 3
2 4
3 4
4 6
5 6
6 7
6 8
9 10
0 1
0 5
1 2
1 3
2 4
3 4
4 6
5 6
6 7
6 8
3 3
0 1
0 2
2 0
3 3
0 1
0 2
2 0
7 9
0 1
0 2
1 3
2 3
3 4
3 5
4 6
4 5
5 6
7 9
0 1
0 2
1 3
2 3
3 4
3 5
4 6
4 5
5 6
4 4
0 1
0 2
1 3
2 3
4 4
0 1
0 2
1 3
2 3
13 18
0 1
0 2
1 3
2 3
3 4
3 5
4 6
4 5
5 6
6 7
7 8
7 12
8 9
8 10
9 11
9 10
10 11
11 7
12 16
0 1
0 2
1 3
2 3
3 4
3 5
4 6
4 5
5 6
6 7
6 11
7 8
8 9
9 10
10 8
10 11
1 0
1 0
1 0
9 10
0 1
0 5
1 2
1 3
2 4
3 4
4 6
5 6
6 7
6 8
9 10
0 1
0 5
1 2
1 3
2 4
3 4
4 6
5 6
6 7
6 8
3 3
0 1
0 2
2 0
3 3
0 1
0 2
2 0
13 18
0 1
0 2
1 3
2 3
3 4
3 5
4 6
4 5
5 6
6 7
7 8
7 12
8 9
8 10
9 11
9 10
10 11
11 7
12 16
0 1
0 2
1 3
2 3
3 4
3 5
4 6
4 5
5 6
6 7
6 11
7 8
8 9
9 10
10 8
10 11
4 4
0 1
0 2
1 3
2 3
4 4
0 1
0 2
1 3
2 3
3 4
0 1
0 2
1 1
1 2
4 5
0 1
0 3
1 2
2 2
2 3
1 0
3 4
0 1
0 2
1 1
1 2
4 5
0 1
0 3
1 2
2 2
2 3
1 0
1 0
7 9
0 1
0 2
1 3
2 3
3 4
3 5
4 6
4 5
5 6
7 9
0 1
0 2
1 3
2 3
3 4
3 5
4 6
4 5
5 6
1 0
1 0
1 0
9 10
0 1
0 5
1 2
1 3
2 4
3 4
4 6
5 6
6 7
6 8
9 10
0 1
0 5
1 2
1 3
2 4
3 4
4 6
5 6
6 7
6 8
3 3
0 1
0 2
2 0
3 3
0 1
0 2
2 0
7 9
0 1
0 2
1 3
2 3
3 4
3 5
4 6
4 5
5 6
7 9
0 1
0 2
1 3
2 3
3 4
3 5
4 6
4 5
5 6
4 4
0 1
0 2
1 3
2 3
4 4
0 1
0 2
1 3
2 3
1 0
1 0
13 18
0 1
0 2
1 3
2 3
3 4
3 5
4 6
4 5
5 6
6 7
7 8
7 12
8 9
8 10
9 11
9 10
10 11
11 7
12 16
0 1
0 2
1 3
2 3
3 4
3 5
4 6
4 5
5 6
6 7
6 11
7 8
8 9
9 10
10 8
10 11
1 0
1 0
1 0
9 10
0 1
0 5
1 2
1 3
2 4
3 4
4 6
5 6
6 7
6 8
9 10
0 1
0 5
1 2
1 3
2 4
3 4
4 6
5 6
6 7
6 8
3 3
0 1
0 2
2 0
3 3
0 1
0 2
2 0
13 18
0 1
0 2
1 3
2 3
3 4
3 5
4 6
4 5
5 6
6 7
7 8
7 12
8 9
8 10
9 11
9 10
10 11
11 7
12 16
0 1
0 2
1 3
2 3
3 4
3 5
4 6
4 5
5 6
6 7
6 11
7 8
8 9
9 10
10 8
10 11
4 4
0 1
0 2
1 3
2 3
4 4
0 1
0 2
1 3
2 3
3 4
0 1
0 2
1 1
1 2
4 5
0 1
0 3
1 2
2 2
2 3
3 4
0 1
0 2
1 1
1 2
4 5
0 1
0 3
1 2
2 2
2 3
3 2
0 1
0 2
5 4
0 1
0 2
2 3
2 4
3 2
0 1
0 2
3 2
0 1
0 2
3 2
0 1
0 2
3 2
0 1
0 2
3 2
0 1
0 2
1 0
1 0
1 0
1 0
1 0
1 0
1 0
7 9
0 1
0 2
1 3
2 3
3 4
3 5
4 6
4 5
5 6
7 9
0 1
0 2
1 3
2 3
3 4
3 5
4 6
4 5
5 6
1 0
1 0
1 0
9 10
0 1
0 5
1 2
1 3
2 4
3 4
4 6
5 6
6 7
6 8
9 10
0 1
0 5
1 2
1 3
2 4
3 4
4 6
5 6
6 7
6 8
3 3
0 1
0 2
2 0
3 3
0 1
0 2
2 0
7 9
0 1
0 2
1 3
2 3
3 4
3 5
4 6
4 5
5 6
7 9
0 1
0 2
1 3
2 3
3 4
3 5
4 6
4 5
5 6
4 4
0 1
0 2
1 3
2 3
4 4
0 1
0 2
1 3
2 3
3 3
0 1
0 2
2 0
3 3
0 1
0 2
2 0
1 0
1 0
1 0
16 23
0 1
0 2
1 3
2 3
3 4
3 5
4 6
4 5
5 6
6 7
7 8
7 15
8 9
8 10
9 11
9 10
10 11
11 12
11 13
12 14
12 13
13 14
14 7
14 18
0 1
0 2
1 3
2 3
3 4
3 5
4 6
4 5
5 6
6 7
6 13
7 8
8 9
9 10
10 11
11 12
12 8
12 13
1 0
1 0
1 0
1 0
1 0
9 10
0 1
0 5
1 2
1 3
2 4
3 4
4 6
5 6
6 7
6 8
9 10
0 1
0 5
1 2
1 3
2 4
3 4
4 6
5 6
6 7
6 8
3 3
0 1
0 2
2 0
3 3
0 1
0 2
2 0
16 23
0 1
0 2
1 3
2 3
3 4
3 5
4 6
4 5
5 6
6 7
7 8
7 15
8 9
8 10
9 11
9 10
10 11
11 12
11 13
12 14
12 13
13 14
14 7
14 18
0 1
0 2
1 3
2 3
3 4
3 5
4 6
4 5
5 6
6 7
6 13
7 8
8 9
9 10
10 11
11 12
12 8
12 13
4 4
0 1
0 2
1 3
2 3
4 4
0 1
0 2
1 3
2 3
3 3
0 1
0 2
2 0
3 3
0 1
0 2
2 0
1 0
1 0
1 0
1 0
1 0
10 13
0 1
0 2
1 3
2 3
3 4
3 5
4 6
4 5
5 6
6 7
7 8
7 9
8 7
10 14
0 1
0 2
1 3
2 3
3 4
3 5
4 6
4 5
5 6
6 7
6 9
7 8
8 8
8 9
1 0
1 0
1 0
1 0
1 0
9 10
0 1
0 5
1 2
1 3
2 4
3 4
4 6
5 6
6 7
6 8
9 10
0 1
0 5
1 2
1 3
2 4
3 4
4 6
5 6
6 7
6 8
3 3
0 1
0 2
2 0
3 3
0 1
0 2
2 0
10 13
0 1
0 2
1 3
2 3
3 4
3 5
4 6
4 5
5 6
6 7
7 8
7 9
8 7
10 14
0 1
0 2
1 3
2 3
3 4
3 5
4 6
4 5
5 6
6 7
6 9
7 8
8 8
8 9
4 4
0 1
0 2
1 3
2 3
4 4
0 1
0 2
1 3
2 3
3 3
0 1
0 2
2 0
3 3
0 1
0 2
2 0
1 0
1 0
1 0
1 0
1 0
1 0
1 0
1 0
1 0
1 0
10 13
0 1
0 2
1 3
2 3
3 4
3 5
4 6
4 5
5 6
6 7
7 8
7 9
8 7
10 14
0 1
0 2
1 3
2 3
3 4
3 5
4 6
4 5
5 6
6 7
6 9
7 8
8 8
8 9
1 0
1 0
1 0
1 0
1 0
9 10
0 1
0 5
1 2
1 3
2 4
3 4
4 6
5 6
6 7
6 8
9 10
0 1
0 5
1 2
1 3
2 4
3 4
4 6
5 6
6 7
6 8
3 3
0 1
0 2
2 0
3 3
0 1
0 2
2 0
10 13
0 1
0 2
1 3
2 3
3 4
3 5
4 6
4 5
5 6
6 7
7 8
7 9
8 7
10 14
0 1
0 2
1 3
2 3
3 4
3 5
4 6
4 5
5 6
6 7
6 9
7 8
8 8
8 9
4 4
0 1
0 2
1 3
2 3
4 4
0 1
0 2
1 3
2 3
3 3
0 1
0 2
2 0
3 3
0 1
0 2
2 0
1 0
1 0
1 0
1 0
1 0
1 0
1 0
1 0
10 13
0 1
0 2
1 3
2 3
3 4
3 5
4 6
4 5
5 6
6 7
7 8
7 9
8 7
10 14
0 1
0 2
1 3
2 3
3 4
3 5
4 6
4 5
5 6
6 7
6 9
7 8
8 8
8 9
1 0
1 0
1 0
9 10
0 1
0 5
1 2
1 3
2 4
3 4
4 6
5 6
6 7
6 8
9 10
0 1
0 5
1 2
1 3
2 4
3 4
4 6
5 6
6 7
6 8
3 3
0 1
0 2
2 0
3 3
0 1
0 2
2 0
10 13
0 1
0 2
1 3
2 3
3 4
3 5
4 6
4 5
5 6
6 7
7 8
7 9
8 7
10 14
0 1
0 2
1 3
2 3
3 4
3 5
4 6
4 5
5 6
6 7
6 9
7 8
8 8
8 9
4 4
0 1
0 2
1 3
2 3
4 4
0 1
0 2
1 3
2 3
3 3
0 1
0 2
2 0
3 3
0 1
0 2
2 0
1 0
1 0
1 0
1 0
1 0
10 13
0 1
0 2
1 3
2 3
3 4
3 5
4 6
4 5
5 6
6 7
7 8
7 9
8 7
10 14
0 1
0 2
1 3
2 3
3 4
3 5
4 6
4 5
5 6
6 7
6 9
7 8
8 8
8 9
1 0
1 0
1 0
1 0
1 0
9 10
0 1
0 5
1 2
1 3
2 4
3 4
4 6
5 6
6 7
6 8
9 10
0 1
0 5
1 2
1 3
2 4
3 4
4 6
5 6
6 7
6 8
3 3
0 1
0 2
2 0
3 3
0 1
0 2
2 0
10 13
0 1
0 2
1 3
2 3
3 4
3 5
4 6
4 5
5 6
6 7
7 8
7 9
8 7
10 14
0 1
0 2
1 3
2 3
3 4
3 5
4 6
4 5
5 6
6 7
6 9
7 8
8 8
8 9
4 4
0 1
0 2
1 3
2 3
4 4
0 1
0 2
1 3
2 3
3 3
0 1
0 2
2 0
3 3
0 1
0 2
2 0
1 0
1 0
1 0
1 0
7 9
0 1
0 2
1 3
2 3
3 4
3 5
4 6
4 5
5 6
7 9
0 1
0 2
1 3
2 3
3 4
3 5
4 6
4 5
5 6
1 0
1 0
1 0
1 0
1 0
9 10
0 1
0 5
1 2
1 3
2 4
3 4
4 6
5 6
6 7
6 8
9 10
0 1
0 5
1 2
1 3
2 4
3 4
4 6
5 6
6 7
6 8
3 3
0 1
0 2
2 0
3 3
0 1
0 2
2 0
7 9
0 1
0 2
1 3
2 3
3 4
3 5
4 6
4 5
5 6
7 9
0 1
0 2
1 3
2 3
3 4
3 5
4 6
4 5
5 6
4 4
0 1
0 2
1 3
2 3
4 4
0 1
0 2
1 3
2 3
3 3
0 1
0 2
2 0
3 3
0 1
0 2
2 0
1 0
1 0
1 0
1 0
1 0
1 0
1 0
1 0
1 0
1 0
7 9
0 1
0 2
1 3
2 3
3 4
3 5
4 6
4 5
5 6
7 9
0 1
0 2
1 3
2 3
3 4
3 5
4 6
4 5
5 6
1 0
1 0
1 0
1 0
9 10
0 1
0 5
1 2
1 3
2 4
3 4
4 6
5 6
6 7
6 8
9 10
0 1
0 5
1 2
1 3
2 4
3 4
4 6
5 6
6 7
6 8
3 3
0 1
0 2
2 0
3 3
0 1
0 2
2 0
7 9
0 1
0 2
1 3
2 3
3 4
3 5
4 6
4 5
5 6
7 9
0 1
0 2
1 3
2 3
3 4
3 5
4 6
4 5
5 6
4 4
0 1
0 2
1 3
2 3
4 4
0 1
0 2
1 3
2 3
9 10
0 1
1 2
1 8
2 3
3 4
3 5
4 6
5 6
6 7
7 1
9 10
0 1
1 2
1 8
2 3
3 4
3 5
4 6
5 6
6 7
7 1
1 0
1 0
1 0
7 9
0 1
0 2
1 3
2 3
3 4
3 5
4 6
4 5
5 6
7 9
0 1
0 2
1 3
2 3
3 4
3 5
4 6
4 5
5 6
1 0
1 0
1 0
1 0
9 10
0 1
0 5
1 2
1 3
2 4
3 4
4 6
5 6
6 7
6 8
9 10
0 1
0 5
1 2
1 3
2 4
3 4
4 6
5 6
6 7
6 8
3 3
0 1
0 2
2 0
3 3
0 1
0 2
2 0
7 9
0 1
0 2
1 3
2 3
3 4
3 5
4 6
4 5
5 6
7 9
0 1
0 2
1 3
2 3
3 4
3 5
4 6
4 5
5 6
4 4
0 1
0 2
1 3
2 3
4 4
0 1
0 2
1 3
2 3
9 10
0 1
1 2
1 8
2 3
3 4
3 5
4 6
5 6
6 7
7 1
9 10
0 1
1 2
1 8
2 3
3 4
3 5
4 6
5 6
6 7
7 1
1 0
1 0
1 0
1 0
1 0
1 0
1 0
1 0
1 0
1 0
1 0
1 0
1 0
1 0
1 0
1 0
1 0
1 0
1 0
1 0
1 0
1 0
1 0
1 0
1 0
1 0
1 0
1 0
1 0
1 0
1 0
1 0
1 0
1 0
1 0
1 0
1 0
1 0
1 0
1 0
1 0
1 0
1 0
1 0
1 0
1 0
1 0
1 0
1 0
1 0
1 0
1 0
1 0
1 0
1 0
1 0
1 0
1 0
1 0
1 0
1 0
1 0
1 0
1 0
1 0
1 0
1 0
1 0
1 0
1 0
1 0
1 0
1 0
1 0
1 0
1 0
1 0
1 0
1 0
1 0
1 0
1 0
1 0
1 0
1 0
1 0
1 0
1 0
1 0
1 0
1 0
1 0
1 0
1 0
1 0
1 0
1 0
1 0
1 0
1 0
1 0
1 0
1 0
1 0
1 0
1 0
1 0
1 0
1 0
1 0
1 0
1 0
1 0
1 0
1 0
1 0
1 0
1 0
1 0
1 0
1 0
1 0
1 0
1 0
1 0
1 0
1 0
1 0
1 0
1 0
1 0
1 0
1 0
1 0
1 0
10 13
0 1
0 2
1 3
2 3
3 4
3 5
4 6
4 5
5 6
6 7
7 8
7 9
8 7
10 14
0 1
0 2
1 3
2 3
3 4
3 5
4 6
4 5
5 6
6 7
6 9
7 8
8 8
8 9
1 0
1 0
1 0
1 0
1 0
9 10
0 1
0 5
1 2
1 3
2 4
3 4
4 6
5 6
6 7
6 8
9 10
0 1
0 5
1 2
1 3
2 4
3 4
4 6
5 6
6 7
6 8
3 3
0 1
0 2
2 0
3 3
0 1
0 2
2 0
10 13
0 1
0 2
1 3
2 3
3 4
3 5
4 6
4 5
5 6
6 7
7 8
7 9
8 7
10 14
0 1
0 2
1 3
2 3
3 4
3 5
4 6
4 5
5 6
6 7
6 9
7 8
8 8
8 9
4 4
0 1
0 2
1 3
2 3
4 4
0 1
0 2
1 3
2 3
1 0
1 0
1 0
10 13
0 1
0 2
1 3
2 3
3 4
3 5
4 6
4 5
5 6
6 7
7 8
7 9
8 7
10 14
0 1
0 2
1 3
2 3
3 4
3 5
4 6
4 5
5 6
6 7
6 9
7 8
8 8
8 9
1 0
1 0
1 0
1 0
1 0
9 10
0 1
0 5
1 2
1 3
2 4
3 4
4 6
5 6
6 7
6 8
9 10
0 1
0 5
1 2
1 3
2 4
3 4
4 6
5 6
6 7
6 8
1 0
1 0
1 0
1 0
3 3
0 1
0 2
2 0
3 3
0 1
0 2
2 0
3 3
0 1
0 2
2 0
3 3
0 1
0 2
2 0
10 13
0 1
0 2
1 3
2 3
3 4
3 5
4 6
4 5
5 6
6 7
7 8
7 9
8 7
10 14
0 1
0 2
1 3
2 3
3 4
3 5
4 6
4 5
5 6
6 7
6 9
7 8
8 8
8 9
4 4
0 1
0 2
1 3
2 3
4 4
0 1
0 2
1 3
2 3
3 2
0 1
0 2
3 2
0 1
0 2
3 2
0 1
0 2
3 2
0 1
0 2
3 3
0 1
0 2
2 0
3 3
0 1
0 2
2 0
18 23
0 1
0 5
1 2
1 3
2 4
3 4
4 6
5 6
6 7
6 8
8 9
8 10
9 11
10 11
11 12
11 13
12 14
12 13
13 14
14 15
15 16
15 17
16 15
18 24
0 1
0 5
1 2
1 3
2 4
3 4
4 6
5 6
6 7
6 8
8 9
8 10
9 11
10 11
11 12
11 13
12 14
12 13
13 14
14 15
14 17
15 16
16 16
16 17
1 0
1 0
1 0
1 0
1 0
1 0
1 0
1 0
1 0
1 0
1 0
1 0
1 0
1 0
1 0
1 0
1 0
1 0
23 22
0 1
0 2
2 3
2 4
4 5
4 6
6 7
6 8
8 9
8 10
10 11
10 12
12 13
12 14
14 15
14 16
16 17
16 18
18 19
18 20
20 21
20 22
23 22
0 1
0 2
2 3
2 4
4 5
4 6
6 7
6 8
8 9
8 10
10 11
10 12
12 13
12 14
14 15
14 16
16 17
16 18
18 19
18 20
20 21
20 22
3 2
0 1
0 2
3 2
0 1
0 2
3 2
0 1
0 2
23 22
0 1
0 2
2 3
2 4
4 5
4 6
6 7
6 8
8 9
8 10
10 11
10 12
12 13
12 14
14 15
14 16
16 17
16 18
18 19
18 20
20 21
20 22
23 22
0 1
0 2
2 3
2 4
4 5
4 6
6 7
6 8
8 9
8 10
10 11
10 12
12 13
12 14
14 15
14 16
16 17
16 18
18 19
18 20
20 21
20 22
1 0
1 0
3 2
0 1
0 2
10 14
0 1
0 2
1 3
2 3
3 4
3 5
4 6
4 5
5 6
6 7
6 8
7 9
7 8
8 9
10 14
0 1
0 2
1 3
2 3
3 4
3 5
4 6
4 5
5 6
6 7
6 8
7 9
7 8
8 9
1 0
1 0
1 0
9 10
0 1
0 5
1 2
1 3
2 4
3 4
4 6
5 6
6 7
6 8
9 10
0 1
0 5
1 2
1 3
2 4
3 4
4 6
5 6
6 7
6 8
9 10
0 1
0 5
1 2
1 3
2 4
3 4
4 6
5 6
6 7
6 8
9 10
0 1
0 5
1 2
1 3
2 4
3 4
4 6
5 6
6 7
6 8
3 3
0 1
0 2
2 0
3 3
0 1
0 2
2 0
3 3
0 1
0 2
2 0
3 3
0 1
0 2
2 0
10 14
0 1
0 2
1 3
2 3
3 4
3 5
4 6
4 5
5 6
6 7
6 8
7 9
7 8
8 9
10 14
0 1
0 2
1 3
2 3
3 4
3 5
4 6
4 5
5 6
6 7
6 8
7 9
7 8
8 9
4 4
0 1
0 2
1 3
2 3
4 4
0 1
0 2
1 3
2 3
3 2
0 1
0 2
3 2
0 1
0 2
3 2
0 1
0 2
3 2
0 1
0 2
3 3
0 1
0 2
2 0
3 3
0 1
0 2
2 0
18 24
0 1
0 5
1 2
1 3
2 4
3 4
4 6
5 6
6 7
6 8
8 9
8 10
9 11
10 11
11 12
11 13
12 14
12 13
13 14
14 15
14 16
15 17
15 16
16 17
18 24
0 1
0 5
1 2
1 3
2 4
3 4
4 6
5 6
6 7
6 8
8 9
8 10
9 11
10 11
11 12
11 13
12 14
12 13
13 14
14 15
14 16
15 17
15 16
16 17
1 0
1 0
1 0
7 9
0 1
0 2
1 3
2 3
3 4
3 5
4 6
4 5
5 6
7 9
0 1
0 2
1 3
2 3
3 4
3 5
4 6
4 5
5 6
1 0
1 0
1 0
9 10
0 1
0 5
1 2
1 3
2 4
3 4
4 6
5 6
6 7
6 8
9 10
0 1
0 5
1 2
1 3
2 4
3 4
4 6
5 6
6 7
6 8
9 10
0 1
0 5
1 2
1 3
2 4
3 4
4 6
5 6
6 7
6 8
9 10
0 1
0 5
1 2
1 3
2 4
3 4
4 6
5 6
6 7
6 8
3 3
0 1
0 2
2 0
3 3
0 1
0 2
2 0
7 9
0 1
0 2
1 3
2 3
3 4
3 5
4 6
4 5
5 6
7 9
0 1
0 2
1 3
2 3
3 4
3 5
4 6
4 5
5 6
4 4
0 1
0 2
1 3
2 3
4 4
0 1
0 2
1 3
2 3
3 3
0 1
0 2
2 0
3 3
0 1
0 2
2 0
15 19
0 1
0 5
1 2
1 3
2 4
3 4
4 6
5 6
6 7
6 8
8 9
8 10
9 11
10 11
11 12
11 13
12 14
12 13
13 14
15 19
0 1
0 5
1 2
1 3
2 4
3 4
4 6
5 6
6 7
6 8
8 9
8 10
9 11
10 11
11 12
11 13
12 14
12 13
13 14
1 0
1 0
13 17
0 1
0 2
1 3
1 2
2 3
3 4
4 5
4 12
5 6
5 7
6 11
7 8
7 9
8 10
9 10
10 11
11 4
13 18
0 1
0 2
1 3
1 2
2 3
3 4
3 12
4 5
5 6
5 7
6 11
7 8
7 9
8 10
9 10
10 11
11 5
11 12
1 0
7 9
0 1
0 2
1 3
2 3
3 4
3 5
4 6
4 5
5 6
7 9
0 1
0 2
1 3
2 3
3 4
3 5
4 6
4 5
5 6
1 0
1 0
1 0
3 3
0 1
0 2
2 0
3 3
0 1
0 2
2 0
1 0
1 0
1 0
1 0
3 3
0 1
0 2
2 0
3 3
0 1
0 2
2 0
71 70
0 1
0 2
2 3
2 4
4 5
4 6
6 7
6 8
8 9
8 10
10 11
10 12
12 13
12 14
14 15
14 16
16 17
16 18
18 19
18 20
20 21
20 22
22 23
22 24
24 25
24 26
26 27
26 28
28 29
28 30
30 31
30 32
32 33
32 34
34 35
34 36
36 37
36 38
38 39
38 40
40 41
40 42
42 43
42 44
44 45
44 46
46 47
46 48
48 49
48 50
50 51
50 52
52 53
52 54
54 55
54 56
56 57
56 58
58 59
58 60
60 61
60 62
62 63
62 64
64 65
64 66
66 67
66 68
68 69
68 70
37 36
0 36
0 1
0 2
0 3
0 4
0 5
0 6
0 7
0 8
0 9
0 10
0 11
0 12
0 13
0 14
0 15
0 16
0 17
0 18
0 19
0 20
0 21
0 22
0 23
0 24
0 25
0 26
0 27
0 28
0 29
0 30
0 31
0 32
0 33
0 34
0 35
3 2
0 1
0 2
3 2
0 1
0 2
3 2
0 1
0 2
1 0
1 0
1 0
1 0
3 3
0 1
0 2
2 0
3 3
0 1
0 2
2 0
1 0
1 0
3 2
0 1
0 2
1 0
1 0
3 3
0 1
0 2
2 0
3 3
0 1
0 2
2 0
1 0
1 0
5 4
0 1
0 2
2 3
2 4
5 4
0 1
0 2
2 3
2 4
3 3
0 1
0 2
2 0
3 3
0 1
0 2
2 0
1 0
1 0
5 4
0 1
0 2
2 3
2 4
5 4
0 1
0 2
2 3
2 4
5 4
0 1
0 2
2 3
2 4
9 11
0 1
0 2
2 3
3 4
3 5
4 8
5 6
5 7
6 8
7 8
8 0
9 11
0 1
0 2
2 3
3 4
3 5
4 8
5 6
5 7
6 8
7 8
8 0
1 0
1 0
1 0
1 0
5 4
0 1
0 2
2 3
2 4
5 4
0 1
0 2
2 3
2 4
1 0
1 0
3 3
0 1
0 2
2 0
3 3
0 1
0 2
2 0
1 0
1 0
1 0
1 0
3 3
0 1
0 2
2 0
3 3
0 1
0 2
2 0
3 2
0 1
0 2
3 2
0 1
0 2
3 2
0 1
0 2
3 2
0 1
0 2
7 6
0 1
0 2
2 3
2 4
4 5
4 6
3 2
0 1
0 2
3 2
0 1
0 2
3 2
0 1
0 2
3 2
0 1
0 2
1 0
1 0
1 0
1 0
3 3
0 1
0 2
2 0
3 3
0 1
0 2
2 0
1 0
1 0
11 10
0 1
0 2
2 3
2 4
4 5
4 6
6 7
6 8
8 9
8 10
7 6
0 6
0 1
0 2
0 3
0 4
0 5
11 10
0 1
0 2
2 3
2 4
4 5
4 6
6 7
6 8
8 9
8 10
7 6
0 6
0 1
0 2
0 3
0 4
0 5
3 3
0 1
0 2
2 0
3 3
0 1
0 2
2 0
1 0
1 0
1 0
1 0
1 0
1 0
3 3
0 1
0 2
2 0
3 3
0 1
0 2
2 0
1 0
1 0
1 0
1 0
3 3
0 1
0 2
2 0
3 3
0 1
0 2
2 0
1 0
1 0
3 3
0 1
0 2
2 0
3 3
0 1
0 2
2 0
1 0
1 0
3 3
0 1
0 2
2 0
3 3
0 1
0 2
2 0
1 0
1 0
157 156
0 1
0 2
2 3
2 4
4 5
4 6
6 7
6 8
8 9
8 10
10 11
10 12
12 13
12 14
14 15
14 16
16 17
16 18
18 19
18 20
20 21
20 22
22 23
22 24
24 25
24 26
26 27
26 28
28 29
28 30
30 31
30 32
32 33
32 34
34 35
34 36
36 37
36 38
38 39
38 40
40 41
40 42
42 43
42 44
44 45
44 46
46 47
46 48
48 49
48 50
50 51
50 52
52 53
52 54
54 55
54 56
56 57
56 58
58 59
58 60
60 61
60 62
62 63
62 64
64 65
64 66
66 67
66 68
68 69
68 70
70 71
70 72
72 73
72 74
74 75
74 76
76 77
76 78
78 79
78 80
80 81
80 82
82 83
82 84
84 85
84 86
86 87
86 88
88 89
88 90
90 91
90 92
92 93
92 94
94 95
94 96
96 97
96 98
98 99
98 100
100 101
100 102
102 103
102 104
104 105
104 106
106 107
106 108
108 109
108 110
110 111
110 112
112 113
112 114
114 115
114 116
116 117
116 118
118 119
118 120
120 121
120 122
122 123
122 124
124 125
124 126
126 127
126 128
128 129
128 130
130 131
130 132
132 133
132 134
134 135
134 136
136 137
136 138
138 139
138 140
140 141
140 142
142 143
142 144
144 145
144 146
146 147
146 148
148 149
148 150
150 151
150 152
152 153
152 154
154 155
154 156
80 79
0 79
0 1
0 2
0 3
0 4
0 5
0 6
0 7
0 8
0 9
0 10
0 11
0 12
0 13
0 14
0 15
0 16
0 17
0 18
0 19
0 20
0 21
0 22
0 23
0 24
0 25
0 26
0 27
0 28
0 29
0 30
0 31
0 32
0 33
0 34
0 35
0 36
0 37
0 38
0 39
0 40
0 41
0 42
0 43
0 44
0 45
0 46
0 47
0 48
0 49
0 50
0 51
0 52
0 53
0 54
0 55
0 56
0 57
0 58
0 59
0 60
0 61
0 62
0 63
0 64
0 65
0 66
0 67
0 68
0 69
0 70
0 71
0 72
0 73
0 74
0 75
0 76
0 77
0 78
3 2
0 1
0 2
3 2
0 1
0 2
3 2
0 1
0 2
3 2
0 1
0 2
3 2
0 1
0 2
35 34
0 1
0 2
2 3
2 4
4 5
4 6
6 7
6 8
8 9
8 10
10 11
10 12
12 13
12 14
14 15
14 16
16 17
16 18
18 19
18 20
20 21
20 22
22 23
22 24
24 25
24 26
26 27
26 28
28 29
28 30
30 31
30 32
32 33
32 34
19 18
0 18
0 1
0 2
0 3
0 4
0 5
0 6
0 7
0 8
0 9
0 10
0 11
0 12
0 13
0 14
0 15
0 16
0 17
6 8
0 1
0 5
1 2
1 3
2 4
3 4
4 1
4 5
6 8
0 1
0 5
1 2
1 3
2 4
3 4
4 1
4 5
1 0
1 0
1 0
1 0
1 0
1 0
71 70
0 1
0 2
2 3
2 4
4 5
4 6
6 7
6 8
8 9
8 10
10 11
10 12
12 13
12 14
14 15
14 16
16 17
16 18
18 19
18 20
20 21
20 22
22 23
22 24
24 25
24 26
26 27
26 28
28 29
28 30
30 31
30 32
32 33
32 34
34 35
34 36
36 37
36 38
38 39
38 40
40 41
40 42
42 43
42 44
44 45
44 46
46 47
46 48
48 49
48 50
50 51
50 52
52 53
52 54
54 55
54 56
56 57
56 58
58 59
58 60
60 61
60 62
62 63
62 64
64 65
64 66
66 67
66 68
68 69
68 70
37 36
0 36
0 1
0 2
0 3
0 4
0 5
0 6
0 7
0 8
0 9
0 10
0 11
0 12
0 13
0 14
0 15
0 16
0 17
0 18
0 19
0 20
0 21
0 22
0 23
0 32
0 24
0 25
0 26
0 27
0 33
0 28
0 34
0 29
0 35
0 30
0 31
157 156
0 1
0 2
2 3
2 4
4 5
4 6
6 7
6 8
8 9
8 10
10 11
10 12
12 13
12 14
14 15
14 16
16 17
16 18
18 19
18 20
20 21
20 22
22 23
22 24
24 25
24 26
26 27
26 28
28 29
28 30
30 31
30 32
32 33
32 34
34 35
34 36
36 37
36 38
38 39
38 40
40 41
40 42
42 43
42 44
44 45
44 46
46 47
46 48
48 49
48 50
50 51
50 52
52 53
52 54
54 55
54 56
56 57
56 58
58 59
58 60
60 61
60 62
62 63
62 64
64 65
64 66
66 67
66 68
68 69
68 70
70 71
70 72
72 73
72 74
74 75
74 76
76 77
76 78
78 79
78 80
80 81
80 82
82 83
82 84
84 85
84 86
86 87
86 88
88 89
88 90
90 91
90 92
92 93
92 94
94 95
94 96
96 97
96 98
98 99
98 100
100 101
100 102
102 103
102 104
104 105
104 106
106 107
106 108
108 109
108 110
110 111
110 112
112 113
112 114
114 115
114 116
116 117
116 118
118 119
118 120
120 121
120 122
122 123
122 124
124 125
124 126
126 127
126 128
128 129
128 130
130 131
130 132
132 133
132 134
134 135
134 136
136 137
136 138
138 139
138 140
140 141
140 142
142 143
142 144
144 145
144 146
146 147
146 148
148 149
148 150
150 151
150 152
152 153
152 154
154 155
154 156
80 79
0 79
0 1
0 2
0 3
0 4
0 5
0 6
0 7
0 8
0 9
0 10
0 11
0 12
0 13
0 14
0 15
0 16
0 17
0 18
0 19
0 20
0 21
0 22
0 23
0 24
0 25
0 26
0 27
0 28
0 38
0 39
0 40
0 41
0 42
0 43
0 29
0 30
0 31
0 32
0 33
0 34
0 50
0 58
0 59
0 60
0 61
0 35
0 36
0 37
0 62
0 63
0 64
0 65
0 66
0 44
0 45
0 46
0 47
0 48
0 49
0 51
0 52
0 53
0 54
0 55
0 56
0 57
0 67
0 68
0 69
0 70
0 71
0 72
0 73
0 74
0 75
0 76
0 77
0 78
3 2
0 1
0 2
3 2
0 1
0 2
35 34
0 1
0 2
2 3
2 4
4 5
4 6
6 7
6 8
8 9
8 10
10 11
10 12
12 13
12 14
14 15
14 16
16 17
16 18
18 19
18 20
20 21
20 22
22 23
22 24
24 25
24 26
26 27
26 28
28 29
28 30
30 31
30 32
32 33
32 34
35 34
0 1
0 2
2 3
2 4
4 5
4 6
6 7
6 8
8 9
8 10
10 11
10 12
12 13
12 14
14 15
14 16
16 17
16 18
18 19
18 20
20 21
20 22
22 23
22 24
24 25
24 26
26 27
26 28
28 29
28 30
30 31
30 32
32 33
32 34
3 2
0 1
0 2
3 2
0 1
0 2
5 4
0 1
0 2
2 3
2 4
5 4
0 1
0 2
2 3
2 4
5 4
0 1
0 2
2 3
2 4
5 4
0 1
0 2
2 3
2 4
3 2
0 1
0 2
3 2
0 1
0 2
3 2
0 1
0 2
3 2
0 1
0 2
3 2
0 1
0 2
7 6
0 1
0 2
2 3
2 6
3 4
3 5
7 6
0 1
0 2
2 3
2 6
3 4
3 5
5 4
0 1
0 4
1 2
1 3
5 4
0 1
0 4
1 2
1 3
7 6
0 1
0 2
2 3
2 6
3 4
3 5
7 6
0 1
0 2
2 3
2 6
3 4
3 5
5 4
0 1
0 4
1 2
1 3
5 4
0 1
0 4
1 2
1 3
175 174
0 1
0 4
1 2
1 3
4 5
4 8
5 6
5 7
8 9
8 12
9 10
9 11
12 13
12 16
13 14
13 15
16 17
16 20
17 18
17 19
20 21
20 24
21 22
21 23
24 25
24 28
25 26
25 27
28 29
28 32
29 30
29 31
32 33
32 36
33 34
33 35
36 37
36 40
37 38
37 39
40 41
40 44
41 42
41 43
44 45
44 48
45 46
45 47
48 49
48 52
49 50
49 51
52 53
52 56
53 54
53 55
56 57
56 60
57 58
57 59
60 61
60 64
61 62
61 63
64 65
64 68
65 66
65 67
68 69
68 72
69 70
69 71
72 73
72 76
73 74
73 75
76 77
76 84
77 78
77 83
78 79
78 82
79 80
79 81
84 85
84 88
85 86
85 87
88 89
88 96
89 90
89 95
90 91
90 94
91 92
91 93
96 97
96 100
97 98
97 99
100 101
100 104
101 102
101 103
104 105
104 112
105 106
105 111
106 107
106 110
107 108
107 109
112 113
112 120
113 114
113 119
114 115
114 118
115 116
115 117
120 121
120 128
121 122
121 127
122 123
122 126
123 124
123 125
128 129
128 132
129 130
129 131
132 133
132 140
133 134
133 139
134 135
134 138
135 136
135 137
140 141
140 144
141 142
141 143
144 145
144 152
145 146
145 151
146 147
146 150
147 148
147 149
152 153
152 156
153 154
153 155
156 157
156 164
157 158
157 163
158 159
158 162
159 160
159 161
164 165
164 168
165 166
165 167
168 169
168 172
169 170
169 171
172 173
172 174
141 140
0 138
0 1
0 4
0 7
0 10
0 13
0 16
0 19
0 22
0 25
0 28
0 31
0 34
0 37
0 40
0 43
0 46
0 49
0 52
0 55
0 58
0 65
0 68
0 75
0 78
0 81
0 88
0 95
0 102
0 105
0 112
0 115
0 122
0 125
0 132
0 135
1 2
1 3
4 5
4 6
7 8
7 9
10 11
10 12
13 14
13 15
16 17
16 18
19 20
19 21
22 23
22 24
25 26
25 27
28 29
28 30
31 32
31 33
34 35
34 36
37 38
37 39
40 41
40 42
43 44
43 45
46 47
46 48
49 50
49 51
52 53
52 54
55 56
55 57
58 59
58 64
59 60
59 63
60 61
60 62
65 66
65 67
68 69
68 74
69 70
69 73
70 71
70 72
75 76
75 77
78 79
78 80
81 82
81 87
82 83
82 86
83 84
83 85
88 89
88 94
89 90
89 93
90 91
90 92
95 96
95 101
96 97
96 100
97 98
97 99
102 103
102 104
105 106
105 111
106 107
106 110
107 108
107 109
112 113
112 114
115 116
115 121
116 117
116 120
117 118
117 119
122 123
122 124
125 126
125 131
126 127
126 130
127 128
127 129
132 133
132 134
135 136
135 137
138 139
138 140
11 10
0 1
0 4
1 2
1 3
4 5
4 8
5 6
5 7
8 9
8 10
11 10
0 1
0 4
1 2
1 3
4 5
4 8
5 6
5 7
8 9
8 10
7 6
0 1
0 2
2 3
2 6
3 4
3 5
7 6
0 1
0 2
2 3
2 6
3 4
3 5
1 0
1 0
1 0
1 0
181 180
0 1
0 4
1 2
1 3
4 5
4 8
5 6
5 7
8 9
8 12
9 10
9 11
12 13
12 16
13 14
13 15
16 17
16 20
17 18
17 19
20 21
20 24
21 22
21 23
24 25
24 28
25 26
25 27
28 29
28 32
29 30
29 31
32 33
32 36
33 34
33 35
36 37
36 40
37 38
37 39
40 41
40 44
41 42
41 43
44 45
44 48
45 46
45 47
48 49
48 52
49 50
49 51
52 53
52 56
53 54
53 55
56 57
56 60
57 58
57 59
60 61
60 64
61 62
61 63
64 65
64 68
65 66
65 67
68 69
68 72
69 70
69 71
72 73
72 76
73 74
73 75
76 77
76 86
77 78
77 85
78 79
78 84
79 80
79 83
80 81
80 82
86 87
86 94
87 88
87 93
88 89
88 92
89 90
89 91
94 95
94 102
95 96
95 101
96 97
96 100
97 98
97 99
102 103
102 106
103 104
103 105
106 107
106 110
107 108
107 109
110 111
110 118
111 112
111 117
112 113
112 116
113 114
113 115
118 119
118 126
119 120
119 125
120 121
120 124
121 122
121 123
126 127
126 134
127 128
127 133
128 129
128 132
129 130
129 131
134 135
134 138
135 136
135 137
138 139
138 146
139 140
139 145
140 141
140 144
141 142
141 143
146 147
146 150
147 148
147 149
150 151
150 158
151 152
151 157
152 153
152 156
153 154
153 155
158 159
158 162
159 160
159 161
162 163
162 170
163 164
163 169
164 165
164 168
165 166
165 167
170 171
170 174
171 172
171 173
174 175
174 178
175 176
175 177
178 179
178 180
147 146
0 144
0 1
0 4
0 7
0 10
0 13
0 16
0 19
0 22
0 25
0 28
0 31
0 34
0 37
0 40
0 43
0 46
0 49
0 52
0 55
0 58
0 67
0 74
0 81
0 84
0 87
0 94
0 101
0 108
0 111
0 118
0 121
0 128
0 131
0 138
0 141
1 2
1 3
4 5
4 6
7 8
7 9
10 11
10 12
13 14
13 15
16 17
16 18
19 20
19 21
22 23
22 24
25 26
25 27
28 29
28 30
31 32
31 33
34 35
34 36
37 38
37 39
40 41
40 42
43 44
43 45
46 47
46 48
49 50
49 51
52 53
52 54
55 56
55 57
58 59
58 66
59 60
59 65
60 61
60 64
61 62
61 63
67 68
67 73
68 69
68 72
69 70
69 71
74 75
74 80
75 76
75 79
76 77
76 78
81 82
81 83
84 85
84 86
87 88
87 93
88 89
88 92
89 90
89 91
94 95
94 100
95 96
95 99
96 97
96 98
101 102
101 107
102 103
102 106
103 104
103 105
108 109
108 110
111 112
111 117
112 113
112 116
113 114
113 115
118 119
118 120
121 122
121 127
122 123
122 126
123 124
123 125
128 129
128 130
131 132
131 137
132 133
132 136
133 134
133 135
138 139
138 140
141 142
141 143
144 145
144 146
1 0
1 0
11 10
0 1
0 4
1 2
1 3
4 5
4 8
5 6
5 7
8 9
8 10
11 10
0 1
0 4
1 2
1 3
4 5
4 8
5 6
5 7
8 9
8 10
11 10
0 1
0 4
1 2
1 3
4 5
4 8
5 6
5 7
8 9
8 10
11 10
0 1
0 4
1 2
1 3
4 5
4 8
5 6
5 7
8 9
8 10
5 4
0 1
0 4
1 2
1 3
5 4
0 1
0 4
1 2
1 3
19 23
0 1
0 2
2 3
3 4
3 7
4 5
4 6
5 14
6 14
7 8
7 11
8 9
8 10
9 14
10 14
11 12
11 13
12 14
13 14
14 15
14 18
15 16
15 17
19 23
0 1
0 2
2 3
3 4
3 7
4 5
4 6
5 14
6 14
7 8
7 11
8 9
8 10
9 14
10 14
11 12
11 13
12 14
13 14
14 15
14 18
15 16
15 17
1 0
1 0
1 0
1 0
1 0
1 0
1 0
1 0
1 0
1 0
1 0
1 0
1 0
1 0
3 2
0 1
0 2
3 2
0 1
0 2
3 2
0 1
0 2
3 2
0 1
0 2
5 4
0 1
0 2
2 3
2 4
5 4
0 1
0 2
2 3
2 4
5 4
0 1
0 2
2 3
2 4
5 4
0 1
0 2
2 3
2 4
3 2
0 1
0 2
3 2
0 1
0 2
27 32
0 1
0 26
1 2
1 25
2 3
2 24
3 4
3 20
4 5
4 18
5 6
5 7
6 8
7 8
8 9
8 16
9 10
9 11
10 12
11 12
12 13
12 14
13 15
14 15
15 17
16 17
17 19
18 19
19 21
20 21
21 22
21 23
25 29
0 1
0 24
1 2
1 23
2 3
2 22
3 4
3 18
4 5
4 16
5 6
5 7
6 8
6 14
7 14
8 9
8 10
9 11
10 12
11 13
12 13
13 15
14 15
15 17
16 17
17 19
18 19
19 20
19 21
18 21
0 1
0 17
1 2
1 13
2 3
2 11
3 4
4 5
4 6
5 7
6 7
7 8
7 9
8 10
9 10
10 12
11 12
12 14
13 14
14 15
14 16
17 19
0 1
0 16
1 2
1 12
2 3
2 10
3 4
4 5
4 6
5 7
6 8
7 9
8 9
9 11
10 11
11 13
12 13
13 14
13 15
54 67
0 1
0 53
1 2
1 52
2 3
2 14
3 4
3 12
4 5
5 6
5 7
6 8
7 8
8 9
8 10
9 11
10 11
11 13
12 13
13 15
14 15
15 16
15 51
16 17
16 47
17 18
17 19
18 20
19 20
20 21
20 45
21 22
21 33
22 23
22 24
23 25
24 25
25 26
25 30
26 27
26 28
27 29
28 29
29 31
30 31
31 32
32 34
33 34
34 35
34 43
35 36
36 37
36 38
37 39
38 39
39 40
39 41
40 42
41 42
42 44
43 44
44 46
45 46
46 48
47 48
48 49
48 50
52 63
0 1
0 51
1 2
1 50
2 3
2 13
3 4
3 11
4 5
5 6
5 7
6 8
7 9
8 10
9 10
10 12
11 12
12 14
13 14
14 15
14 49
15 16
15 45
16 17
16 18
17 19
18 19
19 20
19 43
20 21
20 32
21 22
21 23
22 24
23 24
24 25
24 29
25 26
25 27
26 28
27 28
28 30
29 30
30 31
31 33
32 33
33 34
33 41
34 35
35 36
35 37
36 38
37 39
38 40
39 40
40 42
41 42
42 44
43 44
44 46
45 46
46 47
46 48
1 0
1 0
11 12
0 1
0 10
1 2
1 9
2 3
2 5
3 4
3 5
4 6
5 6
6 7
6 8
10 11
0 1
0 9
1 2
1 8
2 3
2 5
3 4
3 5
4 6
4 7
5 7
7 6
0 1
0 6
1 2
1 5
2 3
2 4
7 6
0 1
0 6
1 2
1 5
2 3
2 4
27 33
0 1
0 26
1 2
2 3
2 8
3 4
3 7
4 5
4 6
5 9
6 9
7 9
8 9
9 10
9 25
10 11
10 21
11 12
11 19
12 13
12 14
13 15
14 15
15 16
15 17
16 18
17 18
18 20
19 20
20 22
21 22
22 23
22 24
25 29
0 1
0 24
1 2
2 3
2 8
3 4
3 7
4 5
4 6
5 9
6 23
7 23
8 23
9 10
9 19
10 11
10 17
11 12
11 13
12 14
13 15
14 16
15 16
16 18
17 18
18 20
19 20
20 21
20 22
9 8
0 1
0 8
1 2
1 7
2 3
2 6
3 4
3 5
9 8
0 1
0 8
1 2
1 7
2 3
2 6
3 4
3 5
34 44
0 1
0 32
1 2
1 30
2 3
2 28
3 4
3 26
4 5
4 24
5 6
5 22
6 7
6 20
7 8
7 18
8 9
8 16
9 10
9 14
10 11
10 12
11 13
12 13
13 15
14 15
15 17
16 17
17 19
18 19
19 21
20 21
21 23
22 23
23 25
24 25
25 27
26 27
27 29
28 29
29 31
30 31
31 33
32 33
34 44
0 1
0 32
1 2
1 30
2 3
2 28
3 4
3 26
4 5
4 24
5 6
5 22
6 7
6 20
7 8
7 18
8 9
8 16
9 10
9 14
10 11
10 12
11 13
12 13
13 15
14 15
15 17
16 17
17 19
18 19
19 21
20 21
21 23
22 23
23 25
24 25
25 27
26 27
27 29
28 29
29 31
30 31
31 33
32 33
24 26
0 1
0 23
1 2
1 22
2 3
2 21
3 4
3 20
4 5
4 6
5 7
6 7
7 8
7 19
8 9
8 10
9 11
10 11
11 12
11 18
12 13
12 14
13 15
14 15
15 16
15 17
21 20
0 1
0 20
1 2
1 19
2 3
2 18
3 4
3 17
4 5
4 6
5 7
6 16
7 8
7 9
8 10
9 15
10 11
10 12
11 13
12 14
15 14
0 1
0 14
1 2
1 13
2 3
2 12
3 4
3 11
4 5
4 10
5 6
5 9
6 7
6 8
15 14
0 1
0 14
1 2
1 13
2 3
2 12
3 4
3 11
4 5
4 10
5 6
5 9
6 7
6 8
51 66
0 1
0 26
1 2
1 24
2 3
2 22
3 4
3 17
4 5
4 15
5 6
5 13
6 7
6 8
7 9
8 9
9 10
9 11
10 12
11 12
12 14
13 14
14 16
15 16
16 18
17 18
18 19
18 20
19 21
20 21
21 23
22 23
23 25
24 25
25 27
26 27
27 28
27 47
28 29
28 45
29 30
29 43
30 31
30 41
31 32
31 39
32 33
32 37
33 34
33 35
34 36
35 36
36 38
37 38
38 40
39 40
40 42
41 42
42 44
43 44
44 46
45 46
46 48
47 48
48 49
48 50
50 64
0 1
0 25
1 2
1 23
2 3
2 21
3 4
3 16
4 5
4 14
5 6
5 12
6 7
6 8
7 9
8 10
9 11
10 11
11 13
12 13
13 15
14 15
15 17
16 17
17 18
17 19
18 20
19 20
20 22
21 22
22 24
23 24
24 26
25 26
26 27
26 46
27 28
27 44
28 29
28 42
29 30
29 40
30 31
30 38
31 32
31 36
32 33
32 34
33 35
34 35
35 37
36 37
37 39
38 39
39 41
40 41
41 43
42 43
43 45
44 45
45 47
46 47
47 48
47 49
1 0
1 0
1 0
3 2
0 1
0 2
3 2
0 1
0 2
3 2
0 1
0 2
3 2
0 1
0 2
3 2
0 1
0 2
3 2
0 1
0 2
1 0
1 0
10 11
0 1
1 2
1 9
2 3
2 4
4 5
4 6
5 7
6 7
7 8
8 1
9 11
0 1
0 8
1 2
1 3
3 4
3 5
4 6
5 6
6 7
7 1
7 8
9 10
0 1
0 8
1 2
1 3
3 4
3 5
5 6
6 7
7 1
7 8
8 8
0 1
1 2
1 3
3 4
3 5
5 6
6 7
7 1
9 10
0 1
0 8
1 2
1 3
3 4
3 5
5 6
6 7
7 1
7 8
8 8
0 1
1 2
1 3
3 4
3 5
5 6
6 7
7 1
1 0
1 0
1 0
1 0
1 0
1 0
1 0
1 0
1 0
1 0
1 0
1 0
1 0
1 0
1 0
1 0
1 0
1 0
1 0
1 0
1 0
1 0
3 2
0 1
0 2
1 0
1 0
12 14
0 1
1 2
2 3
2 10
3 4
3 5
4 11
5 6
5 7
6 11
7 8
8 9
9 2
10 11
11 12
0 1
1 2
2 3
3 4
3 5
4 10
5 6
5 7
6 10
7 8
8 9
9 2
1 0
1 0
1 0
1 0
1 0
1 0
9 8
0 1
0 8
1 2
1 7
2 3
2 6
3 4
3 5
9 8
0 1
0 8
1 2
1 7
2 3
2 6
3 4
3 5
1 0
1 0
1 0
1 0
27 26
0 1
0 2
2 3
2 4
4 5
4 6
6 7
6 8
8 9
8 10
10 11
10 12
12 13
12 14
14 15
14 16
16 17
16 18
18 19
18 20
20 21
20 22
22 23
22 24
24 25
24 26
15 14
0 14
0 1
0 2
0 3
0 4
0 5
0 6
0 7
0 8
0 9
0 10
0 11
0 12
0 13
27 26
0 1
0 2
2 3
2 4
4 5
4 6
6 7
6 8
8 9
8 10
10 11
10 12
12 13
12 14
14 15
14 16
16 17
16 18
18 19
18 20
20 21
20 22
22 23
22 24
24 25
24 26
15 14
0 14
0 1
0 2
0 3
0 4
0 5
0 6
0 7
0 8
0 9
0 10
0 11
0 12
0 13
27 26
0 1
0 2
2 3
2 4
4 5
4 6
6 7
6 8
8 9
8 10
10 11
10 12
12 13
12 14
14 15
14 16
16 17
16 18
18 19
18 20
20 21
20 22
22 23
22 24
24 25
24 26
15 14
0 14
0 1
0 2
0 3
0 4
0 5
0 6
0 7
0 8
0 9
0 10
0 11
0 12
0 13
27 26
0 1
0 2
2 3
2 4
4 5
4 6
6 7
6 8
8 9
8 10
10 11
10 12
12 13
12 14
14 15
14 16
16 17
16 18
18 19
18 20
20 21
20 22
22 23
22 24
24 25
24 26
15 14
0 14
0 1
0 2
0 3
0 4
0 5
0 6
0 7
0 8
0 9
0 10
0 11
0 12
0 13
27 26
0 1
0 2
2 3
2 4
4 5
4 6
6 7
6 8
8 9
8 10
10 11
10 12
12 13
12 14
14 15
14 16
16 17
16 18
18 19
18 20
20 21
20 22
22 23
22 24
24 25
24 26
15 14
0 14
0 1
0 2
0 3
0 4
0 5
0 6
0 7
0 8
0 9
0 10
0 11
0 12
0 13
27 26
0 1
0 2
2 3
2 4
4 5
4 6
6 7
6 8
8 9
8 10
10 11
10 12
12 13
12 14
14 15
14 16
16 17
16 18
18 19
18 20
20 21
20 22
22 23
22 24
24 25
24 26
15 14
0 14
0 1
0 2
0 3
0 4
0 5
0 6
0 7
0 8
0 9
0 10
0 11
0 12
0 13
3 2
0 1
0 2
3 2
0 1
0 2
27 26
0 1
0 2
2 3
2 4
4 5
4 6
6 7
6 8
8 9
8 10
10 11
10 12
12 13
12 14
14 15
14 16
16 17
16 18
18 19
18 20
20 21
20 22
22 23
22 24
24 25
24 26
15 14
0 14
0 1
0 2
0 3
0 4
0 5
0 6
0 7
0 8
0 9
0 10
0 11
0 12
0 13
27 26
0 1
0 2
2 3
2 4
4 5
4 6
6 7
6 8
8 9
8 10
10 11
10 12
12 13
12 14
14 15
14 16
16 17
16 18
18 19
18 20
20 21
20 22
22 23
22 24
24 25
24 26
15 14
0 14
0 1
0 2
0 3
0 4
0 5
0 6
0 7
0 8
0 9
0 10
0 11
0 12
0 13
1 0
1 0
1 0
1 0
1 0
1 0
1 0
1 0
1 0
1 0
1 0
1 0
1 0
1 0
1 0
1 0
1 0
1 0
1 0
1 0
1 0
1 0
1 0
1 0
1 0
1 0
1 0
1 0
1 0
1 0
1 0
1 0
1 0
1 0
1 0
1 0
1 0
1 0
1 0
1 0
1 0
1 0
1 0
1 0
1 0
1 0
1 0
1 0
1 0
1 0
1 0
1 0
1 0
1 0
1 0
1 0
1 0
1 0
1 0
1 0
1 0
1 0
1 0
1 0
15 14
0 1
0 2
2 3
2 4
4 5
4 6
6 7
6 8
8 9
8 10
10 11
10 12
12 13
12 14
3 2
0 1
0 2
3 2
0 1
0 2
1 0
1 0
1 0
1 0
1 0
1 0
1 0
1 0
1 0
1 0
1 0
4 5
0 1
0 2
1 3
1 2
2 3
3 2
0 1
1 2
3 2
0 1
0 2
1 0
3 2
0 1
0 2
3 2
0 1
0 2
1 0
8 13
0 1
0 2
1 3
1 2
2 3
3 4
3 5
4 4
4 5
5 6
5 7
6 6
6 7
10 15
0 1
0 2
1 3
1 2
2 3
3 4
3 6
4 5
5 5
5 6
6 7
6 9
7 8
8 8
8 9
1 0
11 18
0 1
0 2
1 3
1 2
2 3
3 4
3 8
4 5
4 6
5 7
5 6
6 7
7 4
7 8
8 9
8 10
9 9
9 10
12 17
0 1
0 2
1 3
1 2
2 3
3 4
3 8
4 5
5 6
6 7
7 5
7 8
8 9
8 11
9 10
10 10
10 11
1 0
11 12
0 1
0 2
2 3
2 7
3 4
3 5
4 6
5 6
6 8
7 8
8 9
8 10
11 12
0 1
0 2
2 3
2 7
3 4
3 5
4 6
5 6
6 8
7 8
8 9
8 10
11 10
0 1
0 10
1 2
1 9
2 3
2 8
3 4
3 7
4 5
4 6
11 10
0 1
0 10
1 2
1 9
2 3
2 8
3 4
3 7
4 5
4 6
5 4
0 1
0 4
1 2
1 3
5 4
0 1
0 4
1 2
1 3
3 2
0 1
0 2
3 2
0 1
0 2
29 36
0 1
0 11
1 2
1 9
2 3
2 7
3 4
3 5
4 6
5 6
6 8
7 8
8 10
9 10
10 12
11 12
12 13
12 28
13 14
13 15
14 25
15 16
15 17
16 21
17 18
17 19
18 20
19 20
20 21
21 22
21 23
22 24
23 24
24 25
25 26
25 27
29 36
0 1
0 11
1 2
1 9
2 3
2 7
3 4
3 5
4 6
5 6
6 8
7 8
8 10
9 10
10 12
11 12
12 13
12 28
13 14
13 15
14 25
15 16
15 17
16 21
17 18
17 19
18 20
19 20
20 21
21 22
21 23
22 24
23 24
24 25
25 26
25 27
43 56
0 1
1 2
1 6
2 3
2 4
3 5
4 5
5 7
6 7
7 8
7 42
8 9
9 10
9 20
10 11
10 18
11 12
11 16
12 13
12 14
13 15
14 15
15 17
16 17
17 19
18 19
19 21
20 21
21 22
21 37
22 23
22 24
23 34
24 25
24 26
25 30
26 27
26 28
27 29
28 29
29 30
30 31
30 32
31 33
32 33
33 34
34 35
34 36
35 38
36 38
37 38
38 39
38 40
39 41
40 41
41 1
42 54
0 1
1 2
1 6
2 3
2 4
3 5
4 5
5 7
6 7
7 8
7 41
8 9
9 10
9 20
10 11
10 18
11 12
11 16
12 13
12 14
13 15
14 15
15 17
16 17
17 19
18 19
19 21
20 21
21 22
21 37
22 23
22 24
23 34
24 25
24 26
25 30
26 27
26 28
27 29
28 29
29 30
30 31
30 32
31 33
32 33
33 34
34 35
34 36
35 38
36 39
37 39
38 40
39 40
40 1
31 41
0 1
1 2
1 6
2 3
2 4
3 5
4 5
5 7
6 7
7 8
7 30
8 9
9 10
9 19
10 11
10 18
11 12
11 17
12 13
12 16
13 14
13 15
14 20
15 20
16 20
17 20
18 20
19 20
20 21
20 25
21 22
21 23
22 24
23 24
24 26
25 26
26 27
26 28
27 29
28 29
29 1
30 39
0 1
1 2
1 6
2 3
2 4
3 5
4 5
5 7
6 7
7 8
7 29
8 9
9 10
9 19
10 11
10 18
11 12
11 17
12 13
12 16
13 14
13 15
14 20
15 24
16 24
17 24
18 24
19 24
20 21
20 22
21 23
22 23
23 25
24 25
25 26
25 27
26 28
27 28
28 1
7 6
0 1
0 6
1 2
1 5
2 3
2 4
7 6
0 1
0 6
1 2
1 5
2 3
2 4
4 4
0 1
0 2
1 3
2 3
4 4
0 1
0 2
1 3
2 3
8 13
0 1
0 2
1 3
1 2
2 3
3 4
3 5
4 4
4 5
5 6
5 7
6 6
6 7
10 15
0 1
0 2
1 3
1 2
2 3
3 4
3 6
4 5
5 5
5 6
6 7
6 9
7 8
8 8
8 9
11 18
0 1
0 2
1 3
1 2
2 3
3 4
3 8
4 5
4 6
5 7
5 6
6 7
7 4
7 8
8 9
8 10
9 9
9 10
12 17
0 1
0 2
1 3
1 2
2 3
3 4
3 8
4 5
5 6
6 7
7 5
7 8
8 9
8 11
9 10
10 10
10 11
1 0
1 0
1 0
1 0
1 0
1 0
1 0
1 0
1 0
1 0
1 0
1 0
1 0
1 0
1 0
1 0
1 0
1 0
1 0
1 0
1 0
1 0
1 0
1 0
1 0
1 0
1 0
1 0
6 9
0 1
0 2
1 3
1 2
2 3
3 4
3 5
4 4
4 5
5 5
0 1
1 2
2 3
3 3
3 4
1 0
11 18
0 1
0 2
1 3
1 2
2 3
3 4
3 8
4 5
4 6
5 7
5 6
6 7
7 4
7 8
8 9
8 10
9 9
9 10
12 17
0 1
0 2
1 3
1 2
2 3
3 4
3 8
4 5
5 6
6 7
7 5
7 8
8 9
8 11
9 10
10 10
10 11
11 13
0 1
1 2
1 7
2 3
2 6
3 4
3 5
4 8
5 8
6 8
7 8
8 9
8 10
10 11
0 1
1 2
1 7
2 3
2 6
3 4
3 5
4 8
5 9
6 9
7 9
3 2
0 1
0 2
1 0
1 0
5 4
0 1
0 2
2 3
2 4
3 4
0 1
0 2
1 1
1 2
3 4
0 1
0 2
1 1
1 2
3 2
0 1
0 2
3 2
0 1
0 2
1 0
1 0
3 2
0 1
0 2
3 2
0 1
0 2
5 4
0 1
0 4
1 2
1 3
5 4
0 1
0 4
1 2
1 3
15 18
0 1
0 14
1 2
2 3
2 7
3 4
3 5
4 6
5 6
6 8
7 8
8 9
8 13
9 10
9 11
10 12
11 12
12 2
15 18
0 1
0 14
1 2
2 3
2 7
3 4
3 5
4 6
5 6
6 8
7 8
8 9
8 13
9 10
9 11
10 12
11 12
12 2
28 34
0 1
0 2
2 3
3 4
3 5
4 6
5 6
6 7
6 23
7 8
7 12
8 9
8 10
9 11
10 11
11 13
12 13
13 14
13 18
14 15
14 16
15 17
16 17
17 19
18 19
19 20
19 21
20 22
21 22
22 3
23 24
23 25
25 26
25 27
28 34
0 1
0 2
2 3
3 4
3 5
4 6
5 6
6 7
6 23
7 8
7 12
8 9
8 10
9 11
10 11
11 13
12 13
13 14
13 18
14 15
14 16
15 17
16 17
17 19
18 19
19 20
19 21
20 22
21 22
22 3
23 24
23 25
25 26
25 27
6 7
0 1
0 5
1 2
1 3
2 4
2 3
3 4
5 4
0 1
0 4
1 2
2 3
7 9
0 1
0 2
1 3
2 3
3 4
3 5
4 6
4 5
5 6
6 6
0 1
0 2
1 3
2 3
3 4
4 5
1 0
1 0
1 0
3 2
0 1
0 2
10 12
0 1
0 9
1 2
2 3
2 4
3 5
4 5
5 6
5 7
6 8
6 7
7 8
9 9
0 1
0 8
1 2
2 3
2 4
3 5
4 5
5 6
6 7
3 2
0 1
0 2
10 12
0 1
0 2
1 3
2 3
3 4
3 8
4 5
4 6
5 7
6 7
7 9
8 9
10 12
0 1
0 2
1 3
2 3
3 4
3 8
4 5
4 6
5 7
6 7
7 9
8 9
3 2
0 1
0 2
3 2
0 1
0 2
3 2
0 1
0 2
1 0
1 0
1 0
1 0
1 0
1 0
9 8
0 1
0 8
1 2
1 7
2 3
2 6
3 4
3 5
9 8
0 1
0 8
1 2
1 7
2 3
2 6
3 4
3 5
9 8
0 1
0 8
1 2
1 7
2 3
2 6
3 4
3 5
9 8
0 1
0 8
1 2
1 7
2 3
2 6
3 4
3 5
1 0
1 0
1 0
1 0
5 4
0 1
0 4
1 2
1 3
5 4
0 1
0 4
1 2
1 3
7 6
0 1
0 6
1 2
1 5
2 3
2 4
7 6
0 1
0 6
1 2
1 5
2 3
2 4
22 24
0 1
0 21
1 2
1 20
2 3
2 19
3 4
3 5
4 6
5 6
6 7
6 18
7 8
7 9
8 10
9 10
10 11
10 17
11 12
11 13
12 14
13 14
14 15
14 16
22 24
0 1
0 21
1 2
1 20
2 3
2 19
3 4
3 5
4 6
5 6
6 7
6 18
7 8
7 9
8 10
9 10
10 11
10 17
11 12
11 13
12 14
13 14
14 15
14 16
5 4
0 1
0 4
1 2
1 3
5 4
0 1
0 4
1 2
1 3
1 0
21 20
0 1
0 20
1 2
1 19
2 3
2 18
3 4
3 17
4 5
4 16
5 6
5 15
6 7
6 14
7 8
7 13
8 9
8 12
9 10
9 11
21 20
0 1
0 20
1 2
1 19
2 3
2 18
3 4
3 17
4 5
4 16
5 6
5 15
6 7
6 14
7 8
7 13
8 9
8 12
9 10
9 11
53 62
0 1
0 2
1 3
3 4
3 5
4 6
6 7
6 8
7 9
9 10
9 11
10 12
12 13
12 14
13 15
15 16
15 17
16 18
18 19
18 20
19 21
21 22
21 23
22 24
24 25
24 26
25 27
27 28
28 29
28 48
29 30
29 47
30 31
30 46
31 32
31 45
32 33
32 44
33 34
33 43
34 35
34 42
35 36
35 41
36 37
36 40
37 38
37 39
38 49
39 49
40 49
41 49
42 49
43 49
44 49
45 49
46 49
47 49
48 49
49 50
49 51
50 52
52 60
0 1
0 2
1 3
3 4
3 5
4 6
6 7
6 8
7 9
9 10
9 11
10 12
12 13
12 14
13 15
15 16
15 17
16 18
18 19
18 20
19 21
21 22
21 23
22 24
24 25
24 26
25 27
27 28
28 29
28 48
29 30
29 47
30 31
30 46
31 32
31 45
32 33
32 44
33 34
33 43
34 35
34 42
35 36
35 41
36 37
36 40
37 38
37 39
38 49
39 50
40 50
41 50
42 50
43 50
44 50
45 50
46 50
47 50
48 50
49 51
1 0
1 0
3 2
0 1
0 2
3 2
0 1
0 2
3 2
0 1
0 2
3 2
0 1
0 2
3 2
0 1
0 2
3 2
0 1
0 2
1 0
1 0
5 4
0 1
0 4
1 2
1 3
5 4
0 1
0 4
1 2
1 3
19 22
0 1
0 2
2 3
2 7
3 4
3 5
4 6
5 6
6 8
7 8
8 9
8 10
10 11
10 15
11 12
11 13
12 14
13 14
14 16
15 16
16 17
16 18
19 22
0 1
0 2
2 3
2 7
3 4
3 5
4 6
5 6
6 8
7 8
8 9
8 10
10 11
10 15
11 12
11 13
12 14
13 14
14 16
15 16
16 17
16 18
5 4
0 1
0 2
2 3
2 4
5 4
0 1
0 2
2 3
2 4
25 30
0 1
0 5
1 2
1 3
2 4
3 4
4 6
5 6
6 7
6 8
8 9
8 13
9 10
9 11
10 12
11 12
12 14
13 14
14 15
14 16
16 17
16 21
17 18
17 19
18 20
19 20
20 22
21 22
22 23
22 24
25 30
0 1
0 5
1 2
1 3
2 4
3 4
4 6
5 6
6 7
6 8
8 9
8 13
9 10
9 11
10 12
11 12
12 14
13 14
14 15
14 16
16 17
16 21
17 18
17 19
18 20
19 20
20 22
21 22
22 23
22 24
57 66
0 1
0 5
1 2
1 3
2 4
3 4
4 6
5 6
6 7
6 8
8 9
8 13
9 10
9 11
10 12
11 12
12 14
13 14
14 15
14 16
16 17
16 21
17 18
17 19
18 20
19 20
20 22
21 22
22 23
22 24
24 25
24 26
26 27
26 28
28 29
28 30
30 31
30 35
31 32
31 33
32 34
33 34
34 36
35 36
36 37
36 38
38 39
38 40
40 41
40 42
42 43
42 44
44 45
44 46
46 47
46 48
48 49
48 53
49 50
49 51
50 52
51 52
52 54
53 54
54 55
54 56
57 66
0 1
0 5
1 2
1 3
2 4
3 4
4 6
5 6
6 7
6 8
8 9
8 13
9 10
9 11
10 12
11 12
12 14
13 14
14 15
14 16
16 17
16 21
17 18
17 19
18 20
19 20
20 22
21 22
22 23
22 24
24 25
24 26
26 27
26 28
28 29
28 30
30 31
30 35
31 32
31 33
32 34
33 34
34 36
35 36
36 37
36 38
38 39
38 40
40 41
40 42
42 43
42 44
44 45
44 46
46 47
46 48
48 49
48 53
49 50
49 51
50 52
51 52
52 54
53 54
54 55
54 56
9 8
0 1
0 2
2 3
2 4
4 5
4 6
6 7
6 8
9 8
0 1
0 2
2 3
2 4
4 5
4 6
6 7
6 8
10 12
0 1
1 2
1 9
2 3
2 7
3 4
3 5
4 6
5 6
6 8
7 8
8 1
10 13
0 1
0 9
1 2
2 3
2 7
3 4
3 5
4 6
5 6
6 8
7 8
8 2
8 9
13 16
0 1
1 2
1 12
2 3
2 10
3 4
3 5
4 6
5 6
6 7
6 8
7 9
8 9
9 11
10 11
11 1
13 17
0 1
0 12
1 2
2 3
2 10
3 4
3 5
4 6
5 6
6 7
6 8
7 9
8 9
9 11
10 11
11 2
11 12
5 4
0 1
0 4
1 2
1 3
5 4
0 1
0 4
1 2
1 3
3 2
0 1
0 2
3 2
0 1
0 2
3 2
0 1
0 2
3 2
0 1
0 2
13 12
0 1
0 12
1 2
1 11
2 3
2 4
4 5
4 6
6 7
6 8
8 9
8 10
13 12
0 1
0 12
1 2
1 11
2 3
2 4
4 5
4 6
6 7
6 8
8 9
8 10
9 10
0 1
0 2
1 6
2 3
2 4
3 5
4 5
5 6
6 7
6 8
9 10
0 1
0 2
1 6
2 3
2 4
3 5
4 5
5 6
6 7
6 8
22 26
0 1
1 2
2 3
2 13
3 4
3 11
4 5
4 6
5 7
6 7
7 8
7 9
8 10
9 10
10 12
11 12
12 2
13 14
14 15
14 16
16 17
16 18
17 19
18 19
19 20
19 21
22 27
0 1
1 2
1 13
2 3
3 4
3 11
4 5
4 6
5 7
6 7
7 8
7 9
8 10
9 10
10 12
11 12
12 3
12 13
13 14
14 15
14 16
16 17
16 18
17 19
18 19
19 20
19 21
3 2
0 1
0 2
30 39
0 1
1 2
1 29
2 3
3 4
3 8
4 5
4 6
5 7
6 7
7 9
8 9
9 10
9 11
10 28
11 12
11 16
12 13
12 14
13 15
14 15
15 17
16 17
17 18
17 19
18 28
19 20
19 24
20 21
20 22
21 23
22 23
23 25
24 25
25 26
25 27
26 28
27 28
28 1
30 40
0 1
0 29
1 2
2 3
3 4
3 8
4 5
4 6
5 7
6 7
7 9
8 9
9 10
9 11
10 28
11 12
11 16
12 13
12 14
13 15
14 15
15 17
16 17
17 18
17 19
18 28
19 20
19 24
20 21
20 22
21 23
22 23
23 25
24 25
25 26
25 27
26 28
27 28
28 2
28 29
35 45
0 1
0 2
1 3
2 3
3 4
4 5
5 6
5 33
6 7
7 8
7 12
8 9
8 10
9 11
10 11
11 13
12 13
13 14
13 15
14 32
15 16
15 20
16 17
16 18
17 19
18 19
19 21
20 21
21 22
21 23
22 32
23 24
23 28
24 25
24 26
25 27
26 27
27 29
28 29
29 30
29 31
30 32
31 32
32 5
33 34
35 46
0 1
0 2
1 3
2 3
3 4
4 5
4 33
5 6
6 7
7 8
7 12
8 9
8 10
9 11
10 11
11 13
12 13
13 14
13 15
14 32
15 16
15 20
16 17
16 18
17 19
18 19
19 21
20 21
21 22
21 23
22 32
23 24
23 28
24 25
24 26
25 27
26 27
27 29
28 29
29 30
29 31
30 32
31 32
32 6
32 33
33 34
3 2
0 1
0 2
13 16
0 1
1 2
1 6
2 3
2 4
3 5
4 5
5 7
6 7
7 8
7 12
8 9
8 10
9 11
10 11
11 1
13 16
0 1
1 2
1 6
2 3
2 4
3 5
4 5
5 7
6 7
7 8
7 12
8 9
8 10
9 11
10 11
11 1
7 6
0 1
0 2
2 3
2 4
4 5
4 6
7 6
0 1
0 2
2 3
2 4
4 5
4 6
3 2
0 1
0 2
3 2
0 1
0 2
3 2
0 1
0 2
5 4
0 1
0 4
1 2
1 3
5 4
0 1
0 4
1 2
1 3
3 2
0 1
0 2
3 2
0 1
0 2
22 28
0 1
1 2
1 21
2 3
2 19
3 4
3 11
4 5
4 9
5 6
5 7
6 8
7 8
8 10
9 10
10 12
11 12
12 13
12 14
13 18
14 15
14 16
15 17
16 17
17 18
18 20
19 20
20 1
22 29
0 1
0 21
1 2
2 3
2 19
3 4
3 11
4 5
4 9
5 6
5 7
6 8
7 8
8 10
9 10
10 12
11 12
12 13
12 14
13 18
14 15
14 16
15 17
16 17
17 18
18 20
19 20
20 2
20 21
10 12
0 1
1 2
1 9
2 3
2 4
3 8
4 5
4 6
5 7
6 7
7 8
8 1
10 13
0 1
0 9
1 2
2 3
2 4
3 8
4 5
4 6
5 7
6 7
7 8
8 2
8 9
20 24
0 1
1 2
2 3
2 10
3 4
3 5
4 9
5 6
5 7
6 8
7 8
8 9
9 2
10 11
11 12
11 13
12 17
13 14
13 15
14 16
15 16
16 17
17 18
17 19
20 25
0 1
1 2
1 10
2 3
3 4
3 5
4 9
5 6
5 7
6 8
7 8
8 9
9 3
9 10
10 11
11 12
11 13
12 17
13 14
13 15
14 16
15 16
16 17
17 18
17 19
18 22
0 1
1 2
1 15
2 3
2 13
3 4
3 5
4 12
5 6
5 10
6 7
6 8
7 9
8 9
9 11
10 11
11 12
12 14
13 14
14 1
15 16
15 17
18 22
0 1
1 2
1 15
2 3
2 13
3 4
3 5
4 12
5 6
5 10
6 7
6 8
7 9
8 9
9 11
10 11
11 12
12 14
13 14
14 1
15 16
15 17
11 10
0 1
0 2
2 3
2 4
4 5
4 6
6 7
6 8
8 9
8 10
11 10
0 1
0 2
2 3
2 4
4 5
4 6
6 7
6 8
8 9
8 10
10 12
0 1
1 2
1 9
2 3
2 7
3 4
3 5
4 6
5 6
6 8
7 8
8 1
10 12
0 1
1 2
1 9
2 3
2 7
3 4
3 5
4 6
5 6
6 8
7 8
8 1
10 12
0 1
1 2
1 9
2 3
2 7
3 4
3 5
4 6
5 6
6 8
7 8
8 1
10 13
0 1
0 9
1 2
2 3
2 7
3 4
3 5
4 6
5 6
6 8
7 8
8 2
8 9
5 4
0 1
0 4
1 2
1 3
5 4
0 1
0 4
1 2
1 3
13 12
0 1
0 2
2 3
2 4
4 5
4 6
6 7
6 8
8 9
8 10
10 11
10 12
13 12
0 1
0 2
2 3
2 4
4 5
4 6
6 7
6 8
8 9
8 10
10 11
10 12
40 48
0 1
0 39
1 2
1 23
2 3
2 22
3 4
4 5
4 6
5 17
6 7
6 8
7 17
8 9
8 10
9 17
10 11
10 12
11 17
12 13
12 14
13 17
14 15
14 16
15 17
16 17
17 18
17 21
18 19
18 20
23 24
23 25
24 32
25 26
25 27
26 31
27 28
27 29
28 30
29 30
30 31
31 32
32 33
32 34
34 35
34 38
35 36
35 37
40 48
0 1
0 39
1 2
1 23
2 3
2 22
3 4
4 5
4 6
5 17
6 7
6 8
7 17
8 9
8 10
9 17
10 11
10 12
11 17
12 13
12 14
13 17
14 15
14 16
15 17
16 17
17 18
17 21
18 19
18 20
23 24
23 25
24 32
25 26
25 27
26 31
27 28
27 29
28 30
29 30
30 31
31 32
32 33
32 34
34 35
34 38
35 36
35 37
49 54
0 1
0 2
2 3
2 4
3 8
4 5
4 6
5 7
6 7
7 8
8 9
8 10
10 11
10 12
11 16
12 13
12 14
13 15
14 15
15 16
16 17
16 18
18 19
18 24
19 20
19 21
21 22
21 23
24 25
24 26
26 27
26 32
27 28
27 31
28 29
28 30
32 33
32 36
33 34
33 35
36 37
36 38
38 39
38 40
39 44
40 41
40 42
41 43
42 43
43 44
44 45
44 46
46 47
46 48
49 54
0 1
0 2
2 3
2 4
3 8
4 5
4 6
5 7
6 7
7 8
8 9
8 10
10 11
10 12
11 16
12 13
12 14
13 15
14 15
15 16
16 17
16 18
18 19
18 24
19 20
19 21
21 22
21 23
24 25
24 26
26 27
26 32
27 28
27 31
28 29
28 30
32 33
32 36
33 34
33 35
36 37
36 38
38 39
38 40
39 44
40 41
40 42
41 43
42 43
43 44
44 45
44 46
46 47
46 48
15 18
0 1
1 2
1 6
2 3
2 4
3 5
4 5
5 7
6 7
7 8
7 12
8 9
8 10
9 11
10 11
11 1
12 13
12 14
15 18
0 1
1 2
1 6
2 3
2 4
3 5
4 5
5 7
6 7
7 8
7 12
8 9
8 10
9 11
10 11
11 1
12 13
12 14
3 2
0 1
0 2
3 2
0 1
0 2
80 105
0 1
1 2
1 6
2 3
2 4
3 5
4 5
5 7
6 7
7 8
7 77
8 9
8 10
9 76
10 11
10 12
11 75
12 13
12 14
13 74
14 15
14 16
15 73
16 17
16 18
17 72
18 19
18 25
19 20
19 21
20 24
21 22
21 23
22 24
23 24
24 71
25 26
25 27
26 70
27 28
27 35
28 29
28 33
29 30
29 31
30 32
31 32
32 34
33 34
34 69
35 36
35 40
36 37
36 38
37 39
38 39
39 68
40 41
40 42
41 67
42 43
42 44
43 48
44 45
44 46
45 47
46 47
47 48
48 49
48 56
49 50
49 54
50 51
50 52
51 53
52 53
53 55
54 55
55 66
56 57
56 61
57 58
57 59
58 60
59 60
60 65
61 62
61 63
62 64
63 64
64 65
65 66
66 67
67 68
68 69
69 70
70 71
71 72
72 73
73 74
74 75
75 76
76 1
77 78
77 79
80 105
0 1
1 2
1 6
2 3
2 4
3 5
4 5
5 7
6 7
7 8
7 77
8 9
8 10
9 76
10 11
10 12
11 75
12 13
12 14
13 74
14 15
14 16
15 73
16 17
16 18
17 72
18 19
18 25
19 20
19 21
20 24
21 22
21 23
22 24
23 24
24 71
25 26
25 27
26 70
27 28
27 35
28 29
28 33
29 30
29 31
30 32
31 32
32 34
33 34
34 69
35 36
35 40
36 37
36 38
37 39
38 39
39 68
40 41
40 42
41 67
42 43
42 44
43 48
44 45
44 46
45 47
46 47
47 48
48 49
48 56
49 50
49 54
50 51
50 52
51 53
52 53
53 55
54 55
55 66
56 57
56 61
57 58
57 59
58 60
59 60
60 65
61 62
61 63
62 64
63 64
64 65
65 66
66 67
67 68
68 69
69 70
70 71
71 72
72 73
73 74
74 75
75 76
76 1
77 78
77 79
7 8
0 1
1 2
1 6
2 3
2 4
3 5
4 5
5 1
7 9
0 1
0 6
1 2
2 3
2 4
3 5
4 5
5 2
5 6
92 120
0 1
1 2
1 6
2 3
2 4
3 5
4 5
5 7
6 7
7 8
7 89
8 9
8 13
9 10
9 11
10 12
11 12
12 88
13 14
13 15
14 87
15 16
15 17
16 86
17 18
17 19
18 85
19 20
19 21
20 84
21 22
21 28
22 23
22 24
23 27
24 25
24 26
25 27
26 27
27 83
28 29
28 30
29 82
30 31
30 38
31 32
31 36
32 33
32 34
33 35
34 35
35 37
36 37
37 81
38 39
38 52
39 40
39 50
40 41
41 42
42 43
42 47
43 44
43 45
44 46
45 46
46 42
47 48
48 49
49 51
50 51
51 80
52 53
52 54
53 79
54 55
54 56
55 60
56 57
56 58
57 59
58 59
59 60
60 61
60 68
61 62
61 66
62 63
62 64
63 65
64 65
65 67
66 67
67 78
68 69
68 73
69 70
69 71
70 72
71 72
72 77
73 74
73 75
74 76
75 76
76 77
77 78
78 79
79 80
80 81
81 82
82 83
83 84
84 85
85 86
86 87
87 88
88 1
89 90
89 91
92 120
0 1
1 2
1 6
2 3
2 4
3 5
4 5
5 7
6 7
7 8
7 89
8 9
8 13
9 10
9 11
10 12
11 12
12 88
13 14
13 15
14 87
15 16
15 17
16 86
17 18
17 19
18 85
19 20
19 21
20 84
21 22
21 28
22 23
22 24
23 27
24 25
24 26
25 27
26 27
27 83
28 29
28 30
29 82
30 31
30 38
31 32
31 36
32 33
32 34
33 35
34 35
35 37
36 37
37 81
38 39
38 52
39 40
39 50
40 41
41 42
42 43
42 47
43 44
43 45
44 46
45 46
46 42
47 48
48 49
49 51
50 51
51 80
52 53
52 54
53 79
54 55
54 56
55 60
56 57
56 58
57 59
58 59
59 60
60 61
60 68
61 62
61 66
62 63
62 64
63 65
64 65
65 67
66 67
67 78
68 69
68 73
69 70
69 71
70 72
71 72
72 77
73 74
73 75
74 76
75 76
76 77
77 78
78 79
79 80
80 81
81 82
82 83
83 84
84 85
85 86
86 87
87 88
88 1
89 90
89 91
9 12
0 1
0 2
1 3
1 2
2 3
3 4
3 5
4 6
4 5
5 6
6 7
6 8
9 12
0 1
0 2
1 3
1 2
2 3
3 4
3 5
4 6
4 5
5 6
6 7
6 8
3 2
0 1
0 2
7 8
0 1
1 2
1 6
2 3
2 4
3 5
4 5
5 1
7 9
0 1
0 6
1 2
2 3
2 4
3 5
4 5
5 2
5 6
7 8
0 1
1 2
1 6
2 3
2 4
3 5
4 5
5 1
7 9
0 1
0 6
1 2
2 3
2 4
3 5
4 5
5 2
5 6
9 10
0 1
1 2
2 3
2 7
3 4
3 5
4 6
5 6
6 2
7 8
9 11
0 1
1 2
1 7
2 3
3 4
3 5
4 6
5 6
6 3
6 7
7 8
4 5
0 1
0 2
1 3
1 2
2 3
3 2
0 1
1 2
1 0
10 12
0 1
0 2
1 3
2 3
3 4
4 5
4 9
5 6
5 7
6 8
7 8
8 4
10 13
0 1
0 2
1 3
2 3
3 4
3 9
4 5
5 6
5 7
6 8
7 8
8 5
8 9
24 31
0 1
0 2
1 3
2 3
3 4
4 5
4 6
5 7
6 7
7 8
8 9
8 13
9 10
9 11
10 12
11 12
12 8
13 14
14 15
14 16
15 17
15 16
16 17
17 18
18 19
18 20
19 18
20 21
20 22
21 23
22 23
24 32
0 1
0 2
1 3
2 3
3 4
4 5
4 6
5 7
6 7
7 8
7 13
8 9
9 10
9 11
10 12
11 12
12 9
12 13
13 14
14 15
14 16
15 17
15 16
16 17
17 18
18 19
18 20
19 18
20 21
20 22
21 23
22 23
9 10
0 1
0 5
1 2
1 3
2 4
3 4
4 6
5 6
6 7
6 8
9 10
0 1
0 5
1 2
1 3
2 4
3 4
4 6
5 6
6 7
6 8
14 16
0 1
0 13
1 2
1 9
2 3
2 7
3 4
3 5
4 6
5 6
6 8
7 8
8 10
9 10
10 11
10 12
14 16
0 1
0 13
1 2
1 9
2 3
2 7
3 4
3 5
4 6
5 6
6 8
7 8
8 10
9 10
10 11
10 12
12 15
0 1
0 2
1 9
2 3
2 4
3 5
3 4
4 5
5 6
6 7
6 8
7 6
8 9
9 10
9 11
12 16
0 1
0 2
1 9
2 3
2 4
3 5
3 4
4 5
5 6
5 8
6 7
7 7
7 8
8 9
9 10
9 11
7 6
0 1
0 6
1 2
1 5
2 3
2 4
7 6
0 1
0 6
1 2
1 5
2 3
2 4
11 10
0 1
0 10
1 2
1 9
2 3
2 8
3 4
3 7
4 5
4 6
11 10
0 1
0 10
1 2
1 9
2 3
2 8
3 4
3 7
4 5
4 6
7 6
0 1
0 6
1 2
1 5
2 3
2 4
7 6
0 1
0 6
1 2
1 5
2 3
2 4
11 10
0 1
0 10
1 2
1 9
2 3
2 8
3 4
3 7
4 5
4 6
11 10
0 1
0 10
1 2
1 9
2 3
2 8
3 4
3 7
4 5
4 6
5 4
0 1
0 4
1 2
1 3
5 4
0 1
0 4
1 2
1 3
5 4
0 1
0 4
1 2
1 3
5 4
0 1
0 4
1 2
1 3
15 14
0 1
0 14
1 2
1 13
2 3
2 12
3 4
3 11
4 5
4 10
5 6
5 9
6 7
6 8
15 14
0 1
0 14
1 2
1 13
2 3
2 12
3 4
3 11
4 5
4 10
5 6
5 9
6 7
6 8
1 0
1 0
42 54
0 1
0 41
1 2
1 3
2 4
3 4
4 5
4 6
5 7
6 7
7 8
7 9
8 10
9 10
10 11
10 12
11 13
12 13
13 14
13 15
14 16
15 16
16 17
16 18
17 19
18 19
19 20
19 21
20 22
21 22
22 23
22 24
23 25
24 25
25 26
25 27
26 28
27 28
28 29
28 30
29 31
30 31
31 32
31 33
32 34
33 34
34 35
34 36
35 37
36 37
37 38
37 39
38 40
39 40
42 54
0 1
0 41
1 2
1 3
2 4
3 4
4 5
4 6
5 7
6 7
7 8
7 9
8 10
9 10
10 11
10 12
11 13
12 13
13 14
13 15
14 16
15 16
16 17
16 18
17 19
18 19
19 20
19 21
20 22
21 22
22 23
22 24
23 25
24 25
25 26
25 27
26 28
27 28
28 29
28 30
29 31
30 31
31 32
31 33
32 34
33 34
34 35
34 36
35 37
36 37
37 38
37 39
38 40
39 40
25 24
0 1
0 24
1 2
1 23
2 3
2 22
3 4
3 21
4 5
4 20
5 6
5 19
6 7
6 18
7 8
7 17
8 9
8 16
9 10
9 15
10 11
10 14
11 12
11 13
25 24
0 1
0 24
1 2
1 23
2 3
2 22
3 4
3 21
4 5
4 20
5 6
5 19
6 7
6 18
7 8
7 17
8 9
8 16
9 10
9 15
10 11
10 14
11 12
11 13
5 4
0 1
0 4
1 2
1 3
5 4
0 1
0 4
1 2
1 3
13 12
0 1
0 12
1 2
1 11
2 3
2 10
3 4
3 9
4 5
4 8
5 6
5 7
13 12
0 1
0 12
1 2
1 11
2 3
2 10
3 4
3 9
4 5
4 8
5 6
5 7
1 0
52 66
0 1
0 14
1 2
1 12
2 3
2 10
3 4
3 8
4 5
4 6
5 7
6 7
7 9
8 9
9 11
10 11
11 13
12 13
13 15
14 15
15 16
15 51
16 17
16 33
17 18
17 31
18 19
18 29
19 20
19 27
20 21
20 25
21 22
21 23
22 24
23 24
24 26
25 26
26 28
27 28
28 30
29 30
30 32
31 32
32 34
33 34
34 35
34 50
35 36
35 46
36 37
36 44
37 38
37 42
38 39
38 40
39 41
40 41
41 43
42 43
43 45
44 45
45 47
46 47
47 48
47 49
52 66
0 1
0 14
1 2
1 12
2 3
2 10
3 4
3 8
4 5
4 6
5 7
6 7
7 9
8 9
9 11
10 11
11 13
12 13
13 15
14 15
15 16
15 51
16 17
16 33
17 18
17 31
18 19
18 29
19 20
19 27
20 21
20 25
21 22
21 23
22 24
23 24
24 26
25 26
26 28
27 28
28 30
29 30
30 32
31 32
32 34
33 34
34 35
34 50
35 36
35 46
36 37
36 44
37 38
37 42
38 39
38 40
39 41
40 41
41 43
42 43
43 45
44 45
45 47
46 47
47 48
47 49
9 8
0 1
0 8
1 2
1 7
2 3
2 6
3 4
3 5
9 8
0 1
0 8
1 2
1 7
2 3
2 6
3 4
3 5
3 2
0 1
0 2
3 2
0 1
0 2
29 28
0 1
0 28
1 2
1 27
2 3
2 26
3 4
3 25
4 5
4 24
5 6
5 23
6 7
6 22
7 8
7 21
8 9
8 20
9 10
9 19
10 11
10 18
11 12
11 17
12 13
12 16
13 14
13 15
29 28
0 1
0 28
1 2
1 27
2 3
2 26
3 4
3 25
4 5
4 24
5 6
5 23
6 7
6 22
7 8
7 21
8 9
8 20
9 10
9 19
10 11
10 18
11 12
11 17
12 13
12 16
13 14
13 15
17 20
0 1
0 2
2 3
2 16
3 4
4 5
4 12
5 6
5 11
6 7
6 10
7 8
7 9
8 13
9 13
10 13
11 13
12 13
13 14
13 15
16 18
0 1
0 2
2 3
2 15
3 4
4 5
4 12
5 6
5 11
6 7
6 10
7 8
7 9
8 13
9 14
10 14
11 14
12 14
9 8
0 1
0 8
1 2
1 7
2 3
2 6
3 4
3 5
9 8
0 1
0 8
1 2
1 7
2 3
2 6
3 4
3 5
7 6
0 1
0 6
1 2
1 5
2 3
2 4
7 6
0 1
0 6
1 2
1 5
2 3
2 4
3 2
0 1
0 2
3 2
0 1
0 2
3 2
0 1
0 2
3 2
0 1
0 2
1 0
1 0
7 6
0 1
0 6
1 2
1 5
2 3
2 4
7 6
0 1
0 6
1 2
1 5
2 3
2 4
7 6
0 1
0 6
1 2
1 5
2 3
2 4
7 6
0 1
0 6
1 2
1 5
2 3
2 4
1 0
1 0
1 0
1 0
9 8
0 1
0 8
1 2
1 7
2 3
2 6
3 4
3 5
9 8
0 1
0 8
1 2
1 7
2 3
2 6
3 4
3 5
13 12
0 1
0 12
1 2
1 11
2 3
2 10
3 4
3 9
4 5
4 8
5 6
5 7
13 12
0 1
0 12
1 2
1 11
2 3
2 10
3 4
3 9
4 5
4 8
5 6
5 7
31 40
0 1
0 2
1 3
2 3
3 4
3 5
4 6
5 6
6 7
6 8
7 9
8 9
9 10
9 11
10 12
11 12
12 13
12 14
13 15
14 15
15 16
15 17
16 18
17 18
18 19
18 20
19 21
20 21
21 22
21 23
22 24
23 24
24 25
24 26
25 27
26 27
27 28
27 29
28 30
29 30
31 40
0 1
0 2
1 3
2 3
3 4
3 5
4 6
5 6
6 7
6 8
7 9
8 9
9 10
9 11
10 12
11 12
12 13
12 14
13 15
14 15
15 16
15 17
16 18
17 18
18 19
18 20
19 21
20 21
21 22
21 23
22 24
23 24
24 25
24 26
25 27
26 27
27 28
27 29
28 30
29 30
90 119
0 1
0 89
1 2
1 3
2 4
3 4
4 5
5 6
5 13
6 7
6 12
7 8
7 11
8 9
8 10
9 14
10 14
11 14
12 14
13 14
14 15
14 16
15 17
16 17
17 18
18 19
18 24
19 20
19 23
20 21
20 22
21 25
22 25
23 25
24 25
25 26
25 27
26 28
27 28
28 29
28 30
29 31
30 31
31 32
31 33
32 34
33 34
34 35
34 36
35 37
36 37
37 38
37 39
38 40
39 40
40 41
40 42
41 43
42 43
43 44
44 45
44 52
45 46
45 51
46 47
46 50
47 48
47 49
48 53
49 53
50 53
51 53
52 53
53 54
53 55
54 56
55 56
56 57
56 58
57 59
58 59
59 60
59 61
60 62
61 62
62 63
62 64
63 65
64 65
65 66
65 67
66 68
67 68
68 69
68 70
69 71
70 71
71 72
71 73
72 74
73 74
74 75
74 76
75 77
76 77
77 78
77 79
78 80
79 80
80 81
80 82
81 83
82 83
83 84
83 85
84 86
85 86
86 87
86 88
87 113
0 1
0 86
1 2
1 3
2 4
3 4
4 5
5 6
5 13
6 7
6 12
7 8
7 11
8 9
8 10
9 14
10 15
11 15
12 15
13 15
14 16
15 16
16 17
17 18
17 23
18 19
18 22
19 20
19 21
20 24
21 25
22 25
23 25
24 26
25 26
26 27
26 28
27 29
28 29
29 30
29 31
30 32
31 32
32 33
32 34
33 35
34 35
35 36
35 37
36 38
37 38
38 39
38 40
39 41
40 41
41 42
42 43
42 50
43 44
43 49
44 45
44 48
45 46
45 47
46 51
47 52
48 52
49 52
50 52
51 53
52 53
53 54
53 55
54 56
55 56
56 57
56 58
57 59
58 59
59 60
59 61
60 62
61 62
62 63
62 64
63 65
64 65
65 66
65 67
66 68
67 68
68 69
68 70
69 71
70 71
71 72
71 73
72 74
73 74
74 75
74 76
75 77
76 77
77 78
77 79
78 80
79 80
80 81
80 82
81 83
82 83
83 84
83 85
4 5
0 1
0 2
1 3
1 2
2 3
3 2
0 1
1 2
1 0
4 4
0 1
0 2
1 3
2 3
1 0
1 0
1 0
1 0
1 0
1 0
1 0
21 27
0 1
0 2
1 3
2 3
3 4
3 5
4 6
5 6
6 7
6 8
7 9
7 8
8 9
9 10
10 11
10 12
11 10
12 13
13 14
13 15
14 16
15 16
16 17
17 18
18 19
18 20
19 18
21 28
0 1
0 2
1 3
2 3
3 4
3 5
4 6
5 6
6 7
6 8
7 9
7 8
8 9
9 10
9 12
10 11
11 11
11 12
12 13
13 14
13 15
14 16
15 16
16 17
17 18
18 19
18 20
19 18
4 4
0 1
0 2
1 3
2 3
4 4
0 1
0 2
1 3
2 3
1 0
1 0
1 0
1 0
1 0
11 12
0 1
0 10
1 2
1 6
2 3
2 4
3 5
4 5
5 7
6 7
7 8
7 9
11 12
0 1
0 10
1 2
1 6
2 3
2 4
3 5
4 5
5 7
6 7
7 8
7 9
1 0
1 0
1 0
15 14
0 1
0 2
2 3
2 4
4 5
4 6
6 7
6 8
8 9
8 10
10 11
10 12
12 13
12 14
9 8
0 8
0 1
0 2
0 3
0 4
0 5
0 6
0 7
15 14
0 1
0 2
2 3
2 4
4 5
4 6
6 7
6 8
8 9
8 10
10 11
10 12
12 13
12 14
9 8
0 8
0 1
0 2
0 3
0 4
0 5
0 6
0 7
1 0
1 0
1 0
1 0
1 0
1 0
1 0
1 0
1 0
1 0
1 0
9 8
0 1
0 2
2 3
2 4
4 5
4 6
6 7
6 8
9 8
0 1
0 2
2 3
2 4
4 5
4 6
6 7
6 8
9 8
0 1
0 2
2 3
2 4
4 5
4 6
6 7
6 8
9 8
0 1
0 2
2 3
2 4
4 5
4 6
6 7
6 8
1 0
1 0
1 0
5 4
0 1
0 2
2 3
2 4
5 4
0 1
0 2
2 3
2 4
1 0
5 4
0 1
0 2
2 3
2 4
5 4
0 1
0 2
2 3
2 4
1 0
1 0
1 0
1 0
23 22
0 1
0 2
2 3
2 4
4 5
4 6
6 7
6 8
8 9
8 10
10 11
10 12
12 13
12 14
14 15
14 18
15 16
15 17
18 19
18 20
20 21
20 22
23 22
0 1
0 2
2 3
2 4
4 5
4 6
6 7
6 8
8 9
8 10
10 11
10 12
12 13
12 14
14 15
14 18
15 16
15 17
18 19
18 20
20 21
20 22
17 18
0 1
0 2
2 3
2 4
4 5
5 6
5 7
6 10
7 8
7 9
8 10
9 10
10 11
10 12
12 13
12 16
13 14
13 15
17 18
0 1
0 2
2 3
2 4
4 5
5 6
5 7
6 10
7 8
7 9
8 10
9 10
10 11
10 12
12 13
12 16
13 14
13 15
1 0
1 0
3 2
0 1
0 2
3 2
0 1
0 2
23 22
0 1
0 2
2 3
2 4
4 5
4 6
6 7
6 8
8 9
8 10
10 11
10 12
12 13
12 14
14 15
14 18
15 16
15 17
18 19
18 20
20 21
20 22
23 22
0 1
0 2
2 3
2 4
4 5
4 6
6 7
6 8
8 9
8 10
10 11
10 12
12 13
12 14
14 15
14 18
15 16
15 17
18 19
18 20
20 21
20 22
9 8
0 1
0 2
2 3
2 4
4 5
4 8
5 6
5 7
9 8
0 1
0 2
2 3
2 4
4 5
4 8
5 6
5 7
1 0
1 0
1 0
1 0
4 5
0 1
0 2
1 3
1 2
2 3
3 2
0 1
1 2
4 5
0 1
0 2
1 3
1 2
2 3
3 2
0 1
1 2
29 34
0 1
0 28
1 2
1 27
2 3
2 26
3 4
3 25
4 5
4 21
5 6
5 19
6 7
6 17
7 8
7 15
8 9
8 13
9 10
9 11
10 12
11 12
12 14
13 14
14 16
15 16
16 18
17 18
18 20
19 20
20 22
21 22
22 23
22 24
29 34
0 1
0 28
1 2
1 27
2 3
2 26
3 4
3 25
4 5
4 21
5 6
5 19
6 7
6 17
7 8
7 15
8 9
8 13
9 10
9 11
10 12
11 12
12 14
13 14
14 16
15 16
16 18
17 18
18 20
19 20
20 22
21 22
22 23
22 24
3 2
0 1
0 2
1 0
1 0
1 0
1 0
1 0
63 83
0 1
1 2
1 54
2 3
2 52
3 4
3 50
4 5
4 9
5 6
5 7
6 8
7 8
8 10
9 10
10 11
10 27
11 12
11 25
12 13
12 17
13 14
13 15
14 16
15 16
16 18
17 18
18 19
18 23
19 20
19 21
20 22
21 22
22 24
23 24
24 26
25 26
26 49
27 28
27 29
28 33
29 30
29 31
30 32
31 32
32 33
33 34
33 47
34 35
34 39
35 36
35 37
36 38
37 38
38 40
39 40
40 41
40 45
41 42
41 43
42 44
43 44
44 46
45 46
46 48
47 48
48 49
49 51
50 51
51 53
52 53
53 1
54 55
54 59
55 56
55 57
56 58
57 58
58 60
59 60
60 61
60 62
61 0
63 83
0 1
1 2
1 54
2 3
2 52
3 4
3 50
4 5
4 9
5 6
5 7
6 8
7 8
8 10
9 10
10 11
10 27
11 12
11 25
12 13
12 17
13 14
13 15
14 16
15 16
16 18
17 18
18 19
18 23
19 20
19 21
20 22
21 22
22 24
23 24
24 26
25 26
26 49
27 28
27 29
28 33
29 30
29 31
30 32
31 32
32 33
33 34
33 47
34 35
34 39
35 36
35 37
36 38
37 38
38 40
39 40
40 41
40 45
41 42
41 43
42 44
43 44
44 46
45 46
46 48
47 48
48 49
49 51
50 51
51 53
52 53
53 1
54 55
54 59
55 56
55 57
56 58
57 58
58 60
59 60
60 61
60 62
61 0
1 0
1 0
1 0
1 0
3 2
0 1
0 2
3 2
0 1
0 2
1 0
1 0
6 6
0 1
0 2
2 3
2 4
3 5
4 5
6 6
0 1
0 2
2 3
2 4
3 5
4 5
34 44
0 1
1 2
1 33
2 3
2 31
3 4
3 11
4 5
4 9
5 6
5 7
6 8
7 8
8 10
9 10
10 12
11 12
12 13
12 29
13 14
13 27
14 15
14 22
15 16
15 20
16 17
16 18
17 19
18 19
19 21
20 21
21 23
22 23
23 24
23 25
24 26
25 26
26 28
27 28
28 30
29 30
30 32
31 32
32 1
34 45
0 1
0 33
1 2
2 3
2 31
3 4
3 11
4 5
4 9
5 6
5 7
6 8
7 8
8 10
9 10
10 12
11 12
12 13
12 29
13 14
13 27
14 15
14 22
15 16
15 20
16 17
16 18
17 19
18 19
19 21
20 21
21 23
22 23
23 24
23 25
24 26
25 26
26 28
27 28
28 30
29 30
30 32
31 32
32 2
32 33
1 0
1 0
7 9
0 1
0 2
1 3
2 3
3 4
3 5
4 6
4 5
5 6
7 9
0 1
0 2
1 3
2 3
3 4
3 5
4 6
4 5
5 6
6 9
0 1
0 2
1 3
1 2
2 3
3 4
3 5
4 4
4 5
11 18
0 1
0 2
1 3
1 2
2 3
3 4
3 10
4 5
5 6
5 9
6 7
6 9
7 8
7 9
8 8
8 10
9 9
9 10
23 28
0 1
0 2
1 6
2 3
2 4
3 5
4 5
5 6
6 7
6 8
8 9
8 19
9 10
9 17
10 11
10 15
11 12
11 13
12 14
13 14
14 16
15 16
16 18
17 18
18 20
19 20
20 21
20 22
23 28
0 1
0 2
1 6
2 3
2 4
3 5
4 5
5 6
6 7
6 8
8 9
8 19
9 10
9 17
10 11
10 15
11 12
11 13
12 14
13 14
14 16
15 16
16 18
17 18
18 20
19 20
20 21
20 22
41 52
0 1
0 5
1 2
1 3
2 4
3 4
4 6
5 6
6 7
6 40
7 8
8 9
8 10
9 14
10 11
10 12
11 13
12 13
13 14
14 15
14 16
15 31
16 17
16 27
17 18
17 25
18 19
18 23
19 20
19 21
20 22
21 22
22 24
23 24
24 26
25 26
26 28
27 28
28 29
28 30
29 31
30 31
31 32
31 33
33 34
33 35
34 36
35 36
36 37
36 38
37 39
38 39
40 50
0 1
0 5
1 2
1 3
2 4
3 4
4 6
5 6
6 7
6 39
7 8
8 9
8 10
9 14
10 11
10 12
11 13
12 13
13 14
14 15
14 16
15 32
16 17
16 27
17 18
17 25
18 19
18 23
19 20
19 21
20 22
21 22
22 24
23 24
24 26
25 26
26 28
27 28
28 29
28 30
29 31
30 32
32 33
32 34
33 35
34 35
35 36
35 37
36 38
37 38
1 0
1 0
7 8
0 1
1 2
1 6
2 3
2 4
3 5
4 5
5 1
7 8
0 1
1 2
1 6
2 3
2 4
3 5
4 5
5 1
31 40
0 1
1 2
1 30
2 3
2 28
3 4
3 8
4 5
4 6
5 7
6 7
7 9
8 9
9 10
9 26
10 11
11 12
11 16
12 13
12 14
13 15
14 15
15 17
16 17
17 18
17 25
18 19
18 23
19 20
19 21
20 22
21 22
22 24
23 24
24 11
25 27
26 27
27 29
28 29
29 1
31 40
0 1
1 2
1 30
2 3
2 28
3 4
3 8
4 5
4 6
5 7
6 7
7 9
8 9
9 10
9 26
10 11
11 12
11 16
12 13
12 14
13 15
14 15
15 17
16 17
17 18
17 25
18 19
18 23
19 20
19 21
20 22
21 22
22 24
23 24
24 11
25 27
26 27
27 29
28 29
29 1
1 0
1 0
3 4
0 1
0 2
1 1
1 2
4 5
0 1
0 3
1 2
2 2
2 3
1 0
3 2
0 1
0 2
3 2
0 1
0 2
1 0
26 39
0 1
0 2
1 3
1 2
2 3
3 4
3 5
4 6
4 5
5 6
6 7
6 8
7 9
7 8
8 9
9 10
9 11
10 12
10 11
11 12
12 13
12 14
13 15
13 14
14 15
15 16
16 17
16 21
17 18
17 19
18 20
18 19
19 20
20 16
21 22
22 23
22 24
23 25
24 25
20 22
0 1
1 2
2 3
3 4
4 5
5 6
6 7
7 8
8 9
9 10
10 11
10 15
11 12
12 13
13 14
14 12
14 15
15 16
16 17
16 18
17 19
18 19
4 5
0 1
0 2
1 3
1 2
2 3
3 2
0 1
1 2
66 109
0 1
0 2
1 3
1 2
2 3
3 4
3 65
4 5
4 6
5 7
5 6
6 7
7 8
7 9
8 10
8 9
9 10
10 11
10 12
11 13
11 12
12 13
13 14
13 15
14 16
14 15
15 16
16 17
16 18
17 19
17 18
18 19
19 20
19 21
20 22
20 21
21 22
22 23
22 24
23 25
23 24
24 25
25 26
25 27
26 28
26 27
27 28
28 29
28 30
29 31
29 30
30 31
31 32
31 33
32 34
32 33
33 34
34 35
34 36
35 37
35 36
36 37
37 38
37 39
38 40
38 39
39 40
40 41
40 42
41 43
41 42
42 43
43 44
43 45
44 46
44 45
45 46
46 47
46 48
47 49
47 48
48 49
49 50
49 51
50 52
50 51
51 52
52 53
52 54
53 55
53 54
54 55
55 56
55 57
56 58
56 57
57 58
58 59
58 60
59 61
59 60
60 61
61 62
61 63
62 64
62 63
63 64
64 4
64 65
45 45
0 1
1 2
2 3
3 4
4 5
5 6
6 7
7 8
8 9
9 10
10 11
11 12
12 13
13 14
14 15
15 16
16 17
17 18
18 19
19 20
20 21
21 22
22 23
23 24
24 25
25 26
26 27
27 28
28 29
29 30
30 31
31 32
32 33
33 34
34 35
35 36
36 37
37 38
38 39
39 40
40 41
41 42
42 43
43 3
43 44
1 0
1 0
1 0
1 0
1 0
1 0
3 2
0 1
0 2
3 2
0 1
0 2
3 2
0 1
0 2
3 2
0 1
0 2
3 2
0 1
0 2
3 2
0 1
0 2
9 10
0 1
0 8
1 2
1 3
3 4
3 5
5 6
6 7
7 1
7 8
8 8
0 1
1 2
1 3
3 4
3 5
5 6
6 7
7 1
1 0
1 0
1 0
1 0
1 0
1 0
3 2
0 1
0 2
3 2
0 1
0 2
19 22
0 1
0 2
2 3
2 7
3 4
3 5
4 6
5 6
6 8
7 8
8 9
8 10
10 11
10 15
11 12
11 13
12 14
13 14
14 16
15 16
16 17
16 18
19 22
0 1
0 2
2 3
2 7
3 4
3 5
4 6
5 6
6 8
7 8
8 9
8 10
10 11
10 15
11 12
11 13
12 14
13 14
14 16
15 16
16 17
16 18
1 0
1 0
1 0
1 0
1 0
1 0
1 0
1 0
1 0
1 0
1 0
1 0
1 0
1 0
1 0
1 0
1 0
14 16
0 1
1 2
2 3
3 4
3 11
4 5
4 6
5 12
6 7
6 8
7 12
8 9
9 10
10 3
11 12
12 13
13 14
0 1
1 2
2 3
3 4
4 5
4 6
5 11
6 7
6 8
7 11
8 9
9 10
10 3
11 12
3 2
0 1
0 2
3 2
0 1
0 2
9 8
0 1
0 2
2 3
2 8
3 4
3 7
4 5
4 6
9 8
0 1
0 2
2 3
2 8
3 4
3 7
4 5
4 6
9 8
0 1
0 2
2 3
2 8
3 4
3 7
4 5
4 6
9 8
0 1
0 2
2 3
2 8
3 4
3 7
4 5
4 6
7 6
0 1
0 6
1 2
1 5
2 3
2 4
13 12
0 1
0 2
2 3
2 12
3 4
3 11
4 5
4 6
6 7
6 8
8 9
8 10
13 12
0 1
0 2
2 3
2 12
3 4
3 11
4 5
4 6
6 7
6 8
8 9
8 10
1 0
13 12
0 1
0 2
2 3
2 4
4 5
4 6
6 7
6 8
8 9
8 10
10 11
10 12
5 4
0 1
0 2
2 3
2 4
5 4
0 1
0 2
2 3
2 4
1 0
1 0
1 0
1 0
3 2
0 1
0 2
3 2
0 1
0 2
9 10
0 1
0 2
1 6
2 3
2 4
3 5
4 5
5 6
6 7
6 8
9 10
0 1
0 2
1 6
2 3
2 4
3 5
4 5
5 6
6 7
6 8
9 10
0 1
0 5
1 2
1 3
2 4
3 4
4 6
5 6
6 7
6 8
9 10
0 1
0 5
1 2
1 3
2 4
3 4
4 6
5 6
6 7
6 8
3 2
0 1
0 2
3 2
0 1
0 2
3 2
0 1
0 2
3 2
0 1
0 2
1 0
1 0
1 0
1 0
1 0
1 0
1 0
1 0
1 0
1 0
1 0
1 0
1 0
1 0
1 0
1 0
1 0
1 0
1 0
1 0
1 0
1 0
1 0
1 0
1 0
1 0
1 0
1 0
1 0
1 0
1 0
1 0
1 0
1 0
1 0
1 0
1 0
1 0
1 0
1 0
1 0
1 0
1 0
1 0
1 0
1 0
1 0
1 0
1 0
1 0
1 0
1 0
1 0
1 0
1 0
1 0
1 0
1 0
1 0
1 0
1 0
1 0
1 0
1 0
1 0
1 0
1 0
1 0
1 0
1 0
1 0
1 0
1 0
1 0
1 0
1 0
1 0
1 0
1 0
1 0
1 0
1 0
1 0
1 0
1 0
1 0
1 0
1 0
1 0
1 0
1 0
1 0
1 0
1 0
1 0
1 0
1 0
1 0
1 0
1 0
1 0
1 0
1 0
1 0
1 0
1 0
1 0
1 0
1 0
1 0
1 0
1 0
1 0
1 0
1 0
1 0
1 0
1 0
1 0
1 0
1 0
1 0
1 0
1 0
1 0
1 0
1 0
1 0
1 0
1 0
1 0
1 0
1 0
1 0
1 0
1 0
1 0
1 0
1 0
1 0
1 0
1 0
1 0
1 0
1 0
1 0
1 0
1 0
1 0
3 2
0 1
0 2
3 2
0 1
0 2
1 0
1 0
1 0
1 0
1 0
1 0
1 0
1 0
1 0
1 0
1 0
1 0
1 0
1 0
1 0
1 0
1 0
1 0
1 0
1 0
1 0
1 0
1 0
1 0
1 0
1 0
1 0
1 0
1 0
1 0
1 0
1 0
1 0
1 0
1 0
1 0
1 0
1 0
1 0
1 0
1 0
1 0
1 0
1 0
1 0
1 0
1 0
1 0
1 0
1 0
1 0
1 0
1 0
1 0
1 0
1 0
1 0
1 0
1 0
1 0
1 0
1 0
1 0
1 0
1 0
1 0
1 0
1 0
1 0
1 0
1 0
1 0
1 0
1 0
1 0
1 0
1 0
1 0
1 0
1 0
1 0
1 0
1 0
1 0
1 0
1 0
1 0
1 0
1 0
1 0
1 0
1 0
1 0
1 0
1 0
1 0
1 0
1 0
1 0
1 0
1 0
1 0
1 0
1 0
1 0
1 0
1 0
1 0
1 0
1 0
1 0
1 0
1 0
1 0
1 0
1 0
1 0
1 0
1 0
1 0
1 0
1 0
5 4
0 1
0 4
1 2
1 3
5 4
0 1
0 4
1 2
1 3
3 4
0 1
0 2
1 1
1 2
3 3
0 1
1 1
1 2
13 15
0 1
1 2
1 12
2 3
2 4
3 8
4 5
4 6
5 7
6 7
7 8
8 9
8 10
10 11
11 1
13 15
0 1
1 2
1 12
2 3
2 4
3 8
4 5
4 6
5 7
6 7
7 8
8 9
8 10
10 11
11 1
53 68
0 1
1 2
2 3
2 4
3 2
4 5
5 6
6 7
6 11
7 8
7 9
8 10
9 10
10 12
11 12
12 13
12 49
13 14
13 15
14 48
15 16
15 20
16 17
16 18
17 19
18 19
19 21
20 21
21 22
21 23
22 24
23 24
24 25
24 26
25 44
26 27
27 28
28 29
28 39
29 30
29 31
30 35
31 32
31 33
32 34
33 34
34 35
35 36
35 37
36 40
37 38
38 28
39 40
40 41
40 42
41 43
42 43
43 44
44 45
44 46
45 47
46 47
47 48
48 6
49 50
49 51
50 52
51 52
53 68
0 1
1 2
2 3
2 4
3 2
4 5
5 6
6 7
6 11
7 8
7 9
8 10
9 10
10 12
11 12
12 13
12 49
13 14
13 15
14 48
15 16
15 20
16 17
16 18
17 19
18 19
19 21
20 21
21 22
21 23
22 24
23 24
24 25
24 26
25 44
26 27
27 28
28 29
28 39
29 30
29 31
30 35
31 32
31 33
32 34
33 34
34 35
35 36
35 37
36 40
37 38
38 28
39 40
40 41
40 42
41 43
42 43
43 44
44 45
44 46
45 47
46 47
47 48
48 6
49 50
49 51
50 52
51 52
51 64
0 1
0 5
1 2
1 3
2 4
3 4
4 6
5 6
6 7
6 8
8 9
9 10
10 11
10 12
11 16
12 13
12 14
13 15
14 15
15 16
16 17
16 33
17 18
17 19
19 20
19 21
20 22
21 22
22 23
22 27
23 24
23 25
24 26
25 26
26 28
27 28
28 29
28 30
29 31
30 31
31 32
32 10
33 34
33 47
34 35
34 45
35 36
35 43
36 37
36 41
37 38
37 39
38 40
39 40
40 42
41 42
42 44
43 44
44 46
45 46
46 48
47 48
48 49
48 50
51 64
0 1
0 5
1 2
1 3
2 4
3 4
4 6
5 6
6 7
6 8
8 9
9 10
10 11
10 12
11 16
12 13
12 14
13 15
14 15
15 16
16 17
16 33
17 18
17 19
19 20
19 21
20 22
21 22
22 23
22 27
23 24
23 25
24 26
25 26
26 28
27 28
28 29
28 30
29 31
30 31
31 32
32 10
33 34
33 47
34 35
34 45
35 36
35 43
36 37
36 41
37 38
37 39
38 40
39 40
40 42
41 42
42 44
43 44
44 46
45 46
46 48
47 48
48 49
48 50
1 0
1 0
12 14
0 1
0 8
1 2
1 6
2 3
2 4
3 5
4 5
5 7
6 7
7 9
8 9
9 10
9 11
12 14
0 1
0 8
1 2
1 6
2 3
2 4
3 5
4 5
5 7
6 7
7 9
8 9
9 10
9 11
9 10
0 1
0 8
1 2
1 3
3 4
3 5
5 6
6 7
7 1
7 8
9 9
0 1
1 2
1 3
3 4
3 5
5 6
6 7
7 1
7 8
7 8
0 1
0 2
1 3
2 3
3 4
3 5
4 6
5 6
7 8
0 1
0 2
1 3
2 3
3 4
3 5
4 6
5 6
1 0
1 0
1 0
1 0
1 0
1 0
1 0
1 0
1 0
1 0
1 0
1 0
1 0
1 0
1 0
1 0
3 2
0 1
0 2
3 2
0 1
0 2
9 10
0 1
0 2
1 6
2 3
2 4
3 5
4 5
5 6
6 7
6 8
9 10
0 1
0 2
1 6
2 3
2 4
3 5
4 5
5 6
6 7
6 8
9 10
0 1
0 2
1 6
2 3
2 4
3 5
4 5
5 6
6 7
6 8
9 10
0 1
0 2
1 6
2 3
2 4
3 5
4 5
5 6
6 7
6 8
9 10
0 1
0 5
1 2
1 3
2 4
3 4
4 6
5 6
6 7
6 8
9 10
0 1
0 5
1 2
1 3
2 4
3 4
4 6
5 6
6 7
6 8
4 4
0 1
0 2
1 3
2 3
4 4
0 1
0 2
1 3
2 3
1 0
1 0
1 0
5 4
0 1
0 2
2 3
2 4
5 4
0 1
0 2
2 3
2 4
33 32
0 1
0 2
2 3
2 4
4 5
4 6
6 7
6 8
8 9
8 10
10 11
10 12
12 13
12 14
14 15
14 16
16 17
16 18
18 19
18 20
20 21
20 22
22 23
22 24
24 25
24 26
26 27
26 28
28 29
28 30
30 31
30 32
33 32
0 1
0 2
2 3
2 4
4 5
4 6
6 7
6 8
8 9
8 10
10 11
10 12
12 13
12 14
14 15
14 16
16 17
16 18
18 19
18 20
20 21
20 22
22 23
22 24
24 25
24 26
26 27
26 28
28 29
28 30
30 31
30 32
1 0
11 10
0 1
0 2
2 3
2 4
4 5
4 6
6 7
6 8
8 9
8 10
11 10
0 1
0 2
2 3
2 4
4 5
4 6
6 7
6 8
8 9
8 10
31 30
0 1
0 2
2 3
2 4
4 5
4 6
6 7
6 8
8 9
8 10
10 11
10 12
12 13
12 14
14 15
14 16
16 17
16 18
18 19
18 20
20 21
20 22
22 23
22 24
24 25
24 26
26 27
26 28
28 29
28 30
31 30
0 1
0 2
2 3
2 4
4 5
4 6
6 7
6 8
8 9
8 10
10 11
10 12
12 13
12 14
14 15
14 16
16 17
16 18
18 19
18 20
20 21
20 22
22 23
22 24
24 25
24 26
26 27
26 28
28 29
28 30
1 0
5 4
0 1
0 2
2 3
2 4
5 4
0 1
0 2
2 3
2 4
1 0
5 4
0 1
0 2
2 3
2 4
5 4
0 1
0 2
2 3
2 4
1 0
7 6
0 1
0 2
2 3
2 6
3 4
3 5
3 2
0 1
0 2
3 2
0 1
0 2
19 24
0 1
0 5
1 2
1 3
2 4
3 4
4 6
5 6
6 7
6 8
7 18
8 9
8 13
9 10
9 11
10 12
11 12
12 14
13 14
14 15
14 16
15 17
16 17
17 18
19 24
0 1
0 5
1 2
1 3
2 4
3 4
4 6
5 6
6 7
6 8
7 18
8 9
8 13
9 10
9 11
10 12
11 12
12 14
13 14
14 15
14 16
15 17
16 17
17 18
31 36
0 1
0 2
2 3
2 28
3 4
3 27
4 5
5 6
5 10
6 7
6 8
7 9
8 9
9 11
10 11
11 12
11 13
12 23
13 14
13 18
14 15
14 16
15 17
16 17
17 19
18 19
19 20
19 21
20 22
21 22
22 23
23 24
24 25
24 26
28 29
28 30
31 36
0 1
0 2
2 3
2 28
3 4
3 27
4 5
5 6
5 10
6 7
6 8
7 9
8 9
9 11
10 11
11 12
11 13
12 23
13 14
13 18
14 15
14 16
15 17
16 17
17 19
18 19
19 20
19 21
20 22
21 22
22 23
23 24
24 25
24 26
28 29
28 30
3 2
0 1
0 2
3 2
0 1
0 2
3 2
0 1
0 2
7 6
0 1
0 2
2 3
2 4
4 5
4 6
7 6
0 1
0 2
2 3
2 4
4 5
4 6
15 14
0 1
0 14
1 2
1 13
2 3
2 12
3 4
3 11
4 5
4 10
5 6
5 9
6 7
6 8
15 14
0 1
0 14
1 2
1 13
2 3
2 12
3 4
3 11
4 5
4 10
5 6
5 9
6 7
6 8
11 10
0 1
0 10
1 2
1 5
2 3
2 4
5 6
5 9
6 7
6 8
11 10
0 1
0 10
1 2
1 5
2 3
2 4
5 6
5 9
6 7
6 8
7 6
0 1
0 6
1 2
1 5
2 3
2 4
26 28
0 1
0 25
1 2
1 14
2 3
2 13
3 4
3 8
4 5
4 6
5 7
6 7
7 12
8 9
8 10
9 11
10 11
11 12
14 15
14 16
16 17
16 18
18 19
18 20
20 21
20 22
22 23
22 24
21 23
0 1
0 20
1 19
1 15
1 2
1 16
1 17
1 14
1 18
2 3
2 13
3 4
3 8
4 5
4 6
5 7
6 7
7 12
8 9
8 10
9 11
10 11
11 12
28 30
0 1
0 24
1 2
1 7
2 3
2 6
3 4
3 5
7 8
7 20
8 9
8 16
9 10
9 15
10 11
10 14
11 12
11 13
16 17
16 18
17 19
18 19
20 21
20 22
21 23
22 23
24 25
24 26
25 27
26 27
28 30
0 1
0 24
1 2
1 7
2 3
2 6
3 4
3 5
7 8
7 20
8 9
8 16
9 10
9 15
10 11
10 14
11 12
11 13
16 17
16 18
17 19
18 19
20 21
20 22
21 23
22 23
24 25
24 26
25 27
26 27
121 120
0 1
0 38
1 2
1 3
3 4
3 5
5 6
5 7
7 8
7 9
9 10
9 11
11 12
11 13
13 14
13 15
15 16
15 17
17 18
17 19
19 20
19 21
21 22
21 23
23 24
23 25
25 26
25 27
27 28
27 29
29 30
29 31
31 32
31 33
33 34
33 35
35 36
35 37
38 39
38 120
39 40
39 119
40 41
40 42
42 43
42 44
44 45
44 48
45 46
45 47
48 49
48 52
49 50
49 51
52 53
52 68
53 54
53 67
54 55
54 58
55 56
55 57
58 59
58 66
59 60
59 65
60 61
60 64
61 62
61 63
68 69
68 76
69 70
69 75
70 71
70 74
71 72
71 73
76 77
76 84
77 78
77 83
78 79
78 82
79 80
79 81
84 85
84 92
85 86
85 91
86 87
86 90
87 88
87 89
92 93
92 100
93 94
93 99
94 95
94 98
95 96
95 97
100 101
100 102
102 103
102 104
104 105
104 116
105 106
105 115
106 107
106 114
107 108
107 113
108 109
108 112
109 110
109 111
116 117
116 118
121 120
0 1
0 38
1 2
1 3
3 4
3 5
5 6
5 7
7 8
7 9
9 10
9 11
11 12
11 13
13 14
13 15
15 16
15 17
17 18
17 19
19 20
19 21
21 22
21 23
23 24
23 25
25 26
25 27
27 28
27 29
29 30
29 31
31 32
31 33
33 34
33 35
35 36
35 37
38 39
38 120
39 40
39 119
40 41
40 42
42 43
42 44
44 45
44 48
45 46
45 47
48 49
48 52
49 50
49 51
52 53
52 68
53 54
53 67
54 55
54 58
55 56
55 57
58 59
58 66
59 60
59 65
60 61
60 64
61 62
61 63
68 69
68 76
69 70
69 75
70 71
70 74
71 72
71 73
76 77
76 84
77 78
77 83
78 79
78 82
79 80
79 81
84 85
84 92
85 86
85 91
86 87
86 90
87 88
87 89
92 93
92 100
93 94
93 99
94 95
94 98
95 96
95 97
100 101
100 102
102 103
102 104
104 105
104 116
105 106
105 115
106 107
106 114
107 108
107 113
108 109
108 112
109 110
109 111
116 117
116 118
3 2
0 1
0 2
3 2
0 1
0 2
25 26
0 1
0 2
2 3
2 24
3 4
3 23
4 5
4 22
5 6
5 21
6 7
6 12
7 8
7 11
8 9
8 10
12 13
12 17
13 14
13 15
14 16
15 16
16 18
17 18
18 19
18 20
25 26
0 1
0 2
2 3
2 24
3 4
3 23
4 5
4 22
5 6
5 21
6 7
6 12
7 8
7 11
8 9
8 10
12 13
12 17
13 14
13 15
14 16
15 16
16 18
17 18
18 19
18 20
16 16
0 1
0 15
1 2
1 14
2 3
2 13
3 4
3 12
4 5
4 11
5 6
5 7
6 8
7 8
8 9
8 10
15 14
0 1
0 14
1 2
1 13
2 3
2 12
3 4
3 11
4 5
4 10
5 6
5 7
6 8
7 9
48 54
0 1
0 47
1 2
1 46
2 3
2 37
3 4
3 36
4 5
4 35
5 6
5 34
6 7
6 33
7 8
7 13
8 9
8 12
9 10
9 11
13 14
14 15
14 29
15 16
15 28
16 17
16 27
17 18
17 26
18 19
18 25
19 20
19 21
20 22
21 22
22 23
22 24
23 30
24 30
25 30
26 30
27 30
28 30
29 30
30 31
30 32
37 38
37 45
38 39
38 44
39 40
39 43
40 41
40 42
46 50
0 1
0 45
1 2
1 44
2 3
2 35
3 4
3 34
4 5
4 33
5 6
5 32
6 7
6 31
7 8
7 13
8 9
8 12
9 10
9 11
13 14
14 15
14 28
15 16
15 27
16 17
16 26
17 18
17 25
18 19
18 24
19 20
19 21
20 22
21 23
22 29
23 30
24 30
25 30
26 30
27 30
28 30
35 36
35 43
36 37
36 42
37 38
37 41
38 39
38 40
1 0
1 0
5 5
0 1
0 2
2 3
2 4
4 0
5 5
0 1
0 2
2 3
2 4
4 0
1 0
1 0
8 8
0 1
0 7
1 2
1 3
2 4
3 4
4 5
4 6
7 7
0 1
0 6
1 2
1 3
2 4
2 5
3 5
59 58
0 1
0 2
2 3
2 4
4 5
4 6
6 7
6 8
8 9
8 10
10 11
10 12
12 13
12 14
14 15
14 16
16 17
16 18
18 19
18 20
20 21
20 22
22 23
22 24
24 25
24 26
26 27
26 28
28 29
28 30
30 31
30 32
32 33
32 34
34 35
34 36
36 37
36 38
38 39
38 40
40 41
40 42
42 43
42 44
44 45
44 46
46 47
46 48
48 49
48 50
50 51
50 52
52 53
52 54
54 55
54 56
56 57
56 58
59 58
0 1
0 2
2 3
2 4
4 5
4 6
6 7
6 8
8 9
8 10
10 11
10 12
12 13
12 14
14 15
14 16
16 17
16 18
18 19
18 20
20 21
20 22
22 23
22 24
24 25
24 26
26 27
26 28
28 29
28 30
30 31
30 32
32 33
32 34
34 35
34 36
36 37
36 38
38 39
38 40
40 41
40 42
42 43
42 44
44 45
44 46
46 47
46 48
48 49
48 50
50 51
50 52
52 53
52 54
54 55
54 56
56 57
56 58
1 0
13 12
0 1
0 2
2 3
2 12
3 4
3 11
4 5
4 10
5 6
5 9
6 7
6 8
13 12
0 1
0 2
2 3
2 12
3 4
3 11
4 5
4 10
5 6
5 9
6 7
6 8
11 10
0 1
0 10
1 2
1 9
2 3
2 8
3 4
3 5
5 6
5 7
11 10
0 1
0 10
1 2
1 9
2 3
2 8
3 4
3 5
5 6
5 7
3 2
0 1
0 2
3 2
0 1
0 2
38 41
0 1
0 2
2 3
2 37
3 4
3 9
4 5
4 8
5 6
5 7
9 10
9 36
10 11
11 12
11 13
12 14
13 14
14 15
14 35
15 16
15 19
16 17
16 18
19 20
19 34
20 21
20 33
21 22
21 29
22 23
22 24
23 25
24 25
25 26
25 27
26 28
27 28
28 30
29 30
30 31
30 32
36 38
0 1
0 2
2 3
2 35
3 4
3 9
4 5
4 8
5 6
5 7
9 10
9 34
10 11
11 12
11 13
12 14
12 33
13 33
14 15
14 18
15 16
15 17
18 19
18 32
19 20
19 31
20 21
20 27
21 22
21 23
22 24
23 25
24 26
25 26
26 28
27 28
28 29
28 30
15 14
0 1
0 14
1 2
1 13
2 3
2 4
4 5
4 12
5 6
5 11
6 7
6 10
7 8
7 9
15 14
0 1
0 14
1 2
1 13
2 3
2 4
4 5
4 12
5 6
5 11
6 7
6 10
7 8
7 9
3 2
0 1
0 2
3 2
0 1
0 2
22 24
0 1
0 2
2 3
2 21
3 4
3 20
4 5
4 19
5 6
5 7
7 8
8 9
8 15
9 10
9 11
10 12
11 12
12 13
12 14
13 16
14 16
15 16
16 17
16 18
20 21
0 1
0 2
2 3
2 19
3 4
3 18
4 5
4 17
5 6
5 7
7 8
8 9
8 14
9 10
9 11
10 12
10 13
11 13
12 15
13 16
14 16
3 2
0 1
0 2
3 2
0 1
0 2
7 6
0 1
0 2
2 3
2 6
3 4
3 5
19 18
0 1
0 18
1 2
1 17
2 3
2 10
3 4
3 9
4 5
4 8
5 6
5 7
10 11
10 14
11 12
11 13
14 15
14 16
19 18
0 1
0 18
1 2
1 17
2 3
2 10
3 4
3 9
4 5
4 8
5 6
5 7
10 11
10 14
11 12
11 13
14 15
14 16
19 18
0 1
0 18
1 2
1 17
2 3
2 10
3 4
3 9
4 5
4 8
5 6
5 7
10 11
10 14
11 12
11 13
14 15
14 16
19 18
0 1
0 18
1 2
1 17
2 3
2 10
3 4
3 9
4 5
4 8
5 6
5 7
10 11
10 14
11 12
11 13
14 15
14 16
41 49
0 1
0 40
1 2
1 39
2 3
2 38
3 4
3 7
4 5
4 6
7 8
7 37
8 9
8 36
9 10
9 35
10 11
10 34
11 12
12 13
12 30
13 14
13 29
14 15
14 22
15 16
15 21
16 17
16 20
17 18
17 19
18 31
19 31
20 31
21 31
22 23
22 26
23 24
23 25
24 31
25 31
26 27
26 28
27 31
28 31
29 31
30 31
31 32
31 33
41 49
0 1
0 40
1 2
1 39
2 3
2 38
3 4
3 7
4 5
4 6
7 8
7 37
8 9
8 36
9 10
9 35
10 11
10 34
11 12
12 13
12 30
13 14
13 29
14 15
14 22
15 16
15 21
16 17
16 20
17 18
17 19
18 31
19 31
20 31
21 31
22 23
22 26
23 24
23 25
24 31
25 31
26 27
26 28
27 31
28 31
29 31
30 31
31 32
31 33
7 6
0 1
0 2
2 3
2 6
3 4
3 5
3 2
0 1
0 2
3 2
0 1
0 2
5 4
0 1
0 4
1 2
1 3
5 4
0 1
0 4
1 2
1 3
1 0
11 10
0 1
0 10
1 2
1 9
2 3
2 8
3 4
3 5
5 6
5 7
11 10
0 1
0 10
1 2
1 9
2 3
2 8
3 4
3 5
5 6
5 7
7 6
0 1
0 6
1 2
1 5
2 3
2 4
7 6
0 1
0 6
1 2
1 5
2 3
2 4
7 6
0 1
0 6
1 2
1 5
2 3
2 4
7 6
0 1
0 6
1 2
1 5
2 3
2 4
7 7
0 1
1 2
1 3
2 4
3 4
4 5
4 6
7 7
0 1
1 2
1 3
2 4
3 4
4 5
4 6
81 93
0 1
0 2
2 3
2 80
3 4
3 79
4 5
4 78
5 6
5 13
6 7
6 8
8 9
8 10
10 11
10 12
13 14
13 49
14 15
14 16
16 17
16 18
18 19
19 20
19 29
20 21
20 28
21 22
21 27
22 23
22 24
23 30
24 25
24 26
25 30
26 30
27 30
28 30
29 30
30 31
30 48
31 32
32 33
32 34
33 35
34 35
35 36
35 44
36 37
37 38
37 39
38 40
39 40
40 41
40 42
41 43
42 43
43 45
44 45
45 46
45 47
49 50
49 71
50 51
50 52
52 53
52 54
54 55
55 56
55 61
56 57
56 60
57 58
57 59
58 62
59 62
60 62
61 62
62 63
62 70
63 64
64 65
64 66
65 67
66 67
67 68
67 69
71 72
71 77
72 73
72 74
74 75
74 76
78 87
0 1
0 2
2 3
2 77
3 4
3 76
4 5
4 75
5 6
5 13
6 7
6 8
8 9
8 10
10 11
10 12
13 14
13 47
14 15
14 16
16 17
16 18
18 19
19 20
19 29
20 21
20 28
21 22
21 27
22 23
22 24
23 30
24 25
24 26
25 30
26 30
27 30
28 30
29 30
30 31
30 46
31 32
32 33
32 34
33 35
34 42
35 36
36 37
36 38
37 39
38 40
39 41
40 41
41 43
42 43
43 44
43 45
47 48
47 68
48 49
48 50
50 51
50 52
52 53
53 54
53 59
54 55
54 58
55 56
55 57
56 60
57 60
58 60
59 60
60 61
60 67
61 62
62 63
62 64
63 65
64 66
68 69
68 74
69 70
69 71
71 72
71 73
11 10
0 1
0 2
2 3
2 10
3 4
3 9
4 5
4 8
5 6
5 7
11 10
0 1
0 2
2 3
2 10
3 4
3 9
4 5
4 8
5 6
5 7
5 4
0 1
0 4
1 2
1 3
5 4
0 1
0 4
1 2
1 3
43 51
0 1
0 2
2 3
2 42
3 4
3 5
5 6
5 41
6 7
6 8
8 9
8 40
9 10
9 37
10 11
10 36
11 12
12 13
12 30
13 14
13 29
14 15
14 22
15 16
15 21
16 17
16 20
17 18
17 19
18 31
19 31
20 31
21 31
22 23
22 26
23 24
23 25
24 31
25 31
26 27
26 28
27 31
28 31
29 31
30 31
31 32
31 35
32 33
32 34
37 38
37 39
43 51
0 1
0 2
2 3
2 42
3 4
3 5
5 6
5 41
6 7
6 8
8 9
8 40
9 10
9 37
10 11
10 36
11 12
12 13
12 30
13 14
13 29
14 15
14 22
15 16
15 21
16 17
16 20
17 18
17 19
18 31
19 31
20 31
21 31
22 23
22 26
23 24
23 25
24 31
25 31
26 27
26 28
27 31
28 31
29 31
30 31
31 32
31 35
32 33
32 34
37 38
37 39
11 10
0 1
0 10
1 2
1 9
2 3
2 6
3 4
3 5
6 7
6 8
11 10
0 1
0 10
1 2
1 9
2 3
2 6
3 4
3 5
6 7
6 8
7 6
0 1
0 2
2 3
2 6
3 4
3 5
3 2
0 1
0 2
3 2
0 1
0 2
7 6
0 1
0 2
2 3
2 4
4 5
4 6
7 6
0 1
0 2
2 3
2 4
4 5
4 6
21 23
0 1
0 20
1 2
1 19
2 3
2 18
3 4
3 17
4 5
4 16
5 6
6 7
6 8
7 13
8 9
8 10
9 13
10 11
10 12
11 13
12 13
13 14
13 15
21 23
0 1
0 20
1 2
1 19
2 3
2 18
3 4
3 17
4 5
4 16
5 6
6 7
6 8
7 13
8 9
8 10
9 13
10 11
10 12
11 13
12 13
13 14
13 15
7 6
0 1
0 2
2 3
2 6
3 4
3 5
3 2
0 1
0 2
3 2
0 1
0 2
9 9
0 1
1 2
1 3
2 4
3 4
4 5
4 8
5 6
5 7
9 9
0 1
1 2
1 3
2 4
3 4
4 5
4 8
5 6
5 7
33 35
0 1
0 2
2 3
2 32
3 4
3 31
4 5
4 30
5 6
5 7
7 8
7 9
9 10
9 15
10 11
10 12
12 13
12 14
15 16
15 29
16 17
16 18
18 19
19 20
19 25
20 21
20 24
21 22
21 23
22 26
23 26
24 26
25 26
26 27
26 28
33 35
0 1
0 2
2 3
2 32
3 4
3 31
4 5
4 30
5 6
5 7
7 8
7 9
9 10
9 15
10 11
10 12
12 13
12 14
15 16
15 29
16 17
16 18
18 19
19 20
19 25
20 21
20 24
21 22
21 23
22 26
23 26
24 26
25 26
26 27
26 28
7 6
0 1
0 2
2 3
2 6
3 4
3 5
3 2
0 1
0 2
3 2
0 1
0 2
23 22
0 1
0 2
2 3
2 4
4 5
4 6
6 7
6 8
8 9
8 16
9 10
9 11
11 12
11 13
13 14
13 15
16 17
16 22
17 18
17 21
18 19
18 20
23 22
0 1
0 2
2 3
2 4
4 5
4 6
6 7
6 8
8 9
8 16
9 10
9 11
11 12
11 13
13 14
13 15
16 17
16 22
17 18
17 21
18 19
18 20
30 30
0 1
0 29
1 2
1 28
2 3
2 10
3 4
3 9
4 5
4 8
5 6
5 7
10 11
10 27
11 12
11 26
12 13
12 18
13 14
13 17
14 15
14 16
18 19
18 25
19 20
19 21
20 22
21 22
22 23
22 24
30 30
0 1
0 29
1 2
1 28
2 3
2 10
3 4
3 9
4 5
4 8
5 6
5 7
10 11
10 27
11 12
11 26
12 13
12 18
13 14
13 17
14 15
14 16
18 19
18 25
19 20
19 21
20 22
21 22
22 23
22 24
5 4
0 1
0 2
2 3
2 4
13 12
0 1
0 10
1 2
1 7
2 3
2 4
4 5
4 6
7 8
7 9
10 11
10 12
13 12
0 1
0 10
1 2
1 7
2 3
2 4
4 5
4 6
7 8
7 9
10 11
10 12
9 8
0 1
0 2
2 3
2 8
3 4
3 5
5 6
5 7
3 2
0 1
0 2
3 2
0 1
0 2
9 8
0 1
0 2
2 3
2 8
3 4
3 5
5 6
5 7
9 8
0 1
0 2
2 3
2 8
3 4
3 5
5 6
5 7
3 2
0 1
0 2
17 16
0 1
0 4
1 2
1 3
4 5
4 14
5 6
5 11
6 7
6 8
8 9
8 10
11 12
11 13
14 15
14 16
17 16
0 1
0 4
1 2
1 3
4 5
4 14
5 6
5 11
6 7
6 8
8 9
8 10
11 12
11 13
14 15
14 16
9 8
0 1
0 2
2 3
2 8
3 4
3 5
5 6
5 7
3 2
0 1
0 2
3 2
0 1
0 2
11 10
0 1
0 10
1 2
1 9
2 3
2 8
3 4
3 7
4 5
4 6
7 6
0 1
0 2
2 3
2 6
3 4
3 5
9 8
0 1
0 8
1 2
1 7
2 3
2 6
3 4
3 5
7 6
0 1
0 6
1 2
1 5
2 3
2 4
1 0
1 0
1 0
1 0
5 4
0 1
0 2
2 3
2 4
5 4
0 1
0 2
2 3
2 4
1 0
1 0
15 14
0 1
0 14
1 2
1 13
2 3
2 12
3 4
3 11
4 5
4 10
5 6
5 9
6 7
6 8
15 14
0 1
0 14
1 2
1 13
2 3
2 12
3 4
3 11
4 5
4 10
5 6
5 9
6 7
6 8
7 6
0 1
0 6
1 2
1 5
2 3
2 4
19 18
0 1
0 18
1 2
1 17
2 3
2 16
3 4
3 15
4 5
4 6
6 7
6 14
7 8
7 9
9 10
9 11
11 12
11 13
17 16
0 1
0 16
1 2
1 15
2 3
2 14
3 4
3 13
4 5
4 12
5 6
5 11
6 7
6 10
7 8
7 9
35 46
0 1
0 2
1 34
2 3
2 33
3 4
3 31
4 5
4 29
5 6
5 10
6 7
6 8
7 9
8 9
9 28
10 11
10 27
11 12
11 25
12 13
12 23
13 14
13 21
14 15
14 19
15 16
15 17
16 18
17 18
18 20
19 20
20 22
21 22
22 24
23 24
24 26
25 26
26 28
27 28
28 30
29 30
30 32
31 32
32 34
33 34
35 46
0 1
0 2
1 34
2 3
2 33
3 4
3 31
4 5
4 29
5 6
5 10
6 7
6 8
7 9
8 9
9 28
10 11
10 27
11 12
11 25
12 13
12 23
13 14
13 21
14 15
14 19
15 16
15 17
16 18
17 18
18 20
19 20
20 22
21 22
22 24
23 24
24 26
25 26
26 28
27 28
28 30
29 30
30 32
31 32
32 34
33 34
9 8
0 1
0 6
1 2
1 5
2 3
2 4
6 7
6 8
3 2
0 1
0 2
3 2
0 1
0 2
11 10
0 1
0 10
1 2
1 9
2 3
2 6
3 4
3 5
6 7
6 8
11 10
0 1
0 10
1 2
1 9
2 3
2 6
3 4
3 5
6 7
6 8
9 8
0 1
0 8
1 2
1 3
3 4
3 5
5 6
5 7
19 18
0 1
0 18
1 2
1 17
2 3
2 4
4 5
4 16
5 6
5 13
6 7
6 12
7 8
7 11
8 9
8 10
13 14
13 15
19 18
0 1
0 18
1 2
1 17
2 3
2 4
4 5
4 16
5 6
5 13
6 7
6 12
7 8
7 11
8 9
8 10
13 14
13 15
11 10
0 1
0 10
1 2
1 9
2 3
2 8
3 4
3 7
4 5
4 6
3 2
0 1
0 2
11 10
0 1
0 10
1 2
1 9
2 3
2 8
3 4
3 7
4 5
4 6
13 12
0 1
0 12
1 2
1 11
2 3
2 10
3 4
3 9
4 5
4 8
5 6
5 7
15 14
0 1
0 14
1 2
1 13
2 3
2 12
3 4
3 11
4 5
4 10
5 6
5 9
6 7
6 8
11 10
0 1
0 10
1 2
1 9
2 3
2 8
3 4
3 7
4 5
4 6
15 14
0 1
0 14
1 2
1 13
2 3
2 12
3 4
3 11
4 5
4 10
5 6
5 9
6 7
6 8
15 14
0 1
0 14
1 2
1 5
2 3
2 4
5 6
5 13
6 7
6 12
7 8
7 11
8 9
8 10
15 14
0 1
0 14
1 2
1 5
2 3
2 4
5 6
5 13
6 7
6 12
7 8
7 11
8 9
8 10
11 10
0 1
0 10
1 2
1 9
2 3
2 8
3 4
3 7
4 5
4 6
7 6
0 1
0 6
1 2
1 5
2 3
2 4
7 6
0 1
0 6
1 2
1 5
2 3
2 4
11 10
0 1
0 2
2 3
2 4
4 5
4 6
6 7
6 8
8 9
8 10
11 10
0 1
0 2
2 3
2 4
4 5
4 6
6 7
6 8
8 9
8 10
11 10
0 1
0 2
2 3
2 4
4 5
4 6
6 7
6 8
8 9
8 10
11 10
0 1
0 2
2 3
2 4
4 5
4 6
6 7
6 8
8 9
8 10
29 28
0 1
0 2
2 3
2 28
3 4
3 27
4 5
4 26
5 6
5 25
6 7
6 24
7 8
7 23
8 9
8 22
9 10
9 21
10 11
10 20
11 12
11 19
12 13
12 18
13 14
13 17
14 15
14 16
33 37
0 1
0 30
1 2
1 29
2 3
2 28
3 4
3 27
4 5
4 26
5 6
5 25
6 7
6 24
7 8
7 23
8 9
9 10
9 11
10 20
11 12
11 13
12 20
13 14
13 15
14 20
15 16
15 17
16 20
17 18
17 19
18 20
19 20
20 21
20 22
30 31
30 32
33 37
0 1
0 30
1 2
1 29
2 3
2 28
3 4
3 27
4 5
4 26
5 6
5 25
6 7
6 24
7 8
7 23
8 9
9 10
9 11
10 20
11 12
11 13
12 20
13 14
13 15
14 20
15 16
15 17
16 20
17 18
17 19
18 20
19 20
20 21
20 22
30 31
30 32
35 39
0 1
0 32
1 2
1 31
2 3
2 30
3 4
3 29
4 5
4 28
5 6
5 27
6 7
6 26
7 8
7 25
8 9
8 24
9 10
10 11
10 12
11 21
12 13
12 14
13 21
14 15
14 16
15 21
16 17
16 18
17 21
18 19
18 20
19 21
20 21
21 22
21 23
32 33
32 34
35 39
0 1
0 32
1 2
1 31
2 3
2 30
3 4
3 29
4 5
4 28
5 6
5 27
6 7
6 26
7 8
7 25
8 9
8 24
9 10
10 11
10 12
11 21
12 13
12 14
13 21
14 15
14 16
15 21
16 17
16 18
17 21
18 19
18 20
19 21
20 21
21 22
21 23
32 33
32 34
21 20
0 1
0 2
2 3
2 20
3 4
3 19
4 5
4 18
5 6
5 17
6 7
6 16
7 8
7 15
8 9
8 14
9 10
9 13
10 11
10 12
29 28
0 1
0 2
2 3
2 28
3 4
3 27
4 5
4 26
5 6
5 25
6 7
6 24
7 8
7 23
8 9
8 22
9 10
9 21
10 11
10 20
11 12
11 19
12 13
12 18
13 14
13 17
14 15
14 16
11 10
0 1
0 10
1 2
1 9
2 3
2 8
3 4
3 7
4 5
4 6
11 10
0 1
0 10
1 2
1 9
2 3
2 8
3 4
3 7
4 5
4 6
7 6
0 1
0 6
1 2
1 5
2 3
2 4
7 6
0 1
0 6
1 2
1 5
2 3
2 4
23 26
0 1
0 16
1 2
1 9
2 3
2 8
3 4
3 5
5 6
5 7
9 10
9 11
10 15
11 12
11 13
12 14
13 14
14 15
16 17
16 18
17 22
18 19
18 20
19 21
20 21
21 22
11 10
0 1
0 10
1 2
1 9
2 3
2 8
3 4
3 7
4 5
4 6
13 12
0 1
0 2
2 3
2 12
3 4
3 11
4 5
4 10
5 6
5 9
6 7
6 8
7 6
0 1
0 6
1 2
1 5
2 3
2 4
7 6
0 1
0 6
1 2
1 5
2 3
2 4
7 6
0 1
0 6
1 2
1 5
2 3
2 4
11 10
0 1
0 10
1 2
1 9
2 3
2 8
3 4
3 7
4 5
4 6
11 10
0 1
0 10
1 2
1 9
2 3
2 8
3 4
3 7
4 5
4 6
17 16
0 1
0 16
1 2
1 15
2 3
2 14
3 4
3 13
4 5
4 12
5 6
5 11
6 7
6 10
7 8
7 9
7 6
0 1
0 6
1 2
1 5
2 3
2 4
5 4
0 1
0 4
1 2
1 3
11 10
0 1
0 10
1 2
1 9
2 3
2 8
3 4
3 7
4 5
4 6
11 10
0 1
0 10
1 2
1 9
2 3
2 8
3 4
3 7
4 5
4 6
3 2
0 1
0 2
3 2
0 1
0 2
3 2
0 1
0 2
3 2
0 1
0 2
3 2
0 1
0 2
9 8
0 1
0 8
1 2
1 3
3 4
3 5
5 6
5 7
9 8
0 1
0 8
1 2
1 3
3 4
3 5
5 6
5 7
3 2
0 1
0 2
1 0
7 6
0 1
0 6
1 2
1 3
3 4
3 5
7 6
0 1
0 6
1 2
1 3
3 4
3 5
13 12
0 1
0 2
2 3
2 12
3 4
3 11
4 5
4 10
5 6
5 7
7 8
7 9
12 11
0 1
0 2
2 3
2 11
3 4
4 5
4 10
5 6
5 7
7 8
7 9
11 10
0 1
0 2
2 3
2 10
3 4
3 5
5 6
5 9
6 7
6 8
7 6
0 1
0 2
2 3
2 6
3 4
3 5
11 10
0 1
0 2
2 3
2 10
3 4
3 5
5 6
5 9
6 7
6 8
21 20
0 1
0 20
1 2
1 19
2 3
2 18
3 4
3 5
5 6
5 17
6 7
6 8
8 9
8 16
9 10
9 15
10 11
10 14
11 12
11 13
20 19
0 1
0 19
1 2
2 3
2 18
3 4
3 5
5 6
5 17
6 7
6 8
8 9
8 16
9 10
9 15
10 11
10 14
11 12
11 13
3 2
0 1
0 2
7 6
0 1
0 2
2 3
2 6
3 4
3 5
3 2
0 1
0 2
3 2
0 1
0 2
15 14
0 1
0 2
2 3
2 14
3 4
3 5
5 6
5 13
6 7
6 8
8 9
8 12
9 10
9 11
13 12
0 1
0 2
2 3
2 12
3 4
3 11
4 5
4 10
5 6
5 9
6 7
6 8
13 12
0 1
0 2
2 3
2 12
3 4
3 11
4 5
4 10
5 6
5 9
6 7
6 8
7 6
0 1
0 2
2 3
2 6
3 4
3 5
3 2
0 1
0 2
3 2
0 1
0 2
7 6
0 1
0 6
1 2
1 5
2 3
2 4
27 26
0 1
0 2
2 3
2 26
3 4
3 25
4 5
4 24
5 6
5 23
6 7
6 22
7 8
7 21
8 9
8 20
9 10
9 19
10 11
10 18
11 12
11 17
12 13
12 16
13 14
13 15
11 10
0 1
0 10
1 2
1 9
2 3
2 8
3 4
3 7
4 5
4 6
5 4
0 1
0 4
1 2
1 3
3 2
0 1
0 2
5 4
0 1
0 2
2 3
2 4
3 2
0 1
0 2
3 2
0 1
0 2
13 12
0 1
0 12
1 2
1 11
2 3
2 10
3 4
3 5
5 6
5 7
7 8
7 9
13 12
0 1
0 12
1 2
1 11
2 3
2 10
3 4
3 5
5 6
5 7
7 8
7 9
119 118
0 1
0 2
2 3
2 4
4 5
4 6
6 7
6 8
8 9
8 10
10 11
10 12
12 13
12 14
14 15
14 16
16 17
16 18
18 19
18 20
20 21
20 22
22 23
22 24
24 25
24 26
26 27
26 28
28 29
28 30
30 31
30 32
32 33
32 34
34 35
34 36
36 37
36 38
38 39
38 40
40 41
40 42
42 43
42 44
44 45
44 46
46 47
46 48
48 49
48 50
50 51
50 52
52 53
52 54
54 55
54 56
56 57
56 58
58 59
58 60
60 61
60 62
62 63
62 64
64 65
64 66
66 67
66 68
68 69
68 70
70 71
70 72
72 73
72 74
74 75
74 76
76 77
76 78
78 79
78 80
80 81
80 82
82 83
82 84
84 85
84 86
86 87
86 88
88 89
88 90
90 91
90 92
92 93
92 94
94 95
94 96
96 97
96 98
98 99
98 100
100 101
100 102
102 103
102 104
104 105
104 106
106 107
106 108
108 109
108 110
110 111
110 112
112 113
112 114
114 115
114 116
116 117
116 118
119 118
0 1
0 2
2 3
2 4
4 5
4 6
6 7
6 8
8 9
8 10
10 11
10 12
12 13
12 14
14 15
14 16
16 17
16 18
18 19
18 20
20 21
20 22
22 23
22 24
24 25
24 26
26 27
26 28
28 29
28 30
30 31
30 32
32 33
32 34
34 35
34 36
36 37
36 38
38 39
38 40
40 41
40 42
42 43
42 44
44 45
44 46
46 47
46 48
48 49
48 50
50 51
50 52
52 53
52 54
54 55
54 56
56 57
56 58
58 59
58 60
60 61
60 62
62 63
62 64
64 65
64 66
66 67
66 68
68 69
68 70
70 71
70 72
72 73
72 74
74 75
74 76
76 77
76 78
78 79
78 80
80 81
80 82
82 83
82 84
84 85
84 86
86 87
86 88
88 89
88 90
90 91
90 92
92 93
92 94
94 95
94 96
96 97
96 98
98 99
98 100
100 101
100 102
102 103
102 104
104 105
104 106
106 107
106 108
108 109
108 110
110 111
110 112
112 113
112 114
114 115
114 116
116 117
116 118
51 55
0 1
0 50
1 2
1 3
3 4
3 11
4 5
4 8
5 6
5 7
8 9
8 10
11 12
11 13
13 14
13 15
15 16
15 17
17 18
17 19
19 20
19 21
21 22
21 23
23 24
23 25
25 26
25 27
27 28
27 43
28 29
29 30
29 31
30 40
31 32
31 33
32 40
33 34
33 35
34 40
35 36
35 37
36 40
37 38
37 39
38 40
39 40
40 41
40 42
43 44
43 45
45 46
45 47
47 48
47 49
50 53
0 1
0 49
1 2
1 3
3 4
3 11
4 5
4 8
5 6
5 7
8 9
8 10
11 12
11 13
13 14
13 15
15 16
15 17
17 18
17 19
19 20
19 21
21 22
21 23
23 24
23 25
25 26
25 27
27 28
27 42
28 29
29 30
29 31
30 40
31 32
31 33
32 40
33 34
33 35
34 40
35 36
35 37
36 40
37 38
37 39
38 40
39 41
42 43
42 44
44 45
44 46
46 47
46 48
38 51
0 1
0 2
1 37
2 3
2 4
3 37
4 5
4 6
5 37
6 7
6 8
7 37
8 9
8 19
9 10
9 11
10 18
11 12
11 13
12 17
13 14
13 15
14 16
15 16
16 17
17 18
18 37
19 20
19 36
20 21
20 31
21 22
21 26
22 23
22 24
23 25
24 25
25 30
26 27
26 28
27 29
28 29
29 30
30 35
31 32
31 33
32 34
33 34
34 35
35 37
36 37
38 51
0 1
0 2
1 37
2 3
2 4
3 37
4 5
4 6
5 37
6 7
6 8
7 37
8 9
8 19
9 10
9 11
10 18
11 12
11 13
12 17
13 14
13 15
14 16
15 16
16 17
17 18
18 37
19 20
19 36
20 21
20 31
21 22
21 26
22 23
22 24
23 25
24 25
25 30
26 27
26 28
27 29
28 29
29 30
30 35
31 32
31 33
32 34
33 34
34 35
35 37
36 37
1 0
1 0
19 18
0 1
0 18
1 2
1 5
2 3
2 4
5 6
5 17
6 7
6 16
7 8
7 15
8 9
8 14
9 10
9 13
10 11
10 12
11 10
0 1
0 2
2 3
2 10
3 4
3 9
4 5
4 6
6 7
6 8
11 10
0 1
0 2
2 3
2 10
3 4
3 9
4 5
4 6
6 7
6 8
13 12
0 1
0 12
1 2
1 11
2 3
2 10
3 4
3 5
5 6
5 7
7 8
7 9
13 12
0 1
0 12
1 2
1 11
2 3
2 10
3 4
3 5
5 6
5 7
7 8
7 9
13 12
0 1
0 12
1 2
1 11
2 3
2 6
3 4
3 5
6 7
6 10
7 8
7 9
13 12
0 1
0 12
1 2
1 11
2 3
2 6
3 4
3 5
6 7
6 10
7 8
7 9
67 78
0 1
0 2
2 3
2 66
3 4
3 65
4 5
4 64
5 6
5 17
6 7
6 8
8 9
8 16
9 10
9 15
10 11
10 14
11 12
11 13
17 18
17 23
18 19
18 20
20 21
20 22
23 24
23 43
24 25
24 26
26 27
27 28
27 39
28 29
28 38
29 30
29 37
30 31
30 32
31 40
32 33
32 34
33 40
34 35
34 36
35 40
36 40
37 40
38 40
39 40
40 41
40 42
43 44
43 63
44 45
44 46
46 47
47 48
47 59
48 49
48 58
49 50
49 53
50 51
50 52
51 60
52 60
53 54
53 57
54 55
54 56
55 60
56 60
57 60
58 60
59 60
60 61
60 62
67 78
0 1
0 2
2 3
2 66
3 4
3 65
4 5
4 64
5 6
5 17
6 7
6 8
8 9
8 16
9 10
9 15
10 11
10 14
11 12
11 13
17 18
17 23
18 19
18 20
20 21
20 22
23 24
23 43
24 25
24 26
26 27
27 28
27 39
28 29
28 38
29 30
29 37
30 31
30 32
31 40
32 33
32 34
33 40
34 35
34 36
35 40
36 40
37 40
38 40
39 40
40 41
40 42
43 44
43 63
44 45
44 46
46 47
47 48
47 59
48 49
48 58
49 50
49 53
50 51
50 52
51 60
52 60
53 54
53 57
54 55
54 56
55 60
56 60
57 60
58 60
59 60
60 61
60 62
15 14
0 1
0 2
2 3
2 4
4 5
4 6
6 7
6 8
8 9
8 10
10 11
10 12
12 13
12 14
15 14
0 1
0 2
2 3
2 4
4 5
4 6
6 7
6 8
8 9
8 10
10 11
10 12
12 13
12 14
16 18
0 1
0 2
2 3
2 15
3 4
3 8
4 5
4 6
5 7
6 7
7 12
8 9
8 10
9 11
10 11
11 12
12 13
12 14
16 18
0 1
0 2
2 3
2 15
3 4
3 8
4 5
4 6
5 7
6 7
7 12
8 9
8 10
9 11
10 11
11 12
12 13
12 14
9 8
0 1
0 8
1 2
1 7
2 3
2 6
3 4
3 5
9 8
0 1
0 8
1 2
1 7
2 3
2 6
3 4
3 5
16 20
0 1
1 2
1 3
3 4
4 5
4 12
5 6
5 11
6 7
6 10
7 8
7 9
8 13
9 13
10 13
11 13
12 13
13 14
13 15
15 1
15 18
0 1
1 2
1 3
3 4
4 5
4 12
5 6
5 11
6 7
6 10
7 8
7 9
8 13
9 14
10 14
11 14
12 14
14 1
17 16
0 1
0 4
1 2
1 3
4 5
4 16
5 6
5 15
6 7
6 14
7 8
7 13
8 9
8 10
10 11
10 12
17 16
0 1
0 4
1 2
1 3
4 5
4 16
5 6
5 15
6 7
6 14
7 8
7 13
8 9
8 10
10 11
10 12
1 0
9 8
0 1
0 8
1 2
1 7
2 3
2 6
3 4
3 5
9 8
0 1
0 8
1 2
1 7
2 3
2 6
3 4
3 5
5 4
0 1
0 4
1 2
1 3
5 4
0 1
0 4
1 2
1 3
21 24
0 1
0 2
1 3
2 3
3 4
3 11
4 5
4 6
5 7
6 7
7 8
7 9
8 10
9 10
10 12
11 12
12 13
12 14
14 15
14 20
15 16
15 17
17 18
17 19
19 20
0 1
0 2
1 3
2 9
3 4
3 5
4 6
5 7
6 8
7 8
8 10
9 10
10 11
10 12
12 13
12 18
13 14
13 15
15 16
15 17
43 46
0 1
0 42
1 2
1 9
2 3
2 8
3 4
3 7
4 5
4 6
9 10
9 39
10 11
10 38
11 12
11 37
12 13
12 28
13 14
13 15
15 16
16 17
16 24
17 18
17 23
18 19
18 22
19 20
19 21
20 25
21 25
22 25
23 25
24 25
25 26
25 27
28 29
28 34
29 30
29 31
31 32
31 33
34 35
34 36
39 40
39 41
43 46
0 1
0 42
1 2
1 9
2 3
2 8
3 4
3 7
4 5
4 6
9 10
9 39
10 11
10 38
11 12
11 37
12 13
12 28
13 14
13 15
15 16
16 17
16 24
17 18
17 23
18 19
18 22
19 20
19 21
20 25
21 25
22 25
23 25
24 25
25 26
25 27
28 29
28 34
29 30
29 31
31 32
31 33
34 35
34 36
39 40
39 41
3 2
0 1
0 2
3 2
0 1
0 2
9 8
0 1
0 8
1 2
1 3
3 4
3 7
4 5
4 6
23 22
0 1
0 22
1 2
1 21
2 3
2 20
3 4
3 19
4 5
4 18
5 6
5 17
6 7
6 16
7 8
7 15
8 9
8 14
9 10
9 13
10 11
10 12
3 2
0 1
0 2
3 2
0 1
0 2
1 0
1 0
1 0
1 0
3 2
0 1
0 2
7 6
0 1
0 6
1 2
1 3
3 4
3 5
7 6
0 1
0 6
1 2
1 3
3 4
3 5
19 18
0 1
0 18
1 2
1 17
2 3
2 16
3 4
3 15
4 5
4 14
5 6
5 13
6 7
6 8
8 9
8 12
9 10
9 11
19 18
0 1
0 18
1 2
1 17
2 3
2 16
3 4
3 15
4 5
4 14
5 6
5 13
6 7
6 8
8 9
8 12
9 10
9 11
9 8
0 1
0 6
1 2
1 3
3 4
3 5
6 7
6 8
9 8
0 1
0 6
1 2
1 3
3 4
3 5
6 7
6 8
17 16
0 1
0 2
2 3
2 16
3 4
3 15
4 5
4 8
5 6
5 7
8 9
8 12
9 10
9 11
12 13
12 14
17 16
0 1
0 2
2 3
2 16
3 4
3 15
4 5
4 8
5 6
5 7
8 9
8 12
9 10
9 11
12 13
12 14
7 6
0 1
0 6
1 2
1 5
2 3
2 4
1 0
19 18
0 1
0 18
1 2
1 17
2 3
2 8
3 4
3 5
5 6
5 7
8 9
8 16
9 10
9 15
10 11
10 14
11 12
11 13
19 18
0 1
0 18
1 2
1 17
2 3
2 8
3 4
3 5
5 6
5 7
8 9
8 16
9 10
9 15
10 11
10 14
11 12
11 13
9 8
0 1
0 8
1 2
1 7
2 3
2 6
3 4
3 5
9 8
0 1
0 8
1 2
1 7
2 3
2 6
3 4
3 5
1 0
11 12
0 1
1 2
1 3
2 6
3 4
3 5
4 6
5 6
6 7
6 10
7 8
7 9
10 10
0 1
1 2
1 3
2 9
3 4
3 5
4 6
5 6
6 7
6 8
41 40
0 1
0 40
1 2
1 9
2 3
2 8
3 4
3 7
4 5
4 6
9 10
9 39
10 11
10 38
11 12
11 17
12 13
12 14
14 15
14 16
17 18
17 23
18 19
18 20
20 21
20 22
23 24
23 27
24 25
24 26
27 28
27 31
28 29
28 30
31 32
31 35
32 33
32 34
35 36
35 37
41 40
0 1
0 40
1 2
1 9
2 3
2 8
3 4
3 7
4 5
4 6
9 10
9 39
10 11
10 38
11 12
11 17
12 13
12 14
14 15
14 16
17 18
17 23
18 19
18 20
20 21
20 22
23 24
23 27
24 25
24 26
27 28
27 31
28 29
28 30
31 32
31 35
32 33
32 34
35 36
35 37
1 0
37 36
0 1
0 2
2 3
2 36
3 4
3 35
4 5
4 34
5 6
5 13
6 7
6 8
8 9
8 12
9 10
9 11
13 14
13 19
14 15
14 16
16 17
16 18
19 20
19 23
20 21
20 22
23 24
23 27
24 25
24 26
27 28
27 31
28 29
28 30
31 32
31 33
37 36
0 1
0 2
2 3
2 36
3 4
3 35
4 5
4 34
5 6
5 13
6 7
6 8
8 9
8 12
9 10
9 11
13 14
13 19
14 15
14 16
16 17
16 18
19 20
19 23
20 21
20 22
23 24
23 27
24 25
24 26
27 28
27 31
28 29
28 30
31 32
31 33
45 44
0 1
0 44
1 2
1 11
2 3
2 10
3 4
3 7
4 5
4 6
7 8
7 9
11 12
11 43
12 13
12 42
13 14
13 21
14 15
14 16
16 17
16 20
17 18
17 19
21 22
21 27
22 23
22 24
24 25
24 26
27 28
27 31
28 29
28 30
31 32
31 35
32 33
32 34
35 36
35 39
36 37
36 38
39 40
39 41
45 44
0 1
0 44
1 2
1 11
2 3
2 10
3 4
3 7
4 5
4 6
7 8
7 9
11 12
11 43
12 13
12 42
13 14
13 21
14 15
14 16
16 17
16 20
17 18
17 19
21 22
21 27
22 23
22 24
24 25
24 26
27 28
27 31
28 29
28 30
31 32
31 35
32 33
32 34
35 36
35 39
36 37
36 38
39 40
39 41
5 4
0 1
0 4
1 2
1 3
5 4
0 1
0 4
1 2
1 3
7 6
0 1
0 6
1 2
1 5
2 3
2 4
7 6
0 1
0 6
1 2
1 5
2 3
2 4
11 10
0 1
0 10
1 2
1 9
2 3
2 8
3 4
3 5
5 6
5 7
11 10
0 1
0 10
1 2
1 9
2 3
2 8
3 4
3 5
5 6
5 7
11 10
0 1
0 10
1 2
1 9
2 3
2 8
3 4
3 5
5 6
5 7
11 10
0 1
0 10
1 2
1 9
2 3
2 8
3 4
3 5
5 6
5 7
9 8
0 1
0 8
1 2
1 7
2 3
2 6
3 4
3 5
9 8
0 1
0 8
1 2
1 7
2 3
2 6
3 4
3 5
11 10
0 1
0 2
2 3
2 10
3 4
3 5
5 6
5 7
7 8
7 9
3 2
0 1
0 2
3 2
0 1
0 2
7 6
0 1
0 6
1 2
1 5
2 3
2 4
7 6
0 1
0 6
1 2
1 5
2 3
2 4
1 0
13 12
0 1
0 12
1 2
1 11
2 3
2 10
3 4
3 9
4 5
4 8
5 6
5 7
13 12
0 1
0 12
1 2
1 11
2 3
2 10
3 4
3 9
4 5
4 8
5 6
5 7
7 6
0 1
0 6
1 2
1 5
2 3
2 4
7 6
0 1
0 6
1 2
1 5
2 3
2 4
11 10
0 1
0 2
2 3
2 10
3 4
3 9
4 5
4 6
6 7
6 8
11 10
0 1
0 2
2 3
2 10
3 4
3 9
4 5
4 6
6 7
6 8
13 12
0 1
0 12
1 2
1 11
2 3
2 4
4 5
4 10
5 6
5 9
6 7
6 8
13 12
0 1
0 12
1 2
1 11
2 3
2 4
4 5
4 10
5 6
5 9
6 7
6 8
3 2
0 1
0 2
3 2
0 1
0 2
39 49
0 1
0 9
1 2
2 3
2 4
3 5
4 5
5 6
5 7
6 8
7 8
8 10
9 10
10 11
11 12
11 34
12 13
12 32
13 14
13 15
14 22
15 16
15 17
16 21
17 18
17 19
18 20
19 20
20 21
21 22
22 23
22 24
23 31
24 25
24 29
25 26
25 27
26 28
27 28
28 30
29 30
30 31
31 33
32 33
33 11
34 35
34 38
35 36
35 37
39 50
0 1
0 9
1 2
2 3
2 4
3 5
4 5
5 6
5 7
6 8
7 8
8 10
9 10
10 11
10 34
11 12
12 13
12 32
13 14
13 15
14 22
15 16
15 17
16 21
17 18
17 19
18 20
19 20
20 21
21 22
22 23
22 24
23 31
24 25
24 29
25 26
25 27
26 28
27 28
28 30
29 30
30 31
31 33
32 33
33 12
33 34
34 35
34 38
35 36
35 37
7 8
0 1
1 2
1 6
2 3
2 4
3 5
4 5
5 1
7 9
0 1
0 6
1 2
2 3
2 4
3 5
4 5
5 2
5 6
9 10
0 1
1 2
2 3
2 7
3 4
3 5
4 6
5 6
6 2
7 8
9 11
0 1
1 2
1 7
2 3
3 4
3 5
4 6
5 6
6 3
6 7
7 8
1 0
11 10
0 1
0 2
2 3
2 4
4 5
4 10
5 6
5 9
6 7
6 8
11 10
0 1
0 2
2 3
2 4
4 5
4 10
5 6
5 9
6 7
6 8
9 8
0 1
0 8
1 2
1 3
3 4
3 5
5 6
5 7
15 14
0 1
0 2
2 3
2 14
3 4
3 13
4 5
4 10
5 6
5 9
6 7
6 8
10 11
10 12
15 14
0 1
0 2
2 3
2 14
3 4
3 13
4 5
4 10
5 6
5 9
6 7
6 8
10 11
10 12
15 14
0 1
0 2
2 3
2 14
3 4
3 13
4 5
4 10
5 6
5 9
6 7
6 8
10 11
10 12
15 14
0 1
0 2
2 3
2 14
3 4
3 13
4 5
4 10
5 6
5 9
6 7
6 8
10 11
10 12
3 2
0 1
0 2
3 2
0 1
0 2
9 8
0 1
0 8
1 2
1 7
2 3
2 4
4 5
4 6
1 0
40 42
0 1
0 2
1 6
2 3
2 4
3 5
4 5
5 6
6 7
6 39
7 8
7 38
8 9
8 37
9 10
9 36
10 11
10 35
11 12
11 34
12 13
12 33
13 14
13 32
14 15
14 31
15 16
15 30
16 17
16 29
17 18
17 28
18 19
18 27
19 20
19 26
20 21
20 22
21 23
22 23
23 24
23 25
39 41
0 1
0 2
1 6
2 3
2 4
3 5
4 5
5 6
6 7
6 38
7 8
7 37
8 9
8 36
9 10
9 35
10 11
10 34
11 12
11 33
12 13
12 32
13 14
13 31
14 15
14 30
15 16
15 29
16 17
16 28
17 18
17 27
18 19
18 26
19 20
19 25
20 21
20 22
21 23
21 24
22 23
11 10
0 1
0 10
1 2
1 9
2 3
2 8
3 4
3 5
5 6
5 7
11 10
0 1
0 10
1 2
1 9
2 3
2 8
3 4
3 5
5 6
5 7
5 4
0 1
0 4
1 2
1 3
5 4
0 1
0 4
1 2
1 3
64 84
0 1
0 62
1 2
1 60
2 3
2 4
3 59
4 5
4 6
5 58
6 7
6 8
7 57
8 9
8 10
9 56
10 11
10 12
11 55
12 13
12 14
13 54
14 15
14 16
15 53
16 17
16 18
17 52
18 19
18 20
19 51
20 21
20 22
21 50
22 23
22 24
23 49
24 25
24 26
25 48
26 27
26 28
27 47
28 29
28 30
29 46
30 31
30 32
31 45
32 33
32 34
33 44
34 35
35 36
35 37
36 40
37 38
37 39
38 40
39 40
40 41
40 42
41 43
42 43
43 44
44 45
45 46
46 47
47 48
48 49
49 50
50 51
51 52
52 53
53 54
54 55
55 56
56 57
57 58
58 59
59 61
60 61
61 63
62 63
63 82
0 1
0 61
1 2
1 59
2 3
2 4
3 58
4 5
4 6
5 57
6 7
6 8
7 56
8 9
8 10
9 55
10 11
10 12
11 54
12 13
12 14
13 53
14 15
14 16
15 52
16 17
16 18
17 51
18 19
18 20
19 50
20 21
20 22
21 49
22 23
22 24
23 48
24 25
24 26
25 47
26 27
26 28
27 46
28 29
28 30
29 45
30 31
30 32
31 44
32 33
32 34
33 43
34 35
35 36
35 37
36 40
37 38
37 39
38 40
39 41
40 42
41 42
42 43
43 44
44 45
45 46
46 47
47 48
48 49
49 50
50 51
51 52
52 53
53 54
54 55
55 56
56 57
57 58
58 60
59 60
60 62
61 62
31 40
0 1
0 29
1 2
1 24
2 3
2 19
3 4
3 17
4 5
4 15
5 6
5 13
6 7
6 11
7 8
7 9
8 10
9 10
10 12
11 12
12 14
13 14
14 16
15 16
16 18
17 18
18 23
19 20
19 21
20 22
21 22
22 23
23 28
24 25
24 26
25 27
26 27
27 28
28 30
29 30
31 40
0 1
0 29
1 2
1 24
2 3
2 19
3 4
3 17
4 5
4 15
5 6
5 13
6 7
6 11
7 8
7 9
8 10
9 10
10 12
11 12
12 14
13 14
14 16
15 16
16 18
17 18
18 23
19 20
19 21
20 22
21 22
22 23
23 28
24 25
24 26
25 27
26 27
27 28
28 30
29 30
1 0
1 0
1 0
13 18
0 1
0 2
1 3
2 3
3 4
3 5
4 6
4 5
5 6
6 7
7 8
7 9
8 7
9 10
9 11
10 12
10 11
11 12
13 19
0 1
0 2
1 3
2 3
3 4
3 5
4 6
4 5
5 6
6 7
6 9
7 8
8 8
8 9
9 10
9 11
10 12
10 11
11 12
1 0
1 0
1 0
1 0
9 10
0 1
0 5
1 2
1 3
2 4
3 4
4 6
5 6
6 7
6 8
9 10
0 1
0 5
1 2
1 3
2 4
3 4
4 6
5 6
6 7
6 8
9 10
0 1
0 5
1 2
1 3
2 4
3 4
4 6
5 6
6 7
6 8
9 10
0 1
0 5
1 2
1 3
2 4
3 4
4 6
5 6
6 7
6 8
3 3
0 1
0 2
2 0
3 3
0 1
0 2
2 0
3 3
0 1
0 2
2 0
3 3
0 1
0 2
2 0
13 18
0 1
0 2
1 3
2 3
3 4
3 5
4 6
4 5
5 6
6 7
7 8
7 9
8 7
9 10
9 11
10 12
10 11
11 12
13 19
0 1
0 2
1 3
2 3
3 4
3 5
4 6
4 5
5 6
6 7
6 9
7 8
8 8
8 9
9 10
9 11
10 12
10 11
11 12
4 4
0 1
0 2
1 3
2 3
4 4
0 1
0 2
1 3
2 3
1 0
3 2
0 1
0 2
3 2
0 1
0 2
3 3
0 1
0 2
2 0
3 3
0 1
0 2
2 0
11 10
0 1
0 2
2 3
2 4
4 5
4 6
6 7
6 8
8 9
8 10
11 10
0 1
0 2
2 3
2 4
4 5
4 6
6 7
6 8
8 9
8 10
7 8
0 1
1 2
1 6
2 3
2 4
3 5
4 5
5 1
7 8
0 1
1 2
1 6
2 3
2 4
3 5
4 5
5 1
1 0
1 0
15 14
0 1
0 14
1 2
1 13
2 3
2 8
3 4
3 7
4 5
4 6
8 9
8 12
9 10
9 11
15 14
0 1
0 14
1 2
1 13
2 3
2 8
3 4
3 7
4 5
4 6
8 9
8 12
9 10
9 11
11 13
0 1
0 2
2 3
2 10
3 4
3 5
4 0
5 6
5 7
6 0
7 8
7 9
8 0
11 13
0 1
0 2
2 3
2 10
3 4
3 5
4 0
5 6
5 7
6 0
7 8
7 9
8 0
3 2
0 1
0 2
3 2
0 1
0 2
1 0
1 0
9 12
0 1
0 2
1 3
1 2
2 3
3 4
3 5
4 6
4 5
5 6
6 7
6 8
7 6
0 1
1 2
2 3
3 4
4 5
4 6
1 0
1 0
1 0
1 0
1 0
1 0
3 2
0 1
0 2
3 2
0 1
0 2
1 0
1 0
7 10
0 1
0 6
1 2
1 6
2 3
2 6
3 4
3 6
4 5
4 6
7 10
0 1
0 6
1 2
1 6
2 3
2 6
3 4
3 6
4 5
4 6
3 2
0 1
0 2
25 32
0 1
0 24
1 2
1 3
2 4
2 3
3 4
4 5
4 6
6 7
6 23
7 8
7 22
8 9
8 21
9 10
10 11
10 16
11 12
11 16
12 13
12 16
13 14
13 16
14 15
14 16
15 17
16 17
17 18
17 19
18 20
19 20
24 29
0 1
0 23
1 2
2 3
3 4
3 5
5 6
5 22
6 7
6 21
7 8
7 20
8 9
9 10
9 15
10 11
10 15
11 12
11 15
12 13
12 15
13 14
13 15
14 16
15 16
16 17
16 18
17 19
18 19
1 0
1 0
9 10
0 1
1 2
1 3
2 6
3 4
3 5
4 6
5 6
6 7
6 8
8 8
0 1
1 2
1 3
2 6
3 4
3 5
4 6
5 7
11 13
0 1
0 2
2 3
2 10
3 4
3 5
4 0
5 6
5 7
6 0
7 8
7 9
8 0
11 13
0 1
0 2
2 3
2 10
3 4
3 5
4 0
5 6
5 7
6 0
7 8
7 9
8 0
3 2
0 1
0 2
3 2
0 1
0 2
1 0
1 0
9 12
0 1
0 2
1 3
1 2
2 3
3 4
3 5
4 6
4 5
5 6
6 7
6 8
7 6
0 1
1 2
2 3
3 4
4 5
4 6
1 0
1 0
1 0
1 0
3 2
0 1
0 2
1 0
1 0
1 0
1 0
3 2
0 1
0 2
3 2
0 1
0 2
1 0
10 10
0 1
0 9
1 2
1 8
2 3
2 4
3 5
4 5
5 6
5 7
10 10
0 1
0 9
1 2
1 8
2 3
2 4
3 5
4 5
5 6
5 7
1 0
1 0
6 8
0 1
0 5
1 2
1 5
2 3
2 5
3 4
3 5
6 8
0 1
0 5
1 2
1 5
2 3
2 5
3 4
3 5
8 8
0 1
0 7
1 2
1 7
2 3
2 6
3 4
3 5
8 8
0 1
0 7
1 2
1 7
2 3
2 6
3 4
3 5
8 8
0 1
0 7
1 2
1 7
2 3
2 6
3 4
3 5
8 8
0 1
0 7
1 2
1 7
2 3
2 6
3 4
3 5
8 8
0 1
0 7
1 2
1 7
2 3
2 6
3 4
3 5
8 8
0 1
0 7
1 2
1 7
2 3
2 6
3 4
3 5
8 8
0 1
0 7
1 2
1 7
2 3
2 6
3 4
3 5
8 8
0 1
0 7
1 2
1 7
2 3
2 6
3 4
3 5
9 10
0 1
0 8
1 2
1 8
2 3
2 7
3 4
3 7
4 5
4 6
9 10
0 1
0 8
1 2
1 8
2 3
2 7
3 4
3 7
4 5
4 6
21 24
0 1
0 20
1 2
1 20
2 3
2 19
3 4
3 19
4 5
4 18
5 6
5 17
6 7
6 17
7 8
7 16
8 9
8 15
9 10
9 11
10 12
11 12
12 13
12 14
20 22
0 1
0 19
1 2
1 19
2 3
2 18
3 4
3 18
4 5
4 17
5 6
5 16
6 7
6 16
7 8
7 15
8 9
8 14
9 10
9 11
10 12
11 13
3 2
0 1
0 2
3 2
0 1
0 2
19 24
0 1
0 18
1 2
1 18
2 3
2 17
3 4
3 17
4 5
4 17
5 6
5 17
6 7
6 17
7 8
7 17
8 9
8 16
9 10
9 15
10 11
10 14
11 12
11 13
19 24
0 1
0 18
1 2
1 18
2 3
2 17
3 4
3 17
4 5
4 17
5 6
5 17
6 7
6 17
7 8
7 17
8 9
8 16
9 10
9 15
10 11
10 14
11 12
11 13
19 24
0 1
0 18
1 2
1 18
2 3
2 17
3 4
3 17
4 5
4 17
5 6
5 17
6 7
6 17
7 8
7 17
8 9
8 16
9 10
9 15
10 11
10 14
11 12
11 13
19 24
0 1
0 18
1 2
1 18
2 3
2 17
3 4
3 17
4 5
4 17
5 6
5 17
6 7
6 17
7 8
7 17
8 9
8 16
9 10
9 15
10 11
10 14
11 12
11 13
19 24
0 1
0 18
1 2
1 18
2 3
2 17
3 4
3 17
4 5
4 17
5 6
5 17
6 7
6 17
7 8
7 17
8 9
8 16
9 10
9 15
10 11
10 14
11 12
11 13
19 24
0 1
0 18
1 2
1 18
2 3
2 17
3 4
3 17
4 5
4 17
5 6
5 17
6 7
6 17
7 8
7 17
8 9
8 16
9 10
9 15
10 11
10 14
11 12
11 13
5 4
0 1
0 4
1 2
1 3
5 4
0 1
0 4
1 2
1 3
17 22
0 1
0 16
1 2
1 16
2 3
2 15
3 4
3 15
4 5
4 15
5 6
5 15
6 7
6 15
7 8
7 15
8 9
8 14
9 10
9 13
10 11
10 12
17 22
0 1
0 16
1 2
1 16
2 3
2 15
3 4
3 15
4 5
4 15
5 6
5 15
6 7
6 15
7 8
7 15
8 9
8 14
9 10
9 13
10 11
10 12
19 24
0 1
0 18
1 2
1 18
2 3
2 17
3 4
3 17
4 5
4 17
5 6
5 17
6 7
6 17
7 8
7 17
8 9
8 16
9 10
9 15
10 11
10 14
11 12
11 13
19 24
0 1
0 18
1 2
1 18
2 3
2 17
3 4
3 17
4 5
4 17
5 6
5 17
6 7
6 17
7 8
7 17
8 9
8 16
9 10
9 15
10 11
10 14
11 12
11 13
7 6
0 1
0 6
1 2
1 5
2 3
2 4
7 6
0 1
0 6
1 2
1 5
2 3
2 4
9 8
0 1
0 8
1 2
1 7
2 3
2 6
3 4
3 5
9 8
0 1
0 8
1 2
1 7
2 3
2 6
3 4
3 5
4 4
0 1
0 3
1 2
1 3
4 4
0 1
0 3
1 2
1 3
11 10
0 1
0 10
1 2
1 9
2 3
2 8
3 4
3 7
4 5
4 6
11 10
0 1
0 10
1 2
1 9
2 3
2 8
3 4
3 7
4 5
4 6
4 4
0 1
0 3
1 2
1 3
4 4
0 1
0 3
1 2
1 3
9 8
0 1
0 8
1 2
1 7
2 3
2 6
3 4
3 5
9 8
0 1
0 8
1 2
1 7
2 3
2 6
3 4
3 5
4 4
0 1
0 3
1 2
1 3
4 4
0 1
0 3
1 2
1 3
9 8
0 1
0 8
1 2
1 7
2 3
2 6
3 4
3 5
9 8
0 1
0 8
1 2
1 7
2 3
2 6
3 4
3 5
1 0
1 0
4 4
0 1
0 3
1 2
1 3
4 4
0 1
0 3
1 2
1 3
11 10
0 1
0 10
1 2
1 9
2 3
2 8
3 4
3 7
4 5
4 6
11 10
0 1
0 10
1 2
1 9
2 3
2 8
3 4
3 7
4 5
4 6
18 20
0 1
0 17
1 2
1 16
2 3
2 16
3 4
3 15
4 5
4 15
5 6
5 14
6 7
6 14
7 8
7 13
8 9
8 12
9 10
9 11
18 20
0 1
0 17
1 2
1 16
2 3
2 16
3 4
3 15
4 5
4 15
5 6
5 14
6 7
6 14
7 8
7 13
8 9
8 12
9 10
9 11
13 14
0 1
0 12
1 2
1 12
2 3
2 11
3 4
3 11
4 5
4 10
5 6
5 9
6 7
6 8
13 14
0 1
0 12
1 2
1 12
2 3
2 11
3 4
3 11
4 5
4 10
5 6
5 9
6 7
6 8
19 22
0 1
0 18
1 2
1 18
2 3
2 17
3 4
3 17
4 5
4 16
5 6
5 15
6 7
6 14
7 8
7 10
8 9
8 10
9 11
10 11
11 12
11 13
18 21
0 1
0 17
1 2
1 17
2 3
2 16
3 4
3 16
4 5
4 15
5 6
5 14
6 7
6 13
7 8
7 10
8 9
8 10
9 11
9 12
10 12
11 10
0 1
0 10
1 2
1 9
2 3
2 8
3 4
3 7
4 5
4 6
11 10
0 1
0 10
1 2
1 9
2 3
2 8
3 4
3 7
4 5
4 6
1 0
7 6
0 1
0 2
2 3
2 6
3 4
3 5
7 6
0 1
0 2
2 3
2 6
3 4
3 5
21 22
0 1
0 20
1 2
1 20
2 3
2 19
3 4
3 19
4 5
4 18
5 6
5 17
6 7
6 16
7 8
7 15
8 9
8 14
9 10
9 13
10 11
10 12
21 22
0 1
0 20
1 2
1 20
2 3
2 19
3 4
3 19
4 5
4 18
5 6
5 17
6 7
6 16
7 8
7 15
8 9
8 14
9 10
9 13
10 11
10 12
23 29
0 1
0 2
1 3
2 3
3 4
3 22
4 5
4 18
5 6
5 7
6 8
6 7
7 8
8 9
8 16
9 10
9 14
10 11
10 12
11 13
12 13
13 15
14 15
15 17
16 17
17 19
18 19
19 20
19 21
22 26
0 1
0 2
1 3
2 3
3 4
3 21
4 5
4 17
5 6
6 7
7 8
7 15
8 9
8 13
9 10
9 11
10 12
11 12
12 14
13 14
14 16
15 16
16 18
17 18
18 19
18 20
11 10
0 1
0 10
1 2
1 9
2 3
2 8
3 4
3 7
4 5
4 6
11 10
0 1
0 10
1 2
1 9
2 3
2 8
3 4
3 7
4 5
4 6
11 10
0 1
0 10
1 2
1 9
2 3
2 8
3 4
3 7
4 5
4 6
11 10
0 1
0 10
1 2
1 9
2 3
2 8
3 4
3 7
4 5
4 6
15 14
0 1
0 14
1 2
1 13
2 3
2 12
3 4
3 11
4 5
4 10
5 6
5 9
6 7
6 8
15 14
0 1
0 14
1 2
1 13
2 3
2 12
3 4
3 11
4 5
4 10
5 6
5 9
6 7
6 8
9 8
0 1
0 8
1 2
1 7
2 3
2 6
3 4
3 5
9 8
0 1
0 8
1 2
1 7
2 3
2 6
3 4
3 5
16 20
0 1
0 15
1 2
1 15
2 3
2 14
3 4
3 14
4 5
4 14
5 6
5 13
6 7
6 9
7 8
7 9
8 10
9 10
10 11
10 12
16 20
0 1
0 15
1 2
1 15
2 3
2 14
3 4
3 14
4 5
4 14
5 6
5 13
6 7
6 9
7 8
7 9
8 10
9 10
10 11
10 12
1 0
4 4
0 1
0 2
1 3
2 3
4 4
0 1
0 2
1 3
2 3
3 2
0 1
0 2
3 2
0 1
0 2
3 2
0 1
0 2
3 2
0 1
0 2
12 12
0 1
0 11
1 2
1 10
2 3
2 9
3 4
3 5
4 6
5 6
6 7
6 8
12 12
0 1
0 11
1 2
1 10
2 3
2 9
3 4
3 5
4 6
5 6
6 7
6 8
1 0
1 0
11 10
0 1
0 10
1 2
1 9
2 3
2 8
3 4
3 7
4 5
4 6
11 10
0 1
0 10
1 2
1 9
2 3
2 8
3 4
3 7
4 5
4 6
1 0
1 0
1 0
1 0
1 0
1 0
1 0
3 2
0 1
0 2
3 2
0 1
0 2
1 0
15 18
0 1
0 14
1 2
1 14
2 3
2 13
3 4
3 13
4 5
4 13
5 6
5 12
6 7
6 8
7 9
8 9
9 10
9 11
14 17
0 1
0 13
1 2
1 13
2 3
2 12
3 4
3 12
4 5
4 12
5 6
5 11
6 7
6 8
7 9
7 10
8 10
1 0
5 4
0 1
0 4
1 2
1 3
5 4
0 1
0 4
1 2
1 3
5 4
0 1
0 4
1 2
1 3
5 4
0 1
0 4
1 2
1 3
5 4
0 1
0 4
1 2
1 3
5 4
0 1
0 4
1 2
1 3
3 2
0 1
0 2
3 2
0 1
0 2
10 10
0 1
0 9
1 2
1 8
2 3
2 4
3 5
4 5
5 6
5 7
9 8
0 1
0 8
1 2
1 7
2 3
2 4
3 5
4 6
10 10
0 1
0 9
1 2
1 8
2 3
2 4
3 5
4 5
5 6
5 7
9 8
0 1
0 8
1 2
1 7
2 3
2 4
3 5
4 6
13 14
0 1
0 12
1 2
1 11
2 3
2 7
3 4
3 5
4 6
5 6
6 8
7 8
8 9
8 10
13 14
0 1
0 12
1 2
1 11
2 3
2 7
3 4
3 5
4 6
5 6
6 8
7 8
8 9
8 10
1 0
1 0
1 0
1 0
1 0
1 0
1 0
1 0
1 0
25 30
0 1
0 24
1 2
1 24
2 3
2 23
3 4
3 23
4 5
4 22
5 6
5 21
6 7
6 17
7 8
7 15
8 9
8 13
9 10
9 11
10 12
11 12
12 14
13 14
14 16
15 16
16 18
17 18
18 19
18 20
25 30
0 1
0 24
1 2
1 24
2 3
2 23
3 4
3 23
4 5
4 22
5 6
5 21
6 7
6 17
7 8
7 15
8 9
8 13
9 10
9 11
10 12
11 12
12 14
13 14
14 16
15 16
16 18
17 18
18 19
18 20
18 20
0 1
0 17
1 2
1 3
2 4
3 4
4 5
4 16
5 6
5 7
6 8
7 8
8 9
8 15
9 10
9 11
10 12
11 12
12 13
12 14
18 20
0 1
0 17
1 2
1 3
2 4
3 4
4 5
4 16
5 6
5 7
6 8
7 8
8 9
8 15
9 10
9 11
10 12
11 12
12 13
12 14
43 52
0 1
0 42
1 2
1 42
2 3
2 41
3 4
3 41
4 5
4 40
5 6
5 39
6 7
6 38
7 8
8 9
8 10
9 13
10 11
10 12
11 13
12 13
13 14
13 37
14 15
14 36
15 16
15 32
16 17
16 30
17 18
17 19
18 20
19 20
20 21
20 28
21 22
21 23
22 24
23 24
24 25
24 26
25 27
26 27
27 29
28 29
29 31
30 31
31 33
32 33
33 34
33 35
40 47
0 1
0 39
1 2
1 39
2 3
2 38
3 4
3 38
4 5
4 37
5 6
5 36
6 7
6 35
7 8
8 9
8 10
9 13
10 11
10 12
11 13
12 13
13 14
14 15
14 34
15 16
15 30
16 17
16 28
17 18
17 19
18 20
19 26
20 21
20 22
21 23
22 24
23 25
24 25
25 27
26 27
27 29
28 29
29 31
30 31
31 32
31 33
1 0
1 0
39 48
0 1
0 38
1 2
1 37
2 3
2 7
3 4
3 5
4 6
5 6
6 8
7 8
8 9
8 36
9 10
9 32
10 11
10 30
11 12
11 13
12 14
13 14
14 15
14 28
15 16
15 26
16 17
16 18
17 19
18 19
19 20
19 24
20 21
20 22
21 23
22 23
23 25
24 25
25 27
26 27
27 29
28 29
29 31
30 31
31 33
32 33
33 34
33 35
37 44
0 1
0 36
1 2
1 35
2 3
2 7
3 4
3 5
4 6
5 6
6 8
7 8
8 9
8 34
9 10
9 30
10 11
10 28
11 12
11 13
12 14
13 26
14 15
14 24
15 16
15 17
16 18
17 22
18 19
18 20
19 21
20 21
21 23
22 23
23 25
24 25
25 27
26 27
27 29
28 29
29 31
30 31
31 32
31 33
27 32
0 1
0 26
1 2
1 25
2 3
2 4
3 5
4 5
5 6
5 24
6 7
6 20
7 8
7 18
8 9
8 10
9 11
10 11
11 12
11 16
12 13
12 14
13 15
14 15
15 17
16 17
17 19
18 19
19 21
20 21
21 22
21 23
25 28
0 1
0 24
1 2
1 23
2 3
2 4
3 5
4 22
5 6
5 18
6 7
6 16
7 8
7 9
8 10
9 14
10 11
10 12
11 13
12 13
13 15
14 15
15 17
16 17
17 19
18 19
19 20
19 21
3 2
0 1
0 2
3 2
0 1
0 2
15 16
0 1
0 14
1 2
2 3
2 4
3 5
4 5
5 6
5 13
6 7
7 8
7 9
8 10
9 10
10 11
10 12
13 12
0 1
0 12
1 2
2 3
2 4
3 5
4 11
5 6
6 7
6 8
7 9
8 10
25 29
0 1
0 24
1 2
1 23
2 3
2 22
3 4
3 18
4 5
4 16
5 6
6 7
6 8
7 9
8 9
9 10
9 14
10 11
10 12
11 13
12 13
13 15
14 15
15 17
16 17
17 19
18 19
19 20
19 21
24 27
0 1
0 23
1 2
1 22
2 3
2 21
3 4
3 17
4 5
4 15
5 6
6 7
6 8
7 9
8 13
9 10
9 11
10 12
11 12
12 14
13 14
14 16
15 16
16 18
17 18
18 19
18 20
18 18
0 1
0 17
1 2
1 17
2 3
2 16
3 4
3 15
4 5
4 14
5 6
5 13
6 7
6 12
7 8
7 11
8 9
8 10
18 18
0 1
0 17
1 2
1 17
2 3
2 16
3 4
3 15
4 5
4 14
5 6
5 13
6 7
6 12
7 8
7 11
8 9
8 10
23 26
0 1
0 22
1 2
1 22
2 3
2 21
3 4
3 21
4 5
4 20
5 6
5 19
6 7
6 18
7 8
7 9
8 10
9 10
10 11
10 17
11 12
11 13
12 14
13 14
14 15
14 16
21 23
0 1
0 20
1 2
1 20
2 3
2 19
3 4
3 19
4 5
4 18
5 6
5 17
6 7
6 16
7 8
7 9
8 10
9 15
10 11
10 12
11 13
11 14
12 14
1 0
1 0
20 24
0 1
0 19
1 2
1 19
2 3
2 18
3 4
3 18
4 5
4 17
5 6
5 13
6 7
6 11
7 8
7 9
8 10
9 10
10 12
11 12
12 14
13 14
14 15
14 16
20 24
0 1
0 19
1 2
1 19
2 3
2 18
3 4
3 18
4 5
4 17
5 6
5 13
6 7
6 11
7 8
7 9
8 10
9 10
10 12
11 12
12 14
13 14
14 15
14 16
19 22
0 1
0 18
1 2
1 18
2 3
2 17
3 4
3 16
4 5
4 16
5 6
5 15
6 7
6 11
7 8
7 9
8 10
9 10
10 12
11 12
12 13
12 14
19 22
0 1
0 18
1 2
1 18
2 3
2 17
3 4
3 16
4 5
4 16
5 6
5 15
6 7
6 11
7 8
7 9
8 10
9 10
10 12
11 12
12 13
12 14
1 0
1 0
1 0
7 6
0 1
0 6
1 2
1 5
2 3
2 4
7 6
0 1
0 6
1 2
1 5
2 3
2 4
1 0
32 42
0 1
0 31
1 2
1 31
2 3
2 30
3 4
3 30
4 5
4 29
5 6
5 28
6 7
6 10
7 8
7 10
8 9
8 10
9 11
10 11
11 12
11 27
12 13
12 16
13 14
13 16
14 15
14 16
15 17
16 17
17 18
17 26
18 19
18 22
19 20
19 22
20 21
20 22
21 23
22 23
23 24
23 25
32 42
0 1
0 31
1 2
1 31
2 3
2 30
3 4
3 30
4 5
4 29
5 6
5 28
6 7
6 10
7 8
7 10
8 9
8 10
9 11
10 11
11 12
11 27
12 13
12 16
13 14
13 16
14 15
14 16
15 17
16 17
17 18
17 26
18 19
18 22
19 20
19 22
20 21
20 22
21 23
22 23
23 24
23 25
1 0
28 30
0 1
0 27
1 2
1 27
2 3
2 26
3 4
3 26
4 5
4 25
5 6
5 24
6 7
6 23
7 8
7 22
8 9
8 21
9 10
9 20
10 11
10 19
11 12
11 19
12 13
12 18
13 14
13 17
14 15
14 16
28 30
0 1
0 27
1 2
1 27
2 3
2 26
3 4
3 26
4 5
4 25
5 6
5 24
6 7
6 23
7 8
7 22
8 9
8 21
9 10
9 20
10 11
10 19
11 12
11 19
12 13
12 18
13 14
13 17
14 15
14 16
1 0
15 16
0 1
0 14
1 2
1 14
2 3
2 13
3 4
3 13
4 5
4 12
5 6
5 11
6 7
6 10
7 8
7 9
15 16
0 1
0 14
1 2
1 14
2 3
2 13
3 4
3 13
4 5
4 12
5 6
5 11
6 7
6 10
7 8
7 9
1 0
15 18
0 1
0 14
1 2
1 14
2 3
2 13
3 4
3 13
4 5
4 12
5 6
5 11
6 7
6 10
7 8
7 10
8 9
8 10
15 18
0 1
0 14
1 2
1 14
2 3
2 13
3 4
3 13
4 5
4 12
5 6
5 11
6 7
6 10
7 8
7 10
8 9
8 10
3 2
0 1
0 2
3 2
0 1
0 2
12 12
0 1
0 11
1 2
1 10
2 3
2 4
3 5
4 5
5 6
5 9
6 7
6 8
11 10
0 1
0 10
1 2
1 9
2 3
2 4
3 5
4 8
5 6
5 7
3 2
0 1
0 2
3 2
0 1
0 2
3 2
0 1
0 2
3 2
0 1
0 2
7 6
0 1
0 6
1 2
1 5
2 3
2 4
7 6
0 1
0 6
1 2
1 5
2 3
2 4
1 0
20 22
0 1
0 19
1 2
1 19
2 3
2 18
3 4
3 18
4 5
4 17
5 6
5 16
6 7
6 15
7 8
7 14
8 9
8 10
9 11
10 11
11 12
11 13
20 22
0 1
0 19
1 2
1 19
2 3
2 18
3 4
3 18
4 5
4 17
5 6
5 16
6 7
6 15
7 8
7 14
8 9
8 10
9 11
10 11
11 12
11 13
5 4
0 1
0 4
1 2
1 3
5 4
0 1
0 4
1 2
1 3
5 4
0 1
0 4
1 2
1 3
5 4
0 1
0 4
1 2
1 3
17 16
0 1
0 16
1 2
1 15
2 3
2 14
3 4
3 13
4 5
4 12
5 6
5 11
6 7
6 10
7 8
7 9
17 16
0 1
0 16
1 2
1 15
2 3
2 14
3 4
3 13
4 5
4 12
5 6
5 11
6 7
6 10
7 8
7 9
1 0
38 46
0 1
0 37
1 2
1 37
2 3
2 36
3 4
3 35
4 5
4 34
5 6
5 34
6 7
6 33
7 8
7 32
8 9
8 28
9 10
9 26
10 11
10 24
11 12
11 22
12 13
12 17
13 14
13 15
14 16
15 16
16 18
17 18
18 19
18 20
19 21
20 21
21 23
22 23
23 25
24 25
25 27
26 27
27 29
28 29
29 30
29 31
38 46
0 1
0 37
1 2
1 37
2 3
2 36
3 4
3 35
4 5
4 34
5 6
5 34
6 7
6 33
7 8
7 32
8 9
8 28
9 10
9 26
10 11
10 24
11 12
11 22
12 13
12 17
13 14
13 15
14 16
15 16
16 18
17 18
18 19
18 20
19 21
20 21
21 23
22 23
23 25
24 25
25 27
26 27
27 29
28 29
29 30
29 31
1 0
5 4
0 1
0 2
2 3
2 4
5 4
0 1
0 2
2 3
2 4
1 0
1 0
9 10
0 1
0 2
2 3
3 4
3 5
4 8
5 6
5 7
6 8
7 8
9 10
0 1
0 2
2 3
3 4
3 5
4 8
5 6
5 7
6 8
7 8
5 4
0 1
0 2
2 3
2 4
5 4
0 1
0 2
2 3
2 4
1 0
1 0
9 10
0 1
0 2
2 3
3 4
3 5
4 8
5 6
5 7
6 8
7 8
9 10
0 1
0 2
2 3
3 4
3 5
4 8
5 6
5 7
6 8
7 8
1 0
1 0
3 2
0 1
0 2
3 2
0 1
0 2
1 0
25 28
0 1
0 24
1 2
1 24
2 3
2 23
3 4
3 23
4 5
4 22
5 6
5 21
6 7
6 8
7 9
8 9
9 10
9 20
10 11
10 12
11 13
12 13
13 14
13 19
14 15
14 18
15 16
15 17
23 25
0 1
0 22
1 2
1 22
2 3
2 21
3 4
3 21
4 5
4 20
5 6
5 19
6 7
6 8
7 9
8 18
9 10
9 11
10 12
10 17
11 17
12 13
12 16
13 14
13 15
1 0
18 20
0 1
0 17
1 2
1 17
2 3
2 16
3 4
3 16
4 5
4 15
5 6
5 14
6 7
6 8
7 9
8 9
9 10
9 13
10 11
10 12
17 19
0 1
0 16
1 2
1 16
2 3
2 15
3 4
3 15
4 5
4 14
5 6
5 13
6 7
6 8
7 9
7 12
8 12
9 10
9 11
5 4
0 1
0 4
1 2
1 3
5 4
0 1
0 4
1 2
1 3
1 0
19 21
0 1
0 18
1 2
1 18
2 3
2 17
3 4
3 17
4 5
4 16
5 6
5 15
6 7
7 8
7 9
8 10
9 10
10 11
10 14
11 12
11 13
18 19
0 1
0 17
1 2
1 17
2 3
2 16
3 4
3 16
4 5
4 15
5 6
5 14
6 7
7 8
7 9
8 10
9 13
10 11
10 12
1 0
18 20
0 1
0 17
1 2
1 17
2 3
2 16
3 4
3 16
4 5
4 15
5 6
5 14
6 7
6 13
7 8
7 9
8 10
9 10
10 11
10 12
17 19
0 1
0 16
1 2
1 16
2 3
2 15
3 4
3 15
4 5
4 14
5 6
5 13
6 7
6 12
7 8
7 9
8 10
8 11
9 11
1 0
1 0
1 0
1 0
1 0
1 0
1 0
1 0
13 12
0 1
0 12
1 2
1 11
2 3
2 10
3 4
3 9
4 5
4 8
5 6
5 7
13 12
0 1
0 12
1 2
1 11
2 3
2 10
3 4
3 9
4 5
4 8
5 6
5 7
23 22
0 1
0 22
1 2
1 21
2 3
2 20
3 4
3 19
4 5
4 18
5 6
5 17
6 7
6 16
7 8
7 15
8 9
8 14
9 10
9 13
10 11
10 12
23 22
0 1
0 22
1 2
1 21
2 3
2 20
3 4
3 19
4 5
4 18
5 6
5 17
6 7
6 16
7 8
7 15
8 9
8 14
9 10
9 13
10 11
10 12
9 8
0 1
0 8
1 2
1 7
2 3
2 6
3 4
3 5
9 8
0 1
0 8
1 2
1 7
2 3
2 6
3 4
3 5
11 10
0 1
0 10
1 2
1 9
2 3
2 8
3 4
3 7
4 5
4 6
11 10
0 1
0 10
1 2
1 9
2 3
2 8
3 4
3 7
4 5
4 6
3 2
0 1
0 2
3 2
0 1
0 2
15 14
0 1
0 14
1 2
1 13
2 3
2 12
3 4
3 11
4 5
4 10
5 6
5 9
6 7
6 8
15 14
0 1
0 14
1 2
1 13
2 3
2 12
3 4
3 11
4 5
4 10
5 6
5 9
6 7
6 8
7 6
0 1
0 6
1 2
1 5
2 3
2 4
7 6
0 1
0 6
1 2
1 5
2 3
2 4
17 16
0 1
0 16
1 2
1 15
2 3
2 14
3 4
3 13
4 5
4 12
5 6
5 11
6 7
6 10
7 8
7 9
17 16
0 1
0 16
1 2
1 15
2 3
2 14
3 4
3 13
4 5
4 12
5 6
5 11
6 7
6 10
7 8
7 9
13 16
0 1
0 2
1 3
2 3
3 4
3 5
4 6
5 6
6 7
6 8
7 9
8 9
9 10
9 11
10 12
11 12
13 16
0 1
0 2
1 3
2 3
3 4
3 5
4 6
5 6
6 7
6 8
7 9
8 9
9 10
9 11
10 12
11 12
31 40
0 1
0 2
1 3
2 3
3 4
3 5
4 6
5 6
6 7
6 8
7 9
8 9
9 10
9 11
10 12
11 12
12 13
12 14
13 15
14 15
15 16
15 17
16 18
17 18
18 19
18 20
19 21
20 21
21 22
21 23
22 24
23 24
24 25
24 26
25 27
26 27
27 28
27 29
28 30
29 30
31 40
0 1
0 2
1 3
2 3
3 4
3 5
4 6
5 6
6 7
6 8
7 9
8 9
9 10
9 11
10 12
11 12
12 13
12 14
13 15
14 15
15 16
15 17
16 18
17 18
18 19
18 20
19 21
20 21
21 22
21 23
22 24
23 24
24 25
24 26
25 27
26 27
27 28
27 29
28 30
29 30
25 32
0 1
0 2
1 3
2 3
3 4
3 5
4 6
5 6
6 7
6 8
7 9
8 9
9 10
9 11
10 12
11 12
12 13
12 14
13 15
14 15
15 16
15 17
16 18
17 18
18 19
18 20
19 21
20 21
21 22
21 23
22 24
23 24
25 32
0 1
0 2
1 3
2 3
3 4
3 5
4 6
5 6
6 7
6 8
7 9
8 9
9 10
9 11
10 12
11 12
12 13
12 14
13 15
14 15
15 16
15 17
16 18
17 18
18 19
18 20
19 21
20 21
21 22
21 23
22 24
23 24
19 18
0 1
0 18
1 2
1 17
2 3
2 16
3 4
3 15
4 5
4 14
5 6
5 13
6 7
6 12
7 8
7 11
8 9
8 10
19 18
0 1
0 18
1 2
1 17
2 3
2 16
3 4
3 15
4 5
4 14
5 6
5 13
6 7
6 12
7 8
7 11
8 9
8 10
57 67
0 1
0 2
2 3
3 4
3 17
4 5
4 16
5 6
5 15
6 7
6 14
7 8
7 13
8 9
8 12
9 10
9 11
10 18
11 18
12 18
13 18
14 18
15 18
16 18
17 18
18 19
18 20
20 21
20 22
22 23
23 24
23 31
24 25
24 30
25 26
25 29
26 27
26 28
27 32
28 32
29 32
30 32
31 32
32 33
32 34
34 35
34 36
36 37
36 38
38 39
38 40
40 41
40 42
42 43
42 44
44 45
44 46
46 47
46 48
48 49
48 50
50 51
50 52
52 53
52 54
54 55
54 56
57 67
0 1
0 2
2 3
3 4
3 17
4 5
4 16
5 6
5 15
6 7
6 14
7 8
7 13
8 9
8 12
9 10
9 11
10 18
11 18
12 18
13 18
14 18
15 18
16 18
17 18
18 19
18 20
20 21
20 22
22 23
23 24
23 31
24 25
24 30
25 26
25 29
26 27
26 28
27 32
28 32
29 32
30 32
31 32
32 33
32 34
34 35
34 36
36 37
36 38
38 39
38 40
40 41
40 42
42 43
42 44
44 45
44 46
46 47
46 48
48 49
48 50
50 51
50 52
52 53
52 54
54 55
54 56
3 2
0 1
0 2
3 2
0 1
0 2
3 2
0 1
0 2
3 2
0 1
0 2
4 4
0 1
0 3
1 2
1 3
4 4
0 1
0 3
1 2
1 3
3 2
0 1
0 2
3 2
0 1
0 2
25 24
0 1
0 24
1 2
1 23
2 3
2 22
3 4
3 21
4 5
4 20
5 6
5 19
6 7
6 18
7 8
7 17
8 9
8 16
9 10
9 15
10 11
10 14
11 12
11 13
25 24
0 1
0 24
1 2
1 23
2 3
2 22
3 4
3 21
4 5
4 20
5 6
5 19
6 7
6 18
7 8
7 17
8 9
8 16
9 10
9 15
10 11
10 14
11 12
11 13
75 87
0 1
0 74
1 2
1 73
2 3
2 72
3 4
3 71
4 5
4 70
5 6
5 69
6 7
6 68
7 8
8 9
8 18
9 10
9 17
10 11
10 16
11 12
11 15
12 13
12 14
13 19
14 19
15 19
16 19
17 19
18 19
19 20
19 67
20 21
20 66
21 22
22 23
22 30
23 24
23 29
24 25
24 28
25 26
25 27
26 31
27 31
28 31
29 31
30 31
31 32
31 65
32 33
32 64
33 34
34 35
34 42
35 36
35 41
36 37
36 40
37 38
37 39
38 43
39 43
40 43
41 43
42 43
43 44
43 63
44 45
44 62
45 46
45 61
46 47
46 60
47 48
47 59
48 49
48 58
49 50
49 57
50 51
50 56
51 52
51 55
52 53
52 54
72 81
0 1
0 71
1 2
1 70
2 3
2 69
3 4
3 68
4 5
4 67
5 6
5 66
6 7
6 65
7 8
8 9
8 18
9 10
9 17
10 11
10 16
11 12
11 15
12 13
12 14
13 19
14 64
15 64
16 64
17 64
18 64
19 20
19 63
20 21
21 22
21 29
22 23
22 28
23 24
23 27
24 25
24 26
25 30
26 62
27 62
28 62
29 62
30 31
30 61
31 32
32 33
32 40
33 34
33 39
34 35
34 38
35 36
35 37
36 41
37 60
38 60
39 60
40 60
41 42
41 59
42 43
42 58
43 44
43 57
44 45
44 56
45 46
45 55
46 47
46 54
47 48
47 53
48 49
48 52
49 50
49 51
19 18
0 1
0 18
1 2
1 17
2 3
2 16
3 4
3 15
4 5
4 14
5 6
5 13
6 7
6 12
7 8
7 11
8 9
8 10
19 18
0 1
0 18
1 2
1 17
2 3
2 16
3 4
3 15
4 5
4 14
5 6
5 13
6 7
6 12
7 8
7 11
8 9
8 10
9 8
0 1
0 8
1 2
1 7
2 3
2 6
3 4
3 5
9 8
0 1
0 8
1 2
1 7
2 3
2 6
3 4
3 5
11 10
0 1
0 10
1 2
1 9
2 3
2 8
3 4
3 7
4 5
4 6
11 10
0 1
0 10
1 2
1 9
2 3
2 8
3 4
3 7
4 5
4 6
35 34
0 1
0 34
1 2
1 33
2 3
2 32
3 4
3 31
4 5
4 30
5 6
5 29
6 7
6 28
7 8
7 27
8 9
8 26
9 10
9 25
10 11
10 24
11 12
11 23
12 13
12 22
13 14
13 21
14 15
14 20
15 16
15 19
16 17
16 18
35 34
0 1
0 34
1 2
1 33
2 3
2 32
3 4
3 31
4 5
4 30
5 6
5 29
6 7
6 28
7 8
7 27
8 9
8 26
9 10
9 25
10 11
10 24
11 12
11 23
12 13
12 22
13 14
13 21
14 15
14 20
15 16
15 19
16 17
16 18
15 14
0 1
0 14
1 2
1 13
2 3
2 12
3 4
3 11
4 5
4 10
5 6
5 9
6 7
6 8
15 14
0 1
0 14
1 2
1 13
2 3
2 12
3 4
3 11
4 5
4 10
5 6
5 9
6 7
6 8
9 8
0 1
0 8
1 2
1 7
2 3
2 6
3 4
3 5
9 8
0 1
0 8
1 2
1 7
2 3
2 6
3 4
3 5
27 26
0 1
0 26
1 2
1 25
2 3
2 24
3 4
3 23
4 5
4 22
5 6
5 21
6 7
6 20
7 8
7 19
8 9
8 18
9 10
9 17
10 11
10 16
11 12
11 15
12 13
12 14
27 26
0 1
0 26
1 2
1 25
2 3
2 24
3 4
3 23
4 5
4 22
5 6
5 21
6 7
6 20
7 8
7 19
8 9
8 18
9 10
9 17
10 11
10 16
11 12
11 15
12 13
12 14
15 14
0 1
0 14
1 2
1 13
2 3
2 12
3 4
3 11
4 5
4 10
5 6
5 9
6 7
6 8
15 14
0 1
0 14
1 2
1 13
2 3
2 12
3 4
3 11
4 5
4 10
5 6
5 9
6 7
6 8
13 12
0 1
0 12
1 2
1 11
2 3
2 10
3 4
3 9
4 5
4 8
5 6
5 7
13 12
0 1
0 12
1 2
1 11
2 3
2 10
3 4
3 9
4 5
4 8
5 6
5 7
21 22
0 1
0 20
1 2
1 20
2 3
2 19
3 4
3 19
4 5
4 18
5 6
5 17
6 7
6 16
7 8
7 15
8 9
8 14
9 10
9 13
10 11
10 12
21 22
0 1
0 20
1 2
1 20
2 3
2 19
3 4
3 19
4 5
4 18
5 6
5 17
6 7
6 16
7 8
7 15
8 9
8 14
9 10
9 13
10 11
10 12
9 8
0 1
0 8
1 2
1 7
2 3
2 6
3 4
3 5
9 8
0 1
0 8
1 2
1 7
2 3
2 6
3 4
3 5
11 12
0 1
0 10
1 2
1 10
2 3
2 9
3 4
3 9
4 5
4 8
5 6
5 7
11 12
0 1
0 10
1 2
1 10
2 3
2 9
3 4
3 9
4 5
4 8
5 6
5 7
7 6
0 1
0 6
1 2
1 5
2 3
2 4
7 6
0 1
0 6
1 2
1 5
2 3
2 4
17 18
0 1
0 16
1 2
1 16
2 3
2 15
3 4
3 15
4 5
4 14
5 6
5 13
6 7
6 12
7 8
7 11
8 9
8 10
17 18
0 1
0 16
1 2
1 16
2 3
2 15
3 4
3 15
4 5
4 14
5 6
5 13
6 7
6 12
7 8
7 11
8 9
8 10
9 8
0 1
0 8
1 2
1 7
2 3
2 6
3 4
3 5
9 8
0 1
0 8
1 2
1 7
2 3
2 6
3 4
3 5
1 0
25 28
0 1
0 24
1 2
1 24
2 3
2 23
3 4
3 23
4 5
4 22
5 6
5 21
6 7
6 11
7 8
7 9
8 10
9 10
10 12
11 12
12 13
12 20
13 14
13 19
14 15
14 18
15 16
15 17
25 28
0 1
0 24
1 2
1 24
2 3
2 23
3 4
3 23
4 5
4 22
5 6
5 21
6 7
6 11
7 8
7 9
8 10
9 10
10 12
11 12
12 13
12 20
13 14
13 19
14 15
14 18
15 16
15 17
23 22
0 1
0 22
1 2
1 21
2 3
2 20
3 4
3 19
4 5
4 18
5 6
5 17
6 7
6 16
7 8
7 15
8 9
8 14
9 10
9 13
10 11
10 12
23 22
0 1
0 22
1 2
1 21
2 3
2 20
3 4
3 19
4 5
4 18
5 6
5 17
6 7
6 16
7 8
7 15
8 9
8 14
9 10
9 13
10 11
10 12
28 34
0 1
0 27
1 2
1 27
2 3
2 26
3 4
3 26
4 5
4 25
5 6
5 7
6 8
7 8
8 9
8 24
9 10
9 20
10 11
10 18
11 12
11 16
12 13
12 14
13 15
14 15
15 17
16 17
17 19
18 19
19 21
20 21
21 22
21 23
28 34
0 1
0 27
1 2
1 27
2 3
2 26
3 4
3 26
4 5
4 25
5 6
5 7
6 8
7 8
8 9
8 24
9 10
9 20
10 11
10 18
11 12
11 16
12 13
12 14
13 15
14 15
15 17
16 17
17 19
18 19
19 21
20 21
21 22
21 23
11 10
0 1
0 10
1 2
1 9
2 3
2 8
3 4
3 7
4 5
4 6
11 10
0 1
0 10
1 2
1 9
2 3
2 8
3 4
3 7
4 5
4 6
5 4
0 1
0 4
1 2
1 3
5 4
0 1
0 4
1 2
1 3
5 4
0 1
0 4
1 2
1 3
5 4
0 1
0 4
1 2
1 3
3 2
0 1
0 2
3 2
0 1
0 2
13 12
0 1
0 12
1 2
1 11
2 3
2 10
3 4
3 9
4 5
4 8
5 6
5 7
13 12
0 1
0 12
1 2
1 11
2 3
2 10
3 4
3 9
4 5
4 8
5 6
5 7
7 8
0 1
0 6
1 2
1 6
2 3
2 5
3 4
3 5
7 8
0 1
0 6
1 2
1 6
2 3
2 5
3 4
3 5
7 6
0 1
0 6
1 2
1 5
2 3
2 4
7 6
0 1
0 6
1 2
1 5
2 3
2 4
30 40
0 1
0 29
1 2
1 29
2 3
2 28
3 4
3 28
4 5
4 28
5 6
5 27
6 7
6 26
7 8
7 25
8 9
8 13
9 10
9 13
10 11
10 13
11 12
11 13
12 14
13 14
14 15
14 24
15 16
15 20
16 17
16 20
17 18
17 20
18 19
18 20
19 21
20 21
21 22
21 23
28 38
0 1
0 27
1 2
1 27
2 3
2 26
3 4
3 26
4 5
4 26
5 6
5 25
6 7
6 24
7 8
7 23
8 9
8 13
9 10
9 13
10 11
10 13
11 12
11 13
12 14
12 22
13 22
14 15
14 19
15 16
15 19
16 17
16 19
17 18
17 19
18 20
18 21
19 21
28 34
0 1
0 27
1 2
1 26
2 3
2 22
3 4
3 20
4 5
4 15
5 6
5 13
6 7
6 8
7 9
8 9
9 10
9 11
10 12
11 12
12 14
13 14
14 16
15 16
16 17
16 18
17 19
18 19
19 21
20 21
21 23
22 23
23 24
23 25
27 32
0 1
0 26
1 2
1 25
2 3
2 21
3 4
3 19
4 5
4 14
5 6
5 12
6 7
6 8
7 9
8 10
9 11
10 11
11 13
12 13
13 15
14 15
15 16
15 17
16 18
17 18
18 20
19 20
20 22
21 22
22 23
22 24
61 79
0 1
0 60
1 2
1 60
2 3
2 59
3 4
3 59
4 5
4 58
5 6
5 7
6 8
7 8
8 9
8 57
9 10
9 56
10 11
10 52
11 12
11 52
12 13
12 52
13 14
13 50
14 15
14 48
15 16
16 17
16 43
17 18
17 42
18 19
18 38
19 20
19 36
20 21
20 31
21 22
21 29
22 23
22 24
23 25
24 25
25 26
25 27
26 28
27 28
28 30
29 30
30 32
31 32
32 33
32 34
33 35
34 35
35 37
36 37
37 39
38 39
39 40
39 41
40 44
41 44
42 44
43 44
44 45
44 46
45 47
46 47
47 49
48 49
49 51
50 51
51 53
52 53
53 54
53 55
58 73
0 1
0 57
1 2
1 57
2 3
2 56
3 4
3 56
4 5
4 55
5 6
5 7
6 8
7 54
8 9
8 53
9 10
9 49
10 11
10 49
11 12
11 49
12 13
12 47
13 14
13 45
14 15
15 16
15 41
16 17
16 40
17 18
17 36
18 19
18 34
19 20
19 29
20 21
20 27
21 22
21 23
22 24
23 25
24 26
25 26
26 28
27 28
28 30
29 30
30 31
30 32
31 33
32 33
33 35
34 35
35 37
36 37
37 38
37 39
38 42
39 43
40 43
41 43
42 44
43 44
44 46
45 46
46 48
47 48
48 50
49 50
50 51
50 52
11 10
0 1
0 10
1 2
1 9
2 3
2 8
3 4
3 7
4 5
4 6
11 10
0 1
0 10
1 2
1 9
2 3
2 8
3 4
3 7
4 5
4 6
33 32
0 1
0 32
1 2
1 31
2 3
2 30
3 4
3 29
4 5
4 28
5 6
5 27
6 7
6 26
7 8
7 25
8 9
8 24
9 10
9 23
10 11
10 22
11 12
11 21
12 13
12 20
13 14
13 19
14 15
14 18
15 16
15 17
33 32
0 1
0 32
1 2
1 31
2 3
2 30
3 4
3 29
4 5
4 28
5 6
5 27
6 7
6 26
7 8
7 25
8 9
8 24
9 10
9 23
10 11
10 22
11 12
11 21
12 13
12 20
13 14
13 19
14 15
14 18
15 16
15 17
31 30
0 1
0 30
1 2
1 29
2 3
2 28
3 4
3 27
4 5
4 26
5 6
5 25
6 7
6 24
7 8
7 23
8 9
8 22
9 10
9 21
10 11
10 20
11 12
11 19
12 13
12 18
13 14
13 17
14 15
14 16
31 30
0 1
0 30
1 2
1 29
2 3
2 28
3 4
3 27
4 5
4 26
5 6
5 25
6 7
6 24
7 8
7 23
8 9
8 22
9 10
9 21
10 11
10 20
11 12
11 19
12 13
12 18
13 14
13 17
14 15
14 16
17 16
0 1
0 16
1 2
1 15
2 3
2 14
3 4
3 13
4 5
4 12
5 6
5 11
6 7
6 10
7 8
7 9
17 16
0 1
0 16
1 2
1 15
2 3
2 14
3 4
3 13
4 5
4 12
5 6
5 11
6 7
6 10
7 8
7 9
1 0
1 0
23 26
0 1
0 2
1 3
1 2
2 3
3 4
3 5
4 6
4 5
5 6
6 7
6 22
7 8
7 21
8 9
8 20
9 10
9 19
10 11
10 18
11 12
11 17
12 13
12 16
13 14
13 15
21 20
0 1
1 2
2 3
3 4
4 5
4 20
5 6
5 19
6 7
6 18
7 8
7 17
8 9
8 16
9 10
9 15
10 11
10 14
11 12
11 13
9 8
0 1
0 2
2 3
2 4
4 5
4 8
5 6
5 7
9 8
0 1
0 2
2 3
2 4
4 5
4 8
5 6
5 7
26 32
0 1
1 2
1 6
2 3
2 4
3 5
4 5
5 7
6 7
7 8
7 21
8 9
8 10
9 20
10 11
10 12
11 16
12 13
12 14
13 15
14 15
15 16
16 17
16 18
17 19
18 19
19 20
20 1
21 22
21 25
22 23
22 24
26 32
0 1
1 2
1 6
2 3
2 4
3 5
4 5
5 7
6 7
7 8
7 21
8 9
8 10
9 20
10 11
10 12
11 16
12 13
12 14
13 15
14 15
15 16
16 17
16 18
17 19
18 19
19 20
20 1
21 22
21 25
22 23
22 24
44 52
0 1
1 2
2 3
2 7
3 4
3 5
4 6
5 6
6 8
7 8
8 9
8 22
9 10
9 11
10 21
11 12
11 13
12 17
13 14
13 15
14 16
15 16
16 17
17 18
17 19
18 20
19 20
20 21
21 2
22 23
22 26
23 24
23 25
24 27
25 27
26 27
27 28
27 43
28 29
28 42
29 30
29 41
30 31
30 40
31 32
31 39
32 33
32 38
33 34
33 37
34 35
34 36
44 52
0 1
1 2
2 3
2 7
3 4
3 5
4 6
5 6
6 8
7 8
8 9
8 22
9 10
9 11
10 21
11 12
11 13
12 17
13 14
13 15
14 16
15 16
16 17
17 18
17 19
18 20
19 20
20 21
21 2
22 23
22 26
23 24
23 25
24 27
25 27
26 27
27 28
27 43
28 29
28 42
29 30
29 41
30 31
30 40
31 32
31 39
32 33
32 38
33 34
33 37
34 35
34 36
13 12
0 1
0 12
1 2
1 11
2 3
2 10
3 4
3 9
4 5
4 8
5 6
5 7
13 12
0 1
0 12
1 2
1 11
2 3
2 10
3 4
3 9
4 5
4 8
5 6
5 7
29 28
0 1
0 28
1 2
1 27
2 3
2 26
3 4
3 25
4 5
4 24
5 6
5 23
6 7
6 22
7 8
7 21
8 9
8 20
9 10
9 19
10 11
10 18
11 12
11 17
12 13
12 16
13 14
13 15
29 28
0 1
0 28
1 2
1 27
2 3
2 26
3 4
3 25
4 5
4 24
5 6
5 23
6 7
6 22
7 8
7 21
8 9
8 20
9 10
9 19
10 11
10 18
11 12
11 17
12 13
12 16
13 14
13 15
13 12
0 1
0 12
1 2
1 11
2 3
2 10
3 4
3 9
4 5
4 8
5 6
5 7
13 12
0 1
0 12
1 2
1 11
2 3
2 10
3 4
3 9
4 5
4 8
5 6
5 7
13 12
0 1
0 12
1 2
1 11
2 3
2 10
3 4
3 9
4 5
4 8
5 6
5 7
13 12
0 1
0 12
1 2
1 11
2 3
2 10
3 4
3 9
4 5
4 8
5 6
5 7
45 55
0 1
0 44
1 2
1 43
2 3
3 4
3 11
4 5
4 10
5 6
5 9
6 7
6 8
7 12
8 12
9 12
10 12
11 12
12 13
12 42
13 14
14 15
14 20
15 16
15 19
16 17
16 18
17 21
18 21
19 21
20 21
21 22
21 41
22 23
23 24
23 31
24 25
24 30
25 26
25 29
26 27
26 28
27 32
28 32
29 32
30 32
31 32
32 33
32 40
33 34
33 39
34 35
34 38
35 36
35 37
42 49
0 1
0 41
1 2
1 40
2 3
3 4
3 11
4 5
4 10
5 6
5 9
6 7
6 8
7 12
8 39
9 39
10 39
11 39
12 13
13 14
13 19
14 15
14 18
15 16
15 17
16 20
17 38
18 38
19 38
20 21
21 22
21 29
22 23
22 28
23 24
23 27
24 25
24 26
25 30
26 37
27 37
28 37
29 37
30 31
30 36
31 32
31 35
32 33
32 34
78 104
0 1
1 2
1 13
2 3
2 12
3 4
3 11
4 5
4 10
5 6
5 9
6 7
6 8
7 14
8 14
9 14
10 14
11 14
12 14
13 14
14 15
14 16
15 17
16 17
17 18
17 19
18 20
19 20
20 21
20 22
21 23
22 23
23 24
23 25
24 26
25 26
26 27
26 28
27 29
28 29
29 30
29 31
30 32
31 32
32 33
32 34
33 35
34 35
35 36
35 37
36 38
37 38
38 39
38 40
39 41
40 41
41 42
41 43
42 44
43 44
44 45
44 46
45 47
46 47
47 48
47 49
48 50
49 50
50 51
50 52
51 53
52 53
53 54
53 55
54 56
55 56
56 57
56 58
57 59
58 59
59 60
59 61
60 62
61 62
62 63
62 64
63 65
64 65
65 66
65 67
66 68
67 68
68 69
68 70
69 71
70 71
71 72
71 73
72 74
73 74
74 75
74 76
75 77
76 77
77 102
0 1
1 2
1 13
2 3
2 12
3 4
3 11
4 5
4 10
5 6
5 9
6 7
6 8
7 14
8 15
9 15
10 15
11 15
12 15
13 15
14 16
15 16
16 17
16 18
17 19
18 19
19 20
19 21
20 22
21 22
22 23
22 24
23 25
24 25
25 26
25 27
26 28
27 28
28 29
28 30
29 31
30 31
31 32
31 33
32 34
33 34
34 35
34 36
35 37
36 37
37 38
37 39
38 40
39 40
40 41
40 42
41 43
42 43
43 44
43 45
44 46
45 46
46 47
46 48
47 49
48 49
49 50
49 51
50 52
51 52
52 53
52 54
53 55
54 55
55 56
55 57
56 58
57 58
58 59
58 60
59 61
60 61
61 62
61 63
62 64
63 64
64 65
64 66
65 67
66 67
67 68
67 69
68 70
69 70
70 71
70 72
71 73
72 73
73 74
73 75
74 76
75 76
38 52
0 1
1 2
1 13
2 3
2 12
3 4
3 11
4 5
4 10
5 6
5 9
6 7
6 8
7 14
8 14
9 14
10 14
11 14
12 14
13 14
14 15
14 16
15 17
16 17
17 18
18 19
18 30
19 20
19 29
20 21
20 28
21 22
21 27
22 23
22 26
23 24
23 25
24 31
25 31
26 31
27 31
28 31
29 31
30 31
31 32
31 33
32 34
33 34
34 35
34 36
35 37
36 37
36 48
0 1
1 2
1 13
2 3
2 12
3 4
3 11
4 5
4 10
5 6
5 9
6 7
6 8
7 14
8 15
9 15
10 15
11 15
12 15
13 15
14 16
15 16
16 17
17 18
17 29
18 19
18 28
19 20
19 27
20 21
20 26
21 22
21 25
22 23
22 24
23 30
24 31
25 31
26 31
27 31
28 31
29 31
30 32
31 32
32 33
32 34
33 35
34 35
10 10
0 1
0 9
1 2
1 8
2 3
2 4
3 5
4 5
5 6
5 7
9 8
0 1
0 8
1 2
1 7
2 3
2 4
3 5
4 6
60 72
0 1
0 36
1 2
1 36
2 3
2 34
3 4
3 32
4 5
4 30
5 6
5 28
6 7
6 26
7 8
7 9
8 10
9 10
10 11
10 24
11 12
11 13
12 14
13 14
14 15
14 22
15 16
15 17
16 18
17 18
18 19
18 20
19 21
20 21
21 23
22 23
23 25
24 25
25 27
26 27
27 29
28 29
29 31
30 31
31 33
32 33
33 35
34 35
35 37
36 37
37 38
37 59
38 39
38 58
39 40
39 57
40 41
40 56
41 42
41 55
42 43
42 54
43 44
43 53
44 45
44 52
45 46
45 51
46 47
46 50
47 48
47 49
57 66
0 1
0 33
1 2
1 33
2 3
2 31
3 4
3 29
4 5
4 27
5 6
5 25
6 7
6 23
7 8
7 9
8 10
9 21
10 11
10 12
11 13
12 19
13 14
13 15
14 16
15 17
16 18
17 18
18 20
19 20
20 22
21 22
22 24
23 24
24 26
25 26
26 28
27 28
28 30
29 30
30 32
31 32
32 34
33 34
34 35
34 56
35 36
35 55
36 37
36 54
37 38
37 53
38 39
38 52
39 40
39 51
40 41
40 50
41 42
41 49
42 43
42 48
43 44
43 47
44 45
44 46
203 268
0 1
0 202
1 2
1 145
2 3
2 143
3 4
3 141
4 5
5 6
5 13
6 7
6 12
7 8
7 11
8 9
8 10
9 14
10 14
11 14
12 14
13 14
14 15
14 139
15 16
15 137
16 17
16 135
17 18
17 133
18 19
18 131
19 20
19 129
20 21
20 127
21 22
21 125
22 23
22 123
23 24
23 121
24 25
24 119
25 26
25 117
26 27
26 115
27 28
27 113
28 29
28 111
29 30
29 109
30 31
30 107
31 32
32 33
32 36
33 34
33 35
34 37
35 37
36 37
37 38
37 105
38 39
39 40
39 43
40 41
40 42
41 44
42 44
43 44
44 45
44 103
45 46
45 101
46 47
46 99
47 48
47 97
48 49
48 95
49 50
49 93
50 51
50 91
51 52
51 89
52 53
52 87
53 54
53 85
54 55
54 83
55 56
55 81
56 57
56 79
57 58
57 77
58 59
58 75
59 60
59 73
60 61
60 71
61 62
61 69
62 63
62 67
63 64
63 65
64 66
65 66
66 68
67 68
68 70
69 70
70 72
71 72
72 74
73 74
74 76
75 76
76 78
77 78
78 80
79 80
80 82
81 82
82 84
83 84
84 86
85 86
86 88
87 88
88 90
89 90
90 92
91 92
92 94
93 94
94 96
95 96
96 98
97 98
98 100
99 100
100 102
101 102
102 104
103 104
104 106
105 106
106 108
107 108
108 110
109 110
110 112
111 112
112 114
113 114
114 116
115 116
116 118
117 118
118 120
119 120
120 122
121 122
122 124
123 124
124 126
125 126
126 128
127 128
128 130
129 130
130 132
131 132
132 134
133 134
134 136
135 136
136 138
137 138
138 140
139 140
140 142
141 142
142 144
143 144
144 146
145 146
146 147
146 201
147 148
147 197
148 149
148 195
149 150
149 193
150 151
150 191
151 152
151 189
152 153
152 187
153 154
153 185
154 155
154 183
155 156
155 181
156 157
156 179
157 158
157 177
158 159
158 175
159 160
159 173
160 161
160 171
161 162
161 169
162 163
162 167
163 164
163 165
164 166
165 166
166 168
167 168
168 170
169 170
170 172
171 172
172 174
173 174
174 176
175 176
176 178
177 178
178 180
179 180
180 182
181 182
182 184
183 184
184 186
185 186
186 188
187 188
188 190
189 190
190 192
191 192
192 194
193 194
194 196
195 196
196 198
197 198
198 199
198 200
200 262
0 1
0 199
1 2
1 142
2 3
2 140
3 4
3 138
4 5
5 6
5 13
6 7
6 12
7 8
7 11
8 9
8 10
9 14
10 136
11 136
12 136
13 136
14 15
14 134
15 16
15 132
16 17
16 130
17 18
17 128
18 19
18 126
19 20
19 124
20 21
20 122
21 22
21 120
22 23
22 118
23 24
23 116
24 25
24 114
25 26
25 112
26 27
26 110
27 28
27 108
28 29
28 106
29 30
29 104
30 31
31 32
31 35
32 33
32 34
33 36
34 102
35 102
36 37
37 38
37 41
38 39
38 40
39 42
40 100
41 100
42 43
42 98
43 44
43 96
44 45
44 94
45 46
45 92
46 47
46 90
47 48
47 88
48 49
48 86
49 50
49 84
50 51
50 82
51 52
51 80
52 53
52 78
53 54
53 76
54 55
54 74
55 56
55 72
56 57
56 70
57 58
57 68
58 59
58 66
59 60
59 64
60 61
60 62
61 63
62 63
63 65
64 65
65 67
66 67
67 69
68 69
69 71
70 71
71 73
72 73
73 75
74 75
75 77
76 77
77 79
78 79
79 81
80 81
81 83
82 83
83 85
84 85
85 87
86 87
87 89
88 89
89 91
90 91
91 93
92 93
93 95
94 95
95 97
96 97
97 99
98 99
99 101
100 101
101 103
102 103
103 105
104 105
105 107
106 107
107 109
108 109
109 111
110 111
111 113
112 113
113 115
114 115
115 117
116 117
117 119
118 119
119 121
120 121
121 123
122 123
123 125
124 125
125 127
126 127
127 129
128 129
129 131
130 131
131 133
132 133
133 135
134 135
135 137
136 137
137 139
138 139
139 141
140 141
141 143
142 143
143 144
143 198
144 145
144 194
145 146
145 192
146 147
146 190
147 148
147 188
148 149
148 186
149 150
149 184
150 151
150 182
151 152
151 180
152 153
152 178
153 154
153 176
154 155
154 174
155 156
155 172
156 157
156 170
157 158
157 168
158 159
158 166
159 160
159 164
160 161
160 162
161 163
162 163
163 165
164 165
165 167
166 167
167 169
168 169
169 171
170 171
171 173
172 173
173 175
174 175
175 177
176 177
177 179
178 179
179 181
180 181
181 183
182 183
183 185
184 185
185 187
186 187
187 189
188 189
189 191
190 191
191 193
192 193
193 195
194 195
195 196
195 197
6 8
0 1
0 4
1 2
1 3
2 1
2 4
3 5
4 5
7 9
0 1
0 5
1 2
2 3
2 4
3 2
3 5
4 6
5 6
6 8
0 1
0 4
1 2
1 3
2 1
2 4
3 5
4 5
7 9
0 1
0 5
1 2
2 3
2 4
3 2
3 5
4 6
5 6
1 0
1 0
1 0
1 0
7 9
0 1
0 2
1 3
2 3
3 4
3 5
4 6
4 5
5 6
7 9
0 1
0 2
1 3
2 3
3 4
3 5
4 6
4 5
5 6
1 0
1 0
6 6
0 1
0 2
1 3
2 3
3 4
3 5
5 5
0 1
0 2
1 3
1 4
2 4
6 6
0 1
0 2
1 3
2 3
3 4
3 5
5 5
0 1
0 2
1 3
1 4
2 4
3 3
0 1
0 2
2 0
3 3
0 1
0 2
2 0
7 9
0 1
0 2
1 3
2 3
3 4
3 5
4 6
4 5
5 6
7 9
0 1
0 2
1 3
2 3
3 4
3 5
4 6
4 5
5 6
4 4
0 1
0 2
1 3
2 3
4 4
0 1
0 2
1 3
2 3
1 0
1 0
1 0
1 0
1 0
1 0
3 2
0 1
0 2
3 2
0 1
0 2
1 0
1 0
3 2
0 1
0 2
3 2
0 1
0 2
6 9
0 1
0 2
1 3
1 2
2 3
3 4
3 5
4 4
4 5
10 16
0 1
0 2
1 3
1 2
2 3
3 4
3 9
4 5
5 6
5 8
6 7
6 8
7 7
7 9
8 8
8 9
1 0
1 0
8 9
0 1
0 2
2 3
2 5
3 4
3 5
4 5
5 6
5 7
9 11
0 1
0 2
2 3
2 6
3 4
3 6
4 5
4 6
5 6
6 7
6 8
1 0
1 0
3 2
0 1
0 2
3 2
0 1
0 2
3 3
0 1
0 2
2 0
3 3
0 1
0 2
2 0
1 0
1 0
3 3
0 1
0 2
2 0
3 3
0 1
0 2
2 0
1 0
1 0
3 3
0 1
0 2
2 0
3 3
0 1
0 2
2 0
1 0
1 0
1 0
1 0
13 16
0 1
1 2
1 3
3 4
4 5
4 8
5 6
5 7
6 5
6 8
7 9
8 9
9 10
10 11
10 12
12 1
14 17
0 1
1 2
1 3
3 4
4 5
4 9
5 6
6 7
6 8
7 6
7 9
8 10
9 10
10 11
11 12
11 13
13 1
1 0
1 0
1 0
4 4
0 1
1 2
1 3
2 1
4 4
0 1
1 2
1 3
2 1
12 15
0 1
1 2
2 3
2 4
3 2
4 5
5 6
5 7
6 8
6 7
7 8
8 9
9 10
9 11
10 9
15 22
0 1
1 2
2 3
2 4
3 2
4 5
5 6
5 7
6 8
6 7
7 8
8 9
8 14
9 10
10 11
10 13
11 12
11 13
12 12
12 14
13 13
13 14
9 10
0 1
0 5
1 2
1 3
2 4
3 4
4 6
5 6
6 7
6 8
9 10
0 1
0 5
1 2
1 3
2 4
3 4
4 6
5 6
6 7
6 8
20 24
0 1
1 2
1 6
2 3
2 4
3 5
4 5
5 7
6 7
7 8
7 15
8 9
8 10
9 11
10 11
11 12
11 13
12 14
13 14
14 1
15 16
15 17
17 18
17 19
19 24
0 1
1 2
1 6
2 3
2 4
3 5
4 5
5 7
6 7
7 8
7 14
8 9
8 10
9 11
9 12
10 11
10 12
11 13
12 13
13 1
14 15
14 16
16 17
16 18
3 2
0 1
0 2
3 2
0 1
0 2
10 12
0 1
1 2
1 9
2 3
2 4
3 8
4 5
4 6
5 7
6 7
7 8
8 1
10 13
0 1
0 9
1 2
2 3
2 4
3 8
4 5
4 6
5 7
6 7
7 8
8 2
8 9
1 0
1 0
3 2
0 1
0 2
3 2
0 1
0 2
13 16
0 1
1 2
1 6
2 3
2 4
3 5
4 5
5 7
6 7
7 8
7 12
8 9
8 10
9 11
10 11
11 1
13 16
0 1
1 2
1 6
2 3
2 4
3 5
4 5
5 7
6 7
7 8
7 12
8 9
8 10
9 11
10 11
11 1
7 6
0 1
0 6
1 2
1 5
2 3
2 4
7 6
0 1
0 6
1 2
1 5
2 3
2 4
1 0
1 0
6 9
0 1
0 2
1 3
1 2
2 3
3 4
3 5
4 4
4 5
11 18
0 1
0 2
1 3
1 2
2 3
3 4
3 10
4 5
5 6
5 9
6 7
6 9
7 8
7 9
8 8
8 10
9 9
9 10
1 0
1 0
10 12
0 1
1 2
1 9
2 3
2 4
3 8
4 5
4 6
5 7
6 7
7 8
8 1
10 13
0 1
0 9
1 2
2 3
2 4
3 8
4 5
4 6
5 7
6 7
7 8
8 2
8 9
8 13
0 1
0 2
1 3
1 2
2 3
3 4
3 5
4 4
4 5
5 6
5 7
6 6
6 7
14 23
0 1
0 2
1 3
1 2
2 3
3 4
3 10
4 5
5 6
5 9
6 7
6 9
7 8
7 9
8 8
8 10
9 9
9 10
10 11
10 13
11 12
12 12
12 13
30 39
0 1
1 2
2 3
2 10
3 4
3 5
4 9
5 6
5 7
6 8
7 8
8 9
9 2
10 11
11 12
11 13
12 14
13 14
14 15
14 16
15 17
15 16
16 17
17 18
18 19
18 26
19 20
19 21
20 25
21 22
21 23
22 24
23 24
24 25
25 18
26 27
26 28
27 29
28 29
30 40
0 1
1 2
1 10
2 3
3 4
3 5
4 9
5 6
5 7
6 8
7 8
8 9
9 3
9 10
10 11
11 12
11 13
12 14
13 14
14 15
14 16
15 17
15 16
16 17
17 18
18 19
18 26
19 20
19 21
20 25
21 22
21 23
22 24
23 24
24 25
25 18
26 27
26 28
27 29
28 29
1 0
1 0
9 10
0 1
0 5
1 2
1 3
2 4
3 4
4 6
5 6
6 7
6 8
9 10
0 1
0 5
1 2
1 3
2 4
3 4
4 6
5 6
6 7
6 8
3 2
0 1
0 2
3 2
0 1
0 2
1 0
1 0
1 0
1 0
4 5
0 1
0 2
1 3
1 2
2 3
3 2
0 1
1 2
1 0
9 10
0 1
0 5
1 2
1 3
2 4
3 4
4 6
5 6
6 7
6 8
9 10
0 1
0 5
1 2
1 3
2 4
3 4
4 6
5 6
6 7
6 8
6 9
0 1
0 2
1 3
1 2
2 3
3 4
3 5
4 4
4 5
7 10
0 1
0 2
1 3
1 2
2 3
3 4
3 6
4 5
5 5
5 6
6 9
0 1
0 2
1 3
1 2
2 3
3 4
3 5
4 4
4 5
7 10
0 1
0 2
1 3
1 2
2 3
3 4
3 6
4 5
5 5
5 6
3 4
0 1
0 2
1 1
1 2
4 5
0 1
0 3
1 2
2 2
2 3
1 0
1 0
1 0
3 2
0 1
0 2
3 2
0 1
0 2
9 10
0 1
0 2
2 3
3 4
3 8
4 5
4 6
5 7
6 7
7 3
9 11
0 1
0 2
2 3
2 8
3 4
4 5
4 6
5 7
6 7
7 4
7 8
1 0
1 0
1 0
1 0
3 2
0 1
0 2
3 2
0 1
0 2
3 2
0 1
0 2
3 2
0 1
0 2
1 0
1 0
3 3
0 1
0 2
2 0
3 3
0 1
0 2
2 0
3 2
0 1
0 2
3 2
0 1
0 2
1 0
1 0
1 0
1 0
1 0
1 0
3 2
0 1
0 2
3 2
0 1
0 2
1 0
1 0
3 2
0 1
0 2
3 2
0 1
0 2
3 2
0 1
0 2
3 2
0 1
0 2
3 2
0 1
0 2
3 2
0 1
0 2
3 2
0 1
0 2
3 2
0 1
0 2
3 2
0 1
0 2
3 2
0 1
0 2
3 2
0 1
0 2
1 0
1 0
1 0
1 0
1 0
1 0
1 0
1 0
3 2
0 1
0 2
3 2
0 1
0 2
1 0
1 0
1 0
1 0
1 0
1 0
1 0
1 0
1 0
1 0
1 0
1 0
1 0
1 0
1 0
1 0
3 2
0 1
0 2
3 2
0 1
0 2
1 0
1 0
1 0
1 0
3 2
0 1
0 2
3 2
0 1
0 2
1 0
1 0
1 0
1 0
1 0
1 0
1 0
1 0
1 0
1 0
1 0
1 0
1 0
1 0
1 0
1 0
1 0
1 0
7 6
0 1
0 2
2 3
2 4
4 5
4 6
7 6
0 1
0 2
2 3
2 4
4 5
4 6
27 35
0 1
1 2
1 3
2 8
3 4
3 5
4 8
5 6
5 7
6 8
7 8
8 9
8 10
10 11
11 12
11 21
12 13
12 14
13 20
14 16
14 15
15 16
16 17
17 18
17 19
18 17
19 20
20 11
21 23
21 22
22 23
23 24
24 25
24 26
25 24
27 36
0 1
1 2
1 3
2 8
3 4
3 5
4 8
5 6
5 7
6 8
7 8
8 9
8 10
10 11
11 12
11 21
12 13
12 14
13 20
14 16
14 15
15 16
16 17
16 19
17 18
18 18
18 19
19 20
20 11
21 23
21 22
22 23
23 24
24 25
24 26
25 24
1 0
1 0
1 0
1 0
1 0
1 0
1 0
1 0
3 2
0 1
0 2
3 2
0 1
0 2
10 12
0 1
1 2
1 9
2 3
2 4
3 8
4 5
4 6
5 7
6 7
7 8
8 1
10 13
0 1
0 9
1 2
2 3
2 4
3 8
4 5
4 6
5 7
6 7
7 8
8 2
8 9
20 26
0 1
0 2
2 3
2 4
3 5
3 4
4 5
5 6
5 7
6 8
6 7
7 8
8 9
9 10
9 17
10 11
10 12
11 16
12 13
12 14
13 15
14 15
15 16
16 9
17 18
17 19
18 21
0 1
0 2
2 3
3 4
4 5
5 6
6 7
6 15
7 8
8 9
8 10
9 14
10 11
10 12
11 13
12 13
13 14
14 8
14 15
15 16
15 17
1 0
1 0
1 0
1 0
1 0
1 0
5 4
0 1
0 2
2 3
2 4
5 4
0 1
0 2
2 3
2 4
18 23
0 1
0 2
1 3
1 2
2 3
3 4
3 5
4 6
5 6
6 7
6 17
7 8
8 9
8 10
9 13
10 11
10 12
11 13
12 13
13 14
13 15
14 16
15 16
17 20
0 1
1 2
2 3
2 4
3 5
4 5
5 6
5 16
6 7
7 8
7 9
8 12
9 10
9 11
10 12
11 12
12 13
12 14
13 15
14 15
1 0
1 0
1 0
1 0
1 0
1 0
1 0
1 0
1 0
3 2
0 1
0 2
3 2
0 1
0 2
12 14
0 1
0 2
2 3
2 4
3 5
3 4
4 5
5 6
5 11
6 7
6 10
7 8
7 9
8 0
12 14
0 1
0 2
2 3
2 4
3 5
3 4
4 5
5 6
5 11
6 7
6 10
7 8
7 9
8 0
12 14
0 1
0 2
2 3
2 4
3 5
3 4
4 5
5 6
5 11
6 7
6 10
7 8
7 9
8 0
12 14
0 1
0 2
2 3
2 4
3 5
3 4
4 5
5 6
5 11
6 7
6 10
7 8
7 9
8 0
1 0
1 0
1 0
3 2
0 1
0 2
3 2
0 1
0 2
3 2
0 1
0 2
3 2
0 1
0 2
3 2
0 1
0 2
3 2
0 1
0 2
3 2
0 1
0 2
3 2
0 1
0 2
3 2
0 1
0 2
3 2
0 1
0 2
3 2
0 1
0 2
3 2
0 1
0 2
11 10
0 1
0 2
2 3
2 4
4 5
4 10
5 6
5 9
6 7
6 8
11 10
0 1
0 2
2 3
2 4
4 5
4 10
5 6
5 9
6 7
6 8
6 7
0 1
0 2
2 3
2 4
3 5
4 5
5 0
6 7
0 1
0 2
2 3
2 4
3 5
4 5
5 0
1 0
1 0
20 21
0 1
0 2
2 3
2 4
4 5
4 6
6 7
6 10
7 8
7 9
10 11
10 12
12 13
13 14
13 15
14 16
15 16
16 17
16 18
17 19
18 19
20 21
0 1
0 2
2 3
2 4
4 5
4 6
6 7
6 10
7 8
7 9
10 11
10 12
12 13
13 14
13 15
14 16
15 16
16 17
16 18
17 19
18 19
41 50
0 1
0 5
1 2
1 3
2 4
3 4
4 6
5 6
6 7
6 8
7 12
8 9
8 10
9 11
10 11
11 12
12 13
12 14
13 18
14 15
14 16
15 17
16 17
17 18
18 19
19 20
19 24
20 21
20 22
21 23
22 23
23 19
24 25
24 26
25 27
26 27
27 28
27 29
29 30
29 31
31 32
31 33
32 34
33 34
34 35
34 36
36 37
36 38
38 39
38 40
41 50
0 1
0 5
1 2
1 3
2 4
3 4
4 6
5 6
6 7
6 8
7 12
8 9
8 10
9 11
10 11
11 12
12 13
12 14
13 18
14 15
14 16
15 17
16 17
17 18
18 19
19 20
19 24
20 21
20 22
21 23
22 23
23 19
24 25
24 26
25 27
26 27
27 28
27 29
29 30
29 31
31 32
31 33
32 34
33 34
34 35
34 36
36 37
36 38
38 39
38 40
17 20
0 1
0 2
2 3
2 13
3 4
3 11
4 5
4 9
5 6
5 7
6 8
7 8
8 10
9 10
10 12
11 12
12 14
13 14
14 15
14 16
17 20
0 1
0 2
2 3
2 13
3 4
3 11
4 5
4 9
5 6
5 7
6 8
7 8
8 10
9 10
10 12
11 12
12 14
13 14
14 15
14 16
25 30
0 1
0 2
2 3
2 4
4 5
4 24
5 6
6 7
6 8
7 23
8 9
8 19
9 10
9 17
10 11
10 15
11 12
11 13
12 14
13 14
14 16
15 16
16 18
17 18
18 20
19 20
20 21
20 22
21 23
22 23
25 30
0 1
0 2
2 3
2 4
4 5
4 24
5 6
6 7
6 8
7 23
8 9
8 19
9 10
9 17
10 11
10 15
11 12
11 13
12 14
13 14
14 16
15 16
16 18
17 18
18 20
19 20
20 21
20 22
21 23
22 23
11 10
0 1
0 2
2 3
2 4
4 5
4 8
5 6
5 7
8 9
8 10
11 10
0 1
0 2
2 3
2 4
4 5
4 8
5 6
5 7
8 9
8 10
1 0
7 8
0 1
1 2
1 6
2 3
2 4
3 5
4 5
5 1
7 9
0 1
0 6
1 2
2 3
2 4
3 5
4 5
5 2
5 6
5 4
0 1
0 2
2 3
2 4
5 4
0 1
0 2
2 3
2 4
3 2
0 1
0 2
3 2
0 1
0 2
9 10
0 1
1 2
1 6
2 3
2 4
3 5
4 5
5 1
6 7
6 8
15 21
0 1
0 12
1 2
2 3
2 8
3 4
3 8
4 5
4 6
5 7
6 7
7 4
7 12
8 9
8 10
9 11
10 11
11 8
11 12
12 13
12 14
3 2
0 1
0 2
3 2
0 1
0 2
7 6
0 1
0 2
2 3
2 4
4 5
4 6
7 6
0 1
0 2
2 3
2 4
4 5
4 6
5 4
0 1
0 2
2 3
2 4
5 4
0 1
0 2
2 3
2 4
11 12
0 1
0 2
2 3
2 4
3 8
4 5
4 6
5 7
6 7
7 8
8 9
8 10
11 12
0 1
0 2
2 3
2 4
3 8
4 5
4 6
5 7
6 7
7 8
8 9
8 10
5 4
0 1
0 2
2 3
2 4
5 4
0 1
0 2
2 3
2 4
5 4
0 1
0 2
2 3
2 4
5 4
0 1
0 2
2 3
2 4
7 6
0 1
0 2
2 3
2 4
4 5
4 6
7 6
0 1
0 2
2 3
2 4
4 5
4 6
3 2
0 1
0 2
3 2
0 1
0 2
3 2
0 1
0 2
3 2
0 1
0 2
3 2
0 1
0 2
3 2
0 1
0 2
3 2
0 1
0 2
3 2
0 1
0 2
3 2
0 1
0 2
3 2
0 1
0 2
1 0
1 0
13 13
0 1
0 2
2 3
2 4
4 5
5 6
5 7
6 8
7 8
8 9
8 12
9 10
9 11
12 11
0 1
0 2
2 3
2 4
4 5
5 6
5 7
6 8
7 11
8 9
8 10
13 16
0 1
1 2
1 9
2 3
2 7
3 4
3 5
4 6
5 6
6 8
7 8
8 1
9 10
9 11
10 12
11 12
13 17
0 1
0 9
1 2
2 3
2 7
3 4
3 5
4 6
5 6
6 8
7 8
8 2
8 9
9 10
9 11
10 12
11 12
5 4
0 1
0 2
2 3
2 4
5 4
0 1
0 2
2 3
2 4
1 0
15 17
0 1
0 2
2 3
2 4
3 12
4 5
5 6
5 7
6 8
7 8
8 9
8 10
9 11
10 11
11 12
12 13
12 14
14 16
0 1
0 2
2 3
2 4
3 11
4 5
5 6
5 7
6 8
7 8
7 9
8 10
9 10
10 11
11 12
11 13
15 17
0 1
0 2
2 3
2 4
3 12
4 5
5 6
5 7
6 8
7 8
8 9
8 10
9 11
10 11
11 12
12 13
12 14
14 16
0 1
0 2
2 3
2 4
3 11
4 5
5 6
5 7
6 8
7 8
7 9
8 10
9 10
10 11
11 12
11 13
9 8
0 1
0 6
1 2
1 3
3 4
3 5
6 7
6 8
9 8
0 1
0 6
1 2
1 3
3 4
3 5
6 7
6 8
3 2
0 1
0 2
3 2
0 1
0 2
1 0
1 0
22 27
0 1
0 2
2 3
2 4
3 17
4 5
4 6
5 16
6 7
6 11
7 8
7 9
8 10
9 10
10 15
11 12
11 13
12 14
13 14
14 15
15 16
16 17
17 18
17 19
19 20
19 21
20 0
22 27
0 1
0 2
2 3
2 4
3 17
4 5
4 6
5 16
6 7
6 11
7 8
7 9
8 10
9 10
10 15
11 12
11 13
12 14
13 14
14 15
15 16
16 17
17 18
17 19
19 20
19 21
20 0
3 2
0 1
0 2
3 2
0 1
0 2
1 0
1 0
1 0
1 0
1 0
1 0
3 4
0 1
0 2
1 1
1 2
4 5
0 1
0 3
1 2
2 2
2 3
22 25
0 1
0 2
2 3
3 4
3 19
4 5
4 9
5 6
5 7
7 8
8 18
9 10
9 14
10 11
10 12
11 13
12 13
14 15
14 16
15 17
16 17
17 18
18 3
19 20
19 21
22 25
0 1
0 2
2 3
3 4
3 19
4 5
4 9
5 6
5 7
7 8
8 18
9 10
9 14
10 11
10 12
11 13
12 13
14 15
14 16
15 17
16 17
17 18
18 3
19 20
19 21
12 15
0 1
0 2
1 3
2 3
3 4
4 5
5 6
5 7
6 5
7 8
8 9
8 10
9 11
9 10
10 11
12 16
0 1
0 2
1 3
2 3
3 4
4 5
4 7
5 6
6 6
6 7
7 8
8 9
8 10
9 11
9 10
10 11
1 0
1 0
1 0
1 0
1 0
1 0
1 0
1 0
3 2
0 1
0 2
5 4
0 1
0 4
1 2
1 3
5 4
0 1
0 4
1 2
1 3
1 0
13 15
0 1
0 2
2 3
2 12
3 4
3 8
4 5
4 6
6 7
7 11
8 9
8 10
10 11
11 3
11 12
14 16
0 1
0 2
2 3
2 13
3 4
4 5
4 9
5 6
5 7
7 8
8 12
9 10
9 11
11 12
12 4
12 13
1 0
1 0
6 6
0 1
0 5
1 2
1 3
2 4
3 4
6 6
0 1
0 5
1 2
1 3
2 4
3 4
3 2
0 1
0 2
3 2
0 1
0 2
3 2
0 1
0 2
3 2
0 1
0 2
1 0
22 29
0 1
0 2
1 3
2 3
3 4
3 5
4 6
4 5
5 6
6 7
6 20
7 8
8 9
8 19
9 10
9 17
10 11
11 12
11 13
12 14
13 14
14 15
14 16
15 11
16 18
17 18
18 8
19 21
20 21
21 28
0 1
0 2
1 3
2 3
3 4
3 5
4 6
4 5
5 6
6 7
6 19
7 8
7 18
8 9
9 10
9 16
10 11
11 12
11 13
12 15
13 14
14 11
15 17
16 17
17 9
17 18
18 20
19 20
1 0
1 0
30 34
0 1
0 2
1 3
2 3
3 4
3 5
4 6
5 6
6 7
7 8
7 29
8 9
8 13
9 10
9 11
12 13
13 14
13 18
14 15
14 16
15 17
16 17
17 22
18 19
18 20
20 21
21 22
22 23
22 27
23 24
23 25
26 27
27 28
28 7
26 30
0 1
0 2
1 3
2 3
2 4
3 5
4 5
5 6
6 7
7 8
7 11
8 9
8 10
11 12
11 16
12 13
12 14
13 15
14 15
15 20
16 17
16 18
18 19
19 20
20 21
20 24
21 22
21 23
24 25
25 6
1 0
3 2
0 1
0 2
3 2
0 1
0 2
3 2
0 1
0 2
3 2
0 1
0 2
13 15
0 1
0 2
2 3
2 12
3 4
3 8
4 5
4 6
6 7
7 11
8 9
8 10
10 11
11 3
11 12
14 16
0 1
0 2
2 3
2 13
3 4
4 5
4 9
5 6
5 7
7 8
8 12
9 10
9 11
11 12
12 4
12 13
3 2
0 1
0 2
3 2
0 1
0 2
3 2
0 1
0 2
3 2
0 1
0 2
3 2
0 1
0 2
3 2
0 1
0 2
3 2
0 1
0 2
5 4
0 1
0 2
2 3
2 4
5 4
0 1
0 2
2 3
2 4
1 0
1 0
5 4
0 1
0 4
1 2
1 3
5 4
0 1
0 4
1 2
1 3
3 2
0 1
0 2
3 2
0 1
0 2
16 20
0 1
0 2
1 3
2 3
3 4
4 5
4 9
5 6
5 7
6 8
7 8
8 10
9 10
10 11
10 15
11 12
11 13
12 14
13 14
14 4
16 20
0 1
0 2
1 3
2 3
3 4
4 5
4 9
5 6
5 7
6 8
7 8
8 10
9 10
10 11
10 15
11 12
11 13
12 14
13 14
14 4
11 12
0 1
0 5
1 2
1 3
2 4
3 4
4 6
5 6
6 7
6 10
7 8
7 9
11 12
0 1
0 5
1 2
1 3
2 4
3 4
4 6
5 6
6 7
6 10
7 8
7 9
3 2
0 1
0 2
99 98
0 1
0 2
2 3
2 4
4 5
4 6
6 7
6 8
8 9
8 10
10 11
10 12
12 13
12 14
14 15
14 16
16 17
16 18
18 19
18 20
20 21
20 22
22 23
22 24
24 25
24 26
26 27
26 28
28 29
28 30
30 31
30 32
32 33
32 34
34 35
34 36
36 37
36 38
38 39
38 40
40 41
40 42
42 43
42 44
44 45
44 46
46 47
46 48
48 49
48 50
50 51
50 52
52 53
52 54
54 55
54 56
56 57
56 58
58 59
58 60
60 61
60 62
62 63
62 64
64 65
64 66
66 67
66 68
68 69
68 70
70 71
70 72
72 73
72 74
74 75
74 76
76 77
76 78
78 79
78 80
80 81
80 82
82 83
82 84
84 85
84 86
86 87
86 88
88 89
88 90
90 91
90 92
92 93
92 94
94 95
94 96
96 97
96 98
1 0
13 16
0 1
1 2
1 6
2 3
2 4
3 5
4 5
5 7
6 7
7 8
7 12
8 9
8 10
9 11
10 11
11 1
13 16
0 1
1 2
1 6
2 3
2 4
3 5
4 5
5 7
6 7
7 8
7 12
8 9
8 10
9 11
10 11
11 1
27 34
0 1
1 2
1 9
2 3
2 7
3 4
3 5
4 6
5 6
6 8
7 8
8 10
9 10
10 11
10 12
11 1
12 13
12 20
13 14
13 18
14 15
14 16
15 17
16 17
17 19
18 19
19 21
20 21
21 22
21 23
22 24
23 24
24 25
24 26
27 34
0 1
1 2
1 9
2 3
2 7
3 4
3 5
4 6
5 6
6 8
7 8
8 10
9 10
10 11
10 12
11 1
12 13
12 20
13 14
13 18
14 15
14 16
15 17
16 17
17 19
18 19
19 21
20 21
21 22
21 23
22 24
23 24
24 25
24 26
47 62
0 1
0 2
1 3
1 2
2 3
3 4
4 5
4 9
5 6
5 7
6 8
7 8
8 10
9 10
10 11
10 36
11 12
12 13
12 20
13 14
13 18
14 15
14 16
15 17
16 17
17 19
18 19
19 21
20 21
21 22
21 35
22 23
22 24
23 34
24 25
25 26
25 30
26 27
26 28
27 29
28 29
29 31
30 31
31 32
31 33
32 25
33 34
34 12
35 4
36 37
36 38
37 42
38 39
38 40
39 41
40 41
41 42
42 43
42 44
43 44
44 45
44 46
47 62
0 1
0 2
1 3
1 2
2 3
3 4
4 5
4 9
5 6
5 7
6 8
7 8
8 10
9 10
10 11
10 36
11 12
12 13
12 20
13 14
13 18
14 15
14 16
15 17
16 17
17 19
18 19
19 21
20 21
21 22
21 35
22 23
22 24
23 34
24 25
25 26
25 30
26 27
26 28
27 29
28 29
29 31
30 31
31 32
31 33
32 25
33 34
34 12
35 4
36 37
36 38
37 42
38 39
38 40
39 41
40 41
41 42
42 43
42 44
43 44
44 45
44 46
7 7
0 1
0 2
2 3
2 6
3 4
3 5
5 6
7 7
0 1
0 2
2 3
2 6
3 4
3 5
5 6
1 0
3 2
0 1
0 2
3 2
0 1
0 2
3 2
0 1
0 2
1 0
1 0
1 0
1 0
1 0
1 0
1 0
1 0
1 0
1 0
1 0
1 0
1 0
1 0
1 0
17 16
0 1
0 2
2 3
2 4
4 5
4 6
6 7
6 8
8 9
8 10
10 11
10 12
12 13
12 14
14 15
14 16
10 9
0 9
0 1
0 2
0 3
0 4
0 5
0 6
0 7
0 8
5 4
0 1
0 2
2 3
2 4
5 4
0 1
0 2
2 3
2 4
5 4
0 1
0 2
2 3
2 4
5 4
0 1
0 2
2 3
2 4
19 18
0 1
0 2
2 3
2 4
4 5
4 6
6 7
6 8
8 9
8 10
10 11
10 12
12 13
12 14
14 15
14 16
16 17
16 18
19 18
0 1
0 2
2 3
2 4
4 5
4 6
6 7
6 8
8 9
8 10
10 11
10 12
12 13
12 14
14 15
14 16
16 17
16 18
7 6
0 1
0 6
1 2
1 3
3 4
3 5
7 6
0 1
0 6
1 2
1 3
3 4
3 5
13 12
0 1
0 6
1 2
1 5
2 3
2 4
6 7
6 12
7 8
7 11
8 9
8 10
13 12
0 1
0 6
1 2
1 5
2 3
2 4
6 7
6 12
7 8
7 11
8 9
8 10
11 10
0 1
0 2
2 3
2 4
4 5
4 6
6 7
6 8
8 9
8 10
11 10
0 1
0 2
2 3
2 4
4 5
4 6
6 7
6 8
8 9
8 10
21 25
0 1
1 2
1 3
2 12
3 4
3 5
4 12
5 6
5 7
6 12
7 8
7 9
8 12
9 10
9 11
10 12
11 12
12 13
12 16
13 14
13 15
16 17
16 20
17 18
17 19
21 25
0 1
1 2
1 3
2 12
3 4
3 5
4 12
5 6
5 7
6 12
7 8
7 9
8 12
9 10
9 11
10 12
11 12
12 13
12 16
13 14
13 15
16 17
16 20
17 18
17 19
9 8
0 1
0 2
2 3
2 4
4 5
4 6
6 7
6 8
6 5
0 5
0 1
0 2
0 3
0 4
9 8
0 1
0 2
2 3
2 4
4 5
4 6
6 7
6 8
6 5
0 5
0 1
0 2
0 3
0 4
11 10
0 1
0 2
2 3
2 4
4 5
4 6
6 7
6 8
8 9
8 10
11 10
0 1
0 2
2 3
2 4
4 5
4 6
6 7
6 8
8 9
8 10
9 8
0 1
0 2
2 3
2 4
4 5
4 6
6 7
6 8
6 5
0 5
0 1
0 2
0 3
0 4
11 10
0 1
0 2
2 3
2 4
4 5
4 6
6 7
6 8
8 9
8 10
11 10
0 1
0 2
2 3
2 4
4 5
4 6
6 7
6 8
8 9
8 10
45 56
0 1
0 2
2 3
3 4
3 5
4 12
5 6
5 7
6 12
7 8
7 9
8 12
9 10
9 11
10 12
11 12
12 13
12 38
13 14
14 15
14 16
15 23
16 17
16 18
17 23
18 19
18 20
19 23
20 21
20 22
21 23
22 23
23 24
23 37
24 25
25 26
25 27
26 34
27 28
27 29
28 34
29 30
29 31
30 34
31 32
31 33
32 34
33 34
34 35
34 36
38 39
38 44
39 40
39 43
40 41
40 42
35 45
0 1
0 2
2 3
3 8
3 4
3 5
3 6
3 7
4 9
5 9
6 9
7 9
8 28
9 10
10 15
10 11
10 12
10 13
10 14
11 16
12 16
13 16
14 16
15 16
16 17
16 27
17 18
18 23
18 19
18 20
18 21
18 22
19 24
20 24
21 24
22 24
23 24
24 25
24 26
28 29
28 34
29 30
29 33
30 31
30 32
21 20
0 1
0 2
2 3
2 4
4 5
4 6
6 7
6 8
8 9
8 10
10 11
10 12
12 13
12 14
14 15
14 16
16 17
16 18
18 19
18 20
21 20
0 1
0 2
2 3
2 4
4 5
4 6
6 7
6 8
8 9
8 10
10 11
10 12
12 13
12 14
14 15
14 16
16 17
16 18
18 19
18 20
9 8
0 1
0 4
1 2
1 3
4 5
4 8
5 6
5 7
9 8
0 1
0 4
1 2
1 3
4 5
4 8
5 6
5 7
5 4
0 1
0 2
2 3
2 4
5 4
0 1
0 2
2 3
2 4
17 16
0 1
0 8
1 2
1 7
2 3
2 4
4 5
4 6
8 9
8 16
9 10
9 15
10 11
10 12
12 13
12 14
1 0
5 4
0 1
0 4
1 2
1 3
5 4
0 1
0 4
1 2
1 3
5 4
0 1
0 4
1 2
1 3
5 4
0 1
0 4
1 2
1 3
3 2
0 1
0 2
3 2
0 1
0 2
3 2
0 1
0 2
3 2
0 1
0 2
44 46
0 1
0 43
1 2
1 42
2 3
2 41
3 4
3 40
4 5
4 39
5 6
5 38
6 7
6 37
7 8
7 36
8 9
8 35
9 10
9 34
10 11
10 33
11 12
11 13
12 14
13 14
14 15
14 32
15 16
15 17
16 18
17 18
18 19
18 31
19 20
19 30
20 21
20 29
21 22
21 28
22 23
22 24
23 25
24 25
25 26
25 27
41 40
0 1
0 40
1 2
1 39
2 3
2 38
3 4
3 37
4 5
4 36
5 6
5 35
6 7
6 34
7 8
7 33
8 9
8 32
9 10
9 31
10 11
10 30
11 12
11 13
12 29
13 14
14 15
14 16
15 28
16 17
17 18
17 27
18 19
18 26
19 20
19 25
20 21
20 22
21 24
22 23
1 0
1 0
1 0
1 0
1 0
1 0
1 0
1 0
1 0
1 0
1 0
1 0
1 0
1 0
1 0
1 0
1 0
49 62
0 1
0 5
1 2
1 3
2 4
3 4
4 6
5 6
6 7
6 8
8 9
8 13
9 10
9 11
10 12
11 12
12 14
13 14
14 15
14 16
16 17
16 18
17 19
18 19
19 20
19 24
20 21
20 22
21 23
22 23
23 25
24 25
25 26
25 30
26 27
26 28
27 29
28 29
29 31
30 31
31 32
31 33
32 34
33 34
34 35
34 39
35 36
35 37
36 38
37 38
38 40
39 40
40 41
40 45
41 42
41 43
42 44
43 44
44 46
45 46
46 47
46 48
49 62
0 1
0 5
1 2
1 3
2 4
3 4
4 6
5 6
6 7
6 8
8 9
8 13
9 10
9 11
10 12
11 12
12 14
13 14
14 15
14 16
16 17
16 18
17 19
18 19
19 20
19 24
20 21
20 22
21 23
22 23
23 25
24 25
25 26
25 30
26 27
26 28
27 29
28 29
29 31
30 31
31 32
31 33
32 34
33 34
34 35
34 39
35 36
35 37
36 38
37 38
38 40
39 40
40 41
40 45
41 42
41 43
42 44
43 44
44 46
45 46
46 47
46 48
14 16
0 1
0 13
1 2
1 3
2 10
3 4
3 5
4 9
5 6
5 7
6 8
7 8
8 9
9 10
10 11
10 12
14 16
0 1
0 13
1 2
1 3
2 10
3 4
3 5
4 9
5 6
5 7
6 8
7 8
8 9
9 10
10 11
10 12
1 0
1 0
3 2
0 1
0 2
3 2
0 1
0 2
1 0
1 0
1 0
15 18
0 1
0 5
1 2
1 3
2 4
3 4
4 6
5 6
6 7
6 11
7 8
7 9
8 10
9 10
10 12
11 12
12 13
12 14
15 18
0 1
0 5
1 2
1 3
2 4
3 4
4 6
5 6
6 7
6 11
7 8
7 9
8 10
9 10
10 12
11 12
12 13
12 14
13 16
0 1
1 2
1 6
2 3
2 4
3 5
4 5
5 7
6 7
7 8
7 12
8 9
8 10
9 11
10 11
11 1
13 16
0 1
1 2
1 6
2 3
2 4
3 5
4 5
5 7
6 7
7 8
7 12
8 9
8 10
9 11
10 11
11 1
7 8
0 1
1 2
1 6
2 3
2 4
3 5
4 5
5 1
7 9
0 1
0 6
1 2
2 3
2 4
3 5
4 5
5 2
5 6
28 34
0 1
1 2
2 3
2 7
3 4
3 5
4 6
5 6
6 8
7 8
8 9
8 13
9 10
9 11
10 12
11 12
12 2
13 14
14 15
14 27
15 16
16 17
17 18
17 22
18 19
18 20
19 21
20 21
21 17
22 23
23 24
23 25
24 26
25 26
28 35
0 1
1 2
2 3
2 7
3 4
3 5
4 6
5 6
6 8
7 8
8 9
8 13
9 10
9 11
10 12
11 12
12 2
13 14
14 15
14 27
15 16
16 17
16 22
17 18
18 19
18 20
19 21
20 21
21 18
21 22
22 23
23 24
23 25
24 26
25 26
1 0
1 0
1 0
1 0
1 0
1 0
5 4
0 1
0 2
2 3
2 4
5 4
0 1
0 2
2 3
2 4
5 4
0 1
0 2
2 3
2 4
5 4
0 1
0 2
2 3
2 4
5 4
0 1
0 2
2 3
2 4
5 4
0 1
0 2
2 3
2 4
1 0
1 0
1 0
1 0
1 0
1 0
1 0
1 0
1 0
1 0
1 0
1 0
1 0
1 0
1 0
1 0
1 0
1 0
1 0
1 0
15 14
0 1
0 2
2 3
2 4
4 5
4 6
6 7
6 8
8 9
8 10
10 11
10 12
12 13
12 14
15 14
0 1
0 2
2 3
2 4
4 5
4 6
6 7
6 8
8 9
8 10
10 11
10 12
12 13
12 14
5 4
0 1
0 2
2 3
2 4
5 4
0 1
0 2
2 3
2 4
11 12
0 1
0 2
2 3
3 4
3 5
4 8
5 6
5 7
6 8
7 8
8 9
8 10
10 10
0 1
0 2
2 3
3 4
3 5
4 8
5 6
5 7
6 8
7 9
1 0
1 0
11 10
0 1
0 2
2 3
2 4
4 5
4 6
6 7
6 8
8 9
8 10
11 10
0 1
0 2
2 3
2 4
4 5
4 6
6 7
6 8
8 9
8 10
1 0
1 0
1 0
1 0
1 0
1 0
1 0
1 0
1 0
1 0
29 28
0 1
0 2
2 3
2 4
4 5
4 6
6 7
6 8
8 9
8 10
10 11
10 12
12 13
12 14
14 15
14 16
16 17
16 18
18 19
18 20
20 21
20 22
22 23
22 24
24 25
24 26
26 27
26 28
29 28
0 1
0 2
2 3
2 4
4 5
4 6
6 7
6 8
8 9
8 10
10 11
10 12
12 13
12 14
14 15
14 16
16 17
16 18
18 19
18 20
20 21
20 22
22 23
22 24
24 25
24 26
26 27
26 28
1 0
1 0
1 0
4 4
0 1
0 2
1 3
2 3
4 4
0 1
0 2
1 3
2 3
7 8
0 1
0 2
1 3
2 3
3 4
3 5
4 6
5 6
7 8
0 1
0 2
1 3
2 3
3 4
3 5
4 6
5 6
3 3
0 1
0 2
1 0
3 3
0 1
0 2
1 0
58 74
0 1
0 17
1 2
1 15
2 3
2 13
3 4
3 8
4 5
4 6
5 7
6 7
7 9
8 9
9 10
9 11
10 12
11 12
12 14
13 14
14 16
15 16
16 18
17 18
18 19
18 20
20 21
20 52
21 22
21 50
22 23
22 48
23 24
23 28
24 25
24 26
25 27
26 27
27 29
28 29
29 30
29 46
30 31
30 44
31 32
31 36
32 33
32 34
33 35
34 35
35 37
36 37
37 38
37 42
38 39
38 40
39 41
40 41
41 43
42 43
43 45
44 45
45 47
46 47
47 49
48 49
49 51
50 51
51 53
52 53
53 54
53 57
54 55
54 56
58 74
0 1
0 17
1 2
1 15
2 3
2 13
3 4
3 8
4 5
4 6
5 7
6 7
7 9
8 9
9 10
9 11
10 12
11 12
12 14
13 14
14 16
15 16
16 18
17 18
18 19
18 20
20 21
20 52
21 22
21 50
22 23
22 48
23 24
23 28
24 25
24 26
25 27
26 27
27 29
28 29
29 30
29 46
30 31
30 44
31 32
31 36
32 33
32 34
33 35
34 35
35 37
36 37
37 38
37 42
38 39
38 40
39 41
40 41
41 43
42 43
43 45
44 45
45 47
46 47
47 49
48 49
49 51
50 51
51 53
52 53
53 54
53 57
54 55
54 56
11 10
0 1
0 2
2 3
2 6
3 4
3 5
6 7
6 8
8 9
8 10
8 7
0 7
0 1
0 2
0 5
0 6
2 3
2 4
5 4
0 1
0 2
2 3
2 4
5 4
0 1
0 2
2 3
2 4
1 0
1 0
1 0
1 0
1 0
3 2
0 1
0 2
3 2
0 1
0 2
1 0
1 0
1 0
1 0
3 2
0 1
0 2
3 2
0 1
0 2
5 4
0 1
0 4
1 2
1 3
5 4
0 1
0 4
1 2
1 3
1 0
1 0
1 0
1 0
9 8
0 1
0 2
2 3
2 4
4 5
4 6
6 7
6 8
1 0
1 0
1 0
1 0
1 0
1 0
1 0
1 0
1 0
1 0
1 0
1 0
9 14
0 1
0 2
1 3
1 2
2 3
3 4
3 5
4 4
4 5
5 6
5 7
6 8
6 7
7 8
10 15
0 1
0 2
1 3
1 2
2 3
3 4
3 6
4 5
5 5
5 6
6 7
6 8
7 9
7 8
8 9
1 0
1 0
1 0
1 0
1 0
1 0
12 19
0 1
0 2
1 3
1 2
2 3
3 4
3 11
4 5
4 6
5 7
5 6
6 7
7 8
7 9
8 10
8 9
9 10
10 4
10 11
11 14
0 1
0 2
1 3
1 2
2 3
3 4
3 10
4 5
5 6
6 7
7 8
8 9
9 5
9 10
1 0
1 0
1 0
1 0
1 0
1 0
6 9
0 1
0 2
1 3
1 2
2 3
3 4
3 5
4 4
4 5
7 10
0 1
0 2
1 3
1 2
2 3
3 4
3 6
4 5
5 5
5 6
1 0
1 0
1 0
1 0
9 14
0 1
0 2
1 3
1 2
2 3
3 4
3 8
4 5
4 6
5 7
5 6
6 7
7 4
7 8
9 12
0 1
0 2
1 3
1 2
2 3
3 4
3 8
4 5
5 6
6 7
7 5
7 8
1 0
1 0
1 0
1 0
9 14
0 1
0 2
1 3
1 2
2 3
3 4
3 8
4 5
4 6
5 7
5 6
6 7
7 4
7 8
9 12
0 1
0 2
1 3
1 2
2 3
3 4
3 8
4 5
5 6
6 7
7 5
7 8
1 0
1 0
1 0
1 0
1 0
1 0
1 0
1 0
3 2
0 1
0 2
3 2
0 1
0 2
1 0
1 0
5 5
0 1
0 2
2 3
2 4
4 0
5 5
0 1
0 2
2 3
2 4
4 0
1 0
1 0
5 4
0 1
0 2
2 3
2 4
5 4
0 1
0 2
2 3
2 4
5 4
0 1
0 2
2 3
2 4
5 4
0 1
0 2
2 3
2 4
5 4
0 1
0 2
2 3
2 4
13 16
0 1
1 2
1 3
2 10
3 4
3 5
4 10
5 6
5 7
6 10
7 8
7 9
8 10
9 10
10 11
10 12
13 16
0 1
1 2
1 3
2 10
3 4
3 5
4 10
5 6
5 7
6 10
7 8
7 9
8 10
9 10
10 11
10 12
3 2
0 1
0 2
3 2
0 1
0 2
3 2
0 1
0 2
1 0
5 4
0 1
0 2
2 3
2 4
1 0
1 0
3 2
0 1
0 2
1 0
9 8
0 1
0 2
2 3
2 6
3 4
3 5
6 7
6 8
9 8
0 1
0 2
2 3
2 6
3 4
3 5
6 7
6 8
9 8
0 1
0 2
2 3
2 6
3 4
3 5
6 7
6 8
9 8
0 1
0 2
2 3
2 6
3 4
3 5
6 7
6 8
9 8
0 1
0 2
2 3
2 6
3 4
3 5
6 7
6 8
9 8
0 1
0 2
2 3
2 6
3 4
3 5
6 7
6 8
15 18
0 1
0 2
2 3
3 4
3 8
4 5
4 6
5 7
6 7
7 9
8 9
9 10
9 14
10 11
10 12
11 13
12 13
13 3
15 18
0 1
0 2
2 3
3 4
3 8
4 5
4 6
5 7
6 7
7 9
8 9
9 10
9 14
10 11
10 12
11 13
12 13
13 3
21 26
0 1
0 2
1 6
2 3
2 4
3 5
4 5
5 6
6 7
6 8
8 9
9 10
9 14
10 11
10 12
11 13
12 13
13 15
14 15
15 16
15 20
16 17
16 18
17 19
18 19
19 9
21 26
0 1
0 2
1 6
2 3
2 4
3 5
4 5
5 6
6 7
6 8
8 9
9 10
9 14
10 11
10 12
11 13
12 13
13 15
14 15
15 16
15 20
16 17
16 18
17 19
18 19
19 9
7 6
0 1
0 6
1 2
1 5
2 3
2 4
7 6
0 1
0 6
1 2
1 5
2 3
2 4
7 6
0 1
0 6
1 2
1 5
2 3
2 4
7 6
0 1
0 6
1 2
1 5
2 3
2 4
19 24
0 1
1 2
1 6
2 3
2 4
3 5
4 5
5 7
6 7
7 8
7 18
8 9
8 10
9 14
10 11
10 12
11 13
12 13
13 14
14 15
14 16
15 17
16 17
17 1
19 24
0 1
1 2
1 6
2 3
2 4
3 5
4 5
5 7
6 7
7 8
7 18
8 9
8 10
9 14
10 11
10 12
11 13
12 13
13 14
14 15
14 16
15 17
16 17
17 1
31 40
0 1
1 2
1 6
2 3
2 4
3 5
4 5
5 7
6 7
7 8
7 30
8 9
8 25
9 10
9 23
10 11
10 21
11 12
11 19
12 13
12 17
13 14
13 15
14 16
15 16
16 18
17 18
18 20
19 20
20 22
21 22
22 24
23 24
24 26
25 26
26 27
26 28
27 29
28 29
29 1
31 40
0 1
1 2
1 6
2 3
2 4
3 5
4 5
5 7
6 7
7 8
7 30
8 9
8 25
9 10
9 23
10 11
10 21
11 12
11 19
12 13
12 17
13 14
13 15
14 16
15 16
16 18
17 18
18 20
19 20
20 22
21 22
22 24
23 24
24 26
25 26
26 27
26 28
27 29
28 29
29 1
7 6
0 1
0 2
2 3
2 4
4 5
4 6
7 6
0 1
0 2
2 3
2 4
4 5
4 6
1 0
1 0
1 0
1 0
1 0
5 4
0 1
0 4
1 2
1 3
5 4
0 1
0 4
1 2
1 3
3 2
0 1
0 2
3 2
0 1
0 2
3 2
0 1
0 2
13 14
0 1
0 12
1 2
1 3
3 4
3 8
4 5
4 6
5 7
6 7
7 9
8 9
9 10
9 11
13 14
0 1
0 12
1 2
1 3
3 4
3 8
4 5
4 6
5 7
6 7
7 9
8 9
9 10
9 11
1 0
1 0
1 0
1 0
13 16
0 1
1 2
1 6
2 3
2 4
3 5
4 5
5 7
6 7
7 8
7 12
8 9
8 10
9 11
10 11
11 1
13 16
0 1
1 2
1 6
2 3
2 4
3 5
4 5
5 7
6 7
7 8
7 12
8 9
8 10
9 11
10 11
11 1
5 4
0 1
0 4
1 2
1 3
5 4
0 1
0 4
1 2
1 3
3 2
0 1
0 2
3 2
0 1
0 2
1 0
1 0
1 0
1 0
1 0
1 0
1 0
1 0
1 0
1 0
1 0
1 0
1 0
4 4
0 1
0 2
1 3
2 3
4 4
0 1
0 2
1 3
2 3
3 2
0 1
0 2
3 2
0 1
0 2
5 4
0 1
0 4
1 2
1 3
3 2
0 1
0 2
3 2
0 1
0 2
1 0
1 0
1 0
3 2
0 1
0 2
3 2
0 1
0 2
1 0
1 0
1 0
3 2
0 1
0 2
3 2
0 1
0 2
1 0
1 0
3 2
0 1
0 2
6 6
0 1
0 2
2 3
2 4
3 5
4 5
6 6
0 1
0 2
2 3
2 4
3 5
4 5
6 6
0 1
0 2
2 3
2 4
3 5
4 5
6 6
0 1
0 2
2 3
2 4
3 5
4 5
3 2
0 1
0 2
3 2
0 1
0 2
7 8
0 1
0 2
1 3
2 3
3 4
3 5
4 6
5 6
7 8
0 1
0 2
1 3
2 3
3 4
3 5
4 6
5 6
7 8
0 1
0 2
1 3
2 3
3 4
3 5
4 6
5 6
7 8
0 1
0 2
1 3
2 3
3 4
3 5
4 6
5 6
9 8
0 1
0 2
2 3
2 4
4 5
4 6
6 7
6 8
6 5
0 5
0 3
0 4
0 1
0 2
29 40
0 1
1 2
1 28
2 3
2 4
3 13
4 5
4 6
5 13
6 7
6 8
7 13
8 9
8 10
9 13
10 11
10 12
11 13
12 13
13 14
13 26
14 15
14 16
15 25
16 17
16 18
17 25
18 19
18 20
19 25
20 21
20 22
21 25
22 23
22 24
23 25
24 25
25 27
26 27
27 1
29 40
0 1
1 2
1 28
2 3
2 4
3 13
4 5
4 6
5 13
6 7
6 8
7 13
8 9
8 10
9 13
10 11
10 12
11 13
12 13
13 14
13 26
14 15
14 16
15 25
16 17
16 18
17 25
18 19
18 20
19 25
20 21
20 22
21 25
22 23
22 24
23 25
24 25
25 27
26 27
27 1
12 17
0 1
0 11
1 2
1 3
2 10
3 4
3 5
4 10
5 6
5 7
6 10
7 8
7 9
8 10
9 10
10 1
10 11
10 15
0 1
0 9
1 2
2 7
2 5
2 6
2 3
2 4
3 8
4 8
5 8
6 8
7 8
8 2
8 9
15 19
0 1
1 2
2 3
2 13
3 4
3 5
4 12
5 6
5 7
6 12
7 8
7 9
8 12
9 10
9 11
10 12
11 12
12 2
13 14
12 17
0 1
1 2
1 10
2 3
3 8
3 6
3 7
3 4
3 5
4 9
5 9
6 9
7 9
8 9
9 3
9 10
10 11
1 0
1 0
1 0
1 0
3 2
0 1
0 2
165 164
0 1
0 2
2 3
2 4
4 5
4 6
6 7
6 8
8 9
8 10
10 11
10 12
12 13
12 14
14 15
14 16
16 17
16 18
18 19
18 20
20 21
20 22
22 23
22 24
24 25
24 26
26 27
26 28
28 29
28 30
30 31
30 32
32 33
32 34
34 35
34 36
36 37
36 38
38 39
38 40
40 41
40 42
42 43
42 44
44 45
44 46
46 47
46 48
48 49
48 50
50 51
50 52
52 53
52 54
54 55
54 58
55 56
55 57
58 59
58 60
60 61
60 62
62 63
62 64
64 65
64 66
66 67
66 68
68 69
68 70
70 71
70 72
72 73
72 74
74 75
74 76
76 77
76 78
78 79
78 80
80 81
80 82
82 83
82 84
84 85
84 86
86 87
86 88
88 89
88 90
90 91
90 92
92 93
92 94
94 95
94 96
96 97
96 98
98 99
98 100
100 101
100 102
102 103
102 104
104 105
104 106
106 107
106 108
108 109
108 110
110 111
110 112
112 113
112 114
114 115
114 116
116 117
116 118
118 119
118 120
120 121
120 122
122 123
122 124
124 125
124 126
126 127
126 128
128 129
128 130
130 131
130 132
132 133
132 134
134 135
134 136
136 137
136 138
138 139
138 140
140 141
140 142
142 143
142 144
144 145
144 146
146 147
146 148
148 149
148 150
150 151
150 152
152 153
152 154
154 155
154 156
156 157
156 158
158 159
158 160
160 161
160 162
162 163
162 164
124 123
0 1
0 2
2 3
2 4
4 5
4 6
6 7
6 8
8 9
8 10
10 11
10 12
12 13
12 14
14 15
14 16
16 45
16 17
16 18
16 19
16 20
16 21
16 22
16 23
16 24
16 25
16 26
16 27
16 28
16 29
16 30
16 31
16 32
16 33
16 34
16 35
16 36
16 39
16 40
16 41
16 42
16 43
16 44
36 37
36 38
45 46
45 47
47 48
47 49
49 57
49 50
49 51
49 52
49 53
49 54
49 55
49 56
57 58
57 59
59 60
59 61
61 62
61 63
63 64
63 65
65 66
65 67
67 68
67 69
69 70
69 71
71 72
71 73
73 74
73 75
75 76
75 77
77 78
77 79
79 80
79 81
81 82
81 83
83 84
83 85
85 86
85 87
87 88
87 89
89 90
89 91
91 92
91 93
93 94
93 95
95 96
95 97
97 98
97 99
99 100
99 101
101 102
101 103
103 104
103 105
105 110
105 106
105 107
105 108
105 109
110 111
110 112
112 113
112 114
114 123
114 115
114 116
114 117
114 118
114 119
114 120
114 121
114 122
67 66
0 1
0 2
2 3
2 4
4 5
4 6
6 7
6 8
8 9
8 10
10 11
10 12
12 13
12 14
14 15
14 16
16 17
16 18
18 19
18 20
20 21
20 22
22 23
22 24
24 25
24 26
26 27
26 28
28 29
28 30
30 31
30 32
32 33
32 34
34 35
34 36
36 37
36 38
38 39
38 40
40 41
40 42
42 43
42 44
44 45
44 46
46 47
46 48
48 49
48 50
50 51
50 52
52 53
52 54
54 55
54 56
56 57
56 58
58 59
58 60
60 61
60 62
62 63
62 64
64 65
64 66
35 34
0 34
0 1
0 2
0 3
0 4
0 5
0 6
0 7
0 8
0 9
0 10
0 11
0 12
0 13
0 14
0 15
0 16
0 17
0 18
0 19
0 20
0 21
0 22
0 23
0 24
0 25
0 26
0 27
0 28
0 29
0 30
0 31
0 32
0 33
1 0
17 16
0 1
0 2
2 3
2 4
4 5
4 6
6 7
6 8
8 9
8 16
9 10
9 13
10 11
10 12
13 14
13 15
17 16
0 1
0 2
2 3
2 4
4 5
4 6
6 7
6 8
8 9
8 16
9 10
9 13
10 11
10 12
13 14
13 15
39 38
0 1
0 2
2 3
2 4
4 5
4 6
6 7
6 10
7 8
7 9
10 11
10 14
11 12
11 13
14 15
14 16
16 17
16 18
18 19
18 20
20 21
20 22
22 23
22 24
24 25
24 26
26 27
26 28
28 29
28 30
30 31
30 32
32 33
32 34
34 35
34 36
36 37
36 38
39 38
0 1
0 2
2 3
2 4
4 5
4 6
6 7
6 10
7 8
7 9
10 11
10 14
11 12
11 13
14 15
14 16
16 17
16 18
18 19
18 20
20 21
20 22
22 23
22 24
24 25
24 26
26 27
26 28
28 29
28 30
30 31
30 32
32 33
32 34
34 35
34 36
36 37
36 38
3 2
0 1
0 2
3 2
0 1
0 2
3 2
0 1
0 2
23 22
0 1
0 2
2 3
2 4
4 5
4 6
6 7
6 10
7 8
7 9
10 11
10 12
12 13
12 14
14 15
14 16
16 17
16 18
18 19
18 20
20 21
20 22
18 17
0 1
0 2
2 3
2 4
4 5
4 6
6 7
6 10
7 8
7 9
10 17
10 11
10 12
10 13
10 14
10 15
10 16
23 22
0 1
0 2
2 3
2 4
4 5
4 6
6 7
6 10
7 8
7 9
10 11
10 12
12 13
12 14
14 15
14 16
16 17
16 18
18 19
18 20
20 21
20 22
18 17
0 1
0 2
2 3
2 4
4 5
4 6
6 7
6 10
7 8
7 9
10 17
10 11
10 12
10 13
10 14
10 15
10 16
57 72
0 1
0 20
1 2
1 6
2 3
2 4
3 5
4 5
5 7
6 7
7 8
7 9
8 19
9 10
9 14
10 11
10 12
11 13
12 13
13 15
14 15
15 16
15 17
16 18
17 18
18 19
20 21
20 40
21 22
21 26
22 23
22 24
23 25
24 25
25 27
26 27
27 28
27 29
28 39
29 30
29 34
30 31
30 32
31 33
32 33
33 35
34 35
35 36
35 37
36 38
37 38
38 39
40 41
40 48
41 42
41 46
42 43
42 44
43 45
44 45
45 47
46 47
48 49
48 56
49 50
49 51
50 55
51 52
51 53
52 54
53 54
54 55
57 72
0 1
0 20
1 2
1 6
2 3
2 4
3 5
4 5
5 7
6 7
7 8
7 9
8 19
9 10
9 14
10 11
10 12
11 13
12 13
13 15
14 15
15 16
15 17
16 18
17 18
18 19
20 21
20 40
21 22
21 26
22 23
22 24
23 25
24 25
25 27
26 27
27 28
27 29
28 39
29 30
29 34
30 31
30 32
31 33
32 33
33 35
34 35
35 36
35 37
36 38
37 38
38 39
40 41
40 48
41 42
41 46
42 43
42 44
43 45
44 45
45 47
46 47
48 49
48 56
49 50
49 51
50 55
51 52
51 53
52 54
53 54
54 55
13 12
0 1
0 2
2 3
2 4
4 5
4 6
6 7
6 8
8 9
8 10
10 11
10 12
8 7
0 7
0 1
0 2
0 3
0 4
0 5
0 6
5 4
0 1
0 2
2 3
2 4
5 4
0 1
0 2
2 3
2 4
5 4
0 1
0 2
2 3
2 4
5 4
0 1
0 2
2 3
2 4
1 0
145 148
0 1
0 4
1 2
1 3
4 5
4 8
5 6
5 7
8 9
8 12
9 10
9 11
12 13
12 16
13 14
13 15
16 17
16 20
17 18
17 19
20 21
20 26
21 22
21 23
23 24
23 25
26 27
26 32
27 28
27 29
29 30
29 31
32 33
32 36
33 34
33 35
36 37
36 44
37 38
37 43
38 39
38 40
40 41
40 42
44 45
44 64
45 46
45 63
46 47
46 54
47 48
47 52
48 49
48 50
49 51
50 51
51 53
52 53
54 55
54 62
55 56
55 60
56 57
56 58
57 59
58 59
59 61
60 61
64 65
64 66
66 67
66 74
67 68
67 73
68 69
68 70
70 71
70 72
74 75
74 76
76 77
76 84
77 78
77 83
78 79
78 80
80 81
80 82
84 85
84 86
86 87
86 94
87 88
87 93
88 89
88 90
90 91
90 92
94 95
94 96
96 97
96 104
97 98
97 103
98 99
98 100
100 101
100 102
104 105
104 112
105 106
105 111
106 107
106 108
108 109
108 110
112 113
112 114
114 115
114 116
116 117
116 118
118 119
118 120
120 121
120 122
122 123
122 124
124 125
124 128
125 126
125 127
128 129
128 132
129 130
129 131
132 133
132 134
134 135
134 136
136 137
136 138
138 139
138 140
140 141
140 142
142 143
142 144
113 116
0 112
0 1
0 4
0 7
0 10
0 13
0 16
0 21
0 26
0 29
0 36
0 55
0 56
0 63
0 64
0 71
0 72
0 79
0 80
0 87
0 94
0 95
0 96
0 97
0 98
0 99
0 100
0 103
0 106
0 107
0 108
0 109
0 110
0 111
1 2
1 3
4 5
4 6
7 8
7 9
10 11
10 12
13 14
13 15
16 17
16 18
18 19
18 20
21 22
21 23
23 24
23 25
26 27
26 28
29 30
29 35
30 31
30 32
32 33
32 34
36 37
36 54
37 38
37 45
38 39
38 43
39 40
39 41
40 42
41 42
42 44
43 44
45 46
45 53
46 47
46 51
47 48
47 49
48 50
49 50
50 52
51 52
56 57
56 62
57 58
57 59
59 60
59 61
64 65
64 70
65 66
65 67
67 68
67 69
72 73
72 78
73 74
73 75
75 76
75 77
80 81
80 86
81 82
81 83
83 84
83 85
87 88
87 93
88 89
88 90
90 91
90 92
100 101
100 102
103 104
103 105
15 14
0 1
0 8
1 2
1 3
3 4
3 5
5 6
5 7
8 9
8 12
9 10
9 11
12 13
12 14
15 14
0 1
0 8
1 2
1 3
3 4
3 5
5 6
5 7
8 9
8 12
9 10
9 11
12 13
12 14
35 34
0 1
0 2
2 3
2 4
4 5
4 6
6 7
6 8
8 9
8 10
10 11
10 12
12 13
12 14
14 15
14 16
16 17
16 18
18 19
18 20
20 21
20 22
22 23
22 24
24 25
24 26
26 27
26 28
28 29
28 30
30 31
30 32
32 33
32 34
27 26
0 1
0 2
2 3
2 4
4 5
4 6
6 7
6 8
8 9
8 10
10 11
10 12
12 13
12 14
14 15
14 16
16 26
16 17
16 18
16 19
16 20
16 21
16 22
16 23
16 24
16 25
11 10
0 1
0 2
2 3
2 4
4 5
4 6
6 7
6 10
7 8
7 9
3 2
0 1
0 2
9 8
0 1
0 2
2 3
2 4
4 5
4 6
6 7
6 8
9 8
0 1
0 2
2 3
2 4
4 5
4 6
6 7
6 8
6 5
0 5
0 1
0 2
0 3
0 4
13 12
0 1
0 6
1 2
1 3
3 4
3 5
6 7
6 12
7 8
7 9
9 10
9 11
3 2
0 1
0 2
1 0
1 0
3 2
0 1
0 2
3 2
0 1
0 2
3 2
0 1
0 2
3 2
0 1
0 2
3 2
0 1
0 2
3 2
0 1
0 2
3 2
0 1
0 2
3 2
0 1
0 2
3 2
0 1
0 2
9 10
0 1
0 5
1 2
1 3
2 4
3 4
4 6
5 6
6 7
6 8
9 10
0 1
0 5
1 2
1 3
2 4
3 4
4 6
5 6
6 7
6 8
9 10
0 1
0 5
1 2
1 3
2 4
3 4
4 6
5 6
6 7
6 8
9 10
0 1
0 5
1 2
1 3
2 4
3 4
4 6
5 6
6 7
6 8
1 0
1 0
3 3
0 1
0 2
2 0
3 3
0 1
0 2
2 0
33 32
0 1
0 2
2 3
2 4
4 5
4 6
6 7
6 8
8 9
8 10
10 11
10 12
12 13
12 14
14 15
14 16
16 17
16 18
18 19
18 20
20 21
20 24
21 22
21 23
24 25
24 28
25 26
25 27
28 29
28 32
29 30
29 31
33 32
0 1
0 2
2 3
2 4
4 5
4 6
6 7
6 8
8 9
8 10
10 11
10 12
12 13
12 14
14 15
14 16
16 17
16 18
18 19
18 20
20 21
20 24
21 22
21 23
24 25
24 28
25 26
25 27
28 29
28 32
29 30
29 31
15 14
0 1
0 2
2 3
2 4
4 5
4 6
6 7
6 8
8 9
8 10
10 11
10 12
12 13
12 14
3 2
0 1
0 2
3 2
0 1
0 2
1 0
1 0
3 2
0 1
0 2
3 2
0 1
0 2
3 2
0 1
0 2
3 2
0 1
0 2
1 0
1 0
7 6
0 1
0 2
2 3
2 6
3 4
3 5
7 6
0 1
0 2
2 3
2 6
3 4
3 5
5 4
0 1
0 4
1 2
1 3
5 4
0 1
0 4
1 2
1 3
71 70
0 1
0 2
2 3
2 4
4 5
4 6
6 7
6 8
8 9
8 10
10 11
10 12
12 13
12 14
14 15
14 16
16 17
16 18
18 19
18 20
20 21
20 22
22 23
22 24
24 25
24 26
26 27
26 28
28 29
28 30
30 31
30 32
32 33
32 34
34 35
34 36
36 37
36 38
38 39
38 40
40 41
40 42
42 43
42 44
44 45
44 46
46 47
46 48
48 49
48 50
50 51
50 52
52 53
52 54
54 55
54 56
56 57
56 58
58 59
58 60
60 61
60 62
62 63
62 64
64 65
64 66
66 67
66 68
68 69
68 70
37 36
0 36
0 1
0 2
0 3
0 4
0 5
0 6
0 7
0 8
0 9
0 10
0 11
0 12
0 13
0 14
0 15
0 18
0 19
0 16
0 17
0 20
0 21
0 22
0 23
0 24
0 29
0 27
0 28
0 30
0 31
0 32
0 33
0 34
0 35
0 25
0 26
1 0
1 0
71 70
0 1
0 2
2 3
2 4
4 5
4 6
6 7
6 8
8 9
8 10
10 11
10 12
12 13
12 14
14 15
14 16
16 17
16 18
18 19
18 20
20 21
20 22
22 23
22 24
24 25
24 26
26 27
26 28
28 29
28 30
30 31
30 32
32 33
32 34
34 35
34 36
36 37
36 38
38 39
38 40
40 41
40 42
42 43
42 44
44 45
44 46
46 47
46 48
48 49
48 50
50 51
50 52
52 53
52 54
54 55
54 56
56 57
56 58
58 59
58 60
60 61
60 62
62 63
62 64
64 65
64 66
66 67
66 68
68 69
68 70
37 36
0 36
0 1
0 2
0 3
0 4
0 5
0 6
0 7
0 8
0 9
0 10
0 11
0 12
0 13
0 14
0 15
0 18
0 19
0 16
0 17
0 20
0 21
0 22
0 23
0 24
0 29
0 27
0 28
0 30
0 31
0 32
0 33
0 34
0 35
0 25
0 26
5 4
0 1
0 2
2 3
2 4
5 4
0 1
0 2
2 3
2 4
5 4
0 1
0 2
2 3
2 4
5 4
0 1
0 2
2 3
2 4
7 6
0 1
0 2
2 3
2 4
4 5
4 6
7 6
0 1
0 2
2 3
2 4
4 5
4 6
1 0
1 0
1 0
1 0
6 6
0 1
0 2
1 3
2 3
3 4
3 5
5 5
0 1
0 2
1 3
2 3
2 4
6 6
0 1
0 2
1 3
2 3
3 4
3 5
5 5
0 1
0 2
1 3
2 3
2 4
1 0
6 6
0 1
0 2
1 3
2 3
3 4
3 5
5 5
0 1
0 2
1 3
2 3
2 4
6 6
0 1
0 2
1 3
2 3
3 4
3 5
5 5
0 1
0 2
1 3
2 3
2 4
1 0
1 0
5 4
0 1
0 2
2 3
2 4
5 4
0 1
0 2
2 3
2 4
29 28
0 1
0 2
2 3
2 4
4 5
4 6
6 7
6 8
8 9
8 10
10 11
10 12
12 13
12 14
14 15
14 16
16 17
16 18
18 19
18 20
20 21
20 22
22 23
22 24
24 25
24 26
26 27
26 28
29 28
0 1
0 2
2 3
2 4
4 5
4 6
6 7
6 8
8 9
8 10
10 11
10 12
12 13
12 14
14 15
14 16
16 17
16 18
18 19
18 20
20 21
20 22
22 23
22 24
24 25
24 26
26 27
26 28
1 0
3 2
0 1
0 2
3 2
0 1
0 2
13 12
0 1
0 12
1 2
1 7
2 3
2 6
3 4
3 5
7 8
7 9
9 10
9 11
13 12
0 1
0 12
1 2
1 7
2 3
2 6
3 4
3 5
7 8
7 9
9 10
9 11
59 72
0 1
0 4
1 2
1 3
4 5
4 8
5 6
5 7
8 9
8 12
9 10
9 11
12 13
12 16
13 14
13 15
16 17
16 18
18 19
18 20
20 21
20 22
22 23
22 24
24 25
25 26
25 27
26 54
27 28
27 29
28 54
29 30
29 31
30 54
31 32
31 33
32 54
33 34
33 35
34 54
35 36
35 37
36 54
37 38
37 39
38 54
39 40
39 41
40 54
41 42
41 43
42 54
43 44
43 45
44 54
45 46
45 47
46 54
47 48
47 49
48 54
49 50
49 51
50 54
51 52
51 53
52 54
53 54
54 55
54 58
55 56
55 57
56 69
0 1
0 4
1 2
1 3
4 5
4 8
5 6
5 7
8 9
8 12
9 10
9 11
12 13
12 16
13 14
13 15
16 21
16 19
16 20
16 17
16 18
21 22
22 23
22 24
23 51
24 25
24 26
25 51
26 27
26 28
27 51
28 29
28 30
29 51
30 31
30 32
31 51
32 33
32 34
33 51
34 35
34 36
35 51
36 37
36 38
37 51
38 39
38 40
39 51
40 41
40 42
41 51
42 43
42 44
43 51
44 45
44 46
45 51
46 47
46 48
47 51
48 49
48 50
49 51
50 51
51 52
51 55
52 53
52 54
3 2
0 1
0 2
3 2
0 1
0 2
53 52
0 1
0 2
2 3
2 4
4 5
4 6
6 7
6 8
8 9
8 10
10 11
10 12
12 13
12 14
14 15
14 16
16 17
16 18
18 19
18 20
20 21
20 22
22 23
22 24
24 25
24 26
26 27
26 28
28 29
28 30
30 31
30 32
32 33
32 34
34 35
34 36
36 37
36 38
38 39
38 40
40 41
40 42
42 43
42 44
44 45
44 46
46 47
46 48
48 49
48 50
50 51
50 52
50 49
0 1
0 2
2 3
2 4
4 5
4 6
6 7
6 8
8 9
8 10
10 11
10 12
12 13
12 14
14 15
14 16
16 17
16 18
18 19
18 20
20 21
20 22
22 23
22 24
24 25
24 26
26 27
26 28
28 29
28 30
30 31
30 32
32 33
32 34
34 35
34 36
36 37
36 38
38 39
38 40
40 41
40 42
42 43
42 44
44 49
44 45
44 46
44 47
44 48
85 84
0 1
0 2
2 3
2 4
4 5
4 6
6 7
6 8
8 9
8 10
10 11
10 12
12 13
12 14
14 15
14 16
16 17
16 18
18 19
18 20
20 21
20 22
22 23
22 24
24 25
24 26
26 27
26 28
28 29
28 30
30 31
30 32
32 33
32 34
34 35
34 36
36 37
36 38
38 39
38 40
40 41
40 44
41 42
41 43
44 45
44 46
46 47
46 48
48 49
48 50
50 51
50 52
52 53
52 54
54 55
54 56
56 57
56 58
58 59
58 62
59 60
59 61
62 63
62 66
63 64
63 65
66 67
66 70
67 68
67 69
70 71
70 74
71 72
71 73
74 75
74 76
76 77
76 80
77 78
77 79
80 81
80 84
81 82
81 83
51 50
0 50
0 1
0 4
0 7
0 9
0 2
0 5
0 8
0 10
0 3
0 6
0 11
0 12
0 43
0 15
0 16
0 13
0 14
0 17
0 18
0 19
0 20
0 21
0 24
0 25
0 30
0 28
0 29
0 31
0 34
0 37
0 40
0 44
0 47
0 26
0 27
21 22
21 23
31 32
31 33
34 35
34 36
37 38
37 39
40 41
40 42
44 45
44 46
47 48
47 49
79 78
0 1
0 2
2 3
2 4
4 5
4 6
6 7
6 8
8 9
8 10
10 11
10 12
12 13
12 14
14 15
14 16
16 17
16 18
18 19
18 20
20 21
20 22
22 23
22 24
24 25
24 26
26 27
26 28
28 29
28 30
30 31
30 32
32 33
32 34
34 35
34 36
36 37
36 38
38 39
38 40
40 41
40 42
42 43
42 44
44 45
44 46
46 47
46 48
48 49
48 50
50 51
50 52
52 53
52 54
54 55
54 56
56 57
56 58
58 59
58 60
60 61
60 64
61 62
61 63
64 65
64 68
65 66
65 67
68 69
68 70
70 71
70 74
71 72
71 73
74 75
74 78
75 76
75 77
45 44
0 44
0 1
0 4
0 7
0 9
0 2
0 5
0 8
0 10
0 3
0 6
0 11
0 12
0 37
0 15
0 16
0 13
0 14
0 17
0 18
0 19
0 20
0 21
0 22
0 23
0 28
0 26
0 27
0 29
0 30
0 31
0 34
0 38
0 41
0 24
0 25
31 32
31 33
34 35
34 36
38 39
38 40
41 42
41 43
3 2
0 1
0 2
9 8
0 1
0 8
1 2
1 3
3 4
3 7
4 5
4 6
9 8
0 1
0 8
1 2
1 3
3 4
3 7
4 5
4 6
5 4
0 1
0 2
2 3
2 4
5 4
0 1
0 2
2 3
2 4
13 12
0 1
0 2
2 3
2 4
4 5
4 6
6 7
6 8
8 9
8 10
10 11
10 12
5 4
0 1
0 4
1 2
1 3
5 4
0 1
0 4
1 2
1 3
3 2
0 1
0 2
5 4
0 1
0 4
1 2
1 3
5 4
0 1
0 4
1 2
1 3
5 4
0 1
0 4
1 2
1 3
5 4
0 1
0 4
1 2
1 3
108 114
0 1
0 107
1 2
1 3
3 4
3 5
5 6
5 7
7 8
7 9
9 10
9 19
10 11
10 18
11 12
11 15
12 13
12 14
15 16
15 17
19 20
19 28
20 21
20 27
21 22
21 23
22 24
23 24
24 25
24 26
28 29
28 42
29 30
29 41
30 31
31 32
31 36
32 33
32 34
33 35
34 35
35 37
36 37
37 38
37 39
38 40
39 40
42 43
42 56
43 44
43 55
44 45
45 46
45 50
46 47
46 48
47 49
48 49
49 51
50 51
51 52
51 53
52 54
53 54
56 57
56 62
57 58
57 61
58 59
58 60
62 63
62 68
63 64
63 67
64 65
64 66
68 69
68 74
69 70
69 71
71 72
71 73
74 75
74 78
75 76
75 77
78 79
78 84
79 80
79 81
81 82
81 83
84 85
84 88
85 86
85 87
88 89
88 94
89 90
89 91
91 92
91 93
94 95
94 98
95 96
95 97
98 99
98 102
99 100
99 101
102 103
102 106
103 104
103 105
108 114
0 1
0 107
1 2
1 3
3 4
3 5
5 6
5 7
7 8
7 9
9 10
9 19
10 11
10 18
11 12
11 15
12 13
12 14
15 16
15 17
19 20
19 28
20 21
20 27
21 22
21 23
22 24
23 24
24 25
24 26
28 29
28 42
29 30
29 41
30 31
31 32
31 36
32 33
32 34
33 35
34 35
35 37
36 37
37 38
37 39
38 40
39 40
42 43
42 56
43 44
43 55
44 45
45 46
45 50
46 47
46 48
47 49
48 49
49 51
50 51
51 52
51 53
52 54
53 54
56 57
56 62
57 58
57 61
58 59
58 60
62 63
62 68
63 64
63 67
64 65
64 66
68 69
68 74
69 70
69 71
71 72
71 73
74 75
74 78
75 76
75 77
78 79
78 84
79 80
79 81
81 82
81 83
84 85
84 88
85 86
85 87
88 89
88 94
89 90
89 91
91 92
91 93
94 95
94 98
95 96
95 97
98 99
98 102
99 100
99 101
102 103
102 106
103 104
103 105
1 0
1 0
7 6
0 1
0 4
1 2
1 3
4 5
4 6
7 6
0 1
0 4
1 2
1 3
4 5
4 6
5 4
0 1
0 4
1 2
1 3
5 4
0 1
0 4
1 2
1 3
7 6
0 1
0 6
1 2
1 3
3 4
3 5
7 6
0 1
0 6
1 2
1 3
3 4
3 5
1 0
1 0
7 6
0 1
0 4
1 2
1 3
4 5
4 6
7 6
0 1
0 4
1 2
1 3
4 5
4 6
5 4
0 1
0 4
1 2
1 3
5 4
0 1
0 4
1 2
1 3
7 6
0 1
0 6
1 2
1 3
3 4
3 5
7 6
0 1
0 6
1 2
1 3
3 4
3 5
1 0
1 0
5 4
0 1
0 4
1 2
1 3
5 4
0 1
0 4
1 2
1 3
5 4
0 1
0 4
1 2
1 3
9 8
0 1
0 8
1 2
1 3
3 4
3 5
5 6
5 7
9 8
0 1
0 8
1 2
1 3
3 4
3 5
5 6
5 7
11 10
0 1
0 10
1 2
1 3
3 4
3 5
5 6
5 9
6 7
6 8
11 10
0 1
0 10
1 2
1 3
3 4
3 5
5 6
5 9
6 7
6 8
1 0
1 0
5 4
0 1
0 4
1 2
1 3
7 6
0 1
0 6
1 2
1 3
3 4
3 5
7 6
0 1
0 6
1 2
1 3
3 4
3 5
13 12
0 1
0 2
2 3
2 4
4 5
4 6
6 7
6 8
8 9
8 10
10 11
10 12
13 12
0 1
0 2
2 3
2 4
4 5
4 6
6 7
6 8
8 9
8 10
10 11
10 12
7 6
0 1
0 6
1 2
1 3
3 4
3 5
7 6
0 1
0 6
1 2
1 3
3 4
3 5
7 6
0 1
0 6
1 2
1 3
3 4
3 5
7 6
0 1
0 6
1 2
1 3
3 4
3 5
20 22
0 1
0 19
1 2
1 3
3 4
3 5
5 6
5 7
7 8
7 9
8 16
9 10
9 11
10 15
11 12
11 13
12 14
13 14
14 15
15 16
16 17
16 18
20 22
0 1
0 19
1 2
1 3
3 4
3 5
5 6
5 7
7 8
7 9
8 16
9 10
9 11
10 15
11 12
11 13
12 14
13 14
14 15
15 16
16 17
16 18
5 4
0 1
0 4
1 2
1 3
5 4
0 1
0 4
1 2
1 3
5 4
0 1
0 4
1 2
1 3
5 4
0 1
0 4
1 2
1 3
11 12
0 1
0 2
2 3
2 4
3 8
4 5
4 6
5 7
6 7
7 8
8 9
8 10
11 12
0 1
0 2
2 3
2 4
3 8
4 5
4 6
5 7
6 7
7 8
8 9
8 10
5 4
0 1
0 4
1 2
1 3
5 4
0 1
0 4
1 2
1 3
5 4
0 1
0 4
1 2
1 3
5 4
0 1
0 4
1 2
1 3
35 44
0 1
0 34
1 2
1 3
2 31
3 4
3 5
4 30
5 6
5 7
6 29
7 8
7 9
8 28
9 10
9 11
10 27
11 12
11 13
12 26
13 14
13 15
14 25
15 16
15 17
16 24
17 18
17 19
18 23
19 20
19 21
20 22
21 22
22 23
23 24
24 25
25 26
26 27
27 28
28 29
29 30
30 31
31 32
31 33
35 44
0 1
0 34
1 2
1 3
2 31
3 4
3 5
4 30
5 6
5 7
6 29
7 8
7 9
8 28
9 10
9 11
10 27
11 12
11 13
12 26
13 14
13 15
14 25
15 16
15 17
16 24
17 18
17 19
18 23
19 20
19 21
20 22
21 22
22 23
23 24
24 25
25 26
26 27
27 28
28 29
29 30
30 31
31 32
31 33
1 0
1 0
13 12
0 1
0 2
2 3
2 4
4 5
4 6
6 7
6 8
8 9
8 10
10 11
10 12
5 4
0 1
0 4
1 2
1 3
5 4
0 1
0 4
1 2
1 3
9 8
0 1
0 2
2 3
2 4
4 5
4 6
6 7
6 8
9 8
0 1
0 2
2 3
2 4
4 5
4 6
6 7
6 8
5 4
0 1
0 2
2 3
2 4
5 4
0 1
0 2
2 3
2 4
7 6
0 1
0 2
2 3
2 4
4 5
4 6
7 6
0 1
0 2
2 3
2 4
4 5
4 6
7 6
0 1
0 2
2 3
2 4
4 5
4 6
7 6
0 1
0 2
2 3
2 4
4 5
4 6
14 16
0 1
0 5
1 2
1 3
2 4
3 4
4 6
5 6
6 7
6 8
8 9
8 10
9 11
10 11
11 12
11 13
14 16
0 1
0 5
1 2
1 3
2 4
3 4
4 6
5 6
6 7
6 8
8 9
8 10
9 11
10 11
11 12
11 13
32 38
0 1
1 2
1 6
2 3
2 4
3 5
4 5
5 7
6 7
7 8
7 9
8 15
9 10
9 11
10 12
11 12
12 13
12 14
13 15
14 15
15 16
15 17
17 18
17 19
19 20
19 21
21 22
21 31
22 23
23 24
23 27
24 25
24 26
25 28
26 28
27 28
28 29
28 30
31 36
0 1
1 2
1 6
2 3
2 4
3 5
4 5
5 7
6 7
7 8
7 9
8 15
9 10
9 11
10 12
11 12
12 13
12 14
13 15
14 15
15 16
15 17
17 18
17 19
19 20
19 21
21 22
21 30
22 23
23 24
23 27
24 25
24 26
25 28
26 29
27 29
5 4
0 1
0 4
1 2
1 3
5 4
0 1
0 4
1 2
1 3
7 6
0 1
0 6
1 2
1 5
2 3
2 4
7 6
0 1
0 6
1 2
1 5
2 3
2 4
9 8
0 1
0 8
1 2
1 7
2 3
2 4
4 5
4 6
9 8
0 1
0 8
1 2
1 7
2 3
2 4
4 5
4 6
7 6
0 1
0 6
1 2
1 5
2 3
2 4
7 6
0 1
0 6
1 2
1 5
2 3
2 4
9 8
0 1
0 8
1 2
1 7
2 3
2 4
4 5
4 6
9 8
0 1
0 8
1 2
1 7
2 3
2 4
4 5
4 6
1 0
1 0
1 0
1 0
4 4
0 1
1 2
1 3
2 1
4 4
0 1
1 2
1 3
2 1
3 2
0 1
0 2
3 2
0 1
0 2
3 4
0 1
0 2
1 1
1 2
4 5
0 1
0 3
1 2
2 2
2 3
25 32
0 1
1 2
1 6
2 3
2 4
3 5
4 5
5 7
6 7
7 8
7 12
8 9
8 10
9 11
10 11
11 1
12 13
13 14
13 18
14 15
14 16
15 17
16 17
17 19
18 19
19 20
19 24
20 21
20 22
21 23
22 23
23 13
25 32
0 1
1 2
1 6
2 3
2 4
3 5
4 5
5 7
6 7
7 8
7 12
8 9
8 10
9 11
10 11
11 1
12 13
13 14
13 18
14 15
14 16
15 17
16 17
17 19
18 19
19 20
19 24
20 21
20 22
21 23
22 23
23 13
50 64
0 1
0 2
2 3
2 4
3 5
4 5
5 6
6 7
6 14
7 8
7 12
8 9
8 10
9 11
10 11
11 13
12 13
13 15
14 15
15 16
15 49
16 17
16 47
17 18
18 19
19 20
19 24
20 21
20 22
21 23
22 23
23 25
24 25
25 26
25 30
26 27
26 28
27 29
28 29
29 19
30 31
31 32
31 36
32 33
32 34
33 35
34 35
35 37
36 37
37 38
37 42
38 39
38 40
39 41
40 41
41 31
42 43
43 44
43 45
44 46
45 46
46 48
47 48
48 6
50 64
0 1
0 2
2 3
2 4
3 5
4 5
5 6
6 7
6 14
7 8
7 12
8 9
8 10
9 11
10 11
11 13
12 13
13 15
14 15
15 16
15 49
16 17
16 47
17 18
18 19
19 20
19 24
20 21
20 22
21 23
22 23
23 25
24 25
25 26
25 30
26 27
26 28
27 29
28 29
29 19
30 31
31 32
31 36
32 33
32 34
33 35
34 35
35 37
36 37
37 38
37 42
38 39
38 40
39 41
40 41
41 31
42 43
43 44
43 45
44 46
45 46
46 48
47 48
48 6
23 31
0 1
0 2
1 3
1 2
2 3
3 4
3 5
4 6
4 5
5 6
6 7
7 8
7 22
8 9
9 10
9 14
10 11
10 12
11 13
12 13
13 15
14 15
15 16
15 21
16 17
16 18
17 19
18 19
19 20
20 9
21 7
22 29
0 1
1 2
2 3
2 4
3 5
3 4
4 5
5 6
5 21
6 7
7 8
8 9
8 13
9 10
9 11
10 12
11 12
12 14
13 14
14 15
14 20
15 16
15 17
16 18
17 18
18 19
19 8
20 7
20 21
1 0
1 0
1 0
7 6
0 1
0 6
1 2
1 5
2 3
2 4
7 6
0 1
0 6
1 2
1 5
2 3
2 4
24 24
0 1
0 23
1 2
1 22
2 3
2 6
3 4
3 5
6 7
6 10
7 8
7 9
10 11
10 19
11 12
11 16
12 13
12 16
13 14
13 15
16 17
16 18
19 20
19 21
24 24
0 1
0 23
1 2
1 22
2 3
2 6
3 4
3 5
6 7
6 10
7 8
7 9
10 11
10 19
11 12
11 16
12 13
12 16
13 14
13 15
16 17
16 18
19 20
19 21
9 8
0 1
0 8
1 2
1 7
2 3
2 4
4 5
4 6
9 8
0 1
0 8
1 2
1 7
2 3
2 4
4 5
4 6
5 4
0 1
0 4
1 2
1 3
5 4
0 1
0 4
1 2
1 3
13 14
0 1
0 12
1 2
1 11
2 3
2 10
3 4
3 5
4 9
5 6
5 7
6 8
7 8
8 9
13 14
0 1
0 12
1 2
1 11
2 3
2 10
3 4
3 5
4 9
5 6
5 7
6 8
7 8
8 9
1 0
14 14
0 1
0 13
1 2
1 12
2 3
2 11
3 4
3 8
4 5
4 6
5 7
6 7
8 9
8 10
14 14
0 1
0 13
1 2
1 12
2 3
2 11
3 4
3 8
4 5
4 6
5 7
6 7
8 9
8 10
1 0
24 28
0 1
0 23
1 2
1 22
2 3
2 21
3 4
3 5
4 6
5 6
6 7
6 8
7 12
8 9
8 10
9 11
10 11
11 12
12 13
12 14
13 15
14 15
15 16
15 20
16 17
16 18
17 19
18 19
23 26
0 1
0 22
1 2
1 21
2 3
2 20
3 4
3 5
4 6
5 6
6 7
6 8
7 12
8 9
8 10
9 11
10 11
11 12
12 13
12 14
13 15
14 19
15 16
15 17
16 18
17 18
13 12
0 1
0 12
1 2
1 11
2 3
2 10
3 4
3 9
4 5
4 6
6 7
6 8
13 12
0 1
0 12
1 2
1 11
2 3
2 10
3 4
3 9
4 5
4 6
6 7
6 8
11 10
0 1
0 10
1 2
1 9
2 3
2 8
3 4
3 7
4 5
4 6
11 10
0 1
0 10
1 2
1 9
2 3
2 8
3 4
3 7
4 5
4 6
21 20
0 1
0 20
1 2
1 19
2 3
2 18
3 4
3 17
4 5
4 10
5 6
5 9
6 7
6 8
10 11
10 16
11 12
11 15
12 13
12 14
21 20
0 1
0 20
1 2
1 19
2 3
2 18
3 4
3 17
4 5
4 10
5 6
5 9
6 7
6 8
10 11
10 16
11 12
11 15
12 13
12 14
7 6
0 1
0 6
1 2
1 5
2 3
2 4
7 6
0 1
0 6
1 2
1 5
2 3
2 4
3 2
0 1
0 2
3 2
0 1
0 2
11 10
0 1
0 10
1 2
1 9
2 3
2 8
3 4
3 7
4 5
4 6
11 10
0 1
0 10
1 2
1 9
2 3
2 8
3 4
3 7
4 5
4 6
11 10
0 1
0 10
1 2
1 9
2 3
2 8
3 4
3 7
4 5
4 6
11 10
0 1
0 10
1 2
1 9
2 3
2 8
3 4
3 7
4 5
4 6
1 0
1 0
23 22
0 1
0 22
1 2
1 21
2 3
2 20
3 4
3 19
4 5
4 18
5 6
5 7
7 8
7 17
8 9
8 16
9 10
9 11
11 12
11 15
12 13
12 14
23 22
0 1
0 22
1 2
1 21
2 3
2 20
3 4
3 19
4 5
4 18
5 6
5 7
7 8
7 17
8 9
8 16
9 10
9 11
11 12
11 15
12 13
12 14
9 8
0 1
0 8
1 2
1 7
2 3
2 6
3 4
3 5
9 8
0 1
0 8
1 2
1 7
2 3
2 6
3 4
3 5
7 6
0 1
0 6
1 2
1 5
2 3
2 4
7 6
0 1
0 6
1 2
1 5
2 3
2 4
7 6
0 1
0 6
1 2
1 5
2 3
2 4
7 6
0 1
0 6
1 2
1 5
2 3
2 4
13 12
0 1
0 12
1 2
1 11
2 3
2 10
3 4
3 5
5 6
5 7
7 8
7 9
13 12
0 1
0 12
1 2
1 11
2 3
2 10
3 4
3 5
5 6
5 7
7 8
7 9
15 14
0 1
0 14
1 2
1 13
2 3
2 4
4 5
4 6
6 7
6 8
8 9
8 10
10 11
10 12
15 14
0 1
0 14
1 2
1 13
2 3
2 4
4 5
4 6
6 7
6 8
8 9
8 10
10 11
10 12
9 8
0 1
0 8
1 2
1 7
2 3
2 6
3 4
3 5
9 8
0 1
0 8
1 2
1 7
2 3
2 6
3 4
3 5
5 5
0 1
0 2
2 3
2 4
3 0
5 5
0 1
0 2
2 3
2 4
3 0
21 24
0 1
0 10
1 2
1 3
2 7
3 4
3 5
4 6
5 6
6 7
7 8
7 9
10 11
10 20
11 12
11 13
12 17
13 14
13 15
14 16
15 16
16 17
17 18
17 19
21 24
0 1
0 10
1 2
1 3
2 7
3 4
3 5
4 6
5 6
6 7
7 8
7 9
10 11
10 20
11 12
11 13
12 17
13 14
13 15
14 16
15 16
16 17
17 18
17 19
9 8
0 1
0 8
1 2
1 7
2 3
2 6
3 4
3 5
9 8
0 1
0 8
1 2
1 7
2 3
2 6
3 4
3 5
5 4
0 1
0 2
2 3
2 4
5 4
0 1
0 2
2 3
2 4
7 6
0 1
0 2
2 3
2 4
4 5
4 6
7 6
0 1
0 2
2 3
2 4
4 5
4 6
3 2
0 1
0 2
19 18
0 1
0 18
1 2
1 17
2 3
2 16
3 4
3 15
4 5
4 14
5 6
5 13
6 7
6 12
7 8
7 11
8 9
8 10
19 18
0 1
0 18
1 2
1 17
2 3
2 16
3 4
3 15
4 5
4 14
5 6
5 13
6 7
6 12
7 8
7 11
8 9
8 10
19 18
0 1
0 18
1 2
1 17
2 3
2 16
3 4
3 15
4 5
4 14
5 6
5 13
6 7
6 12
7 8
7 11
8 9
8 10
19 18
0 1
0 18
1 2
1 17
2 3
2 16
3 4
3 15
4 5
4 14
5 6
5 13
6 7
6 12
7 8
7 11
8 9
8 10
3 2
0 1
0 2
12 14
0 1
1 2
1 3
3 4
3 5
5 6
5 7
6 8
7 8
8 9
8 10
9 11
10 11
11 1
12 15
0 2
0 1
1 3
3 4
3 5
5 6
5 7
6 8
7 8
8 9
8 10
9 11
10 11
11 2
11 3
15 18
0 1
1 2
1 6
2 3
2 4
3 5
4 5
6 7
6 8
8 9
8 10
9 11
10 11
11 12
11 13
12 14
13 14
14 1
15 19
0 2
0 1
1 6
2 3
2 4
3 5
4 5
6 7
6 8
8 9
8 10
9 11
10 11
11 12
11 13
12 14
13 14
14 2
14 6
1 0
29 32
0 1
0 11
1 2
1 10
2 3
2 9
3 4
3 8
4 5
4 6
5 7
6 7
11 12
11 28
12 13
12 27
13 14
13 26
14 15
14 25
15 16
15 17
16 18
17 18
18 19
18 23
19 20
19 21
20 22
21 22
22 24
23 24
29 32
0 1
0 11
1 2
1 10
2 3
2 9
3 4
3 8
4 5
4 6
5 7
6 7
11 12
11 28
12 13
12 27
13 14
13 26
14 15
14 25
15 16
15 17
16 18
17 18
18 19
18 23
19 20
19 21
20 22
21 22
22 24
23 24
13 12
0 1
0 12
1 2
1 11
2 3
2 10
3 4
3 9
4 5
4 8
5 6
5 7
13 12
0 1
0 12
1 2
1 11
2 3
2 10
3 4
3 9
4 5
4 8
5 6
5 7
3 2
0 1
0 2
3 2
0 1
0 2
9 10
0 1
1 2
1 3
3 4
3 5
5 6
5 7
6 8
7 8
8 1
9 11
0 2
0 1
1 3
3 4
3 5
5 6
5 7
6 8
7 8
8 2
8 3
12 14
0 1
1 2
1 6
2 3
2 4
3 5
4 5
6 7
6 8
8 9
8 10
9 11
10 11
11 1
12 15
0 2
0 1
1 6
2 3
2 4
3 5
4 5
6 7
6 8
8 9
8 10
9 11
10 11
11 2
11 6
1 0
33 36
0 1
0 13
1 2
1 12
2 3
2 11
3 4
3 5
5 6
5 7
7 8
7 9
8 10
9 10
13 14
13 32
14 15
14 31
15 16
15 30
16 17
16 18
18 19
18 20
20 21
20 22
21 23
22 23
23 24
23 28
24 25
24 26
25 27
26 27
27 29
28 29
33 36
0 1
0 13
1 2
1 12
2 3
2 11
3 4
3 5
5 6
5 7
7 8
7 9
8 10
9 10
13 14
13 32
14 15
14 31
15 16
15 30
16 17
16 18
18 19
18 20
20 21
20 22
21 23
22 23
23 24
23 28
24 25
24 26
25 27
26 27
27 29
28 29
9 8
0 1
0 8
1 2
1 7
2 3
2 6
3 4
3 5
9 8
0 1
0 8
1 2
1 7
2 3
2 6
3 4
3 5
3 2
0 1
0 2
3 2
0 1
0 2
5 4
0 1
0 4
1 2
1 3
5 4
0 1
0 4
1 2
1 3
7 6
0 1
0 2
2 3
2 4
4 5
4 6
9 8
0 1
0 8
1 2
1 7
2 3
2 6
3 4
3 5
9 8
0 1
0 8
1 2
1 7
2 3
2 6
3 4
3 5
9 8
0 1
0 8
1 2
1 7
2 3
2 6
3 4
3 5
9 8
0 1
0 8
1 2
1 7
2 3
2 6
3 4
3 5
3 2
0 1
0 2
3 2
0 1
0 2
11 10
0 1
0 10
1 2
1 9
2 3
2 8
3 4
3 7
4 5
4 6
11 10
0 1
0 10
1 2
1 9
2 3
2 8
3 4
3 7
4 5
4 6
3 4
0 1
0 2
1 1
1 2
4 5
0 1
0 3
1 2
2 2
2 3
11 10
0 1
0 10
1 2
1 9
2 3
2 8
3 4
3 5
5 6
5 7
11 10
0 1
0 10
1 2
1 9
2 3
2 8
3 4
3 5
5 6
5 7
11 10
0 1
0 10
1 2
1 9
2 3
2 8
3 4
3 7
4 5
4 6
11 10
0 1
0 10
1 2
1 9
2 3
2 8
3 4
3 7
4 5
4 6
3 2
0 1
0 2
3 2
0 1
0 2
11 10
0 1
0 10
1 2
1 9
2 3
2 8
3 4
3 7
4 5
4 6
11 10
0 1
0 10
1 2
1 9
2 3
2 8
3 4
3 7
4 5
4 6
11 10
0 1
0 10
1 2
1 9
2 3
2 8
3 4
3 7
4 5
4 6
11 10
0 1
0 10
1 2
1 9
2 3
2 8
3 4
3 7
4 5
4 6
5 4
0 1
0 2
2 3
2 4
5 4
0 1
0 2
2 3
2 4
26 28
0 1
0 25
1 2
1 24
2 3
2 23
3 4
3 22
4 5
4 21
5 6
5 20
6 7
6 19
7 8
7 9
8 16
9 10
9 11
10 15
11 12
11 13
12 14
13 14
14 15
15 16
16 17
16 18
26 28
0 1
0 25
1 2
1 24
2 3
2 23
3 4
3 22
4 5
4 21
5 6
5 20
6 7
6 19
7 8
7 9
8 16
9 10
9 11
10 15
11 12
11 13
12 14
13 14
14 15
15 16
16 17
16 18
20 22
0 1
0 19
1 2
1 18
2 3
2 17
3 4
3 16
4 5
4 6
5 10
6 7
6 8
7 9
8 9
9 10
10 11
10 12
12 13
12 14
13 15
14 15
20 22
0 1
0 19
1 2
1 18
2 3
2 17
3 4
3 16
4 5
4 6
5 10
6 7
6 8
7 9
8 9
9 10
10 11
10 12
12 13
12 14
13 15
14 15
9 8
0 1
0 8
1 2
1 7
2 3
2 6
3 4
3 5
9 8
0 1
0 8
1 2
1 7
2 3
2 6
3 4
3 5
1 0
1 0
9 8
0 1
0 8
1 2
1 7
2 3
2 4
4 5
4 6
9 8
0 1
0 8
1 2
1 7
2 3
2 4
4 5
4 6
7 6
0 1
0 6
1 2
1 5
2 3
2 4
7 6
0 1
0 6
1 2
1 5
2 3
2 4
11 10
0 1
0 10
1 2
1 9
2 3
2 8
3 4
3 7
4 5
4 6
11 10
0 1
0 10
1 2
1 9
2 3
2 8
3 4
3 7
4 5
4 6
5 4
0 1
0 4
1 2
1 3
5 4
0 1
0 4
1 2
1 3
1 0
1 0
1 0
1 0
1 0
1 0
1 0
1 0
1 0
1 0
1 0
1 0
1 0
1 0
1 0
1 0
1 0
1 0
1 0
1 0
1 0
1 0
1 0
1 0
1 0
1 0
1 0
1 0
7 6
0 1
0 2
2 3
2 4
4 5
4 6
7 6
0 1
0 2
2 3
2 4
4 5
4 6
11 13
0 1
1 2
1 3
2 8
3 4
3 5
4 8
5 6
5 7
6 8
7 8
8 9
8 10
10 11
0 1
1 2
1 3
2 8
3 4
3 5
4 8
5 6
5 7
6 8
7 9
59 76
0 1
0 2
1 18
2 3
2 4
3 17
4 5
4 6
5 16
6 7
6 8
7 15
8 9
8 10
9 14
10 11
10 12
11 13
12 13
13 14
14 15
15 16
16 17
17 18
18 19
18 20
20 21
20 22
21 56
22 23
22 24
23 55
24 25
24 26
25 54
26 27
26 28
27 53
28 29
28 30
29 52
30 31
30 32
31 51
32 33
32 34
33 50
34 35
34 36
35 49
36 37
36 38
37 48
38 39
38 40
39 47
40 41
40 42
41 46
42 43
42 44
43 45
44 45
45 46
46 47
47 48
48 49
49 50
50 51
51 52
52 53
53 54
54 55
55 56
56 57
56 58
59 76
0 1
0 2
1 18
2 3
2 4
3 17
4 5
4 6
5 16
6 7
6 8
7 15
8 9
8 10
9 14
10 11
10 12
11 13
12 13
13 14
14 15
15 16
16 17
17 18
18 19
18 20
20 21
20 22
21 56
22 23
22 24
23 55
24 25
24 26
25 54
26 27
26 28
27 53
28 29
28 30
29 52
30 31
30 32
31 51
32 33
32 34
33 50
34 35
34 36
35 49
36 37
36 38
37 48
38 39
38 40
39 47
40 41
40 42
41 46
42 43
42 44
43 45
44 45
45 46
46 47
47 48
48 49
49 50
50 51
51 52
52 53
53 54
54 55
55 56
56 57
56 58
49 48
0 1
0 2
2 3
2 4
4 5
4 6
6 7
6 8
8 9
8 10
10 11
10 12
12 13
12 14
14 15
14 16
16 17
16 18
18 19
18 20
20 21
20 22
22 23
22 24
24 25
24 26
26 27
26 28
28 29
28 30
30 31
30 32
32 33
32 34
34 35
34 36
36 37
36 38
38 39
38 40
40 41
40 42
42 43
42 44
44 45
44 46
46 47
46 48
49 48
0 1
0 2
2 3
2 4
4 5
4 6
6 7
6 8
8 9
8 10
10 11
10 12
12 13
12 14
14 15
14 16
16 17
16 18
18 19
18 20
20 21
20 22
22 23
22 24
24 25
24 26
26 27
26 28
28 29
28 30
30 31
30 32
32 33
32 34
34 35
34 36
36 37
36 38
38 39
38 40
40 41
40 42
42 43
42 44
44 45
44 46
46 47
46 48
3 2
0 1
0 2
3 2
0 1
0 2
1 0
1 0
1 0
5 4
0 1
0 4
1 2
1 3
5 4
0 1
0 4
1 2
1 3
7 6
0 1
0 6
1 2
1 5
2 3
2 4
7 6
0 1
0 6
1 2
1 5
2 3
2 4
1 0
1 0
190 209
0 1
0 2
2 3
2 189
3 4
3 5
5 6
5 7
7 8
7 9
9 10
9 11
11 12
11 13
13 14
13 15
15 16
15 17
17 18
17 19
19 20
19 21
21 22
21 23
23 24
23 25
25 26
25 27
27 28
27 29
29 30
29 31
31 32
31 33
33 34
33 35
35 36
35 37
37 38
37 39
39 40
39 41
41 42
41 43
43 44
43 45
45 46
45 47
47 48
47 49
49 50
49 51
51 52
51 53
53 54
53 55
55 56
55 57
57 58
57 59
59 60
59 61
61 62
61 63
63 64
63 65
65 66
65 67
67 68
67 69
69 70
69 71
71 72
71 73
73 74
73 75
75 76
75 77
77 78
77 79
79 80
79 81
81 82
81 83
83 84
83 85
85 86
85 87
87 88
87 89
89 90
89 91
91 92
91 93
93 94
93 95
95 96
95 97
97 98
97 99
98 100
99 100
100 101
101 102
101 103
102 108
103 104
103 105
104 108
105 106
105 107
106 108
107 108
108 109
108 110
110 111
110 112
112 113
113 114
113 115
114 124
115 116
116 117
116 118
117 121
118 119
118 120
119 121
120 121
121 122
121 123
122 124
123 124
124 125
124 126
126 127
126 141
127 128
128 129
128 130
129 137
130 131
130 132
131 137
132 133
132 134
133 137
134 135
134 136
135 137
136 137
137 138
137 139
138 140
139 140
140 142
141 142
142 143
142 144
144 145
144 146
146 147
146 151
147 148
147 149
148 150
149 150
150 152
151 152
152 153
152 154
154 155
154 159
155 156
155 157
156 158
157 158
158 160
159 160
160 161
160 162
162 163
162 167
163 164
163 165
164 166
165 166
166 168
167 168
168 169
168 170
170 171
170 172
172 173
172 174
174 175
174 176
176 177
176 178
178 179
178 180
180 181
180 182
182 183
182 184
184 185
184 186
186 187
186 188
187 203
0 1
0 2
2 3
2 186
3 4
3 5
5 6
5 7
7 8
7 9
9 10
9 11
11 12
11 13
13 14
13 15
15 16
15 17
17 18
17 19
19 20
19 21
21 22
21 23
23 24
23 25
25 26
25 27
27 28
27 29
29 30
29 31
31 32
31 33
33 34
33 35
35 36
35 37
37 38
37 39
39 40
39 41
41 42
41 43
43 44
43 45
45 46
45 47
47 48
47 49
49 50
49 51
51 52
51 53
53 54
53 55
55 56
55 57
57 58
57 59
59 60
59 61
61 62
61 63
63 64
63 65
65 66
65 67
67 68
67 69
69 70
69 71
71 72
71 73
73 74
73 75
75 76
75 77
77 78
77 79
79 80
79 81
81 82
81 83
83 84
83 85
85 86
85 87
87 88
87 89
89 90
89 91
91 92
91 93
93 94
93 95
95 96
95 97
97 98
97 99
98 100
99 100
100 101
101 102
101 103
102 108
103 104
103 105
104 108
105 106
105 107
106 108
107 108
108 109
108 110
110 111
110 112
112 113
113 114
113 115
114 123
115 116
116 117
116 118
117 121
118 119
118 120
119 121
120 122
121 123
122 124
124 125
124 138
125 126
126 127
126 128
127 135
128 129
128 130
129 135
130 131
130 132
131 135
132 133
132 134
133 135
134 136
135 137
136 137
137 139
138 139
139 140
139 141
141 142
141 143
143 144
143 148
144 145
144 146
145 147
146 147
147 149
148 149
149 150
149 151
151 152
151 156
152 153
152 154
153 155
154 155
155 157
156 157
157 158
157 159
159 160
159 164
160 161
160 162
161 163
162 163
163 165
164 165
165 166
165 167
167 168
167 169
169 170
169 171
171 172
171 173
173 174
173 175
175 176
175 177
177 178
177 179
179 180
179 181
181 182
181 183
183 184
183 185
1 0
3 2
0 1
0 2
3 2
0 1
0 2
3 2
0 1
0 2
1 0
1 0
1 0
1 0
1 0
1 0
1 0
1 0
111 110
0 1
0 6
1 2
1 3
3 4
3 5
6 7
6 12
7 8
7 9
9 10
9 11
12 13
12 18
13 14
13 15
15 16
15 17
18 19
18 24
19 20
19 21
21 22
21 23
24 25
24 30
25 26
25 27
27 28
27 29
30 31
30 36
31 32
31 33
33 34
33 35
36 37
36 46
37 38
37 39
39 40
39 41
41 42
41 43
43 44
43 45
46 47
46 52
47 48
47 49
49 50
49 51
52 53
52 58
53 54
53 55
55 56
55 57
58 59
58 64
59 60
59 61
61 62
61 63
64 65
64 70
65 66
65 67
67 68
67 69
70 71
70 76
71 72
71 73
73 74
73 75
76 77
76 82
77 78
77 79
79 80
79 81
82 83
82 88
83 84
83 85
85 86
85 87
88 89
88 92
89 90
89 91
92 93
92 98
93 94
93 95
95 96
95 97
98 99
98 104
99 100
99 101
101 102
101 103
104 105
104 110
105 106
105 107
107 108
107 109
105 104
0 1
0 6
1 2
1 3
3 4
3 5
6 7
6 12
7 8
7 9
9 10
9 11
12 13
12 18
13 14
13 15
15 16
15 17
18 19
18 24
19 20
19 21
21 22
21 23
24 25
24 30
25 26
25 27
27 28
27 29
30 31
30 36
31 32
31 33
33 34
33 35
36 37
36 46
37 38
37 39
39 40
39 41
41 42
41 43
43 44
43 45
46 47
46 52
47 48
47 49
49 50
49 51
52 53
52 58
53 54
53 55
55 56
55 57
58 59
58 64
59 60
59 61
61 62
61 63
64 65
64 70
65 66
65 67
67 68
67 69
70 104
70 71
70 76
70 81
70 86
70 89
70 94
70 99
71 72
71 73
73 74
73 75
76 77
76 78
78 79
78 80
81 82
81 83
83 84
83 85
86 87
86 88
89 90
89 91
91 92
91 93
94 95
94 96
96 97
96 98
99 100
99 101
101 102
101 103
3 2
0 1
0 2
1 0
1 0
99 116
0 1
0 10
1 2
1 3
2 7
3 4
3 5
4 6
5 6
6 7
7 8
7 9
10 11
10 20
11 12
11 13
12 17
13 14
13 15
14 16
15 16
16 17
17 18
17 19
20 21
20 30
21 22
21 23
22 27
23 24
23 25
24 26
25 26
26 27
27 28
27 29
30 31
30 40
31 32
31 33
32 37
33 34
33 35
34 36
35 36
36 37
37 38
37 39
40 41
40 50
41 42
41 43
42 47
43 44
43 45
44 46
45 46
46 47
47 48
47 49
50 51
50 60
51 52
51 53
52 57
53 54
53 55
54 56
55 56
56 57
57 58
57 59
60 61
60 70
61 62
61 63
62 67
63 64
63 65
64 66
65 66
66 67
67 68
67 69
70 71
70 74
71 72
71 73
74 75
74 84
75 76
75 77
76 81
77 78
77 79
78 80
79 80
80 81
81 82
81 83
84 85
84 88
85 86
85 87
88 89
88 98
89 90
89 91
90 95
91 92
91 93
92 94
93 94
94 95
95 96
95 97
99 116
0 1
0 10
1 2
1 3
2 7
3 4
3 5
4 6
5 6
6 7
7 8
7 9
10 11
10 20
11 12
11 13
12 17
13 14
13 15
14 16
15 16
16 17
17 18
17 19
20 21
20 30
21 22
21 23
22 27
23 24
23 25
24 26
25 26
26 27
27 28
27 29
30 31
30 40
31 32
31 33
32 37
33 34
33 35
34 36
35 36
36 37
37 38
37 39
40 41
40 50
41 42
41 43
42 47
43 44
43 45
44 46
45 46
46 47
47 48
47 49
50 51
50 60
51 52
51 53
52 57
53 54
53 55
54 56
55 56
56 57
57 58
57 59
60 61
60 70
61 62
61 63
62 67
63 64
63 65
64 66
65 66
66 67
67 68
67 69
70 71
70 74
71 72
71 73
74 75
74 84
75 76
75 77
76 81
77 78
77 79
78 80
79 80
80 81
81 82
81 83
84 85
84 88
85 86
85 87
88 89
88 98
89 90
89 91
90 95
91 92
91 93
92 94
93 94
94 95
95 96
95 97
7 6
0 1
0 6
1 2
1 5
2 3
2 4
7 6
0 1
0 6
1 2
1 5
2 3
2 4
5 4
0 1
0 4
1 2
1 3
5 4
0 1
0 4
1 2
1 3
3 2
0 1
0 2
7 6
0 1
0 6
1 2
1 5
2 3
2 4
9 9
0 1
0 8
1 2
1 7
2 3
2 6
3 4
3 5
4 0
9 9
0 1
0 8
1 2
1 7
2 3
2 6
3 4
3 5
4 0
5 4
0 1
0 4
1 2
1 3
1 0
1 0
5 4
0 1
0 2
2 3
2 4
5 4
0 1
0 2
2 3
2 4
7 7
0 1
0 2
2 3
2 6
3 4
3 5
5 0
7 7
0 1
0 2
2 3
2 6
3 4
3 5
5 0
1 0
1 0
6 9
0 1
0 2
1 3
1 2
2 3
3 4
3 5
4 4
4 5
7 10
0 1
0 2
1 3
1 2
2 3
3 4
3 6
4 5
5 5
5 6
1 0
1 0
1 0
1 0
1 0
1 0
1 0
1 0
3 2
0 1
0 2
3 2
0 1
0 2
7 6
0 1
0 2
2 3
2 4
4 5
4 6
7 6
0 1
0 2
2 3
2 4
4 5
4 6
29 28
0 1
0 4
1 2
1 3
4 5
4 8
5 6
5 7
8 9
8 12
9 10
9 11
12 13
12 16
13 14
13 15
16 17
16 24
17 18
17 23
18 19
18 20
20 21
20 22
24 25
24 26
26 27
26 28
29 28
0 1
0 4
1 2
1 3
4 5
4 8
5 6
5 7
8 9
8 12
9 10
9 11
12 13
12 16
13 14
13 15
16 17
16 24
17 18
17 23
18 19
18 20
20 21
20 22
24 25
24 26
26 27
26 28
1 0
1 0
9 8
0 1
0 4
1 2
1 3
4 5
4 6
6 7
6 8
9 8
0 1
0 4
1 2
1 3
4 5
4 6
6 7
6 8
43 42
0 1
0 10
1 2
1 5
2 3
2 4
5 6
5 9
6 7
6 8
10 11
10 14
11 12
11 13
14 15
14 18
15 16
15 17
18 19
18 22
19 20
19 21
22 23
22 26
23 24
23 25
26 27
26 30
27 28
27 29
30 31
30 34
31 32
31 33
34 35
34 38
35 36
35 37
38 39
38 42
39 40
39 41
40 39
0 1
0 10
1 2
1 5
2 3
2 4
5 6
5 9
6 7
6 8
10 11
10 14
11 12
11 13
14 15
14 18
15 16
15 17
18 19
18 22
19 20
19 21
22 23
22 26
23 24
23 25
26 39
26 27
26 30
26 33
26 36
27 28
27 29
30 31
30 32
33 34
33 35
36 37
36 38
61 74
0 1
0 2
2 3
2 4
4 5
4 6
6 7
6 40
7 8
8 9
8 12
9 10
9 11
10 37
11 37
12 13
12 16
13 14
13 15
14 37
15 37
16 17
16 20
17 18
17 19
18 37
19 37
20 21
20 24
21 22
21 23
22 37
23 37
24 25
24 32
25 26
25 31
26 27
26 28
27 37
28 29
28 30
29 37
30 37
31 37
32 33
32 34
33 37
34 35
34 36
35 37
36 37
37 38
37 39
40 41
40 60
41 42
41 43
43 44
43 45
45 46
45 47
47 48
47 51
48 49
48 50
51 52
51 55
52 53
52 54
55 56
55 59
56 57
56 58
61 74
0 1
0 2
2 3
2 4
4 5
4 6
6 7
6 40
7 8
8 9
8 12
9 10
9 11
10 37
11 37
12 13
12 16
13 14
13 15
14 37
15 37
16 17
16 20
17 18
17 19
18 37
19 37
20 21
20 24
21 22
21 23
22 37
23 37
24 25
24 32
25 26
25 31
26 27
26 28
27 37
28 29
28 30
29 37
30 37
31 37
32 33
32 34
33 37
34 35
34 36
35 37
36 37
37 38
37 39
40 41
40 60
41 42
41 43
43 44
43 45
45 46
45 47
47 48
47 51
48 49
48 50
51 52
51 55
52 53
52 54
55 56
55 59
56 57
56 58
1 0
1 0
5 5
0 1
0 2
2 3
2 4
4 0
5 5
0 1
0 2
2 3
2 4
4 0
3 2
0 1
0 2
11 10
0 1
0 2
2 3
2 4
4 5
4 6
6 7
6 8
8 9
8 10
7 6
0 6
0 1
0 2
0 3
0 4
0 5
1 0
1 0
9 10
0 1
0 5
1 2
1 3
2 4
3 4
4 6
5 6
6 7
6 8
9 10
0 1
0 5
1 2
1 3
2 4
3 4
4 6
5 6
6 7
6 8
5 4
0 1
0 4
1 2
1 3
5 4
0 1
0 4
1 2
1 3
11 10
0 1
0 10
1 2
1 3
3 4
3 5
5 6
5 9
6 7
6 8
11 10
0 1
0 10
1 2
1 3
3 4
3 5
5 6
5 9
6 7
6 8
9 8
0 1
0 8
1 2
1 3
3 4
3 7
4 5
4 6
9 8
0 1
0 8
1 2
1 3
3 4
3 7
4 5
4 6
39 38
0 1
0 2
2 3
2 4
4 5
4 6
6 7
6 8
8 9
8 10
10 11
10 12
12 13
12 14
14 15
14 16
16 17
16 18
18 19
18 20
20 21
20 22
22 23
22 24
24 25
24 26
26 27
26 28
28 29
28 30
30 31
30 32
32 33
32 34
34 35
34 36
36 37
36 38
39 38
0 1
0 2
2 3
2 4
4 5
4 6
6 7
6 8
8 9
8 10
10 11
10 12
12 13
12 14
14 15
14 16
16 17
16 18
18 19
18 20
20 21
20 22
22 23
22 24
24 25
24 26
26 27
26 28
28 29
28 30
30 31
30 32
32 33
32 34
34 35
34 36
36 37
36 38
39 38
0 1
0 2
2 3
2 4
4 5
4 6
6 7
6 8
8 9
8 10
10 11
10 12
12 13
12 14
14 15
14 16
16 17
16 18
18 19
18 20
20 21
20 22
22 23
22 24
24 25
24 26
26 27
26 28
28 29
28 30
30 31
30 32
32 33
32 34
34 35
34 36
36 37
36 38
1 0
1 0
1 0
1 0
1 0
1 0
1 0
1 0
1 0
1 0
3 2
0 1
0 2
3 2
0 1
0 2
1 0
1 0
1 0
1 0
3 2
0 1
0 2
3 2
0 1
0 2
1 0
1 0
3 2
0 1
0 2
3 2
0 1
0 2
71 70
0 1
0 2
2 3
2 4
4 5
4 6
6 7
6 8
8 9
8 10
10 11
10 12
12 13
12 14
14 15
14 16
16 17
16 18
18 19
18 20
20 21
20 22
22 23
22 24
24 25
24 26
26 27
26 28
28 29
28 30
30 31
30 32
32 33
32 34
34 35
34 36
36 37
36 38
38 39
38 40
40 41
40 42
42 43
42 44
44 45
44 46
46 47
46 48
48 49
48 50
50 51
50 52
52 53
52 54
54 55
54 56
56 57
56 58
58 59
58 60
60 61
60 62
62 63
62 64
64 65
64 66
66 67
66 68
68 69
68 70
37 36
0 36
0 1
0 2
0 3
0 4
0 5
0 6
0 7
0 8
0 9
0 10
0 11
0 12
0 13
0 14
0 15
0 16
0 17
0 18
0 19
0 20
0 21
0 22
0 23
0 24
0 29
0 27
0 28
0 30
0 31
0 32
0 33
0 34
0 35
0 25
0 26
1 0
1 0
1 0
7 6
0 1
0 2
2 3
2 6
3 4
3 5
7 6
0 1
0 2
2 3
2 6
3 4
3 5
17 20
0 1
0 16
1 2
1 15
2 3
2 4
3 14
4 5
4 6
5 13
6 7
6 8
7 12
8 9
8 10
9 11
10 11
11 12
12 13
13 14
17 20
0 1
0 16
1 2
1 15
2 3
2 4
3 14
4 5
4 6
5 13
6 7
6 8
7 12
8 9
8 10
9 11
10 11
11 12
12 13
13 14
16 18
0 1
0 2
1 6
2 3
2 4
3 5
4 5
5 6
6 7
6 15
7 8
7 14
8 9
8 10
10 11
10 13
11 12
11 13
16 18
0 1
0 2
1 6
2 3
2 4
3 5
4 5
5 6
6 7
6 15
7 8
7 14
8 9
8 10
10 11
10 13
11 12
11 13
1 0
1 0
13 12
0 1
0 2
2 3
2 6
3 4
3 5
6 7
6 12
7 8
7 11
8 9
8 10
13 12
0 1
0 2
2 3
2 6
3 4
3 5
6 7
6 12
7 8
7 11
8 9
8 10
6 6
0 1
0 2
2 3
2 5
3 4
3 5
6 6
0 1
0 2
2 3
2 5
3 4
3 5
10 10
0 1
0 9
1 2
1 8
2 3
2 7
3 4
3 5
4 6
5 6
10 10
0 1
0 9
1 2
1 8
2 3
2 7
3 4
3 5
4 6
5 6
7 6
0 1
0 6
1 2
1 5
2 3
2 4
7 6
0 1
0 6
1 2
1 5
2 3
2 4
1 0
1 0
7 6
0 1
0 2
2 3
2 6
3 4
3 5
7 6
0 1
0 2
2 3
2 6
3 4
3 5
16 18
0 1
0 15
1 2
1 14
2 3
2 13
3 4
3 8
4 5
4 6
5 7
6 7
7 12
8 9
8 10
9 11
10 11
11 12
16 18
0 1
0 15
1 2
1 14
2 3
2 13
3 4
3 8
4 5
4 6
5 7
6 7
7 12
8 9
8 10
9 11
10 11
11 12
38 40
0 1
0 2
2 3
2 4
4 5
4 37
5 6
5 36
6 7
6 8
8 9
8 10
10 11
10 12
12 13
12 14
14 15
14 16
15 23
16 17
16 18
17 22
18 19
18 20
19 21
20 21
21 22
22 23
23 24
23 25
25 26
25 27
27 28
27 29
29 30
29 31
31 32
31 35
32 33
32 34
38 40
0 1
0 2
2 3
2 4
4 5
4 37
5 6
5 36
6 7
6 8
8 9
8 10
10 11
10 12
12 13
12 14
14 15
14 16
15 23
16 17
16 18
17 22
18 19
18 20
19 21
20 21
21 22
22 23
23 24
23 25
25 26
25 27
27 28
27 29
29 30
29 31
31 32
31 35
32 33
32 34
11 10
0 1
0 8
1 2
1 7
2 3
2 4
4 5
4 6
8 9
8 10
11 10
0 1
0 8
1 2
1 7
2 3
2 4
4 5
4 6
8 9
8 10
5 4
0 1
0 4
1 2
1 3
1 0
1 0
7 6
0 1
0 2
2 3
2 6
3 4
3 5
7 6
0 1
0 2
2 3
2 6
3 4
3 5
49 48
0 1
0 6
1 2
1 5
2 3
2 4
6 7
6 10
7 8
7 9
10 11
10 14
11 12
11 13
14 15
14 18
15 16
15 17
18 19
18 22
19 20
19 21
22 23
22 26
23 24
23 25
26 27
26 30
27 28
27 29
30 31
30 34
31 32
31 33
34 35
34 38
35 36
35 37
38 39
38 42
39 40
39 41
42 43
42 46
43 44
43 45
46 47
46 48
49 48
0 1
0 6
1 2
1 5
2 3
2 4
6 7
6 10
7 8
7 9
10 11
10 14
11 12
11 13
14 15
14 18
15 16
15 17
18 19
18 22
19 20
19 21
22 23
22 26
23 24
23 25
26 27
26 30
27 28
27 29
30 31
30 34
31 32
31 33
34 35
34 38
35 36
35 37
38 39
38 42
39 40
39 41
42 43
42 46
43 44
43 45
46 47
46 48
5 4
0 1
0 2
2 3
2 4
1 0
1 0
19 18
0 1
0 2
2 3
2 14
3 4
3 9
4 5
4 8
5 6
5 7
9 10
9 13
10 11
10 12
14 15
14 18
15 16
15 17
19 18
0 1
0 2
2 3
2 14
3 4
3 9
4 5
4 8
5 6
5 7
9 10
9 13
10 11
10 12
14 15
14 18
15 16
15 17
1 0
1 0
4 4
0 1
0 2
2 3
3 0
4 4
0 1
0 2
2 3
3 0
1 0
1 0
3 3
0 1
0 2
2 0
3 3
0 1
0 2
2 0
11 10
0 1
0 2
2 3
2 4
4 5
4 6
6 7
6 8
8 9
8 10
7 6
0 6
0 1
0 2
0 3
0 4
0 5
3 2
0 1
0 2
3 2
0 1
0 2
7 7
0 1
0 2
2 3
2 6
3 4
3 5
4 0
7 7
0 1
0 2
2 3
2 6
3 4
3 5
4 0
3 2
0 1
0 2
3 2
0 1
0 2
7 7
0 1
0 2
2 3
2 6
3 4
3 5
4 0
7 7
0 1
0 2
2 3
2 6
3 4
3 5
4 0
3 2
0 1
0 2
3 2
0 1
0 2
5 5
0 1
0 2
2 3
2 4
3 0
5 5
0 1
0 2
2 3
2 4
3 0
5 4
0 1
0 4
1 2
1 3
5 4
0 1
0 4
1 2
1 3
407 413
0 1
0 12
1 2
1 11
2 3
2 7
3 4
3 5
4 6
5 6
6 8
7 8
8 9
8 10
12 13
12 26
13 14
14 15
14 16
15 25
16 17
16 18
17 25
18 19
18 20
19 25
20 21
20 22
21 25
22 23
22 24
23 25
24 25
26 27
26 28
28 29
28 34
29 30
29 33
30 31
30 32
34 35
34 38
35 36
35 37
38 39
38 44
39 40
39 43
40 41
40 42
44 45
44 48
45 46
45 47
48 49
48 56
49 50
49 55
50 51
50 54
51 52
51 53
56 57
56 62
57 58
57 61
58 59
58 60
62 63
62 66
63 64
63 65
66 67
66 70
67 68
67 69
70 71
70 74
71 72
71 73
74 75
74 78
75 76
75 77
78 79
78 82
79 80
79 81
82 83
82 86
83 84
83 85
86 87
86 92
87 88
87 91
88 89
88 90
92 93
92 96
93 94
93 95
96 97
96 102
97 98
97 101
98 99
98 100
102 103
102 108
103 104
103 107
104 105
104 106
108 109
108 112
109 110
109 111
112 113
112 116
113 114
113 115
116 117
116 122
117 118
117 121
118 119
118 120
122 123
122 130
123 124
123 129
124 125
124 128
125 126
125 127
130 131
130 140
131 132
131 139
132 133
132 138
133 134
133 137
134 135
134 136
140 141
140 152
141 142
141 151
142 143
142 150
143 144
143 149
144 145
144 148
145 146
145 147
152 153
152 158
153 154
153 157
154 155
154 156
158 159
158 164
159 160
159 163
160 161
160 162
164 165
164 166
166 167
166 168
168 169
168 172
169 170
169 171
172 173
172 194
173 174
173 189
174 175
174 188
175 176
175 187
176 177
176 186
177 178
177 185
178 179
178 180
180 181
180 182
182 183
182 184
189 190
189 193
190 191
190 192
194 195
194 198
195 196
195 197
198 199
198 204
199 200
199 203
200 201
200 202
204 205
204 210
205 206
205 209
206 207
206 208
210 211
210 218
211 212
211 217
212 213
212 216
213 214
213 215
218 219
218 226
219 220
219 225
220 221
220 224
221 222
221 223
226 227
226 232
227 228
227 231
228 229
228 230
232 233
232 238
233 234
233 237
234 235
234 236
238 239
238 242
239 240
239 241
242 243
242 248
243 244
243 247
244 245
244 246
248 249
248 252
249 250
249 251
252 253
252 258
253 254
253 257
254 255
254 256
258 259
258 264
259 260
259 263
260 261
260 262
264 265
264 268
265 266
265 267
268 269
268 272
269 270
269 271
272 273
272 276
273 274
273 275
276 277
276 282
277 278
277 281
278 279
278 280
282 283
282 286
283 284
283 285
286 287
286 290
287 288
287 289
290 291
290 294
291 292
291 293
294 295
294 296
296 297
296 298
298 299
298 302
299 300
299 301
302 303
302 306
303 304
303 305
306 307
306 310
307 308
307 309
310 311
310 314
311 312
311 313
314 315
314 318
315 316
315 317
318 319
318 324
319 320
319 323
320 321
320 322
324 325
324 330
325 326
325 329
326 327
326 328
330 331
330 336
331 332
331 335
332 333
332 334
336 337
336 340
337 338
337 339
340 341
340 346
341 342
341 345
342 343
342 344
346 347
346 350
347 348
347 349
350 351
350 356
351 352
351 355
352 353
352 354
356 357
356 360
357 358
357 359
360 361
360 362
362 363
362 368
363 364
363 367
364 365
364 366
368 369
368 374
369 370
369 373
370 371
370 372
374 375
374 380
375 376
375 379
376 377
376 378
380 381
380 386
381 382
381 385
382 383
382 384
386 387
386 390
387 388
387 389
390 391
390 394
391 392
391 393
394 395
394 400
395 396
395 397
397 398
397 399
400 401
400 406
401 402
401 403
403 404
403 405
403 409
0 1
0 12
1 2
1 11
2 3
2 7
3 4
3 5
4 6
5 6
6 8
7 8
8 9
8 10
12 13
12 22
13 14
14 20
14 15
14 16
14 17
14 18
14 19
15 21
16 21
17 21
18 21
19 21
20 21
22 23
22 24
24 25
24 30
25 26
25 29
26 27
26 28
30 31
30 34
31 32
31 33
34 35
34 40
35 36
35 39
36 37
36 38
40 41
40 44
41 42
41 43
44 45
44 52
45 46
45 51
46 47
46 50
47 48
47 49
52 53
52 58
53 54
53 57
54 55
54 56
58 59
58 62
59 60
59 61
62 63
62 66
63 64
63 65
66 67
66 70
67 68
67 69
70 71
70 74
71 72
71 73
74 75
74 78
75 76
75 77
78 79
78 82
79 80
79 81
82 83
82 88
83 84
83 87
84 85
84 86
88 89
88 92
89 90
89 91
92 93
92 98
93 94
93 97
94 95
94 96
98 99
98 104
99 100
99 103
100 101
100 102
104 105
104 108
105 106
105 107
108 109
108 112
109 110
109 111
112 113
112 118
113 114
113 117
114 115
114 116
118 119
118 126
119 120
119 125
120 121
120 124
121 122
121 123
126 127
126 136
127 128
127 135
128 129
128 134
129 130
129 133
130 131
130 132
136 137
136 148
137 138
137 147
138 139
138 146
139 140
139 145
140 141
140 144
141 142
141 143
148 149
148 154
149 150
149 153
150 151
150 152
154 155
154 160
155 156
155 159
156 157
156 158
160 161
160 162
162 163
162 164
164 165
164 168
165 166
165 167
168 169
168 190
169 170
169 185
170 171
170 184
171 172
171 183
172 173
172 182
173 174
173 181
174 175
174 176
176 177
176 178
178 179
178 180
185 186
185 189
186 187
186 188
190 191
190 194
191 192
191 193
194 195
194 200
195 196
195 199
196 197
196 198
200 201
200 206
201 202
201 205
202 203
202 204
206 207
206 214
207 208
207 213
208 209
208 212
209 210
209 211
214 215
214 222
215 216
215 221
216 217
216 220
217 218
217 219
222 223
222 228
223 224
223 227
224 225
224 226
228 229
228 234
229 230
229 233
230 231
230 232
234 235
234 238
235 236
235 237
238 239
238 244
239 240
239 243
240 241
240 242
244 245
244 248
245 246
245 247
248 249
248 254
249 250
249 253
250 251
250 252
254 255
254 260
255 256
255 259
256 257
256 258
260 261
260 264
261 262
261 263
264 265
264 268
265 266
265 267
268 269
268 272
269 270
269 271
272 273
272 278
273 274
273 277
274 275
274 276
278 279
278 282
279 280
279 281
282 283
282 286
283 284
283 285
286 287
286 290
287 288
287 289
290 291
290 292
292 293
292 294
294 295
294 298
295 296
295 297
298 299
298 302
299 300
299 301
302 303
302 306
303 304
303 305
306 307
306 310
307 308
307 309
310 311
310 314
311 312
311 313
314 315
314 320
315 316
315 319
316 317
316 318
320 321
320 326
321 322
321 325
322 323
322 324
326 327
326 332
327 328
327 331
328 329
328 330
332 333
332 336
333 334
333 335
336 337
336 342
337 338
337 341
338 339
338 340
342 343
342 346
343 344
343 345
346 347
346 352
347 348
347 351
348 349
348 350
352 353
352 356
353 354
353 355
356 357
356 358
358 359
358 364
359 360
359 363
360 361
360 362
364 365
364 370
365 366
365 369
366 367
366 368
370 371
370 376
371 372
371 375
372 373
372 374
376 377
376 382
377 378
377 381
378 379
378 380
382 383
382 386
383 384
383 385
386 387
386 390
387 388
387 389
390 391
390 396
391 392
391 393
393 394
393 395
396 397
396 402
397 398
397 399
399 400
399 401
3 2
0 1
0 2
25 24
0 1
0 4
1 2
1 3
4 5
4 8
5 6
5 7
8 9
8 12
9 10
9 11
12 13
12 16
13 14
13 15
16 17
16 20
17 18
17 19
20 21
20 24
21 22
21 23
20 19
0 19
0 1
0 10
0 4
0 7
0 13
0 16
1 2
1 3
4 5
4 6
7 8
7 9
10 11
10 12
13 14
13 15
16 17
16 18
7 6
0 1
0 4
1 2
1 3
4 5
4 6
7 6
0 1
0 4
1 2
1 3
4 5
4 6
7 6
0 1
0 4
1 2
1 3
4 5
4 6
7 6
0 1
0 4
1 2
1 3
4 5
4 6
9 8
0 1
0 8
1 2
1 7
2 3
2 6
3 4
3 5
9 8
0 1
0 8
1 2
1 7
2 3
2 6
3 4
3 5
5 4
0 1
0 4
1 2
1 3
5 4
0 1
0 4
1 2
1 3
17 20
0 1
0 2
2 3
3 4
3 11
4 5
4 10
5 6
5 9
6 7
6 8
7 12
8 12
9 12
10 12
11 12
12 13
12 16
13 14
13 15
16 18
0 1
0 2
2 3
3 4
3 11
4 5
4 10
5 6
5 9
6 7
6 8
7 12
8 15
9 15
10 15
11 15
12 13
12 14
31 30
0 1
0 8
1 2
1 7
2 3
2 6
3 4
3 5
8 9
8 12
9 10
9 11
12 13
12 16
13 14
13 15
16 17
16 20
17 18
17 19
20 21
20 28
21 22
21 27
22 23
22 26
23 24
23 25
28 29
28 30
27 26
0 24
0 1
0 8
0 11
0 14
0 17
1 2
1 7
2 3
2 6
3 4
3 5
8 9
8 10
11 12
11 13
14 15
14 16
17 18
17 23
18 19
18 22
19 20
19 21
24 25
24 26
5 4
0 1
0 4
1 2
1 3
5 4
0 1
0 4
1 2
1 3
7 6
0 1
0 2
2 3
2 6
3 4
3 5
7 6
0 1
0 2
2 3
2 6
3 4
3 5
9 8
0 1
0 8
1 2
1 7
2 3
2 6
3 4
3 5
9 8
0 1
0 8
1 2
1 7
2 3
2 6
3 4
3 5
5 4
0 1
0 4
1 2
1 3
5 4
0 1
0 4
1 2
1 3
7 6
0 1
0 2
2 3
2 6
3 4
3 5
7 6
0 1
0 2
2 3
2 6
3 4
3 5
11 10
0 1
0 10
1 2
1 9
2 3
2 8
3 4
3 7
4 5
4 6
11 10
0 1
0 10
1 2
1 9
2 3
2 8
3 4
3 7
4 5
4 6
5 4
0 1
0 4
1 2
1 3
5 4
0 1
0 4
1 2
1 3
7 6
0 1
0 2
2 3
2 6
3 4
3 5
7 6
0 1
0 2
2 3
2 6
3 4
3 5
7 6
0 1
0 6
1 2
1 5
2 3
2 4
7 6
0 1
0 6
1 2
1 5
2 3
2 4
5 4
0 1
0 4
1 2
1 3
5 4
0 1
0 4
1 2
1 3
7 6
0 1
0 2
2 3
2 6
3 4
3 5
7 6
0 1
0 2
2 3
2 6
3 4
3 5
19 18
0 1
0 4
1 2
1 3
4 5
4 8
5 6
5 7
8 9
8 12
9 10
9 11
12 13
12 16
13 14
13 15
16 17
16 18
16 15
0 13
0 1
0 4
0 7
0 10
1 2
1 3
4 5
4 6
7 8
7 9
10 11
10 12
13 14
13 15
547 556
0 1
0 4
1 2
1 3
4 5
4 8
5 6
5 7
8 9
8 18
9 10
9 17
10 11
10 16
11 12
11 15
12 13
12 14
18 19
18 38
19 20
19 37
20 21
21 22
21 25
22 23
22 24
23 32
24 32
25 26
25 29
26 27
26 28
27 32
28 32
29 30
29 31
30 32
31 32
32 33
32 36
33 34
33 35
38 39
38 48
39 40
39 47
40 41
40 46
41 42
41 45
42 43
42 44
48 49
48 56
49 50
49 55
50 51
50 54
51 52
51 53
56 57
56 72
57 58
57 71
58 59
59 60
59 63
60 61
60 62
61 64
62 64
63 64
64 65
64 70
65 66
65 69
66 67
66 68
72 73
72 80
73 74
73 79
74 75
74 78
75 76
75 77
80 81
80 84
81 82
81 83
84 85
84 88
85 86
85 87
88 89
88 96
89 90
89 95
90 91
90 94
91 92
91 93
96 97
96 100
97 98
97 99
100 101
100 104
101 102
101 103
104 105
104 112
105 106
105 111
106 107
106 110
107 108
107 109
112 113
112 120
113 114
113 119
114 115
114 118
115 116
115 117
120 121
120 130
121 122
121 129
122 123
122 128
123 124
123 127
124 125
124 126
130 131
130 140
131 132
131 139
132 133
132 138
133 134
133 137
134 135
134 136
140 141
140 148
141 142
141 147
142 143
142 146
143 144
143 145
148 149
148 156
149 150
149 155
150 151
150 154
151 152
151 153
156 157
156 164
157 158
157 163
158 159
158 162
159 160
159 161
164 165
164 168
165 166
165 167
168 169
168 172
169 170
169 171
172 173
172 180
173 174
173 179
174 175
174 178
175 176
175 177
180 181
180 188
181 182
181 187
182 183
182 186
183 184
183 185
188 189
188 196
189 190
189 195
190 191
190 194
191 192
191 193
196 197
196 214
197 198
197 213
198 199
198 212
199 200
200 201
200 204
201 202
201 203
202 207
203 207
204 205
204 206
205 207
206 207
207 208
207 211
208 209
208 210
214 215
214 222
215 216
215 221
216 217
216 220
217 218
217 219
222 223
222 236
223 224
223 235
224 225
224 234
225 226
225 233
226 227
226 232
227 228
227 231
228 229
228 230
236 237
236 254
237 238
237 253
238 239
238 252
239 240
239 251
240 241
240 250
241 242
241 249
242 243
242 248
243 244
243 247
244 245
244 246
254 255
254 278
255 256
255 277
256 257
256 276
257 258
257 275
258 259
258 274
259 260
259 273
260 261
260 272
261 262
261 271
262 263
262 270
263 264
263 269
264 265
264 268
265 266
265 267
278 279
278 286
279 280
279 285
280 281
280 284
281 282
281 283
286 287
286 294
287 288
287 293
288 289
288 292
289 290
289 291
294 295
294 298
295 296
295 297
298 299
298 302
299 300
299 301
302 303
302 310
303 304
303 309
304 305
304 308
305 306
305 307
310 311
310 320
311 312
311 319
312 313
312 318
313 314
313 317
314 315
314 316
320 321
320 328
321 322
321 327
322 323
322 326
323 324
323 325
328 329
328 336
329 330
329 335
330 331
330 334
331 332
331 333
336 337
336 340
337 338
337 339
340 341
340 348
341 342
341 347
342 343
342 346
343 344
343 345
348 349
348 356
349 350
349 355
350 351
350 354
351 352
351 353
356 357
356 360
357 358
357 359
360 361
360 364
361 362
361 363
364 365
364 372
365 366
365 371
366 367
366 370
367 368
367 369
372 373
372 380
373 374
373 379
374 375
374 378
375 376
375 377
380 381
380 388
381 382
381 387
382 383
382 386
383 384
383 385
388 389
388 392
389 390
389 391
392 393
392 400
393 394
393 399
394 395
394 398
395 396
395 397
400 401
400 404
401 402
401 403
404 405
404 408
405 406
405 407
408 409
408 412
409 410
409 411
412 413
412 420
413 414
413 419
414 415
414 418
415 416
415 417
420 421
420 424
421 422
421 423
424 425
424 428
425 426
425 427
428 429
428 432
429 430
429 431
432 433
432 436
433 434
433 435
436 437
436 440
437 438
437 439
440 441
440 444
441 442
441 443
444 445
444 448
445 446
445 447
448 449
448 452
449 450
449 451
452 453
452 456
453 454
453 455
456 457
456 460
457 458
457 459
460 461
460 464
461 462
461 463
464 465
464 468
465 466
465 467
468 469
468 472
469 470
469 471
472 473
472 476
473 474
473 475
476 477
476 484
477 478
477 483
478 479
478 482
479 480
479 481
484 485
484 488
485 486
485 487
488 489
488 492
489 490
489 491
492 493
492 496
493 494
493 495
496 497
496 500
497 498
497 499
500 501
500 504
501 502
501 503
504 505
504 512
505 506
505 511
506 507
506 510
507 508
507 509
512 513
512 520
513 514
513 519
514 515
514 518
515 516
515 517
520 521
520 528
521 522
521 527
522 523
522 526
523 524
523 525
528 529
528 536
529 530
529 535
530 531
530 534
531 532
531 533
536 537
536 540
537 538
537 539
540 541
540 544
541 542
541 543
544 545
544 546
467 474
0 466
0 465
0 1
0 4
0 7
0 16
0 64
0 34
0 43
0 50
0 74
0 77
0 84
0 87
0 90
0 97
0 104
0 113
0 122
0 129
0 136
0 143
0 146
0 149
0 156
0 163
0 170
0 187
0 194
0 207
0 224
0 247
0 254
0 261
0 264
0 267
0 274
0 283
0 290
0 297
0 300
0 307
0 351
0 354
0 357
0 360
0 367
0 370
0 373
0 376
0 379
0 382
0 385
0 71
0 388
0 391
0 394
0 397
0 400
0 403
0 317
0 314
0 320
0 327
0 334
0 341
0 344
0 406
0 409
0 416
0 419
0 422
0 425
0 428
0 431
0 438
0 445
0 452
0 459
0 462
1 2
1 3
4 5
4 6
7 8
7 15
8 9
8 14
9 10
9 13
10 11
10 12
16 17
16 33
17 18
18 19
18 22
19 20
19 21
20 29
21 32
22 23
22 26
23 24
23 25
24 29
25 32
26 27
26 28
27 29
28 32
29 30
29 31
34 35
34 42
35 36
35 41
36 37
36 40
37 38
37 39
43 44
43 49
44 45
44 48
45 46
45 47
50 51
50 63
51 52
52 53
52 56
53 54
53 55
54 57
55 62
56 62
57 58
57 61
58 59
58 60
64 65
64 70
65 66
65 69
66 67
66 68
71 72
71 73
74 75
74 76
77 78
77 83
78 79
78 82
79 80
79 81
84 85
84 86
87 88
87 89
90 91
90 96
91 92
91 95
92 93
92 94
97 98
97 103
98 99
98 102
99 100
99 101
104 105
104 112
105 106
105 111
106 107
106 110
107 108
107 109
113 114
113 121
114 115
114 120
115 116
115 119
116 117
116 118
122 123
122 128
123 124
123 127
124 125
124 126
129 130
129 135
130 131
130 134
131 132
131 133
136 137
136 142
137 138
137 141
138 139
138 140
143 144
143 145
146 147
146 148
149 150
149 155
150 151
150 154
151 152
151 153
156 157
156 162
157 158
157 161
158 159
158 160
163 164
163 169
164 165
164 168
165 166
165 167
170 171
170 186
171 172
171 185
172 173
173 174
173 177
174 175
174 176
175 180
176 180
177 178
177 179
178 180
179 180
180 181
180 184
181 182
181 183
187 188
187 193
188 189
188 192
189 190
189 191
194 195
194 206
195 196
195 205
196 197
196 204
197 198
197 203
198 199
198 202
199 200
199 201
207 208
207 223
208 209
208 222
209 210
209 221
210 211
210 220
211 212
211 219
212 213
212 218
213 214
213 217
214 215
214 216
224 225
224 246
225 226
225 245
226 227
226 244
227 228
227 243
228 229
228 242
229 230
229 241
230 231
230 240
231 232
231 239
232 233
232 238
233 234
233 237
234 235
234 236
247 248
247 253
248 249
248 252
249 250
249 251
254 255
254 260
255 256
255 259
256 257
256 258
261 262
261 263
264 265
264 266
267 268
267 273
268 269
268 272
269 270
269 271
274 275
274 282
275 276
275 281
276 277
276 280
277 278
277 279
283 284
283 289
284 285
284 288
285 286
285 287
290 291
290 296
291 292
291 295
292 293
292 294
297 298
297 299
300 301
300 306
301 302
301 305
302 303
302 304
307 308
307 313
308 309
308 312
309 310
309 311
314 315
314 316
317 318
317 319
320 321
320 326
321 322
321 325
322 323
322 324
327 328
327 333
328 329
328 332
329 330
329 331
334 335
334 340
335 336
335 339
336 337
336 338
341 342
341 343
344 345
344 350
345 346
345 349
346 347
346 348
351 352
351 353
354 355
354 356
357 358
357 359
360 361
360 366
361 362
361 365
362 363
362 364
367 368
367 369
370 371
370 372
373 374
373 375
376 377
376 378
379 380
379 381
382 383
382 384
385 386
385 387
388 389
388 390
391 392
391 393
394 395
394 396
397 398
397 399
400 401
400 402
403 404
403 405
406 407
406 408
409 410
409 415
410 411
410 414
411 412
411 413
416 417
416 418
419 420
419 421
422 423
422 424
425 426
425 427
428 429
428 430
431 432
431 437
432 433
432 436
433 434
433 435
438 439
438 444
439 440
439 443
440 441
440 442
445 446
445 451
446 447
446 450
447 448
447 449
452 453
452 458
453 454
453 457
454 455
454 456
459 460
459 461
462 463
462 464
1 0
3 2
0 1
0 2
3 2
0 1
0 2
7 6
0 1
0 2
2 3
2 6
3 4
3 5
7 6
0 1
0 2
2 3
2 6
3 4
3 5
5 4
0 1
0 4
1 2
1 3
5 4
0 1
0 4
1 2
1 3
3 2
0 1
0 2
3 2
0 1
0 2
7 6
0 1
0 2
2 3
2 6
3 4
3 5
7 6
0 1
0 2
2 3
2 6
3 4
3 5
9 8
0 1
0 8
1 2
1 7
2 3
2 6
3 4
3 5
9 8
0 1
0 8
1 2
1 7
2 3
2 6
3 4
3 5
3 2
0 1
0 2
3 2
0 1
0 2
7 6
0 1
0 2
2 3
2 6
3 4
3 5
7 6
0 1
0 2
2 3
2 6
3 4
3 5
1 0
1 0
71 70
0 1
0 4
1 2
1 3
4 5
4 8
5 6
5 7
8 9
8 12
9 10
9 11
12 13
12 16
13 14
13 15
16 17
16 20
17 18
17 19
20 21
20 24
21 22
21 23
24 25
24 28
25 26
25 27
28 29
28 32
29 30
29 31
32 33
32 36
33 34
33 35
36 37
36 40
37 38
37 39
40 41
40 44
41 42
41 43
44 45
44 48
45 46
45 47
48 49
48 52
49 50
49 51
52 53
52 56
53 54
53 55
56 57
56 60
57 58
57 59
60 61
60 64
61 62
61 63
64 65
64 68
65 66
65 67
68 69
68 70
55 54
0 52
0 1
0 4
0 7
0 10
0 13
0 16
0 19
0 22
0 25
0 28
0 31
0 34
0 37
0 40
0 43
0 46
0 49
1 2
1 3
4 5
4 6
7 8
7 9
10 11
10 12
13 14
13 15
16 17
16 18
19 20
19 21
22 23
22 24
25 26
25 27
28 29
28 30
31 32
31 33
34 35
34 36
37 38
37 39
40 41
40 42
43 44
43 45
46 47
46 48
49 50
49 51
52 53
52 54
11 10
0 1
0 4
1 2
1 3
4 5
4 8
5 6
5 7
8 9
8 10
11 10
0 1
0 4
1 2
1 3
4 5
4 8
5 6
5 7
8 9
8 10
1 0
1 0
1 0
1 0
1 0
1 0
1 0
1 0
1 0
1 0
1 0
1 0
9 10
0 1
0 2
1 6
2 3
2 4
3 5
4 5
5 6
6 7
6 8
9 10
0 1
0 2
1 6
2 3
2 4
3 5
4 5
5 6
6 7
6 8
1 0
1 0
1 0
1 0
3 3
0 1
0 2
2 0
3 3
0 1
0 2
2 0
1 0
1 0
1 0
1 0
1 0
1 0
1 0
1 0
9 10
0 1
0 2
1 6
2 3
2 4
3 5
4 5
5 6
6 7
6 8
9 10
0 1
0 2
1 6
2 3
2 4
3 5
4 5
5 6
6 7
6 8
4 4
0 1
0 2
1 3
2 3
4 4
0 1
0 2
1 3
2 3
1 0
1 0
3 3
0 1
0 2
2 0
3 3
0 1
0 2
2 0
3 2
0 1
0 2
3 2
0 1
0 2
3 2
0 1
0 2
3 2
0 1
0 2
3 2
0 1
0 2
1 0
1 0
1 0
1 0
3 2
0 1
0 2
3 2
0 1
0 2
1 0
9 10
0 1
0 2
1 6
2 3
2 4
3 5
4 5
5 6
6 7
6 8
9 10
0 1
0 2
1 6
2 3
2 4
3 5
4 5
5 6
6 7
6 8
67 66
0 1
0 2
2 3
2 4
4 5
4 6
6 7
6 8
8 9
8 10
10 11
10 12
12 13
12 14
14 15
14 16
16 17
16 18
18 19
18 20
20 21
20 22
22 23
22 24
24 25
24 26
26 27
26 28
28 29
28 30
30 31
30 32
32 33
32 34
34 35
34 36
36 37
36 38
38 39
38 40
40 41
40 42
42 43
42 44
44 45
44 46
46 47
46 48
48 49
48 50
50 51
50 52
52 53
52 54
54 55
54 56
56 57
56 58
58 59
58 60
60 61
60 62
62 63
62 64
64 65
64 66
35 34
0 34
0 1
0 2
0 3
0 4
0 5
0 6
0 7
0 8
0 9
0 10
0 11
0 12
0 13
0 14
0 15
0 16
0 17
0 18
0 19
0 20
0 21
0 22
0 23
0 24
0 25
0 26
0 27
0 28
0 29
0 30
0 31
0 32
0 33
7 6
0 1
0 4
1 2
1 3
4 5
4 6
7 6
0 1
0 4
1 2
1 3
4 5
4 6
5 4
0 1
0 4
1 2
1 3
5 4
0 1
0 4
1 2
1 3
7 6
0 1
0 2
2 3
2 6
3 4
3 5
7 6
0 1
0 2
2 3
2 6
3 4
3 5
175 174
0 1
0 4
1 2
1 3
4 5
4 8
5 6
5 7
8 9
8 12
9 10
9 11
12 13
12 16
13 14
13 15
16 17
16 20
17 18
17 19
20 21
20 24
21 22
21 23
24 25
24 28
25 26
25 27
28 29
28 32
29 30
29 31
32 33
32 36
33 34
33 35
36 37
36 40
37 38
37 39
40 41
40 44
41 42
41 43
44 45
44 48
45 46
45 47
48 49
48 52
49 50
49 51
52 53
52 56
53 54
53 55
56 57
56 60
57 58
57 59
60 61
60 64
61 62
61 63
64 65
64 68
65 66
65 67
68 69
68 72
69 70
69 71
72 73
72 76
73 74
73 75
76 77
76 84
77 78
77 83
78 79
78 82
79 80
79 81
84 85
84 88
85 86
85 87
88 89
88 96
89 90
89 95
90 91
90 94
91 92
91 93
96 97
96 100
97 98
97 99
100 101
100 104
101 102
101 103
104 105
104 108
105 106
105 107
108 109
108 112
109 110
109 111
112 113
112 120
113 114
113 119
114 115
114 118
115 116
115 117
120 121
120 128
121 122
121 127
122 123
122 126
123 124
123 125
128 129
128 136
129 130
129 135
130 131
130 134
131 132
131 133
136 137
136 140
137 138
137 139
140 141
140 148
141 142
141 147
142 143
142 146
143 144
143 145
148 149
148 152
149 150
149 151
152 153
152 160
153 154
153 159
154 155
154 158
155 156
155 157
160 161
160 164
161 162
161 163
164 165
164 172
165 166
165 171
166 167
166 170
167 168
167 169
172 173
172 174
141 140
0 138
0 1
0 4
0 7
0 10
0 13
0 16
0 19
0 22
0 25
0 28
0 31
0 34
0 37
0 40
0 43
0 46
0 49
0 52
0 55
0 58
0 65
0 68
0 75
0 78
0 101
0 87
0 94
0 108
0 111
0 118
0 121
0 128
0 131
0 81
0 84
1 2
1 3
4 5
4 6
7 8
7 9
10 11
10 12
13 14
13 15
16 17
16 18
19 20
19 21
22 23
22 24
25 26
25 27
28 29
28 30
31 32
31 33
34 35
34 36
37 38
37 39
40 41
40 42
43 44
43 45
46 47
46 48
49 50
49 51
52 53
52 54
55 56
55 57
58 59
58 64
59 60
59 63
60 61
60 62
65 66
65 67
68 69
68 74
69 70
69 73
70 71
70 72
75 76
75 77
78 79
78 80
81 82
81 83
84 85
84 86
87 88
87 93
88 89
88 92
89 90
89 91
94 95
94 100
95 96
95 99
96 97
96 98
101 102
101 107
102 103
102 106
103 104
103 105
108 109
108 110
111 112
111 117
112 113
112 116
113 114
113 115
118 119
118 120
121 122
121 127
122 123
122 126
123 124
123 125
128 129
128 130
131 132
131 137
132 133
132 136
133 134
133 135
138 139
138 140
1 0
1 0
9 8
0 1
0 8
1 2
1 7
2 3
2 6
3 4
3 5
9 8
0 1
0 8
1 2
1 7
2 3
2 6
3 4
3 5
13 12
0 1
0 12
1 2
1 11
2 3
2 10
3 4
3 9
4 5
4 8
5 6
5 7
13 12
0 1
0 12
1 2
1 11
2 3
2 10
3 4
3 9
4 5
4 8
5 6
5 7
13 12
0 1
0 12
1 2
1 11
2 3
2 10
3 4
3 9
4 5
4 8
5 6
5 7
13 12
0 1
0 12
1 2
1 11
2 3
2 10
3 4
3 9
4 5
4 8
5 6
5 7
1 0
1 0
1 0
1 0
1 0
1 0
11 12
0 1
0 2
1 3
2 3
3 4
3 10
4 5
4 6
5 7
6 7
7 8
7 9
10 10
0 1
0 2
1 3
2 3
3 4
3 9
4 5
4 6
5 7
6 8
5 4
0 1
0 4
1 2
1 3
5 4
0 1
0 4
1 2
1 3
5 4
0 1
0 4
1 2
1 3
5 4
0 1
0 4
1 2
1 3
5 4
0 1
0 4
1 2
1 3
5 4
0 1
0 4
1 2
1 3
7 6
0 1
0 6
1 2
1 5
2 3
2 4
7 6
0 1
0 6
1 2
1 5
2 3
2 4
7 6
0 1
0 6
1 2
1 3
3 4
3 5
7 6
0 1
0 6
1 2
1 3
3 4
3 5
5 4
0 1
0 4
1 2
1 3
5 4
0 1
0 4
1 2
1 3
3 2
0 1
0 2
3 2
0 1
0 2
55 54
0 1
0 54
1 2
1 53
2 3
2 52
3 4
3 51
4 5
4 50
5 6
5 49
6 7
6 48
7 8
7 47
8 9
8 46
9 10
9 45
10 11
10 44
11 12
11 43
12 13
12 42
13 14
13 41
14 15
14 40
15 16
15 39
16 17
16 38
17 18
17 37
18 19
18 36
19 20
19 35
20 21
20 34
21 22
21 33
22 23
22 32
23 24
23 31
24 25
24 30
25 26
25 29
26 27
26 28
55 54
0 1
0 54
1 2
1 53
2 3
2 52
3 4
3 51
4 5
4 50
5 6
5 49
6 7
6 48
7 8
7 47
8 9
8 46
9 10
9 45
10 11
10 44
11 12
11 43
12 13
12 42
13 14
13 41
14 15
14 40
15 16
15 39
16 17
16 38
17 18
17 37
18 19
18 36
19 20
19 35
20 21
20 34
21 22
21 33
22 23
22 32
23 24
23 31
24 25
24 30
25 26
25 29
26 27
26 28
31 40
0 1
0 2
1 3
2 3
3 4
3 5
4 6
5 6
6 7
6 8
7 9
8 9
9 10
9 11
10 12
11 12
12 13
12 14
13 15
14 15
15 16
15 17
16 18
17 18
18 19
18 20
19 21
20 21
21 22
21 23
22 24
23 24
24 25
24 26
25 27
26 27
27 28
27 29
28 30
29 30
31 40
0 1
0 2
1 3
2 3
3 4
3 5
4 6
5 6
6 7
6 8
7 9
8 9
9 10
9 11
10 12
11 12
12 13
12 14
13 15
14 15
15 16
15 17
16 18
17 18
18 19
18 20
19 21
20 21
21 22
21 23
22 24
23 24
24 25
24 26
25 27
26 27
27 28
27 29
28 30
29 30
1 0
1 0
73 96
0 1
0 2
1 3
2 3
3 4
3 5
4 6
5 6
6 7
6 8
7 9
8 9
9 10
9 11
10 12
11 12
12 13
12 14
13 15
14 15
15 16
15 17
16 18
17 18
18 19
18 20
19 21
20 21
21 22
21 23
22 24
23 24
24 25
24 26
25 27
26 27
27 28
27 29
28 30
29 30
30 31
30 32
31 33
32 33
33 34
33 35
34 36
35 36
36 37
36 38
37 39
38 39
39 40
39 41
40 42
41 42
42 43
42 44
43 45
44 45
45 46
45 47
46 48
47 48
48 49
48 50
49 51
50 51
51 52
51 53
52 54
53 54
54 55
54 56
55 57
56 57
57 58
57 59
58 60
59 60
60 61
60 62
61 63
62 63
63 64
63 65
64 66
65 66
66 67
66 68
67 69
68 69
69 70
69 71
70 72
71 72
73 96
0 1
0 2
1 3
2 3
3 4
3 5
4 6
5 6
6 7
6 8
7 9
8 9
9 10
9 11
10 12
11 12
12 13
12 14
13 15
14 15
15 16
15 17
16 18
17 18
18 19
18 20
19 21
20 21
21 22
21 23
22 24
23 24
24 25
24 26
25 27
26 27
27 28
27 29
28 30
29 30
30 31
30 32
31 33
32 33
33 34
33 35
34 36
35 36
36 37
36 38
37 39
38 39
39 40
39 41
40 42
41 42
42 43
42 44
43 45
44 45
45 46
45 47
46 48
47 48
48 49
48 50
49 51
50 51
51 52
51 53
52 54
53 54
54 55
54 56
55 57
56 57
57 58
57 59
58 60
59 60
60 61
60 62
61 63
62 63
63 64
63 65
64 66
65 66
66 67
66 68
67 69
68 69
69 70
69 71
70 72
71 72
25 32
0 1
0 23
1 2
1 21
2 3
2 19
3 4
3 17
4 5
4 15
5 6
5 13
6 7
6 11
7 8
7 9
8 10
9 10
10 12
11 12
12 14
13 14
14 16
15 16
16 18
17 18
18 20
19 20
20 22
21 22
22 24
23 24
25 32
0 1
0 23
1 2
1 21
2 3
2 19
3 4
3 17
4 5
4 15
5 6
5 13
6 7
6 11
7 8
7 9
8 10
9 10
10 12
11 12
12 14
13 14
14 16
15 16
16 18
17 18
18 20
19 20
20 22
21 22
22 24
23 24
12 12
0 1
0 2
2 3
2 11
3 4
3 10
4 5
4 6
5 7
6 7
7 8
7 9
11 10
0 1
0 2
2 3
2 10
3 4
3 9
4 5
4 6
5 8
6 7
1 0
1 0
10 12
0 1
0 2
1 3
2 3
3 4
3 5
4 6
5 6
6 7
6 8
7 9
8 9
10 12
0 1
0 2
1 3
2 3
3 4
3 5
4 6
5 6
6 7
6 8
7 9
8 9
7 6
0 1
0 6
1 2
1 3
3 4
3 5
7 6
0 1
0 6
1 2
1 3
3 4
3 5
5 4
0 1
0 4
1 2
1 3
5 4
0 1
0 4
1 2
1 3
3 2
0 1
0 2
3 2
0 1
0 2
5 4
0 1
0 4
1 2
1 3
5 4
0 1
0 4
1 2
1 3
7 6
0 1
0 6
1 2
1 3
3 4
3 5
7 6
0 1
0 6
1 2
1 3
3 4
3 5
3 2
0 1
0 2
3 2
0 1
0 2
9 8
0 1
0 8
1 2
1 7
2 3
2 6
3 4
3 5
9 8
0 1
0 8
1 2
1 7
2 3
2 6
3 4
3 5
9 8
0 1
0 8
1 2
1 7
2 3
2 6
3 4
3 5
9 8
0 1
0 8
1 2
1 7
2 3
2 6
3 4
3 5
5 4
0 1
0 4
1 2
1 3
5 4
0 1
0 4
1 2
1 3
115 152
0 1
0 8
1 2
1 6
2 3
2 4
3 5
4 5
5 7
6 7
7 9
8 9
9 10
9 26
10 11
10 24
11 12
11 22
12 13
12 17
13 14
13 15
14 16
15 16
16 18
17 18
18 19
18 20
19 21
20 21
21 23
22 23
23 25
24 25
25 27
26 27
27 28
27 38
28 29
28 36
29 30
29 34
30 31
30 32
31 33
32 33
33 35
34 35
35 37
36 37
37 39
38 39
39 40
39 50
40 41
40 48
41 42
41 46
42 43
42 44
43 45
44 45
45 47
46 47
47 49
48 49
49 51
50 51
51 52
51 68
52 53
52 66
53 54
53 64
54 55
54 59
55 56
55 57
56 58
57 58
58 60
59 60
60 61
60 62
61 63
62 63
63 65
64 65
65 67
66 67
67 69
68 69
69 70
69 89
70 71
70 87
71 72
71 85
72 73
72 80
73 74
73 75
74 76
75 76
76 77
76 78
77 79
78 79
79 81
80 81
81 82
81 83
82 84
83 84
84 86
85 86
86 88
87 88
88 90
89 90
90 91
90 110
91 92
91 108
92 93
92 106
93 94
93 101
94 95
94 96
95 97
96 97
97 98
97 99
98 100
99 100
100 102
101 102
102 103
102 104
103 105
104 105
105 107
106 107
107 109
108 109
109 111
110 111
111 112
111 113
112 114
113 114
115 152
0 1
0 8
1 2
1 6
2 3
2 4
3 5
4 5
5 7
6 7
7 9
8 9
9 10
9 26
10 11
10 24
11 12
11 22
12 13
12 17
13 14
13 15
14 16
15 16
16 18
17 18
18 19
18 20
19 21
20 21
21 23
22 23
23 25
24 25
25 27
26 27
27 28
27 38
28 29
28 36
29 30
29 34
30 31
30 32
31 33
32 33
33 35
34 35
35 37
36 37
37 39
38 39
39 40
39 50
40 41
40 48
41 42
41 46
42 43
42 44
43 45
44 45
45 47
46 47
47 49
48 49
49 51
50 51
51 52
51 68
52 53
52 66
53 54
53 64
54 55
54 59
55 56
55 57
56 58
57 58
58 60
59 60
60 61
60 62
61 63
62 63
63 65
64 65
65 67
66 67
67 69
68 69
69 70
69 89
70 71
70 87
71 72
71 85
72 73
72 80
73 74
73 75
74 76
75 76
76 77
76 78
77 79
78 79
79 81
80 81
81 82
81 83
82 84
83 84
84 86
85 86
86 88
87 88
88 90
89 90
90 91
90 110
91 92
91 108
92 93
92 106
93 94
93 101
94 95
94 96
95 97
96 97
97 98
97 99
98 100
99 100
100 102
101 102
102 103
102 104
103 105
104 105
105 107
106 107
107 109
108 109
109 111
110 111
111 112
111 113
112 114
113 114
1 0
1 0
17 16
0 1
0 16
1 2
1 15
2 3
2 14
3 4
3 13
4 5
4 12
5 6
5 11
6 7
6 10
7 8
7 9
17 16
0 1
0 16
1 2
1 15
2 3
2 14
3 4
3 13
4 5
4 12
5 6
5 11
6 7
6 10
7 8
7 9
15 14
0 1
0 14
1 2
1 13
2 3
2 12
3 4
3 11
4 5
4 10
5 6
5 9
6 7
6 8
15 14
0 1
0 14
1 2
1 13
2 3
2 12
3 4
3 11
4 5
4 10
5 6
5 9
6 7
6 8
1 0
1 0
1 0
1 0
28 34
0 1
0 20
1 2
1 18
2 3
2 16
3 4
3 5
4 6
5 6
6 7
6 14
7 8
7 9
8 10
9 10
10 11
10 12
11 13
12 13
13 15
14 15
15 17
16 17
17 19
18 19
19 21
20 21
21 22
21 27
22 23
22 26
23 24
23 25
28 34
0 1
0 20
1 2
1 18
2 3
2 16
3 4
3 5
4 6
5 6
6 7
6 14
7 8
7 9
8 10
9 10
10 11
10 12
11 13
12 13
13 15
14 15
15 17
16 17
17 19
18 19
19 21
20 21
21 22
21 27
22 23
22 26
23 24
23 25
113 144
0 1
0 11
1 2
1 9
2 3
2 7
3 4
3 5
4 6
5 6
6 8
7 8
8 10
9 10
10 12
11 12
12 13
12 112
13 14
13 24
14 15
14 22
15 16
15 20
16 17
16 18
17 19
18 19
19 21
20 21
21 23
22 23
23 25
24 25
25 26
25 111
26 27
26 37
27 28
27 35
28 29
28 33
29 30
29 31
30 32
31 32
32 34
33 34
34 36
35 36
36 38
37 38
38 39
38 110
39 40
39 50
40 41
40 48
41 42
41 46
42 43
42 44
43 45
44 45
45 47
46 47
47 49
48 49
49 51
50 51
51 52
51 109
52 53
52 63
53 54
53 61
54 55
54 59
55 56
55 57
56 58
57 58
58 60
59 60
60 62
61 62
62 64
63 64
64 65
64 108
65 66
65 76
66 67
66 74
67 68
67 72
68 69
68 70
69 71
70 71
71 73
72 73
73 75
74 75
75 77
76 77
77 78
77 107
78 79
78 89
79 80
79 87
80 81
80 85
81 82
81 83
82 84
83 84
84 86
85 86
86 88
87 88
88 90
89 90
90 91
90 106
91 92
91 102
92 93
92 100
93 94
93 98
94 95
94 96
95 97
96 97
97 99
98 99
99 101
100 101
101 103
102 103
103 104
103 105
113 144
0 1
0 11
1 2
1 9
2 3
2 7
3 4
3 5
4 6
5 6
6 8
7 8
8 10
9 10
10 12
11 12
12 13
12 112
13 14
13 24
14 15
14 22
15 16
15 20
16 17
16 18
17 19
18 19
19 21
20 21
21 23
22 23
23 25
24 25
25 26
25 111
26 27
26 37
27 28
27 35
28 29
28 33
29 30
29 31
30 32
31 32
32 34
33 34
34 36
35 36
36 38
37 38
38 39
38 110
39 40
39 50
40 41
40 48
41 42
41 46
42 43
42 44
43 45
44 45
45 47
46 47
47 49
48 49
49 51
50 51
51 52
51 109
52 53
52 63
53 54
53 61
54 55
54 59
55 56
55 57
56 58
57 58
58 60
59 60
60 62
61 62
62 64
63 64
64 65
64 108
65 66
65 76
66 67
66 74
67 68
67 72
68 69
68 70
69 71
70 71
71 73
72 73
73 75
74 75
75 77
76 77
77 78
77 107
78 79
78 89
79 80
79 87
80 81
80 85
81 82
81 83
82 84
83 84
84 86
85 86
86 88
87 88
88 90
89 90
90 91
90 106
91 92
91 102
92 93
92 100
93 94
93 98
94 95
94 96
95 97
96 97
97 99
98 99
99 101
100 101
101 103
102 103
103 104
103 105
87 106
0 1
0 86
1 2
1 85
2 3
2 84
3 4
3 83
4 5
4 82
5 6
5 81
6 7
6 80
7 8
7 18
8 9
8 16
9 10
9 14
10 11
10 12
11 13
12 13
13 15
14 15
15 17
16 17
17 19
18 19
19 20
19 79
20 21
20 31
21 22
21 29
22 23
22 27
23 24
23 25
24 26
25 26
26 28
27 28
28 30
29 30
30 32
31 32
32 33
32 78
33 34
33 44
34 35
34 42
35 36
35 40
36 37
36 38
37 39
38 39
39 41
40 41
41 43
42 43
43 45
44 45
45 46
45 77
46 47
46 57
47 48
47 55
48 49
48 53
49 50
49 51
50 52
51 52
52 54
53 54
54 56
55 56
56 58
57 58
58 59
58 76
59 60
59 64
60 61
60 62
61 63
62 63
63 65
64 65
65 66
65 75
66 67
66 71
67 68
67 69
68 70
69 70
70 72
71 72
72 73
72 74
87 106
0 1
0 86
1 2
1 85
2 3
2 84
3 4
3 83
4 5
4 82
5 6
5 81
6 7
6 80
7 8
7 18
8 9
8 16
9 10
9 14
10 11
10 12
11 13
12 13
13 15
14 15
15 17
16 17
17 19
18 19
19 20
19 79
20 21
20 31
21 22
21 29
22 23
22 27
23 24
23 25
24 26
25 26
26 28
27 28
28 30
29 30
30 32
31 32
32 33
32 78
33 34
33 44
34 35
34 42
35 36
35 40
36 37
36 38
37 39
38 39
39 41
40 41
41 43
42 43
43 45
44 45
45 46
45 77
46 47
46 57
47 48
47 55
48 49
48 53
49 50
49 51
50 52
51 52
52 54
53 54
54 56
55 56
56 58
57 58
58 59
58 76
59 60
59 64
60 61
60 62
61 63
62 63
63 65
64 65
65 66
65 75
66 67
66 71
67 68
67 69
68 70
69 70
70 72
71 72
72 73
72 74
1 0
1 0
45 56
0 1
0 11
1 2
1 9
2 3
2 7
3 4
3 5
4 6
5 6
6 8
7 8
8 10
9 10
10 12
11 12
12 13
12 44
13 14
13 24
14 15
14 22
15 16
15 20
16 17
16 18
17 19
18 19
19 21
20 21
21 23
22 23
23 25
24 25
25 26
25 43
26 27
26 31
27 28
27 29
28 30
29 30
30 32
31 32
32 33
32 42
33 34
33 38
34 35
34 36
35 37
36 37
37 39
38 39
39 40
39 41
45 56
0 1
0 11
1 2
1 9
2 3
2 7
3 4
3 5
4 6
5 6
6 8
7 8
8 10
9 10
10 12
11 12
12 13
12 44
13 14
13 24
14 15
14 22
15 16
15 20
16 17
16 18
17 19
18 19
19 21
20 21
21 23
22 23
23 25
24 25
25 26
25 43
26 27
26 31
27 28
27 29
28 30
29 30
30 32
31 32
32 33
32 42
33 34
33 38
34 35
34 36
35 37
36 37
37 39
38 39
39 40
39 41
27 32
0 1
0 26
1 2
1 25
2 3
2 10
3 4
3 8
4 5
4 6
5 7
6 7
7 9
8 9
9 11
10 11
11 12
11 24
12 13
12 20
13 14
13 18
14 15
14 16
15 17
16 17
17 19
18 19
19 21
20 21
21 22
21 23
27 32
0 1
0 26
1 2
1 25
2 3
2 10
3 4
3 8
4 5
4 6
5 7
6 7
7 9
8 9
9 11
10 11
11 12
11 24
12 13
12 20
13 14
13 18
14 15
14 16
15 17
16 17
17 19
18 19
19 21
20 21
21 22
21 23
1 0
1 0
9 8
0 1
0 8
1 2
1 7
2 3
2 6
3 4
3 5
9 8
0 1
0 8
1 2
1 7
2 3
2 6
3 4
3 5
5 4
0 1
0 4
1 2
1 3
5 4
0 1
0 4
1 2
1 3
7 6
0 1
0 6
1 2
1 5
2 3
2 4
7 6
0 1
0 6
1 2
1 5
2 3
2 4
10 10
0 1
0 9
1 2
1 8
2 3
2 4
3 5
4 5
5 6
5 7
10 10
0 1
0 9
1 2
1 8
2 3
2 4
3 5
4 5
5 6
5 7
22 24
0 1
0 21
1 2
1 9
2 3
2 7
3 4
3 5
4 6
5 6
6 8
7 8
8 10
9 10
10 11
10 20
11 12
11 19
12 13
12 18
13 14
13 17
14 15
14 16
22 24
0 1
0 21
1 2
1 9
2 3
2 7
3 4
3 5
4 6
5 6
6 8
7 8
8 10
9 10
10 11
10 20
11 12
11 19
12 13
12 18
13 14
13 17
14 15
14 16
99 109
0 1
0 2
1 3
3 4
3 5
4 6
6 7
6 8
7 9
9 10
9 11
10 12
12 13
12 14
13 15
15 16
15 17
16 18
18 19
18 20
19 21
21 22
21 23
22 24
24 25
24 26
25 27
27 28
27 29
28 30
30 31
30 32
31 33
33 34
34 35
34 50
35 36
35 49
36 37
36 48
37 38
37 47
38 39
38 46
39 40
39 45
40 41
40 44
41 42
41 43
42 51
43 51
44 51
45 51
46 51
47 51
48 51
49 51
50 51
51 52
51 53
52 54
54 55
54 56
55 57
57 58
57 59
58 60
60 61
60 62
61 63
63 64
63 65
64 66
66 67
66 68
67 69
69 70
69 71
70 72
72 73
72 74
73 75
75 76
75 77
76 78
78 79
78 80
79 81
81 82
82 83
82 88
83 84
83 87
84 85
84 86
85 89
86 89
87 89
88 89
89 90
89 91
90 92
92 93
92 94
93 95
95 96
95 97
96 98
97 105
0 1
0 2
1 3
3 4
3 5
4 6
6 7
6 8
7 9
9 10
9 11
10 12
12 13
12 14
13 15
15 16
15 17
16 18
18 19
18 20
19 21
21 22
21 23
22 24
24 25
24 26
25 27
27 28
27 29
28 30
30 31
30 32
31 33
33 34
34 35
34 50
35 36
35 49
36 37
36 48
37 38
37 47
38 39
38 46
39 40
39 45
40 41
40 44
41 42
41 43
42 51
43 52
44 52
45 52
46 52
47 52
48 52
49 52
50 52
51 53
53 54
53 55
54 56
56 57
56 58
57 59
59 60
59 61
60 62
62 63
62 64
63 65
65 66
65 67
66 68
68 69
68 70
69 71
71 72
71 73
72 74
74 75
74 76
75 77
77 78
77 79
78 80
80 81
81 82
81 87
82 83
82 86
83 84
83 85
84 88
85 89
86 89
87 89
88 90
90 91
90 92
91 93
93 94
93 95
94 96
1 0
1 0
1 0
1 0
1 0
1 0
1 0
1 0
1 0
1 0
1 0
1 0
1 0
17 20
0 1
0 5
1 2
1 3
2 4
3 4
4 6
5 6
6 7
6 8
8 9
8 13
9 10
9 11
10 12
11 12
12 14
13 14
14 15
14 16
17 20
0 1
0 5
1 2
1 3
2 4
3 4
4 6
5 6
6 7
6 8
8 9
8 13
9 10
9 11
10 12
11 12
12 14
13 14
14 15
14 16
25 30
0 1
0 2
2 3
3 4
3 8
4 5
4 6
5 7
6 7
7 9
8 9
9 10
9 11
10 20
11 12
11 16
12 13
12 14
13 15
14 15
15 17
16 17
17 18
17 19
18 20
19 20
20 21
20 24
21 22
21 23
24 28
0 1
0 2
2 3
3 4
3 8
4 5
4 6
5 7
6 7
7 9
8 9
9 10
9 11
10 20
11 12
11 16
12 13
12 14
13 15
14 15
15 17
16 17
17 18
17 19
18 20
19 23
20 21
20 22
5 4
0 1
0 4
1 2
1 3
5 4
0 1
0 4
1 2
1 3
29 34
0 1
0 2
1 6
2 3
2 4
3 5
4 5
5 6
6 7
6 8
8 9
8 10
9 20
10 11
10 12
11 19
12 13
12 14
13 18
14 15
14 16
15 17
16 17
17 18
18 19
19 20
20 21
20 22
22 23
22 24
24 25
24 26
26 27
26 28
29 34
0 1
0 2
1 6
2 3
2 4
3 5
4 5
5 6
6 7
6 8
8 9
8 10
9 20
10 11
10 12
11 19
12 13
12 14
13 18
14 15
14 16
15 17
16 17
17 18
18 19
19 20
20 21
20 22
22 23
22 24
24 25
24 26
26 27
26 28
1 0
1 0
34 42
0 1
0 2
2 3
2 4
4 5
4 6
6 7
7 8
7 12
8 9
8 10
9 11
10 11
11 13
12 13
13 14
13 33
14 15
14 16
15 32
16 17
16 18
17 31
18 19
19 20
19 24
20 21
20 22
21 23
22 23
23 25
24 25
25 26
25 30
26 27
26 28
27 29
28 29
29 19
30 31
31 32
32 7
34 42
0 1
0 2
2 3
2 4
4 5
4 6
6 7
7 8
7 12
8 9
8 10
9 11
10 11
11 13
12 13
13 14
13 33
14 15
14 16
15 32
16 17
16 18
17 31
18 19
19 20
19 24
20 21
20 22
21 23
22 23
23 25
24 25
25 26
25 30
26 27
26 28
27 29
28 29
29 19
30 31
31 32
32 7
17 16
0 1
0 2
2 3
2 4
4 5
4 6
6 7
6 8
8 9
8 10
10 11
10 12
12 13
12 14
14 15
14 16
17 16
0 1
0 2
2 3
2 4
4 5
4 6
6 7
6 8
8 9
8 10
10 11
10 12
12 13
12 14
14 15
14 16
27 30
0 1
0 2
2 3
2 4
4 5
4 6
6 7
6 8
8 9
8 10
10 11
10 15
11 12
11 13
12 14
13 14
14 16
15 16
16 17
16 18
18 19
18 23
19 20
19 21
20 22
21 22
22 24
23 24
24 25
24 26
27 30
0 1
0 2
2 3
2 4
4 5
4 6
6 7
6 8
8 9
8 10
10 11
10 15
11 12
11 13
12 14
13 14
14 16
15 16
16 17
16 18
18 19
18 23
19 20
19 21
20 22
21 22
22 24
23 24
24 25
24 26
4 5
0 1
0 2
1 3
1 2
2 3
3 2
0 1
1 2
1 0
1 0
1 0
1 0
1 0
1 0
1 0
1 0
3 4
0 1
0 2
1 1
1 2
4 5
0 1
0 3
1 2
2 2
2 3
3 4
0 1
0 2
1 1
1 2
7 11
0 1
0 6
1 2
2 3
2 5
3 4
3 5
4 4
4 6
5 5
5 6
8 13
0 1
0 2
1 3
1 2
2 3
3 4
3 5
4 4
4 5
5 6
5 7
6 6
6 7
14 23
0 1
0 2
1 3
1 2
2 3
3 4
3 10
4 5
5 6
5 9
6 7
6 9
7 8
7 9
8 8
8 10
9 9
9 10
10 11
10 13
11 12
12 12
12 13
1 0
1 0
4 5
0 1
0 2
1 3
1 2
2 3
3 2
0 1
1 2
4 5
0 1
0 2
1 3
1 2
2 3
3 2
0 1
1 2
4 5
0 1
0 2
1 3
1 2
2 3
4 5
0 1
0 2
1 3
1 2
2 3
7 12
0 1
0 2
1 1
1 2
2 3
2 4
3 3
3 4
4 5
4 6
5 5
5 6
10 15
0 1
0 3
1 2
2 2
2 3
3 4
3 6
4 5
5 5
5 6
6 7
6 9
7 8
8 8
8 9
3 2
0 1
0 2
1 0
1 0
1 0
1 0
3 4
0 1
0 2
1 1
1 2
4 5
0 1
0 3
1 2
2 2
2 3
5 4
0 1
0 2
2 3
2 4
5 4
0 1
0 2
2 3
2 4
1 0
1 0
1 0
17 16
0 1
0 16
1 2
1 15
2 3
2 14
3 4
3 13
4 5
4 12
5 6
5 11
6 7
6 10
7 8
7 9
17 16
0 1
0 16
1 2
1 15
2 3
2 14
3 4
3 13
4 5
4 12
5 6
5 11
6 7
6 10
7 8
7 9
3 4
0 1
0 2
1 1
1 2
4 5
0 1
0 3
1 2
2 2
2 3
6 6
0 1
1 2
2 3
2 4
3 2
4 5
6 7
0 1
1 2
1 4
2 3
3 3
3 4
4 5
6 9
0 1
0 2
1 3
1 2
2 3
3 4
3 5
4 4
4 5
7 10
0 1
0 2
1 3
1 2
2 3
3 4
3 6
4 5
5 5
5 6
6 9
0 1
0 2
1 3
1 2
2 3
3 4
3 5
4 4
4 5
7 10
0 1
0 2
1 3
1 2
2 3
3 4
3 6
4 5
5 5
5 6
1 0
1 0
1 0
13 16
0 1
1 2
1 6
2 3
2 4
3 5
4 5
5 7
6 7
7 8
7 12
8 9
8 10
9 11
10 11
11 1
13 16
0 1
1 2
1 6
2 3
2 4
3 5
4 5
5 7
6 7
7 8
7 12
8 9
8 10
9 11
10 11
11 1
13 16
0 1
1 2
1 12
2 3
2 7
3 4
3 5
4 6
5 6
6 8
7 8
8 9
8 10
9 11
10 11
11 1
13 17
0 1
0 12
1 2
2 3
2 7
3 4
3 5
4 6
5 6
6 8
7 8
8 9
8 10
9 11
10 11
11 2
11 12
3 4
0 1
0 2
1 1
1 2
4 5
0 1
0 3
1 2
2 2
2 3
32 43
0 1
0 2
2 3
2 4
3 5
3 4
4 5
5 6
5 7
6 8
6 7
7 8
8 9
8 10
9 11
9 10
10 11
11 12
12 13
12 17
13 14
13 15
14 16
15 16
16 18
17 18
18 19
18 26
19 20
19 21
20 25
21 22
21 23
22 24
23 24
24 25
25 12
26 27
26 28
28 29
29 30
29 31
30 29
32 43
0 1
0 2
2 3
2 4
3 5
3 4
4 5
5 6
5 7
6 8
6 7
7 8
8 9
8 10
9 11
9 10
10 11
11 12
12 13
12 17
13 14
13 15
14 16
15 16
16 18
17 18
18 19
18 26
19 20
19 21
20 25
21 22
21 23
22 24
23 24
24 25
25 12
26 27
26 28
28 29
29 30
29 31
30 29
33 38
0 1
0 2
2 3
2 4
4 5
4 6
6 7
6 8
8 9
8 10
9 14
10 11
10 12
11 13
12 13
13 14
14 15
14 16
16 17
16 18
17 28
18 19
18 20
19 27
20 21
20 22
21 26
22 23
22 24
23 25
24 25
25 26
26 27
27 28
28 29
28 30
30 31
30 32
33 38
0 1
0 2
2 3
2 4
4 5
4 6
6 7
6 8
8 9
8 10
9 14
10 11
10 12
11 13
12 13
13 14
14 15
14 16
16 17
16 18
17 28
18 19
18 20
19 27
20 21
20 22
21 26
22 23
22 24
23 25
24 25
25 26
26 27
27 28
28 29
28 30
30 31
30 32
37 48
0 1
1 2
1 6
2 3
2 4
3 5
4 5
5 7
6 7
7 8
7 36
8 9
8 31
9 10
9 29
10 11
10 27
11 12
11 25
12 13
12 23
13 14
13 21
14 15
14 19
15 16
15 17
16 18
17 18
18 20
19 20
20 22
21 22
22 24
23 24
24 26
25 26
26 28
27 28
28 30
29 30
30 32
31 32
32 33
32 34
33 35
34 35
35 1
37 48
0 1
1 2
1 6
2 3
2 4
3 5
4 5
5 7
6 7
7 8
7 36
8 9
8 31
9 10
9 29
10 11
10 27
11 12
11 25
12 13
12 23
13 14
13 21
14 15
14 19
15 16
15 17
16 18
17 18
18 20
19 20
20 22
21 22
22 24
23 24
24 26
25 26
26 28
27 28
28 30
29 30
30 32
31 32
32 33
32 34
33 35
34 35
35 1
13 13
0 1
0 2
2 3
2 4
4 5
4 6
6 7
7 8
7 12
8 9
8 10
10 11
11 7
13 13
0 1
0 2
2 3
2 4
4 5
4 6
6 7
7 8
7 12
8 9
8 10
10 11
11 7
1 0
7 6
0 1
0 6
1 2
1 5
2 3
2 4
7 6
0 1
0 6
1 2
1 5
2 3
2 4
7 6
0 1
0 6
1 2
1 5
2 3
2 4
7 6
0 1
0 6
1 2
1 5
2 3
2 4
25 30
0 1
0 2
1 3
2 3
3 4
4 5
4 9
5 6
5 7
6 8
7 8
8 10
9 10
10 11
10 18
11 12
11 13
12 17
13 14
13 15
14 16
15 16
16 17
17 4
18 19
18 24
19 20
19 21
21 22
21 23
25 30
0 1
0 2
1 3
2 3
3 4
4 5
4 9
5 6
5 7
6 8
7 8
8 10
9 10
10 11
10 18
11 12
11 13
12 17
13 14
13 15
14 16
15 16
16 17
17 4
18 19
18 24
19 20
19 21
21 22
21 23
7 6
0 1
0 2
2 3
2 6
3 4
3 5
7 6
0 1
0 2
2 3
2 6
3 4
3 5
11 10
0 1
0 2
2 3
2 10
3 4
3 9
4 5
4 8
5 6
5 7
11 10
0 1
0 2
2 3
2 10
3 4
3 9
4 5
4 8
5 6
5 7
19 24
0 1
1 2
1 6
2 3
2 4
3 5
4 5
5 7
6 7
7 8
7 18
8 9
8 10
9 14
10 11
10 12
11 13
12 13
13 14
14 15
14 16
15 17
16 17
17 1
19 24
0 1
1 2
1 6
2 3
2 4
3 5
4 5
5 7
6 7
7 8
7 18
8 9
8 10
9 14
10 11
10 12
11 13
12 13
13 14
14 15
14 16
15 17
16 17
17 1
7 6
0 1
0 2
2 3
2 4
4 5
4 6
7 6
0 1
0 2
2 3
2 4
4 5
4 6
90 111
0 1
0 2
2 3
2 13
3 4
3 5
4 9
5 6
5 7
6 8
7 8
8 9
9 10
9 11
10 12
11 12
12 14
13 14
14 15
14 16
16 17
16 18
18 19
18 20
20 21
20 28
21 22
21 26
22 23
22 24
23 25
24 25
25 27
26 27
27 29
28 29
29 30
29 31
31 32
32 33
33 34
33 38
34 35
34 36
35 37
36 37
37 39
38 39
39 40
39 50
40 41
40 42
41 46
42 43
42 44
43 45
44 45
45 46
46 47
46 48
47 49
48 49
49 33
50 51
51 52
51 53
53 54
53 55
55 56
56 57
56 58
57 63
58 59
58 60
59 63
60 61
60 62
61 63
62 63
63 64
63 65
65 66
65 67
66 77
67 68
67 72
68 69
68 70
69 71
70 71
71 73
72 73
73 74
73 75
74 76
75 76
76 77
77 78
77 79
79 80
79 84
80 81
80 82
81 83
82 83
83 85
84 85
85 86
85 87
87 88
87 89
90 111
0 1
0 2
2 3
2 13
3 4
3 5
4 9
5 6
5 7
6 8
7 8
8 9
9 10
9 11
10 12
11 12
12 14
13 14
14 15
14 16
16 17
16 18
18 19
18 20
20 21
20 28
21 22
21 26
22 23
22 24
23 25
24 25
25 27
26 27
27 29
28 29
29 30
29 31
31 32
32 33
33 34
33 38
34 35
34 36
35 37
36 37
37 39
38 39
39 40
39 50
40 41
40 42
41 46
42 43
42 44
43 45
44 45
45 46
46 47
46 48
47 49
48 49
49 33
50 51
51 52
51 53
53 54
53 55
55 56
56 57
56 58
57 63
58 59
58 60
59 63
60 61
60 62
61 63
62 63
63 64
63 65
65 66
65 67
66 77
67 68
67 72
68 69
68 70
69 71
70 71
71 73
72 73
73 74
73 75
74 76
75 76
76 77
77 78
77 79
79 80
79 84
80 81
80 82
81 83
82 83
83 85
84 85
85 86
85 87
87 88
87 89
17 16
0 1
0 2
2 3
2 6
3 4
3 5
6 7
6 8
8 9
8 10
10 11
10 14
11 12
11 13
14 15
14 16
17 16
0 1
0 2
2 3
2 6
3 4
3 5
6 7
6 8
8 9
8 10
10 11
10 14
11 12
11 13
14 15
14 16
3 2
0 1
0 2
3 2
0 1
0 2
29 36
0 1
0 2
2 3
2 4
4 5
4 6
6 7
7 8
7 9
8 24
9 10
9 13
10 11
10 12
11 24
12 24
13 14
13 15
14 24
15 16
15 17
16 24
17 18
17 21
18 19
18 20
19 24
20 24
21 22
21 23
22 24
23 24
24 25
24 26
26 27
26 28
29 36
0 1
0 2
2 3
2 4
4 5
4 6
6 7
7 8
7 9
8 24
9 10
9 13
10 11
10 12
11 24
12 24
13 14
13 15
14 24
15 16
15 17
16 24
17 18
17 21
18 19
18 20
19 24
20 24
21 22
21 23
22 24
23 24
24 25
24 26
26 27
26 28
12 12
0 1
0 2
2 3
2 4
4 5
4 6
6 7
6 8
7 9
8 9
9 10
9 11
11 10
0 1
0 2
2 3
2 4
4 5
4 6
6 7
6 8
7 9
8 10
11 10
0 1
0 2
2 3
2 4
4 5
4 6
6 7
6 8
8 9
8 10
11 10
0 1
0 2
2 3
2 4
4 5
4 6
6 7
6 8
8 9
8 10
3 2
0 1
0 2
3 2
0 1
0 2
65 64
0 1
0 16
1 2
1 3
3 4
3 5
5 6
5 7
7 8
7 9
9 10
9 11
11 12
11 13
13 14
13 15
16 17
16 64
17 18
17 63
18 19
18 62
19 20
19 25
20 21
20 22
22 23
22 24
25 26
25 31
26 27
26 28
28 29
28 30
31 32
31 37
32 33
32 34
34 35
34 36
37 38
37 43
38 39
38 40
40 41
40 42
43 44
43 49
44 45
44 46
46 47
46 48
49 50
49 55
50 51
50 52
52 53
52 54
55 56
55 61
56 57
56 58
58 59
58 60
65 64
0 1
0 16
1 2
1 3
3 4
3 5
5 6
5 7
7 8
7 9
9 10
9 11
11 12
11 13
13 14
13 15
16 17
16 64
17 18
17 63
18 19
18 62
19 20
19 25
20 21
20 22
22 23
22 24
25 26
25 31
26 27
26 28
28 29
28 30
31 32
31 37
32 33
32 34
34 35
34 36
37 38
37 43
38 39
38 40
40 41
40 42
43 44
43 49
44 45
44 46
46 47
46 48
49 50
49 55
50 51
50 52
52 53
52 54
55 56
55 61
56 57
56 58
58 59
58 60
1 0
1 0
29 28
0 1
0 6
1 2
1 3
3 4
3 5
6 7
6 28
7 8
7 27
8 9
8 26
9 10
9 15
10 11
10 12
12 13
12 14
15 16
15 21
16 17
16 18
18 19
18 20
21 22
21 25
22 23
22 24
29 28
0 1
0 6
1 2
1 3
3 4
3 5
6 7
6 28
7 8
7 27
8 9
8 26
9 10
9 15
10 11
10 12
12 13
12 14
15 16
15 21
16 17
16 18
18 19
18 20
21 22
21 25
22 23
22 24
7 6
0 1
0 6
1 2
1 5
2 3
2 4
7 6
0 1
0 6
1 2
1 5
2 3
2 4
7 6
0 1
0 2
2 3
2 6
3 4
3 5
1 0
29 28
0 1
0 10
1 2
1 3
3 4
3 5
5 6
5 7
7 8
7 9
10 11
10 28
11 12
11 27
12 13
12 26
13 14
13 19
14 15
14 16
16 17
16 18
19 20
19 25
20 21
20 22
22 23
22 24
29 28
0 1
0 10
1 2
1 3
3 4
3 5
5 6
5 7
7 8
7 9
10 11
10 28
11 12
11 27
12 13
12 26
13 14
13 19
14 15
14 16
16 17
16 18
19 20
19 25
20 21
20 22
22 23
22 24
1 0
1 0
49 52
0 1
0 24
1 2
1 3
3 4
3 5
4 9
5 6
5 7
6 8
7 8
8 9
9 10
9 11
11 12
11 13
13 14
13 18
14 15
14 16
15 17
16 17
17 19
18 19
19 20
19 21
21 22
21 23
24 25
24 48
25 26
25 47
26 27
26 46
27 28
27 33
28 29
28 30
30 31
30 32
33 34
33 39
34 35
34 36
36 37
36 38
39 40
39 45
40 41
40 42
42 43
42 44
49 52
0 1
0 24
1 2
1 3
3 4
3 5
4 9
5 6
5 7
6 8
7 8
8 9
9 10
9 11
11 12
11 13
13 14
13 18
14 15
14 16
15 17
16 17
17 19
18 19
19 20
19 21
21 22
21 23
24 25
24 48
25 26
25 47
26 27
26 46
27 28
27 33
28 29
28 30
30 31
30 32
33 34
33 39
34 35
34 36
36 37
36 38
39 40
39 45
40 41
40 42
42 43
42 44
7 6
0 1
0 6
1 2
1 5
2 3
2 4
7 6
0 1
0 6
1 2
1 5
2 3
2 4
3 2
0 1
0 2
1 0
1 0
19 24
0 1
1 2
1 18
2 3
2 4
3 17
4 5
4 6
5 16
6 7
6 8
7 15
8 9
8 10
9 14
10 11
10 12
11 13
12 13
13 14
14 15
15 16
16 17
17 1
19 24
0 1
1 2
1 18
2 3
2 4
3 17
4 5
4 6
5 16
6 7
6 8
7 15
8 9
8 10
9 14
10 11
10 12
11 13
12 13
13 14
14 15
15 16
16 17
17 1
1 0
1 0
6 7
0 1
0 2
2 3
2 4
3 5
3 4
4 5
5 4
0 1
0 2
2 3
3 4
6 7
0 1
0 2
2 3
2 4
3 5
3 4
4 5
5 4
0 1
0 2
2 3
3 4
3 2
0 1
0 2
24 28
0 1
0 2
1 6
2 3
2 4
3 5
4 5
5 6
6 7
6 8
8 9
8 10
10 11
10 12
12 13
12 20
13 14
13 15
14 16
15 16
16 17
16 18
17 19
18 19
19 21
20 21
21 22
21 23
23 26
0 1
0 2
1 6
2 3
2 4
3 5
4 5
5 6
6 7
6 8
8 9
8 10
10 11
10 12
12 13
12 19
13 14
13 15
14 17
15 16
16 18
17 18
18 20
19 20
20 21
20 22
6 7
0 1
0 2
1 3
1 2
2 3
3 4
3 5
5 4
0 1
1 2
2 3
2 4
3 2
0 1
0 2
3 2
0 1
0 2
3 2
0 1
0 2
3 2
0 1
0 2
5 4
0 1
0 2
2 3
2 4
5 4
0 1
0 2
2 3
2 4
5 4
0 1
0 2
2 3
2 4
5 4
0 1
0 2
2 3
2 4
49 60
0 1
0 2
2 3
2 6
3 4
3 5
6 7
6 8
8 9
8 10
10 11
10 12
11 16
12 13
12 14
13 15
14 15
15 16
16 17
16 18
18 19
19 20
19 24
20 21
20 22
21 23
22 23
23 25
24 25
25 26
25 48
26 27
26 28
27 47
28 29
28 30
29 46
30 31
30 41
31 32
31 39
32 33
32 37
33 34
33 35
34 36
35 36
36 38
37 38
38 40
39 40
40 42
41 42
42 43
42 44
43 45
44 45
45 46
46 47
47 19
49 60
0 1
0 2
2 3
2 6
3 4
3 5
6 7
6 8
8 9
8 10
10 11
10 12
11 16
12 13
12 14
13 15
14 15
15 16
16 17
16 18
18 19
19 20
19 24
20 21
20 22
21 23
22 23
23 25
24 25
25 26
25 48
26 27
26 28
27 47
28 29
28 30
29 46
30 31
30 41
31 32
31 39
32 33
32 37
33 34
33 35
34 36
35 36
36 38
37 38
38 40
39 40
40 42
41 42
42 43
42 44
43 45
44 45
45 46
46 47
47 19
31 36
0 1
0 2
2 3
2 4
4 5
4 6
6 7
6 8
8 9
8 10
10 11
10 12
12 13
12 14
13 15
14 15
15 16
15 17
16 18
17 18
18 19
18 20
19 21
20 21
21 22
21 23
22 24
23 24
24 25
24 26
25 27
26 27
27 28
27 29
28 30
29 30
31 36
0 1
0 2
2 3
2 4
4 5
4 6
6 7
6 8
8 9
8 10
10 11
10 12
12 13
12 14
13 15
14 15
15 16
15 17
16 18
17 18
18 19
18 20
19 21
20 21
21 22
21 23
22 24
23 24
24 25
24 26
25 27
26 27
27 28
27 29
28 30
29 30
11 10
0 1
0 2
2 3
2 10
3 4
3 9
4 5
4 8
5 6
5 7
11 10
0 1
0 2
2 3
2 10
3 4
3 9
4 5
4 8
5 6
5 7
5 4
0 1
0 2
2 3
2 4
5 4
0 1
0 2
2 3
2 4
1 0
1 0
1 0
98 106
0 1
0 2
2 3
3 4
3 19
4 5
4 18
5 6
5 17
6 7
6 16
7 8
7 15
8 9
8 14
9 10
9 13
10 11
10 12
11 20
12 20
13 20
14 20
15 20
16 20
17 20
18 20
19 20
20 21
20 22
22 23
22 24
23 25
24 25
25 26
25 27
27 28
27 29
29 30
29 31
31 32
31 33
33 34
33 35
35 36
35 37
37 38
37 39
39 40
39 41
41 42
41 43
43 44
43 45
45 46
45 47
47 48
47 49
49 50
49 51
51 52
51 53
53 54
53 55
55 56
55 57
57 58
57 59
59 60
59 61
61 62
61 63
63 64
63 65
65 66
65 67
67 68
67 69
69 70
69 71
71 72
71 73
73 74
73 75
75 76
75 77
77 78
77 79
79 80
79 81
81 82
81 83
83 84
83 85
85 86
85 87
87 88
87 89
89 90
89 91
91 92
91 93
93 94
93 95
95 96
95 97
98 106
0 1
0 2
2 3
3 4
3 19
4 5
4 18
5 6
5 17
6 7
6 16
7 8
7 15
8 9
8 14
9 10
9 13
10 11
10 12
11 20
12 20
13 20
14 20
15 20
16 20
17 20
18 20
19 20
20 21
20 22
22 23
22 24
23 25
24 25
25 26
25 27
27 28
27 29
29 30
29 31
31 32
31 33
33 34
33 35
35 36
35 37
37 38
37 39
39 40
39 41
41 42
41 43
43 44
43 45
45 46
45 47
47 48
47 49
49 50
49 51
51 52
51 53
53 54
53 55
55 56
55 57
57 58
57 59
59 60
59 61
61 62
61 63
63 64
63 65
65 66
65 67
67 68
67 69
69 70
69 71
71 72
71 73
73 74
73 75
75 76
75 77
77 78
77 79
79 80
79 81
81 82
81 83
83 84
83 85
85 86
85 87
87 88
87 89
89 90
89 91
91 92
91 93
93 94
93 95
95 96
95 97
1 0
1 0
1 0
1 0
1 0
1 0
1 0
1 0
1 0
4 5
0 1
0 2
1 3
1 2
2 3
4 5
0 1
0 2
1 3
1 2
2 3
1 0
1 0
1 0
1 0
1 0
7 10
0 1
0 2
1 3
1 2
2 3
3 4
3 5
4 6
4 5
5 6
5 4
0 1
1 2
2 3
3 4
1 0
1 0
3 2
0 1
0 2
3 2
0 1
0 2
59 58
0 1
0 58
1 2
1 57
2 3
2 56
3 4
3 55
4 5
4 54
5 6
5 53
6 7
6 52
7 8
7 51
8 9
8 50
9 10
9 49
10 11
10 48
11 12
11 47
12 13
12 46
13 14
13 45
14 15
14 44
15 16
15 43
16 17
16 42
17 18
17 41
18 19
18 40
19 20
19 39
20 21
20 38
21 22
21 37
22 23
22 36
23 24
23 35
24 25
24 34
25 26
25 33
26 27
26 32
27 28
27 31
28 29
28 30
35 34
0 1
1 2
1 34
2 3
3 4
3 33
4 5
5 6
6 7
7 8
8 9
8 32
9 10
10 11
11 12
12 13
13 14
14 15
15 16
16 17
16 31
17 18
18 19
19 20
20 21
21 22
22 23
23 24
24 25
25 26
25 30
26 27
27 28
28 29
101 136
0 1
0 100
1 2
2 3
2 4
3 5
3 4
4 5
5 6
5 7
6 8
6 7
7 8
8 9
9 10
9 11
10 12
11 12
12 13
12 99
13 14
13 15
14 16
15 16
16 17
16 98
17 18
17 19
18 20
18 19
19 20
20 21
20 22
21 23
21 22
22 23
23 24
23 25
24 26
25 26
26 27
26 97
27 28
27 29
28 30
29 30
30 31
30 96
31 32
31 33
32 34
32 33
33 34
34 35
34 36
35 37
35 36
36 37
37 38
37 95
38 39
38 40
39 41
39 40
40 41
41 42
41 43
42 44
42 43
43 44
44 45
44 94
45 46
45 47
46 48
46 47
47 48
48 49
48 50
49 51
49 50
50 51
51 52
51 93
52 53
52 54
53 55
53 54
54 55
55 56
55 57
56 58
56 57
57 58
58 59
58 92
59 60
59 61
60 62
60 61
61 62
62 63
62 64
63 65
63 64
64 65
65 66
65 91
66 67
66 68
67 69
67 68
68 69
69 70
69 71
70 72
70 71
71 72
72 73
72 90
73 74
73 89
74 75
74 88
75 76
75 87
76 77
76 86
77 78
77 85
78 79
78 84
79 80
79 83
80 81
80 82
81 80
0 1
0 80
1 2
2 3
3 4
4 5
5 6
6 7
7 8
7 9
8 10
9 79
10 11
10 12
11 13
12 78
13 14
14 15
15 16
16 17
17 18
17 19
18 20
19 77
20 21
20 22
21 23
22 76
23 24
24 25
25 26
26 27
27 28
27 75
28 29
29 30
30 31
31 32
32 33
32 74
33 34
34 35
35 36
36 37
37 38
37 73
38 39
39 40
40 41
41 42
42 43
42 72
43 44
44 45
45 46
46 47
47 48
47 71
48 49
49 50
50 51
51 52
52 53
52 70
53 54
53 69
54 55
54 68
55 56
55 67
56 57
56 66
57 58
57 65
58 59
58 64
59 60
59 63
60 61
60 62
7 6
0 1
0 2
2 3
2 4
4 5
4 6
7 6
0 1
0 2
2 3
2 4
4 5
4 6
9 8
0 1
0 2
2 3
2 8
3 4
3 7
4 5
4 6
9 8
0 1
0 2
2 3
2 8
3 4
3 7
4 5
4 6
16 16
0 1
0 2
2 3
2 4
4 5
4 15
5 6
5 14
6 7
6 13
7 8
7 9
8 10
9 10
10 11
10 12
15 14
0 1
0 2
2 3
2 4
4 5
4 14
5 6
5 13
6 7
6 12
7 8
7 9
8 10
9 11
10 10
0 1
0 2
2 3
2 9
3 4
3 5
4 6
5 6
6 7
6 8
9 8
0 1
0 2
2 3
2 8
3 4
3 5
4 6
5 7
46 57
0 1
0 2
2 3
2 4
4 5
4 45
5 6
6 7
6 8
7 22
8 9
8 10
9 22
10 11
10 21
11 12
11 20
12 13
12 19
13 14
13 15
14 16
15 16
16 17
16 18
17 22
18 22
19 22
20 22
21 22
22 23
22 44
23 24
23 43
24 25
25 26
25 27
26 35
27 28
27 34
28 29
28 30
29 31
30 31
31 32
31 33
32 35
33 35
34 35
35 36
35 42
36 37
36 38
37 39
38 39
39 40
39 41
41 47
0 1
0 2
2 3
2 4
4 5
4 40
5 6
6 7
6 8
7 39
8 9
8 10
9 39
10 11
10 20
11 12
11 19
12 13
12 18
13 14
13 15
14 16
15 17
16 21
17 39
18 39
19 39
20 39
21 22
21 38
22 23
23 24
23 25
24 37
25 26
25 31
26 27
26 28
27 29
28 30
29 32
30 37
31 37
32 33
32 34
33 35
34 36
7 6
0 1
0 6
1 2
1 5
2 3
2 4
7 6
0 1
0 6
1 2
1 5
2 3
2 4
15 17
0 1
0 2
2 3
3 4
3 9
4 5
4 8
5 6
5 7
6 10
7 10
8 10
9 10
10 11
10 14
11 12
11 13
14 15
0 1
0 2
2 3
3 4
3 9
4 5
4 8
5 6
5 7
6 10
7 13
8 13
9 13
10 11
10 12
1 0
4 5
0 1
0 2
1 3
1 2
2 3
3 2
0 1
1 2
4 5
0 1
0 2
1 3
1 2
2 3
3 2
0 1
1 2
4 5
0 1
0 2
1 3
1 2
2 3
3 2
0 1
1 2
3 2
0 1
0 2
3 2
0 1
0 2
3 2
0 1
0 2
3 2
0 1
0 2
3 2
0 1
0 2
3 2
0 1
0 2
1 0
1 0
15 14
0 1
0 2
2 3
2 14
3 4
3 13
4 5
4 12
5 6
5 11
6 7
6 10
7 8
7 9
15 14
0 1
0 2
2 3
2 14
3 4
3 13
4 5
4 12
5 6
5 11
6 7
6 10
7 8
7 9
9 8
0 1
0 8
1 2
1 7
2 3
2 6
3 4
3 5
9 8
0 1
0 8
1 2
1 7
2 3
2 6
3 4
3 5
34 35
0 1
0 2
1 3
1 2
2 3
3 4
3 33
4 5
4 32
5 6
5 31
6 7
6 30
7 8
7 29
8 9
8 28
9 10
9 27
10 11
10 26
11 12
11 25
12 13
12 24
13 14
13 23
14 15
14 22
15 16
15 21
16 17
16 20
17 18
17 19
33 32
0 1
1 2
2 3
2 32
3 4
3 31
4 5
4 30
5 6
5 29
6 7
6 28
7 8
7 27
8 9
8 26
9 10
9 25
10 11
10 24
11 12
11 23
12 13
12 22
13 14
13 21
14 15
14 20
15 16
15 19
16 17
16 18
1 0
49 62
0 1
0 2
1 3
1 2
2 3
3 4
4 5
4 9
5 6
5 7
6 8
6 7
7 8
8 4
9 10
9 11
11 12
11 13
12 14
13 14
14 15
14 48
15 16
15 23
16 17
16 21
17 18
17 19
18 20
19 20
20 22
21 22
22 24
23 24
24 25
24 47
25 26
25 33
26 27
26 31
27 28
27 29
28 30
29 30
30 32
31 32
32 34
33 34
34 35
34 46
35 36
35 37
36 38
37 38
38 39
38 45
39 40
39 41
40 42
41 42
42 43
42 44
45 54
0 1
1 2
2 3
2 7
3 4
4 5
5 6
6 4
6 7
7 8
7 9
9 10
9 11
10 12
10 44
11 44
12 13
12 20
13 14
13 18
14 15
14 16
15 17
16 17
17 19
18 19
19 21
20 21
21 22
21 43
22 23
22 30
23 24
23 28
24 25
24 26
25 27
26 27
27 29
28 29
29 31
30 31
31 32
31 42
32 33
32 34
33 35
34 41
35 36
35 37
36 38
37 38
38 39
38 40
15 20
0 1
0 2
1 3
1 2
2 3
3 4
3 8
4 5
4 6
5 7
5 6
6 7
7 4
7 8
8 9
8 10
10 11
10 14
11 12
11 13
13 13
0 1
1 2
2 3
3 4
4 5
5 3
5 6
6 7
6 8
8 9
8 12
9 10
9 11
45 52
0 1
0 44
1 2
1 43
2 3
2 4
3 5
4 5
5 6
5 42
6 7
6 8
7 9
8 9
9 10
9 41
10 11
10 12
11 13
12 13
13 14
13 40
14 15
14 16
15 17
16 17
17 18
17 39
18 19
18 20
19 21
20 21
21 22
21 38
22 23
22 24
23 25
24 25
25 26
25 37
26 27
26 28
27 29
28 29
29 30
29 36
30 31
30 32
31 33
32 33
33 34
33 35
37 36
0 1
0 36
1 2
1 35
2 3
2 4
3 5
4 34
5 6
5 7
6 8
7 33
8 9
8 10
9 11
10 32
11 12
11 13
12 14
13 31
14 15
14 16
15 17
16 30
17 18
17 19
18 20
19 29
20 21
20 22
21 23
22 28
23 24
23 25
24 26
25 27
41 44
0 1
0 2
2 3
2 4
4 5
4 6
6 7
6 8
8 9
9 10
9 17
10 11
10 16
11 12
11 15
12 13
12 14
13 18
14 18
15 18
16 18
17 18
18 19
18 20
20 21
20 22
22 23
22 24
24 25
24 26
26 27
26 28
28 29
28 30
30 31
30 32
32 33
32 34
34 35
34 36
36 37
36 38
38 39
38 40
41 44
0 1
0 2
2 3
2 4
4 5
4 6
6 7
6 8
8 9
9 10
9 17
10 11
10 16
11 12
11 15
12 13
12 14
13 18
14 18
15 18
16 18
17 18
18 19
18 20
20 21
20 22
22 23
22 24
24 25
24 26
26 27
26 28
28 29
28 30
30 31
30 32
32 33
32 34
34 35
34 36
36 37
36 38
38 39
38 40
1 0
1 0
3 2
0 1
0 2
3 2
0 1
0 2
1 0
1 0
1 0
1 0
4 5
0 1
0 2
1 3
1 2
2 3
3 2
0 1
1 2
1 0
4 5
0 1
0 2
1 3
1 2
2 3
3 2
0 1
1 2
1 0
13 17
0 1
0 2
1 12
2 3
2 4
3 5
4 5
5 6
5 7
6 8
6 7
7 8
8 9
9 10
9 11
10 9
11 12
13 17
0 1
0 2
1 12
2 3
2 4
3 5
4 5
5 6
5 7
6 8
6 7
7 8
8 9
9 10
9 11
10 9
11 12
10 15
0 1
0 2
1 3
1 2
2 3
3 4
3 5
4 6
4 5
5 6
6 7
6 8
7 9
7 8
8 9
7 6
0 1
1 2
2 3
3 4
4 5
5 6
1 0
1 0
1 0
1 0
84 139
0 1
0 2
1 3
1 2
2 3
3 4
3 5
4 6
4 5
5 6
6 7
6 8
7 9
7 8
8 9
9 10
9 11
10 12
10 11
11 12
12 13
12 14
13 15
13 14
14 15
15 16
15 17
16 18
16 17
17 18
18 19
18 20
19 21
19 20
20 21
21 22
21 83
22 23
22 24
23 25
23 24
24 25
25 26
25 27
26 28
26 27
27 28
28 29
28 30
29 31
29 30
30 31
31 32
31 33
32 34
32 33
33 34
34 35
34 36
35 37
35 36
36 37
37 38
37 39
38 40
38 39
39 40
40 41
40 42
41 43
41 42
42 43
43 44
43 45
44 46
44 45
45 46
46 47
46 48
47 49
47 48
48 49
49 50
49 51
50 52
50 51
51 52
52 53
52 54
53 55
53 54
54 55
55 56
55 57
56 58
56 57
57 58
58 59
58 60
59 61
59 60
60 61
61 62
61 63
62 64
62 63
63 64
64 65
64 66
65 67
65 66
66 67
67 68
67 69
68 70
68 69
69 70
70 71
70 72
71 73
71 72
72 73
73 74
73 75
74 76
74 75
75 76
76 77
76 78
77 79
77 78
78 79
79 80
79 81
80 82
80 81
81 82
82 22
82 83
57 57
0 1
1 2
2 3
3 4
4 5
5 6
6 7
7 8
8 9
9 10
10 11
11 12
12 13
13 14
14 15
15 16
16 17
17 18
18 19
19 20
20 21
21 22
22 23
23 24
24 25
25 26
26 27
27 28
28 29
29 30
30 31
31 32
32 33
33 34
34 35
35 36
36 37
37 38
38 39
39 40
40 41
41 42
42 43
43 44
44 45
45 46
46 47
47 48
48 49
49 50
50 51
51 52
52 53
53 54
54 55
55 15
55 56
1 0
1 0
1 0
1 0
1 0
1 0
1 0
1 0
1 0
1 0
1 0
1 0
3 3
0 1
0 2
2 0
3 3
0 1
0 2
2 0
1 0
1 0
1 0
1 0
1 0
1 0
1 0
1 0
3 2
0 1
0 2
3 2
0 1
0 2
1 0
1 0
1 0
1 0
1 0
1 0
1 0
1 0
1 0
1 0
1 0
1 0
1 0
1 0
1 0
1 0
1 0
1 0
1 0
1 0
1 0
1 0
1 0
1 0
1 0
13 12
0 1
0 4
1 2
1 3
4 5
4 6
6 7
6 12
7 8
7 11
8 9
8 10
13 12
0 1
0 4
1 2
1 3
4 5
4 6
6 7
6 12
7 8
7 11
8 9
8 10
7 6
0 1
0 4
1 2
1 3
4 5
4 6
7 6
0 1
0 4
1 2
1 3
4 5
4 6
15 17
0 1
1 2
1 5
2 3
2 4
3 8
4 8
5 6
5 7
6 8
7 8
8 9
8 14
9 10
9 13
10 11
10 12
14 15
0 1
1 2
1 5
2 3
2 4
3 8
4 13
5 6
5 7
6 13
7 8
8 9
8 12
9 10
9 11
3 2
0 1
0 2
1 0
7 7
0 1
0 2
2 3
2 4
4 5
4 6
6 0
7 7
0 1
0 2
2 3
2 4
4 5
4 6
6 0
1 0
1 0
1 0
1 0
7 7
0 1
0 2
2 3
2 4
4 5
4 6
6 0
7 7
0 1
0 2
2 3
2 4
4 5
4 6
6 0
1 0
1 0
1 0
1 0
7 7
0 1
0 2
2 3
2 4
4 5
4 6
6 0
7 7
0 1
0 2
2 3
2 4
4 5
4 6
6 0
1 0
1 0
1 0
1 0
3 3
0 1
0 2
2 0
3 3
0 1
0 2
2 0
1 0
1 0
1 0
1 0
3 2
0 1
0 2
3 2
0 1
0 2
1 0
7 7
0 1
0 2
2 3
2 4
4 5
4 6
6 0
7 7
0 1
0 2
2 3
2 4
4 5
4 6
6 0
1 0
1 0
1 0
1 0
7 7
0 1
0 2
2 3
2 4
4 5
4 6
6 0
7 7
0 1
0 2
2 3
2 4
4 5
4 6
6 0
1 0
1 0
1 0
1 0
3 2
0 1
0 2
3 2
0 1
0 2
1 0
10 10
0 1
0 7
1 2
1 3
2 4
3 4
4 5
4 6
7 8
7 9
10 10
0 1
0 7
1 2
1 3
2 4
3 4
4 5
4 6
7 8
7 9
7 8
0 1
0 2
1 3
2 3
3 4
3 5
4 6
5 6
7 8
0 1
0 2
1 3
2 3
3 4
3 5
4 6
5 6
1 0
1 0
1 0
1 0
7 8
0 1
0 2
1 3
2 3
3 4
3 5
4 6
5 6
7 8
0 1
0 2
1 3
2 3
3 4
3 5
4 6
5 6
1 0
1 0
1 0
1 0
1 0
1 0
1 0
1 0
1 0
1 0
1 0
1 0
1 0
1 0
1 0
1 0
1 0
1 0
1 0
1 0
1 0
1 0
1 0
1 0
1 0
1 0
1 0
1 0
1 0
1 0
1 0
1 0
1 0
1 0
1 0
1 0
1 0
1 0
1 0
1 0
1 0
1 0
1 0
1 0
1 0
1 0
4 4
0 1
0 2
1 3
2 3
4 4
0 1
0 2
1 3
2 3
1 0
1 0
1 0
1 0
1 0
1 0
17 20
0 1
0 2
2 3
2 13
3 4
3 8
4 5
4 6
5 7
6 7
7 9
8 9
9 10
9 11
10 12
11 12
12 14
13 14
14 15
14 16
17 20
0 1
0 2
2 3
2 13
3 4
3 8
4 5
4 6
5 7
6 7
7 9
8 9
9 10
9 11
10 12
11 12
12 14
13 14
14 15
14 16
1 0
1 0
1 0
3 2
0 1
0 2
3 2
0 1
0 2
3 2
0 1
0 2
3 2
0 1
0 2
1 0
3 2
0 1
0 2
3 2
0 1
0 2
8 8
0 1
0 7
1 2
2 3
2 4
3 5
4 5
5 6
8 8
0 1
0 7
1 2
2 3
2 4
3 5
4 5
5 6
10 11
0 1
1 2
1 8
2 3
3 4
3 5
4 6
5 6
6 7
7 9
8 9
10 11
0 1
1 2
1 8
2 3
3 4
3 5
4 6
5 6
6 7
7 9
8 9
3 3
0 1
0 2
2 0
3 3
0 1
0 2
2 0
1 0
1 0
1 0
1 0
3 2
0 1
0 2
3 2
0 1
0 2
1 0
10 12
0 1
1 2
1 6
2 3
2 4
3 5
4 5
5 7
6 7
7 8
7 9
8 1
10 12
0 1
1 2
1 6
2 3
2 4
3 5
4 5
5 7
6 7
7 8
7 9
8 1
6 9
0 1
0 2
1 3
1 2
2 3
3 4
3 5
4 4
4 5
7 10
0 1
0 2
1 3
1 2
2 3
3 4
3 6
4 5
5 5
5 6
5 4
0 1
0 4
1 2
1 3
5 4
0 1
0 4
1 2
1 3
1 0
7 7
0 1
0 2
2 3
2 4
4 5
4 6
6 0
7 7
0 1
0 2
2 3
2 4
4 5
4 6
6 0
1 0
1 0
1 0
1 0
7 7
0 1
0 2
2 3
2 4
4 5
4 6
6 0
7 7
0 1
0 2
2 3
2 4
4 5
4 6
6 0
1 0
1 0
1 0
1 0
1 0
1 0
1 0
10 13
0 1
0 2
1 3
2 3
3 4
3 5
4 6
4 5
5 6
6 7
7 8
7 9
8 7
10 14
0 1
0 2
1 3
2 3
3 4
3 5
4 6
4 5
5 6
6 7
6 9
7 8
8 8
8 9
1 0
1 0
1 0
3 3
0 1
0 2
2 0
3 3
0 1
0 2
2 0
1 0
1 0
5 4
0 1
0 2
2 3
2 4
5 4
0 1
0 2
2 3
2 4
1 0
1 0
1 0
1 0
1 0
1 0
1 0
1 0
1 0
1 0
9 10
0 1
1 2
1 6
2 3
2 4
3 5
4 5
5 1
6 7
6 8
9 11
0 1
0 6
1 2
2 3
2 4
3 5
4 5
5 2
5 6
6 7
6 8
3 2
0 1
0 2
3 2
0 1
0 2
1 0
27 35
0 1
1 2
1 3
2 26
3 4
3 5
4 26
5 6
5 25
6 7
7 8
7 9
8 24
9 10
9 20
10 11
10 18
11 12
11 16
12 13
12 14
13 15
14 15
15 17
16 17
17 19
18 19
19 21
20 21
21 22
21 23
22 24
23 24
24 26
25 26
27 35
0 1
1 2
1 3
2 26
3 4
3 5
4 26
5 6
5 25
6 7
7 8
7 9
8 24
9 10
9 20
10 11
10 18
11 12
11 16
12 13
12 14
13 15
14 15
15 17
16 17
17 19
18 19
19 21
20 21
21 22
21 23
22 24
23 24
24 26
25 26
14 16
0 1
0 2
2 3
2 4
4 5
5 6
5 13
6 7
6 11
7 8
7 9
8 10
9 10
10 12
11 12
12 5
14 17
0 1
0 2
2 3
2 4
4 5
4 13
5 6
6 7
6 11
7 8
7 9
8 10
9 10
10 12
11 12
12 6
12 13
13 16
0 1
1 2
1 6
2 3
2 4
3 5
4 5
5 7
6 7
7 8
7 12
8 9
8 10
9 11
10 11
11 1
13 16
0 1
1 2
1 6
2 3
2 4
3 5
4 5
5 7
6 7
7 8
7 12
8 9
8 10
9 11
10 11
11 1
1 0
1 0
9 8
0 1
0 8
1 2
1 3
3 4
3 5
5 6
5 7
9 8
0 1
0 8
1 2
1 3
3 4
3 5
5 6
5 7
7 8
0 1
0 2
1 6
2 3
2 4
3 5
4 5
5 6
7 8
0 1
0 2
1 6
2 3
2 4
3 5
4 5
5 6
5 4
0 1
0 2
2 3
2 4
5 4
0 1
0 2
2 3
2 4
5 4
0 1
0 2
2 3
2 4
5 4
0 1
0 2
2 3
2 4
5 4
0 1
0 2
2 3
2 4
5 4
0 1
0 2
2 3
2 4
11 12
0 1
0 10
1 2
2 3
2 4
3 7
4 5
4 6
5 7
6 7
7 8
7 9
11 12
0 1
0 10
1 2
2 3
2 4
3 7
4 5
4 6
5 7
6 7
7 8
7 9
1 0
1 0
5 4
0 1
0 2
2 3
2 4
5 4
0 1
0 2
2 3
2 4
1 0
1 0
1 0
1 0
1 0
1 0
5 4
0 1
0 2
2 3
2 4
5 4
0 1
0 2
2 3
2 4
1 0
1 0
1 0
1 0
3 2
0 1
0 2
3 2
0 1
0 2
5 5
0 1
0 2
2 3
2 4
4 0
5 5
0 1
0 2
2 3
2 4
4 0
1 0
1 0
3 2
0 1
0 2
3 2
0 1
0 2
17 20
0 1
0 16
1 2
2 3
2 7
3 4
3 5
4 6
5 6
6 8
7 8
8 9
8 13
9 10
9 11
10 12
11 12
12 2
13 14
13 15
17 20
0 1
0 16
1 2
2 3
2 7
3 4
3 5
4 6
5 6
6 8
7 8
8 9
8 13
9 10
9 11
10 12
11 12
12 2
13 14
13 15
1 0
3 2
0 1
0 2
3 2
0 1
0 2
3 2
0 1
0 2
3 2
0 1
0 2
3 2
0 1
0 2
18 22
0 1
0 2
2 3
2 4
3 17
4 5
4 15
5 6
5 7
6 14
7 8
7 9
8 13
9 10
9 11
10 12
11 12
12 13
13 14
14 16
15 16
16 17
18 22
0 1
0 2
2 3
2 4
3 17
4 5
4 15
5 6
5 7
6 14
7 8
7 9
8 13
9 10
9 11
10 12
11 12
12 13
13 14
14 16
15 16
16 17
3 3
0 1
0 2
2 0
3 3
0 1
0 2
2 0
1 0
1 0
1 0
1 0
3 2
0 1
0 2
3 2
0 1
0 2
1 0
1 0
1 0
6 6
0 1
0 2
1 3
2 3
3 4
3 5
5 5
0 1
0 2
1 3
1 4
2 4
1 0
1 0
1 0
1 0
1 0
7 8
0 1
1 2
1 6
2 3
2 4
3 5
4 5
5 1
6 8
0 1
0 5
1 2
1 3
2 4
3 4
4 1
4 5
3 2
0 1
0 2
3 2
0 1
0 2
1 0
1 0
3 2
0 1
0 2
13 16
0 1
1 2
1 6
2 3
2 4
3 5
4 5
5 7
6 7
7 8
7 12
8 9
8 10
9 11
10 11
11 1
13 16
0 1
1 2
1 6
2 3
2 4
3 5
4 5
5 7
6 7
7 8
7 12
8 9
8 10
9 11
10 11
11 1
1 0
1 0
3 2
0 1
0 2
3 2
0 1
0 2
7 6
0 1
0 2
2 3
2 4
4 5
4 6
7 6
0 1
0 2
2 3
2 4
4 5
4 6
1 0
5 4
0 1
0 2
2 3
2 4
5 4
0 1
0 2
2 3
2 4
22 24
0 1
0 2
2 3
2 19
3 4
3 5
5 6
5 13
6 7
6 11
7 8
7 9
8 10
9 10
10 12
11 12
12 14
13 14
14 15
14 16
16 17
16 18
19 20
19 21
22 24
0 1
0 2
2 3
2 19
3 4
3 5
5 6
5 13
6 7
6 11
7 8
7 9
8 10
9 10
10 12
11 12
12 14
13 14
14 15
14 16
16 17
16 18
19 20
19 21
1 0
7 6
0 1
0 2
2 3
2 4
4 5
4 6
17 18
0 1
0 2
2 3
2 12
3 4
3 8
4 5
4 6
5 7
6 7
7 9
8 9
9 10
9 11
12 13
12 14
14 15
14 16
17 18
0 1
0 2
2 3
2 12
3 4
3 8
4 5
4 6
5 7
6 7
7 9
8 9
9 10
9 11
12 13
12 14
14 15
14 16
9 8
0 1
0 4
1 2
1 3
4 5
4 6
6 7
6 8
11 10
0 1
0 2
2 3
2 8
3 4
3 5
5 6
5 7
8 9
8 10
11 10
0 1
0 2
2 3
2 8
3 4
3 5
5 6
5 7
8 9
8 10
5 4
0 1
0 2
2 3
2 4
5 4
0 1
0 2
2 3
2 4
1 0
1 0
1 0
1 0
1 0
1 0
1 0
1 0
1 0
1 0
1 0
1 0
1 0
5 4
0 1
0 2
2 3
2 4
5 4
0 1
0 2
2 3
2 4
5 4
0 1
0 2
2 3
2 4
5 4
0 1
0 2
2 3
2 4
1 0
1 0
4 5
0 1
0 2
1 3
1 2
2 3
3 2
0 1
1 2
5 4
0 1
0 2
2 3
2 4
5 4
0 1
0 2
2 3
2 4
3 2
0 1
0 2
3 2
0 1
0 2
3 2
0 1
0 2
3 2
0 1
0 2
3 2
0 1
0 2
3 2
0 1
0 2
7 8
0 1
0 2
1 3
2 3
3 4
3 5
4 6
5 6
7 8
0 1
0 2
1 3
2 3
3 4
3 5
4 6
5 6
1 0
1 0
1 0
16 20
0 1
0 8
1 2
1 6
2 3
2 4
3 5
4 5
5 7
6 7
7 9
8 9
9 10
9 11
10 12
11 12
12 13
12 14
13 15
14 15
16 20
0 1
0 8
1 2
1 6
2 3
2 4
3 5
4 5
5 7
6 7
7 9
8 9
9 10
9 11
10 12
11 12
12 13
12 14
13 15
14 15
1 0
1 0
12 14
0 1
0 8
1 2
1 6
2 3
2 4
3 5
4 5
5 7
6 7
7 9
8 9
9 10
9 11
12 14
0 1
0 8
1 2
1 6
2 3
2 4
3 5
4 5
5 7
6 7
7 9
8 9
9 10
9 11
1 0
1 0
12 14
0 1
0 8
1 2
1 6
2 3
2 4
3 5
4 5
5 7
6 7
7 9
8 9
9 10
9 11
12 14
0 1
0 8
1 2
1 6
2 3
2 4
3 5
4 5
5 7
6 7
7 9
8 9
9 10
9 11
1 0
5 4
0 1
0 2
2 3
2 4
5 4
0 1
0 2
2 3
2 4
1 0
5 4
0 1
0 2
2 3
2 4
5 4
0 1
0 2
2 3
2 4
3 2
0 1
0 2
3 2
0 1
0 2
1 0
1 0
3 2
0 1
0 2
1 0
1 0
1 0
1 0
1 0
1 0
1 0
9 8
0 1
0 4
1 2
1 3
4 5
4 8
5 6
5 7
9 8
0 1
0 4
1 2
1 3
4 5
4 8
5 6
5 7
1 0
1 0
1 0
8 8
0 1
0 2
2 3
2 4
3 5
4 5
5 6
5 7
8 8
0 1
0 2
2 3
2 4
3 5
4 5
5 6
5 7
3 2
0 1
0 2
3 2
0 1
0 2
5 4
0 1
0 4
1 2
1 3
1 0
1 0
9 10
0 1
0 5
1 2
1 3
2 4
3 4
4 6
5 6
6 7
6 8
9 10
0 1
0 5
1 2
1 3
2 4
3 4
4 6
5 6
6 7
6 8
7 8
0 1
1 2
1 6
2 3
2 4
3 5
4 5
5 1
6 8
0 1
0 5
1 2
1 3
2 4
3 4
4 1
4 5
1 0
3 2
0 1
0 2
3 2
0 1
0 2
9 10
0 1
0 5
1 2
1 3
2 4
3 4
4 6
5 6
6 7
6 8
9 10
0 1
0 5
1 2
1 3
2 4
3 4
4 6
5 6
6 7
6 8
9 8
0 1
0 2
2 3
2 8
3 4
3 5
5 6
5 7
9 8
0 1
0 2
2 3
2 8
3 4
3 5
5 6
5 7
1 0
10 12
0 1
0 5
1 2
1 3
2 4
3 4
4 6
5 6
6 7
6 8
7 9
8 9
10 12
0 1
0 5
1 2
1 3
2 4
3 4
4 6
5 6
6 7
6 8
7 9
8 9
20 23
0 1
0 19
1 2
1 3
2 10
3 4
3 5
4 9
5 6
5 7
6 8
7 8
8 9
9 10
10 11
10 12
12 13
13 14
13 15
14 16
15 16
16 17
16 18
19 21
0 1
0 18
1 2
1 3
2 10
3 4
3 5
4 9
5 6
5 7
6 8
7 8
8 9
9 10
10 11
10 12
12 13
13 14
13 15
14 16
15 17
5 4
0 1
0 2
2 3
2 4
5 4
0 1
0 2
2 3
2 4
5 4
0 1
0 2
2 3
2 4
5 4
0 1
0 2
2 3
2 4
5 4
0 1
0 2
2 3
2 4
5 4
0 1
0 2
2 3
2 4
5 4
0 1
0 2
2 3
2 4
5 4
0 1
0 2
2 3
2 4
15 14
0 1
0 2
2 3
2 6
3 4
3 5
6 7
6 14
7 8
7 9
9 10
9 11
11 12
11 13
15 14
0 1
0 2
2 3
2 6
3 4
3 5
6 7
6 14
7 8
7 9
9 10
9 11
11 12
11 13
7 6
0 1
0 2
2 3
2 6
3 4
3 5
7 6
0 1
0 2
2 3
2 6
3 4
3 5
9 10
0 1
0 5
1 2
1 3
2 4
3 4
4 6
5 6
6 7
6 8
9 10
0 1
0 5
1 2
1 3
2 4
3 4
4 6
5 6
6 7
6 8
3 2
0 1
0 2
3 2
0 1
0 2
7 6
0 1
0 6
1 2
1 5
2 3
2 4
7 6
0 1
0 6
1 2
1 5
2 3
2 4
17 16
0 1
0 6
1 2
1 3
3 4
3 5
6 7
6 8
8 9
8 10
10 11
10 12
12 13
12 16
13 14
13 15
17 16
0 1
0 6
1 2
1 3
3 4
3 5
6 7
6 8
8 9
8 10
10 11
10 12
12 13
12 16
13 14
13 15
13 12
0 1
0 2
2 3
2 12
3 4
3 5
5 6
5 7
7 8
7 11
8 9
8 10
13 12
0 1
0 2
2 3
2 12
3 4
3 5
5 6
5 7
7 8
7 11
8 9
8 10
1 0
12 14
0 1
0 2
2 3
2 4
4 5
4 11
5 6
5 11
6 7
6 11
7 8
7 11
8 9
8 10
12 14
0 1
0 2
2 3
2 4
4 5
4 11
5 6
5 11
6 7
6 11
7 8
7 11
8 9
8 10
3 2
0 1
0 2
1 0
1 0
1 0
1 0
4 4
0 1
0 2
1 3
2 3
4 4
0 1
0 2
1 3
2 3
1 0
1 0
1 0
1 0
1 0
1 0
1 0
1 0
1 0
1 0
1 0
1 0
1 0
1 0
1 0
1 0
7 6
0 1
0 2
2 3
2 4
4 5
4 6
7 6
0 1
0 2
2 3
2 4
4 5
4 6
3 2
0 1
0 2
3 2
0 1
0 2
1 0
5 4
0 1
0 2
2 3
2 4
5 4
0 1
0 2
2 3
2 4
1 0
1 0
5 4
0 1
0 2
2 3
2 4
5 4
0 1
0 2
2 3
2 4
1 0
1 0
10 10
0 1
0 2
2 3
2 4
3 5
4 5
5 6
5 9
6 7
6 8
10 10
0 1
0 2
2 3
2 4
3 5
4 5
5 6
5 9
6 7
6 8
1 0
20 23
0 1
0 2
2 3
2 13
3 4
3 8
4 5
4 6
5 7
6 7
7 9
8 9
9 10
9 11
11 12
12 14
13 14
14 15
14 16
15 17
16 17
17 18
17 19
19 22
0 1
0 2
2 3
2 13
3 4
3 8
4 5
4 6
5 7
6 7
7 9
8 9
9 10
9 11
11 12
12 14
13 14
14 15
14 16
15 17
15 18
16 18
7 6
0 1
0 2
2 3
2 4
4 5
4 6
7 6
0 1
0 2
2 3
2 4
4 5
4 6
1 0
1 0
5 4
0 1
0 2
2 3
2 4
1 0
1 0
1 0
15 17
0 1
0 2
1 6
2 3
2 4
3 5
4 5
5 6
6 7
6 14
7 8
8 9
8 10
9 11
10 11
11 12
11 13
15 17
0 1
0 2
1 6
2 3
2 4
3 5
4 5
5 6
6 7
6 14
7 8
8 9
8 10
9 11
10 11
11 12
11 13
3 2
0 1
0 2
3 2
0 1
0 2
1 0
1 0
1 0
12 12
0 1
0 2
1 3
2 3
3 4
3 5
5 6
5 7
7 8
7 9
9 10
9 11
11 10
0 1
0 2
1 3
2 4
4 5
4 6
6 7
6 8
8 9
8 10
20 24
0 1
0 2
2 3
3 4
3 5
4 6
5 6
6 7
6 8
7 15
8 9
8 10
9 15
10 11
10 12
11 15
12 13
12 14
13 15
14 15
15 16
15 17
17 18
17 19
18 20
0 1
0 2
2 3
3 4
3 5
4 6
5 7
6 14
7 8
7 9
8 14
9 10
9 11
10 14
11 12
11 13
12 14
13 15
15 16
15 17
11 10
0 1
0 2
2 3
2 4
4 5
4 6
6 7
6 8
8 9
8 10
11 10
0 1
0 2
2 3
2 4
4 5
4 6
6 7
6 8
8 9
8 10
1 0
1 0
1 0
1 0
1 0
1 0
1 0
1 0
3 2
0 1
0 2
3 2
0 1
0 2
3 2
0 1
0 2
5 4
0 1
0 2
2 3
2 4
19 24
0 1
0 2
1 6
2 3
2 4
3 5
4 5
5 6
6 7
6 8
7 12
8 9
8 10
9 11
10 11
11 12
12 13
12 14
13 18
14 15
14 16
15 17
16 17
17 18
19 24
0 1
0 2
1 6
2 3
2 4
3 5
4 5
5 6
6 7
6 8
7 12
8 9
8 10
9 11
10 11
11 12
12 13
12 14
13 18
14 15
14 16
15 17
16 17
17 18
19 23
0 1
0 10
1 2
1 6
2 3
2 4
3 5
4 5
5 7
6 7
7 8
7 9
8 0
10 11
10 15
11 12
11 13
12 14
13 14
14 16
15 16
16 17
16 18
19 23
0 1
0 10
1 2
1 6
2 3
2 4
3 5
4 5
5 7
6 7
7 8
7 9
8 0
10 11
10 15
11 12
11 13
12 14
13 14
14 16
15 16
16 17
16 18
26 31
0 1
0 5
1 2
1 3
2 4
3 4
4 6
5 6
6 7
6 17
7 8
7 12
8 9
8 10
9 11
10 11
11 13
12 13
13 14
13 15
14 16
15 16
16 18
17 18
18 19
18 20
19 21
21 22
21 25
22 23
22 24
26 31
0 1
0 5
1 2
1 3
2 4
3 4
4 6
5 6
6 7
6 17
7 8
7 12
8 9
8 10
9 11
10 11
11 13
12 13
13 14
13 15
14 16
15 16
16 18
17 18
18 19
18 20
19 21
21 22
21 25
22 23
22 24
1 0
1 0
1 0
1 0
1 0
1 0
1 0
1 0
1 0
1 0
1 0
1 0
1 0
1 0
1 0
1 0
1 0
1 0
1 0
9 10
0 1
0 2
1 6
2 3
2 4
3 5
4 5
5 6
6 7
6 8
9 10
0 1
0 2
1 6
2 3
2 4
3 5
4 5
5 6
6 7
6 8
1 0
1 0
1 0
1 0
4 4
0 1
0 2
1 3
2 3
4 4
0 1
0 2
1 3
2 3
1 0
3 2
0 1
0 2
3 2
0 1
0 2
1 0
1 0
1 0
13 16
0 1
0 2
1 12
2 3
2 7
3 4
3 5
4 6
5 6
6 8
7 8
8 9
8 10
9 11
10 11
11 12
13 16
0 1
0 2
1 12
2 3
2 7
3 4
3 5
4 6
5 6
6 8
7 8
8 9
8 10
9 11
10 11
11 12
1 0
4 4
0 1
0 2
1 3
2 3
4 4
0 1
0 2
1 3
2 3
1 0
1 0
1 0
3 2
0 1
0 2
3 2
0 1
0 2
1 0
1 0
7 6
0 1
0 2
2 3
2 4
4 5
4 6
7 6
0 1
0 2
2 3
2 4
4 5
4 6
8 8
0 1
0 2
2 3
2 4
3 5
4 5
5 6
5 7
8 8
0 1
0 2
2 3
2 4
3 5
4 5
5 6
5 7
16 18
0 1
0 2
2 3
3 4
3 5
4 11
5 6
5 7
6 8
7 8
8 9
8 10
9 11
10 11
11 12
11 13
13 14
13 15
15 16
0 1
0 2
2 3
3 4
3 5
4 11
5 6
5 7
6 8
7 8
8 9
8 10
9 11
10 12
12 13
12 14
21 24
0 1
0 2
1 3
2 3
3 4
3 10
4 5
4 6
6 7
6 8
7 9
8 9
10 11
10 12
12 13
12 14
13 18
14 15
14 16
15 17
16 17
17 18
18 19
18 20
21 24
0 1
0 2
1 3
2 3
3 4
3 10
4 5
4 6
6 7
6 8
7 9
8 9
10 11
10 12
12 13
12 14
13 18
14 15
14 16
15 17
16 17
17 18
18 19
18 20
13 15
0 1
0 2
1 3
2 3
3 4
3 12
4 5
4 6
5 9
6 7
6 8
7 9
8 9
9 10
9 11
11 11
0 1
0 2
1 3
2 10
3 4
3 5
4 8
5 6
5 7
6 8
7 9
24 29
0 1
0 2
2 3
3 4
3 5
4 6
5 6
6 7
6 15
7 8
7 9
8 12
9 10
9 11
10 12
11 12
12 13
12 14
13 16
14 16
15 16
16 17
16 23
17 18
17 19
18 20
19 20
20 21
20 22
21 23
0 1
0 2
2 3
3 4
3 5
4 6
5 13
6 7
6 8
7 11
8 9
8 10
9 11
10 12
11 14
12 20
13 20
14 15
14 16
15 17
16 17
17 18
17 19
19 22
0 1
0 2
1 12
2 3
2 4
3 11
4 5
4 6
5 10
6 7
6 8
7 9
8 9
9 10
10 11
11 12
12 13
12 14
14 15
14 18
15 16
15 17
19 22
0 1
0 2
1 12
2 3
2 4
3 11
4 5
4 6
5 10
6 7
6 8
7 9
8 9
9 10
10 11
11 12
12 13
12 14
14 15
14 18
15 16
15 17
15 14
0 1
0 2
2 3
2 8
3 4
3 5
5 6
5 7
8 9
8 10
10 11
10 12
12 13
12 14
15 14
0 1
0 2
2 3
2 8
3 4
3 5
5 6
5 7
8 9
8 10
10 11
10 12
12 13
12 14
1 0
3 2
0 1
0 2
3 2
0 1
0 2
1 0
1 0
33 32
0 1
0 2
2 3
2 4
4 5
4 6
6 7
6 8
8 9
8 10
10 11
10 12
12 13
12 14
14 15
14 16
16 17
16 18
18 19
18 20
20 21
20 22
22 23
22 24
24 25
24 26
26 27
26 28
28 29
28 30
30 31
30 32
18 17
0 17
0 1
0 2
0 3
0 4
0 5
0 6
0 7
0 8
0 9
0 10
0 11
0 12
0 13
0 14
0 15
0 16
3 2
0 1
0 2
3 2
0 1
0 2
3 2
0 1
0 2
1 0
1 0
6 6
0 1
0 2
2 3
2 4
3 5
4 5
6 6
0 1
0 2
2 3
2 4
3 5
4 5
1 0
1 0
3 2
0 1
0 2
3 2
0 1
0 2
1 0
1 0
6 6
0 1
0 2
2 3
2 4
3 5
4 5
6 6
0 1
0 2
2 3
2 4
3 5
4 5
1 0
1 0
3 2
0 1
0 2
3 2
0 1
0 2
1 0
1 0
3 2
0 1
0 2
3 2
0 1
0 2
1 0
1 0
7 6
0 1
0 2
2 3
2 4
4 5
4 6
3 2
0 1
0 2
3 2
0 1
0 2
1 0
1 0
13 12
0 1
0 4
1 2
1 3
4 5
4 8
5 6
5 7
8 9
8 10
10 11
10 12
13 12
0 1
0 4
1 2
1 3
4 5
4 8
5 6
5 7
8 9
8 10
10 11
10 12
3 2
0 1
0 2
3 2
0 1
0 2
1 0
1 0
3 2
0 1
0 2
3 2
0 1
0 2
1 0
1 0
6 6
0 1
0 2
2 3
2 4
3 5
4 5
6 6
0 1
0 2
2 3
2 4
3 5
4 5
6 6
0 1
0 2
2 3
2 4
3 5
4 5
6 6
0 1
0 2
2 3
2 4
3 5
4 5
6 6
0 1
0 2
2 3
2 4
3 5
4 5
6 6
0 1
0 2
2 3
2 4
3 5
4 5
1 0
1 0
6 6
0 1
0 2
2 3
2 4
3 5
4 5
6 6
0 1
0 2
2 3
2 4
3 5
4 5
1 0
1 0
3 2
0 1
0 2
3 2
0 1
0 2
1 0
1 0
141 144
0 1
0 2
2 3
2 4
4 5
4 6
6 7
6 8
8 9
8 10
10 11
10 12
12 13
12 14
14 15
14 16
16 17
16 18
18 19
18 20
20 21
20 22
22 23
22 24
24 25
24 26
26 27
26 28
28 29
28 30
30 31
30 32
32 33
32 34
34 35
34 36
36 37
36 38
38 39
38 40
40 41
40 42
42 43
42 44
44 45
44 46
46 47
46 48
48 49
48 50
50 51
50 52
52 53
52 57
53 54
53 55
54 56
55 56
57 58
57 62
58 59
58 60
59 61
60 61
62 63
62 70
63 64
63 65
64 66
65 66
66 67
66 68
67 69
68 69
70 71
70 72
72 73
72 74
74 75
74 76
76 77
76 78
78 79
78 80
80 81
80 82
82 83
82 84
84 85
84 86
86 87
86 88
88 89
88 90
90 91
90 92
92 93
92 94
94 95
94 96
96 97
96 100
97 98
97 99
100 101
100 104
101 102
101 103
104 105
104 108
105 106
105 107
108 109
108 112
109 110
109 111
112 113
112 116
113 114
113 115
116 117
116 118
118 119
118 120
120 121
120 122
122 123
122 124
124 125
124 126
126 127
126 128
128 129
128 130
130 131
130 132
132 133
132 134
134 135
134 136
136 137
136 138
138 139
138 140
141 144
0 1
0 2
2 3
2 4
4 5
4 6
6 7
6 8
8 9
8 10
10 11
10 12
12 13
12 14
14 15
14 16
16 17
16 18
18 19
18 20
20 21
20 22
22 23
22 24
24 25
24 26
26 27
26 28
28 29
28 30
30 31
30 32
32 33
32 34
34 35
34 36
36 37
36 38
38 39
38 40
40 41
40 42
42 43
42 44
44 45
44 46
46 47
46 48
48 49
48 50
50 51
50 52
52 53
52 57
53 54
53 55
54 56
55 56
57 58
57 62
58 59
58 60
59 61
60 61
62 63
62 70
63 64
63 65
64 66
65 66
66 67
66 68
67 69
68 69
70 71
70 72
72 73
72 74
74 75
74 76
76 77
76 78
78 79
78 80
80 81
80 82
82 83
82 84
84 85
84 86
86 87
86 88
88 89
88 90
90 91
90 92
92 93
92 94
94 95
94 96
96 97
96 100
97 98
97 99
100 101
100 104
101 102
101 103
104 105
104 108
105 106
105 107
108 109
108 112
109 110
109 111
112 113
112 116
113 114
113 115
116 117
116 118
118 119
118 120
120 121
120 122
122 123
122 124
124 125
124 126
126 127
126 128
128 129
128 130
130 131
130 132
132 133
132 134
134 135
134 136
136 137
136 138
138 139
138 140
18 20
0 1
0 2
2 3
2 7
3 4
3 5
4 6
5 6
7 8
7 17
8 9
8 10
9 14
10 11
10 12
11 13
12 13
13 14
14 15
14 16
18 20
0 1
0 2
2 3
2 7
3 4
3 5
4 6
5 6
7 8
7 17
8 9
8 10
9 14
10 11
10 12
11 13
12 13
13 14
14 15
14 16
7 6
0 1
0 2
2 3
2 4
4 5
4 6
7 6
0 1
0 2
2 3
2 4
4 5
4 6
9 10
0 1
0 2
2 3
2 6
3 4
3 6
4 5
4 6
6 7
6 8
9 10
0 1
0 2
2 3
2 6
3 4
3 6
4 5
4 6
6 7
6 8
7 6
0 1
0 2
2 3
2 4
4 5
4 6
7 6
0 1
0 2
2 3
2 4
4 5
4 6
3 2
0 1
0 2
57 60
0 1
0 2
2 3
2 4
4 5
4 6
6 7
6 8
8 9
8 12
9 10
9 11
12 13
12 16
13 14
13 15
16 17
16 20
17 18
17 19
20 21
20 24
21 22
21 23
24 25
24 28
25 26
25 27
28 29
28 32
29 30
29 31
32 33
32 36
33 34
33 36
34 35
34 36
36 37
36 40
37 38
37 40
38 39
38 40
40 41
40 42
42 43
42 44
44 45
44 46
46 47
46 48
48 49
48 50
50 51
50 52
52 53
52 54
54 55
54 56
42 45
0 23
0 1
0 2
0 3
0 4
0 5
0 8
0 11
0 14
0 17
0 20
5 6
5 7
8 9
8 10
11 12
11 13
14 15
14 16
17 18
17 19
20 21
20 22
23 24
23 27
24 25
24 27
25 26
25 27
27 28
27 31
28 29
28 31
29 30
29 31
31 32
31 33
33 41
33 37
33 38
33 39
33 40
33 36
33 34
33 35
5 4
0 1
0 4
1 2
1 3
5 4
0 1
0 2
2 3
2 4
5 4
0 1
0 2
2 3
2 4
6 8
0 1
0 5
1 2
1 3
2 4
3 4
4 1
4 5
6 8
0 1
0 5
1 2
1 3
2 4
3 4
4 1
4 5
1 0
1 0
11 12
0 1
0 2
1 6
2 3
2 4
3 5
4 5
5 6
6 7
6 8
8 9
8 10
11 12
0 1
0 2
1 6
2 3
2 4
3 5
4 5
5 6
6 7
6 8
8 9
8 10
13 16
0 1
1 2
1 3
2 7
3 4
3 5
4 6
5 6
6 7
7 8
7 9
8 12
9 10
9 11
10 12
11 12
13 16
0 1
1 2
1 3
2 7
3 4
3 5
4 6
5 6
6 7
7 8
7 9
8 12
9 10
9 11
10 12
11 12
1 0
1 0
3 2
0 1
0 2
3 2
0 1
0 2
3 2
0 1
0 2
3 2
0 1
0 2
3 2
0 1
0 2
3 2
0 1
0 2
5 4
0 1
0 4
1 2
1 3
5 4
0 1
0 4
1 2
1 3
1 0
15 16
0 1
0 14
1 2
1 13
2 3
2 4
3 5
4 5
5 6
5 12
6 7
6 8
7 9
8 9
9 10
9 11
13 12
0 1
0 12
1 2
1 11
2 3
2 4
3 5
4 10
5 6
5 7
6 8
7 9
1 0
1 0
26 28
0 1
0 2
1 6
2 3
2 4
3 5
4 5
5 6
6 7
6 8
8 9
8 10
10 11
10 25
11 12
11 13
12 14
13 14
14 15
14 16
16 17
16 24
17 18
17 19
19 20
19 21
21 22
21 23
26 28
0 1
0 2
1 6
2 3
2 4
3 5
4 5
5 6
6 7
6 8
8 9
8 10
10 11
10 25
11 12
11 13
12 14
13 14
14 15
14 16
16 17
16 24
17 18
17 19
19 20
19 21
21 22
21 23
1 0
1 0
1 0
3 2
0 1
0 2
3 2
0 1
0 2
7 6
0 1
0 2
2 3
2 4
4 5
4 6
3 2
0 1
0 2
3 2
0 1
0 2
3 2
0 1
0 2
29 34
0 1
0 2
2 3
2 28
3 4
3 5
4 9
5 6
5 7
6 8
7 8
8 9
9 10
9 11
11 12
11 13
12 17
13 14
13 15
14 16
15 16
16 17
17 18
17 19
19 20
19 21
20 25
21 22
21 23
22 24
23 24
24 25
25 26
25 27
29 34
0 1
0 2
2 3
2 28
3 4
3 5
4 9
5 6
5 7
6 8
7 8
8 9
9 10
9 11
11 12
11 13
12 17
13 14
13 15
14 16
15 16
16 17
17 18
17 19
19 20
19 21
20 25
21 22
21 23
22 24
23 24
24 25
25 26
25 27
5 4
0 1
0 2
2 3
2 4
5 4
0 1
0 2
2 3
2 4
3 2
0 1
0 2
3 2
0 1
0 2
3 2
0 1
0 2
3 2
0 1
0 2
1 0
1 0
13 14
0 1
0 2
2 3
3 4
3 5
4 8
5 6
5 7
6 8
7 8
8 9
8 10
10 11
10 12
12 12
0 1
0 2
2 3
3 4
3 5
4 8
5 6
5 7
6 8
7 9
9 10
9 11
1 0
1 0
13 14
0 1
0 2
2 3
3 4
3 5
4 8
5 6
5 7
6 8
7 8
8 9
8 10
10 11
10 12
12 12
0 1
0 2
2 3
3 4
3 5
4 8
5 6
5 7
6 8
7 9
9 10
9 11
1 0
1 0
7 6
0 1
0 2
2 3
2 4
4 5
4 6
7 6
0 1
0 2
2 3
2 4
4 5
4 6
1 0
1 0
7 8
0 1
0 2
1 6
2 3
2 4
3 5
4 5
5 6
7 8
0 1
0 2
1 6
2 3
2 4
3 5
4 5
5 6
25 32
0 1
0 2
1 6
2 3
2 4
3 5
4 5
5 6
6 7
6 8
7 12
8 9
8 10
9 11
10 11
11 12
12 13
12 14
13 18
14 15
14 16
15 17
16 17
17 18
18 19
18 20
19 24
20 21
20 22
21 23
22 23
23 24
25 32
0 1
0 2
1 6
2 3
2 4
3 5
4 5
5 6
6 7
6 8
7 12
8 9
8 10
9 11
10 11
11 12
12 13
12 14
13 18
14 15
14 16
15 17
16 17
17 18
18 19
18 20
19 24
20 21
20 22
21 23
22 23
23 24
90 106
0 1
0 7
1 2
1 7
2 3
3 4
3 5
4 6
5 6
7 8
7 9
9 10
9 15
10 11
11 12
11 13
12 14
13 14
15 16
15 17
17 18
17 29
18 19
19 20
19 21
20 22
21 22
22 23
22 24
23 28
24 25
24 26
25 27
26 27
27 28
29 30
29 41
30 31
31 32
31 33
32 34
33 34
34 35
34 36
35 40
36 37
36 38
37 39
38 39
39 40
41 42
41 53
42 43
43 44
43 45
44 46
45 46
46 47
46 48
47 52
48 49
48 50
49 51
50 51
51 52
53 54
53 65
54 55
55 56
55 57
56 58
57 58
58 59
58 60
59 64
60 61
60 62
61 63
62 63
63 64
65 66
65 73
66 67
67 68
67 69
68 72
69 70
69 71
70 72
71 72
73 74
73 75
75 76
75 77
77 78
77 79
79 80
79 81
81 82
81 83
83 84
83 85
85 86
85 87
87 88
87 89
86 98
0 1
0 7
1 2
1 7
2 3
3 4
3 5
4 6
5 6
7 8
7 9
9 10
9 15
10 11
11 12
11 13
12 14
13 14
15 16
15 17
17 18
17 28
18 19
19 20
19 21
20 22
21 23
22 27
23 24
23 25
24 26
25 26
26 27
28 29
28 39
29 30
30 31
30 32
31 33
32 34
33 38
34 35
34 36
35 37
36 37
37 38
39 40
39 50
40 41
41 42
41 43
42 44
43 45
44 49
45 46
45 47
46 48
47 48
48 49
50 51
50 61
51 52
52 53
52 54
53 55
54 56
55 60
56 57
56 58
57 59
58 59
59 60
61 62
61 69
62 63
63 64
63 65
64 68
65 66
65 67
66 68
67 68
69 70
69 71
71 72
71 73
73 74
73 75
75 76
75 77
77 78
77 79
79 80
79 81
81 82
81 83
83 84
83 85
11 13
0 1
0 2
1 10
2 3
3 4
3 5
4 6
5 6
6 7
6 8
7 9
8 9
9 10
10 11
0 1
0 2
1 9
2 3
3 4
3 5
4 7
5 6
6 8
7 8
8 9
7 6
0 1
0 2
2 3
2 4
4 5
4 6
7 6
0 1
0 2
2 3
2 4
4 5
4 6
1 0
1 0
1 0
5 4
0 1
0 4
1 2
1 3
5 4
0 1
0 4
1 2
1 3
3 2
0 1
0 2
3 2
0 1
0 2
3 2
0 1
0 2
3 2
0 1
0 2
3 2
0 1
0 2
3 2
0 1
0 2
3 2
0 1
0 2
3 2
0 1
0 2
3 2
0 1
0 2
3 2
0 1
0 2
82 92
0 1
0 2
2 3
2 16
3 4
3 5
4 9
5 6
5 7
6 8
7 8
8 9
9 10
9 11
11 12
11 15
12 13
12 14
16 17
16 55
17 18
17 55
18 19
18 22
19 20
19 21
22 23
22 54
23 24
23 34
24 25
24 26
25 30
26 27
26 28
27 29
28 29
29 30
30 31
30 32
31 33
32 33
33 35
34 35
35 36
35 37
36 38
37 38
38 39
38 40
39 41
40 41
41 42
41 43
42 44
43 44
44 45
44 53
45 46
45 47
46 48
47 48
48 49
48 52
49 50
49 51
55 56
55 61
56 57
56 60
57 58
57 59
61 62
61 67
62 63
62 66
63 64
63 65
67 68
67 73
68 69
68 72
69 70
69 71
73 74
73 79
74 75
74 78
75 76
75 77
79 80
79 81
79 89
0 1
0 2
2 3
2 16
3 4
3 5
4 9
5 6
5 7
6 8
7 8
8 9
9 10
9 11
11 12
11 15
12 13
12 14
16 17
16 55
17 18
17 55
18 19
18 22
19 20
19 21
22 23
22 54
23 24
23 34
24 25
24 26
25 30
26 27
26 28
27 29
28 29
29 30
30 31
30 32
31 33
32 33
33 35
34 35
35 36
35 37
36 38
37 38
38 39
38 40
39 41
40 41
41 42
41 43
42 44
43 44
44 45
44 53
45 46
45 47
46 48
47 48
48 49
48 52
49 50
49 51
55 76
55 56
55 61
55 66
55 71
56 57
56 60
57 58
57 59
61 62
61 65
62 63
62 64
66 67
66 70
67 68
67 69
71 72
71 75
72 73
72 74
76 77
76 78
1 0
1 0
1 0
1 0
1 0
33 42
0 1
0 2
1 6
2 3
2 4
3 5
4 5
5 6
6 7
6 8
7 15
8 9
8 13
9 10
9 11
10 12
11 12
12 14
13 14
14 15
15 16
15 30
16 17
16 28
17 18
17 19
18 27
19 20
19 25
20 21
21 22
21 23
22 24
23 24
24 26
25 26
26 27
27 29
28 29
29 31
30 31
31 32
33 42
0 1
0 2
1 6
2 3
2 4
3 5
4 5
5 6
6 7
6 8
7 15
8 9
8 13
9 10
9 11
10 12
11 12
12 14
13 14
14 15
15 16
15 30
16 17
16 28
17 18
17 19
18 27
19 20
19 25
20 21
21 22
21 23
22 24
23 24
24 26
25 26
26 27
27 29
28 29
29 31
30 31
31 32
1 0
1 0
1 0
1 0
1 0
1 0
1 0
1 0
1 0
1 0
1 0
1 0
1 0
15 20
0 1
0 14
1 2
1 3
2 13
3 4
3 5
4 12
5 6
5 10
6 7
6 8
7 9
8 9
9 11
10 11
11 12
12 13
13 1
13 14
15 20
0 1
0 14
1 2
1 3
2 13
3 4
3 5
4 12
5 6
5 10
6 7
6 8
7 9
8 9
9 11
10 11
11 12
12 13
13 1
13 14
1 0
1 0
9 10
0 1
0 2
1 3
2 3
3 4
3 5
4 6
5 6
6 7
6 8
9 10
0 1
0 2
1 3
2 3
3 4
3 5
4 6
5 6
6 7
6 8
6 6
0 1
0 5
1 2
1 3
2 4
3 4
6 6
0 1
0 5
1 2
1 3
2 4
3 4
6 6
0 1
0 5
1 2
1 3
2 4
3 4
6 6
0 1
0 5
1 2
1 3
2 4
3 4
3 2
0 1
0 2
3 2
0 1
0 2
3 2
0 1
0 2
3 2
0 1
0 2
3 2
0 1
0 2
3 2
0 1
0 2
15 17
0 1
0 14
1 2
2 3
2 4
3 5
4 5
5 6
5 10
6 7
6 8
7 9
8 9
9 11
10 11
11 12
11 13
14 15
0 1
0 13
1 2
2 3
2 4
3 5
4 9
5 6
5 7
6 8
7 8
8 10
9 10
10 11
10 12
15 17
0 1
0 14
1 2
2 3
2 4
3 5
4 5
5 6
5 10
6 7
6 8
7 9
8 9
9 11
10 11
11 12
11 13
14 15
0 1
0 13
1 2
2 3
2 4
3 5
4 9
5 6
5 7
6 8
7 8
8 10
9 10
10 11
10 12
7 8
0 1
0 5
1 2
1 3
2 4
3 4
4 6
5 6
7 8
0 1
0 5
1 2
1 3
2 4
3 4
4 6
5 6
7 8
0 1
0 5
1 2
1 3
2 4
3 4
4 6
5 6
7 8
0 1
0 5
1 2
1 3
2 4
3 4
4 6
5 6
24 28
0 1
0 8
1 2
1 6
2 3
2 4
3 5
4 5
5 7
6 7
7 9
8 9
9 10
9 23
10 11
10 12
12 13
12 14
13 18
14 15
14 16
15 17
16 17
17 18
18 19
18 22
19 20
19 21
24 28
0 1
0 8
1 2
1 6
2 3
2 4
3 5
4 5
5 7
6 7
7 9
8 9
9 10
9 23
10 11
10 12
12 13
12 14
13 18
14 15
14 16
15 17
16 17
17 18
18 19
18 22
19 20
19 21
24 28
0 1
0 8
1 2
1 6
2 3
2 4
3 5
4 5
5 7
6 7
7 9
8 9
9 10
9 23
10 11
10 12
12 13
12 14
13 18
14 15
14 16
15 17
16 17
17 18
18 19
18 22
19 20
19 21
24 28
0 1
0 8
1 2
1 6
2 3
2 4
3 5
4 5
5 7
6 7
7 9
8 9
9 10
9 23
10 11
10 12
12 13
12 14
13 18
14 15
14 16
15 17
16 17
17 18
18 19
18 22
19 20
19 21
3 2
0 1
0 2
3 2
0 1
0 2
3 2
0 1
0 2
3 2
0 1
0 2
11 12
0 1
0 5
1 2
1 3
2 4
3 4
4 6
5 6
6 7
6 10
7 8
7 9
11 12
0 1
0 5
1 2
1 3
2 4
3 4
4 6
5 6
6 7
6 10
7 8
7 9
11 12
0 1
0 5
1 2
1 3
2 4
3 4
4 6
5 6
6 7
6 10
7 8
7 9
11 12
0 1
0 5
1 2
1 3
2 4
3 4
4 6
5 6
6 7
6 10
7 8
7 9
3 2
0 1
0 2
3 2
0 1
0 2
3 2
0 1
0 2
3 2
0 1
0 2
5 5
0 1
1 2
1 3
2 4
3 4
5 5
0 1
1 2
1 3
2 4
3 4
1 0
1 0
1 0
1 0
1 0
1 0
6 6
0 1
0 5
1 2
1 3
2 4
3 4
6 6
0 1
0 5
1 2
1 3
2 4
3 4
1 0
1 0
1 0
1 0
1 0
1 0
15 18
0 1
0 2
1 3
2 3
3 4
4 5
4 9
5 6
5 7
6 8
7 8
8 10
9 10
10 11
10 12
11 13
12 13
13 14
15 18
0 1
0 2
1 3
2 3
3 4
4 5
4 9
5 6
5 7
6 8
7 8
8 10
9 10
10 11
10 12
11 13
12 13
13 14
1 0
29 33
0 1
1 2
1 3
2 4
3 4
4 5
4 6
6 7
6 11
7 8
7 9
8 10
9 10
10 12
11 12
12 13
12 14
14 15
14 21
15 16
15 17
16 18
17 18
18 19
18 20
21 22
21 28
22 23
22 24
23 25
24 25
25 26
25 27
29 33
0 1
1 2
1 3
2 4
3 4
4 5
4 6
6 7
6 11
7 8
7 9
8 10
9 10
10 12
11 12
12 13
12 14
14 15
14 21
15 16
15 17
16 18
17 18
18 19
18 20
21 22
21 28
22 23
22 24
23 25
24 25
25 26
25 27
1 0
1 0
38 45
0 1
1 2
1 3
2 4
3 4
4 5
4 6
6 7
6 11
7 8
7 9
8 10
9 10
10 12
11 12
12 13
12 14
14 15
14 16
15 23
16 17
16 18
17 22
18 19
18 20
19 21
20 21
21 22
22 23
23 24
23 30
24 25
24 26
25 27
26 27
27 28
27 29
30 31
30 37
31 32
31 33
32 34
33 34
34 35
34 36
38 45
0 1
1 2
1 3
2 4
3 4
4 5
4 6
6 7
6 11
7 8
7 9
8 10
9 10
10 12
11 12
12 13
12 14
14 15
14 16
15 23
16 17
16 18
17 22
18 19
18 20
19 21
20 21
21 22
22 23
23 24
23 30
24 25
24 26
25 27
26 27
27 28
27 29
30 31
30 37
31 32
31 33
32 34
33 34
34 35
34 36
4 4
0 1
0 2
1 3
2 3
4 4
0 1
0 2
1 3
2 3
1 0
1 0
1 0
1 0
31 30
0 1
0 2
2 3
2 4
4 5
4 6
6 7
6 8
8 9
8 10
10 11
10 12
12 13
12 14
14 15
14 16
16 17
16 18
18 19
18 20
20 21
20 22
22 23
22 24
24 25
24 26
26 27
26 28
28 29
28 30
31 30
0 1
0 2
2 3
2 4
4 5
4 6
6 7
6 8
8 9
8 10
10 11
10 12
12 13
12 14
14 15
14 16
16 17
16 18
18 19
18 20
20 21
20 22
22 23
22 24
24 25
24 26
26 27
26 28
28 29
28 30
1 0
1 0
53 62
0 1
0 5
1 2
1 3
2 4
3 4
4 6
5 6
6 7
6 8
7 30
8 9
8 13
9 10
9 11
10 12
11 12
12 14
13 14
14 15
14 16
15 29
16 17
16 21
17 18
17 19
18 20
19 20
20 22
21 22
22 23
22 24
23 28
24 25
24 26
25 27
26 27
27 28
28 29
29 30
30 31
30 32
32 33
32 34
34 35
34 36
36 37
36 38
38 39
38 40
40 41
40 42
42 43
42 44
44 45
44 46
46 47
46 48
48 49
48 50
50 51
50 52
53 62
0 1
0 5
1 2
1 3
2 4
3 4
4 6
5 6
6 7
6 8
7 30
8 9
8 13
9 10
9 11
10 12
11 12
12 14
13 14
14 15
14 16
15 29
16 17
16 21
17 18
17 19
18 20
19 20
20 22
21 22
22 23
22 24
23 28
24 25
24 26
25 27
26 27
27 28
28 29
29 30
30 31
30 32
32 33
32 34
34 35
34 36
36 37
36 38
38 39
38 40
40 41
40 42
42 43
42 44
44 45
44 46
46 47
46 48
48 49
48 50
50 51
50 52
34 45
0 1
1 2
1 33
2 3
3 4
3 19
4 5
4 18
5 6
5 17
6 7
6 16
7 8
7 9
8 13
9 10
9 11
10 12
11 12
12 13
13 14
13 15
14 20
15 20
16 20
17 20
18 20
19 20
20 21
20 22
21 32
22 23
22 27
23 24
23 25
24 26
25 26
26 31
27 28
27 29
28 30
29 30
30 31
31 32
32 1
34 45
0 1
1 2
1 33
2 3
3 4
3 19
4 5
4 18
5 6
5 17
6 7
6 16
7 8
7 9
8 13
9 10
9 11
10 12
11 12
12 13
13 14
13 15
14 20
15 20
16 20
17 20
18 20
19 20
20 21
20 22
21 32
22 23
22 27
23 24
23 25
24 26
25 26
26 31
27 28
27 29
28 30
29 30
30 31
31 32
32 1
9 8
0 1
0 2
2 3
2 4
4 5
4 6
6 7
6 8
9 8
0 1
0 2
2 3
2 4
4 5
4 6
6 7
6 8
17 18
0 1
0 16
1 2
1 15
2 3
2 14
3 4
3 13
4 5
4 6
5 10
6 7
6 8
7 9
8 9
9 10
10 11
10 12
17 18
0 1
0 16
1 2
1 15
2 3
2 14
3 4
3 13
4 5
4 6
5 10
6 7
6 8
7 9
8 9
9 10
10 11
10 12
3 2
0 1
0 2
3 2
0 1
0 2
3 2
0 1
0 2
9 10
0 1
0 5
1 2
1 3
2 4
3 4
4 6
5 6
6 7
6 8
9 10
0 1
0 5
1 2
1 3
2 4
3 4
4 6
5 6
6 7
6 8
9 10
0 1
0 5
1 2
1 3
2 4
3 4
4 6
5 6
6 7
6 8
9 10
0 1
0 5
1 2
1 3
2 4
3 4
4 6
5 6
6 7
6 8
5 4
0 1
0 4
1 2
1 3
5 4
0 1
0 4
1 2
1 3
1 0
5 4
0 1
0 4
1 2
1 3
5 4
0 1
0 4
1 2
1 3
13 14
0 1
0 4
1 2
1 3
4 5
5 6
5 9
6 7
6 8
7 10
8 10
9 10
10 11
10 12
12 12
0 1
0 4
1 2
1 3
4 5
5 6
5 9
6 7
6 8
7 10
8 11
9 11
1 0
1 0
24 30
0 1
1 2
1 6
2 3
2 4
3 5
4 5
5 7
6 7
7 8
7 21
8 9
8 16
9 10
9 14
10 11
10 12
11 13
12 13
13 15
14 15
15 17
16 17
17 18
17 19
18 20
19 20
20 1
21 22
21 23
24 30
0 1
1 2
1 6
2 3
2 4
3 5
4 5
5 7
6 7
7 8
7 21
8 9
8 16
9 10
9 14
10 11
10 12
11 13
12 13
13 15
14 15
15 17
16 17
17 18
17 19
18 20
19 20
20 1
21 22
21 23
8 8
0 1
0 2
1 3
2 3
3 4
3 5
5 6
5 7
8 8
0 1
0 2
1 3
2 3
3 4
3 5
5 6
5 7
3 2
0 1
0 2
3 2
0 1
0 2
5 4
0 1
0 2
2 3
2 4
1 0
1 0
4 4
0 1
0 2
2 3
3 0
4 4
0 1
0 2
2 3
3 0
1 0
18 21
0 1
0 2
2 3
2 4
4 5
4 6
6 7
6 8
7 12
8 9
8 10
9 11
10 11
11 12
12 13
12 17
13 14
13 15
14 16
14 15
15 16
17 18
0 1
0 2
2 3
2 4
4 5
4 6
6 7
6 8
7 12
8 9
8 10
9 11
10 11
11 12
12 13
12 16
13 14
14 15
3 2
0 1
0 2
3 2
0 1
0 2
1 0
1 0
6 6
0 1
0 2
2 3
2 4
3 5
4 5
6 6
0 1
0 2
2 3
2 4
3 5
4 5
1 0
1 0
7 8
0 1
0 2
1 3
2 3
3 4
3 5
4 6
5 6
7 8
0 1
0 2
1 3
2 3
3 4
3 5
4 6
5 6
1 0
1 0
11 10
0 1
0 2
2 3
2 4
4 5
4 6
6 7
6 10
7 8
7 9
11 10
0 1
0 2
2 3
2 4
4 5
4 6
6 7
6 10
7 8
7 9
3 2
0 1
0 2
3 2
0 1
0 2
3 2
0 1
0 2
5 4
0 1
0 2
2 3
2 4
5 4
0 1
0 2
2 3
2 4
14 17
0 1
1 2
1 13
2 3
2 4
3 12
4 5
4 6
5 8
6 7
7 8
8 9
8 10
9 11
10 11
11 12
12 1
14 17
0 1
1 2
1 13
2 3
2 4
3 12
4 5
4 6
5 8
6 7
7 8
8 9
8 10
9 11
10 11
11 12
12 1
1 0
13 14
0 1
0 2
2 3
2 4
3 5
4 5
5 6
5 7
6 8
7 8
8 9
8 12
9 10
9 11
13 14
0 1
0 2
2 3
2 4
3 5
4 5
5 6
5 7
6 8
7 8
8 9
8 12
9 10
9 11
5 4
0 1
0 2
2 3
2 4
5 4
0 1
0 2
2 3
2 4
7 6
0 1
0 2
2 3
2 4
4 5
4 6
7 6
0 1
0 2
2 3
2 4
4 5
4 6
6 6
0 1
0 2
1 3
2 3
3 4
3 5
6 6
0 1
0 2
1 3
2 3
3 4
3 5
6 6
0 1
0 2
1 3
2 3
3 4
3 5
6 6
0 1
0 2
1 3
2 3
3 4
3 5
80 92
0 1
0 2
2 3
2 53
3 4
3 53
4 5
4 8
5 6
5 7
8 9
8 52
9 10
9 14
10 11
10 12
11 13
12 13
13 15
14 15
15 16
15 26
16 17
16 18
17 22
18 19
18 20
19 21
20 21
21 22
22 23
22 24
23 25
24 25
25 27
26 27
27 28
27 29
28 30
29 30
30 31
30 32
31 33
32 33
33 34
33 35
34 42
35 36
35 37
36 41
37 38
37 39
38 40
39 40
40 41
41 42
42 43
42 51
43 44
43 45
44 46
45 46
46 47
46 50
47 48
47 49
53 54
53 59
54 55
54 58
55 56
55 57
59 60
59 65
60 61
60 64
61 62
61 63
65 66
65 71
66 67
66 70
67 68
67 69
71 72
71 77
72 73
72 76
73 74
73 75
77 78
77 79
77 89
0 1
0 2
2 3
2 53
3 4
3 53
4 5
4 8
5 6
5 7
8 9
8 52
9 10
9 14
10 11
10 12
11 13
12 13
13 15
14 15
15 16
15 26
16 17
16 18
17 22
18 19
18 20
19 21
20 21
21 22
22 23
22 24
23 25
24 25
25 27
26 27
27 28
27 29
28 30
29 30
30 31
30 32
31 33
32 33
33 34
33 35
34 42
35 36
35 37
36 41
37 38
37 39
38 40
39 40
40 41
41 42
42 43
42 51
43 44
43 45
44 46
45 46
46 47
46 50
47 48
47 49
53 74
53 54
53 59
53 64
53 69
54 55
54 58
55 56
55 57
59 60
59 63
60 61
60 62
64 65
64 68
65 66
65 67
69 70
69 73
70 71
70 72
74 75
74 76
33 42
0 1
0 2
1 6
2 3
2 4
3 5
4 5
5 6
6 7
6 8
7 15
8 9
8 13
9 10
9 11
10 12
11 12
12 14
13 14
14 15
15 16
15 30
16 17
16 28
17 18
17 19
18 27
19 20
19 25
20 21
21 22
21 23
22 24
23 24
24 26
25 26
26 27
27 29
28 29
29 31
30 31
31 32
33 42
0 1
0 2
1 6
2 3
2 4
3 5
4 5
5 6
6 7
6 8
7 15
8 9
8 13
9 10
9 11
10 12
11 12
12 14
13 14
14 15
15 16
15 30
16 17
16 28
17 18
17 19
18 27
19 20
19 25
20 21
21 22
21 23
22 24
23 24
24 26
25 26
26 27
27 29
28 29
29 31
30 31
31 32
1 0
24 28
0 1
0 2
1 9
2 3
2 4
3 8
4 5
4 6
5 7
6 7
7 8
8 9
9 10
9 16
10 11
10 12
11 13
12 13
13 14
13 15
16 17
16 23
17 18
17 19
18 20
19 20
20 21
20 22
24 28
0 1
0 2
1 9
2 3
2 4
3 8
4 5
4 6
5 7
6 7
7 8
8 9
9 10
9 16
10 11
10 12
11 13
12 13
13 14
13 15
16 17
16 23
17 18
17 19
18 20
19 20
20 21
20 22
1 0
1 0
1 0
1 0
1 0
1 0
1 0
1 0
3 2
0 1
0 2
3 2
0 1
0 2
5 4
0 1
0 2
2 3
2 4
5 4
0 1
0 2
2 3
2 4
1 0
13 12
0 1
0 8
1 2
1 7
2 3
2 6
3 4
3 5
8 9
8 12
9 10
9 11
13 12
0 1
0 8
1 2
1 7
2 3
2 6
3 4
3 5
8 9
8 12
9 10
9 11
3 2
0 1
0 2
3 2
0 1
0 2
9 10
0 1
0 2
2 3
2 7
3 4
3 5
4 6
5 6
6 8
7 8
9 10
0 1
0 2
2 3
2 7
3 4
3 5
4 6
5 6
6 8
7 8
13 16
0 1
0 12
1 2
1 12
2 3
2 12
3 4
3 12
4 5
4 11
5 6
5 11
6 7
6 10
7 8
7 9
13 16
0 1
0 12
1 2
1 12
2 3
2 12
3 4
3 12
4 5
4 11
5 6
5 11
6 7
6 10
7 8
7 9
24 28
0 1
0 23
1 2
1 23
2 3
2 23
3 4
3 22
4 5
4 21
5 6
5 20
6 7
6 8
7 9
8 9
9 10
9 19
10 11
10 18
11 12
11 14
12 13
12 14
13 15
14 15
15 16
15 17
24 28
0 1
0 23
1 2
1 23
2 3
2 23
3 4
3 22
4 5
4 21
5 6
5 20
6 7
6 8
7 9
8 9
9 10
9 19
10 11
10 18
11 12
11 14
12 13
12 14
13 15
14 15
15 16
15 17
17 20
0 1
0 16
1 2
1 16
2 3
2 16
3 4
3 16
4 5
4 15
5 6
5 14
6 7
6 8
7 9
8 9
9 10
9 13
10 11
10 12
16 18
0 1
0 15
1 2
1 15
2 3
2 15
3 4
3 15
4 5
4 14
5 6
5 13
6 7
6 8
7 9
8 12
9 10
9 11
15 14
0 1
0 14
1 2
1 13
2 3
2 12
3 4
3 11
4 5
4 10
5 6
5 9
6 7
6 8
15 14
0 1
0 14
1 2
1 13
2 3
2 12
3 4
3 11
4 5
4 10
5 6
5 9
6 7
6 8
33 43
0 1
0 32
1 2
1 32
2 3
2 32
3 4
3 32
4 5
4 31
5 6
5 30
6 7
6 8
7 9
8 9
9 10
9 29
10 11
11 12
11 25
12 13
12 24
13 14
13 23
14 15
14 22
15 16
15 21
16 17
16 20
17 18
17 19
18 26
19 26
20 26
21 26
22 26
23 26
24 26
25 26
26 27
26 28
31 39
0 1
0 30
1 2
1 30
2 3
2 30
3 4
3 30
4 5
4 29
5 6
5 28
6 7
6 8
7 9
8 27
9 10
10 11
10 24
11 12
11 23
12 13
12 22
13 14
13 21
14 15
14 20
15 16
15 19
16 17
16 18
17 25
18 26
19 26
20 26
21 26
22 26
23 26
24 26
4 5
0 1
0 2
1 3
1 2
2 3
3 2
0 1
1 2
16 20
0 1
0 2
2 3
2 15
3 4
3 15
4 5
4 15
5 6
5 15
6 7
6 11
7 8
7 9
8 10
9 10
10 12
11 12
12 13
12 14
16 20
0 1
0 2
2 3
2 15
3 4
3 15
4 5
4 15
5 6
5 15
6 7
6 11
7 8
7 9
8 10
9 10
10 12
11 12
12 13
12 14
33 40
0 1
0 32
1 2
1 32
2 3
2 31
3 4
3 31
4 5
4 30
5 6
5 30
6 7
6 29
7 8
7 29
8 9
8 29
9 10
9 29
10 11
10 29
11 12
11 28
12 13
12 28
13 14
13 27
14 15
14 26
15 16
15 25
16 17
16 24
17 18
17 23
18 19
18 22
19 20
19 21
33 40
0 1
0 32
1 2
1 32
2 3
2 31
3 4
3 31
4 5
4 30
5 6
5 30
6 7
6 29
7 8
7 29
8 9
8 29
9 10
9 29
10 11
10 29
11 12
11 28
12 13
12 28
13 14
13 27
14 15
14 26
15 16
15 25
16 17
16 24
17 18
17 23
18 19
18 22
19 20
19 21
7 6
0 1
0 6
1 2
1 5
2 3
2 4
7 6
0 1
0 6
1 2
1 5
2 3
2 4
5 4
0 1
0 2
2 3
2 4
5 4
0 1
0 2
2 3
2 4
13 14
0 1
0 2
2 3
3 4
3 5
4 8
5 6
5 7
6 8
7 8
8 9
8 12
9 10
9 11
12 12
0 1
0 2
2 3
3 4
3 5
4 8
5 6
5 7
6 8
7 11
8 9
8 10
1 0
1 0
3 2
0 1
0 2
7 6
0 1
0 2
2 3
2 4
4 5
4 6
7 6
0 1
0 2
2 3
2 4
4 5
4 6
21 20
0 1
0 2
2 3
2 4
4 5
4 6
6 7
6 8
8 9
8 10
10 11
10 12
12 13
12 14
14 15
14 16
16 17
16 18
18 19
18 20
21 20
0 1
0 2
2 3
2 4
4 5
4 6
6 7
6 8
8 9
8 10
10 11
10 12
12 13
12 14
14 15
14 16
16 17
16 18
18 19
18 20
7 6
0 1
0 2
2 3
2 4
4 5
4 6
7 6
0 1
0 2
2 3
2 4
4 5
4 6
3 2
0 1
0 2
3 2
0 1
0 2
3 2
0 1
0 2
3 2
0 1
0 2
6 6
0 1
0 2
2 3
2 4
3 5
4 5
6 6
0 1
0 2
2 3
2 4
3 5
4 5
17 20
0 1
0 2
2 3
2 13
3 4
3 11
4 5
4 9
5 6
5 7
6 8
7 8
8 10
9 10
10 12
11 12
12 14
13 14
14 15
14 16
17 20
0 1
0 2
2 3
2 13
3 4
3 11
4 5
4 9
5 6
5 7
6 8
7 8
8 10
9 10
10 12
11 12
12 14
13 14
14 15
14 16
6 6
0 1
0 2
2 3
2 4
3 5
4 5
6 6
0 1
0 2
2 3
2 4
3 5
4 5
11 12
0 1
0 2
2 3
2 7
3 4
3 5
4 6
5 6
6 8
7 8
8 9
8 10
11 12
0 1
0 2
2 3
2 7
3 4
3 5
4 6
5 6
6 8
7 8
8 9
8 10
11 12
0 1
0 2
2 3
2 7
3 4
3 5
4 6
5 6
6 8
7 8
8 9
8 10
11 12
0 1
0 2
2 3
2 7
3 4
3 5
4 6
5 6
6 8
7 8
8 9
8 10
11 12
0 1
0 2
2 3
2 7
3 4
3 5
4 6
5 6
6 8
7 8
8 9
8 10
11 12
0 1
0 2
2 3
2 7
3 4
3 5
4 6
5 6
6 8
7 8
8 9
8 10
11 12
0 1
0 2
2 3
2 7
3 4
3 5
4 6
5 6
6 8
7 8
8 9
8 10
11 12
0 1
0 2
2 3
2 7
3 4
3 5
4 6
5 6
6 8
7 8
8 9
8 10
11 12
0 1
0 2
2 3
2 7
3 4
3 5
4 6
5 6
6 8
7 8
8 9
8 10
11 12
0 1
0 2
2 3
2 7
3 4
3 5
4 6
5 6
6 8
7 8
8 9
8 10
20 25
0 1
0 2
2 3
2 15
3 4
4 5
4 6
5 11
6 7
6 8
7 11
8 9
8 10
9 11
10 11
11 12
11 13
12 14
13 14
14 16
15 16
16 17
16 18
17 19
18 19
20 25
0 1
0 2
2 3
2 15
3 4
4 5
4 6
5 11
6 7
6 8
7 11
8 9
8 10
9 11
10 11
11 12
11 13
12 14
13 14
14 16
15 16
16 17
16 18
17 19
18 19
1 0
69 73
0 1
0 68
1 2
1 67
2 3
2 66
3 4
3 65
4 5
4 64
5 6
5 63
6 7
6 62
7 8
7 61
8 9
8 60
9 10
9 59
10 11
10 58
11 12
11 57
12 13
12 56
13 14
13 55
14 15
14 54
15 16
15 53
16 17
16 52
17 18
17 51
18 19
18 50
19 20
19 49
20 21
20 48
21 22
21 47
22 23
22 46
23 24
23 45
24 25
24 44
25 26
25 43
26 27
26 42
27 28
28 29
28 30
29 39
30 31
30 32
31 39
32 33
32 34
33 39
34 35
34 36
35 39
36 37
36 38
37 39
38 39
39 40
39 41
68 71
0 1
0 67
1 2
1 66
2 3
2 65
3 4
3 64
4 5
4 63
5 6
5 62
6 7
6 61
7 8
7 60
8 9
8 59
9 10
9 58
10 11
10 57
11 12
11 56
12 13
12 55
13 14
13 54
14 15
14 53
15 16
15 52
16 17
16 51
17 18
17 50
18 19
18 49
19 20
19 48
20 21
20 47
21 22
21 46
22 23
22 45
23 24
23 44
24 25
24 43
25 26
25 42
26 27
26 41
27 28
28 29
28 30
29 39
30 31
30 32
31 39
32 33
32 34
33 39
34 35
34 36
35 39
36 37
36 38
37 39
38 40
16 20
0 1
1 2
1 6
2 3
2 4
3 5
4 5
5 7
6 7
7 8
7 15
8 9
8 13
9 10
9 11
10 12
11 12
12 14
13 14
14 1
16 20
0 1
1 2
1 6
2 3
2 4
3 5
4 5
5 7
6 7
7 8
7 15
8 9
8 13
9 10
9 11
10 12
11 12
12 14
13 14
14 1
7 6
0 1
0 6
1 2
1 3
3 4
3 5
7 6
0 1
0 6
1 2
1 3
3 4
3 5
5 4
0 1
0 4
1 2
1 3
5 4
0 1
0 4
1 2
1 3
9 8
0 1
0 8
1 2
1 7
2 3
2 6
3 4
3 5
9 8
0 1
0 8
1 2
1 7
2 3
2 6
3 4
3 5
1 0
17 19
0 1
0 16
1 2
1 15
2 3
3 4
3 9
4 5
4 8
5 6
5 7
6 10
7 10
8 10
9 10
10 11
10 14
11 12
11 13
16 17
0 1
0 15
1 2
1 14
2 3
3 4
3 9
4 5
4 8
5 6
5 7
6 10
7 13
8 13
9 13
10 11
10 12
9 8
0 1
0 8
1 2
1 7
2 3
2 6
3 4
3 5
9 8
0 1
0 8
1 2
1 7
2 3
2 6
3 4
3 5
3 2
0 1
0 2
3 2
0 1
0 2
3 2
0 1
0 2
3 2
0 1
0 2
25 28
0 1
0 24
1 2
1 23
2 3
2 23
3 4
3 22
4 5
4 22
5 6
5 21
6 7
6 21
7 8
7 20
8 9
8 20
9 10
9 19
10 11
10 18
11 12
11 17
12 13
12 16
13 14
13 15
25 28
0 1
0 24
1 2
1 23
2 3
2 23
3 4
3 22
4 5
4 22
5 6
5 21
6 7
6 21
7 8
7 20
8 9
8 20
9 10
9 19
10 11
10 18
11 12
11 17
12 13
12 16
13 14
13 15
3 2
0 1
0 2
3 2
0 1
0 2
3 2
0 1
0 2
3 2
0 1
0 2
11 12
0 1
0 2
1 3
2 3
3 4
3 10
4 5
4 6
5 7
6 7
7 8
7 9
9 9
0 1
0 2
1 3
1 8
2 8
3 4
3 5
4 6
5 7
11 10
0 1
0 10
1 2
1 9
2 3
2 8
3 4
3 7
4 5
4 6
11 10
0 1
0 10
1 2
1 9
2 3
2 8
3 4
3 7
4 5
4 6
3 2
0 1
0 2
3 2
0 1
0 2
9 8
0 1
0 8
1 2
1 7
2 3
2 6
3 4
3 5
9 8
0 1
0 8
1 2
1 7
2 3
2 6
3 4
3 5
3 2
0 1
0 2
3 2
0 1
0 2
3 2
0 1
0 2
3 2
0 1
0 2
3 2
0 1
0 2
3 2
0 1
0 2
3 2
0 1
0 2
3 2
0 1
0 2
3 2
0 1
0 2
3 2
0 1
0 2
3 2
0 1
0 2
3 2
0 1
0 2
13 14
0 1
0 12
1 2
1 3
2 4
3 4
4 5
4 11
5 6
5 7
6 8
7 8
8 9
8 10
13 14
0 1
0 12
1 2
1 3
2 4
3 4
4 5
4 11
5 6
5 7
6 8
7 8
8 9
8 10
3 2
0 1
0 2
3 2
0 1
0 2
7 6
0 1
0 6
1 2
1 5
2 3
2 4
7 6
0 1
0 6
1 2
1 5
2 3
2 4
16 20
0 1
0 2
1 3
2 3
3 4
3 14
4 5
4 12
5 6
5 10
6 7
6 8
7 9
8 9
9 11
10 11
11 13
12 13
13 15
14 15
15 18
0 1
0 2
1 3
2 13
3 4
3 11
4 5
4 9
5 6
5 7
6 8
7 8
8 10
9 10
10 12
11 12
12 14
13 14
10 12
0 1
0 2
1 3
2 3
3 4
3 8
4 5
4 6
5 7
6 7
7 9
8 9
9 10
0 1
0 2
1 3
2 7
3 4
3 5
4 6
5 6
6 8
7 8
16 20
0 1
0 2
1 3
2 3
3 4
3 14
4 5
4 12
5 6
5 10
6 7
6 8
7 9
8 9
9 11
10 11
11 13
12 13
13 15
14 15
15 18
0 1
0 2
1 3
2 13
3 4
3 11
4 5
4 9
5 6
5 7
6 8
7 8
8 10
9 10
10 12
11 12
12 14
13 14
1 0
1 0
19 24
0 1
0 2
1 3
2 3
3 4
3 17
4 5
4 15
5 6
5 13
6 7
6 11
7 8
7 9
8 10
9 10
10 12
11 12
12 14
13 14
14 16
15 16
16 18
17 18
18 22
0 1
0 2
1 3
2 16
3 4
3 14
4 5
4 12
5 6
5 10
6 7
6 8
7 9
8 9
9 11
10 11
11 13
12 13
13 15
14 15
15 17
16 17
19 24
0 1
0 2
1 3
2 3
3 4
3 17
4 5
4 15
5 6
5 13
6 7
6 11
7 8
7 9
8 10
9 10
10 12
11 12
12 14
13 14
14 16
15 16
16 18
17 18
18 22
0 1
0 2
1 3
2 16
3 4
3 14
4 5
4 12
5 6
5 10
6 7
6 8
7 9
8 9
9 11
10 11
11 13
12 13
13 15
14 15
15 17
16 17
9 8
0 1
0 8
1 2
1 7
2 3
2 6
3 4
3 5
9 8
0 1
0 8
1 2
1 7
2 3
2 6
3 4
3 5
13 12
0 1
0 12
1 2
1 11
2 3
2 10
3 4
3 9
4 5
4 8
5 6
5 7
13 12
0 1
0 12
1 2
1 11
2 3
2 10
3 4
3 9
4 5
4 8
5 6
5 7
9 8
0 1
0 8
1 2
1 7
2 3
2 6
3 4
3 5
9 8
0 1
0 8
1 2
1 7
2 3
2 6
3 4
3 5
9 8
0 1
0 8
1 2
1 7
2 3
2 6
3 4
3 5
9 8
0 1
0 8
1 2
1 7
2 3
2 6
3 4
3 5
7 6
0 1
0 6
1 2
1 5
2 3
2 4
7 6
0 1
0 6
1 2
1 5
2 3
2 4
22 26
0 1
0 2
1 3
2 3
3 4
3 5
4 6
5 6
6 7
6 8
7 9
8 9
9 10
9 11
10 12
11 12
12 13
12 14
13 15
14 15
15 16
15 21
16 17
16 20
17 18
17 19
22 26
0 1
0 2
1 3
2 3
3 4
3 5
4 6
5 6
6 7
6 8
7 9
8 9
9 10
9 11
10 12
11 12
12 13
12 14
13 15
14 15
15 16
15 21
16 17
16 20
17 18
17 19
3 2
0 1
0 2
3 2
0 1
0 2
15 16
0 1
0 2
1 3
2 3
3 4
3 14
4 5
4 6
5 7
6 7
7 8
7 13
8 9
8 12
9 10
9 11
15 16
0 1
0 2
1 3
2 3
3 4
3 14
4 5
4 6
5 7
6 7
7 8
7 13
8 9
8 12
9 10
9 11
3 2
0 1
0 2
3 2
0 1
0 2
9 8
0 1
0 8
1 2
1 7
2 3
2 6
3 4
3 5
9 8
0 1
0 8
1 2
1 7
2 3
2 6
3 4
3 5
22 26
0 1
0 21
1 2
1 12
2 3
2 10
3 4
3 8
4 5
4 6
5 7
6 7
7 9
8 9
9 11
10 11
11 13
12 13
13 14
13 20
14 15
14 16
15 17
16 17
17 18
17 19
22 26
0 1
0 21
1 2
1 12
2 3
2 10
3 4
3 8
4 5
4 6
5 7
6 7
7 9
8 9
9 11
10 11
11 13
12 13
13 14
13 20
14 15
14 16
15 17
16 17
17 18
17 19
13 12
0 1
0 12
1 2
1 11
2 3
2 10
3 4
3 9
4 5
4 8
5 6
5 7
13 12
0 1
0 12
1 2
1 11
2 3
2 10
3 4
3 9
4 5
4 8
5 6
5 7
13 12
0 1
0 12
1 2
1 11
2 3
2 10
3 4
3 9
4 5
4 8
5 6
5 7
13 12
0 1
0 12
1 2
1 11
2 3
2 10
3 4
3 9
4 5
4 8
5 6
5 7
3 2
0 1
0 2
3 2
0 1
0 2
7 6
0 1
0 6
1 2
1 5
2 3
2 4
7 6
0 1
0 6
1 2
1 5
2 3
2 4
7 6
0 1
0 6
1 2
1 5
2 3
2 4
7 6
0 1
0 6
1 2
1 5
2 3
2 4
7 6
0 1
0 6
1 2
1 5
2 3
2 4
7 6
0 1
0 6
1 2
1 5
2 3
2 4
7 6
0 1
0 6
1 2
1 5
2 3
2 4
7 6
0 1
0 6
1 2
1 5
2 3
2 4
3 2
0 1
0 2
3 2
0 1
0 2
7 6
0 1
0 6
1 2
1 5
2 3
2 4
7 6
0 1
0 6
1 2
1 5
2 3
2 4
7 6
0 1
0 6
1 2
1 5
2 3
2 4
7 6
0 1
0 6
1 2
1 5
2 3
2 4
3 2
0 1
0 2
3 2
0 1
0 2
5 4
0 1
0 4
1 2
1 3
5 4
0 1
0 4
1 2
1 3
3 2
0 1
0 2
3 2
0 1
0 2
3 2
0 1
0 2
3 2
0 1
0 2
7 6
0 1
0 6
1 2
1 5
2 3
2 4
7 6
0 1
0 6
1 2
1 5
2 3
2 4
7 6
0 1
0 6
1 2
1 5
2 3
2 4
7 6
0 1
0 6
1 2
1 5
2 3
2 4
3 2
0 1
0 2
3 2
0 1
0 2
46 58
0 1
0 11
1 2
1 9
2 3
2 7
3 4
3 5
4 6
5 6
6 8
7 8
8 10
9 10
10 12
11 12
12 13
12 45
13 14
13 27
14 15
14 25
15 16
15 23
16 17
16 21
17 18
17 19
18 20
19 20
20 22
21 22
22 24
23 24
24 26
25 26
26 28
27 28
28 29
28 44
29 30
29 40
30 31
30 38
31 32
31 36
32 33
32 34
33 35
34 35
35 37
36 37
37 39
38 39
39 41
40 41
41 42
41 43
46 58
0 1
0 11
1 2
1 9
2 3
2 7
3 4
3 5
4 6
5 6
6 8
7 8
8 10
9 10
10 12
11 12
12 13
12 45
13 14
13 27
14 15
14 25
15 16
15 23
16 17
16 21
17 18
17 19
18 20
19 20
20 22
21 22
22 24
23 24
24 26
25 26
26 28
27 28
28 29
28 44
29 30
29 40
30 31
30 38
31 32
31 36
32 33
32 34
33 35
34 35
35 37
36 37
37 39
38 39
39 41
40 41
41 42
41 43
3 2
0 1
0 2
3 2
0 1
0 2
3 2
0 1
0 2
3 2
0 1
0 2
3 2
0 1
0 2
3 2
0 1
0 2
1 0
1 0
1 0
4 5
0 1
0 2
1 3
1 2
2 3
3 2
0 1
1 2
3 4
0 1
0 2
1 1
1 2
4 5
0 1
0 3
1 2
2 2
2 3
6 9
0 1
0 2
1 3
1 2
2 3
3 4
3 5
4 4
4 5
7 10
0 1
0 2
1 3
1 2
2 3
3 4
3 6
4 5
5 5
5 6
6 9
0 1
0 2
1 3
1 2
2 3
3 4
3 5
4 4
4 5
7 10
0 1
0 2
1 3
1 2
2 3
3 4
3 6
4 5
5 5
5 6
6 7
0 1
1 2
1 3
2 4
2 3
3 4
4 5
5 4
0 1
1 2
2 3
3 4
1 0
1 0
1 0
7 7
0 1
1 2
1 6
2 3
2 4
4 5
5 1
7 7
0 1
1 2
1 6
2 3
2 4
4 5
5 1
1 0
1 0
1 0
29 34
0 1
0 5
1 2
1 3
2 4
3 4
4 6
5 6
6 7
6 8
8 9
8 13
9 10
9 11
10 12
11 12
12 14
13 14
14 15
14 16
16 17
16 21
17 18
17 19
18 20
19 20
20 22
21 22
22 23
22 24
24 25
24 26
26 27
26 28
29 34
0 1
0 5
1 2
1 3
2 4
3 4
4 6
5 6
6 7
6 8
8 9
8 13
9 10
9 11
10 12
11 12
12 14
13 14
14 15
14 16
16 17
16 21
17 18
17 19
18 20
19 20
20 22
21 22
22 23
22 24
24 25
24 26
26 27
26 28
10 12
0 1
1 2
1 9
2 3
2 7
3 4
3 5
4 6
5 6
6 8
7 8
8 1
10 13
0 1
0 9
1 2
2 3
2 7
3 4
3 5
4 6
5 6
6 8
7 8
8 2
8 9
5 4
0 1
0 2
2 3
2 4
5 4
0 1
0 2
2 3
2 4
16 20
0 1
1 2
1 15
2 3
2 13
3 4
4 5
4 6
5 9
6 7
6 8
7 9
8 9
9 10
9 11
10 12
11 12
12 14
13 14
14 1
15 19
0 1
0 14
1 2
2 3
2 12
3 4
4 5
4 6
5 9
6 7
6 8
7 9
8 10
9 11
10 11
11 13
12 13
13 2
13 14
1 0
1 0
7 6
0 1
0 2
2 3
2 4
4 5
4 6
7 6
0 1
0 2
2 3
2 4
4 5
4 6
3 2
0 1
0 2
3 2
0 1
0 2
1 0
15 16
0 1
0 2
1 6
2 3
2 4
3 5
4 5
5 6
6 7
6 8
8 9
8 10
10 11
10 12
12 13
12 14
15 16
0 1
0 2
1 6
2 3
2 4
3 5
4 5
5 6
6 7
6 8
8 9
8 10
10 11
10 12
12 13
12 14
1 0
1 0
1 0
1 0
1 0
7 6
0 1
0 6
1 2
1 5
2 3
2 4
7 6
0 1
0 6
1 2
1 5
2 3
2 4
23 25
0 1
0 22
1 2
1 21
2 3
3 4
3 5
4 10
5 6
5 7
6 10
7 8
7 9
8 10
9 10
10 11
10 20
11 12
11 19
12 13
12 18
13 14
13 17
14 15
14 16
22 23
0 1
0 21
1 2
1 20
2 3
3 4
3 5
4 10
5 6
5 7
6 10
7 8
7 9
8 10
9 19
10 11
10 18
11 12
11 17
12 13
12 16
13 14
13 15
9 8
0 1
0 8
1 2
1 7
2 3
2 6
3 4
3 5
9 8
0 1
0 8
1 2
1 7
2 3
2 6
3 4
3 5
13 12
0 1
0 12
1 2
1 11
2 3
2 4
4 5
4 10
5 6
5 9
6 7
6 8
13 12
0 1
0 12
1 2
1 11
2 3
2 4
4 5
4 10
5 6
5 9
6 7
6 8
11 12
0 1
0 2
2 3
2 4
3 8
4 5
4 6
5 7
6 7
7 8
8 9
8 10
11 12
0 1
0 2
2 3
2 4
3 8
4 5
4 6
5 7
6 7
7 8
8 9
8 10
9 8
0 1
0 8
1 2
1 7
2 3
2 4
4 5
4 6
9 8
0 1
0 8
1 2
1 7
2 3
2 4
4 5
4 6
11 10
0 1
0 2
2 3
2 4
4 5
4 6
6 7
6 8
8 9
8 10
11 10
0 1
0 2
2 3
2 10
3 4
3 9
4 5
4 8
5 6
5 7
11 10
0 1
0 2
2 3
2 10
3 4
3 9
4 5
4 8
5 6
5 7
1 0
1 0
19 18
0 1
0 2
2 3
2 4
4 5
4 6
6 7
6 8
8 9
8 10
10 11
10 12
12 13
12 14
14 15
14 16
16 17
16 18
19 18
0 1
0 2
2 3
2 4
4 5
4 6
6 7
6 8
8 9
8 10
10 11
10 12
12 13
12 14
14 15
14 16
16 17
16 18
19 18
0 1
0 2
2 3
2 4
4 5
4 6
6 7
6 8
8 9
8 10
10 11
10 12
12 13
12 14
14 15
14 16
16 17
16 18
19 18
0 1
0 2
2 3
2 4
4 5
4 6
6 7
6 8
8 9
8 10
10 11
10 12
12 13
12 14
14 15
14 16
16 17
16 18
5 4
0 1
0 2
2 3
2 4
5 4
0 1
0 2
2 3
2 4
5 4
0 1
0 2
2 3
2 4
5 4
0 1
0 2
2 3
2 4
5 4
0 1
0 2
2 3
2 4
5 4
0 1
0 2
2 3
2 4
5 4
0 1
0 2
2 3
2 4
5 4
0 1
0 2
2 3
2 4
7 8
0 1
1 2
1 3
2 6
3 4
3 5
4 6
5 6
7 8
0 1
1 2
1 3
2 6
3 4
3 5
4 6
5 6
7 8
0 1
1 2
1 3
2 6
3 4
3 5
4 6
5 6
7 8
0 1
1 2
1 3
2 6
3 4
3 5
4 6
5 6
11 10
0 1
0 4
1 2
1 3
4 5
4 10
5 6
5 9
6 7
6 8
11 10
0 1
0 4
1 2
1 3
4 5
4 10
5 6
5 9
6 7
6 8
31 41
0 1
1 2
1 3
2 20
3 4
3 5
4 20
5 6
5 7
6 20
7 8
7 9
8 20
9 10
9 11
10 20
11 12
11 13
12 20
13 14
13 15
14 20
15 16
15 17
16 20
17 18
17 19
18 20
19 20
20 21
20 22
21 26
22 23
22 24
23 25
24 25
25 26
26 27
26 28
28 29
28 30
31 41
0 1
1 2
1 3
2 20
3 4
3 5
4 20
5 6
5 7
6 20
7 8
7 9
8 20
9 10
9 11
10 20
11 12
11 13
12 20
13 14
13 15
14 20
15 16
15 17
16 20
17 18
17 19
18 20
19 20
20 21
20 22
21 26
22 23
22 24
23 25
24 25
25 26
26 27
26 28
28 29
28 30
13 12
0 1
0 2
2 3
2 12
3 4
3 11
4 5
4 10
5 6
5 7
7 8
7 9
13 12
0 1
0 2
2 3
2 12
3 4
3 11
4 5
4 10
5 6
5 7
7 8
7 9
1 0
3 2
0 1
0 2
1 0
62 62
0 1
0 19
1 2
1 3
2 4
3 4
4 5
4 6
6 7
6 8
8 9
8 10
10 11
10 12
12 13
12 14
14 15
14 16
16 17
16 18
19 20
19 61
20 21
20 60
21 22
21 59
22 23
22 28
23 24
23 25
25 26
25 27
28 29
28 34
29 30
29 31
31 32
31 33
34 35
34 40
35 36
35 37
37 38
37 39
40 41
40 46
41 42
41 43
43 44
43 45
46 47
46 52
47 48
47 49
49 50
49 51
52 53
52 58
53 54
53 55
55 56
55 57
62 62
0 1
0 19
1 2
1 3
2 4
3 4
4 5
4 6
6 7
6 8
8 9
8 10
10 11
10 12
12 13
12 14
14 15
14 16
16 17
16 18
19 20
19 61
20 21
20 60
21 22
21 59
22 23
22 28
23 24
23 25
25 26
25 27
28 29
28 34
29 30
29 31
31 32
31 33
34 35
34 40
35 36
35 37
37 38
37 39
40 41
40 46
41 42
41 43
43 44
43 45
46 47
46 52
47 48
47 49
49 50
49 51
52 53
52 58
53 54
53 55
55 56
55 57
7 6
0 1
0 6
1 2
1 5
2 3
2 4
7 6
0 1
0 6
1 2
1 5
2 3
2 4
13 12
0 1
0 2
2 3
2 12
3 4
3 11
4 5
4 10
5 6
5 7
7 8
7 9
13 12
0 1
0 2
2 3
2 12
3 4
3 11
4 5
4 10
5 6
5 7
7 8
7 9
7 6
0 1
0 6
1 2
1 5
2 3
2 4
7 6
0 1
0 6
1 2
1 5
2 3
2 4
5 4
0 1
0 4
1 2
1 3
5 4
0 1
0 4
1 2
1 3
1 0
25 30
0 1
0 5
1 2
1 3
2 4
3 4
4 6
5 6
6 7
6 8
8 9
8 13
9 10
9 11
10 12
11 12
12 14
13 14
14 15
14 16
16 17
16 21
17 18
17 19
18 20
19 20
20 22
21 22
22 23
22 24
25 30
0 1
0 5
1 2
1 3
2 4
3 4
4 6
5 6
6 7
6 8
8 9
8 13
9 10
9 11
10 12
11 12
12 14
13 14
14 15
14 16
16 17
16 21
17 18
17 19
18 20
19 20
20 22
21 22
22 23
22 24
1 0
1 0
1 0
37 47
0 1
1 2
1 5
2 3
2 4
3 6
4 6
5 6
6 7
6 36
7 8
8 9
8 13
9 10
9 11
10 12
11 12
12 14
13 14
14 15
14 16
15 33
16 17
16 21
17 18
17 19
18 20
19 20
20 22
21 22
22 23
22 24
23 33
24 25
24 29
25 26
25 27
26 28
27 28
28 30
29 30
30 31
30 32
31 33
32 33
33 34
33 35
36 45
0 1
1 2
1 5
2 3
2 4
3 6
4 35
5 35
6 7
7 8
7 12
8 9
8 10
9 11
10 11
11 13
12 13
13 14
13 15
14 32
15 16
15 20
16 17
16 18
17 19
18 19
19 21
20 21
21 22
21 23
22 32
23 24
23 28
24 25
24 26
25 27
26 27
27 29
28 29
29 30
29 31
30 32
31 32
32 33
32 34
3 2
0 1
0 2
3 2
0 1
0 2
7 8
0 1
0 2
1 6
2 3
2 4
3 5
4 5
5 6
7 8
0 1
0 2
1 6
2 3
2 4
3 5
4 5
5 6
7 8
0 1
0 2
1 6
2 3
2 4
3 5
4 5
5 6
7 8
0 1
0 2
1 6
2 3
2 4
3 5
4 5
5 6
3 2
0 1
0 2
3 2
0 1
0 2
18 20
0 1
0 17
1 2
1 16
2 3
2 15
3 4
3 11
4 5
4 9
5 6
5 7
6 8
7 8
8 10
9 10
10 12
11 12
12 13
12 14
18 20
0 1
0 17
1 2
1 16
2 3
2 15
3 4
3 11
4 5
4 9
5 6
5 7
6 8
7 8
8 10
9 10
10 12
11 12
12 13
12 14
9 8
0 1
0 8
1 2
1 7
2 3
2 6
3 4
3 5
9 8
0 1
0 8
1 2
1 7
2 3
2 6
3 4
3 5
5 4
0 1
0 4
1 2
1 3
5 4
0 1
0 4
1 2
1 3
5 4
0 1
0 4
1 2
1 3
5 4
0 1
0 4
1 2
1 3
3 2
0 1
0 2
3 2
0 1
0 2
9 8
0 1
0 8
1 2
1 7
2 3
2 6
3 4
3 5
9 8
0 1
0 8
1 2
1 7
2 3
2 6
3 4
3 5
13 12
0 1
0 12
1 2
1 11
2 3
2 10
3 4
3 9
4 5
4 8
5 6
5 7
13 12
0 1
0 12
1 2
1 11
2 3
2 10
3 4
3 9
4 5
4 8
5 6
5 7
3 2
0 1
0 2
3 2
0 1
0 2
11 12
0 1
0 2
2 3
2 7
3 4
3 5
4 6
5 6
6 8
7 8
8 9
8 10
11 12
0 1
0 2
2 3
2 7
3 4
3 5
4 6
5 6
6 8
7 8
8 9
8 10
25 28
0 1
0 24
1 2
1 23
2 3
2 22
3 4
3 21
4 5
5 6
5 7
6 16
7 8
7 12
8 9
8 10
9 11
10 11
11 13
12 13
13 14
13 15
14 16
15 16
16 17
16 20
17 18
17 19
24 26
0 1
0 23
1 2
1 22
2 3
2 21
3 4
3 20
4 5
5 6
5 7
6 16
7 8
7 12
8 9
8 10
9 11
10 11
11 13
12 13
13 14
13 15
14 16
15 19
16 17
16 18
5 4
0 1
0 4
1 2
1 3
5 4
0 1
0 4
1 2
1 3
3 2
0 1
0 2
3 2
0 1
0 2
3 2
0 1
0 2
3 2
0 1
0 2
1 0
1 0
1 0
19 20
0 1
0 2
1 3
2 3
3 4
3 5
4 6
5 6
6 7
6 18
7 8
7 17
8 9
8 16
9 10
9 15
10 11
10 14
11 12
11 13
19 20
0 1
0 2
1 3
2 3
3 4
3 5
4 6
5 6
6 7
6 18
7 8
7 17
8 9
8 16
9 10
9 15
10 11
10 14
11 12
11 13
16 18
0 1
0 15
1 2
1 14
2 3
2 7
3 4
3 5
4 6
5 6
6 11
7 8
7 9
8 10
9 10
10 11
11 12
11 13
16 18
0 1
0 15
1 2
1 14
2 3
2 7
3 4
3 5
4 6
5 6
6 11
7 8
7 9
8 10
9 10
10 11
11 12
11 13
3 2
0 1
0 2
3 2
0 1
0 2
5 4
0 1
0 4
1 2
1 3
5 4
0 1
0 4
1 2
1 3
5 4
0 1
0 4
1 2
1 3
5 4
0 1
0 4
1 2
1 3
5 4
0 1
0 4
1 2
1 3
5 4
0 1
0 4
1 2
1 3
5 4
0 1
0 4
1 2
1 3
5 4
0 1
0 4
1 2
1 3
9 8
0 1
0 8
1 2
1 7
2 3
2 6
3 4
3 5
9 8
0 1
0 8
1 2
1 7
2 3
2 6
3 4
3 5
14 16
0 1
0 13
1 2
1 9
2 3
2 7
3 4
3 5
4 6
5 6
6 8
7 8
8 10
9 10
10 11
10 12
14 16
0 1
0 13
1 2
1 9
2 3
2 7
3 4
3 5
4 6
5 6
6 8
7 8
8 10
9 10
10 11
10 12
37 44
0 1
1 2
1 5
2 3
2 4
3 6
4 6
5 6
6 7
6 36
7 8
8 9
8 12
9 10
9 11
10 13
11 13
12 13
13 14
13 35
14 15
15 16
15 19
16 17
16 18
17 20
18 20
19 20
20 21
20 34
21 22
22 23
22 26
23 24
23 25
24 27
25 27
26 27
27 28
27 33
28 29
28 32
29 30
29 31
33 36
0 1
1 2
1 5
2 3
2 4
3 6
4 32
5 32
6 7
7 8
7 11
8 9
8 10
9 12
10 31
11 31
12 13
13 14
13 17
14 15
14 16
15 18
16 30
17 30
18 19
19 20
19 23
20 21
20 22
21 24
22 29
23 29
24 25
24 28
25 26
25 27
9 8
0 1
0 8
1 2
1 7
2 3
2 6
3 4
3 5
9 8
0 1
0 8
1 2
1 7
2 3
2 6
3 4
3 5
25 24
0 1
0 24
1 2
1 23
2 3
2 22
3 4
3 21
4 5
4 20
5 6
5 19
6 7
6 18
7 8
7 17
8 9
8 16
9 10
9 15
10 11
10 14
11 12
11 13
25 24
0 1
0 24
1 2
1 23
2 3
2 22
3 4
3 21
4 5
4 20
5 6
5 19
6 7
6 18
7 8
7 17
8 9
8 16
9 10
9 15
10 11
10 14
11 12
11 13
1 0
1 0
5 4
0 1
0 4
1 2
1 3
5 4
0 1
0 4
1 2
1 3
7 6
0 1
0 6
1 2
1 5
2 3
2 4
7 6
0 1
0 6
1 2
1 5
2 3
2 4
23 25
0 1
0 22
1 2
1 21
2 3
2 20
3 4
3 19
4 5
5 6
5 11
6 7
6 10
7 8
7 9
8 12
9 12
10 12
11 12
12 13
12 18
13 14
13 17
14 15
14 16
22 23
0 1
0 21
1 2
1 20
2 3
2 19
3 4
3 18
4 5
5 6
5 11
6 7
6 10
7 8
7 9
8 12
9 17
10 17
11 17
12 13
12 16
13 14
13 15
9 8
0 1
0 8
1 2
1 7
2 3
2 6
3 4
3 5
9 8
0 1
0 8
1 2
1 7
2 3
2 6
3 4
3 5
13 12
0 1
0 12
1 2
1 11
2 3
2 10
3 4
3 9
4 5
4 8
5 6
5 7
13 12
0 1
0 12
1 2
1 11
2 3
2 10
3 4
3 9
4 5
4 8
5 6
5 7
21 26
0 1
0 20
1 2
1 19
2 3
3 4
3 15
4 5
4 14
5 6
5 13
6 7
6 12
7 8
7 11
8 9
8 10
9 16
10 16
11 16
12 16
13 16
14 16
15 16
16 17
16 18
20 24
0 1
0 19
1 2
1 18
2 3
3 4
3 15
4 5
4 14
5 6
5 13
6 7
6 12
7 8
7 11
8 9
8 10
9 16
10 17
11 17
12 17
13 17
14 17
15 17
57 69
0 1
0 56
1 2
2 3
2 22
3 4
3 21
4 5
5 6
5 17
6 7
6 16
7 8
7 15
8 9
8 14
9 10
9 13
10 11
10 12
11 18
12 18
13 18
14 18
15 18
16 18
17 18
18 19
18 20
19 23
20 23
21 23
22 23
23 24
23 55
24 25
24 54
25 26
25 53
26 27
26 52
27 28
27 51
28 29
28 50
29 30
29 49
30 31
30 48
31 32
31 47
32 33
33 34
33 41
34 35
34 40
35 36
35 39
36 37
36 38
37 42
38 42
39 42
40 42
41 42
42 43
42 46
43 44
43 45
54 63
0 1
0 53
1 2
2 3
2 21
3 4
3 20
4 5
5 6
5 17
6 7
6 16
7 8
7 15
8 9
8 14
9 10
9 13
10 11
10 12
11 18
12 19
13 19
14 19
15 19
16 19
17 19
18 22
19 52
20 52
21 52
22 23
22 51
23 24
23 50
24 25
24 49
25 26
25 48
26 27
26 47
27 28
27 46
28 29
28 45
29 30
29 44
30 31
31 32
31 39
32 33
32 38
33 34
33 37
34 35
34 36
35 40
36 43
37 43
38 43
39 43
40 41
40 42
1 0
1 0
5 5
0 1
0 2
2 3
2 4
4 0
5 5
0 1
0 2
2 3
2 4
4 0
1 0
7 7
0 1
1 2
1 6
2 3
2 4
4 5
5 1
7 7
0 1
1 2
1 6
2 3
2 4
4 5
5 1
11 10
0 1
0 2
2 3
2 4
4 5
4 6
6 7
6 8
8 9
8 10
11 10
0 1
0 2
2 3
2 4
4 5
4 6
6 7
6 8
8 9
8 10
8 8
0 1
0 2
2 3
2 4
3 5
4 5
5 6
5 7
8 8
0 1
0 2
2 3
2 4
3 5
4 5
5 6
5 7
7 7
0 1
0 2
2 3
2 4
4 5
4 6
6 0
7 7
0 1
0 2
2 3
2 4
4 5
4 6
6 0
1 0
1 0
5 4
0 1
0 2
2 3
2 4
1 0
3 2
0 1
0 2
3 2
0 1
0 2
3 2
0 1
0 2
3 2
0 1
0 2
13 12
0 1
0 12
1 2
1 11
2 3
2 10
3 4
3 9
4 5
4 8
5 6
5 7
13 12
0 1
0 12
1 2
1 11
2 3
2 10
3 4
3 9
4 5
4 8
5 6
5 7
3 2
0 1
0 2
3 2
0 1
0 2
3 2
0 1
0 2
3 2
0 1
0 2
9 8
0 1
0 8
1 2
1 7
2 3
2 6
3 4
3 5
9 8
0 1
0 8
1 2
1 7
2 3
2 6
3 4
3 5
12 12
0 1
0 11
1 2
1 10
2 3
2 9
3 4
3 5
4 6
5 6
6 7
6 8
12 12
0 1
0 11
1 2
1 10
2 3
2 9
3 4
3 5
4 6
5 6
6 7
6 8
7 6
0 1
0 6
1 2
1 5
2 3
2 4
7 6
0 1
0 6
1 2
1 5
2 3
2 4
9 8
0 1
0 8
1 2
1 7
2 3
2 6
3 4
3 5
9 8
0 1
0 8
1 2
1 7
2 3
2 6
3 4
3 5
17 18
0 1
0 16
1 2
1 15
2 3
2 14
3 4
3 5
4 6
5 6
6 7
6 13
7 8
7 9
8 10
9 10
10 11
10 12
17 18
0 1
0 16
1 2
1 15
2 3
2 14
3 4
3 5
4 6
5 6
6 7
6 13
7 8
7 9
8 10
9 10
10 11
10 12
5 4
0 1
0 2
2 3
2 4
5 4
0 1
0 2
2 3
2 4
13 12
0 1
0 12
1 2
1 11
2 3
2 10
3 4
3 9
4 5
4 8
5 6
5 7
13 12
0 1
0 12
1 2
1 11
2 3
2 10
3 4
3 9
4 5
4 8
5 6
5 7
3 2
0 1
0 2
3 2
0 1
0 2
13 12
0 1
0 2
2 3
2 12
3 4
3 11
4 5
4 10
5 6
5 9
6 7
6 8
13 12
0 1
0 2
2 3
2 12
3 4
3 11
4 5
4 10
5 6
5 9
6 7
6 8
1 0
36 37
0 1
0 2
1 3
1 2
2 3
3 4
3 35
4 5
4 34
5 6
5 33
6 7
6 32
7 8
7 31
8 9
8 30
9 10
9 29
10 11
10 28
11 12
11 27
12 13
12 26
13 14
13 25
14 15
14 24
15 16
15 23
16 17
16 22
17 18
17 21
18 19
18 20
35 34
0 1
1 2
2 3
2 34
3 4
3 33
4 5
4 32
5 6
5 31
6 7
6 30
7 8
7 29
8 9
8 28
9 10
9 27
10 11
10 26
11 12
11 25
12 13
12 24
13 14
13 23
14 15
14 22
15 16
15 21
16 17
16 20
17 18
17 19
49 65
0 1
0 2
1 3
1 2
2 3
3 4
3 5
4 6
5 6
6 7
6 47
7 8
7 45
8 9
8 43
9 10
9 41
10 11
10 12
11 13
12 13
13 14
13 39
14 15
14 37
15 16
15 35
16 17
16 33
17 18
17 31
18 19
18 29
19 20
19 27
20 21
20 22
21 23
22 23
23 24
23 25
24 26
25 26
26 28
27 28
28 30
29 30
30 32
31 32
32 34
33 34
34 36
35 36
36 38
37 38
38 40
39 40
40 42
41 42
42 44
43 44
44 46
45 46
46 48
47 48
45 56
0 1
1 2
2 3
2 4
3 5
4 43
5 6
5 41
6 7
6 39
7 8
7 37
8 9
8 10
9 11
10 35
11 12
11 33
12 13
12 31
13 14
13 29
14 15
14 27
15 16
15 25
16 17
16 23
17 18
17 19
18 20
19 21
20 22
21 22
22 24
23 24
24 26
25 26
26 28
27 28
28 30
29 30
30 32
31 32
32 34
33 34
34 36
35 36
36 38
37 38
38 40
39 40
40 42
41 42
42 44
43 44
51 66
0 1
1 2
1 3
2 4
3 4
4 5
4 49
5 6
6 7
6 8
7 9
8 9
9 10
9 47
10 11
10 18
11 12
11 16
12 13
12 14
13 15
14 15
15 17
16 17
17 19
18 19
19 20
19 45
20 21
20 43
21 22
21 41
22 23
22 39
23 24
23 37
24 25
24 35
25 26
25 33
26 27
26 31
27 28
27 29
28 30
29 30
30 32
31 32
32 34
33 34
34 36
35 36
36 38
37 38
38 40
39 40
40 42
41 42
42 44
43 44
44 46
45 46
46 48
47 48
48 50
49 50
49 62
0 1
1 2
1 3
2 4
3 47
4 5
5 6
5 7
6 8
7 45
8 9
8 16
9 10
9 14
10 11
10 12
11 13
12 13
13 15
14 15
15 17
16 17
17 18
17 43
18 19
18 41
19 20
19 39
20 21
20 37
21 22
21 35
22 23
22 33
23 24
23 31
24 25
24 29
25 26
25 27
26 28
27 28
28 30
29 30
30 32
31 32
32 34
33 34
34 36
35 36
36 38
37 38
38 40
39 40
40 42
41 42
42 44
43 44
44 46
45 46
46 48
47 48
44 52
0 1
0 17
1 2
1 15
2 3
2 13
3 4
3 11
4 5
4 9
5 6
5 7
6 8
7 8
8 10
9 10
10 12
11 12
12 14
13 14
14 16
15 16
16 18
17 18
18 19
18 20
20 21
20 22
22 23
22 24
24 25
24 26
25 27
26 27
27 28
27 29
29 30
29 31
31 32
31 33
33 34
33 35
34 36
35 36
36 37
36 38
38 39
38 40
39 41
40 41
41 42
41 43
44 52
0 1
0 17
1 2
1 15
2 3
2 13
3 4
3 11
4 5
4 9
5 6
5 7
6 8
7 8
8 10
9 10
10 12
11 12
12 14
13 14
14 16
15 16
16 18
17 18
18 19
18 20
20 21
20 22
22 23
22 24
24 25
24 26
25 27
26 27
27 28
27 29
29 30
29 31
31 32
31 33
33 34
33 35
34 36
35 36
36 37
36 38
38 39
38 40
39 41
40 41
41 42
41 43
1 0
1 0
1 0
1 0
1 0
1 0
1 0
1 0
1 0
1 0
1 0
1 0
1 0
1 0
1 0
1 0
19 18
0 1
0 18
1 2
1 17
2 3
2 16
3 4
3 15
4 5
4 14
5 6
5 13
6 7
6 12
7 8
7 11
8 9
8 10
19 18
0 1
0 18
1 2
1 17
2 3
2 16
3 4
3 15
4 5
4 14
5 6
5 13
6 7
6 12
7 8
7 11
8 9
8 10
1 0
1 0
21 20
0 1
0 2
2 3
2 20
3 4
3 19
4 5
4 18
5 6
5 17
6 7
6 16
7 8
7 15
8 9
8 14
9 10
9 13
10 11
10 12
21 20
0 1
0 2
2 3
2 20
3 4
3 19
4 5
4 18
5 6
5 17
6 7
6 16
7 8
7 15
8 9
8 14
9 10
9 13
10 11
10 12
9 8
0 1
0 8
1 2
1 7
2 3
2 6
3 4
3 5
9 8
0 1
0 8
1 2
1 7
2 3
2 6
3 4
3 5
9 8
0 1
0 8
1 2
1 7
2 3
2 6
3 4
3 5
9 8
0 1
0 8
1 2
1 7
2 3
2 6
3 4
3 5
3 4
0 1
0 2
1 1
1 2
4 5
0 1
0 3
1 2
2 2
2 3
71 88
0 1
1 2
1 3
2 1
3 4
4 5
4 9
5 6
5 7
6 8
7 8
8 10
9 10
10 11
10 33
11 12
11 19
12 13
12 17
13 14
13 15
14 16
15 16
16 18
17 18
18 20
19 20
20 21
20 31
21 22
21 29
22 23
22 27
23 24
23 25
24 26
25 26
26 28
27 28
28 30
29 30
30 32
31 32
32 4
33 34
34 35
35 36
35 37
36 35
37 38
38 39
38 46
39 40
39 44
40 41
40 42
41 43
42 43
43 45
44 45
45 47
46 47
47 48
47 55
48 49
48 53
49 50
49 51
50 52
51 52
52 54
53 54
54 56
55 56
56 57
56 70
57 58
57 69
58 59
58 68
59 60
59 67
60 61
60 66
61 62
61 65
62 63
62 64
71 89
0 1
0 3
1 2
2 2
2 3
3 4
4 5
4 9
5 6
5 7
6 8
7 8
8 10
9 10
10 11
10 33
11 12
11 19
12 13
12 17
13 14
13 15
14 16
15 16
16 18
17 18
18 20
19 20
20 21
20 31
21 22
21 29
22 23
22 27
23 24
23 25
24 26
25 26
26 28
27 28
28 30
29 30
30 32
31 32
32 4
33 34
34 35
35 36
35 37
36 35
37 38
38 39
38 46
39 40
39 44
40 41
40 42
41 43
42 43
43 45
44 45
45 47
46 47
47 48
47 55
48 49
48 53
49 50
49 51
50 52
51 52
52 54
53 54
54 56
55 56
56 57
56 70
57 58
57 69
58 59
58 68
59 60
59 67
60 61
60 66
61 62
61 65
62 63
62 64
255 264
0 1
0 2
1 3
3 4
3 5
4 6
6 7
6 8
7 9
9 10
9 11
10 12
12 13
12 14
13 15
15 16
16 17
16 20
17 18
17 19
18 21
19 21
20 21
21 22
21 23
22 24
24 25
24 26
25 27
27 28
28 29
28 36
29 30
29 35
30 31
30 34
31 32
31 33
32 37
33 37
34 37
35 37
36 37
37 38
37 39
38 40
40 41
40 42
41 43
43 44
43 45
44 46
46 47
46 48
47 49
49 50
49 51
50 52
52 53
52 54
53 55
55 56
56 57
56 64
57 58
57 63
58 59
58 62
59 60
59 61
60 65
61 65
62 65
63 65
64 65
65 66
65 67
66 68
68 69
68 70
69 71
71 72
71 73
72 74
74 75
74 76
75 77
77 78
77 79
78 80
80 81
80 82
81 83
83 84
83 85
84 86
86 87
86 88
87 89
89 90
89 91
90 92
92 93
92 94
93 95
95 96
95 97
96 98
98 99
98 100
99 101
101 102
101 103
102 104
104 105
104 106
105 107
107 108
107 109
108 110
110 111
110 112
111 113
113 114
113 115
114 116
116 117
116 118
117 119
119 120
119 121
120 122
122 123
122 124
123 125
125 126
125 127
126 128
128 129
128 130
129 131
131 132
131 133
132 134
134 135
134 136
135 137
137 138
137 139
138 140
140 141
140 142
141 143
143 144
143 145
144 146
146 147
146 148
147 149
149 150
149 151
150 152
152 153
152 154
153 155
155 156
155 157
156 158
158 159
158 160
159 161
161 162
161 163
162 164
164 165
164 166
165 167
167 168
167 169
168 170
170 171
170 172
171 173
173 174
173 175
174 176
176 177
176 178
177 179
179 180
179 181
180 182
182 183
182 184
183 185
185 186
185 187
186 188
188 189
188 190
189 191
191 192
191 193
192 194
194 195
194 196
195 197
197 198
197 199
198 200
200 201
200 202
201 203
203 204
203 205
204 206
206 207
206 208
207 209
209 210
209 211
210 212
212 213
212 214
213 215
215 216
215 217
216 218
218 219
218 220
219 221
221 222
221 223
222 224
224 225
224 226
225 227
227 228
227 229
228 230
230 231
230 232
231 233
233 234
233 235
234 236
236 237
236 238
237 239
239 240
239 241
240 242
242 243
242 244
243 245
245 246
245 247
246 248
248 249
248 250
249 251
251 252
251 253
252 254
252 258
0 1
0 2
1 3
3 4
3 5
4 6
6 7
6 8
7 9
9 10
9 11
10 12
12 13
12 14
13 15
15 16
16 17
16 20
17 18
17 19
18 21
19 22
20 22
21 23
23 24
23 25
24 26
26 27
27 28
27 35
28 29
28 34
29 30
29 33
30 31
30 32
31 36
32 37
33 37
34 37
35 37
36 38
38 39
38 40
39 41
41 42
41 43
42 44
44 45
44 46
45 47
47 48
47 49
48 50
50 51
50 52
51 53
53 54
54 55
54 62
55 56
55 61
56 57
56 60
57 58
57 59
58 63
59 64
60 64
61 64
62 64
63 65
65 66
65 67
66 68
68 69
68 70
69 71
71 72
71 73
72 74
74 75
74 76
75 77
77 78
77 79
78 80
80 81
80 82
81 83
83 84
83 85
84 86
86 87
86 88
87 89
89 90
89 91
90 92
92 93
92 94
93 95
95 96
95 97
96 98
98 99
98 100
99 101
101 102
101 103
102 104
104 105
104 106
105 107
107 108
107 109
108 110
110 111
110 112
111 113
113 114
113 115
114 116
116 117
116 118
117 119
119 120
119 121
120 122
122 123
122 124
123 125
125 126
125 127
126 128
128 129
128 130
129 131
131 132
131 133
132 134
134 135
134 136
135 137
137 138
137 139
138 140
140 141
140 142
141 143
143 144
143 145
144 146
146 147
146 148
147 149
149 150
149 151
150 152
152 153
152 154
153 155
155 156
155 157
156 158
158 159
158 160
159 161
161 162
161 163
162 164
164 165
164 166
165 167
167 168
167 169
168 170
170 171
170 172
171 173
173 174
173 175
174 176
176 177
176 178
177 179
179 180
179 181
180 182
182 183
182 184
183 185
185 186
185 187
186 188
188 189
188 190
189 191
191 192
191 193
192 194
194 195
194 196
195 197
197 198
197 199
198 200
200 201
200 202
201 203
203 204
203 205
204 206
206 207
206 208
207 209
209 210
209 211
210 212
212 213
212 214
213 215
215 216
215 217
216 218
218 219
218 220
219 221
221 222
221 223
222 224
224 225
224 226
225 227
227 228
227 229
228 230
230 231
230 232
231 233
233 234
233 235
234 236
236 237
236 238
237 239
239 240
239 241
240 242
242 243
242 244
243 245
245 246
245 247
246 248
248 249
248 250
249 251
1 0
1 0
1 0
1 0
1 0
37 36
0 1
0 2
2 3
2 4
4 5
4 6
6 7
6 8
8 9
8 10
10 11
10 12
12 13
12 14
14 15
14 16
16 17
16 18
18 19
18 20
20 21
20 22
22 23
22 24
24 25
24 26
26 27
26 28
28 29
28 30
30 31
30 32
32 33
32 34
34 35
34 36
37 36
0 1
0 2
2 3
2 4
4 5
4 6
6 7
6 8
8 9
8 10
10 11
10 12
12 13
12 14
14 15
14 16
16 17
16 18
18 19
18 20
20 21
20 22
22 23
22 24
24 25
24 26
26 27
26 28
28 29
28 30
30 31
30 32
32 33
32 34
34 35
34 36
3 4
0 1
0 2
1 1
1 2
4 5
0 1
0 3
1 2
2 2
2 3
18 22
0 1
0 2
1 3
2 3
3 4
3 5
4 6
5 6
6 7
6 8
7 9
8 9
9 10
9 11
10 12
11 12
12 13
13 14
14 15
14 16
15 14
16 17
18 23
0 1
0 2
1 3
2 3
3 4
3 5
4 6
5 6
6 7
6 8
7 9
8 9
9 10
9 11
10 12
11 12
12 13
13 14
13 16
14 15
15 15
15 16
16 17
9 8
0 1
0 2
2 3
2 4
4 5
4 6
6 7
6 8
9 8
0 1
0 2
2 3
2 4
4 5
4 6
6 7
6 8
1 0
5 8
0 1
0 2
1 1
1 2
2 3
2 4
3 3
3 4
7 10
0 1
0 3
1 2
2 2
2 3
3 4
3 6
4 5
5 5
5 6
5 8
0 1
0 2
1 1
1 2
2 3
2 4
3 3
3 4
7 10
0 1
0 3
1 2
2 2
2 3
3 4
3 6
4 5
5 5
5 6
1 0
1 0
1 0
1 0
1 0
1 0
1 0
5 8
0 1
0 2
1 1
1 2
2 3
2 4
3 3
3 4
10 16
0 1
0 6
1 2
2 3
2 5
3 4
3 5
4 4
4 6
5 5
5 6
6 7
6 9
7 8
8 8
8 9
1 0
1 0
3 2
0 1
0 2
3 2
0 1
0 2
3 2
0 1
0 2
3 2
0 1
0 2
3 2
0 1
0 2
3 2
0 1
0 2
3 2
0 1
0 2
3 2
0 1
0 2
3 2
0 1
0 2
3 2
0 1
0 2
3 2
0 1
0 2
3 2
0 1
0 2
1 0
1 0
1 0
1 0
1 0
7 6
0 1
0 2
2 3
2 4
4 5
4 6
7 6
0 1
0 2
2 3
2 4
4 5
4 6
11 12
0 1
0 2
1 6
2 3
2 4
3 5
4 5
5 6
6 7
6 8
8 9
8 10
11 12
0 1
0 2
1 6
2 3
2 4
3 5
4 5
5 6
6 7
6 8
8 9
8 10
15 18
0 1
0 2
2 3
2 4
4 5
4 9
5 6
5 7
7 8
8 5
8 9
9 10
9 14
10 11
10 12
12 13
13 10
13 14
17 20
0 1
0 2
2 3
2 4
4 5
4 10
5 6
6 7
6 8
8 9
9 6
9 10
10 11
10 16
11 12
12 13
12 14
14 15
15 12
15 16
1 0
8 11
0 1
0 7
1 2
1 3
2 3
3 4
3 5
4 3
5 6
5 7
6 7
8 11
0 1
0 7
1 2
1 3
2 3
3 4
3 5
4 3
5 6
5 7
6 7
13 16
0 1
1 2
1 6
2 3
2 4
3 5
4 5
5 7
6 7
7 8
7 12
8 9
8 10
9 11
10 11
11 1
13 16
0 1
1 2
1 6
2 3
2 4
3 5
4 5
5 7
6 7
7 8
7 12
8 9
8 10
9 11
10 11
11 1
13 16
0 1
1 2
1 6
2 3
2 4
3 5
4 5
5 7
6 7
7 8
7 12
8 9
8 10
9 11
10 11
11 1
13 16
0 1
1 2
1 6
2 3
2 4
3 5
4 5
5 7
6 7
7 8
7 12
8 9
8 10
9 11
10 11
11 1
13 16
0 1
1 2
1 6
2 3
2 4
3 5
4 5
5 7
6 7
7 8
7 12
8 9
8 10
9 11
10 11
11 1
13 16
0 1
1 2
1 6
2 3
2 4
3 5
4 5
5 7
6 7
7 8
7 12
8 9
8 10
9 11
10 11
11 1
13 16
0 1
1 2
1 6
2 3
2 4
3 5
4 5
5 7
6 7
7 8
7 12
8 9
8 10
9 11
10 11
11 1
13 16
0 1
1 2
1 6
2 3
2 4
3 5
4 5
5 7
6 7
7 8
7 12
8 9
8 10
9 11
10 11
11 1
25 32
0 1
1 2
1 6
2 3
2 4
3 5
4 5
5 7
6 7
7 8
7 12
8 9
8 10
9 11
10 11
11 1
12 13
13 14
13 18
14 15
14 16
15 17
16 17
17 19
18 19
19 20
19 24
20 21
20 22
21 23
22 23
23 13
25 32
0 1
1 2
1 6
2 3
2 4
3 5
4 5
5 7
6 7
7 8
7 12
8 9
8 10
9 11
10 11
11 1
12 13
13 14
13 18
14 15
14 16
15 17
16 17
17 19
18 19
19 20
19 24
20 21
20 22
21 23
22 23
23 13
25 32
0 1
1 2
1 6
2 3
2 4
3 5
4 5
5 7
6 7
7 8
7 12
8 9
8 10
9 11
10 11
11 1
12 13
13 14
13 18
14 15
14 16
15 17
16 17
17 19
18 19
19 20
19 24
20 21
20 22
21 23
22 23
23 13
25 32
0 1
1 2
1 6
2 3
2 4
3 5
4 5
5 7
6 7
7 8
7 12
8 9
8 10
9 11
10 11
11 1
12 13
13 14
13 18
14 15
14 16
15 17
16 17
17 19
18 19
19 20
19 24
20 21
20 22
21 23
22 23
23 13
17 20
0 1
0 2
2 3
2 4
4 5
5 6
5 10
6 7
6 8
7 9
8 9
9 11
10 11
11 12
11 16
12 13
12 14
13 15
14 15
15 5
17 20
0 1
0 2
2 3
2 4
4 5
5 6
5 10
6 7
6 8
7 9
8 9
9 11
10 11
11 12
11 16
12 13
12 14
13 15
14 15
15 5
13 16
0 1
1 2
1 3
2 7
3 4
3 5
4 6
5 6
6 7
7 8
7 9
8 12
9 10
9 11
10 12
11 12
12 14
0 1
1 2
2 3
2 4
3 5
4 5
5 6
6 7
6 8
7 11
8 9
8 10
9 11
10 11
27 34
0 1
1 2
1 6
2 3
2 4
3 5
4 5
5 7
6 7
7 8
7 24
8 9
9 10
9 14
10 11
10 12
11 13
12 13
13 15
14 15
15 16
15 20
16 17
16 18
17 19
18 19
19 9
20 21
20 22
21 23
22 23
23 1
24 25
24 26
27 34
0 1
1 2
1 6
2 3
2 4
3 5
4 5
5 7
6 7
7 8
7 24
8 9
9 10
9 14
10 11
10 12
11 13
12 13
13 15
14 15
15 16
15 20
16 17
16 18
17 19
18 19
19 9
20 21
20 22
21 23
22 23
23 1
24 25
24 26
17 20
0 1
0 2
2 3
2 4
4 5
5 6
5 10
6 7
6 8
7 9
8 9
9 11
10 11
11 12
11 16
12 13
12 14
13 15
14 15
15 5
17 20
0 1
0 2
2 3
2 4
4 5
5 6
5 10
6 7
6 8
7 9
8 9
9 11
10 11
11 12
11 16
12 13
12 14
13 15
14 15
15 5
9 8
0 1
0 2
2 3
2 4
4 5
4 6
6 7
6 8
9 8
0 1
0 2
2 3
2 4
4 5
4 6
6 7
6 8
1 0
1 0
1 0
1 0
1 0
7 9
0 1
0 2
1 3
2 3
3 4
3 5
4 6
4 5
5 6
7 9
0 1
0 2
1 3
2 3
3 4
3 5
4 6
4 5
5 6
1 0
1 0
3 4
0 1
0 2
1 1
1 2
4 5
0 1
0 3
1 2
2 2
2 3
12 15
0 1
0 2
2 3
2 4
3 5
4 5
5 6
5 7
6 8
7 8
8 9
8 10
9 11
9 10
10 11
12 15
0 1
0 2
2 3
2 4
3 5
4 5
5 6
5 7
6 8
7 8
8 9
8 10
9 11
9 10
10 11
4 4
0 1
0 2
1 3
2 3
4 4
0 1
0 2
1 3
2 3
3 2
0 1
0 2
3 2
0 1
0 2
1 0
1 0
1 0
1 0
1 0
1 0
3 4
0 1
0 2
1 1
1 2
4 5
0 1
0 3
1 2
2 2
2 3
1 0
1 0
4 5
0 1
0 2
1 3
1 2
2 3
4 5
0 1
0 2
1 3
1 2
2 3
1 0
1 0
3 2
0 1
0 2
3 2
0 1
0 2
1 0
1 0
1 0
1 0
1 0
1 0
1 0
1 0
1 0
1 0
1 0
1 0
1 0
1 0
1 0
1 0
1 0
1 0
1 0
1 0
6 7
0 1
0 5
1 2
1 3
3 4
4 1
4 5
7 8
0 1
0 6
1 2
2 3
2 4
4 5
5 2
5 6
9 10
0 1
0 2
1 3
2 3
3 4
3 5
5 6
5 7
6 8
7 8
9 10
0 1
0 2
1 3
2 3
3 4
3 5
5 6
5 7
6 8
7 8
5 6
0 1
0 4
1 2
1 3
2 2
2 3
5 5
0 1
0 4
1 2
2 2
2 3
5 4
0 1
0 4
1 2
1 3
5 4
0 1
0 4
1 2
1 3
4 4
0 1
0 2
1 3
2 3
4 4
0 1
0 2
1 3
2 3
1 0
1 0
1 0
1 0
1 0
1 0
1 0
1 0
1 0
1 0
1 0
1 0
1 0
1 0
1 0
1 0
1 0
1 0
1 0
1 0
1 0
1 0
1 0
1 0
1 0
1 0
1 0
1 0
1 0
1 0
1 0
1 0
5 4
0 1
0 4
1 2
1 3
5 4
0 1
0 4
1 2
1 3
5 4
0 1
0 4
1 2
1 3
5 4
0 1
0 4
1 2
1 3
5 4
0 1
0 4
1 2
1 3
5 4
0 1
0 4
1 2
1 3
5 4
0 1
0 4
1 2
1 3
5 4
0 1
0 4
1 2
1 3
1 0
1 0
1 0
1 0
1 0
1 0
1 0
1 0
1 0
1 0
1 0
1 0
1 0
1 0
1 0
1 0
19 24
0 1
0 8
1 2
1 6
2 3
2 4
3 5
4 5
5 7
6 7
7 18
8 9
8 16
9 10
9 14
10 11
10 12
11 13
12 13
13 15
14 15
15 17
16 17
17 18
19 24
0 1
0 8
1 2
1 6
2 3
2 4
3 5
4 5
5 7
6 7
7 18
8 9
8 16
9 10
9 14
10 11
10 12
11 13
12 13
13 15
14 15
15 17
16 17
17 18
19 24
0 1
0 8
1 2
1 6
2 3
2 4
3 5
4 5
5 7
6 7
7 18
8 9
8 16
9 10
9 14
10 11
10 12
11 13
12 13
13 15
14 15
15 17
16 17
17 18
19 24
0 1
0 8
1 2
1 6
2 3
2 4
3 5
4 5
5 7
6 7
7 18
8 9
8 16
9 10
9 14
10 11
10 12
11 13
12 13
13 15
14 15
15 17
16 17
17 18
257 256
0 1
0 2
2 3
2 4
4 5
4 6
6 7
6 8
8 9
8 10
10 11
10 12
12 13
12 14
14 15
14 16
16 17
16 18
18 19
18 20
20 21
20 22
22 23
22 24
24 25
24 26
26 27
26 28
28 29
28 30
30 31
30 32
32 33
32 34
34 35
34 36
36 37
36 38
38 39
38 40
40 41
40 42
42 43
42 44
44 45
44 46
46 47
46 48
48 49
48 50
50 51
50 52
52 53
52 54
54 55
54 56
56 57
56 58
58 59
58 60
60 61
60 62
62 63
62 64
64 65
64 66
66 67
66 68
68 69
68 70
70 71
70 72
72 73
72 74
74 75
74 76
76 77
76 78
78 79
78 80
80 81
80 82
82 83
82 84
84 85
84 86
86 87
86 88
88 89
88 90
90 91
90 92
92 93
92 94
94 95
94 96
96 97
96 98
98 99
98 100
100 101
100 102
102 103
102 104
104 105
104 106
106 107
106 108
108 109
108 110
110 111
110 112
112 113
112 114
114 115
114 116
116 117
116 118
118 119
118 120
120 121
120 122
122 123
122 124
124 125
124 126
126 127
126 128
128 129
128 130
130 131
130 132
132 133
132 134
134 135
134 136
136 137
136 138
138 139
138 140
140 141
140 142
142 143
142 144
144 145
144 146
146 147
146 148
148 149
148 150
150 151
150 152
152 153
152 154
154 155
154 156
156 157
156 158
158 159
158 160
160 161
160 162
162 163
162 164
164 165
164 166
166 167
166 168
168 169
168 170
170 171
170 172
172 173
172 174
174 175
174 176
176 177
176 178
178 179
178 180
180 181
180 182
182 183
182 184
184 185
184 186
186 187
186 188
188 189
188 190
190 191
190 192
192 193
192 194
194 195
194 196
196 197
196 198
198 199
198 200
200 201
200 202
202 203
202 204
204 205
204 206
206 207
206 208
208 209
208 210
210 211
210 212
212 213
212 214
214 215
214 216
216 217
216 218
218 219
218 220
220 221
220 222
222 223
222 224
224 225
224 226
226 227
226 228
228 229
228 230
230 231
230 232
232 233
232 234
234 235
234 236
236 237
236 238
238 239
238 240
240 241
240 242
242 243
242 244
244 245
244 246
246 247
246 248
248 249
248 250
250 251
250 252
252 253
252 254
254 255
254 256
257 256
0 1
0 2
2 3
2 4
4 5
4 6
6 7
6 8
8 9
8 10
10 11
10 12
12 13
12 14
14 15
14 16
16 17
16 18
18 19
18 20
20 21
20 22
22 23
22 24
24 25
24 26
26 27
26 28
28 29
28 30
30 31
30 32
32 33
32 34
34 35
34 36
36 37
36 38
38 39
38 40
40 41
40 42
42 43
42 44
44 45
44 46
46 47
46 48
48 49
48 50
50 51
50 52
52 53
52 54
54 55
54 56
56 57
56 58
58 59
58 60
60 61
60 62
62 63
62 64
64 65
64 66
66 67
66 68
68 69
68 70
70 71
70 72
72 73
72 74
74 75
74 76
76 77
76 78
78 79
78 80
80 81
80 82
82 83
82 84
84 85
84 86
86 87
86 88
88 89
88 90
90 91
90 92
92 93
92 94
94 95
94 96
96 97
96 98
98 99
98 100
100 101
100 102
102 103
102 104
104 105
104 106
106 107
106 108
108 109
108 110
110 111
110 112
112 113
112 114
114 115
114 116
116 117
116 118
118 119
118 120
120 121
120 122
122 123
122 124
124 125
124 126
126 127
126 128
128 129
128 130
130 131
130 132
132 133
132 134
134 135
134 136
136 137
136 138
138 139
138 140
140 141
140 142
142 143
142 144
144 145
144 146
146 147
146 148
148 149
148 150
150 151
150 152
152 153
152 154
154 155
154 156
156 157
156 158
158 159
158 160
160 161
160 162
162 163
162 164
164 165
164 166
166 167
166 168
168 169
168 170
170 171
170 172
172 173
172 174
174 175
174 176
176 177
176 178
178 179
178 180
180 181
180 182
182 183
182 184
184 185
184 186
186 187
186 188
188 189
188 190
190 191
190 192
192 193
192 194
194 195
194 196
196 197
196 198
198 199
198 200
200 201
200 202
202 203
202 204
204 205
204 206
206 207
206 208
208 209
208 210
210 211
210 212
212 213
212 214
214 215
214 216
216 217
216 218
218 219
218 220
220 221
220 222
222 223
222 224
224 225
224 226
226 227
226 228
228 229
228 230
230 231
230 232
232 233
232 234
234 235
234 236
236 237
236 238
238 239
238 240
240 241
240 242
242 243
242 244
244 245
244 246
246 247
246 248
248 249
248 250
250 251
250 252
252 253
252 254
254 255
254 256
6 6
0 1
0 2
2 3
2 4
3 5
4 5
6 6
0 1
0 2
2 3
2 4
3 5
4 5
13 12
0 1
0 2
2 3
2 10
3 4
3 5
5 6
5 7
7 8
7 9
10 11
10 12
13 12
0 1
0 2
2 3
2 10
3 4
3 5
5 6
5 7
7 8
7 9
10 11
10 12
1 0
1 0
11 10
0 1
0 10
1 2
1 3
3 4
3 5
5 6
5 7
7 8
7 9
11 10
0 1
0 10
1 2
1 3
3 4
3 5
5 6
5 7
7 8
7 9
257 256
0 1
0 2
2 3
2 4
4 5
4 6
6 7
6 8
8 9
8 10
10 11
10 12
12 13
12 14
14 15
14 16
16 17
16 18
18 19
18 20
20 21
20 22
22 23
22 24
24 25
24 26
26 27
26 28
28 29
28 30
30 31
30 32
32 33
32 34
34 35
34 36
36 37
36 38
38 39
38 40
40 41
40 42
42 43
42 44
44 45
44 46
46 47
46 48
48 49
48 50
50 51
50 52
52 53
52 54
54 55
54 56
56 57
56 58
58 59
58 60
60 61
60 62
62 63
62 64
64 65
64 66
66 67
66 68
68 69
68 70
70 71
70 72
72 73
72 74
74 75
74 76
76 77
76 78
78 79
78 80
80 81
80 82
82 83
82 84
84 85
84 86
86 87
86 88
88 89
88 90
90 91
90 92
92 93
92 94
94 95
94 96
96 97
96 98
98 99
98 100
100 101
100 102
102 103
102 104
104 105
104 106
106 107
106 108
108 109
108 110
110 111
110 112
112 113
112 114
114 115
114 116
116 117
116 118
118 119
118 120
120 121
120 122
122 123
122 124
124 125
124 126
126 127
126 128
128 129
128 130
130 131
130 132
132 133
132 134
134 135
134 136
136 137
136 138
138 139
138 140
140 141
140 142
142 143
142 144
144 145
144 146
146 147
146 148
148 149
148 150
150 151
150 152
152 153
152 154
154 155
154 156
156 157
156 158
158 159
158 160
160 161
160 162
162 163
162 164
164 165
164 166
166 167
166 168
168 169
168 170
170 171
170 172
172 173
172 174
174 175
174 176
176 177
176 178
178 179
178 180
180 181
180 182
182 183
182 184
184 185
184 186
186 187
186 188
188 189
188 190
190 191
190 192
192 193
192 194
194 195
194 196
196 197
196 198
198 199
198 200
200 201
200 202
202 203
202 204
204 205
204 206
206 207
206 208
208 209
208 210
210 211
210 212
212 213
212 214
214 215
214 216
216 217
216 218
218 219
218 220
220 221
220 222
222 223
222 224
224 225
224 226
226 227
226 228
228 229
228 230
230 231
230 232
232 233
232 234
234 235
234 236
236 237
236 238
238 239
238 240
240 241
240 242
242 243
242 244
244 245
244 246
246 247
246 248
248 249
248 250
250 251
250 252
252 253
252 254
254 255
254 256
257 256
0 1
0 2
2 3
2 4
4 5
4 6
6 7
6 8
8 9
8 10
10 11
10 12
12 13
12 14
14 15
14 16
16 17
16 18
18 19
18 20
20 21
20 22
22 23
22 24
24 25
24 26
26 27
26 28
28 29
28 30
30 31
30 32
32 33
32 34
34 35
34 36
36 37
36 38
38 39
38 40
40 41
40 42
42 43
42 44
44 45
44 46
46 47
46 48
48 49
48 50
50 51
50 52
52 53
52 54
54 55
54 56
56 57
56 58
58 59
58 60
60 61
60 62
62 63
62 64
64 65
64 66
66 67
66 68
68 69
68 70
70 71
70 72
72 73
72 74
74 75
74 76
76 77
76 78
78 79
78 80
80 81
80 82
82 83
82 84
84 85
84 86
86 87
86 88
88 89
88 90
90 91
90 92
92 93
92 94
94 95
94 96
96 97
96 98
98 99
98 100
100 101
100 102
102 103
102 104
104 105
104 106
106 107
106 108
108 109
108 110
110 111
110 112
112 113
112 114
114 115
114 116
116 117
116 118
118 119
118 120
120 121
120 122
122 123
122 124
124 125
124 126
126 127
126 128
128 129
128 130
130 131
130 132
132 133
132 134
134 135
134 136
136 137
136 138
138 139
138 140
140 141
140 142
142 143
142 144
144 145
144 146
146 147
146 148
148 149
148 150
150 151
150 152
152 153
152 154
154 155
154 156
156 157
156 158
158 159
158 160
160 161
160 162
162 163
162 164
164 165
164 166
166 167
166 168
168 169
168 170
170 171
170 172
172 173
172 174
174 175
174 176
176 177
176 178
178 179
178 180
180 181
180 182
182 183
182 184
184 185
184 186
186 187
186 188
188 189
188 190
190 191
190 192
192 193
192 194
194 195
194 196
196 197
196 198
198 199
198 200
200 201
200 202
202 203
202 204
204 205
204 206
206 207
206 208
208 209
208 210
210 211
210 212
212 213
212 214
214 215
214 216
216 217
216 218
218 219
218 220
220 221
220 222
222 223
222 224
224 225
224 226
226 227
226 228
228 229
228 230
230 231
230 232
232 233
232 234
234 235
234 236
236 237
236 238
238 239
238 240
240 241
240 242
242 243
242 244
244 245
244 246
246 247
246 248
248 249
248 250
250 251
250 252
252 253
252 254
254 255
254 256
33 32
0 1
0 2
2 3
2 4
4 5
4 6
6 7
6 8
8 9
8 10
10 11
10 12
12 13
12 14
14 15
14 16
16 17
16 18
18 19
18 20
20 21
20 22
22 23
22 24
24 25
24 26
26 27
26 28
28 29
28 30
30 31
30 32
33 32
0 1
0 2
2 3
2 4
4 5
4 6
6 7
6 8
8 9
8 10
10 11
10 12
12 13
12 14
14 15
14 16
16 17
16 18
18 19
18 20
20 21
20 22
22 23
22 24
24 25
24 26
26 27
26 28
28 29
28 30
30 31
30 32
1 0
1 0
4 4
0 1
0 2
1 3
2 3
4 4
0 1
0 2
1 3
2 3
17 18
0 1
0 2
2 3
2 4
4 5
4 6
6 7
6 8
8 9
8 13
9 10
9 11
10 12
11 12
12 14
13 14
14 15
14 16
17 18
0 1
0 2
2 3
2 4
4 5
4 6
6 7
6 8
8 9
8 13
9 10
9 11
10 12
11 12
12 14
13 14
14 15
14 16
4 4
0 1
0 2
1 3
2 3
4 4
0 1
0 2
1 3
2 3
9 8
0 1
0 2
2 3
2 4
4 5
4 6
6 7
6 8
9 8
0 1
0 2
2 3
2 4
4 5
4 6
6 7
6 8
133 132
0 1
0 2
2 3
2 4
4 5
4 6
6 7
6 8
8 9
8 10
10 11
10 12
12 13
12 14
14 15
14 16
16 17
16 18
18 19
18 20
20 21
20 22
22 23
22 24
24 25
24 26
26 27
26 28
28 29
28 30
30 31
30 32
32 33
32 34
34 35
34 36
36 37
36 38
38 39
38 40
40 41
40 42
42 43
42 44
44 45
44 46
46 47
46 48
48 49
48 50
50 51
50 52
52 53
52 54
54 55
54 56
56 57
56 58
58 59
58 60
60 61
60 62
62 63
62 64
64 65
64 66
66 67
66 68
68 69
68 70
70 71
70 72
72 73
72 74
74 75
74 76
76 77
76 78
78 79
78 80
80 81
80 82
82 83
82 84
84 85
84 86
86 87
86 88
88 89
88 90
90 91
90 92
92 93
92 94
94 95
94 96
96 97
96 98
98 99
98 100
100 101
100 102
102 103
102 104
104 105
104 106
106 107
106 108
108 109
108 110
110 111
110 112
112 113
112 114
114 115
114 116
116 117
116 118
118 119
118 120
120 121
120 122
122 123
122 124
124 125
124 126
126 127
126 128
128 129
128 130
130 131
130 132
133 132
0 1
0 2
2 3
2 4
4 5
4 6
6 7
6 8
8 9
8 10
10 11
10 12
12 13
12 14
14 15
14 16
16 17
16 18
18 19
18 20
20 21
20 22
22 23
22 24
24 25
24 26
26 27
26 28
28 29
28 30
30 31
30 32
32 33
32 34
34 35
34 36
36 37
36 38
38 39
38 40
40 41
40 42
42 43
42 44
44 45
44 46
46 47
46 48
48 49
48 50
50 51
50 52
52 53
52 54
54 55
54 56
56 57
56 58
58 59
58 60
60 61
60 62
62 63
62 64
64 65
64 66
66 67
66 68
68 69
68 70
70 71
70 72
72 73
72 74
74 75
74 76
76 77
76 78
78 79
78 80
80 81
80 82
82 83
82 84
84 85
84 86
86 87
86 88
88 89
88 90
90 91
90 92
92 93
92 94
94 95
94 96
96 97
96 98
98 99
98 100
100 101
100 102
102 103
102 104
104 105
104 106
106 107
106 108
108 109
108 110
110 111
110 112
112 113
112 114
114 115
114 116
116 117
116 118
118 119
118 120
120 121
120 122
122 123
122 124
124 125
124 126
126 127
126 128
128 129
128 130
130 131
130 132
15 14
0 1
0 2
2 3
2 4
4 5
4 6
6 7
6 8
8 9
8 10
10 11
10 12
12 13
12 14
15 14
0 1
0 2
2 3
2 4
4 5
4 6
6 7
6 8
8 9
8 10
10 11
10 12
12 13
12 14
5 4
0 1
0 2
2 3
2 4
5 4
0 1
0 2
2 3
2 4
133 177
0 1
0 2
1 3
2 3
3 4
3 5
4 6
5 6
6 7
7 8
7 12
8 9
8 10
9 11
10 11
11 7
12 13
13 14
13 18
14 15
15 16
15 17
16 15
17 13
18 19
19 20
19 75
20 21
21 22
21 23
22 21
23 24
23 25
24 32
25 26
25 27
26 31
27 28
27 29
28 30
29 30
30 31
31 32
32 33
32 55
33 34
34 35
34 42
35 36
35 40
36 37
36 38
37 39
38 39
39 41
40 41
41 34
42 43
42 44
43 48
44 45
44 46
45 47
46 47
47 48
48 49
48 53
49 50
49 51
50 52
51 52
52 54
53 54
54 56
55 56
56 57
56 73
57 58
58 59
58 60
59 58
60 61
60 71
61 62
62 63
62 64
63 62
64 65
65 66
65 70
66 67
67 68
67 69
68 67
69 65
70 72
71 72
72 74
73 74
74 19
75 76
75 80
76 77
77 78
77 79
78 77
79 84
80 81
80 82
81 83
82 83
83 84
84 85
85 86
85 87
86 85
87 88
88 89
88 115
89 90
90 91
90 95
91 92
91 93
92 94
93 94
94 96
95 96
96 97
96 114
97 98
98 99
98 100
99 113
100 101
100 102
101 113
102 103
102 104
103 113
104 105
104 106
105 113
106 107
106 108
107 113
108 109
108 110
109 113
110 111
110 112
111 113
112 113
113 90
114 88
115 116
116 117
116 118
117 116
118 119
118 123
119 120
119 121
120 122
121 122
123 124
124 125
124 126
125 124
126 127
126 128
127 129
128 129
129 130
129 131
130 132
131 132
133 178
0 1
0 2
1 3
2 3
3 4
3 5
4 6
5 6
6 7
6 12
7 8
8 9
8 10
9 11
10 11
11 8
11 12
12 13
13 14
13 18
14 15
15 16
15 17
16 15
17 13
18 19
19 20
19 75
20 21
21 22
21 23
22 21
23 24
23 25
24 32
25 26
25 27
26 31
27 28
27 29
28 30
29 30
30 31
31 32
32 33
32 55
33 34
34 35
34 42
35 36
35 40
36 37
36 38
37 39
38 39
39 41
40 41
41 34
42 43
42 44
43 48
44 45
44 46
45 47
46 47
47 48
48 49
48 53
49 50
49 51
50 52
51 52
52 54
53 54
54 56
55 56
56 57
56 73
57 58
58 59
58 60
59 58
60 61
60 71
61 62
62 63
62 64
63 62
64 65
65 66
65 70
66 67
67 68
67 69
68 67
69 65
70 72
71 72
72 74
73 74
74 19
75 76
75 80
76 77
77 78
77 79
78 77
79 84
80 81
80 82
81 83
82 83
83 84
84 85
85 86
85 87
86 85
87 88
88 89
88 115
89 90
90 91
90 95
91 92
91 93
92 94
93 94
94 96
95 96
96 97
96 114
97 98
98 99
98 100
99 113
100 101
100 102
101 113
102 103
102 104
103 113
104 105
104 106
105 113
106 107
106 108
107 113
108 109
108 110
109 113
110 111
110 112
111 113
112 113
113 90
114 88
115 116
116 117
116 118
117 116
118 119
118 123
119 120
119 121
120 122
121 122
123 124
124 125
124 126
125 124
126 127
126 128
127 129
128 129
129 130
129 131
130 132
131 132
1 0
1 0
1 0
1 0
25 30
0 1
0 14
1 2
1 3
2 7
3 4
3 5
4 6
5 6
6 7
7 8
7 12
8 9
8 10
9 11
10 11
11 13
12 13
14 15
14 16
16 17
16 21
17 18
17 19
18 20
19 20
20 22
21 22
22 23
22 24
25 30
0 1
0 14
1 2
1 3
2 7
3 4
3 5
4 6
5 6
6 7
7 8
7 12
8 9
8 10
9 11
10 11
11 13
12 13
14 15
14 16
16 17
16 21
17 18
17 19
18 20
19 20
20 22
21 22
22 23
22 24
13 14
0 1
0 8
1 2
1 3
2 7
3 4
3 5
4 6
5 6
6 7
8 9
8 10
10 11
10 12
13 14
0 1
0 8
1 2
1 3
2 7
3 4
3 5
4 6
5 6
6 7
8 9
8 10
10 11
10 12
3 2
0 1
0 2
3 2
0 1
0 2
1 0
1 0
16 18
0 1
0 5
1 2
1 3
2 4
3 4
4 6
5 6
6 7
6 13
7 8
7 9
8 10
9 10
10 11
10 12
13 14
13 15
16 18
0 1
0 5
1 2
1 3
2 4
3 4
4 6
5 6
6 7
6 13
7 8
7 9
8 10
9 10
10 11
10 12
13 14
13 15
1 0
1 0
1 0
1 0
4 4
0 1
0 2
1 3
2 3
4 4
0 1
0 2
1 3
2 3
13 12
0 1
0 4
1 2
1 3
4 5
4 6
6 7
6 8
8 9
8 10
10 11
10 12
13 12
0 1
0 4
1 2
1 3
4 5
4 6
6 7
6 8
8 9
8 10
10 11
10 12
13 12
0 1
0 4
1 2
1 3
4 5
4 6
6 7
6 8
8 9
8 10
10 11
10 12
13 12
0 1
0 4
1 2
1 3
4 5
4 6
6 7
6 8
8 9
8 10
10 11
10 12
7 6
0 1
0 4
1 2
1 3
4 5
4 6
7 6
0 1
0 4
1 2
1 3
4 5
4 6
13 12
0 1
0 4
1 2
1 3
4 5
4 6
6 7
6 8
8 9
8 10
10 11
10 12
13 12
0 1
0 4
1 2
1 3
4 5
4 6
6 7
6 8
8 9
8 10
10 11
10 12
13 12
0 1
0 4
1 2
1 3
4 5
4 6
6 7
6 8
8 9
8 10
10 11
10 12
13 12
0 1
0 4
1 2
1 3
4 5
4 6
6 7
6 8
8 9
8 10
10 11
10 12
7 6
0 1
0 4
1 2
1 3
4 5
4 6
7 6
0 1
0 4
1 2
1 3
4 5
4 6
7 8
0 1
1 2
1 3
2 6
3 4
3 5
4 6
5 6
7 8
0 1
1 2
1 3
2 6
3 4
3 5
4 6
5 6
5 4
0 1
0 2
2 3
2 4
5 4
0 1
0 2
2 3
2 4
3 2
0 1
0 2
3 2
0 1
0 2
9 9
0 1
1 2
1 3
2 4
3 4
4 5
4 6
6 7
6 8
9 9
0 1
1 2
1 3
2 4
3 4
4 5
4 6
6 7
6 8
1 0
1 0
1 0
1 0
1 0
1 0
1 0
1 0
1 0
1 0
1 0
1 0
3 2
0 1
0 2
3 2
0 1
0 2
9 9
0 1
1 2
1 3
2 4
3 4
4 5
4 6
6 7
6 8
9 9
0 1
1 2
1 3
2 4
3 4
4 5
4 6
6 7
6 8
1 0
1 0
1 0
1 0
1 0
1 0
1 0
1 0
1 0
1 0
1 0
1 0
3 2
0 1
0 2
3 2
0 1
0 2
15 16
0 1
0 2
2 3
2 4
4 5
4 6
6 7
6 11
7 8
7 9
8 10
9 10
10 12
11 12
12 13
12 14
15 16
0 1
0 2
2 3
2 4
4 5
4 6
6 7
6 11
7 8
7 9
8 10
9 10
10 12
11 12
12 13
12 14
1 0
1 0
1 0
3 2
0 1
0 2
5 4
0 1
0 2
2 3
2 4
5 4
0 1
0 2
2 3
2 4
3 2
0 1
0 2
3 2
0 1
0 2
3 2
0 1
0 2
3 2
0 1
0 2
5 8
0 1
0 2
1 1
1 2
2 3
2 4
3 3
3 4
7 10
0 1
0 3
1 2
2 2
2 3
3 4
3 6
4 5
5 5
5 6
12 17
0 1
0 2
2 3
2 4
3 3
3 4
4 5
4 6
6 7
6 8
7 9
7 8
8 9
9 10
9 11
10 10
10 11
12 15
0 1
0 2
2 3
3 3
3 4
4 5
4 6
6 7
6 8
7 9
7 8
8 9
9 10
10 10
10 11
4 5
0 1
0 2
1 3
1 2
2 3
4 5
0 1
0 2
1 3
1 2
2 3
4 5
0 1
0 2
1 3
1 2
2 3
4 5
0 1
0 2
1 3
1 2
2 3
1 0
1 0
22 28
0 1
1 2
1 21
2 3
2 4
3 20
4 5
4 18
5 6
6 7
6 17
7 8
7 9
8 16
9 10
9 14
10 11
11 12
11 13
12 11
13 15
14 15
15 16
16 6
17 19
18 19
19 20
20 1
19 28
0 1
0 18
1 2
1 3
2 17
3 4
3 15
4 5
4 14
5 6
5 7
6 13
7 8
7 11
8 9
8 10
9 9
9 10
10 12
11 12
12 13
13 5
13 14
14 16
15 16
16 17
17 1
17 18
29 37
0 1
0 2
2 3
2 4
3 5
3 4
4 5
5 6
6 7
7 8
7 27
8 9
8 10
9 26
10 11
10 24
11 12
12 13
12 23
13 14
13 15
14 22
15 16
15 20
16 17
17 18
17 19
18 17
19 21
20 21
21 22
22 12
23 25
24 25
25 26
26 7
27 28
26 37
0 1
0 2
2 3
2 4
3 5
3 4
4 5
5 6
6 7
6 24
7 8
7 9
8 23
9 10
9 21
10 11
10 20
11 12
11 13
12 19
13 14
13 17
14 15
14 16
15 15
15 16
16 18
17 18
18 19
19 11
19 20
20 22
21 22
22 23
23 7
23 24
24 25
1 0
5 4
0 1
0 2
2 3
2 4
5 4
0 1
0 2
2 3
2 4
1 0
1 0
28 36
0 1
1 2
1 6
2 3
2 4
3 5
4 5
5 7
6 7
7 8
7 27
8 9
9 10
9 14
10 11
10 12
11 13
12 13
13 15
14 15
15 16
15 26
16 17
16 21
17 18
17 19
18 20
19 20
20 22
21 22
22 23
22 24
23 25
24 25
25 9
26 1
28 36
0 1
1 2
1 6
2 3
2 4
3 5
4 5
5 7
6 7
7 8
7 27
8 9
9 10
9 14
10 11
10 12
11 13
12 13
13 15
14 15
15 16
15 26
16 17
16 21
17 18
17 19
18 20
19 20
20 22
21 22
22 23
22 24
23 25
24 25
25 9
26 1
4 5
0 1
0 2
1 3
1 2
2 3
4 5
0 1
0 2
1 3
1 2
2 3
16 18
0 1
1 2
1 3
2 4
3 4
4 5
4 15
5 6
5 7
6 8
7 8
8 9
9 10
9 11
10 12
11 12
12 13
12 14
14 14
0 1
1 2
1 3
2 4
3 13
4 5
4 6
5 7
6 7
7 8
8 9
8 10
9 11
10 12
1 0
1 0
1 0
1 0
1 0
1 0
1 0
6 9
0 1
0 2
1 3
1 2
2 3
3 4
3 5
4 4
4 5
11 18
0 1
0 2
1 3
1 2
2 3
3 4
3 10
4 5
5 6
5 9
6 7
6 9
7 8
7 9
8 8
8 10
9 9
9 10
1 0
1 0
1 0
15 19
0 1
1 2
2 3
2 7
3 4
3 5
4 6
5 6
6 2
7 8
8 9
8 10
9 11
9 10
10 11
11 12
12 13
12 14
13 12
15 20
0 1
1 2
1 7
2 3
3 4
3 5
4 6
5 6
6 3
6 7
7 8
8 9
8 10
9 11
9 10
10 11
11 12
12 13
12 14
13 12
7 8
0 1
1 2
1 6
2 3
2 4
3 5
4 5
5 1
7 9
0 1
0 6
1 2
2 3
2 4
3 5
4 5
5 2
5 6
1 0
9 10
0 1
0 5
1 2
1 3
2 4
3 4
4 6
5 6
6 7
6 8
9 10
0 1
0 5
1 2
1 3
2 4
3 4
4 6
5 6
6 7
6 8
1 0
1 0
1 0
1 0
1 0
1 0
1 0
1 0
1 0
1 0
1 0
1 0
1 0
1 1
0 0
1 1
0 0
1 0
1 0
1 0
1 0
1 0
1 0
1 0
1 0
1 0
1 0
1 0
1 0
1 0
1 0
1 0
5 4
0 1
0 2
2 3
2 4
5 4
0 1
0 2
2 3
2 4
1 0
1 0
13 16
0 1
1 2
1 3
2 4
3 4
4 5
4 12
5 6
5 7
6 11
7 8
7 9
8 10
9 10
10 11
11 1
12 15
0 1
1 2
1 3
2 4
2 11
3 11
4 5
4 6
5 10
6 7
6 8
7 9
8 9
9 10
10 1
1 0
1 0
3 2
0 1
0 2
3 2
0 1
0 2
1 0
1 0
1 0
3 2
0 1
0 2
6 7
0 1
0 2
1 3
1 2
2 3
3 4
3 5
5 4
0 1
1 2
2 3
2 4
4 5
0 1
0 2
1 3
1 2
2 3
3 2
0 1
1 2
5 4
0 1
0 2
2 3
2 4
5 4
0 1
0 2
2 3
2 4
20 24
0 1
0 2
2 3
2 4
4 5
5 6
5 10
6 7
6 8
7 9
8 9
9 11
10 11
11 12
11 19
12 13
12 14
13 18
14 15
14 16
15 17
16 17
17 18
18 5
20 24
0 1
0 2
2 3
2 4
4 5
5 6
5 10
6 7
6 8
7 9
8 9
9 11
10 11
11 12
11 19
12 13
12 14
13 18
14 15
14 16
15 17
16 17
17 18
18 5
10 12
0 1
1 2
1 6
2 3
2 4
3 5
4 5
5 7
6 7
7 8
7 9
8 1
10 12
0 1
1 2
1 6
2 3
2 4
3 5
4 5
5 7
6 7
7 8
7 9
8 1
19 25
0 1
0 2
1 3
1 2
2 3
3 4
3 5
4 6
5 6
6 7
7 8
7 15
8 9
8 10
9 11
10 11
11 12
11 13
12 14
13 14
14 7
15 16
15 17
16 18
17 18
27 37
0 1
1 2
2 3
2 4
3 5
4 5
5 6
5 23
6 7
7 8
7 16
8 9
8 16
9 10
9 11
10 12
11 12
12 13
12 14
13 15
14 15
15 9
15 23
16 17
16 18
17 19
18 19
19 20
19 21
20 22
21 22
22 16
22 23
23 24
23 25
24 26
25 26
8 13
0 1
0 2
1 3
1 2
2 3
3 4
3 5
4 4
4 5
5 6
5 7
6 6
6 7
9 12
0 1
1 2
2 3
2 5
3 4
4 4
4 5
5 6
5 8
6 7
7 7
7 8
24 31
0 1
0 2
2 3
2 4
3 5
3 4
4 5
5 6
5 10
6 7
7 8
7 9
8 7
9 14
10 11
11 12
11 13
12 11
13 14
14 15
14 19
15 16
15 17
16 18
17 18
18 20
19 20
20 21
20 22
21 23
22 23
23 29
0 1
0 2
2 3
3 4
4 5
4 9
5 6
5 8
6 7
7 7
7 8
8 13
9 10
10 11
10 12
11 10
12 13
13 14
13 18
14 15
14 16
15 17
16 17
17 19
18 19
19 20
19 21
20 22
21 22
3 2
0 1
0 2
3 2
0 1
0 2
3 4
0 1
0 2
1 1
1 2
3 4
0 1
0 2
1 1
1 2
7 8
0 1
1 2
1 6
2 3
2 4
3 5
4 5
5 1
7 9
0 1
0 6
1 2
2 3
2 4
3 5
4 5
5 2
5 6
5 4
0 1
0 4
1 2
1 3
5 4
0 1
0 4
1 2
1 3
1 0
1 0
5 4
0 1
0 2
2 3
2 4
5 4
0 1
0 2
2 3
2 4
1 0
1 0
92 116
0 1
0 2
2 3
2 4
3 5
4 5
5 6
6 7
6 8
7 9
8 9
9 10
9 11
10 6
11 12
11 13
13 14
13 15
15 16
15 60
16 17
17 18
17 19
18 20
19 20
20 21
20 22
21 17
22 23
22 24
24 25
24 26
25 27
26 27
27 28
27 53
28 29
28 30
29 31
30 31
31 32
31 33
32 40
33 34
33 35
34 36
35 36
36 37
36 38
37 39
38 39
39 40
40 41
41 42
41 43
42 44
43 44
44 45
44 49
45 46
45 47
46 48
47 48
48 41
49 50
49 51
50 52
51 52
52 54
53 54
54 55
54 56
56 57
56 58
57 59
58 59
60 61
60 91
61 62
61 63
62 64
63 64
64 65
64 66
65 73
66 67
66 68
67 69
68 69
69 70
69 71
70 72
71 72
72 73
73 74
74 75
74 76
75 77
76 77
77 78
77 82
78 79
78 80
79 81
80 81
81 74
82 83
82 84
83 85
84 85
85 86
85 87
87 88
87 89
88 90
89 90
92 116
0 1
0 2
2 3
2 4
3 5
4 5
5 6
6 7
6 8
7 9
8 9
9 10
9 11
10 6
11 12
11 13
13 14
13 15
15 16
15 60
16 17
17 18
17 19
18 20
19 20
20 21
20 22
21 17
22 23
22 24
24 25
24 26
25 27
26 27
27 28
27 53
28 29
28 30
29 31
30 31
31 32
31 33
32 40
33 34
33 35
34 36
35 36
36 37
36 38
37 39
38 39
39 40
40 41
41 42
41 43
42 44
43 44
44 45
44 49
45 46
45 47
46 48
47 48
48 41
49 50
49 51
50 52
51 52
52 54
53 54
54 55
54 56
56 57
56 58
57 59
58 59
60 61
60 91
61 62
61 63
62 64
63 64
64 65
64 66
65 73
66 67
66 68
67 69
68 69
69 70
69 71
70 72
71 72
72 73
73 74
74 75
74 76
75 77
76 77
77 78
77 82
78 79
78 80
79 81
80 81
81 74
82 83
82 84
83 85
84 85
85 86
85 87
87 88
87 89
88 90
89 90
3 2
0 1
0 2
3 2
0 1
0 2
3 4
0 1
0 2
1 1
1 2
4 5
0 1
0 3
1 2
2 2
2 3
3 2
0 1
0 2
3 2
0 1
0 2
6 6
0 1
0 2
1 3
2 3
3 4
3 5
6 6
0 1
0 2
1 3
2 3
3 4
3 5
7 6
0 1
0 2
2 3
2 6
3 4
3 5
7 6
0 1
0 2
2 3
2 6
3 4
3 5
3 2
0 1
0 2
3 2
0 1
0 2
1 0
1 0
1 0
1 0
1 0
1 0
1 0
1 0
1 0
1 0
1 0
1 0
1 0
1 0
1 0
1 0
22 24
0 1
0 2
1 3
2 3
3 4
3 5
5 6
5 7
6 8
7 8
8 9
8 10
10 11
10 17
11 12
11 13
12 14
13 14
14 15
14 16
17 18
17 19
19 20
19 21
22 24
0 1
0 2
1 3
2 3
3 4
3 5
5 6
5 7
6 8
7 8
8 9
8 10
10 11
10 17
11 12
11 13
12 14
13 14
14 15
14 16
17 18
17 19
19 20
19 21
3 2
0 1
0 2
1 0
10 12
0 1
1 2
1 6
2 3
2 4
3 5
4 5
5 7
6 7
7 8
7 9
8 1
10 12
0 1
1 2
1 6
2 3
2 4
3 5
4 5
5 7
6 7
7 8
7 9
8 1
10 12
0 1
0 2
1 3
2 3
3 4
3 5
4 6
5 6
6 7
6 8
7 9
8 9
10 12
0 1
0 2
1 3
2 3
3 4
3 5
4 6
5 6
6 7
6 8
7 9
8 9
6 9
0 1
0 2
1 3
1 2
2 3
3 4
3 5
4 4
4 5
10 16
0 1
0 2
1 3
1 2
2 3
3 4
3 9
4 5
5 6
5 8
6 7
6 8
7 7
7 9
8 8
8 9
21 26
0 1
0 2
1 6
2 3
2 4
3 5
4 5
5 6
6 7
6 11
7 8
7 9
8 10
9 10
10 18
11 12
11 13
12 17
13 14
13 15
14 16
15 16
16 17
17 18
18 19
18 20
21 26
0 1
0 2
1 6
2 3
2 4
3 5
4 5
5 6
6 7
6 11
7 8
7 9
8 10
9 10
10 18
11 12
11 13
12 17
13 14
13 15
14 16
15 16
16 17
17 18
18 19
18 20
65 84
0 1
0 2
1 3
1 2
2 3
3 4
3 14
4 5
4 9
5 6
5 7
6 8
7 8
8 13
9 10
9 11
10 12
11 12
12 13
14 15
15 16
15 20
16 17
16 18
17 19
18 19
19 21
20 21
21 22
21 26
22 23
22 24
23 25
24 25
26 27
27 28
27 29
28 30
29 30
30 31
30 32
31 33
32 33
33 34
34 35
34 36
35 37
36 37
37 38
38 39
38 40
39 41
40 41
41 42
41 64
42 43
42 44
43 45
44 45
45 46
45 47
46 48
47 48
48 49
48 50
49 57
50 51
50 55
51 52
51 53
52 54
53 54
54 56
55 56
56 57
57 58
57 59
58 63
59 60
59 61
60 62
61 62
62 63
63 38
64 81
0 1
1 2
2 3
2 13
3 4
3 8
4 5
4 6
5 7
6 7
7 12
8 9
8 10
9 11
10 11
11 12
13 14
14 15
14 19
15 16
15 17
16 18
17 18
18 20
19 20
20 21
20 25
21 22
21 23
22 24
23 24
25 26
26 27
26 28
27 29
28 29
29 30
29 31
30 32
31 32
32 33
33 34
33 35
34 36
35 36
36 37
37 38
37 39
38 40
39 40
40 41
40 63
41 42
41 43
42 44
43 44
44 45
44 46
45 47
46 47
47 48
47 49
48 56
49 50
49 54
50 51
50 52
51 53
52 53
53 55
54 55
55 56
56 57
56 58
57 62
58 59
58 60
59 61
60 61
61 62
62 37
1 0
1 0
1 0
3 2
0 1
0 2
3 2
0 1
0 2
1 0
1 0
1 0
1 0
5 4
0 1
0 2
2 3
2 4
5 4
0 1
0 2
2 3
2 4
21 27
0 1
0 2
2 3
2 4
3 5
4 5
5 6
5 7
6 8
6 7
7 8
8 9
9 10
9 11
10 12
11 12
12 13
12 20
13 14
13 15
14 19
15 16
15 17
16 18
17 18
18 19
19 9
20 25
0 1
0 2
2 3
2 4
3 5
4 5
5 6
6 8
6 7
7 8
8 9
9 10
9 11
10 12
10 19
11 19
12 13
12 14
13 18
14 15
14 16
15 17
16 17
17 18
18 9
9 11
0 1
0 2
2 3
2 4
3 5
3 4
4 5
5 6
5 7
6 8
7 8
8 8
0 1
0 2
2 3
3 4
4 5
4 6
5 7
6 7
3 2
0 1
0 2
3 2
0 1
0 2
7 6
0 1
0 2
2 3
2 6
3 4
3 5
7 6
0 1
0 2
2 3
2 6
3 4
3 5
1 0
1 0
23 31
0 1
1 2
2 3
2 4
3 5
4 5
5 6
5 7
6 22
7 8
7 9
8 22
9 10
9 11
10 22
11 12
11 13
12 22
13 14
13 15
14 22
15 16
15 17
16 22
17 18
17 19
18 22
19 20
19 21
20 22
21 22
22 30
0 1
1 2
2 3
2 4
3 5
4 5
4 6
5 21
6 7
6 8
7 21
8 9
8 10
9 21
10 11
10 12
11 21
12 13
12 14
13 21
14 15
14 16
15 21
16 17
16 18
17 21
18 19
18 20
19 21
20 21
3 2
0 1
0 2
3 2
0 1
0 2
1 0
1 0
3 2
0 1
0 2
3 2
0 1
0 2
8 8
0 1
0 2
2 3
2 4
3 5
4 5
5 6
5 7
7 7
0 1
0 2
2 3
2 4
3 5
4 5
4 6
7 8
0 1
1 2
1 5
2 3
2 4
3 6
4 6
5 6
7 8
0 1
1 2
1 5
2 3
2 4
3 6
4 6
5 6
5 4
0 1
0 2
2 3
2 4
5 4
0 1
0 2
2 3
2 4
5 4
0 1
0 4
1 2
1 3
5 4
0 1
0 4
1 2
1 3
17 19
0 1
0 2
2 3
2 4
4 5
4 6
6 7
6 8
8 9
8 10
9 11
9 10
10 11
11 12
11 13
13 14
13 15
14 16
15 16
17 18
0 1
0 2
2 3
2 4
4 5
4 6
6 7
6 8
8 9
9 11
9 10
10 11
11 12
11 13
13 14
13 15
14 16
15 16
5 4
0 1
0 2
2 3
2 4
5 4
0 1
0 2
2 3
2 4
5 4
0 1
0 2
2 3
2 4
5 4
0 1
0 2
2 3
2 4
6 6
0 1
0 2
1 3
2 3
3 4
3 5
6 6
0 1
0 2
1 3
2 3
3 4
3 5
3 2
0 1
0 2
3 2
0 1
0 2
20 25
0 1
0 2
2 3
2 4
4 5
4 6
5 7
5 6
6 7
7 8
8 9
8 19
9 10
9 11
10 18
11 12
11 13
12 17
13 14
13 15
14 16
15 16
16 17
17 18
18 8
20 25
0 1
0 2
2 3
2 4
4 5
5 7
5 6
6 7
7 8
7 19
8 9
9 10
9 11
10 18
11 12
11 13
12 17
13 14
13 15
14 16
15 16
16 17
17 18
18 9
18 19
24 33
0 1
0 2
1 3
1 2
2 3
3 4
3 5
4 6
4 5
5 6
6 7
7 8
7 23
8 9
8 10
9 22
10 11
10 12
11 21
12 13
12 14
13 20
14 16
14 15
15 16
16 17
17 18
17 19
18 17
19 20
20 21
21 22
22 7
22 28
0 1
1 2
2 3
3 4
4 5
5 6
5 21
6 7
6 8
7 20
8 9
8 10
9 19
10 11
10 12
11 18
12 14
12 13
13 14
14 15
14 17
15 16
16 16
16 17
17 18
18 19
19 20
20 5
1 0
1 0
1 0
3 2
0 1
0 2
3 2
0 1
0 2
3 2
0 1
0 2
3 2
0 1
0 2
3 2
0 1
0 2
3 2
0 1
0 2
3 2
0 1
0 2
3 2
0 1
0 2
3 2
0 1
0 2
3 2
0 1
0 2
3 2
0 1
0 2
3 2
0 1
0 2
3 2
0 1
0 2
3 2
0 1
0 2
3 2
0 1
0 2
1 0
1 0
1 0
13 12
0 1
0 2
2 3
2 4
4 5
4 6
6 7
6 8
8 9
8 10
10 11
10 12
8 7
0 7
0 1
0 2
0 3
0 4
0 5
0 6
3 2
0 1
0 2
3 2
0 1
0 2
3 2
0 1
0 2
3 2
0 1
0 2
3 2
0 1
0 2
3 2
0 1
0 2
3 2
0 1
0 2
3 2
0 1
0 2
1 0
1 0
21 21
0 1
1 2
1 3
2 4
3 4
4 5
4 6
6 7
6 8
8 9
8 10
10 11
10 12
12 13
12 14
14 15
14 16
16 17
16 18
18 19
18 20
20 20
0 1
1 2
1 3
2 4
3 4
3 5
5 6
5 7
7 8
7 9
9 10
9 11
11 12
11 13
13 14
13 15
15 16
15 17
17 18
17 19
21 21
0 1
1 2
1 3
2 4
3 4
4 5
4 6
6 7
6 8
8 9
8 10
10 11
10 12
12 13
12 14
14 15
14 16
16 17
16 18
18 19
18 20
20 20
0 1
1 2
1 3
2 4
3 4
3 5
5 6
5 7
7 8
7 9
9 10
9 11
11 12
11 13
13 14
13 15
15 16
15 17
17 18
17 19
1 0
1 0
5 4
0 1
0 2
2 3
2 4
5 4
0 1
0 2
2 3
2 4
1 0
1 0
1 0
1 0
1 0
11 12
0 1
0 2
2 3
3 4
3 5
4 8
5 6
5 7
6 8
7 8
8 9
8 10
11 12
0 1
0 2
2 3
3 4
3 5
4 8
5 6
5 7
6 8
7 8
8 9
8 10
11 12
0 1
1 2
1 5
2 3
2 4
3 6
4 6
5 6
6 7
6 8
8 9
8 10
11 12
0 1
1 2
1 5
2 3
2 4
3 6
4 6
5 6
6 7
6 8
8 9
8 10
1 0
1 0
29 37
0 1
0 2
2 3
3 4
3 5
4 20
5 6
5 7
6 20
7 8
7 9
8 20
9 10
9 11
10 20
11 12
11 13
12 14
12 13
13 14
14 15
14 16
15 20
16 17
16 18
17 19
18 19
19 20
20 21
20 26
21 22
22 23
22 24
23 25
24 25
26 27
26 28
29 36
0 1
0 2
2 3
3 4
3 5
4 20
5 6
5 7
6 20
7 8
7 9
8 20
9 10
9 11
10 20
11 12
12 14
12 13
13 14
14 15
14 16
15 20
16 17
16 18
17 19
18 19
19 20
20 21
20 26
21 22
22 23
22 24
23 25
24 25
26 27
26 28
5 4
0 1
0 2
2 3
2 4
5 4
0 1
0 2
2 3
2 4
11 12
0 1
1 2
1 3
2 6
3 4
3 5
4 6
5 6
6 7
6 8
8 9
8 10
11 12
0 1
1 2
1 3
2 6
3 4
3 5
4 6
5 6
6 7
6 8
8 9
8 10
15 18
0 1
0 2
2 3
3 4
3 5
4 12
5 6
5 7
6 8
6 7
7 8
8 9
8 10
9 11
10 11
11 12
12 13
12 14
14 15
0 1
0 2
2 3
3 4
3 5
4 11
5 6
6 7
7 8
7 9
8 10
9 10
10 11
11 12
11 13
5 4
0 1
0 2
2 3
2 4
5 4
0 1
0 2
2 3
2 4
11 11
0 1
0 2
2 3
2 4
4 5
5 6
5 7
6 8
7 8
8 9
8 10
10 10
0 1
0 2
2 3
2 4
4 5
5 6
5 7
6 8
7 8
7 9
5 4
0 1
0 2
2 3
2 4
5 4
0 1
0 2
2 3
2 4
3 2
0 1
0 2
3 2
0 1
0 2
3 2
0 1
0 2
3 2
0 1
0 2
3 2
0 1
0 2
1 0
1 0
1 0
1 0
1 0
1 0
1 0
1 0
1 0
1 0
1 0
1 0
1 0
1 0
1 0
1 0
1 0
1 0
3 2
0 1
0 2
3 2
0 1
0 2
1 0
1 0
1 0
1 0
1 0
1 0
3 2
0 1
0 2
3 2
0 1
0 2
1 0
1 0
1 0
13 16
0 1
1 2
1 6
2 3
2 4
3 5
4 5
5 1
6 7
7 8
7 12
8 9
8 10
9 11
10 11
11 7
13 17
0 1
0 6
1 2
2 3
2 4
3 5
4 5
5 2
5 6
6 7
7 8
7 12
8 9
8 10
9 11
10 11
11 7
1 0
1 0
1 0
1 0
1 0
1 0
1 0
3 4
0 1
0 2
1 1
1 2
4 5
0 1
0 3
1 2
2 2
2 3
25 29
0 1
0 2
2 3
3 4
3 22
4 5
4 9
5 6
5 7
6 8
7 8
9 10
9 14
10 11
10 12
11 13
12 13
13 21
14 15
14 16
15 17
16 17
17 18
17 19
19 20
20 21
21 3
22 23
22 24
25 29
0 1
0 2
2 3
3 4
3 22
4 5
4 9
5 6
5 7
6 8
7 8
9 10
9 14
10 11
10 12
11 13
12 13
13 21
14 15
14 16
15 17
16 17
17 18
17 19
19 20
20 21
21 3
22 23
22 24
12 15
0 1
0 2
1 3
2 3
3 4
4 5
5 6
5 7
6 5
7 8
8 9
8 10
9 11
9 10
10 11
12 16
0 1
0 2
1 3
2 3
3 4
4 5
4 7
5 6
6 6
6 7
7 8
8 9
8 10
9 11
9 10
10 11
1 0
1 0
1 0
1 0
1 0
1 0
1 0
1 0
3 2
0 1
0 2
5 4
0 1
0 4
1 2
1 3
5 4
0 1
0 4
1 2
1 3
1 0
5 5
0 1
1 2
1 3
2 4
3 4
1 0
1 0
6 6
0 1
0 5
1 2
1 3
2 4
3 4
6 6
0 1
0 5
1 2
1 3
2 4
3 4
3 2
0 1
0 2
3 2
0 1
0 2
3 2
0 1
0 2
3 2
0 1
0 2
1 0
22 29
0 1
0 2
1 3
2 3
3 4
3 5
4 6
4 5
5 6
6 7
6 20
7 8
8 9
8 19
9 10
9 17
10 11
11 12
11 13
12 14
13 14
14 15
14 16
15 11
16 18
17 18
18 8
19 21
20 21
21 28
0 1
0 2
1 3
2 3
3 4
3 5
4 6
4 5
5 6
6 7
6 19
7 8
7 18
8 9
9 10
9 16
10 11
11 12
11 13
12 15
13 14
14 11
15 17
16 17
17 9
17 18
18 20
19 20
1 0
1 0
14 16
0 1
1 2
1 3
2 4
3 4
4 5
4 6
6 7
6 13
7 8
7 9
8 10
9 10
10 11
10 12
13 1
14 16
0 1
1 2
1 3
2 4
3 4
4 5
4 6
6 7
6 13
7 8
7 9
8 10
9 10
10 11
10 12
13 1
1 0
3 2
0 1
0 2
3 2
0 1
0 2
3 2
0 1
0 2
3 2
0 1
0 2
1 0
3 2
0 1
0 2
3 2
0 1
0 2
3 2
0 1
0 2
3 2
0 1
0 2
3 2
0 1
0 2
3 2
0 1
0 2
3 2
0 1
0 2
5 4
0 1
0 2
2 3
2 4
5 4
0 1
0 2
2 3
2 4
1 0
1 0
5 4
0 1
0 4
1 2
1 3
5 4
0 1
0 4
1 2
1 3
3 2
0 1
0 2
3 2
0 1
0 2
16 20
0 1
0 2
1 3
2 3
3 4
4 5
4 9
5 6
5 7
6 8
7 8
8 10
9 10
10 11
10 15
11 12
11 13
12 14
13 14
14 4
16 20
0 1
0 2
1 3
2 3
3 4
4 5
4 9
5 6
5 7
6 8
7 8
8 10
9 10
10 11
10 15
11 12
11 13
12 14
13 14
14 4
11 12
0 1
0 5
1 2
1 3
2 4
3 4
4 6
5 6
6 7
6 10
7 8
7 9
11 12
0 1
0 5
1 2
1 3
2 4
3 4
4 6
5 6
6 7
6 10
7 8
7 9
3 2
0 1
0 2
1 0
1 0
1 0
3 4
0 1
0 2
1 1
1 2
4 5
0 1
0 3
1 2
2 2
2 3
22 25
0 1
0 2
2 3
3 4
3 19
4 5
4 9
5 6
5 7
7 8
8 18
9 10
9 14
10 11
10 12
11 13
12 13
14 15
14 16
15 17
16 17
17 18
18 3
19 20
19 21
22 25
0 1
0 2
2 3
3 4
3 19
4 5
4 9
5 6
5 7
7 8
8 18
9 10
9 14
10 11
10 12
11 13
12 13
14 15
14 16
15 17
16 17
17 18
18 3
19 20
19 21
12 15
0 1
0 2
1 3
2 3
3 4
4 5
5 6
5 7
6 5
7 8
8 9
8 10
9 11
9 10
10 11
12 16
0 1
0 2
1 3
2 3
3 4
4 5
4 7
5 6
6 6
6 7
7 8
8 9
8 10
9 11
9 10
10 11
1 0
1 0
1 0
1 0
1 0
1 0
1 0
1 0
3 2
0 1
0 2
5 4
0 1
0 4
1 2
1 3
5 4
0 1
0 4
1 2
1 3
1 0
13 15
0 1
0 2
2 3
2 12
3 4
3 8
4 5
4 6
6 7
7 11
8 9
8 10
10 11
11 3
11 12
14 16
0 1
0 2
2 3
2 13
3 4
4 5
4 9
5 6
5 7
7 8
8 12
9 10
9 11
11 12
12 4
12 13
1 0
1 0
6 6
0 1
0 5
1 2
1 3
2 4
3 4
6 6
0 1
0 5
1 2
1 3
2 4
3 4
3 2
0 1
0 2
3 2
0 1
0 2
3 2
0 1
0 2
3 2
0 1
0 2
1 0
22 29
0 1
0 2
1 3
2 3
3 4
3 5
4 6
4 5
5 6
6 7
6 20
7 8
8 9
8 19
9 10
9 17
10 11
11 12
11 13
12 14
13 14
14 15
14 16
15 11
16 18
17 18
18 8
19 21
20 21
21 28
0 1
0 2
1 3
2 3
3 4
3 5
4 6
4 5
5 6
6 7
6 19
7 8
7 18
8 9
9 10
9 16
10 11
11 12
11 13
12 15
13 14
14 11
15 17
16 17
17 9
17 18
18 20
19 20
1 0
1 0
30 34
0 1
0 2
1 3
2 3
3 4
3 5
4 6
5 6
6 7
7 8
7 29
8 9
8 13
9 10
9 11
12 13
13 14
13 18
14 15
14 16
15 17
16 17
17 22
18 19
18 20
20 21
21 22
22 23
22 27
23 24
23 25
26 27
27 28
28 7
26 30
0 1
0 2
1 3
2 3
2 4
3 5
4 5
5 6
6 7
7 8
7 11
8 9
8 10
11 12
11 16
12 13
12 14
13 15
14 15
15 20
16 17
16 18
18 19
19 20
20 21
20 24
21 22
21 23
24 25
25 6
1 0
3 2
0 1
0 2
3 2
0 1
0 2
3 2
0 1
0 2
3 2
0 1
0 2
13 15
0 1
0 2
2 3
2 12
3 4
3 8
4 5
4 6
6 7
7 11
8 9
8 10
10 11
11 3
11 12
14 16
0 1
0 2
2 3
2 13
3 4
4 5
4 9
5 6
5 7
7 8
8 12
9 10
9 11
11 12
12 4
12 13
3 2
0 1
0 2
3 2
0 1
0 2
3 2
0 1
0 2
3 2
0 1
0 2
3 2
0 1
0 2
3 2
0 1
0 2
3 2
0 1
0 2
5 4
0 1
0 2
2 3
2 4
5 4
0 1
0 2
2 3
2 4
1 0
1 0
5 4
0 1
0 4
1 2
1 3
5 4
0 1
0 4
1 2
1 3
3 2
0 1
0 2
3 2
0 1
0 2
16 20
0 1
0 2
1 3
2 3
3 4
4 5
4 9
5 6
5 7
6 8
7 8
8 10
9 10
10 11
10 15
11 12
11 13
12 14
13 14
14 4
16 20
0 1
0 2
1 3
2 3
3 4
4 5
4 9
5 6
5 7
6 8
7 8
8 10
9 10
10 11
10 15
11 12
11 13
12 14
13 14
14 4
11 12
0 1
0 5
1 2
1 3
2 4
3 4
4 6
5 6
6 7
6 10
7 8
7 9
11 12
0 1
0 5
1 2
1 3
2 4
3 4
4 6
5 6
6 7
6 10
7 8
7 9
3 2
0 1
0 2
3 2
0 1
0 2
3 2
0 1
0 2
3 2
0 1
0 2
3 2
0 1
0 2
3 2
0 1
0 2
3 2
0 1
0 2
3 2
0 1
0 2
3 2
0 1
0 2
3 2
0 1
0 2
3 2
0 1
0 2
23 22
0 1
0 14
1 2
1 3
3 4
3 5
5 6
5 7
7 8
7 9
9 10
9 11
11 12
11 13
14 15
14 16
16 17
16 18
18 19
18 20
20 21
20 22
23 22
0 1
0 14
1 2
1 3
3 4
3 5
5 6
5 7
7 8
7 9
9 10
9 11
11 12
11 13
14 15
14 16
16 17
16 18
18 19
18 20
20 21
20 22
27 26
0 1
0 18
1 2
1 3
3 4
3 5
5 6
5 7
7 8
7 9
9 10
9 11
11 12
11 13
13 14
13 15
15 16
15 17
18 19
18 20
20 21
20 22
22 23
22 24
24 25
24 26
27 26
0 1
0 18
1 2
1 3
3 4
3 5
5 6
5 7
7 8
7 9
9 10
9 11
11 12
11 13
13 14
13 15
15 16
15 17
18 19
18 20
20 21
20 22
22 23
22 24
24 25
24 26
3 2
0 1
0 2
3 2
0 1
0 2
13 14
0 1
1 2
1 3
2 4
3 4
4 5
4 12
5 6
5 11
6 7
7 8
7 9
8 10
9 10
12 12
0 1
1 2
1 3
2 4
3 11
4 5
4 10
5 6
6 7
6 8
7 9
8 9
3 2
0 1
0 2
3 2
0 1
0 2
35 34
0 1
0 20
1 2
1 3
3 4
3 5
5 6
5 7
7 8
7 9
9 10
9 11
11 12
11 13
13 14
13 15
15 16
15 17
17 18
17 19
20 21
20 22
22 23
22 24
24 25
24 26
26 27
26 28
28 29
28 30
30 31
30 32
32 33
32 34
35 34
0 1
0 20
1 2
1 3
3 4
3 5
5 6
5 7
7 8
7 9
9 10
9 11
11 12
11 13
13 14
13 15
15 16
15 17
17 18
17 19
20 21
20 22
22 23
22 24
24 25
24 26
26 27
26 28
28 29
28 30
30 31
30 32
32 33
32 34
3 2
0 1
0 2
3 2
0 1
0 2
27 26
0 1
0 12
1 2
1 3
3 4
3 5
5 6
5 7
7 8
7 9
9 10
9 11
12 13
12 14
14 15
14 16
16 17
16 18
18 19
18 20
20 21
20 22
22 23
22 24
24 25
24 26
27 26
0 1
0 12
1 2
1 3
3 4
3 5
5 6
5 7
7 8
7 9
9 10
9 11
12 13
12 14
14 15
14 16
16 17
16 18
18 19
18 20
20 21
20 22
22 23
22 24
24 25
24 26
3 2
0 1
0 2
3 2
0 1
0 2
9 8
0 1
0 2
2 3
2 6
3 4
3 5
6 7
6 8
9 8
0 1
0 2
2 3
2 6
3 4
3 5
6 7
6 8
3 2
0 1
0 2
3 2
0 1
0 2
11 12
0 1
0 2
2 3
2 7
3 4
3 5
4 6
5 6
6 8
7 8
8 9
8 10
11 12
0 1
0 2
2 3
2 7
3 4
3 5
4 6
5 6
6 8
7 8
8 9
8 10
1 0
1 0
31 38
0 1
0 2
2 3
2 4
4 5
5 6
5 10
6 7
6 8
7 9
8 9
9 11
10 11
11 12
11 16
12 13
12 14
13 15
14 15
15 5
16 17
16 30
17 18
18 19
18 23
19 20
19 21
20 22
21 22
22 24
23 24
24 25
24 29
25 26
25 27
26 28
27 28
28 18
31 38
0 1
0 2
2 3
2 4
4 5
5 6
5 10
6 7
6 8
7 9
8 9
9 11
10 11
11 12
11 16
12 13
12 14
13 15
14 15
15 5
16 17
16 30
17 18
18 19
18 23
19 20
19 21
20 22
21 22
22 24
23 24
24 25
24 29
25 26
25 27
26 28
27 28
28 18
1 0
1 0
10 11
0 1
0 8
1 2
1 6
2 3
2 4
4 5
5 7
6 7
7 9
8 9
10 11
0 1
0 8
1 2
1 6
2 3
2 4
4 5
5 7
6 7
7 9
8 9
13 15
0 1
0 11
1 2
1 9
2 3
2 7
3 4
3 5
5 6
6 8
7 8
8 10
9 10
10 12
11 12
13 15
0 1
0 11
1 2
1 9
2 3
2 7
3 4
3 5
5 6
6 8
7 8
8 10
9 10
10 12
11 12
1 0
1 0
1 0
1 0
5 4
0 1
0 4
1 2
1 3
5 4
0 1
0 4
1 2
1 3
1 0
1 0
1 0
1 0
15 18
0 1
0 2
1 12
2 3
2 4
3 11
4 5
4 6
5 10
6 7
6 8
7 9
8 9
9 10
10 11
11 12
12 13
12 14
15 18
0 1
0 2
1 12
2 3
2 4
3 11
4 5
4 6
5 10
6 7
6 8
7 9
8 9
9 10
10 11
11 12
12 13
12 14
5 4
0 1
0 4
1 2
1 3
5 4
0 1
0 4
1 2
1 3
1 0
1 0
5 4
0 1
0 4
1 2
1 3
5 4
0 1
0 4
1 2
1 3
1 0
1 0
5 4
0 1
0 4
1 2
1 3
5 4
0 1
0 4
1 2
1 3
1 0
1 0
9 10
0 1
1 2
1 5
2 3
2 4
3 6
4 6
5 6
6 7
6 8
8 8
0 1
1 2
1 5
2 3
2 4
3 6
4 7
5 7
1 0
1 0
1 0
1 0
1 0
1 0
4 5
0 1
0 2
1 3
1 2
2 3
3 2
0 1
1 2
4 5
0 1
0 2
1 3
1 2
2 3
3 2
0 1
1 2
4 5
0 1
0 2
1 3
1 2
2 3
3 2
0 1
1 2
4 5
0 1
0 2
1 3
1 2
2 3
3 2
0 1
1 2
4 5
0 1
0 2
1 3
1 2
2 3
3 2
0 1
1 2
4 5
0 1
0 2
1 3
1 2
2 3
3 2
0 1
1 2
4 5
0 1
0 2
1 3
1 2
2 3
3 2
0 1
1 2
4 5
0 1
0 2
1 3
1 2
2 3
3 2
0 1
1 2
1 0
1 0
1 0
1 0
1 0
1 0
1 0
1 0
1 0
1 0
1 0
1 0
1 0
1 0
1 0
1 0
1 0
1 0
1 0
1 0
1 0
1 0
1 0
1 0
1 0
1 0
4 4
0 1
0 2
1 3
2 3
4 4
0 1
0 2
1 3
2 3
19 30
0 1
0 2
1 3
1 2
2 3
3 4
3 5
4 6
4 5
5 6
6 7
6 8
7 9
7 8
8 9
9 10
9 11
10 12
10 11
11 12
12 13
12 14
13 15
13 14
14 15
15 16
15 17
16 18
16 17
17 18
13 12
0 1
1 2
2 3
3 4
4 5
5 6
6 7
7 8
8 9
9 10
10 11
11 12
1 0
1 0
1 0
1 0
1 0
1 0
1 0
1 0
1 0
1 0
1 0
1 0
1 0
1 0
1 0
1 0
1 0
1 0
4 4
0 1
1 2
1 3
2 1
4 4
0 1
1 2
1 3
2 1
16 24
0 1
0 2
1 3
1 2
2 3
3 4
3 5
4 6
4 5
5 6
6 7
6 8
7 9
7 8
8 9
9 10
9 11
10 12
10 11
11 12
12 13
12 14
13 15
14 15
16 24
0 1
0 2
1 3
1 2
2 3
3 4
3 5
4 6
4 5
5 6
6 7
6 8
7 9
7 8
8 9
9 10
9 11
10 12
10 11
11 12
12 13
12 14
13 15
14 15
7 9
0 1
0 2
1 3
1 2
2 3
3 4
4 5
4 6
5 4
7 9
0 1
0 2
1 3
1 2
2 3
3 4
4 5
4 6
5 4
33 42
0 1
1 2
1 21
2 3
2 4
3 20
4 5
4 15
5 6
5 13
6 7
6 11
7 8
7 9
8 10
9 10
10 12
11 12
12 14
13 14
14 16
15 16
16 17
16 18
17 19
18 19
19 20
20 1
21 22
21 23
23 24
23 25
24 26
25 26
26 27
26 28
27 29
28 29
29 30
29 31
30 32
31 32
33 43
0 1
0 21
1 2
2 3
2 4
3 20
4 5
4 15
5 6
5 13
6 7
6 11
7 8
7 9
8 10
9 10
10 12
11 12
12 14
13 14
14 16
15 16
16 17
16 18
17 19
18 19
19 20
20 2
20 21
21 22
21 23
23 24
23 25
24 26
25 26
26 27
26 28
27 29
28 29
29 30
29 31
30 32
31 32
7 8
0 1
1 2
1 3
2 1
3 4
4 5
4 6
5 4
7 8
0 1
1 2
1 3
2 1
3 4
4 5
4 6
5 4
1 0
1 0
1 0
4 5
0 1
0 2
1 3
1 2
2 3
3 2
0 1
1 2
4 5
0 1
0 2
1 3
1 2
2 3
3 2
0 1
1 2
4 5
0 1
0 2
1 3
1 2
2 3
3 2
0 1
1 2
4 5
0 1
0 2
1 3
1 2
2 3
3 2
0 1
1 2
1 0
1 0
13 14
0 1
0 2
2 3
2 4
4 5
4 6
5 10
6 7
6 8
7 9
8 9
9 10
10 11
10 12
13 14
0 1
0 2
2 3
2 4
4 5
4 6
5 10
6 7
6 8
7 9
8 9
9 10
10 11
10 12
58 95
0 1
0 2
1 3
1 2
2 3
3 4
3 5
4 6
4 5
5 6
6 7
6 8
7 9
7 8
8 9
9 10
9 11
10 12
10 11
11 12
12 13
12 14
13 15
13 14
14 15
15 16
15 17
16 18
16 17
17 18
18 19
18 20
19 21
19 20
20 21
21 22
21 23
22 24
22 23
23 24
24 25
24 26
25 27
25 26
26 27
27 28
27 29
28 30
28 29
29 30
30 31
30 32
31 33
31 32
32 33
33 34
33 35
34 36
34 35
35 36
36 37
36 38
37 39
37 38
38 39
39 40
39 41
40 42
40 41
41 42
42 43
42 44
43 45
43 44
44 45
45 46
45 47
46 48
46 47
47 48
48 49
48 50
49 51
49 50
50 51
51 52
51 53
52 54
52 53
53 54
54 55
54 56
55 57
55 56
56 57
39 38
0 1
1 2
2 3
3 4
4 5
5 6
6 7
7 8
8 9
9 10
10 11
11 12
12 13
13 14
14 15
15 16
16 17
17 18
18 19
19 20
20 21
21 22
22 23
23 24
24 25
25 26
26 27
27 28
28 29
29 30
30 31
31 32
32 33
33 34
34 35
35 36
36 37
37 38
1 0
1 0
1 0
1 0
1 0
1 0
1 0
1 0
1 0
1 0
4 4
0 1
0 2
1 3
2 3
4 4
0 1
0 2
1 3
2 3
3 2
0 1
0 2
3 2
0 1
0 2
4 4
0 1
0 2
1 3
2 3
4 4
0 1
0 2
1 3
2 3
10 12
0 1
0 2
1 3
2 3
3 4
3 5
4 6
5 6
6 7
6 8
7 9
8 9
10 12
0 1
0 2
1 3
2 3
3 4
3 5
4 6
5 6
6 7
6 8
7 9
8 9
3 3
0 1
0 2
2 0
3 3
0 1
0 2
2 0
3 4
0 1
0 2
1 1
1 2
4 5
0 1
0 3
1 2
2 2
2 3
6 7
0 1
0 5
1 2
1 3
3 4
4 1
4 5
7 8
0 1
0 6
1 2
2 3
2 4
4 5
5 2
5 6
1 0
1 0
3 3
0 1
0 2
2 0
3 3
0 1
0 2
2 0
4 4
0 1
0 2
1 3
2 3
4 4
0 1
0 2
1 3
2 3
4 4
0 1
0 2
1 3
2 3
4 4
0 1
0 2
1 3
2 3
3 2
0 1
0 2
3 2
0 1
0 2
3 2
0 1
0 2
3 2
0 1
0 2
21 26
0 1
1 2
1 15
2 3
2 4
3 5
4 5
5 6
5 10
6 7
6 8
7 9
8 9
9 11
10 11
11 12
11 13
12 14
13 14
14 1
15 16
15 17
16 18
17 18
18 19
18 20
21 27
0 1
0 15
1 2
2 3
2 4
3 5
4 5
5 6
5 10
6 7
6 8
7 9
8 9
9 11
10 11
11 12
11 13
12 14
13 14
14 2
14 15
15 16
15 17
16 18
17 18
18 19
18 20
25 32
0 1
0 2
1 3
2 3
3 4
4 5
4 9
5 6
5 7
6 8
7 8
8 10
9 10
10 11
10 24
11 12
11 13
12 23
13 14
13 18
14 15
14 16
15 17
16 17
17 19
18 19
19 20
19 21
20 22
21 22
22 23
23 4
25 32
0 1
0 2
1 3
2 3
3 4
4 5
4 9
5 6
5 7
6 8
7 8
8 10
9 10
10 11
10 24
11 12
11 13
12 23
13 14
13 18
14 15
14 16
15 17
16 17
17 19
18 19
19 20
19 21
20 22
21 22
22 23
23 4
24 30
0 1
0 23
1 2
2 3
2 7
3 4
3 5
4 6
5 6
6 8
7 8
8 9
8 22
9 10
9 11
10 21
11 12
11 16
12 13
12 14
13 15
14 15
15 17
16 17
17 18
17 19
18 20
19 20
20 21
21 2
24 30
0 1
0 23
1 2
2 3
2 7
3 4
3 5
4 6
5 6
6 8
7 8
8 9
8 22
9 10
9 11
10 21
11 12
11 16
12 13
12 14
13 15
14 15
15 17
16 17
17 18
17 19
18 20
19 20
20 21
21 2
1 0
1 0
1 0
1 0
1 0
1 0
1 0
1 0
1 0
1 0
1 0
1 0
1 0
1 0
1 0
1 0
1 0
1 0
1 0
4 4
0 1
0 2
1 3
2 3
4 4
0 1
0 2
1 3
2 3
1 0
1 0
3 2
0 1
0 2
3 2
0 1
0 2
1 0
1 0
5 8
0 1
0 2
1 1
1 2
2 3
2 4
3 3
3 4
7 10
0 1
0 3
1 2
2 2
2 3
3 4
3 6
4 5
5 5
5 6
1 0
1 0
1 0
1 0
1 0
6 9
0 1
0 2
1 3
1 2
2 3
3 4
3 5
4 4
4 5
7 10
0 1
0 2
1 3
1 2
2 3
3 4
3 6
4 5
5 5
5 6
3 2
0 1
0 2
3 2
0 1
0 2
1 0
1 0
3 2
0 1
0 2
3 2
0 1
0 2
3 2
0 1
0 2
3 2
0 1
0 2
7 6
0 1
0 6
1 2
1 5
2 3
2 4
7 6
0 1
0 6
1 2
1 5
2 3
2 4
1 0
1 0
9 10
0 1
0 2
1 6
2 3
2 4
3 5
4 5
5 6
6 7
6 8
9 10
0 1
0 2
1 6
2 3
2 4
3 5
4 5
5 6
6 7
6 8
11 13
0 1
0 2
2 3
2 7
3 4
3 5
4 6
5 6
6 8
7 8
8 9
8 10
10 0
11 13
0 1
0 2
2 3
2 7
3 4
3 5
4 6
5 6
6 8
7 8
8 9
8 10
10 0
13 15
0 1
1 2
1 7
2 3
2 6
3 4
3 5
4 8
5 8
6 8
7 8
8 9
8 12
9 10
9 11
12 13
0 1
1 2
1 7
2 3
2 6
3 4
3 5
4 8
5 11
6 11
7 11
8 9
8 10
7 8
0 1
1 2
1 6
2 3
2 4
3 5
4 5
5 1
7 9
0 1
0 6
1 2
2 3
2 4
3 5
4 5
5 2
5 6
13 16
0 1
1 2
1 6
2 3
2 4
3 5
4 5
5 7
6 7
7 8
7 12
8 9
8 10
9 11
10 11
11 1
13 16
0 1
1 2
1 6
2 3
2 4
3 5
4 5
5 7
6 7
7 8
7 12
8 9
8 10
9 11
10 11
11 1
10 12
0 1
0 2
1 3
2 3
3 4
3 5
4 6
5 6
6 7
6 8
7 9
8 9
10 12
0 1
0 2
1 3
2 3
3 4
3 5
4 6
5 6
6 7
6 8
7 9
8 9
1 0
1 0
1 0
1 0
15 18
0 1
0 2
1 12
2 3
2 4
3 11
4 5
4 6
5 10
6 7
6 8
7 9
8 9
9 10
10 11
11 12
12 13
12 14
15 18
0 1
0 2
1 12
2 3
2 4
3 11
4 5
4 6
5 10
6 7
6 8
7 9
8 9
9 10
10 11
11 12
12 13
12 14
83 108
0 1
1 2
1 3
3 4
3 8
4 5
4 6
5 7
6 7
8 9
8 79
9 10
9 11
10 42
11 12
11 13
12 41
13 14
14 15
14 19
15 16
15 17
16 18
17 18
18 20
19 20
20 21
20 25
21 22
21 23
22 24
23 24
24 14
25 26
25 39
26 27
27 28
27 32
28 29
28 30
29 31
30 31
31 33
32 33
33 34
33 38
34 35
34 36
35 37
36 37
37 27
38 40
39 40
40 41
41 42
42 43
42 77
43 44
43 54
44 45
44 52
45 46
45 50
46 47
46 48
47 49
48 49
49 51
50 51
51 53
52 53
53 73
54 55
54 71
55 56
55 66
56 57
56 64
57 58
57 62
58 59
58 60
59 61
60 61
61 63
62 63
63 65
64 65
65 67
66 67
67 68
67 69
68 70
69 70
70 72
71 72
72 73
73 74
73 75
74 76
75 76
76 78
77 78
78 80
79 80
80 81
80 82
82 1
83 108
0 1
1 2
1 3
3 4
3 8
4 5
4 6
5 7
6 7
8 9
8 79
9 10
9 11
10 42
11 12
11 13
12 41
13 14
14 15
14 19
15 16
15 17
16 18
17 18
18 20
19 20
20 21
20 25
21 22
21 23
22 24
23 24
24 14
25 26
25 39
26 27
27 28
27 32
28 29
28 30
29 31
30 31
31 33
32 33
33 34
33 38
34 35
34 36
35 37
36 37
37 27
38 40
39 40
40 41
41 42
42 43
42 77
43 44
43 54
44 45
44 52
45 46
45 50
46 47
46 48
47 49
48 49
49 51
50 51
51 53
52 53
53 73
54 55
54 71
55 56
55 66
56 57
56 64
57 58
57 62
58 59
58 60
59 61
60 61
61 63
62 63
63 65
64 65
65 67
66 67
67 68
67 69
68 70
69 70
70 72
71 72
72 73
73 74
73 75
74 76
75 76
76 78
77 78
78 80
79 80
80 81
80 82
82 1
4 4
0 1
0 2
1 3
2 3
4 4
0 1
0 2
1 3
2 3
13 16
0 1
0 2
1 6
2 3
2 4
3 5
4 5
5 6
6 7
6 8
7 9
8 9
9 10
9 11
10 12
11 12
13 16
0 1
0 2
1 6
2 3
2 4
3 5
4 5
5 6
6 7
6 8
7 9
8 9
9 10
9 11
10 12
11 12
19 24
0 1
0 2
1 12
2 3
2 4
3 11
4 5
4 6
5 10
6 7
6 8
7 9
8 9
9 10
10 11
11 12
12 13
12 14
13 15
14 15
15 16
15 17
16 18
17 18
19 24
0 1
0 2
1 12
2 3
2 4
3 11
4 5
4 6
5 10
6 7
6 8
7 9
8 9
9 10
10 11
11 12
12 13
12 14
13 15
14 15
15 16
15 17
16 18
17 18
47 60
0 1
1 2
1 3
3 4
3 5
5 6
5 43
6 7
6 8
7 39
8 9
8 10
9 38
10 11
11 12
11 16
12 13
12 14
13 15
14 15
15 17
16 17
17 18
17 22
18 19
18 20
19 21
20 21
21 11
22 23
22 36
23 24
24 25
24 29
25 26
25 27
26 28
27 28
28 30
29 30
30 31
30 35
31 32
31 33
32 34
33 34
34 24
35 37
36 37
37 38
38 39
39 40
39 41
40 42
41 42
42 44
43 44
44 45
44 46
46 1
47 61
0 2
0 1
1 3
3 4
3 5
5 6
5 43
6 7
6 8
7 39
8 9
8 10
9 38
10 11
11 12
11 16
12 13
12 14
13 15
14 15
15 17
16 17
17 18
17 22
18 19
18 20
19 21
20 21
21 11
22 23
22 36
23 24
24 25
24 29
25 26
25 27
26 28
27 28
28 30
29 30
30 31
30 35
31 32
31 33
32 34
33 34
34 24
35 37
36 37
37 38
38 39
39 40
39 41
40 42
41 42
42 44
43 44
44 45
44 46
46 2
46 3
3 2
0 1
0 2
3 2
0 1
0 2
15 18
0 1
0 14
1 2
2 3
2 7
3 4
3 5
4 6
5 6
6 8
7 8
8 9
8 13
9 10
9 11
10 12
11 12
12 2
15 18
0 1
0 14
1 2
2 3
2 7
3 4
3 5
4 6
5 6
6 8
7 8
8 9
8 13
9 10
9 11
10 12
11 12
12 2
24 30
0 1
1 2
1 12
2 3
2 4
3 5
4 5
5 6
5 10
6 7
6 8
7 9
8 9
9 11
10 11
11 1
12 13
12 14
13 15
14 15
15 16
15 17
16 18
17 18
18 19
18 23
19 20
19 21
20 22
21 22
24 31
0 1
0 12
1 2
2 3
2 4
3 5
4 5
5 6
5 10
6 7
6 8
7 9
8 9
9 11
10 11
11 2
11 12
12 13
12 14
13 15
14 15
15 16
15 17
16 18
17 18
18 19
18 23
19 20
19 21
20 22
21 22
3 3
0 1
0 2
2 0
3 3
0 1
0 2
2 0
3 3
0 1
0 2
2 0
3 3
0 1
0 2
2 0
1 0
1 0
1 0
1 0
6 7
0 1
0 5
1 2
1 3
3 4
4 1
4 5
7 8
0 1
0 6
1 2
2 3
2 4
4 5
5 2
5 6
1 0
1 0
3 3
0 1
0 2
2 0
3 3
0 1
0 2
2 0
1 0
1 0
1 0
1 0
97 127
0 1
0 2
1 3
2 3
3 4
3 41
4 5
4 6
5 37
6 7
6 8
7 36
8 9
9 10
9 14
10 11
10 12
11 13
12 13
13 15
14 15
15 16
15 20
16 17
16 18
17 19
18 19
19 9
20 21
20 34
21 22
22 23
22 27
23 24
23 25
24 26
25 26
26 28
27 28
28 29
28 33
29 30
29 31
30 32
31 32
32 22
33 35
34 35
35 36
36 37
37 38
37 39
38 40
39 40
40 42
41 42
42 43
42 44
44 45
45 46
46 47
46 48
47 49
48 49
49 50
49 96
50 51
50 52
51 95
52 53
52 90
53 54
53 55
54 86
55 56
55 57
56 85
57 58
58 59
58 63
59 60
59 61
60 62
61 62
62 64
63 64
64 65
64 69
65 66
65 67
66 68
67 68
68 58
69 70
69 83
70 71
71 72
71 76
72 73
72 74
73 75
74 75
75 77
76 77
77 78
77 82
78 79
78 80
79 81
80 81
81 71
82 84
83 84
84 85
85 86
86 87
86 88
87 89
88 89
89 91
90 91
91 92
91 93
92 94
93 94
94 95
95 46
96 126
0 1
0 2
1 3
2 3
3 4
3 41
4 5
4 6
5 37
6 7
6 8
7 36
8 9
9 10
9 14
10 11
10 12
11 13
12 13
13 15
14 15
15 16
15 20
16 17
16 18
17 19
18 19
19 9
20 21
20 34
21 22
22 23
22 27
23 24
23 25
24 26
25 26
26 28
27 28
28 29
28 33
29 30
29 31
30 32
31 32
32 22
33 35
34 35
35 36
36 37
37 38
37 39
38 40
39 40
40 42
41 42
42 43
42 44
44 45
45 46
46 47
46 48
47 95
48 49
48 95
49 50
49 51
50 94
51 52
51 89
52 53
52 54
53 85
54 55
54 56
55 84
56 57
57 58
57 62
58 59
58 60
59 61
60 61
61 63
62 63
63 64
63 68
64 65
64 66
65 67
66 67
67 57
68 69
68 82
69 70
70 71
70 75
71 72
71 73
72 74
73 74
74 76
75 76
76 77
76 81
77 78
77 79
78 80
79 80
80 70
81 83
82 83
83 84
84 85
85 86
85 87
86 88
87 88
88 90
89 90
90 91
90 92
91 93
92 93
93 94
94 46
38 49
0 1
0 2
1 3
2 3
3 4
4 5
4 6
5 7
6 7
7 8
7 37
8 9
8 10
9 36
10 11
10 31
11 12
12 13
12 26
13 14
14 15
14 19
15 16
15 17
16 18
17 18
18 20
19 20
20 21
20 25
21 22
21 23
22 24
23 24
24 14
25 27
26 27
27 28
27 29
28 30
29 30
30 32
31 32
32 33
32 34
33 35
34 35
35 36
36 4
37 48
0 1
0 2
1 3
2 3
3 4
4 5
4 6
5 36
6 7
6 36
7 8
7 9
8 35
9 10
9 30
10 11
11 12
11 25
12 13
13 14
13 18
14 15
14 16
15 17
16 17
17 19
18 19
19 20
19 24
20 21
20 22
21 23
22 23
23 13
24 26
25 26
26 27
26 28
27 29
28 29
29 31
30 31
31 32
31 33
32 34
33 34
34 35
35 4
1 0
51 64
0 1
0 50
1 2
2 3
2 49
3 4
3 5
5 6
5 43
6 7
6 8
7 39
8 9
8 10
9 38
10 11
11 12
11 16
12 13
12 14
13 15
14 15
15 17
16 17
17 18
17 22
18 19
18 20
19 21
20 21
21 11
22 23
22 36
23 24
24 25
24 29
25 26
25 27
26 28
27 28
28 30
29 30
30 31
30 35
31 32
31 33
32 34
33 34
34 24
35 37
36 37
37 38
38 39
39 40
39 41
40 42
41 42
42 44
43 44
44 45
44 46
46 47
47 48
48 2
51 65
0 1
0 50
1 2
1 49
2 3
3 4
3 5
5 6
5 43
6 7
6 8
7 39
8 9
8 10
9 38
10 11
11 12
11 16
12 13
12 14
13 15
14 15
15 17
16 17
17 18
17 22
18 19
18 20
19 21
20 21
21 11
22 23
22 36
23 24
24 25
24 29
25 26
25 27
26 28
27 28
28 30
29 30
30 31
30 35
31 32
31 33
32 34
33 34
34 24
35 37
36 37
37 38
38 39
39 40
39 41
40 42
41 42
42 44
43 44
44 45
44 46
46 47
47 48
48 3
48 49
3 2
0 1
0 2
1 0
1 0
10 15
0 1
0 2
1 3
1 2
2 3
3 4
3 5
4 6
4 5
5 6
6 7
6 8
7 9
7 8
8 9
7 6
0 1
1 2
2 3
3 4
4 5
5 6
24 39
0 1
0 2
1 3
1 2
2 3
3 4
3 23
4 5
4 6
5 7
5 6
6 7
7 8
7 9
8 10
8 9
9 10
10 11
10 12
11 13
11 12
12 13
13 14
13 15
14 16
14 15
15 16
16 17
16 18
17 19
17 18
18 19
19 20
19 21
20 22
20 21
21 22
22 4
22 23
17 17
0 1
1 2
2 3
3 4
4 5
5 6
6 7
7 8
8 9
9 10
10 11
11 12
12 13
13 14
14 15
15 3
15 16
1 0
12 17
0 1
1 2
1 3
2 4
2 3
3 4
4 5
4 6
5 7
5 6
6 7
7 8
7 9
8 10
8 9
9 10
10 11
9 8
0 1
1 2
2 3
3 4
4 5
5 6
6 7
7 8
1 0
21 23
0 1
0 20
1 2
2 3
2 19
3 4
3 5
5 6
5 10
6 7
6 8
7 9
8 9
9 11
10 11
11 12
11 16
12 13
12 14
15 16
16 17
17 18
18 2
20 23
0 1
0 19
1 2
1 18
2 3
3 4
3 5
5 6
5 10
6 7
6 8
7 9
8 9
9 11
10 11
11 12
11 15
12 13
12 14
15 16
16 17
17 3
17 18
19 20
0 1
0 2
2 3
2 4
4 5
4 6
6 7
6 8
8 9
8 10
9 14
10 11
10 12
11 13
12 13
13 14
14 15
14 16
16 17
16 18
19 20
0 1
0 2
2 3
2 4
4 5
4 6
6 7
6 8
8 9
8 10
9 14
10 11
10 12
11 13
12 13
13 14
14 15
14 16
16 17
16 18
1 0
1 0
1 0
1 0
1 0
1 0
1 0
1 0
1 0
1 0
1 0
1 0
1 0
8 8
0 1
0 2
1 3
2 3
3 4
3 5
5 6
5 7
8 8
0 1
0 2
1 3
2 3
3 4
3 5
5 6
5 7
10 12
0 1
0 2
1 3
2 3
3 4
4 5
4 9
5 6
5 7
6 8
7 8
8 4
10 13
0 1
0 2
1 3
2 3
3 4
3 9
4 5
5 6
5 7
6 8
7 8
8 5
8 9
1 0
1 0
1 0
1 0
1 0
1 0
3 2
0 1
0 2
3 2
0 1
0 2
1 0
1 0
9 8
0 1
0 8
1 2
1 7
2 3
2 6
3 4
3 5
9 8
0 1
0 8
1 2
1 7
2 3
2 6
3 4
3 5
148 196
0 1
0 2
1 3
2 3
3 4
4 5
4 8
5 6
5 7
6 9
7 9
8 9
9 10
9 11
10 12
11 12
12 13
12 14
13 15
14 15
15 16
15 17
16 18
17 18
18 19
18 20
19 21
20 21
21 22
21 23
22 24
23 24
24 25
24 26
25 27
26 27
27 28
27 29
28 30
29 30
30 31
30 32
31 33
32 33
33 34
33 35
34 36
35 36
36 37
36 38
37 39
38 39
39 40
39 41
40 42
41 42
42 43
42 44
43 45
44 45
45 46
45 47
46 48
47 48
48 49
48 50
49 51
50 51
51 52
51 53
52 54
53 54
54 55
54 56
55 57
56 57
57 58
57 59
58 60
59 60
60 61
60 62
61 63
62 63
63 64
63 65
64 66
65 66
66 67
66 68
67 69
68 69
69 70
69 71
70 72
71 72
72 73
72 74
73 75
74 75
75 76
75 77
76 78
77 78
78 79
78 83
79 80
79 81
80 82
81 82
82 84
83 84
84 85
84 86
85 87
86 87
87 88
87 89
88 90
89 90
90 91
90 92
91 93
92 93
93 94
93 95
94 96
95 96
96 97
96 98
97 99
98 99
99 100
99 101
100 102
101 102
102 103
102 104
103 105
104 105
105 106
105 110
106 107
106 108
107 109
108 109
109 111
110 111
111 112
111 113
112 114
113 114
114 115
114 116
115 117
116 117
117 118
117 119
118 120
119 120
120 121
120 122
121 123
122 123
123 124
123 128
124 125
124 126
125 127
126 127
127 129
128 129
129 130
129 131
130 132
131 132
132 133
132 134
133 135
134 135
135 136
135 137
136 138
137 138
138 139
138 140
139 141
140 141
141 142
141 143
142 144
143 144
144 145
144 146
145 147
146 147
147 194
0 1
0 2
1 3
2 3
3 4
4 5
4 8
5 6
5 7
6 9
7 10
8 10
9 11
10 11
11 12
11 13
12 14
13 14
14 15
14 16
15 17
16 17
17 18
17 19
18 20
19 20
20 21
20 22
21 23
22 23
23 24
23 25
24 26
25 26
26 27
26 28
27 29
28 29
29 30
29 31
30 32
31 32
32 33
32 34
33 35
34 35
35 36
35 37
36 38
37 38
38 39
38 40
39 41
40 41
41 42
41 43
42 44
43 44
44 45
44 46
45 47
46 47
47 48
47 49
48 50
49 50
50 51
50 52
51 53
52 53
53 54
53 55
54 56
55 56
56 57
56 58
57 59
58 59
59 60
59 61
60 62
61 62
62 63
62 64
63 65
64 65
65 66
65 67
66 68
67 68
68 69
68 70
69 71
70 71
71 72
71 73
72 74
73 74
74 75
74 76
75 77
76 77
77 78
77 82
78 79
78 80
79 81
80 81
81 83
82 83
83 84
83 85
84 86
85 86
86 87
86 88
87 89
88 89
89 90
89 91
90 92
91 92
92 93
92 94
93 95
94 95
95 96
95 97
96 98
97 98
98 99
98 100
99 101
100 101
101 102
101 103
102 104
103 104
104 105
104 109
105 106
105 107
106 108
107 108
108 110
109 110
110 111
110 112
111 113
112 113
113 114
113 115
114 116
115 116
116 117
116 118
117 119
118 119
119 120
119 121
120 122
121 122
122 123
122 127
123 124
123 125
124 126
125 126
126 128
127 128
128 129
128 130
129 131
130 131
131 132
131 133
132 134
133 134
134 135
134 136
135 137
136 137
137 138
137 139
138 140
139 140
140 141
140 142
141 143
142 143
143 144
143 145
144 146
145 146
19 24
0 1
0 17
1 2
1 15
2 3
2 13
3 4
3 11
4 5
4 9
5 6
5 7
6 8
7 8
8 10
9 10
10 12
11 12
12 14
13 14
14 16
15 16
16 18
17 18
19 24
0 1
0 17
1 2
1 15
2 3
2 13
3 4
3 11
4 5
4 9
5 6
5 7
6 8
7 8
8 10
9 10
10 12
11 12
12 14
13 14
14 16
15 16
16 18
17 18
10 12
0 1
0 8
1 2
1 6
2 3
2 4
3 5
4 5
5 7
6 7
7 9
8 9
10 12
0 1
0 8
1 2
1 6
2 3
2 4
3 5
4 5
5 7
6 7
7 9
8 9
19 24
0 1
0 2
1 3
2 3
3 4
3 5
4 6
5 6
6 7
6 8
7 9
8 9
9 10
9 11
10 12
11 12
12 13
12 14
13 15
14 15
15 16
15 17
16 18
17 18
19 24
0 1
0 2
1 3
2 3
3 4
3 5
4 6
5 6
6 7
6 8
7 9
8 9
9 10
9 11
10 12
11 12
12 13
12 14
13 15
14 15
15 16
15 17
16 18
17 18
10 12
0 1
0 2
1 3
2 3
3 4
3 5
4 6
5 6
6 7
6 8
7 9
8 9
10 12
0 1
0 2
1 3
2 3
3 4
3 5
4 6
5 6
6 7
6 8
7 9
8 9
84 110
0 1
0 5
1 2
1 3
2 4
3 4
4 6
5 6
6 7
6 17
7 8
7 9
8 10
9 10
10 11
10 15
11 12
11 13
12 14
13 14
14 16
15 16
16 18
17 18
18 19
18 26
19 20
19 21
20 22
21 22
22 23
22 24
23 25
24 25
25 27
26 27
27 28
27 32
28 29
28 30
29 31
30 31
31 33
32 33
33 34
33 41
34 35
34 39
35 36
35 37
36 38
37 38
38 40
39 40
40 42
41 42
42 43
42 50
43 44
43 48
44 45
44 46
45 47
46 47
47 49
48 49
49 51
50 51
51 52
51 59
52 53
52 57
53 54
53 55
54 56
55 56
56 58
57 58
58 60
59 60
60 61
60 62
61 63
62 63
63 64
63 65
64 66
65 66
66 67
67 68
67 69
68 70
69 70
70 71
71 72
71 73
72 74
73 74
74 75
74 82
75 76
75 80
76 77
76 78
77 79
78 79
79 81
80 81
81 83
82 83
84 110
0 1
0 5
1 2
1 3
2 4
3 4
4 6
5 6
6 7
6 17
7 8
7 9
8 10
9 10
10 11
10 15
11 12
11 13
12 14
13 14
14 16
15 16
16 18
17 18
18 19
18 26
19 20
19 21
20 22
21 22
22 23
22 24
23 25
24 25
25 27
26 27
27 28
27 32
28 29
28 30
29 31
30 31
31 33
32 33
33 34
33 41
34 35
34 39
35 36
35 37
36 38
37 38
38 40
39 40
40 42
41 42
42 43
42 50
43 44
43 48
44 45
44 46
45 47
46 47
47 49
48 49
49 51
50 51
51 52
51 59
52 53
52 57
53 54
53 55
54 56
55 56
56 58
57 58
58 60
59 60
60 61
60 62
61 63
62 63
63 64
63 65
64 66
65 66
66 67
67 68
67 69
68 70
69 70
70 71
71 72
71 73
72 74
73 74
74 75
74 82
75 76
75 80
76 77
76 78
77 79
78 79
79 81
80 81
81 83
82 83
119 156
0 1
0 2
1 3
2 3
3 4
3 5
4 6
5 6
6 7
6 8
7 9
8 9
9 10
9 11
10 12
11 12
12 13
12 14
13 15
14 15
15 16
15 17
16 18
17 18
18 19
18 20
19 21
20 21
21 22
21 23
22 24
23 24
24 25
24 26
25 27
26 27
27 28
27 29
28 30
29 30
30 31
30 32
31 33
32 33
33 34
33 35
34 36
35 36
36 37
36 38
37 39
38 39
39 40
39 41
40 42
41 42
42 43
42 44
43 45
44 45
45 46
45 47
46 48
47 48
48 49
48 50
49 51
50 51
51 52
51 53
52 54
53 54
54 55
54 56
55 57
56 57
57 58
57 59
58 60
59 60
60 61
60 62
61 63
62 63
63 64
63 65
64 66
65 66
66 67
66 68
67 69
68 69
69 70
70 71
70 87
71 72
71 85
72 73
72 83
73 74
73 81
74 75
74 79
75 76
75 77
76 78
77 78
78 80
79 80
80 82
81 82
82 84
83 84
84 86
85 86
86 88
87 88
88 89
89 90
89 91
90 92
91 92
92 93
92 94
93 95
94 95
95 96
96 97
96 104
97 98
97 102
98 99
98 100
99 101
100 101
101 103
102 103
103 105
104 105
105 106
106 107
106 108
107 109
108 109
109 110
109 111
110 112
111 112
112 113
112 114
113 115
114 115
115 116
115 117
116 118
117 118
119 156
0 1
0 2
1 3
2 3
3 4
3 5
4 6
5 6
6 7
6 8
7 9
8 9
9 10
9 11
10 12
11 12
12 13
12 14
13 15
14 15
15 16
15 17
16 18
17 18
18 19
18 20
19 21
20 21
21 22
21 23
22 24
23 24
24 25
24 26
25 27
26 27
27 28
27 29
28 30
29 30
30 31
30 32
31 33
32 33
33 34
33 35
34 36
35 36
36 37
36 38
37 39
38 39
39 40
39 41
40 42
41 42
42 43
42 44
43 45
44 45
45 46
45 47
46 48
47 48
48 49
48 50
49 51
50 51
51 52
51 53
52 54
53 54
54 55
54 56
55 57
56 57
57 58
57 59
58 60
59 60
60 61
60 62
61 63
62 63
63 64
63 65
64 66
65 66
66 67
66 68
67 69
68 69
69 70
70 71
70 87
71 72
71 85
72 73
72 83
73 74
73 81
74 75
74 79
75 76
75 77
76 78
77 78
78 80
79 80
80 82
81 82
82 84
83 84
84 86
85 86
86 88
87 88
88 89
89 90
89 91
90 92
91 92
92 93
92 94
93 95
94 95
95 96
96 97
96 104
97 98
97 102
98 99
98 100
99 101
100 101
101 103
102 103
103 105
104 105
105 106
106 107
106 108
107 109
108 109
109 110
109 111
110 112
111 112
112 113
112 114
113 115
114 115
115 116
115 117
116 118
117 118
4 5
0 1
0 2
1 3
1 2
2 3
3 2
0 1
1 2
14 23
0 1
0 2
1 3
1 2
2 3
3 4
3 5
4 6
4 5
5 6
6 7
6 8
7 9
7 8
8 9
9 10
9 11
10 10
10 11
11 12
11 13
12 12
12 13
11 12
0 1
1 2
2 3
3 4
4 5
5 6
6 7
7 7
7 8
8 9
9 9
9 10
1 0
1 0
1 0
1 0
1 0
1 0
1 0
1 0
1 0
1 0
4 4
0 1
0 2
1 3
2 3
4 4
0 1
0 2
1 3
2 3
1 0
1 0
1 0
1 0
1 0
1 0
1 0
1 0
1 0
3 4
0 1
0 2
1 1
1 2
3 3
0 1
1 1
1 2
3 4
0 1
0 2
1 1
1 2
3 3
0 1
1 1
1 2
1 0
1 0
1 0
1 0
1 0
1 0
1 0
1 0
1 0
1 0
3 2
0 1
0 2
3 2
0 1
0 2
1 0
1 0
1 0
1 0
5 4
0 1
0 4
1 2
1 3
5 4
0 1
0 4
1 2
1 3
9 10
0 1
0 5
1 2
1 3
2 4
3 4
4 6
5 6
6 7
6 8
9 10
0 1
0 5
1 2
1 3
2 4
3 4
4 6
5 6
6 7
6 8
3 2
0 1
0 2
3 2
0 1
0 2
5 4
0 1
0 2
2 3
2 4
5 4
0 1
0 2
2 3
2 4
5 4
0 1
0 2
2 3
2 4
5 4
0 1
0 2
2 3
2 4
5 4
0 1
0 2
2 3
2 4
5 4
0 1
0 2
2 3
2 4
9 8
0 1
0 2
2 3
2 4
4 5
4 6
6 7
6 8
9 8
0 1
0 2
2 3
2 4
4 5
4 6
6 7
6 8
1 0
7 6
0 1
0 2
2 3
2 4
4 5
4 6
7 6
0 1
0 2
2 3
2 4
4 5
4 6
1 0
7 6
0 1
0 2
2 3
2 4
4 5
4 6
7 6
0 1
0 2
2 3
2 4
4 5
4 6
1 0
1 0
7 6
0 1
0 2
2 3
2 4
4 5
4 6
7 6
0 1
0 2
2 3
2 4
4 5
4 6
1 0
1 0
1 0
1 0
1 0
1 0
1 0
1 0
1 0
1 0
1 0
1 0
1 0
5 4
0 1
0 2
2 3
2 4
5 4
0 1
0 2
2 3
2 4
1 0
1 0
1 0
1 0
1 0
1 0
1 0
1 0
1 0
1 0
5 4
0 1
0 2
2 3
2 4
5 4
0 1
0 2
2 3
2 4
1 0
1 0
1 0
1 0
1 0
1 0
1 0
1 0
1 0
1 0
5 4
0 1
0 2
2 3
2 4
5 4
0 1
0 2
2 3
2 4
1 0
1 0
1 0
1 0
1 0
1 0
1 0
1 0
5 4
0 1
0 2
2 3
2 4
5 4
0 1
0 2
2 3
2 4
5 4
0 1
0 2
2 3
2 4
5 4
0 1
0 2
2 3
2 4
1 0
1 0
1 0
1 0
1 0
1 0
1 0
1 0
1 0
1 0
1 0
1 0
15 14
0 1
0 2
2 3
2 4
4 5
4 6
6 7
6 8
8 9
8 10
10 11
10 12
12 13
12 14
15 14
0 1
0 2
2 3
2 4
4 5
4 6
6 7
6 8
8 9
8 10
10 11
10 12
12 13
12 14
27 35
0 1
1 2
1 3
2 16
3 4
3 5
4 16
5 6
5 7
6 16
7 8
7 9
8 16
9 10
9 11
10 16
11 12
11 13
12 16
13 14
13 15
14 16
15 16
16 17
16 18
18 19
18 23
19 20
19 21
20 22
21 22
22 24
23 24
24 25
24 26
26 33
0 1
1 2
1 3
2 16
3 4
3 5
4 16
5 6
5 7
6 16
7 8
7 9
8 16
9 10
9 11
10 16
11 12
11 13
12 16
13 14
13 15
14 16
15 17
17 18
17 22
18 19
18 20
19 21
20 21
21 23
22 23
23 24
23 25
5 4
0 1
0 2
2 3
2 4
5 4
0 1
0 2
2 3
2 4
1 0
1 0
1 0
1 0
5 4
0 1
0 2
2 3
2 4
5 4
0 1
0 2
2 3
2 4
1 0
1 0
1 0
1 0
1 0
1 0
1 0
1 0
1 0
1 0
1 0
1 0
1 0
1 0
1 0
1 0
1 0
1 0
1 0
1 0
1 0
1 0
1 0
1 0
1 0
1 0
1 0
1 0
1 0
1 0
1 0
25 30
0 1
0 5
1 2
1 3
2 4
3 4
4 6
5 6
6 7
6 8
8 9
8 13
9 10
9 11
10 12
11 12
12 14
13 14
14 15
14 16
16 17
16 21
17 18
17 19
18 20
19 20
20 22
21 22
22 23
22 24
25 30
0 1
0 5
1 2
1 3
2 4
3 4
4 6
5 6
6 7
6 8
8 9
8 13
9 10
9 11
10 12
11 12
12 14
13 14
14 15
14 16
16 17
16 21
17 18
17 19
18 20
19 20
20 22
21 22
22 23
22 24
1 0
1 0
1 0
1 0
1 0
1 0
1 0
1 0
1 0
1 0
3 2
0 1
0 2
3 2
0 1
0 2
5 4
0 1
0 4
1 2
1 3
5 4
0 1
0 4
1 2
1 3
5 4
0 1
0 4
1 2
1 3
5 4
0 1
0 4
1 2
1 3
9 10
0 1
1 2
1 5
2 3
2 4
3 6
4 6
5 6
6 7
6 8
8 8
0 1
1 2
1 5
2 3
2 4
3 6
4 7
5 7
21 24
0 1
0 20
1 2
1 19
2 3
2 4
3 8
4 5
4 6
5 7
6 7
7 8
8 9
8 10
10 11
10 12
11 16
12 13
12 14
13 15
14 15
15 16
16 17
16 18
21 24
0 1
0 20
1 2
1 19
2 3
2 4
3 8
4 5
4 6
5 7
6 7
7 8
8 9
8 10
10 11
10 12
11 16
12 13
12 14
13 15
14 15
15 16
16 17
16 18
3 2
0 1
0 2
3 2
0 1
0 2
25 30
0 1
0 5
1 2
1 3
2 4
3 4
4 6
5 6
6 7
6 8
8 9
8 13
9 10
9 11
10 12
11 12
12 14
13 14
14 15
14 16
16 17
16 21
17 18
17 19
18 20
19 20
20 22
21 22
22 23
22 24
25 30
0 1
0 5
1 2
1 3
2 4
3 4
4 6
5 6
6 7
6 8
8 9
8 13
9 10
9 11
10 12
11 12
12 14
13 14
14 15
14 16
16 17
16 21
17 18
17 19
18 20
19 20
20 22
21 22
22 23
22 24
10 12
0 1
1 2
1 6
2 3
2 4
3 5
4 5
5 7
6 7
7 8
7 9
8 1
10 12
0 1
1 2
1 6
2 3
2 4
3 5
4 5
5 7
6 7
7 8
7 9
8 1
33 40
0 1
1 2
2 3
2 7
3 4
3 5
4 6
5 6
6 8
7 8
8 9
8 10
9 2
10 11
11 12
11 13
13 14
13 15
15 16
15 17
17 18
18 19
18 23
19 20
19 21
20 22
21 22
22 24
23 24
24 25
24 32
25 26
25 27
26 31
27 28
27 29
28 30
29 30
30 31
31 18
33 40
0 1
1 2
2 3
2 7
3 4
3 5
4 6
5 6
6 8
7 8
8 9
8 10
9 2
10 11
11 12
11 13
13 14
13 15
15 16
15 17
17 18
18 19
18 23
19 20
19 21
20 22
21 22
22 24
23 24
24 25
24 32
25 26
25 27
26 31
27 28
27 29
28 30
29 30
30 31
31 18
9 9
0 1
1 2
1 3
2 4
3 4
4 5
4 6
6 7
6 8
9 9
0 1
1 2
1 3
2 4
3 4
4 5
4 6
6 7
6 8
7 8
0 1
0 2
1 3
2 3
3 4
3 5
4 6
5 6
7 8
0 1
0 2
1 3
2 3
3 4
3 5
4 6
5 6
1 0
1 0
1 0
1 0
1 0
1 0
1 0
1 0
4 5
0 1
0 2
1 3
1 2
2 3
3 2
0 1
1 2
1 0
6 9
0 1
0 2
1 3
1 2
2 3
3 4
3 5
4 4
4 5
5 5
0 1
1 2
2 3
3 3
3 4
1 0
1 0
1 0
4 4
0 1
0 2
1 3
2 3
4 4
0 1
0 2
1 3
2 3
6 6
0 1
0 2
1 3
2 3
3 4
3 5
6 6
0 1
0 2
1 3
2 3
3 4
3 5
1 0
10 13
0 1
0 2
1 3
2 3
3 4
3 5
4 6
4 5
5 6
6 7
7 8
7 9
8 7
9 11
0 1
0 2
1 3
2 3
3 4
4 5
5 6
5 8
6 7
7 7
7 8
4 4
0 1
0 2
1 3
2 3
4 4
0 1
0 2
1 3
2 3
3 2
0 1
0 2
1 0
1 0
3 2
0 1
0 2
3 2
0 1
0 2
1 0
1 0
1 0
1 0
1 0
3 2
0 1
0 2
3 2
0 1
0 2
8 13
0 1
0 7
1 2
1 3
2 4
2 3
3 4
4 5
4 6
5 5
5 6
6 1
6 7
8 10
0 1
0 7
1 2
2 3
3 4
4 5
5 5
5 6
6 2
6 7
1 0
1 0
1 0
1 0
1 0
1 0
1 0
6 9
0 1
0 2
1 3
1 2
2 3
3 4
3 5
4 4
4 5
5 5
0 1
1 2
2 3
3 3
3 4
4 4
0 1
0 2
1 3
2 3
4 4
0 1
0 2
1 3
2 3
1 0
1 0
1 0
1 0
1 0
1 0
4 5
0 1
0 2
1 3
1 2
2 3
3 2
0 1
1 2
1 0
1 0
1 0
1 0
1 0
1 0
1 0
7 9
0 1
0 2
1 3
2 3
3 4
3 5
4 6
4 5
5 6
6 6
0 1
0 2
1 3
2 3
3 4
4 5
3 3
0 1
0 2
2 0
3 3
0 1
0 2
2 0
1 0
1 0
3 3
0 1
0 2
2 0
3 3
0 1
0 2
2 0
1 0
1 0
19 18
0 1
0 2
2 3
2 4
4 5
4 6
6 7
6 8
8 9
8 10
10 11
10 12
12 13
12 14
14 15
14 16
16 17
16 18
1 0
7 8
0 1
0 2
1 3
2 3
3 4
4 5
4 6
5 4
7 9
0 1
0 2
1 3
2 3
3 4
3 6
4 5
5 5
5 6
14 19
0 1
1 2
1 3
2 4
3 4
4 5
4 6
5 7
5 6
6 7
7 8
8 9
8 13
9 10
9 11
10 12
10 11
11 12
12 8
13 17
0 1
1 2
1 3
2 4
3 4
4 5
4 6
5 7
5 6
6 7
7 8
7 12
8 9
9 10
10 11
11 9
11 12
1 0
1 0
1 0
1 0
1 0
1 0
3 4
0 1
0 2
1 1
1 2
7 11
0 1
0 6
1 2
2 3
2 5
3 4
3 5
4 4
4 6
5 5
5 6
1 0
1 0
1 0
4 5
0 1
0 2
1 3
1 2
2 3
3 2
0 1
1 2
4 4
0 1
0 2
1 3
2 3
4 4
0 1
0 2
1 3
2 3
5 5
0 1
0 2
2 3
2 4
4 0
5 5
0 1
0 2
2 3
2 4
4 0
3 2
0 1
0 2
3 2
0 1
0 2
1 0
1 0
1 0
1 0
4 4
0 1
0 2
1 3
2 3
4 4
0 1
0 2
1 3
2 3
4 5
0 1
0 2
1 3
1 2
2 3
3 2
0 1
1 2
3 4
0 1
0 2
1 1
1 2
4 5
0 1
0 3
1 2
2 2
2 3
3 3
0 1
0 2
2 0
3 3
0 1
0 2
2 0
1 0
1 0
3 3
0 1
0 2
2 0
3 3
0 1
0 2
2 0
1 0
1 0
71 70
0 1
0 2
2 3
2 4
4 5
4 6
6 7
6 8
8 9
8 10
10 11
10 12
12 13
12 14
14 15
14 16
16 17
16 18
18 19
18 20
20 21
20 22
22 23
22 24
24 25
24 26
26 27
26 28
28 29
28 30
30 31
30 32
32 33
32 34
34 35
34 36
36 37
36 38
38 39
38 40
40 41
40 42
42 43
42 44
44 45
44 46
46 47
46 48
48 49
48 50
50 51
50 52
52 53
52 54
54 55
54 56
56 57
56 58
58 59
58 60
60 61
60 62
62 63
62 64
64 65
64 66
66 67
66 68
68 69
68 70
37 36
0 36
0 1
0 2
0 3
0 4
0 5
0 6
0 7
0 8
0 9
0 10
0 11
0 12
0 13
0 14
0 15
0 16
0 17
0 18
0 19
0 20
0 21
0 22
0 23
0 24
0 25
0 26
0 27
0 28
0 29
0 30
0 31
0 32
0 33
0 34
0 35
7 6
0 1
0 2
2 3
2 6
3 4
3 5
7 6
0 1
0 2
2 3
2 6
3 4
3 5
5 4
0 1
0 4
1 2
1 3
5 4
0 1
0 4
1 2
1 3
7 6
0 1
0 2
2 3
2 6
3 4
3 5
7 6
0 1
0 2
2 3
2 6
3 4
3 5
5 4
0 1
0 4
1 2
1 3
5 4
0 1
0 4
1 2
1 3
175 174
0 1
0 4
1 2
1 3
4 5
4 8
5 6
5 7
8 9
8 12
9 10
9 11
12 13
12 16
13 14
13 15
16 17
16 20
17 18
17 19
20 21
20 24
21 22
21 23
24 25
24 28
25 26
25 27
28 29
28 32
29 30
29 31
32 33
32 36
33 34
33 35
36 37
36 40
37 38
37 39
40 41
40 44
41 42
41 43
44 45
44 48
45 46
45 47
48 49
48 52
49 50
49 51
52 53
52 56
53 54
53 55
56 57
56 60
57 58
57 59
60 61
60 64
61 62
61 63
64 65
64 68
65 66
65 67
68 69
68 72
69 70
69 71
72 73
72 76
73 74
73 75
76 77
76 84
77 78
77 83
78 79
78 82
79 80
79 81
84 85
84 88
85 86
85 87
88 89
88 96
89 90
89 95
90 91
90 94
91 92
91 93
96 97
96 100
97 98
97 99
100 101
100 104
101 102
101 103
104 105
104 112
105 106
105 111
106 107
106 110
107 108
107 109
112 113
112 120
113 114
113 119
114 115
114 118
115 116
115 117
120 121
120 128
121 122
121 127
122 123
122 126
123 124
123 125
128 129
128 132
129 130
129 131
132 133
132 140
133 134
133 139
134 135
134 138
135 136
135 137
140 141
140 144
141 142
141 143
144 145
144 152
145 146
145 151
146 147
146 150
147 148
147 149
152 153
152 156
153 154
153 155
156 157
156 164
157 158
157 163
158 159
158 162
159 160
159 161
164 165
164 168
165 166
165 167
168 169
168 172
169 170
169 171
172 173
172 174
141 140
0 138
0 1
0 4
0 7
0 10
0 13
0 16
0 19
0 22
0 25
0 28
0 31
0 34
0 37
0 40
0 43
0 46
0 49
0 52
0 55
0 58
0 65
0 68
0 75
0 78
0 81
0 88
0 95
0 102
0 105
0 112
0 115
0 122
0 125
0 132
0 135
1 2
1 3
4 5
4 6
7 8
7 9
10 11
10 12
13 14
13 15
16 17
16 18
19 20
19 21
22 23
22 24
25 26
25 27
28 29
28 30
31 32
31 33
34 35
34 36
37 38
37 39
40 41
40 42
43 44
43 45
46 47
46 48
49 50
49 51
52 53
52 54
55 56
55 57
58 59
58 64
59 60
59 63
60 61
60 62
65 66
65 67
68 69
68 74
69 70
69 73
70 71
70 72
75 76
75 77
78 79
78 80
81 82
81 87
82 83
82 86
83 84
83 85
88 89
88 94
89 90
89 93
90 91
90 92
95 96
95 101
96 97
96 100
97 98
97 99
102 103
102 104
105 106
105 111
106 107
106 110
107 108
107 109
112 113
112 114
115 116
115 121
116 117
116 120
117 118
117 119
122 123
122 124
125 126
125 131
126 127
126 130
127 128
127 129
132 133
132 134
135 136
135 137
138 139
138 140
1 0
12 14
0 1
0 2
2 3
3 4
3 11
4 5
4 6
5 10
6 7
6 8
7 9
8 9
9 10
10 3
12 15
0 1
0 2
2 3
2 11
3 4
4 5
4 6
5 10
6 7
6 8
7 9
8 9
9 10
10 4
10 11
3 2
0 1
0 2
1 0
1 0
1 0
1 0
1 0
1 0
1 0
1 0
1 0
1 0
1 0
1 0
1 0
12 19
0 1
0 2
1 3
1 2
2 3
3 4
3 5
4 6
4 5
5 6
6 7
6 11
7 8
7 9
8 10
8 9
9 10
10 7
10 11
9 9
0 1
1 2
2 3
3 4
4 5
5 6
6 7
7 5
7 8
1 0
1 0
1 0
3 2
0 1
0 2
3 2
0 1
0 2
1 0
3 2
0 1
0 2
3 2
0 1
0 2
3 2
0 1
0 2
3 2
0 1
0 2
1 0
1 0
1 0
1 0
1 0
1 0
1 0
1 0
1 0
1 0
1 0
3 2
0 1
0 2
3 2
0 1
0 2
1 0
1 0
3 2
0 1
0 2
3 2
0 1
0 2
1 0
1 0
1 0
1 0
1 0
3 2
0 1
0 2
3 2
0 1
0 2
1 0
1 0
1 0
1 0
1 0
1 0
1 0
1 0
1 0
1 0
1 0
1 0
1 0
1 0
1 0
1 0
1 0
1 0
1 0
1 0
1 0
1 0
1 0
1 0
21 26
0 1
0 2
1 6
2 3
2 4
3 5
4 5
5 6
6 7
6 8
7 9
8 9
9 10
9 11
10 12
11 12
12 13
12 14
13 18
14 15
14 16
15 17
16 17
17 18
18 19
18 20
21 26
0 1
0 2
1 6
2 3
2 4
3 5
4 5
5 6
6 7
6 8
7 9
8 9
9 10
9 11
10 12
11 12
12 13
12 14
13 18
14 15
14 16
15 17
16 17
17 18
18 19
18 20
1 0
1 0
1 0
1 0
1 0
1 0
1 0
1 0
1 0
1 0
1 0
4 4
0 1
0 2
1 3
2 3
4 4
0 1
0 2
1 3
2 3
1 0
1 0
1 0
1 0
1 0
1 0
1 0
1 0
4 4
0 1
0 2
1 3
2 3
4 4
0 1
0 2
1 3
2 3
1 0
1 0
1 0
1 0
1 0
1 0
9 14
0 1
0 3
1 2
2 1
2 3
3 4
3 5
4 6
4 5
5 6
6 7
6 8
7 7
7 8
15 24
0 1
0 4
1 2
2 3
3 2
3 4
4 5
4 6
5 7
5 6
6 7
7 8
7 14
8 9
9 10
9 13
10 11
10 13
11 12
11 13
12 12
12 14
13 13
13 14
1 0
3 2
0 1
0 2
3 2
0 1
0 2
3 2
0 1
0 2
3 2
0 1
0 2
3 2
0 1
0 2
3 2
0 1
0 2
3 2
0 1
0 2
1 0
1 0
1 0
7 9
0 1
0 2
1 3
2 3
3 4
3 5
4 6
4 5
5 6
7 9
0 1
0 2
1 3
2 3
3 4
3 5
4 6
4 5
5 6
1 0
1 0
1 0
1 0
1 0
9 10
0 1
0 5
1 2
1 3
2 4
3 4
4 6
5 6
6 7
6 8
9 10
0 1
0 5
1 2
1 3
2 4
3 4
4 6
5 6
6 7
6 8
3 3
0 1
0 2
2 0
3 3
0 1
0 2
2 0
7 9
0 1
0 2
1 3
2 3
3 4
3 5
4 6
4 5
5 6
7 9
0 1
0 2
1 3
2 3
3 4
3 5
4 6
4 5
5 6
4 4
0 1
0 2
1 3
2 3
4 4
0 1
0 2
1 3
2 3
3 3
0 1
0 2
2 0
3 3
0 1
0 2
2 0
6 7
0 1
0 2
2 3
2 4
3 5
4 5
5 0
6 7
0 1
0 2
2 3
2 4
3 5
4 5
5 0
4 4
0 1
0 2
1 3
2 3
4 4
0 1
0 2
1 3
2 3
1 0
1 0
1 0
1 0
1 0
3 2
0 1
0 2
3 2
0 1
0 2
3 2
0 1
0 2
1 0
1 0
1 0
1 0
1 0
1 0
1 0
1 0
1 0
1 0
1 0
1 0
1 0
3 2
0 1
0 2
3 2
0 1
0 2
1 0
1 0
1 0
1 0
1 0
1 0
1 0
1 0
1 0
1 0
1 0
7 9
0 1
0 2
1 3
2 3
3 4
3 5
4 6
4 5
5 6
7 9
0 1
0 2
1 3
2 3
3 4
3 5
4 6
4 5
5 6
1 0
1 0
1 0
1 0
1 0
9 10
0 1
0 5
1 2
1 3
2 4
3 4
4 6
5 6
6 7
6 8
9 10
0 1
0 5
1 2
1 3
2 4
3 4
4 6
5 6
6 7
6 8
3 3
0 1
0 2
2 0
3 3
0 1
0 2
2 0
7 9
0 1
0 2
1 3
2 3
3 4
3 5
4 6
4 5
5 6
7 9
0 1
0 2
1 3
2 3
3 4
3 5
4 6
4 5
5 6
4 4
0 1
0 2
1 3
2 3
4 4
0 1
0 2
1 3
2 3
3 3
0 1
0 2
2 0
3 3
0 1
0 2
2 0
1 0
1 0
1 0
1 0
1 0
1 0
1 0
10 13
0 1
0 2
1 3
2 3
3 4
3 5
4 6
4 5
5 6
6 7
7 8
7 9
8 7
10 14
0 1
0 2
1 3
2 3
3 4
3 5
4 6
4 5
5 6
6 7
6 9
7 8
8 8
8 9
1 0
1 0
1 0
9 10
0 1
0 5
1 2
1 3
2 4
3 4
4 6
5 6
6 7
6 8
9 10
0 1
0 5
1 2
1 3
2 4
3 4
4 6
5 6
6 7
6 8
3 3
0 1
0 2
2 0
3 3
0 1
0 2
2 0
10 13
0 1
0 2
1 3
2 3
3 4
3 5
4 6
4 5
5 6
6 7
7 8
7 9
8 7
10 14
0 1
0 2
1 3
2 3
3 4
3 5
4 6
4 5
5 6
6 7
6 9
7 8
8 8
8 9
4 4
0 1
0 2
1 3
2 3
4 4
0 1
0 2
1 3
2 3
3 3
0 1
0 2
2 0
3 3
0 1
0 2
2 0
1 0
1 0
1 0
1 0
1 0
7 6
0 1
0 2
2 3
2 4
4 5
4 6
7 6
0 1
0 2
2 3
2 4
4 5
4 6
11 10
0 1
0 4
1 2
1 3
4 5
4 10
5 6
5 9
6 7
6 8
11 10
0 1
0 4
1 2
1 3
4 5
4 10
5 6
5 9
6 7
6 8
1 0
1 0
1 0
1 0
1 0
10 13
0 1
0 2
1 3
2 3
3 4
3 5
4 6
4 5
5 6
6 7
7 8
7 9
8 7
10 14
0 1
0 2
1 3
2 3
3 4
3 5
4 6
4 5
5 6
6 7
6 9
7 8
8 8
8 9
1 0
1 0
1 0
9 10
0 1
0 5
1 2
1 3
2 4
3 4
4 6
5 6
6 7
6 8
9 10
0 1
0 5
1 2
1 3
2 4
3 4
4 6
5 6
6 7
6 8
3 3
0 1
0 2
2 0
3 3
0 1
0 2
2 0
10 13
0 1
0 2
1 3
2 3
3 4
3 5
4 6
4 5
5 6
6 7
7 8
7 9
8 7
10 14
0 1
0 2
1 3
2 3
3 4
3 5
4 6
4 5
5 6
6 7
6 9
7 8
8 8
8 9
4 4
0 1
0 2
1 3
2 3
4 4
0 1
0 2
1 3
2 3
1 0
1 0
1 0
1 0
1 0
10 13
0 1
0 2
1 3
2 3
3 4
3 5
4 6
4 5
5 6
6 7
7 8
7 9
8 7
10 14
0 1
0 2
1 3
2 3
3 4
3 5
4 6
4 5
5 6
6 7
6 9
7 8
8 8
8 9
1 0
1 0
1 0
1 0
1 0
9 10
0 1
0 5
1 2
1 3
2 4
3 4
4 6
5 6
6 7
6 8
9 10
0 1
0 5
1 2
1 3
2 4
3 4
4 6
5 6
6 7
6 8
3 3
0 1
0 2
2 0
3 3
0 1
0 2
2 0
10 13
0 1
0 2
1 3
2 3
3 4
3 5
4 6
4 5
5 6
6 7
7 8
7 9
8 7
10 14
0 1
0 2
1 3
2 3
3 4
3 5
4 6
4 5
5 6
6 7
6 9
7 8
8 8
8 9
4 4
0 1
0 2
1 3
2 3
4 4
0 1
0 2
1 3
2 3
3 3
0 1
0 2
2 0
3 3
0 1
0 2
2 0
1 0
1 0
1 0
10 13
0 1
0 2
1 3
2 3
3 4
3 5
4 6
4 5
5 6
6 7
7 8
7 9
8 7
10 14
0 1
0 2
1 3
2 3
3 4
3 5
4 6
4 5
5 6
6 7
6 9
7 8
8 8
8 9
1 0
1 0
1 0
9 10
0 1
0 5
1 2
1 3
2 4
3 4
4 6
5 6
6 7
6 8
9 10
0 1
0 5
1 2
1 3
2 4
3 4
4 6
5 6
6 7
6 8
3 3
0 1
0 2
2 0
3 3
0 1
0 2
2 0
10 13
0 1
0 2
1 3
2 3
3 4
3 5
4 6
4 5
5 6
6 7
7 8
7 9
8 7
10 14
0 1
0 2
1 3
2 3
3 4
3 5
4 6
4 5
5 6
6 7
6 9
7 8
8 8
8 9
4 4
0 1
0 2
1 3
2 3
4 4
0 1
0 2
1 3
2 3
1 0
1 0
7 9
0 1
0 2
1 3
2 3
3 4
3 5
4 6
4 5
5 6
7 9
0 1
0 2
1 3
2 3
3 4
3 5
4 6
4 5
5 6
1 0
1 0
1 0
9 10
0 1
0 5
1 2
1 3
2 4
3 4
4 6
5 6
6 7
6 8
9 10
0 1
0 5
1 2
1 3
2 4
3 4
4 6
5 6
6 7
6 8
3 3
0 1
0 2
2 0
3 3
0 1
0 2
2 0
7 9
0 1
0 2
1 3
2 3
3 4
3 5
4 6
4 5
5 6
7 9
0 1
0 2
1 3
2 3
3 4
3 5
4 6
4 5
5 6
4 4
0 1
0 2
1 3
2 3
4 4
0 1
0 2
1 3
2 3
13 18
0 1
0 2
1 3
2 3
3 4
3 5
4 6
4 5
5 6
6 7
7 8
7 12
8 9
8 10
9 11
9 10
10 11
11 7
12 16
0 1
0 2
1 3
2 3
3 4
3 5
4 6
4 5
5 6
6 7
6 11
7 8
8 9
9 10
10 8
10 11
1 0
1 0
1 0
9 10
0 1
0 5
1 2
1 3
2 4
3 4
4 6
5 6
6 7
6 8
9 10
0 1
0 5
1 2
1 3
2 4
3 4
4 6
5 6
6 7
6 8
3 3
0 1
0 2
2 0
3 3
0 1
0 2
2 0
13 18
0 1
0 2
1 3
2 3
3 4
3 5
4 6
4 5
5 6
6 7
7 8
7 12
8 9
8 10
9 11
9 10
10 11
11 7
12 16
0 1
0 2
1 3
2 3
3 4
3 5
4 6
4 5
5 6
6 7
6 11
7 8
8 9
9 10
10 8
10 11
4 4
0 1
0 2
1 3
2 3
4 4
0 1
0 2
1 3
2 3
3 4
0 1
0 2
1 1
1 2
4 5
0 1
0 3
1 2
2 2
2 3
1 0
3 4
0 1
0 2
1 1
1 2
4 5
0 1
0 3
1 2
2 2
2 3
1 0
1 0
7 9
0 1
0 2
1 3
2 3
3 4
3 5
4 6
4 5
5 6
7 9
0 1
0 2
1 3
2 3
3 4
3 5
4 6
4 5
5 6
1 0
1 0
1 0
9 10
0 1
0 5
1 2
1 3
2 4
3 4
4 6
5 6
6 7
6 8
9 10
0 1
0 5
1 2
1 3
2 4
3 4
4 6
5 6
6 7
6 8
3 3
0 1
0 2
2 0
3 3
0 1
0 2
2 0
7 9
0 1
0 2
1 3
2 3
3 4
3 5
4 6
4 5
5 6
7 9
0 1
0 2
1 3
2 3
3 4
3 5
4 6
4 5
5 6
4 4
0 1
0 2
1 3
2 3
4 4
0 1
0 2
1 3
2 3
1 0
1 0
13 18
0 1
0 2
1 3
2 3
3 4
3 5
4 6
4 5
5 6
6 7
7 8
7 12
8 9
8 10
9 11
9 10
10 11
11 7
12 16
0 1
0 2
1 3
2 3
3 4
3 5
4 6
4 5
5 6
6 7
6 11
7 8
8 9
9 10
10 8
10 11
1 0
1 0
1 0
9 10
0 1
0 5
1 2
1 3
2 4
3 4
4 6
5 6
6 7
6 8
9 10
0 1
0 5
1 2
1 3
2 4
3 4
4 6
5 6
6 7
6 8
3 3
0 1
0 2
2 0
3 3
0 1
0 2
2 0
13 18
0 1
0 2
1 3
2 3
3 4
3 5
4 6
4 5
5 6
6 7
7 8
7 12
8 9
8 10
9 11
9 10
10 11
11 7
12 16
0 1
0 2
1 3
2 3
3 4
3 5
4 6
4 5
5 6
6 7
6 11
7 8
8 9
9 10
10 8
10 11
4 4
0 1
0 2
1 3
2 3
4 4
0 1
0 2
1 3
2 3
3 4
0 1
0 2
1 1
1 2
4 5
0 1
0 3
1 2
2 2
2 3
3 4
0 1
0 2
1 1
1 2
4 5
0 1
0 3
1 2
2 2
2 3
3 2
0 1
0 2
5 4
0 1
0 2
2 3
2 4
3 2
0 1
0 2
3 2
0 1
0 2
3 2
0 1
0 2
3 2
0 1
0 2
3 2
0 1
0 2
1 0
1 0
1 0
1 0
1 0
1 0
1 0
7 9
0 1
0 2
1 3
2 3
3 4
3 5
4 6
4 5
5 6
7 9
0 1
0 2
1 3
2 3
3 4
3 5
4 6
4 5
5 6
1 0
1 0
1 0
9 10
0 1
0 5
1 2
1 3
2 4
3 4
4 6
5 6
6 7
6 8
9 10
0 1
0 5
1 2
1 3
2 4
3 4
4 6
5 6
6 7
6 8
3 3
0 1
0 2
2 0
3 3
0 1
0 2
2 0
7 9
0 1
0 2
1 3
2 3
3 4
3 5
4 6
4 5
5 6
7 9
0 1
0 2
1 3
2 3
3 4
3 5
4 6
4 5
5 6
4 4
0 1
0 2
1 3
2 3
4 4
0 1
0 2
1 3
2 3
3 3
0 1
0 2
2 0
3 3
0 1
0 2
2 0
1 0
1 0
1 0
16 23
0 1
0 2
1 3
2 3
3 4
3 5
4 6
4 5
5 6
6 7
7 8
7 15
8 9
8 10
9 11
9 10
10 11
11 12
11 13
12 14
12 13
13 14
14 7
14 18
0 1
0 2
1 3
2 3
3 4
3 5
4 6
4 5
5 6
6 7
6 13
7 8
8 9
9 10
10 11
11 12
12 8
12 13
1 0
1 0
1 0
1 0
1 0
9 10
0 1
0 5
1 2
1 3
2 4
3 4
4 6
5 6
6 7
6 8
9 10
0 1
0 5
1 2
1 3
2 4
3 4
4 6
5 6
6 7
6 8
3 3
0 1
0 2
2 0
3 3
0 1
0 2
2 0
16 23
0 1
0 2
1 3
2 3
3 4
3 5
4 6
4 5
5 6
6 7
7 8
7 15
8 9
8 10
9 11
9 10
10 11
11 12
11 13
12 14
12 13
13 14
14 7
14 18
0 1
0 2
1 3
2 3
3 4
3 5
4 6
4 5
5 6
6 7
6 13
7 8
8 9
9 10
10 11
11 12
12 8
12 13
4 4
0 1
0 2
1 3
2 3
4 4
0 1
0 2
1 3
2 3
3 3
0 1
0 2
2 0
3 3
0 1
0 2
2 0
1 0
1 0
1 0
1 0
1 0
10 13
0 1
0 2
1 3
2 3
3 4
3 5
4 6
4 5
5 6
6 7
7 8
7 9
8 7
10 14
0 1
0 2
1 3
2 3
3 4
3 5
4 6
4 5
5 6
6 7
6 9
7 8
8 8
8 9
1 0
1 0
1 0
1 0
1 0
9 10
0 1
0 5
1 2
1 3
2 4
3 4
4 6
5 6
6 7
6 8
9 10
0 1
0 5
1 2
1 3
2 4
3 4
4 6
5 6
6 7
6 8
3 3
0 1
0 2
2 0
3 3
0 1
0 2
2 0
10 13
0 1
0 2
1 3
2 3
3 4
3 5
4 6
4 5
5 6
6 7
7 8
7 9
8 7
10 14
0 1
0 2
1 3
2 3
3 4
3 5
4 6
4 5
5 6
6 7
6 9
7 8
8 8
8 9
4 4
0 1
0 2
1 3
2 3
4 4
0 1
0 2
1 3
2 3
3 3
0 1
0 2
2 0
3 3
0 1
0 2
2 0
1 0
1 0
1 0
1 0
1 0
1 0
1 0
1 0
1 0
1 0
10 13
0 1
0 2
1 3
2 3
3 4
3 5
4 6
4 5
5 6
6 7
7 8
7 9
8 7
10 14
0 1
0 2
1 3
2 3
3 4
3 5
4 6
4 5
5 6
6 7
6 9
7 8
8 8
8 9
1 0
1 0
1 0
1 0
1 0
9 10
0 1
0 5
1 2
1 3
2 4
3 4
4 6
5 6
6 7
6 8
9 10
0 1
0 5
1 2
1 3
2 4
3 4
4 6
5 6
6 7
6 8
3 3
0 1
0 2
2 0
3 3
0 1
0 2
2 0
10 13
0 1
0 2
1 3
2 3
3 4
3 5
4 6
4 5
5 6
6 7
7 8
7 9
8 7
10 14
0 1
0 2
1 3
2 3
3 4
3 5
4 6
4 5
5 6
6 7
6 9
7 8
8 8
8 9
4 4
0 1
0 2
1 3
2 3
4 4
0 1
0 2
1 3
2 3
3 3
0 1
0 2
2 0
3 3
0 1
0 2
2 0
1 0
1 0
1 0
1 0
1 0
1 0
1 0
1 0
10 13
0 1
0 2
1 3
2 3
3 4
3 5
4 6
4 5
5 6
6 7
7 8
7 9
8 7
10 14
0 1
0 2
1 3
2 3
3 4
3 5
4 6
4 5
5 6
6 7
6 9
7 8
8 8
8 9
1 0
1 0
1 0
9 10
0 1
0 5
1 2
1 3
2 4
3 4
4 6
5 6
6 7
6 8
9 10
0 1
0 5
1 2
1 3
2 4
3 4
4 6
5 6
6 7
6 8
3 3
0 1
0 2
2 0
3 3
0 1
0 2
2 0
10 13
0 1
0 2
1 3
2 3
3 4
3 5
4 6
4 5
5 6
6 7
7 8
7 9
8 7
10 14
0 1
0 2
1 3
2 3
3 4
3 5
4 6
4 5
5 6
6 7
6 9
7 8
8 8
8 9
4 4
0 1
0 2
1 3
2 3
4 4
0 1
0 2
1 3
2 3
3 3
0 1
0 2
2 0
3 3
0 1
0 2
2 0
1 0
1 0
1 0
1 0
1 0
10 13
0 1
0 2
1 3
2 3
3 4
3 5
4 6
4 5
5 6
6 7
7 8
7 9
8 7
10 14
0 1
0 2
1 3
2 3
3 4
3 5
4 6
4 5
5 6
6 7
6 9
7 8
8 8
8 9
1 0
1 0
1 0
1 0
1 0
9 10
0 1
0 5
1 2
1 3
2 4
3 4
4 6
5 6
6 7
6 8
9 10
0 1
0 5
1 2
1 3
2 4
3 4
4 6
5 6
6 7
6 8
3 3
0 1
0 2
2 0
3 3
0 1
0 2
2 0
10 13
0 1
0 2
1 3
2 3
3 4
3 5
4 6
4 5
5 6
6 7
7 8
7 9
8 7
10 14
0 1
0 2
1 3
2 3
3 4
3 5
4 6
4 5
5 6
6 7
6 9
7 8
8 8
8 9
4 4
0 1
0 2
1 3
2 3
4 4
0 1
0 2
1 3
2 3
3 3
0 1
0 2
2 0
3 3
0 1
0 2
2 0
1 0
1 0
1 0
1 0
7 9
0 1
0 2
1 3
2 3
3 4
3 5
4 6
4 5
5 6
7 9
0 1
0 2
1 3
2 3
3 4
3 5
4 6
4 5
5 6
1 0
1 0
1 0
1 0
1 0
9 10
0 1
0 5
1 2
1 3
2 4
3 4
4 6
5 6
6 7
6 8
9 10
0 1
0 5
1 2
1 3
2 4
3 4
4 6
5 6
6 7
6 8
3 3
0 1
0 2
2 0
3 3
0 1
0 2
2 0
7 9
0 1
0 2
1 3
2 3
3 4
3 5
4 6
4 5
5 6
7 9
0 1
0 2
1 3
2 3
3 4
3 5
4 6
4 5
5 6
4 4
0 1
0 2
1 3
2 3
4 4
0 1
0 2
1 3
2 3
3 3
0 1
0 2
2 0
3 3
0 1
0 2
2 0
1 0
1 0
1 0
1 0
1 0
1 0
1 0
1 0
1 0
1 0
7 9
0 1
0 2
1 3
2 3
3 4
3 5
4 6
4 5
5 6
7 9
0 1
0 2
1 3
2 3
3 4
3 5
4 6
4 5
5 6
1 0
1 0
1 0
1 0
9 10
0 1
0 5
1 2
1 3
2 4
3 4
4 6
5 6
6 7
6 8
9 10
0 1
0 5
1 2
1 3
2 4
3 4
4 6
5 6
6 7
6 8
3 3
0 1
0 2
2 0
3 3
0 1
0 2
2 0
7 9
0 1
0 2
1 3
2 3
3 4
3 5
4 6
4 5
5 6
7 9
0 1
0 2
1 3
2 3
3 4
3 5
4 6
4 5
5 6
4 4
0 1
0 2
1 3
2 3
4 4
0 1
0 2
1 3
2 3
9 10
0 1
1 2
1 8
2 3
3 4
3 5
4 6
5 6
6 7
7 1
9 10
0 1
1 2
1 8
2 3
3 4
3 5
4 6
5 6
6 7
7 1
1 0
1 0
1 0
7 9
0 1
0 2
1 3
2 3
3 4
3 5
4 6
4 5
5 6
7 9
0 1
0 2
1 3
2 3
3 4
3 5
4 6
4 5
5 6
1 0
1 0
1 0
1 0
9 10
0 1
0 5
1 2
1 3
2 4
3 4
4 6
5 6
6 7
6 8
9 10
0 1
0 5
1 2
1 3
2 4
3 4
4 6
5 6
6 7
6 8
3 3
0 1
0 2
2 0
3 3
0 1
0 2
2 0
7 9
0 1
0 2
1 3
2 3
3 4
3 5
4 6
4 5
5 6
7 9
0 1
0 2
1 3
2 3
3 4
3 5
4 6
4 5
5 6
4 4
0 1
0 2
1 3
2 3
4 4
0 1
0 2
1 3
2 3
14 17
0 1
1 2
1 13
2 3
3 4
3 8
4 5
4 6
5 7
6 7
7 9
8 9
9 10
9 11
10 12
11 12
12 1
14 17
0 1
1 2
1 13
2 3
3 4
3 8
4 5
4 6
5 7
6 7
7 9
8 9
9 10
9 11
10 12
11 12
12 1
1 0
1 0
1 0
1 0
1 0
1 0
1 0
1 0
1 0
1 0
1 0
1 0
1 0
1 0
1 0
1 0
1 0
1 0
1 0
1 0
1 0
1 0
1 0
1 0
1 0
1 0
1 0
1 0
1 0
1 0
1 0
1 0
1 0
1 0
1 0
1 0
1 0
1 0
1 0
1 0
1 0
1 0
1 0
1 0
1 0
1 0
1 0
1 0
1 0
1 0
1 0
1 0
1 0
1 0
1 0
1 0
1 0
1 0
1 0
1 0
1 0
1 0
1 0
1 0
1 0
1 0
1 0
1 0
1 0
1 0
1 0
1 0
1 0
1 0
1 0
1 0
1 0
1 0
1 0
1 0
1 0
1 0
1 0
1 0
1 0
1 0
1 0
1 0
1 0
1 0
1 0
1 0
1 0
1 0
1 0
1 0
1 0
1 0
1 0
1 0
1 0
1 0
1 0
1 0
1 0
1 0
1 0
1 0
1 0
1 0
1 0
1 0
1 0
1 0
1 0
1 0
1 0
1 0
1 0
1 0
1 0
1 0
1 0
1 0
1 0
1 0
1 0
1 0
1 0
1 0
1 0
1 0
1 0
1 0
1 0
10 13
0 1
0 2
1 3
2 3
3 4
3 5
4 6
4 5
5 6
6 7
7 8
7 9
8 7
10 14
0 1
0 2
1 3
2 3
3 4
3 5
4 6
4 5
5 6
6 7
6 9
7 8
8 8
8 9
1 0
1 0
1 0
1 0
1 0
9 10
0 1
0 5
1 2
1 3
2 4
3 4
4 6
5 6
6 7
6 8
9 10
0 1
0 5
1 2
1 3
2 4
3 4
4 6
5 6
6 7
6 8
3 3
0 1
0 2
2 0
3 3
0 1
0 2
2 0
10 13
0 1
0 2
1 3
2 3
3 4
3 5
4 6
4 5
5 6
6 7
7 8
7 9
8 7
10 14
0 1
0 2
1 3
2 3
3 4
3 5
4 6
4 5
5 6
6 7
6 9
7 8
8 8
8 9
4 4
0 1
0 2
1 3
2 3
4 4
0 1
0 2
1 3
2 3
1 0
1 0
1 0
10 13
0 1
0 2
1 3
2 3
3 4
3 5
4 6
4 5
5 6
6 7
7 8
7 9
8 7
10 14
0 1
0 2
1 3
2 3
3 4
3 5
4 6
4 5
5 6
6 7
6 9
7 8
8 8
8 9
1 0
1 0
1 0
1 0
1 0
9 10
0 1
0 5
1 2
1 3
2 4
3 4
4 6
5 6
6 7
6 8
9 10
0 1
0 5
1 2
1 3
2 4
3 4
4 6
5 6
6 7
6 8
1 0
1 0
1 0
1 0
3 3
0 1
0 2
2 0
3 3
0 1
0 2
2 0
3 3
0 1
0 2
2 0
3 3
0 1
0 2
2 0
10 13
0 1
0 2
1 3
2 3
3 4
3 5
4 6
4 5
5 6
6 7
7 8
7 9
8 7
10 14
0 1
0 2
1 3
2 3
3 4
3 5
4 6
4 5
5 6
6 7
6 9
7 8
8 8
8 9
4 4
0 1
0 2
1 3
2 3
4 4
0 1
0 2
1 3
2 3
3 2
0 1
0 2
3 2
0 1
0 2
3 2
0 1
0 2
3 2
0 1
0 2
13 16
0 1
0 2
2 3
3 4
3 8
4 5
4 6
5 7
6 7
7 9
8 9
9 10
9 11
10 12
11 12
12 0
13 16
0 1
0 2
2 3
3 4
3 8
4 5
4 6
5 7
6 7
7 9
8 9
9 10
9 11
10 12
11 12
12 0
18 23
0 1
0 5
1 2
1 3
2 4
3 4
4 6
5 6
6 7
6 8
8 9
8 10
9 11
10 11
11 12
11 13
12 14
12 13
13 14
14 15
15 16
15 17
16 15
18 24
0 1
0 5
1 2
1 3
2 4
3 4
4 6
5 6
6 7
6 8
8 9
8 10
9 11
10 11
11 12
11 13
12 14
12 13
13 14
14 15
14 17
15 16
16 16
16 17
1 0
1 0
1 0
1 0
1 0
1 0
1 0
1 0
1 0
1 0
1 0
1 0
1 0
1 0
1 0
1 0
1 0
1 0
23 22
0 1
0 2
2 3
2 4
4 5
4 6
6 7
6 8
8 9
8 10
10 11
10 12
12 13
12 14
14 15
14 16
16 17
16 18
18 19
18 20
20 21
20 22
23 22
0 1
0 2
2 3
2 4
4 5
4 6
6 7
6 8
8 9
8 10
10 11
10 12
12 13
12 14
14 15
14 16
16 17
16 18
18 19
18 20
20 21
20 22
3 2
0 1
0 2
3 2
0 1
0 2
3 2
0 1
0 2
23 22
0 1
0 2
2 3
2 4
4 5
4 6
6 7
6 8
8 9
8 10
10 11
10 12
12 13
12 14
14 15
14 16
16 17
16 18
18 19
18 20
20 21
20 22
23 22
0 1
0 2
2 3
2 4
4 5
4 6
6 7
6 8
8 9
8 10
10 11
10 12
12 13
12 14
14 15
14 16
16 17
16 18
18 19
18 20
20 21
20 22
1 0
1 0
3 2
0 1
0 2
10 14
0 1
0 2
1 3
2 3
3 4
3 5
4 6
4 5
5 6
6 7
6 8
7 9
7 8
8 9
10 14
0 1
0 2
1 3
2 3
3 4
3 5
4 6
4 5
5 6
6 7
6 8
7 9
7 8
8 9
1 0
1 0
1 0
9 10
0 1
0 5
1 2
1 3
2 4
3 4
4 6
5 6
6 7
6 8
9 10
0 1
0 5
1 2
1 3
2 4
3 4
4 6
5 6
6 7
6 8
9 10
0 1
0 5
1 2
1 3
2 4
3 4
4 6
5 6
6 7
6 8
9 10
0 1
0 5
1 2
1 3
2 4
3 4
4 6
5 6
6 7
6 8
3 3
0 1
0 2
2 0
3 3
0 1
0 2
2 0
3 3
0 1
0 2
2 0
3 3
0 1
0 2
2 0
10 14
0 1
0 2
1 3
2 3
3 4
3 5
4 6
4 5
5 6
6 7
6 8
7 9
7 8
8 9
10 14
0 1
0 2
1 3
2 3
3 4
3 5
4 6
4 5
5 6
6 7
6 8
7 9
7 8
8 9
4 4
0 1
0 2
1 3
2 3
4 4
0 1
0 2
1 3
2 3
3 2
0 1
0 2
3 2
0 1
0 2
3 2
0 1
0 2
3 2
0 1
0 2
3 3
0 1
0 2
2 0
3 3
0 1
0 2
2 0
18 24
0 1
0 5
1 2
1 3
2 4
3 4
4 6
5 6
6 7
6 8
8 9
8 10
9 11
10 11
11 12
11 13
12 14
12 13
13 14
14 15
14 16
15 17
15 16
16 17
18 24
0 1
0 5
1 2
1 3
2 4
3 4
4 6
5 6
6 7
6 8
8 9
8 10
9 11
10 11
11 12
11 13
12 14
12 13
13 14
14 15
14 16
15 17
15 16
16 17
1 0
1 0
1 0
7 9
0 1
0 2
1 3
2 3
3 4
3 5
4 6
4 5
5 6
7 9
0 1
0 2
1 3
2 3
3 4
3 5
4 6
4 5
5 6
1 0
1 0
1 0
9 10
0 1
0 5
1 2
1 3
2 4
3 4
4 6
5 6
6 7
6 8
9 10
0 1
0 5
1 2
1 3
2 4
3 4
4 6
5 6
6 7
6 8
9 10
0 1
0 5
1 2
1 3
2 4
3 4
4 6
5 6
6 7
6 8
9 10
0 1
0 5
1 2
1 3
2 4
3 4
4 6
5 6
6 7
6 8
3 3
0 1
0 2
2 0
3 3
0 1
0 2
2 0
7 9
0 1
0 2
1 3
2 3
3 4
3 5
4 6
4 5
5 6
7 9
0 1
0 2
1 3
2 3
3 4
3 5
4 6
4 5
5 6
4 4
0 1
0 2
1 3
2 3
4 4
0 1
0 2
1 3
2 3
3 3
0 1
0 2
2 0
3 3
0 1
0 2
2 0
15 19
0 1
0 5
1 2
1 3
2 4
3 4
4 6
5 6
6 7
6 8
8 9
8 10
9 11
10 11
11 12
11 13
12 14
12 13
13 14
15 19
0 1
0 5
1 2
1 3
2 4
3 4
4 6
5 6
6 7
6 8
8 9
8 10
9 11
10 11
11 12
11 13
12 14
12 13
13 14
1 0
1 0
13 17
0 1
0 2
1 3
1 2
2 3
3 4
4 5
4 12
5 6
5 7
6 11
7 8
7 9
8 10
9 10
10 11
11 4
13 18
0 1
0 2
1 3
1 2
2 3
3 4
3 12
4 5
5 6
5 7
6 11
7 8
7 9
8 10
9 10
10 11
11 5
11 12
1 0
7 9
0 1
0 2
1 3
2 3
3 4
3 5
4 6
4 5
5 6
7 9
0 1
0 2
1 3
2 3
3 4
3 5
4 6
4 5
5 6
1 0
1 0
1 0
3 3
0 1
0 2
2 0
3 3
0 1
0 2
2 0
1 0
1 0
1 0
1 0
3 3
0 1
0 2
2 0
3 3
0 1
0 2
2 0
71 70
0 1
0 2
2 3
2 4
4 5
4 6
6 7
6 8
8 9
8 10
10 11
10 12
12 13
12 14
14 15
14 16
16 17
16 18
18 19
18 20
20 21
20 22
22 23
22 24
24 25
24 26
26 27
26 28
28 29
28 30
30 31
30 32
32 33
32 34
34 35
34 36
36 37
36 38
38 39
38 40
40 41
40 42
42 43
42 44
44 45
44 46
46 47
46 48
48 49
48 50
50 51
50 52
52 53
52 54
54 55
54 56
56 57
56 58
58 59
58 60
60 61
60 62
62 63
62 64
64 65
64 66
66 67
66 68
68 69
68 70
37 36
0 36
0 1
0 2
0 3
0 4
0 5
0 6
0 7
0 8
0 9
0 10
0 11
0 12
0 13
0 14
0 15
0 16
0 17
0 18
0 19
0 20
0 21
0 22
0 23
0 24
0 25
0 26
0 27
0 28
0 29
0 30
0 31
0 32
0 33
0 34
0 35
3 2
0 1
0 2
3 2
0 1
0 2
3 2
0 1
0 2
1 0
1 0
1 0
1 0
3 3
0 1
0 2
2 0
3 3
0 1
0 2
2 0
1 0
1 0
3 2
0 1
0 2
1 0
1 0
14 17
0 1
1 2
1 3
3 4
4 5
4 9
5 6
5 7
6 8
7 8
8 10
9 10
10 11
10 12
11 13
12 13
13 1
14 17
0 1
1 2
1 3
3 4
4 5
4 9
5 6
5 7
6 8
7 8
8 10
9 10
10 11
10 12
11 13
12 13
13 1
1 0
1 0
5 4
0 1
0 2
2 3
2 4
5 4
0 1
0 2
2 3
2 4
3 3
0 1
0 2
2 0
3 3
0 1
0 2
2 0
1 0
1 0
5 4
0 1
0 2
2 3
2 4
5 4
0 1
0 2
2 3
2 4
5 4
0 1
0 2
2 3
2 4
9 11
0 1
0 2
2 3
3 4
3 5
4 8
5 6
5 7
6 8
7 8
8 0
9 11
0 1
0 2
2 3
3 4
3 5
4 8
5 6
5 7
6 8
7 8
8 0
1 0
1 0
1 0
1 0
5 4
0 1
0 2
2 3
2 4
5 4
0 1
0 2
2 3
2 4
1 0
1 0
3 3
0 1
0 2
2 0
3 3
0 1
0 2
2 0
1 0
1 0
1 0
1 0
3 3
0 1
0 2
2 0
3 3
0 1
0 2
2 0
3 2
0 1
0 2
3 2
0 1
0 2
3 2
0 1
0 2
3 2
0 1
0 2
7 6
0 1
0 2
2 3
2 4
4 5
4 6
3 2
0 1
0 2
3 2
0 1
0 2
3 2
0 1
0 2
3 2
0 1
0 2
1 0
1 0
1 0
1 0
13 16
0 1
0 2
2 3
3 4
3 8
4 5
4 6
5 7
6 7
7 9
8 9
9 10
9 11
10 12
11 12
12 0
13 16
0 1
0 2
2 3
3 4
3 8
4 5
4 6
5 7
6 7
7 9
8 9
9 10
9 11
10 12
11 12
12 0
1 0
1 0
11 10
0 1
0 2
2 3
2 4
4 5
4 6
6 7
6 8
8 9
8 10
7 6
0 6
0 1
0 2
0 3
0 4
0 5
11 10
0 1
0 2
2 3
2 4
4 5
4 6
6 7
6 8
8 9
8 10
7 6
0 6
0 1
0 2
0 3
0 4
0 5
3 3
0 1
0 2
2 0
3 3
0 1
0 2
2 0
1 0
1 0
1 0
1 0
1 0
1 0
3 3
0 1
0 2
2 0
3 3
0 1
0 2
2 0
1 0
1 0
1 0
1 0
3 3
0 1
0 2
2 0
3 3
0 1
0 2
2 0
1 0
1 0
3 3
0 1
0 2
2 0
3 3
0 1
0 2
2 0
1 0
1 0
3 3
0 1
0 2
2 0
3 3
0 1
0 2
2 0
1 0
1 0
157 156
0 1
0 2
2 3
2 4
4 5
4 6
6 7
6 8
8 9
8 10
10 11
10 12
12 13
12 14
14 15
14 16
16 17
16 18
18 19
18 20
20 21
20 22
22 23
22 24
24 25
24 26
26 27
26 28
28 29
28 30
30 31
30 32
32 33
32 34
34 35
34 36
36 37
36 38
38 39
38 40
40 41
40 42
42 43
42 44
44 45
44 46
46 47
46 48
48 49
48 50
50 51
50 52
52 53
52 54
54 55
54 56
56 57
56 58
58 59
58 60
60 61
60 62
62 63
62 64
64 65
64 66
66 67
66 68
68 69
68 70
70 71
70 72
72 73
72 74
74 75
74 76
76 77
76 78
78 79
78 80
80 81
80 82
82 83
82 84
84 85
84 86
86 87
86 88
88 89
88 90
90 91
90 92
92 93
92 94
94 95
94 96
96 97
96 98
98 99
98 100
100 101
100 102
102 103
102 104
104 105
104 106
106 107
106 108
108 109
108 110
110 111
110 112
112 113
112 114
114 115
114 116
116 117
116 118
118 119
118 120
120 121
120 122
122 123
122 124
124 125
124 126
126 127
126 128
128 129
128 130
130 131
130 132
132 133
132 134
134 135
134 136
136 137
136 138
138 139
138 140
140 141
140 142
142 143
142 144
144 145
144 146
146 147
146 148
148 149
148 150
150 151
150 152
152 153
152 154
154 155
154 156
80 79
0 79
0 1
0 2
0 3
0 4
0 5
0 6
0 7
0 8
0 9
0 10
0 11
0 12
0 13
0 14
0 15
0 16
0 17
0 18
0 19
0 20
0 21
0 22
0 23
0 24
0 25
0 26
0 27
0 28
0 29
0 30
0 31
0 32
0 33
0 34
0 35
0 36
0 37
0 38
0 39
0 40
0 41
0 42
0 43
0 44
0 45
0 46
0 47
0 48
0 49
0 50
0 51
0 52
0 53
0 54
0 55
0 56
0 57
0 58
0 59
0 60
0 61
0 62
0 63
0 64
0 65
0 66
0 67
0 68
0 69
0 70
0 71
0 72
0 73
0 74
0 75
0 76
0 77
0 78
3 2
0 1
0 2
3 2
0 1
0 2
3 2
0 1
0 2
3 2
0 1
0 2
3 2
0 1
0 2
35 34
0 1
0 2
2 3
2 4
4 5
4 6
6 7
6 8
8 9
8 10
10 11
10 12
12 13
12 14
14 15
14 16
16 17
16 18
18 19
18 20
20 21
20 22
22 23
22 24
24 25
24 26
26 27
26 28
28 29
28 30
30 31
30 32
32 33
32 34
19 18
0 18
0 1
0 2
0 3
0 4
0 5
0 6
0 7
0 8
0 9
0 10
0 11
0 12
0 13
0 14
0 15
0 16
0 17
6 8
0 1
0 5
1 2
1 3
2 4
3 4
4 1
4 5
6 8
0 1
0 5
1 2
1 3
2 4
3 4
4 1
4 5
1 0
1 0
1 0
1 0
1 0
1 0
71 70
0 1
0 2
2 3
2 4
4 5
4 6
6 7
6 8
8 9
8 10
10 11
10 12
12 13
12 14
14 15
14 16
16 17
16 18
18 19
18 20
20 21
20 22
22 23
22 24
24 25
24 26
26 27
26 28
28 29
28 30
30 31
30 32
32 33
32 34
34 35
34 36
36 37
36 38
38 39
38 40
40 41
40 42
42 43
42 44
44 45
44 46
46 47
46 48
48 49
48 50
50 51
50 52
52 53
52 54
54 55
54 56
56 57
56 58
58 59
58 60
60 61
60 62
62 63
62 64
64 65
64 66
66 67
66 68
68 69
68 70
37 36
0 36
0 1
0 2
0 3
0 4
0 5
0 6
0 7
0 8
0 9
0 10
0 11
0 12
0 13
0 14
0 15
0 16
0 17
0 18
0 19
0 20
0 21
0 22
0 23
0 32
0 24
0 25
0 26
0 27
0 33
0 28
0 34
0 29
0 35
0 30
0 31
157 156
0 1
0 2
2 3
2 4
4 5
4 6
6 7
6 8
8 9
8 10
10 11
10 12
12 13
12 14
14 15
14 16
16 17
16 18
18 19
18 20
20 21
20 22
22 23
22 24
24 25
24 26
26 27
26 28
28 29
28 30
30 31
30 32
32 33
32 34
34 35
34 36
36 37
36 38
38 39
38 40
40 41
40 42
42 43
42 44
44 45
44 46
46 47
46 48
48 49
48 50
50 51
50 52
52 53
52 54
54 55
54 56
56 57
56 58
58 59
58 60
60 61
60 62
62 63
62 64
64 65
64 66
66 67
66 68
68 69
68 70
70 71
70 72
72 73
72 74
74 75
74 76
76 77
76 78
78 79
78 80
80 81
80 82
82 83
82 84
84 85
84 86
86 87
86 88
88 89
88 90
90 91
90 92
92 93
92 94
94 95
94 96
96 97
96 98
98 99
98 100
100 101
100 102
102 103
102 104
104 105
104 106
106 107
106 108
108 109
108 110
110 111
110 112
112 113
112 114
114 115
114 116
116 117
116 118
118 119
118 120
120 121
120 122
122 123
122 124
124 125
124 126
126 127
126 128
128 129
128 130
130 131
130 132
132 133
132 134
134 135
134 136
136 137
136 138
138 139
138 140
140 141
140 142
142 143
142 144
144 145
144 146
146 147
146 148
148 149
148 150
150 151
150 152
152 153
152 154
154 155
154 156
80 79
0 79
0 1
0 2
0 3
0 4
0 5
0 6
0 7
0 8
0 9
0 10
0 11
0 12
0 13
0 14
0 15
0 16
0 17
0 18
0 19
0 20
0 21
0 22
0 23
0 24
0 25
0 26
0 27
0 28
0 38
0 39
0 40
0 41
0 42
0 43
0 29
0 30
0 31
0 32
0 33
0 34
0 50
0 58
0 59
0 60
0 61
0 35
0 36
0 37
0 62
0 63
0 64
0 65
0 66
0 44
0 45
0 46
0 47
0 48
0 49
0 51
0 52
0 53
0 54
0 55
0 56
0 57
0 67
0 68
0 69
0 70
0 71
0 72
0 73
0 74
0 75
0 76
0 77
0 78
3 2
0 1
0 2
3 2
0 1
0 2
35 34
0 1
0 2
2 3
2 4
4 5
4 6
6 7
6 8
8 9
8 10
10 11
10 12
12 13
12 14
14 15
14 16
16 17
16 18
18 19
18 20
20 21
20 22
22 23
22 24
24 25
24 26
26 27
26 28
28 29
28 30
30 31
30 32
32 33
32 34
35 34
0 1
0 2
2 3
2 4
4 5
4 6
6 7
6 8
8 9
8 10
10 11
10 12
12 13
12 14
14 15
14 16
16 17
16 18
18 19
18 20
20 21
20 22
22 23
22 24
24 25
24 26
26 27
26 28
28 29
28 30
30 31
30 32
32 33
32 34
3 2
0 1
0 2
3 2
0 1
0 2
5 4
0 1
0 2
2 3
2 4
5 4
0 1
0 2
2 3
2 4
5 4
0 1
0 2
2 3
2 4
5 4
0 1
0 2
2 3
2 4
3 2
0 1
0 2
3 2
0 1
0 2
3 2
0 1
0 2
3 2
0 1
0 2
3 2
0 1
0 2
7 6
0 1
0 2
2 3
2 6
3 4
3 5
7 6
0 1
0 2
2 3
2 6
3 4
3 5
5 4
0 1
0 4
1 2
1 3
5 4
0 1
0 4
1 2
1 3
7 6
0 1
0 2
2 3
2 6
3 4
3 5
7 6
0 1
0 2
2 3
2 6
3 4
3 5
5 4
0 1
0 4
1 2
1 3
5 4
0 1
0 4
1 2
1 3
175 174
0 1
0 4
1 2
1 3
4 5
4 8
5 6
5 7
8 9
8 12
9 10
9 11
12 13
12 16
13 14
13 15
16 17
16 20
17 18
17 19
20 21
20 24
21 22
21 23
24 25
24 28
25 26
25 27
28 29
28 32
29 30
29 31
32 33
32 36
33 34
33 35
36 37
36 40
37 38
37 39
40 41
40 44
41 42
41 43
44 45
44 48
45 46
45 47
48 49
48 52
49 50
49 51
52 53
52 56
53 54
53 55
56 57
56 60
57 58
57 59
60 61
60 64
61 62
61 63
64 65
64 68
65 66
65 67
68 69
68 72
69 70
69 71
72 73
72 76
73 74
73 75
76 77
76 84
77 78
77 83
78 79
78 82
79 80
79 81
84 85
84 88
85 86
85 87
88 89
88 96
89 90
89 95
90 91
90 94
91 92
91 93
96 97
96 100
97 98
97 99
100 101
100 104
101 102
101 103
104 105
104 112
105 106
105 111
106 107
106 110
107 108
107 109
112 113
112 120
113 114
113 119
114 115
114 118
115 116
115 117
120 121
120 128
121 122
121 127
122 123
122 126
123 124
123 125
128 129
128 132
129 130
129 131
132 133
132 140
133 134
133 139
134 135
134 138
135 136
135 137
140 141
140 144
141 142
141 143
144 145
144 152
145 146
145 151
146 147
146 150
147 148
147 149
152 153
152 156
153 154
153 155
156 157
156 164
157 158
157 163
158 159
158 162
159 160
159 161
164 165
164 168
165 166
165 167
168 169
168 172
169 170
169 171
172 173
172 174
141 140
0 138
0 1
0 4
0 7
0 10
0 13
0 16
0 19
0 22
0 25
0 28
0 31
0 34
0 37
0 40
0 43
0 46
0 49
0 52
0 55
0 58
0 65
0 68
0 75
0 78
0 81
0 88
0 95
0 102
0 105
0 112
0 115
0 122
0 125
0 132
0 135
1 2
1 3
4 5
4 6
7 8
7 9
10 11
10 12
13 14
13 15
16 17
16 18
19 20
19 21
22 23
22 24
25 26
25 27
28 29
28 30
31 32
31 33
34 35
34 36
37 38
37 39
40 41
40 42
43 44
43 45
46 47
46 48
49 50
49 51
52 53
52 54
55 56
55 57
58 59
58 64
59 60
59 63
60 61
60 62
65 66
65 67
68 69
68 74
69 70
69 73
70 71
70 72
75 76
75 77
78 79
78 80
81 82
81 87
82 83
82 86
83 84
83 85
88 89
88 94
89 90
89 93
90 91
90 92
95 96
95 101
96 97
96 100
97 98
97 99
102 103
102 104
105 106
105 111
106 107
106 110
107 108
107 109
112 113
112 114
115 116
115 121
116 117
116 120
117 118
117 119
122 123
122 124
125 126
125 131
126 127
126 130
127 128
127 129
132 133
132 134
135 136
135 137
138 139
138 140
11 10
0 1
0 4
1 2
1 3
4 5
4 8
5 6
5 7
8 9
8 10
11 10
0 1
0 4
1 2
1 3
4 5
4 8
5 6
5 7
8 9
8 10
7 6
0 1
0 2
2 3
2 6
3 4
3 5
7 6
0 1
0 2
2 3
2 6
3 4
3 5
1 0
1 0
1 0
1 0
181 180
0 1
0 4
1 2
1 3
4 5
4 8
5 6
5 7
8 9
8 12
9 10
9 11
12 13
12 16
13 14
13 15
16 17
16 20
17 18
17 19
20 21
20 24
21 22
21 23
24 25
24 28
25 26
25 27
28 29
28 32
29 30
29 31
32 33
32 36
33 34
33 35
36 37
36 40
37 38
37 39
40 41
40 44
41 42
41 43
44 45
44 48
45 46
45 47
48 49
48 52
49 50
49 51
52 53
52 56
53 54
53 55
56 57
56 60
57 58
57 59
60 61
60 64
61 62
61 63
64 65
64 68
65 66
65 67
68 69
68 72
69 70
69 71
72 73
72 76
73 74
73 75
76 77
76 86
77 78
77 85
78 79
78 84
79 80
79 83
80 81
80 82
86 87
86 94
87 88
87 93
88 89
88 92
89 90
89 91
94 95
94 102
95 96
95 101
96 97
96 100
97 98
97 99
102 103
102 106
103 104
103 105
106 107
106 110
107 108
107 109
110 111
110 118
111 112
111 117
112 113
112 116
113 114
113 115
118 119
118 126
119 120
119 125
120 121
120 124
121 122
121 123
126 127
126 134
127 128
127 133
128 129
128 132
129 130
129 131
134 135
134 138
135 136
135 137
138 139
138 146
139 140
139 145
140 141
140 144
141 142
141 143
146 147
146 150
147 148
147 149
150 151
150 158
151 152
151 157
152 153
152 156
153 154
153 155
158 159
158 162
159 160
159 161
162 163
162 170
163 164
163 169
164 165
164 168
165 166
165 167
170 171
170 174
171 172
171 173
174 175
174 178
175 176
175 177
178 179
178 180
147 146
0 144
0 1
0 4
0 7
0 10
0 13
0 16
0 19
0 22
0 25
0 28
0 31
0 34
0 37
0 40
0 43
0 46
0 49
0 52
0 55
0 58
0 67
0 74
0 81
0 84
0 87
0 94
0 101
0 108
0 111
0 118
0 121
0 128
0 131
0 138
0 141
1 2
1 3
4 5
4 6
7 8
7 9
10 11
10 12
13 14
13 15
16 17
16 18
19 20
19 21
22 23
22 24
25 26
25 27
28 29
28 30
31 32
31 33
34 35
34 36
37 38
37 39
40 41
40 42
43 44
43 45
46 47
46 48
49 50
49 51
52 53
52 54
55 56
55 57
58 59
58 66
59 60
59 65
60 61
60 64
61 62
61 63
67 68
67 73
68 69
68 72
69 70
69 71
74 75
74 80
75 76
75 79
76 77
76 78
81 82
81 83
84 85
84 86
87 88
87 93
88 89
88 92
89 90
89 91
94 95
94 100
95 96
95 99
96 97
96 98
101 102
101 107
102 103
102 106
103 104
103 105
108 109
108 110
111 112
111 117
112 113
112 116
113 114
113 115
118 119
118 120
121 122
121 127
122 123
122 126
123 124
123 125
128 129
128 130
131 132
131 137
132 133
132 136
133 134
133 135
138 139
138 140
141 142
141 143
144 145
144 146
1 0
1 0
11 10
0 1
0 4
1 2
1 3
4 5
4 8
5 6
5 7
8 9
8 10
11 10
0 1
0 4
1 2
1 3
4 5
4 8
5 6
5 7
8 9
8 10
11 10
0 1
0 4
1 2
1 3
4 5
4 8
5 6
5 7
8 9
8 10
11 10
0 1
0 4
1 2
1 3
4 5
4 8
5 6
5 7
8 9
8 10
5 4
0 1
0 4
1 2
1 3
5 4
0 1
0 4
1 2
1 3
19 23
0 1
0 2
2 3
3 4
3 7
4 5
4 6
5 14
6 14
7 8
7 11
8 9
8 10
9 14
10 14
11 12
11 13
12 14
13 14
14 15
14 18
15 16
15 17
19 23
0 1
0 2
2 3
3 4
3 7
4 5
4 6
5 14
6 14
7 8
7 11
8 9
8 10
9 14
10 14
11 12
11 13
12 14
13 14
14 15
14 18
15 16
15 17
1 0
1 0
1 0
1 0
1 0
1 0
1 0
1 0
1 0
1 0
1 0
1 0
1 0
1 0
3 2
0 1
0 2
3 2
0 1
0 2
3 2
0 1
0 2
3 2
0 1
0 2
5 4
0 1
0 2
2 3
2 4
5 4
0 1
0 2
2 3
2 4
5 4
0 1
0 2
2 3
2 4
5 4
0 1
0 2
2 3
2 4
3 2
0 1
0 2
3 2
0 1
0 2
27 32
0 1
0 26
1 2
1 25
2 3
2 24
3 4
3 20
4 5
4 18
5 6
5 7
6 8
7 8
8 9
8 16
9 10
9 11
10 12
11 12
12 13
12 14
13 15
14 15
15 17
16 17
17 19
18 19
19 21
20 21
21 22
21 23
25 29
0 1
0 24
1 2
1 23
2 3
2 22
3 4
3 18
4 5
4 16
5 6
5 7
6 8
6 14
7 14
8 9
8 10
9 11
10 12
11 13
12 13
13 15
14 15
15 17
16 17
17 19
18 19
19 20
19 21
18 21
0 1
0 17
1 2
1 13
2 3
2 11
3 4
4 5
4 6
5 7
6 7
7 8
7 9
8 10
9 10
10 12
11 12
12 14
13 14
14 15
14 16
17 19
0 1
0 16
1 2
1 12
2 3
2 10
3 4
4 5
4 6
5 7
6 8
7 9
8 9
9 11
10 11
11 13
12 13
13 14
13 15
54 67
0 1
0 53
1 2
1 52
2 3
2 14
3 4
3 12
4 5
5 6
5 7
6 8
7 8
8 9
8 10
9 11
10 11
11 13
12 13
13 15
14 15
15 16
15 51
16 17
16 47
17 18
17 19
18 20
19 20
20 21
20 45
21 22
21 33
22 23
22 24
23 25
24 25
25 26
25 30
26 27
26 28
27 29
28 29
29 31
30 31
31 32
32 34
33 34
34 35
34 43
35 36
36 37
36 38
37 39
38 39
39 40
39 41
40 42
41 42
42 44
43 44
44 46
45 46
46 48
47 48
48 49
48 50
52 63
0 1
0 51
1 2
1 50
2 3
2 13
3 4
3 11
4 5
5 6
5 7
6 8
7 9
8 10
9 10
10 12
11 12
12 14
13 14
14 15
14 49
15 16
15 45
16 17
16 18
17 19
18 19
19 20
19 43
20 21
20 32
21 22
21 23
22 24
23 24
24 25
24 29
25 26
25 27
26 28
27 28
28 30
29 30
30 31
31 33
32 33
33 34
33 41
34 35
35 36
35 37
36 38
37 39
38 40
39 40
40 42
41 42
42 44
43 44
44 46
45 46
46 47
46 48
1 0
1 0
11 12
0 1
0 10
1 2
1 9
2 3
2 5
3 4
3 5
4 6
5 6
6 7
6 8
10 11
0 1
0 9
1 2
1 8
2 3
2 5
3 4
3 5
4 6
4 7
5 7
7 6
0 1
0 6
1 2
1 5
2 3
2 4
7 6
0 1
0 6
1 2
1 5
2 3
2 4
27 33
0 1
0 26
1 2
2 3
2 8
3 4
3 7
4 5
4 6
5 9
6 9
7 9
8 9
9 10
9 25
10 11
10 21
11 12
11 19
12 13
12 14
13 15
14 15
15 16
15 17
16 18
17 18
18 20
19 20
20 22
21 22
22 23
22 24
25 29
0 1
0 24
1 2
2 3
2 8
3 4
3 7
4 5
4 6
5 9
6 23
7 23
8 23
9 10
9 19
10 11
10 17
11 12
11 13
12 14
13 15
14 16
15 16
16 18
17 18
18 20
19 20
20 21
20 22
9 8
0 1
0 8
1 2
1 7
2 3
2 6
3 4
3 5
9 8
0 1
0 8
1 2
1 7
2 3
2 6
3 4
3 5
34 44
0 1
0 32
1 2
1 30
2 3
2 28
3 4
3 26
4 5
4 24
5 6
5 22
6 7
6 20
7 8
7 18
8 9
8 16
9 10
9 14
10 11
10 12
11 13
12 13
13 15
14 15
15 17
16 17
17 19
18 19
19 21
20 21
21 23
22 23
23 25
24 25
25 27
26 27
27 29
28 29
29 31
30 31
31 33
32 33
34 44
0 1
0 32
1 2
1 30
2 3
2 28
3 4
3 26
4 5
4 24
5 6
5 22
6 7
6 20
7 8
7 18
8 9
8 16
9 10
9 14
10 11
10 12
11 13
12 13
13 15
14 15
15 17
16 17
17 19
18 19
19 21
20 21
21 23
22 23
23 25
24 25
25 27
26 27
27 29
28 29
29 31
30 31
31 33
32 33
24 26
0 1
0 23
1 2
1 22
2 3
2 21
3 4
3 20
4 5
4 6
5 7
6 7
7 8
7 19
8 9
8 10
9 11
10 11
11 12
11 18
12 13
12 14
13 15
14 15
15 16
15 17
21 20
0 1
0 20
1 2
1 19
2 3
2 18
3 4
3 17
4 5
4 6
5 7
6 16
7 8
7 9
8 10
9 15
10 11
10 12
11 13
12 14
15 14
0 1
0 14
1 2
1 13
2 3
2 12
3 4
3 11
4 5
4 10
5 6
5 9
6 7
6 8
15 14
0 1
0 14
1 2
1 13
2 3
2 12
3 4
3 11
4 5
4 10
5 6
5 9
6 7
6 8
51 66
0 1
0 26
1 2
1 24
2 3
2 22
3 4
3 17
4 5
4 15
5 6
5 13
6 7
6 8
7 9
8 9
9 10
9 11
10 12
11 12
12 14
13 14
14 16
15 16
16 18
17 18
18 19
18 20
19 21
20 21
21 23
22 23
23 25
24 25
25 27
26 27
27 28
27 47
28 29
28 45
29 30
29 43
30 31
30 41
31 32
31 39
32 33
32 37
33 34
33 35
34 36
35 36
36 38
37 38
38 40
39 40
40 42
41 42
42 44
43 44
44 46
45 46
46 48
47 48
48 49
48 50
50 64
0 1
0 25
1 2
1 23
2 3
2 21
3 4
3 16
4 5
4 14
5 6
5 12
6 7
6 8
7 9
8 10
9 11
10 11
11 13
12 13
13 15
14 15
15 17
16 17
17 18
17 19
18 20
19 20
20 22
21 22
22 24
23 24
24 26
25 26
26 27
26 46
27 28
27 44
28 29
28 42
29 30
29 40
30 31
30 38
31 32
31 36
32 33
32 34
33 35
34 35
35 37
36 37
37 39
38 39
39 41
40 41
41 43
42 43
43 45
44 45
45 47
46 47
47 48
47 49
17 16
0 1
0 2
2 3
2 4
4 5
4 6
6 7
6 8
8 9
8 10
10 11
10 12
12 13
12 14
14 15
14 16
10 9
0 9
0 1
0 2
0 3
0 4
0 5
0 6
0 7
0 8
3 2
0 1
0 2
1 0
1 0
1 0
1 0
1 0
1 0
1 0
1 0
3 2
0 1
0 2
3 2
0 1
0 2
1 0
1 0
1 0
4 5
0 1
0 2
1 3
1 2
2 3
3 2
0 1
1 2
1 0
1 0
6 9
0 1
0 2
1 3
1 2
2 3
3 4
3 5
4 4
4 5
11 18
0 1
0 2
1 3
1 2
2 3
3 4
3 10
4 5
5 6
5 9
6 7
6 9
7 8
7 9
8 8
8 10
9 9
9 10
1 0
4 4
0 1
0 2
1 3
2 3
4 4
0 1
0 2
1 3
2 3
6 7
0 1
0 2
2 3
2 4
3 5
3 4
4 5
5 4
0 1
0 2
2 3
3 4
1 0
6 6
0 1
0 2
2 3
2 4
3 5
4 5
6 6
0 1
0 2
2 3
2 4
3 5
4 5
1 0
9 10
0 1
0 2
1 6
2 3
2 4
3 5
4 5
5 6
6 7
6 8
9 10
0 1
0 2
1 6
2 3
2 4
3 5
4 5
5 6
6 7
6 8
1 0
1 0
1 0
1 0
1 0
5 4
0 1
0 2
2 3
2 4
5 4
0 1
0 2
2 3
2 4
3 2
0 1
0 2
1 0
1 0
1 0
1 0
1 0
1 0
1 0
1 0
1 0
1 0
1 0
1 0
1 0
1 0
1 0
1 0
1 0
1 0
1 0
6 9
0 1
0 2
1 3
1 2
2 3
3 4
3 5
4 4
4 5
7 10
0 1
0 2
1 3
1 2
2 3
3 4
3 6
4 5
5 5
5 6
3 2
0 1
0 2
3 4
0 1
0 2
1 1
1 2
3 4
0 1
0 2
1 1
1 2
1 0
1 0
3 2
0 1
0 2
1 0
6 9
0 1
0 2
1 3
1 2
2 3
3 4
3 5
4 4
4 5
7 10
0 1
0 2
1 3
1 2
2 3
3 4
3 6
4 5
5 5
5 6
5 4
0 1
0 2
2 3
2 4
5 4
0 1
0 2
2 3
2 4
7 8
0 1
0 2
2 3
2 4
4 5
4 6
5 5
5 6
8 9
0 1
0 2
2 3
2 4
4 5
4 7
5 6
6 6
6 7
3 4
0 1
0 2
1 1
1 2
3 4
0 1
0 2
1 1
1 2
1 0
1 0
1 0
6 9
0 1
0 2
1 3
1 2
2 3
3 4
3 5
4 4
4 5
7 10
0 1
0 2
1 3
1 2
2 3
3 4
3 6
4 5
5 5
5 6
5 4
0 1
0 2
2 3
2 4
5 4
0 1
0 2
2 3
2 4
7 8
0 1
0 2
2 3
2 4
4 5
4 6
5 5
5 6
8 9
0 1
0 2
2 3
2 4
4 5
4 7
5 6
6 6
6 7
6 9
0 1
0 2
1 3
1 2
2 3
3 4
3 5
4 4
4 5
7 10
0 1
0 2
1 3
1 2
2 3
3 4
3 6
4 5
5 5
5 6
3 4
0 1
0 2
1 1
1 2
3 4
0 1
0 2
1 1
1 2
1 0
1 0
3 2
0 1
0 2
3 2
0 1
0 2
1 0
6 9
0 1
0 2
1 3
1 2
2 3
3 4
3 5
4 4
4 5
7 10
0 1
0 2
1 3
1 2
2 3
3 4
3 6
4 5
5 5
5 6
5 4
0 1
0 2
2 3
2 4
5 4
0 1
0 2
2 3
2 4
7 8
0 1
0 2
2 3
2 4
4 5
4 6
5 5
5 6
8 9
0 1
0 2
2 3
2 4
4 5
4 7
5 6
6 6
6 7
7 8
0 1
0 2
2 3
2 4
4 5
4 6
5 5
5 6
8 9
0 1
0 2
2 3
2 4
4 5
4 7
5 6
6 6
6 7
6 9
0 1
0 2
1 3
1 2
2 3
3 4
3 5
4 4
4 5
7 10
0 1
0 2
1 3
1 2
2 3
3 4
3 6
4 5
5 5
5 6
6 9
0 1
0 2
1 3
1 2
2 3
3 4
3 5
4 4
4 5
7 10
0 1
0 2
1 3
1 2
2 3
3 4
3 6
4 5
5 5
5 6
4 5
0 1
0 3
1 2
2 1
2 3
4 5
0 1
0 3
1 2
2 1
2 3
1 0
1 0
3 2
0 1
0 2
3 2
0 1
0 2
1 0
1 0
3 2
0 1
0 2
3 2
0 1
0 2
3 2
0 1
0 2
3 2
0 1
0 2
6 9
0 1
0 2
1 3
1 2
2 3
3 4
3 5
4 4
4 5
7 10
0 1
0 2
1 3
1 2
2 3
3 4
3 6
4 5
5 5
5 6
3 4
0 1
0 2
1 1
1 2
3 4
0 1
0 2
1 1
1 2
1 0
1 0
1 0
1 0
1 0
17 16
0 1
0 2
2 3
2 4
4 5
4 6
6 7
6 8
8 9
8 10
10 11
10 12
12 13
12 14
14 15
14 16
1 0
1 0
1 0
1 0
3 2
0 1
0 2
3 2
0 1
0 2
3 2
0 1
0 2
3 2
0 1
0 2
3 2
0 1
0 2
3 2
0 1
0 2
4 4
0 1
0 2
1 3
2 3
4 4
0 1
0 2
1 3
2 3
4 4
0 1
0 2
1 3
2 3
4 4
0 1
0 2
1 3
2 3
4 4
0 1
0 2
1 3
2 3
4 4
0 1
0 2
1 3
2 3
9 8
0 1
0 2
2 3
2 4
4 5
4 6
6 7
6 8
1 0
1 0
3 4
0 1
0 2
1 1
1 2
3 4
0 1
0 2
1 1
1 2
10 12
0 1
1 2
1 9
2 3
2 7
3 4
3 5
4 6
5 6
6 8
7 8
8 1
9 12
0 1
0 8
1 2
1 6
2 3
2 4
3 5
4 5
5 7
6 7
7 1
7 8
1 0
1 0
5 4
0 1
0 2
2 3
2 4
5 4
0 1
0 2
2 3
2 4
7 8
0 1
0 2
2 3
2 4
4 5
4 6
5 5
5 6
8 9
0 1
0 2
2 3
2 4
4 5
4 7
5 6
6 6
6 7
7 8
0 1
0 2
2 3
2 4
4 5
4 6
5 5
5 6
8 9
0 1
0 2
2 3
2 4
4 5
4 7
5 6
6 6
6 7
9 14
0 1
0 2
1 3
1 2
2 3
3 4
3 8
4 5
4 6
5 7
5 6
6 7
7 4
7 8
9 12
0 1
0 2
1 3
1 2
2 3
3 4
3 8
4 5
5 6
6 7
7 5
7 8
9 14
0 1
0 2
1 3
1 2
2 3
3 4
3 8
4 5
4 6
5 7
5 6
6 7
7 4
7 8
9 12
0 1
0 2
1 3
1 2
2 3
3 4
3 8
4 5
5 6
6 7
7 5
7 8
3 4
0 1
0 2
1 1
1 2
3 4
0 1
0 2
1 1
1 2
1 0
1 0
1 0
1 0
1 0
3 2
0 1
0 2
3 2
0 1
0 2
1 0
1 0
1 0
1 0
6 9
0 1
0 2
1 3
1 2
2 3
3 4
3 5
4 4
4 5
7 10
0 1
0 2
1 3
1 2
2 3
3 4
3 6
4 5
5 5
5 6
5 4
0 1
0 2
2 3
2 4
5 4
0 1
0 2
2 3
2 4
7 8
0 1
0 2
2 3
2 4
4 5
4 6
5 5
5 6
8 9
0 1
0 2
2 3
2 4
4 5
4 7
5 6
6 6
6 7
6 9
0 1
0 2
1 3
1 2
2 3
3 4
3 5
4 4
4 5
7 10
0 1
0 2
1 3
1 2
2 3
3 4
3 6
4 5
5 5
5 6
3 4
0 1
0 2
1 1
1 2
3 4
0 1
0 2
1 1
1 2
1 0
1 0
1 0
1 0
1 0
3 2
0 1
0 2
3 2
0 1
0 2
1 0
5 4
0 1
0 2
2 3
2 4
5 4
0 1
0 2
2 3
2 4
7 8
0 1
0 2
2 3
2 4
4 5
4 6
5 5
5 6
8 9
0 1
0 2
2 3
2 4
4 5
4 7
5 6
6 6
6 7
7 8
0 1
0 2
2 3
2 4
4 5
4 6
5 5
5 6
8 9
0 1
0 2
2 3
2 4
4 5
4 7
5 6
6 6
6 7
6 9
0 1
0 2
1 3
1 2
2 3
3 4
3 5
4 4
4 5
7 10
0 1
0 2
1 3
1 2
2 3
3 4
3 6
4 5
5 5
5 6
6 9
0 1
0 2
1 3
1 2
2 3
3 4
3 5
4 4
4 5
7 10
0 1
0 2
1 3
1 2
2 3
3 4
3 6
4 5
5 5
5 6
3 4
0 1
0 2
1 1
1 2
3 4
0 1
0 2
1 1
1 2
1 0
1 0
1 0
1 0
1 0
3 2
0 1
0 2
3 2
0 1
0 2
1 0
3 2
0 1
0 2
3 2
0 1
0 2
6 9
0 1
0 2
1 3
1 2
2 3
3 4
3 5
4 4
4 5
7 10
0 1
0 2
1 3
1 2
2 3
3 4
3 6
4 5
5 5
5 6
1 0
1 0
3 4
0 1
0 2
1 1
1 2
4 5
0 1
0 3
1 2
2 2
2 3
10 13
0 1
0 2
1 3
2 3
3 4
3 5
4 6
4 5
5 6
6 7
7 8
7 9
8 7
10 14
0 1
0 2
1 3
2 3
3 4
3 5
4 6
4 5
5 6
6 7
6 9
7 8
8 8
8 9
4 4
0 1
0 2
1 3
2 3
4 4
0 1
0 2
1 3
2 3
1 0
1 0
1 0
9 14
0 1
0 2
1 3
1 2
2 3
3 4
3 8
4 5
4 6
5 7
5 6
6 7
7 4
7 8
9 12
0 1
0 2
1 3
1 2
2 3
3 4
3 8
4 5
5 6
6 7
7 5
7 8
1 0
1 0
3 4
0 1
0 2
1 1
1 2
4 5
0 1
0 3
1 2
2 2
2 3
13 18
0 1
0 2
1 3
2 3
3 4
3 5
4 6
4 5
5 6
6 7
7 8
7 12
8 9
8 10
9 11
9 10
10 11
11 7
12 16
0 1
0 2
1 3
2 3
3 4
3 5
4 6
4 5
5 6
6 7
6 11
7 8
8 9
9 10
10 8
10 11
4 4
0 1
0 2
1 3
2 3
4 4
0 1
0 2
1 3
2 3
7 8
0 1
0 2
2 3
2 4
4 5
4 6
5 5
5 6
8 9
0 1
0 2
2 3
2 4
4 5
4 7
5 6
6 6
6 7
1 0
6 9
0 1
0 2
1 3
1 2
2 3
3 4
3 5
4 4
4 5
7 10
0 1
0 2
1 3
1 2
2 3
3 4
3 6
4 5
5 5
5 6
1 0
1 0
3 4
0 1
0 2
1 1
1 2
4 5
0 1
0 3
1 2
2 2
2 3
10 13
0 1
0 2
1 3
2 3
3 4
3 5
4 6
4 5
5 6
6 7
7 8
7 9
8 7
10 14
0 1
0 2
1 3
2 3
3 4
3 5
4 6
4 5
5 6
6 7
6 9
7 8
8 8
8 9
4 4
0 1
0 2
1 3
2 3
4 4
0 1
0 2
1 3
2 3
7 8
0 1
0 2
2 3
2 4
4 5
4 6
5 5
5 6
8 9
0 1
0 2
2 3
2 4
4 5
4 7
5 6
6 6
6 7
1 0
1 0
1 0
6 9
0 1
0 2
1 3
1 2
2 3
3 4
3 5
4 4
4 5
7 10
0 1
0 2
1 3
1 2
2 3
3 4
3 6
4 5
5 5
5 6
1 0
1 0
1 0
1 0
7 8
0 1
0 2
2 3
2 4
4 5
4 6
5 5
5 6
8 9
0 1
0 2
2 3
2 4
4 5
4 7
5 6
6 6
6 7
3 4
0 1
0 2
1 1
1 2
3 4
0 1
0 2
1 1
1 2
1 0
1 0
1 0
6 9
0 1
0 2
1 3
1 2
2 3
3 4
3 5
4 4
4 5
7 10
0 1
0 2
1 3
1 2
2 3
3 4
3 6
4 5
5 5
5 6
7 8
0 1
0 2
2 3
2 4
4 5
4 6
5 5
5 6
8 9
0 1
0 2
2 3
2 4
4 5
4 7
5 6
6 6
6 7
3 4
0 1
0 2
1 1
1 2
3 4
0 1
0 2
1 1
1 2
1 0
1 0
1 0
9 14
0 1
0 2
1 3
1 2
2 3
3 4
3 8
4 5
4 6
5 7
5 6
6 7
7 4
7 8
9 12
0 1
0 2
1 3
1 2
2 3
3 4
3 8
4 5
5 6
6 7
7 5
7 8
1 0
1 0
23 22
0 1
0 2
2 3
2 4
4 5
4 6
6 7
6 8
8 9
8 10
10 11
10 12
12 13
12 14
14 15
14 16
16 17
16 18
18 19
18 20
20 21
20 22
13 12
0 12
0 1
0 2
0 3
0 4
0 5
0 6
0 7
0 8
0 9
0 10
0 11
3 2
0 1
0 2
5 4
0 1
0 2
2 3
2 4
1 0
5 4
0 1
0 2
2 3
2 4
1 0
34 45
0 1
0 2
2 3
2 4
4 5
4 6
6 7
7 8
7 33
8 9
9 10
9 11
10 32
11 12
11 13
12 32
13 14
13 15
14 32
15 16
15 17
16 32
17 18
17 19
18 32
19 20
19 21
20 32
21 22
21 23
22 32
23 24
23 25
24 32
25 26
25 27
26 32
27 28
27 29
28 32
29 30
29 31
30 32
31 32
32 7
24 36
0 1
0 2
2 3
2 4
4 5
4 6
6 7
6 23
7 8
8 9
9 21
9 10
9 11
9 12
9 13
9 14
9 15
9 16
9 17
9 18
9 19
9 20
10 22
11 22
12 22
13 22
14 22
15 22
16 22
17 22
18 22
19 22
20 22
21 22
22 8
22 23
5 4
0 1
0 2
2 3
2 4
5 4
0 1
0 2
2 3
2 4
1 0
1 0
3 3
0 1
0 2
2 0
3 3
0 1
0 2
2 0
6 9
0 1
0 2
1 3
1 2
2 3
3 4
3 5
4 4
4 5
7 10
0 1
0 2
1 3
1 2
2 3
3 4
3 6
4 5
5 5
5 6
5 4
0 1
0 2
2 3
2 4
3 2
0 1
0 2
1 0
1 0
3 3
0 1
0 2
2 0
3 3
0 1
0 2
2 0
6 9
0 1
0 2
1 3
1 2
2 3
3 4
3 5
4 4
4 5
7 10
0 1
0 2
1 3
1 2
2 3
3 4
3 6
4 5
5 5
5 6
5 4
0 1
0 2
2 3
2 4
5 4
0 1
0 2
2 3
2 4
5 4
0 1
0 2
2 3
2 4
1 0
1 0
1 0
1 0
6 5
0 1
0 2
2 3
2 5
3 4
6 5
0 1
0 2
2 3
2 5
3 4
6 5
0 1
0 2
2 3
2 5
3 4
6 5
0 1
0 2
2 3
2 5
3 4
1 0
1 0
21 20
0 1
0 2
2 3
2 4
4 5
4 6
6 7
6 8
8 9
8 10
10 11
10 12
12 13
12 14
14 15
14 16
16 17
16 18
18 19
18 20
3 3
0 1
0 2
2 0
3 3
0 1
0 2
2 0
1 0
1 0
101 100
0 1
0 2
2 3
2 4
4 5
4 6
6 7
6 8
8 9
8 10
10 11
10 12
12 13
12 14
14 15
14 16
16 17
16 18
18 19
18 20
20 21
20 22
22 23
22 24
24 25
24 26
26 27
26 28
28 29
28 30
30 31
30 32
32 33
32 34
34 35
34 36
36 37
36 38
38 39
38 40
40 41
40 42
42 43
42 44
44 45
44 46
46 47
46 48
48 49
48 50
50 51
50 52
52 53
52 54
54 55
54 56
56 57
56 58
58 59
58 60
60 61
60 62
62 63
62 64
64 65
64 66
66 67
66 68
68 69
68 70
70 71
70 72
72 73
72 74
74 75
74 76
76 77
76 78
78 79
78 80
80 81
80 82
82 83
82 84
84 85
84 86
86 87
86 88
88 89
88 90
90 91
90 92
92 93
92 94
94 95
94 96
96 97
96 98
98 99
98 100
52 51
0 51
0 1
0 2
0 3
0 4
0 5
0 6
0 7
0 8
0 9
0 10
0 11
0 12
0 13
0 14
0 15
0 16
0 17
0 18
0 19
0 20
0 21
0 22
0 23
0 24
0 25
0 26
0 27
0 28
0 29
0 30
0 31
0 32
0 33
0 34
0 35
0 36
0 37
0 38
0 39
0 40
0 41
0 42
0 43
0 44
0 45
0 46
0 47
0 48
0 49
0 50
3 2
0 1
0 2
3 2
0 1
0 2
3 2
0 1
0 2
3 2
0 1
0 2
1 0
3 4
0 1
0 2
1 1
1 2
4 5
0 1
0 3
1 2
2 2
2 3
6 9
0 1
0 2
1 3
1 2
2 3
3 4
3 5
4 4
4 5
7 10
0 1
0 2
1 3
1 2
2 3
3 4
3 6
4 5
5 5
5 6
1 0
1 0
5 4
0 1
0 2
2 3
2 4
5 4
0 1
0 2
2 3
2 4
5 4
0 1
0 2
2 3
2 4
5 4
0 1
0 2
2 3
2 4
1 0
1 0
1 0
5 4
0 1
0 2
2 3
2 4
5 4
0 1
0 2
2 3
2 4
1 0
5 4
0 1
0 2
2 3
2 4
5 4
0 1
0 2
2 3
2 4
1 0
1 0
1 0
5 4
0 1
0 2
2 3
2 4
5 4
0 1
0 2
2 3
2 4
5 4
0 1
0 2
2 3
2 4
5 4
0 1
0 2
2 3
2 4
1 0
1 0
1 0
5 4
0 1
0 2
2 3
2 4
5 4
0 1
0 2
2 3
2 4
5 4
0 1
0 2
2 3
2 4
5 4
0 1
0 2
2 3
2 4
1 0
1 0
1 0
5 4
0 1
0 2
2 3
2 4
5 4
0 1
0 2
2 3
2 4
5 4
0 1
0 2
2 3
2 4
5 4
0 1
0 2
2 3
2 4
1 0
8 13
0 1
0 2
1 3
1 2
2 3
3 4
3 5
4 4
4 5
5 6
5 7
6 6
6 7
10 15
0 1
0 2
1 3
1 2
2 3
3 4
3 6
4 5
5 5
5 6
6 7
6 9
7 8
8 8
8 9
5 4
0 1
0 2
2 3
2 4
1 0
1 0
6 6
0 1
0 2
2 3
2 4
3 5
4 5
6 6
0 1
0 2
2 3
2 4
3 5
4 5
1 0
1 0
6 6
0 1
0 2
2 3
2 4
3 5
4 5
6 6
0 1
0 2
2 3
2 4
3 5
4 5
1 0
1 0
1 0
1 0
71 70
0 1
0 2
2 3
2 4
4 5
4 6
6 7
6 8
8 9
8 10
10 11
10 12
12 13
12 14
14 15
14 16
16 17
16 18
18 19
18 20
20 21
20 22
22 23
22 24
24 25
24 26
26 27
26 28
28 29
28 30
30 31
30 32
32 33
32 34
34 35
34 36
36 37
36 38
38 39
38 40
40 41
40 42
42 43
42 44
44 45
44 46
46 47
46 48
48 49
48 50
50 51
50 52
52 53
52 54
54 55
54 56
56 57
56 58
58 59
58 60
60 61
60 62
62 63
62 64
64 65
64 66
66 67
66 68
68 69
68 70
37 36
0 36
0 1
0 2
0 3
0 4
0 5
0 6
0 7
0 8
0 9
0 10
0 11
0 12
0 13
0 14
0 15
0 16
0 17
0 18
0 19
0 20
0 21
0 22
0 23
0 24
0 25
0 26
0 27
0 28
0 29
0 30
0 31
0 32
0 33
0 34
0 35
1 0
25 24
0 1
0 2
2 3
2 4
4 5
4 6
6 7
6 8
8 9
8 10
10 11
10 12
12 13
12 16
13 14
13 15
16 17
16 18
18 19
18 20
20 21
20 22
22 23
22 24
15 14
0 14
0 1
0 2
0 3
0 4
0 5
0 6
0 7
0 10
0 11
0 12
0 13
7 8
7 9
10 11
0 1
0 2
2 3
2 4
4 5
4 6
5 9
6 7
6 8
7 9
8 9
10 11
0 1
0 2
2 3
2 4
4 5
4 6
5 9
6 7
6 8
7 9
8 9
1 0
1 0
7 6
0 1
0 2
2 3
2 6
3 4
3 5
7 6
0 1
0 2
2 3
2 6
3 4
3 5
5 4
0 1
0 2
2 3
2 4
5 4
0 1
0 2
2 3
2 4
5 4
0 1
0 2
2 3
2 4
7 8
0 1
0 2
2 3
2 4
4 5
4 6
5 5
5 6
8 9
0 1
0 2
2 3
2 4
4 5
4 7
5 6
6 6
6 7
6 9
0 1
0 2
1 3
1 2
2 3
3 4
3 5
4 4
4 5
7 10
0 1
0 2
1 3
1 2
2 3
3 4
3 6
4 5
5 5
5 6
6 9
0 1
0 2
1 3
1 2
2 3
3 4
3 5
4 4
4 5
7 10
0 1
0 2
1 3
1 2
2 3
3 4
3 6
4 5
5 5
5 6
13 12
0 1
0 2
2 3
2 4
4 5
4 6
6 7
6 8
8 9
8 10
10 11
10 12
13 12
0 1
0 2
2 3
2 4
4 5
4 6
6 7
6 8
8 9
8 10
10 11
10 12
6 6
0 1
0 2
2 3
2 4
3 5
4 5
6 6
0 1
0 2
2 3
2 4
3 5
4 5
7 6
0 1
0 2
2 3
2 4
4 5
4 6
7 6
0 1
0 2
2 3
2 4
4 5
4 6
7 6
0 1
0 2
2 3
2 4
4 5
4 6
7 6
0 1
0 2
2 3
2 4
4 5
4 6
5 4
0 1
0 2
2 3
2 4
5 4
0 1
0 2
2 3
2 4
1 0
1 0
6 6
0 1
0 2
2 3
2 4
3 5
4 5
6 6
0 1
0 2
2 3
2 4
3 5
4 5
7 6
0 1
0 2
2 3
2 6
3 4
3 5
7 6
0 1
0 2
2 3
2 6
3 4
3 5
5 4
0 1
0 2
2 3
2 4
5 4
0 1
0 2
2 3
2 4
5 4
0 1
0 2
2 3
2 4
5 4
0 1
0 2
2 3
2 4
3 3
0 1
0 2
2 0
3 3
0 1
0 2
2 0
10 13
0 1
0 2
2 3
2 4
4 5
4 6
5 7
5 6
6 7
7 8
7 9
8 8
8 9
11 14
0 1
0 2
2 3
2 4
4 5
4 6
5 7
5 6
6 7
7 8
7 10
8 9
9 9
9 10
3 2
0 1
0 2
4 5
0 1
0 2
1 3
1 2
2 3
3 2
0 1
1 2
4 5
0 1
0 2
1 3
1 2
2 3
3 2
0 1
1 2
4 5
0 1
0 2
1 3
1 2
2 3
3 2
0 1
1 2
7 6
0 1
0 2
2 3
2 4
4 5
4 6
7 6
0 1
0 2
2 3
2 4
4 5
4 6
3 2
0 1
0 2
5 4
0 1
0 2
2 3
2 4
9 8
0 1
0 2
2 3
2 4
4 5
4 6
6 7
6 8
6 5
0 5
0 1
0 2
0 3
0 4
3 2
0 1
0 2
1 0
1 0
3 2
0 1
0 2
11 13
0 1
0 2
2 3
2 4
4 5
4 6
5 7
5 6
6 7
7 8
7 9
8 10
9 10
10 10
0 1
0 2
2 3
2 4
4 5
5 6
6 7
6 8
7 9
8 9
8 8
0 1
0 2
2 3
2 4
4 5
4 6
5 7
6 7
8 8
0 1
0 2
2 3
2 4
4 5
4 6
5 7
6 7
191 249
0 1
0 2
2 3
2 4
4 5
4 6
6 7
6 8
8 9
8 10
10 11
10 12
12 13
12 17
13 14
13 15
14 16
14 15
15 16
17 18
17 22
18 19
18 20
19 21
19 20
20 21
22 23
22 27
23 24
23 25
24 26
24 25
25 26
27 28
27 32
28 29
28 30
29 31
29 30
30 31
32 33
32 37
33 34
33 35
34 36
34 35
35 36
37 38
37 39
39 40
39 41
41 42
41 46
42 43
42 44
43 45
43 44
44 45
46 47
46 51
47 48
47 49
48 50
48 49
49 50
51 52
51 56
52 53
52 54
53 55
53 54
54 55
56 57
56 61
57 58
57 59
58 60
58 59
59 60
61 62
61 66
62 63
62 64
63 65
63 64
64 65
66 67
66 71
67 68
67 69
68 70
68 69
69 70
71 72
71 73
73 74
73 78
74 75
74 76
75 77
75 76
76 77
78 79
78 83
79 80
79 81
80 82
80 81
81 82
83 84
83 88
84 85
84 86
85 87
85 86
86 87
88 89
88 93
89 90
89 91
90 92
90 91
91 92
93 94
93 98
94 95
94 96
95 97
95 96
96 97
98 99
98 103
99 100
99 101
100 102
100 101
101 102
103 104
103 111
104 105
104 106
105 107
105 106
106 107
107 108
107 109
108 110
109 110
111 112
111 116
112 113
112 114
113 115
113 114
114 115
116 117
116 121
117 118
117 119
118 120
118 119
119 120
121 122
121 123
123 124
123 125
125 126
125 127
127 128
127 132
128 129
128 130
129 131
129 130
130 131
132 133
132 134
134 135
134 136
136 137
136 141
137 138
137 139
138 140
138 139
139 140
141 142
141 146
142 143
142 144
143 145
143 144
144 145
146 147
146 151
147 148
147 149
148 150
148 149
149 150
151 152
151 156
152 153
152 154
153 155
153 154
154 155
156 157
156 161
157 158
157 159
158 160
158 159
159 160
161 162
161 163
163 164
163 165
165 166
165 167
167 168
167 169
169 170
169 171
171 172
171 176
172 173
172 174
173 175
173 174
174 175
176 177
176 178
178 179
178 180
180 181
180 182
182 183
182 187
183 184
183 185
184 186
184 185
185 186
187 188
187 189
188 190
188 189
189 190
113 113
0 110
0 1
0 2
0 3
0 4
0 5
0 6
0 7
0 10
0 13
0 16
0 19
0 22
0 23
0 24
0 27
0 30
0 33
0 36
0 39
0 42
0 43
0 46
0 49
0 52
0 55
0 58
0 61
0 67
0 70
0 73
0 74
0 75
0 76
0 79
0 80
0 81
0 84
0 87
0 90
0 93
0 98
0 96
0 99
0 100
0 101
0 104
0 105
0 106
0 107
0 97
7 8
8 9
10 11
11 12
13 14
14 15
16 17
17 18
19 20
20 21
24 25
25 26
27 28
28 29
30 31
31 32
33 34
34 35
36 37
37 38
39 40
40 41
43 44
44 45
46 47
47 48
49 50
50 51
52 53
53 54
55 56
56 57
58 59
59 60
61 62
62 63
63 64
63 65
64 66
65 66
67 68
68 69
70 71
71 72
76 77
77 78
81 82
82 83
84 85
85 86
87 88
88 89
90 91
91 92
93 94
94 95
101 102
102 103
107 108
108 109
110 111
111 112
3 2
0 1
0 2
3 2
0 1
0 2
1 0
1 0
8 8
0 1
0 2
2 3
2 4
4 5
4 6
5 7
6 7
8 8
0 1
0 2
2 3
2 4
4 5
4 6
5 7
6 7
1 0
1 0
8 8
0 1
0 2
2 3
2 4
4 5
4 6
5 7
6 7
8 8
0 1
0 2
2 3
2 4
4 5
4 6
5 7
6 7
4 5
0 1
0 2
1 3
1 2
2 3
3 2
0 1
1 2
8 8
0 1
0 2
2 3
2 4
4 5
4 6
5 7
6 7
8 8
0 1
0 2
2 3
2 4
4 5
4 6
5 7
6 7
4 5
0 1
0 2
1 3
1 2
2 3
3 2
0 1
1 2
5 4
0 1
0 2
2 3
2 4
5 4
0 1
0 2
2 3
2 4
7 9
0 1
0 2
1 3
1 2
2 3
3 4
3 5
4 6
5 6
6 6
0 1
1 2
2 3
2 4
3 5
4 5
5 4
0 1
0 2
2 3
2 4
10 13
0 1
0 2
1 3
1 2
2 3
3 4
3 5
4 6
5 6
6 7
6 8
7 9
8 9
9 10
0 1
1 2
2 3
2 4
3 5
4 5
5 6
5 7
6 8
7 8
23 22
0 1
0 4
1 2
1 3
4 5
4 8
5 6
5 7
8 9
8 12
9 10
9 11
12 13
12 16
13 14
13 15
16 17
16 20
17 18
17 19
20 21
20 22
19 18
0 16
0 1
0 4
0 7
0 10
0 13
1 2
1 3
4 5
4 6
7 8
7 9
10 11
10 12
13 14
13 15
16 17
16 18
11 10
0 1
0 2
2 3
2 4
4 5
4 6
6 7
6 8
8 9
8 10
7 6
0 6
0 1
0 2
0 3
0 4
0 5
3 2
0 1
0 2
3 2
0 1
0 2
11 12
0 1
0 10
1 2
1 3
2 7
3 4
3 5
4 6
5 6
6 7
7 8
7 9
11 12
0 1
0 10
1 2
1 3
2 7
3 4
3 5
4 6
5 6
6 7
7 8
7 9
38 48
0 1
0 37
1 2
1 3
2 34
3 4
3 5
4 33
5 6
5 7
6 32
7 8
7 9
8 31
9 10
9 11
10 30
11 12
11 13
12 29
13 14
13 15
14 28
15 16
15 17
16 27
17 18
17 19
18 26
19 20
19 21
20 25
21 22
21 23
22 24
23 24
24 25
25 26
26 27
27 28
28 29
29 30
30 31
31 32
32 33
33 34
34 35
34 36
38 48
0 1
0 37
1 2
1 3
2 34
3 4
3 5
4 33
5 6
5 7
6 32
7 8
7 9
8 31
9 10
9 11
10 30
11 12
11 13
12 29
13 14
13 15
14 28
15 16
15 17
16 27
17 18
17 19
18 26
19 20
19 21
20 25
21 22
21 23
22 24
23 24
24 25
25 26
26 27
27 28
28 29
29 30
30 31
31 32
32 33
33 34
34 35
34 36
17 20
0 1
0 16
1 2
1 3
2 13
3 4
3 5
4 12
5 6
5 7
6 11
7 8
7 9
8 10
9 10
10 11
11 12
12 13
13 14
13 15
17 20
0 1
0 16
1 2
1 3
2 13
3 4
3 5
4 12
5 6
5 7
6 11
7 8
7 9
8 10
9 10
10 11
11 12
12 13
13 14
13 15
37 46
0 1
1 2
1 11
2 3
2 4
3 8
4 5
4 6
5 7
6 7
7 8
8 9
8 10
9 12
10 12
11 12
12 13
12 14
14 15
14 16
16 17
17 18
17 33
18 19
18 20
19 30
20 21
20 22
21 29
22 23
22 24
23 28
24 25
24 26
25 27
26 27
27 28
28 29
29 30
30 31
30 32
31 34
32 34
33 34
34 35
34 36
35 42
0 1
1 2
1 11
2 3
2 4
3 8
4 5
4 6
5 7
6 7
7 8
8 9
8 10
9 12
10 13
11 13
13 14
13 15
15 16
16 17
16 32
17 18
17 19
18 29
19 20
19 21
20 28
21 22
21 23
22 27
23 24
23 25
24 26
25 26
26 27
27 28
28 29
29 30
29 31
30 33
31 34
32 34
101 100
0 1
0 2
2 3
2 4
4 5
4 6
6 7
6 8
8 9
8 10
10 11
10 12
12 13
12 14
14 15
14 16
16 17
16 18
18 19
18 20
20 21
20 22
22 23
22 24
24 25
24 26
26 27
26 28
28 29
28 30
30 31
30 32
32 33
32 34
34 35
34 36
36 37
36 38
38 39
38 40
40 41
40 42
42 43
42 44
44 45
44 46
46 47
46 48
48 49
48 50
50 51
50 52
52 53
52 54
54 55
54 56
56 57
56 58
58 59
58 60
60 61
60 62
62 63
62 64
64 65
64 66
66 67
66 68
68 69
68 70
70 71
70 72
72 73
72 74
74 75
74 76
76 77
76 78
78 79
78 80
80 81
80 82
82 83
82 84
84 85
84 86
86 87
86 88
88 89
88 90
90 91
90 92
92 93
92 94
94 95
94 96
96 97
96 98
98 99
98 100
52 51
0 51
0 1
0 31
0 2
0 3
0 20
0 32
0 33
0 43
0 4
0 5
0 6
0 7
0 9
0 10
0 11
0 12
0 13
0 14
0 15
0 16
0 17
0 18
0 21
0 35
0 36
0 22
0 23
0 24
0 19
0 25
0 26
0 27
0 28
0 29
0 30
0 37
0 38
0 39
0 40
0 41
0 42
0 44
0 34
0 45
0 46
0 47
0 8
0 48
0 49
0 50
1 0
1 0
3 2
0 1
0 2
3 2
0 1
0 2
4 5
0 1
0 2
1 3
1 2
2 3
3 2
0 1
1 2
4 5
0 1
0 2
1 3
1 2
2 3
3 2
0 1
1 2
1 0
1 0
1 0
1 0
1 0
3 4
0 1
0 2
1 1
1 2
4 5
0 1
0 3
1 2
2 2
2 3
7 8
0 1
0 2
1 3
2 3
3 4
4 5
4 6
5 4
7 9
0 1
0 2
1 3
2 3
3 4
3 6
4 5
5 5
5 6
8 11
0 1
0 2
2 3
2 4
3 5
3 4
4 5
5 6
5 7
6 6
6 7
9 12
0 1
0 2
2 3
2 4
3 5
3 4
4 5
5 6
5 8
6 7
7 7
7 8
15 14
0 1
0 8
1 2
1 7
2 3
2 6
3 4
3 5
8 9
8 14
9 10
9 13
10 11
10 12
15 14
0 1
0 8
1 2
1 7
2 3
2 6
3 4
3 5
8 9
8 14
9 10
9 13
10 11
10 12
1 0
3 4
0 1
0 2
1 1
1 2
4 5
0 1
0 3
1 2
2 2
2 3
8 11
0 1
0 2
2 3
2 4
3 5
3 4
4 5
5 6
5 7
6 6
6 7
9 12
0 1
0 2
2 3
2 4
3 5
3 4
4 5
5 6
5 8
6 7
7 7
7 8
5 5
0 1
0 2
2 3
2 4
4 0
5 5
0 1
0 2
2 3
2 4
4 0
5 5
0 1
0 2
2 3
2 4
4 0
5 5
0 1
0 2
2 3
2 4
4 0
1 0
1 0
1 0
1 0
1 0
1 0
1 0
1 0
5 5
0 1
0 2
2 3
2 4
4 0
5 5
0 1
0 2
2 3
2 4
4 0
5 5
0 1
0 2
2 3
2 4
4 0
5 5
0 1
0 2
2 3
2 4
4 0
1 0
1 0
1 0
1 0
1 0
1 0
1 0
1 0
1 0
1 0
1 0
85 84
0 1
0 2
2 3
2 4
4 5
4 6
6 7
6 8
8 9
8 10
10 11
10 12
12 13
12 14
14 15
14 16
16 17
16 18
18 19
18 20
20 21
20 22
22 23
22 24
24 25
24 26
26 27
26 28
28 29
28 30
30 31
30 32
32 33
32 34
34 35
34 36
36 37
36 38
38 39
38 40
40 41
40 42
42 43
42 44
44 45
44 46
46 47
46 48
48 49
48 50
50 51
50 52
52 53
52 54
54 55
54 56
56 57
56 58
58 59
58 60
60 61
60 62
62 63
62 64
64 65
64 66
66 67
66 68
68 69
68 70
70 71
70 74
71 72
71 73
74 75
74 76
76 77
76 78
78 79
78 80
80 81
80 82
82 83
82 84
85 84
0 1
0 2
2 3
2 4
4 5
4 6
6 7
6 8
8 9
8 10
10 11
10 12
12 13
12 14
14 15
14 16
16 17
16 18
18 19
18 20
20 21
20 22
22 23
22 24
24 25
24 26
26 27
26 28
28 29
28 30
30 31
30 32
32 33
32 34
34 35
34 36
36 37
36 38
38 39
38 40
40 41
40 42
42 43
42 44
44 45
44 46
46 47
46 48
48 49
48 50
50 51
50 52
52 53
52 54
54 55
54 56
56 57
56 58
58 59
58 60
60 61
60 62
62 63
62 64
64 65
64 66
66 67
66 68
68 69
68 70
70 71
70 74
71 72
71 73
74 75
74 76
76 77
76 78
78 79
78 80
80 81
80 82
82 83
82 84
3 2
0 1
0 2
3 2
0 1
0 2
85 84
0 1
0 2
2 3
2 4
4 5
4 6
6 7
6 8
8 9
8 10
10 11
10 12
12 13
12 14
14 15
14 16
16 17
16 18
18 19
18 20
20 21
20 22
22 23
22 24
24 25
24 26
26 27
26 28
28 29
28 30
30 31
30 32
32 33
32 34
34 35
34 36
36 37
36 38
38 39
38 40
40 41
40 42
42 43
42 44
44 45
44 46
46 47
46 48
48 49
48 50
50 51
50 52
52 53
52 54
54 55
54 56
56 57
56 58
58 59
58 60
60 61
60 62
62 63
62 64
64 65
64 66
66 67
66 68
68 69
68 70
70 71
70 74
71 72
71 73
74 75
74 76
76 77
76 78
78 79
78 80
80 81
80 82
82 83
82 84
85 84
0 1
0 2
2 3
2 4
4 5
4 6
6 7
6 8
8 9
8 10
10 11
10 12
12 13
12 14
14 15
14 16
16 17
16 18
18 19
18 20
20 21
20 22
22 23
22 24
24 25
24 26
26 27
26 28
28 29
28 30
30 31
30 32
32 33
32 34
34 35
34 36
36 37
36 38
38 39
38 40
40 41
40 42
42 43
42 44
44 45
44 46
46 47
46 48
48 49
48 50
50 51
50 52
52 53
52 54
54 55
54 56
56 57
56 58
58 59
58 60
60 61
60 62
62 63
62 64
64 65
64 66
66 67
66 68
68 69
68 70
70 71
70 74
71 72
71 73
74 75
74 76
76 77
76 78
78 79
78 80
80 81
80 82
82 83
82 84
5 5
0 1
1 2
1 3
2 4
3 4
5 5
0 1
1 2
1 3
2 4
3 4
1 0
1 0
1 0
1 0
1 0
1 0
15 18
0 1
1 2
1 7
2 3
2 4
3 5
4 5
5 6
6 1
7 8
8 9
8 14
9 10
9 11
10 12
11 12
12 13
13 8
15 18
0 1
1 2
1 7
2 3
2 4
3 5
4 5
5 6
6 1
7 8
8 9
8 14
9 10
9 11
10 12
11 12
12 13
13 8
1 0
1 0
1 0
1 0
1 0
1 0
1 0
1 0
1 0
1 0
1 0
1 0
1 0
1 0
1 0
1 0
1 0
1 0
1 0
1 0
1 0
1 0
1 0
1 0
5 4
0 1
0 2
2 3
2 4
5 4
0 1
0 2
2 3
2 4
5 4
0 1
0 2
2 3
2 4
5 4
0 1
0 2
2 3
2 4
3 2
0 1
0 2
17 16
0 1
0 2
2 3
2 4
4 5
4 6
6 7
6 8
8 9
8 10
10 11
10 12
12 13
12 14
14 15
14 16
17 16
0 1
0 2
2 3
2 4
4 5
4 6
6 7
6 8
8 9
8 10
10 11
10 12
12 13
12 14
14 15
14 16
3 2
0 1
0 2
3 2
0 1
0 2
22 30
0 1
1 2
1 3
3 4
4 5
4 6
5 21
6 7
6 8
7 21
8 9
8 10
9 21
10 11
10 12
11 21
12 13
12 14
13 21
14 15
14 16
15 21
16 17
16 18
17 21
18 19
18 20
19 21
20 21
21 1
22 31
0 2
0 1
1 3
3 4
4 5
4 6
5 21
6 7
6 8
7 21
8 9
8 10
9 21
10 11
10 12
11 21
12 13
12 14
13 21
14 15
14 16
15 21
16 17
16 18
17 21
18 19
18 20
19 21
20 21
21 2
21 3
1 0
1 0
8 9
0 1
1 2
1 3
3 4
4 5
4 6
5 7
6 7
7 1
8 10
0 2
0 1
1 3
3 4
4 5
4 6
5 7
6 7
7 2
7 3
1 0
1 0
5 4
0 1
0 2
2 3
2 4
5 4
0 1
0 2
2 3
2 4
8 8
0 1
0 2
2 3
2 7
3 4
3 5
4 6
5 6
8 8
0 1
0 2
2 3
2 7
3 4
3 5
4 6
5 6
5 4
0 1
0 2
2 3
2 4
5 4
0 1
0 2
2 3
2 4
5 4
0 1
0 2
2 3
2 4
5 4
0 1
0 2
2 3
2 4
5 4
0 1
0 2
2 3
2 4
5 4
0 1
0 2
2 3
2 4
5 4
0 1
0 2
2 3
2 4
5 4
0 1
0 2
2 3
2 4
1 0
1 0
1 0
1 0
1 0
1 0
1 0
1 0
1 0
1 0
1 0
1 0
1 0
1 0
1 0
1 0
3 4
0 1
0 2
1 1
1 2
4 5
0 1
0 3
1 2
2 2
2 3
3 4
0 1
0 2
1 1
1 2
4 5
0 1
0 3
1 2
2 2
2 3
3 4
0 1
0 2
1 1
1 2
4 5
0 1
0 3
1 2
2 2
2 3
3 4
0 1
0 2
1 1
1 2
4 5
0 1
0 3
1 2
2 2
2 3
3 4
0 1
0 2
1 1
1 2
4 5
0 1
0 3
1 2
2 2
2 3
3 4
0 1
0 2
1 1
1 2
4 5
0 1
0 3
1 2
2 2
2 3
3 4
0 1
0 2
1 1
1 2
4 5
0 1
0 3
1 2
2 2
2 3
3 4
0 1
0 2
1 1
1 2
7 11
0 1
0 6
1 2
2 3
2 5
3 4
3 5
4 4
4 6
5 5
5 6
5 4
0 1
0 2
2 3
2 4
5 4
0 1
0 2
2 3
2 4
5 4
0 1
0 2
2 3
2 4
5 4
0 1
0 2
2 3
2 4
5 4
0 1
0 2
2 3
2 4
5 4
0 1
0 2
2 3
2 4
5 4
0 1
0 2
2 3
2 4
5 4
0 1
0 2
2 3
2 4
5 4
0 1
0 2
2 3
2 4
5 4
0 1
0 2
2 3
2 4
5 4
0 1
0 2
2 3
2 4
5 4
0 1
0 2
2 3
2 4
5 4
0 1
0 2
2 3
2 4
5 4
0 1
0 2
2 3
2 4
5 4
0 1
0 2
2 3
2 4
5 4
0 1
0 2
2 3
2 4
5 4
0 1
0 2
2 3
2 4
5 4
0 1
0 2
2 3
2 4
1 0
1 0
3 2
0 1
0 2
3 2
0 1
0 2
1 0
1 0
71 70
0 1
0 2
2 3
2 4
4 5
4 6
6 7
6 8
8 9
8 10
10 11
10 12
12 13
12 14
14 15
14 16
16 17
16 18
18 19
18 20
20 21
20 22
22 23
22 24
24 25
24 26
26 27
26 28
28 29
28 30
30 31
30 32
32 33
32 34
34 35
34 36
36 37
36 38
38 39
38 40
40 41
40 42
42 43
42 44
44 45
44 46
46 47
46 48
48 49
48 50
50 51
50 52
52 53
52 54
54 55
54 56
56 57
56 58
58 59
58 60
60 61
60 62
62 63
62 64
64 65
64 66
66 67
66 68
68 69
68 70
37 36
0 36
0 1
0 2
0 3
0 4
0 5
0 6
0 7
0 8
0 9
0 10
0 11
0 12
0 13
0 14
0 15
0 16
0 17
0 18
0 19
0 20
0 21
0 22
0 23
0 24
0 25
0 26
0 27
0 28
0 29
0 30
0 31
0 32
0 33
0 34
0 35
1 0
1 0
25 24
0 1
0 2
2 3
2 4
4 5
4 6
6 7
6 8
8 9
8 10
10 11
10 12
12 13
12 16
13 14
13 15
16 17
16 18
18 19
18 20
20 21
20 22
22 23
22 24
15 14
0 14
0 1
0 2
0 3
0 4
0 5
0 6
0 7
0 10
0 11
0 12
0 13
7 8
7 9
9 8
0 1
0 2
2 3
2 4
4 5
4 6
6 7
6 8
9 8
0 1
0 2
2 3
2 4
4 5
4 6
6 7
6 8
1 0
1 0
6 6
0 1
0 2
2 3
2 4
3 5
4 5
6 6
0 1
0 2
2 3
2 4
3 5
4 5
7 6
0 1
0 2
2 3
2 6
3 4
3 5
7 6
0 1
0 2
2 3
2 6
3 4
3 5
3 2
0 1
0 2
43 42
0 1
0 2
2 3
2 4
4 5
4 6
6 7
6 8
8 9
8 10
10 11
10 12
12 13
12 14
14 15
14 16
16 17
16 18
18 19
18 20
20 21
20 22
22 23
22 24
24 25
24 26
26 27
26 28
28 29
28 30
30 31
30 32
32 33
32 34
34 35
34 36
36 37
36 38
38 39
38 40
40 41
40 42
23 22
0 22
0 1
0 2
0 3
0 4
0 5
0 6
0 7
0 8
0 9
0 10
0 11
0 12
0 13
0 14
0 15
0 16
0 17
0 18
0 19
0 20
0 21
3 2
0 1
0 2
5 4
0 1
0 2
2 3
2 4
9 8
0 1
0 2
2 3
2 4
4 5
4 6
6 7
6 8
6 5
0 5
0 1
0 2
0 3
0 4
3 2
0 1
0 2
1 0
1 0
1 0
96 132
0 1
0 2
2 3
2 7
3 4
3 5
4 6
4 5
5 6
7 8
7 12
8 9
8 10
9 11
9 10
10 11
12 13
12 17
13 14
13 15
14 16
14 15
15 16
17 18
17 22
18 19
18 20
19 21
19 20
20 21
22 23
22 27
23 24
23 25
24 26
24 25
25 26
27 28
27 32
28 29
28 30
29 31
29 30
30 31
32 33
32 37
33 34
33 35
34 36
34 35
35 36
37 38
37 42
38 39
38 40
39 41
39 40
40 41
42 43
42 47
43 44
43 45
44 46
44 45
45 46
47 48
47 52
48 49
48 50
49 51
49 50
50 51
52 53
52 57
53 54
53 55
54 56
54 55
55 56
57 58
57 62
58 59
58 60
59 61
59 60
60 61
62 63
62 67
63 64
63 65
64 66
64 65
65 66
67 68
67 75
68 69
68 70
69 71
69 70
70 71
71 72
71 73
72 74
73 74
75 76
75 80
76 77
76 78
77 79
77 78
78 79
80 81
80 85
81 82
81 83
82 84
82 83
83 84
85 86
85 90
86 87
86 88
87 89
87 88
88 89
90 91
90 95
91 92
91 93
92 94
92 93
93 94
78 78
0 1
0 2
2 3
2 6
3 4
4 5
6 7
6 10
7 8
8 9
10 11
10 14
11 12
12 13
14 15
14 18
15 16
16 17
18 19
18 22
19 20
20 21
22 23
22 26
23 24
24 25
26 27
26 30
27 28
28 29
30 31
30 34
31 32
32 33
34 35
34 38
35 36
36 37
38 39
38 42
39 40
40 41
42 43
42 46
43 44
44 45
46 47
46 50
47 48
48 49
50 51
50 54
51 52
52 53
54 55
54 61
55 56
56 57
57 58
57 59
58 60
59 60
61 62
61 65
62 63
63 64
65 66
65 69
66 67
67 68
69 70
69 73
70 71
71 72
73 74
73 77
74 75
75 76
3 2
0 1
0 2
3 2
0 1
0 2
25 35
0 1
1 2
1 5
2 3
2 4
3 24
4 24
5 6
5 9
6 7
6 8
7 24
8 24
9 10
9 13
10 11
10 12
11 24
12 24
13 14
13 17
14 15
14 16
15 24
16 24
17 18
17 21
18 19
18 20
19 24
20 24
21 22
21 23
22 24
23 24
21 31
0 1
1 17
1 2
1 5
1 8
1 11
1 14
2 3
2 4
3 20
4 20
5 6
5 7
6 20
7 20
8 9
8 10
9 20
10 20
11 12
11 13
12 20
13 20
14 15
14 16
15 20
16 20
17 18
17 19
18 20
19 20
43 42
0 1
0 42
1 2
1 41
2 3
2 40
3 4
3 39
4 5
4 38
5 6
5 37
6 7
6 36
7 8
7 35
8 9
8 34
9 10
9 33
10 11
10 32
11 12
11 31
12 13
12 30
13 14
13 29
14 15
14 28
15 16
15 27
16 17
16 26
17 18
17 25
18 19
18 24
19 20
19 23
20 21
20 22
43 42
0 1
0 42
1 2
1 41
2 3
2 40
3 4
3 39
4 5
4 38
5 6
5 37
6 7
6 36
7 8
7 35
8 9
8 34
9 10
9 33
10 11
10 32
11 12
11 31
12 13
12 30
13 14
13 29
14 15
14 28
15 16
15 27
16 17
16 26
17 18
17 25
18 19
18 24
19 20
19 23
20 21
20 22
31 30
0 1
0 30
1 2
1 29
2 3
2 28
3 4
3 27
4 5
4 26
5 6
5 25
6 7
6 24
7 8
7 23
8 9
8 22
9 10
9 21
10 11
10 20
11 12
11 19
12 13
12 18
13 14
13 17
14 15
14 16
31 30
0 1
0 30
1 2
1 29
2 3
2 28
3 4
3 27
4 5
4 26
5 6
5 25
6 7
6 24
7 8
7 23
8 9
8 22
9 10
9 21
10 11
10 20
11 12
11 19
12 13
12 18
13 14
13 17
14 15
14 16
49 54
0 1
0 48
1 2
1 47
2 3
2 46
3 4
3 45
4 5
4 44
5 6
5 43
6 7
7 8
7 9
8 10
9 10
10 11
10 42
11 12
12 13
12 14
13 15
14 15
15 16
15 41
16 17
17 18
17 19
18 20
19 20
20 21
20 40
21 22
22 23
22 24
23 25
24 25
25 26
25 39
26 27
27 28
27 29
28 30
29 30
30 31
30 38
31 32
32 33
32 34
33 35
34 35
35 36
35 37
37 36
0 1
0 36
1 2
1 35
2 3
2 34
3 4
3 33
4 5
4 32
5 6
5 31
6 7
7 8
8 9
9 10
10 11
11 12
12 13
13 14
14 15
15 16
16 17
17 18
18 19
19 20
20 21
21 22
22 23
23 24
24 25
25 26
26 27
27 28
28 29
29 30
5 4
0 1
0 4
1 2
1 3
5 4
0 1
0 4
1 2
1 3
25 24
0 1
0 24
1 2
1 23
2 3
2 22
3 4
3 21
4 5
4 20
5 6
5 19
6 7
6 18
7 8
7 17
8 9
8 16
9 10
9 15
10 11
10 14
11 12
11 13
25 24
0 1
0 24
1 2
1 23
2 3
2 22
3 4
3 21
4 5
4 20
5 6
5 19
6 7
6 18
7 8
7 17
8 9
8 16
9 10
9 15
10 11
10 14
11 12
11 13
40 52
0 1
0 2
1 3
2 3
3 4
3 5
4 6
5 6
6 7
6 8
7 9
8 9
9 10
9 11
10 12
11 12
12 13
12 14
13 15
14 15
15 16
15 17
16 18
17 18
18 19
18 20
19 21
20 21
21 22
21 23
22 24
23 24
24 25
24 26
25 27
26 27
27 28
27 29
28 30
29 30
30 31
30 32
31 33
32 33
33 34
33 35
34 36
35 36
36 37
36 38
37 39
38 39
40 52
0 1
0 2
1 3
2 3
3 4
3 5
4 6
5 6
6 7
6 8
7 9
8 9
9 10
9 11
10 12
11 12
12 13
12 14
13 15
14 15
15 16
15 17
16 18
17 18
18 19
18 20
19 21
20 21
21 22
21 23
22 24
23 24
24 25
24 26
25 27
26 27
27 28
27 29
28 30
29 30
30 31
30 32
31 33
32 33
33 34
33 35
34 36
35 36
36 37
36 38
37 39
38 39
40 49
0 1
0 39
1 2
1 38
2 3
2 37
3 4
3 33
4 5
4 30
5 6
5 7
6 8
7 8
8 9
8 28
9 10
9 26
10 11
10 12
11 13
12 13
13 14
13 24
14 15
14 22
15 16
15 17
16 18
17 18
18 19
18 20
19 21
20 21
21 23
22 23
23 25
24 25
25 27
26 27
27 29
28 29
29 31
30 31
31 32
32 34
33 34
34 35
34 36
37 44
0 1
0 36
1 2
1 35
2 3
2 34
3 4
3 30
4 5
4 27
5 6
5 7
6 8
7 25
8 9
8 23
9 10
9 11
10 12
10 21
11 21
12 13
12 19
13 14
13 15
14 16
15 17
16 18
17 18
18 20
19 20
20 22
21 22
22 24
23 24
24 26
25 26
26 28
27 28
28 29
29 31
30 31
31 32
31 33
22 26
0 1
0 21
1 2
1 20
2 3
2 16
3 4
3 14
4 5
4 12
5 6
5 10
6 7
6 8
7 9
8 9
9 11
10 11
11 13
12 13
13 15
14 15
15 17
16 17
17 18
17 19
22 26
0 1
0 21
1 2
1 20
2 3
2 16
3 4
3 14
4 5
4 12
5 6
5 10
6 7
6 8
7 9
8 9
9 11
10 11
11 13
12 13
13 15
14 15
15 17
16 17
17 18
17 19
37 48
0 1
0 36
1 2
2 3
2 26
3 4
3 25
4 5
4 24
5 6
5 23
6 7
6 22
7 8
7 21
8 9
8 20
9 10
9 19
10 11
10 18
11 12
11 17
12 13
12 16
13 14
13 15
14 27
15 27
16 27
17 27
18 27
19 27
20 27
21 27
22 27
23 27
24 27
25 27
26 27
27 28
27 35
28 29
28 34
29 30
29 33
30 31
30 32
36 46
0 1
0 35
1 2
2 3
2 26
3 4
3 25
4 5
4 24
5 6
5 23
6 7
6 22
7 8
7 21
8 9
8 20
9 10
9 19
10 11
10 18
11 12
11 17
12 13
12 16
13 14
13 15
14 27
15 34
16 34
17 34
18 34
19 34
20 34
21 34
22 34
23 34
24 34
25 34
26 34
27 28
27 33
28 29
28 32
29 30
29 31
1 0
1 0
5 4
0 1
0 4
1 2
1 3
5 4
0 1
0 4
1 2
1 3
99 121
0 1
1 2
1 9
2 3
2 4
3 5
4 5
5 6
5 7
6 8
7 8
8 1
9 10
9 98
10 11
10 97
11 12
11 96
12 13
12 95
13 14
13 21
14 15
14 19
15 16
15 17
16 18
17 18
18 20
19 20
20 22
21 22
22 23
23 24
23 94
24 25
24 32
25 26
25 30
26 27
26 28
27 29
28 29
29 31
30 31
31 33
32 33
33 34
33 93
34 35
34 42
35 36
35 40
36 37
36 38
37 39
38 39
39 41
40 41
41 43
42 43
43 44
43 92
44 45
44 52
45 46
45 50
46 47
46 48
47 49
48 49
49 51
50 51
51 53
52 53
53 54
53 91
54 55
54 90
55 56
55 89
56 57
56 58
57 59
58 59
59 60
59 88
60 61
60 62
61 63
62 63
63 64
63 87
64 65
64 72
65 66
65 70
66 67
66 68
67 69
68 69
69 71
70 71
71 73
72 73
73 74
73 86
74 75
74 82
75 76
75 80
76 77
76 78
77 79
78 79
79 81
80 81
81 83
82 83
83 84
83 85
99 121
0 1
1 2
1 9
2 3
2 4
3 5
4 5
5 6
5 7
6 8
7 8
8 1
9 10
9 98
10 11
10 97
11 12
11 96
12 13
12 95
13 14
13 21
14 15
14 19
15 16
15 17
16 18
17 18
18 20
19 20
20 22
21 22
22 23
23 24
23 94
24 25
24 32
25 26
25 30
26 27
26 28
27 29
28 29
29 31
30 31
31 33
32 33
33 34
33 93
34 35
34 42
35 36
35 40
36 37
36 38
37 39
38 39
39 41
40 41
41 43
42 43
43 44
43 92
44 45
44 52
45 46
45 50
46 47
46 48
47 49
48 49
49 51
50 51
51 53
52 53
53 54
53 91
54 55
54 90
55 56
55 89
56 57
56 58
57 59
58 59
59 60
59 88
60 61
60 62
61 63
62 63
63 64
63 87
64 65
64 72
65 66
65 70
66 67
66 68
67 69
68 69
69 71
70 71
71 73
72 73
73 74
73 86
74 75
74 82
75 76
75 80
76 77
76 78
77 79
78 79
79 81
80 81
81 83
82 83
83 84
83 85
5 4
0 1
0 2
2 3
2 4
5 4
0 1
0 2
2 3
2 4
3 2
0 1
0 2
3 2
0 1
0 2
5 6
0 1
0 4
1 2
1 4
2 3
2 4
5 6
0 1
0 4
1 2
1 4
2 3
2 4
7 6
0 1
0 2
2 3
2 4
4 5
4 6
7 6
0 1
0 2
2 3
2 4
4 5
4 6
3 2
0 1
0 2
3 2
0 1
0 2
9 8
0 1
0 8
1 2
1 7
2 3
2 6
3 4
3 5
9 8
0 1
0 8
1 2
1 7
2 3
2 6
3 4
3 5
11 10
0 1
0 10
1 2
1 9
2 3
2 8
3 4
3 7
4 5
4 6
11 10
0 1
0 10
1 2
1 9
2 3
2 8
3 4
3 7
4 5
4 6
5 4
0 1
0 2
2 3
2 4
5 4
0 1
0 2
2 3
2 4
7 6
0 1
0 2
2 3
2 6
3 4
3 5
7 6
0 1
0 2
2 3
2 6
3 4
3 5
1 0
7 6
0 1
0 2
2 3
2 6
3 4
3 5
7 6
0 1
0 2
2 3
2 6
3 4
3 5
1 0
1 0
1 0
25 24
0 1
0 24
1 2
1 23
2 3
2 22
3 4
3 21
4 5
4 20
5 6
5 19
6 7
6 18
7 8
7 17
8 9
8 16
9 10
9 15
10 11
10 14
11 12
11 13
25 24
0 1
0 24
1 2
1 23
2 3
2 22
3 4
3 21
4 5
4 20
5 6
5 19
6 7
6 18
7 8
7 17
8 9
8 16
9 10
9 15
10 11
10 14
11 12
11 13
18 20
0 1
0 2
1 6
2 3
2 4
3 5
4 5
5 6
6 7
6 8
8 9
8 17
9 10
9 16
10 11
10 12
11 13
12 13
13 14
13 15
17 18
0 1
0 2
1 6
2 3
2 4
3 5
4 5
5 6
6 7
6 8
8 9
8 16
9 10
9 15
10 11
10 12
11 13
12 14
18 20
0 1
0 2
1 6
2 3
2 4
3 5
4 5
5 6
6 7
6 8
8 9
8 17
9 10
9 16
10 11
10 12
11 13
12 13
13 14
13 15
17 18
0 1
0 2
1 6
2 3
2 4
3 5
4 5
5 6
6 7
6 8
8 9
8 16
9 10
9 15
10 11
10 12
11 13
12 14
60 75
0 1
0 59
1 2
1 12
2 3
2 10
3 4
3 8
4 5
4 6
5 7
6 7
7 9
8 9
9 11
10 11
11 13
12 13
13 14
13 58
14 15
14 25
15 16
15 23
16 17
16 21
17 18
17 19
18 20
19 20
20 22
21 22
22 24
23 24
24 26
25 26
26 27
26 57
27 28
27 38
28 29
28 36
29 30
29 34
30 31
30 32
31 33
32 33
33 35
34 35
35 37
36 37
37 39
38 39
39 40
39 56
40 41
40 51
41 42
41 49
42 43
42 47
43 44
43 45
44 46
45 46
46 48
47 48
48 50
49 50
50 52
51 52
52 53
53 54
53 55
60 75
0 1
0 59
1 2
1 12
2 3
2 10
3 4
3 8
4 5
4 6
5 7
6 7
7 9
8 9
9 11
10 11
11 13
12 13
13 14
13 58
14 15
14 25
15 16
15 23
16 17
16 21
17 18
17 19
18 20
19 20
20 22
21 22
22 24
23 24
24 26
25 26
26 27
26 57
27 28
27 38
28 29
28 36
29 30
29 34
30 31
30 32
31 33
32 33
33 35
34 35
35 37
36 37
37 39
38 39
39 40
39 56
40 41
40 51
41 42
41 49
42 43
42 47
43 44
43 45
44 46
45 46
46 48
47 48
48 50
49 50
50 52
51 52
52 53
53 54
53 55
16 18
0 1
0 2
1 6
2 3
2 4
3 5
4 5
5 6
6 7
6 8
8 9
8 15
9 10
9 11
10 12
11 12
12 13
12 14
15 16
0 1
0 2
1 6
2 3
2 4
3 5
4 5
5 6
6 7
6 8
8 9
8 14
9 10
9 11
10 12
11 13
16 18
0 1
0 2
1 6
2 3
2 4
3 5
4 5
5 6
6 7
6 8
8 9
8 15
9 10
9 11
10 12
11 12
12 13
12 14
15 16
0 1
0 2
1 6
2 3
2 4
3 5
4 5
5 6
6 7
6 8
8 9
8 14
9 10
9 11
10 12
11 13
31 38
0 1
0 30
1 2
1 12
2 3
2 10
3 4
3 8
4 5
4 6
5 7
6 7
7 9
8 9
9 11
10 11
11 13
12 13
13 14
13 29
14 15
14 25
15 16
15 23
16 17
16 21
17 18
17 19
18 20
19 20
20 22
21 22
22 24
23 24
24 26
25 26
26 27
26 28
31 38
0 1
0 30
1 2
1 12
2 3
2 10
3 4
3 8
4 5
4 6
5 7
6 7
7 9
8 9
9 11
10 11
11 13
12 13
13 14
13 29
14 15
14 25
15 16
15 23
16 17
16 21
17 18
17 19
18 20
19 20
20 22
21 22
22 24
23 24
24 26
25 26
26 27
26 28
11 12
0 1
0 2
1 6
2 3
2 4
3 5
4 5
5 6
6 7
6 8
8 9
8 10
11 12
0 1
0 2
1 6
2 3
2 4
3 5
4 5
5 6
6 7
6 8
8 9
8 10
36 44
0 1
0 14
1 2
1 12
2 3
2 10
3 4
3 8
4 5
4 6
5 7
6 7
7 9
8 9
9 11
10 11
11 13
12 13
13 15
14 15
15 16
15 35
16 17
16 27
17 18
17 25
18 19
18 23
19 20
19 21
20 22
21 22
22 24
23 24
24 26
25 26
26 28
27 28
28 29
28 34
29 30
29 33
30 31
30 32
35 42
0 1
1 2
1 12
2 3
2 10
3 4
3 8
4 5
4 6
5 7
6 7
7 9
8 9
9 11
10 11
11 13
12 13
13 14
14 15
14 34
15 16
15 26
16 17
16 24
17 18
17 22
18 19
18 20
19 21
20 21
21 23
22 23
23 25
24 25
25 27
26 27
27 28
27 33
28 29
28 32
29 30
29 31
103 132
0 1
0 5
1 2
1 3
2 4
3 4
4 6
5 6
6 7
6 102
7 8
7 12
8 9
8 10
9 11
10 11
11 13
12 13
13 14
13 101
14 15
14 16
15 17
16 17
17 18
17 100
18 19
18 20
19 21
20 21
21 22
21 99
22 23
22 24
23 25
24 25
25 26
25 98
26 27
26 52
27 28
27 50
28 29
28 30
29 31
30 31
31 32
31 48
32 33
32 43
33 34
33 41
34 35
34 39
35 36
35 37
36 38
37 38
38 40
39 40
40 42
41 42
42 44
43 44
44 45
44 46
45 47
46 47
47 49
48 49
49 51
50 51
51 53
52 53
53 54
53 97
54 55
54 72
55 56
55 72
56 57
56 70
57 58
57 68
58 59
58 66
59 60
59 61
60 62
61 62
62 63
62 64
63 65
64 65
65 67
66 67
67 69
68 69
69 71
70 71
71 73
72 73
73 74
73 96
74 75
74 92
75 76
75 92
76 77
76 90
77 78
77 88
78 79
78 86
79 80
79 81
80 82
81 82
82 83
82 84
83 85
84 85
85 87
86 87
87 89
88 89
89 91
90 91
91 93
92 93
93 94
93 95
97 121
0 1
0 5
1 2
1 3
2 4
3 4
4 6
5 6
6 7
6 96
7 8
7 12
8 9
8 10
9 11
10 11
11 13
12 13
13 14
13 95
14 15
14 16
15 17
16 94
17 18
17 19
18 20
19 93
20 21
20 22
21 23
21 92
22 92
23 24
23 48
24 25
24 46
25 26
25 27
26 28
27 44
28 29
28 39
29 30
29 37
30 31
30 35
31 32
31 33
32 34
33 34
34 36
35 36
36 38
37 38
38 40
39 40
40 41
40 42
41 43
42 43
43 45
44 45
45 47
46 47
47 49
48 49
49 50
49 91
50 51
50 67
51 52
51 67
52 53
52 65
53 54
53 63
54 55
54 61
55 56
55 57
56 58
57 59
58 60
59 60
60 62
61 62
62 64
63 64
64 66
65 66
66 68
67 68
68 69
68 90
69 70
69 86
70 71
70 86
71 72
71 84
72 73
72 82
73 74
73 80
74 75
74 76
75 77
76 78
77 79
78 79
79 81
80 81
81 83
82 83
83 85
84 85
85 87
86 87
87 88
87 89
16 18
0 1
0 2
1 6
2 3
2 4
3 5
4 5
5 6
6 7
6 8
8 9
8 15
9 10
9 11
10 12
11 12
12 13
12 14
15 17
0 1
0 2
1 6
2 3
2 4
3 5
4 5
5 6
6 7
6 8
8 9
8 14
9 10
9 11
10 12
10 13
11 13
45 56
0 1
0 44
1 2
1 12
2 3
2 10
3 4
3 8
4 5
4 6
5 7
6 7
7 9
8 9
9 11
10 11
11 13
12 13
13 14
13 43
14 15
14 25
15 16
15 23
16 17
16 21
17 18
17 19
18 20
19 20
20 22
21 22
22 24
23 24
24 26
25 26
26 27
26 42
27 28
27 38
28 29
28 36
29 30
29 34
30 31
30 32
31 33
32 33
33 35
34 35
35 37
36 37
37 39
38 39
39 40
39 41
45 56
0 1
0 44
1 2
1 12
2 3
2 10
3 4
3 8
4 5
4 6
5 7
6 7
7 9
8 9
9 11
10 11
11 13
12 13
13 14
13 43
14 15
14 25
15 16
15 23
16 17
16 21
17 18
17 19
18 20
19 20
20 22
21 22
22 24
23 24
24 26
25 26
26 27
26 42
27 28
27 38
28 29
28 36
29 30
29 34
30 31
30 32
31 33
32 33
33 35
34 35
35 37
36 37
37 39
38 39
39 40
39 41
13 14
0 1
0 2
1 6
2 3
2 4
3 5
4 5
5 6
6 7
6 8
8 9
8 12
9 10
9 11
13 14
0 1
0 2
1 6
2 3
2 4
3 5
4 5
5 6
6 7
6 8
8 9
8 12
9 10
9 11
47 58
0 1
0 46
1 2
1 45
2 3
2 13
3 4
3 11
4 5
4 9
5 6
5 7
6 8
7 8
8 10
9 10
10 12
11 12
12 14
13 14
14 15
14 44
15 16
15 26
16 17
16 24
17 18
17 22
18 19
18 20
19 21
20 21
21 23
22 23
23 25
24 25
25 27
26 27
27 28
27 43
28 29
28 39
29 30
29 37
30 31
30 35
31 32
31 33
32 34
33 34
34 36
35 36
36 38
37 38
38 40
39 40
40 41
40 42
47 58
0 1
0 46
1 2
1 45
2 3
2 13
3 4
3 11
4 5
4 9
5 6
5 7
6 8
7 8
8 10
9 10
10 12
11 12
12 14
13 14
14 15
14 44
15 16
15 26
16 17
16 24
17 18
17 22
18 19
18 20
19 21
20 21
21 23
22 23
23 25
24 25
25 27
26 27
27 28
27 43
28 29
28 39
29 30
29 37
30 31
30 35
31 32
31 33
32 34
33 34
34 36
35 36
36 38
37 38
38 40
39 40
40 41
40 42
26 28
0 1
0 25
1 2
1 24
2 3
2 4
3 5
4 5
5 6
5 23
6 7
6 22
7 8
7 21
8 9
8 20
9 10
9 19
10 11
11 12
11 13
12 16
13 14
13 15
14 16
15 16
16 17
16 18
25 26
0 1
0 24
1 2
1 23
2 3
2 4
3 5
4 22
5 6
5 21
6 7
6 20
7 8
7 19
8 9
8 18
9 10
10 11
10 12
11 15
12 13
12 14
13 15
14 15
15 16
15 17
52 51
0 1
0 2
1 3
3 4
3 5
4 6
6 7
6 8
7 9
9 10
9 11
10 12
12 13
12 14
13 15
15 16
15 17
16 18
18 19
18 20
19 21
21 22
21 23
22 24
24 25
24 26
25 27
27 28
27 29
28 30
30 31
30 32
31 33
33 34
33 35
34 36
36 37
36 38
37 39
39 40
39 41
40 42
42 43
42 44
43 45
45 46
45 47
46 48
48 49
48 50
49 51
52 51
0 1
0 2
1 3
3 4
3 5
4 6
6 7
6 8
7 9
9 10
9 11
10 12
12 13
12 14
13 15
15 16
15 17
16 18
18 19
18 20
19 21
21 22
21 23
22 24
24 25
24 26
25 27
27 28
27 29
28 30
30 31
30 32
31 33
33 34
33 35
34 36
36 37
36 38
37 39
39 40
39 41
40 42
42 43
42 44
43 45
45 46
45 47
46 48
48 49
48 50
49 51
3 2
0 1
0 2
3 2
0 1
0 2
5 4
0 1
0 2
2 3
2 4
5 4
0 1
0 2
2 3
2 4
17 22
0 1
0 5
1 2
1 3
2 4
2 3
3 4
5 6
5 7
7 8
7 9
8 10
9 10
10 11
10 12
11 13
11 12
12 13
13 14
14 15
14 16
15 14
20 28
0 1
0 4
1 2
2 3
4 5
4 6
6 7
6 8
7 9
8 9
9 10
9 11
10 12
10 11
11 12
12 13
12 19
13 14
14 15
14 18
15 16
15 18
16 17
16 18
17 17
17 19
18 18
18 19
4 5
0 1
0 2
1 3
1 2
2 3
3 2
0 1
1 2
1 0
1 0
1 0
1 0
1 0
1 0
3 2
0 1
0 2
3 2
0 1
0 2
1 0
1 0
1 0
1 0
1 0
1 0
1 0
4 5
0 1
0 2
1 3
1 2
2 3
3 2
0 1
1 2
1 0
1 0
1 0
9 10
0 1
0 5
1 2
1 3
2 4
3 4
4 6
5 6
6 7
6 8
9 10
0 1
0 5
1 2
1 3
2 4
3 4
4 6
5 6
6 7
6 8
1 0
1 0
3 3
0 1
0 2
2 0
3 3
0 1
0 2
2 0
4 5
0 1
0 2
1 3
1 2
2 3
4 5
0 1
0 2
1 3
1 2
2 3
10 12
0 1
1 2
1 6
2 3
2 4
3 5
4 5
5 7
6 7
7 8
7 9
8 1
10 12
0 1
1 2
1 6
2 3
2 4
3 5
4 5
5 7
6 7
7 8
7 9
8 1
8 9
0 1
0 2
2 3
2 4
4 5
4 6
5 7
5 6
6 7
8 9
0 1
0 2
2 3
2 4
4 5
4 6
5 7
5 6
6 7
3 2
0 1
0 2
3 2
0 1
0 2
16 20
0 1
0 2
1 3
2 3
3 4
4 5
4 9
5 6
5 7
6 8
7 8
8 10
9 10
10 11
10 15
11 12
11 13
12 14
13 14
14 4
16 20
0 1
0 2
1 3
2 3
3 4
4 5
4 9
5 6
5 7
6 8
7 8
8 10
9 10
10 11
10 15
11 12
11 13
12 14
13 14
14 4
5 4
0 1
0 2
2 3
2 4
5 4
0 1
0 2
2 3
2 4
7 6
0 1
0 2
2 3
2 4
4 5
4 6
7 6
0 1
0 2
2 3
2 4
4 5
4 6
40 51
0 1
0 2
2 3
2 4
4 5
5 6
5 10
6 7
6 8
7 9
8 9
9 11
10 11
11 12
11 16
12 13
12 14
13 15
14 15
15 5
16 17
16 39
17 18
17 19
18 20
19 20
20 21
20 22
21 23
22 23
23 24
23 25
24 26
24 25
25 26
26 27
27 28
27 29
28 27
29 30
29 34
30 31
31 32
31 33
32 31
33 38
34 35
35 36
35 37
36 35
37 38
40 52
0 1
0 2
2 3
2 4
4 5
5 6
5 10
6 7
6 8
7 9
8 9
9 11
10 11
11 12
11 16
12 13
12 14
13 15
14 15
15 5
16 17
16 39
17 18
17 19
18 20
19 20
20 21
20 22
21 23
22 23
23 24
23 25
24 26
24 25
25 26
26 27
26 29
27 28
28 28
28 29
29 30
29 34
30 31
31 32
31 33
32 31
33 38
34 35
35 36
35 37
36 35
37 38
24 31
0 1
1 2
1 6
2 3
2 4
3 5
4 5
5 7
6 7
7 8
7 12
8 9
8 10
9 11
10 11
11 1
12 13
12 23
13 14
13 15
14 16
14 15
15 16
16 17
17 18
17 22
18 19
18 20
19 21
20 21
21 17
30 42
0 1
1 2
1 6
2 3
2 4
3 5
4 5
5 7
6 7
7 8
7 12
8 9
8 10
9 11
10 11
11 1
12 13
12 29
13 14
13 15
14 16
14 15
15 16
16 17
16 28
17 18
18 19
18 24
19 20
19 24
20 21
20 22
21 23
22 23
23 20
23 28
24 25
24 26
25 27
26 27
27 24
27 28
13 16
0 1
1 2
1 6
2 3
2 4
3 5
4 5
5 7
6 7
7 8
7 12
8 9
8 10
9 11
10 11
11 1
13 16
0 1
1 2
1 6
2 3
2 4
3 5
4 5
5 7
6 7
7 8
7 12
8 9
8 10
9 11
10 11
11 1
6 6
0 1
0 2
2 3
2 4
3 5
4 5
6 6
0 1
0 2
2 3
2 4
3 5
4 5
3 4
0 1
0 2
1 1
1 2
4 5
0 1
0 3
1 2
2 2
2 3
6 7
0 1
0 2
2 3
2 4
3 5
4 5
5 0
6 7
0 1
0 2
2 3
2 4
3 5
4 5
5 0
3 4
0 1
0 2
1 1
1 2
4 5
0 1
0 3
1 2
2 2
2 3
3 2
0 1
0 2
3 2
0 1
0 2
7 9
0 1
0 2
1 3
2 3
3 4
3 5
4 6
4 5
5 6
7 9
0 1
0 2
1 3
2 3
3 4
3 5
4 6
4 5
5 6
1 0
1 0
1 0
1 0
1 0
1 0
1 0
1 0
1 0
1 0
1 0
1 0
1 0
1 0
103 136
0 1
0 5
1 2
1 3
2 4
3 4
4 6
5 6
6 7
6 11
7 8
7 9
8 10
9 10
10 12
11 12
12 13
12 17
13 14
13 15
14 16
15 16
16 18
17 18
18 19
18 23
19 20
19 21
20 22
21 22
22 24
23 24
24 25
24 29
25 26
25 27
26 28
27 28
28 30
29 30
30 31
30 35
31 32
31 33
32 34
33 34
34 36
35 36
36 37
36 41
37 38
37 39
38 40
39 40
40 42
41 42
42 43
42 47
43 44
43 45
44 46
45 46
46 48
47 48
48 49
48 53
49 50
49 51
50 52
51 52
52 54
53 54
54 55
54 59
55 56
55 57
56 58
57 58
58 60
59 60
60 61
60 65
61 62
61 63
62 64
63 64
64 66
65 66
66 67
66 71
67 68
67 69
68 70
69 70
70 72
71 72
72 73
72 77
73 74
73 75
74 76
75 76
76 78
77 78
78 79
78 83
79 80
79 81
80 82
81 82
82 84
83 84
84 85
84 89
85 86
85 87
86 88
87 88
88 90
89 90
90 91
90 95
91 92
91 93
92 94
93 94
94 96
95 96
96 97
96 101
97 98
97 99
98 100
99 100
100 102
101 102
102 134
0 1
1 2
1 3
2 4
3 4
4 5
5 6
5 10
6 7
6 8
7 9
8 9
9 11
10 11
11 12
11 16
12 13
12 14
13 15
14 15
15 17
16 17
17 18
17 22
18 19
18 20
19 21
20 21
21 23
22 23
23 24
23 28
24 25
24 26
25 27
26 27
27 29
28 29
29 30
29 34
30 31
30 32
31 33
32 33
33 35
34 35
35 36
35 40
36 37
36 38
37 39
38 39
39 41
40 41
41 42
41 46
42 43
42 44
43 45
44 45
45 47
46 47
47 48
47 52
48 49
48 50
49 51
50 51
51 53
52 53
53 54
53 58
54 55
54 56
55 57
56 57
57 59
58 59
59 60
59 64
60 61
60 62
61 63
62 63
63 65
64 65
65 66
65 70
66 67
66 68
67 69
68 69
69 71
70 71
71 72
71 76
72 73
72 74
73 75
74 75
75 77
76 77
77 78
77 82
78 79
78 80
79 81
80 81
81 83
82 83
83 84
83 88
84 85
84 86
85 87
86 87
87 89
88 89
89 90
89 94
90 91
90 92
91 93
92 93
93 95
94 95
95 96
95 100
96 97
96 98
97 99
98 99
99 101
100 101
5 4
0 1
0 2
2 3
2 4
5 4
0 1
0 2
2 3
2 4
3 2
0 1
0 2
3 2
0 1
0 2
3 2
0 1
0 2
3 2
0 1
0 2
3 2
0 1
0 2
1 0
1 0
1 0
5 4
0 1
0 2
2 3
2 4
3 2
0 1
0 2
3 2
0 1
0 2
7 6
0 1
0 2
2 3
2 4
4 5
4 6
7 6
0 1
0 2
2 3
2 4
4 5
4 6
3 2
0 1
0 2
3 2
0 1
0 2
5 4
0 1
0 2
2 3
2 4
5 4
0 1
0 2
2 3
2 4
3 2
0 1
0 2
3 2
0 1
0 2
5 4
0 1
0 2
2 3
2 4
5 4
0 1
0 2
2 3
2 4
5 4
0 1
0 2
2 3
2 4
101 100
0 1
0 2
2 3
2 4
4 5
4 6
6 7
6 8
8 9
8 10
10 11
10 12
12 13
12 14
14 15
14 16
16 17
16 18
18 19
18 20
20 21
20 22
22 23
22 24
24 25
24 26
26 27
26 28
28 29
28 30
30 31
30 32
32 33
32 34
34 35
34 36
36 37
36 38
38 39
38 40
40 41
40 42
42 43
42 44
44 45
44 46
46 47
46 48
48 49
48 50
50 51
50 52
52 53
52 54
54 55
54 56
56 57
56 58
58 59
58 60
60 61
60 62
62 63
62 64
64 65
64 66
66 67
66 68
68 69
68 70
70 71
70 72
72 73
72 74
74 75
74 76
76 77
76 78
78 79
78 80
80 81
80 82
82 83
82 84
84 85
84 86
86 87
86 88
88 89
88 90
90 91
90 92
92 93
92 94
94 95
94 96
96 97
96 98
98 99
98 100
52 51
0 51
0 1
0 2
0 3
0 4
0 5
0 6
0 7
0 8
0 9
0 10
0 11
0 12
0 13
0 14
0 15
0 16
0 17
0 18
0 19
0 20
0 21
0 22
0 23
0 24
0 25
0 26
0 27
0 28
0 29
0 30
0 31
0 32
0 33
0 34
0 35
0 36
0 37
0 38
0 39
0 40
0 41
0 42
0 43
0 49
0 44
0 45
0 46
0 47
0 48
0 50
75 74
0 1
0 2
2 3
2 4
4 5
4 6
6 7
6 8
8 9
8 10
10 11
10 12
12 13
12 14
14 15
14 16
16 17
16 18
18 19
18 20
20 21
20 22
22 23
22 24
24 25
24 26
26 27
26 28
28 29
28 30
30 31
30 32
32 33
32 34
34 35
34 36
36 37
36 38
38 39
38 40
40 41
40 42
42 43
42 44
44 45
44 46
46 47
46 48
48 49
48 50
50 51
50 52
52 53
52 54
54 55
54 56
56 57
56 58
58 59
58 60
60 61
60 62
62 63
62 64
64 65
64 66
66 67
66 68
68 69
68 70
70 71
70 72
72 73
72 74
75 74
0 1
0 2
2 3
2 4
4 5
4 6
6 7
6 8
8 9
8 10
10 11
10 12
12 13
12 14
14 15
14 16
16 17
16 18
18 19
18 20
20 21
20 22
22 23
22 24
24 25
24 26
26 27
26 28
28 29
28 30
30 31
30 32
32 33
32 34
34 35
34 36
36 37
36 38
38 39
38 40
40 41
40 42
42 43
42 44
44 45
44 46
46 47
46 48
48 49
48 50
50 51
50 52
52 53
52 54
54 55
54 56
56 57
56 58
58 59
58 60
60 61
60 62
62 63
62 64
64 65
64 66
66 67
66 68
68 69
68 70
70 71
70 72
72 73
72 74
3 2
0 1
0 2
3 2
0 1
0 2
1 0
1 0
3 2
0 1
0 2
3 2
0 1
0 2
1 0
1 0
3 2
0 1
0 2
3 2
0 1
0 2
9 8
0 1
0 2
2 3
2 4
4 5
4 6
6 7
6 8
9 8
0 1
0 2
2 3
2 4
4 5
4 6
6 7
6 8
1 0
1 0
1 0
1 0
3 2
0 1
0 2
3 2
0 1
0 2
8 11
0 1
0 2
2 3
2 4
3 5
3 4
4 5
5 6
5 7
6 6
6 7
13 20
0 1
0 2
2 3
2 4
3 5
3 4
4 5
5 6
5 12
6 7
7 8
7 11
8 9
8 11
9 10
9 11
10 10
10 12
11 11
11 12
5 4
0 1
0 2
2 3
2 4
5 4
0 1
0 2
2 3
2 4
4 5
0 1
0 2
1 3
1 2
2 3
4 5
0 1
0 2
1 3
1 2
2 3
6 7
0 1
0 2
2 3
3 4
3 5
4 3
5 0
6 7
0 1
0 2
2 3
3 4
3 5
4 3
5 0
6 8
0 1
0 2
2 3
2 4
3 5
3 4
4 5
5 0
6 8
0 1
0 2
2 3
2 4
3 5
3 4
4 5
5 0
6 7
0 1
0 2
2 3
3 4
3 5
4 3
5 0
6 7
0 1
0 2
2 3
3 4
3 5
4 3
5 0
15 24
0 1
0 2
1 3
1 2
2 3
3 4
3 5
4 6
4 5
5 6
6 7
6 11
7 8
7 9
8 10
8 9
9 10
10 7
10 11
11 12
11 13
12 14
12 13
13 14
15 22
0 1
0 2
1 3
1 2
2 3
3 4
3 5
4 6
4 5
5 6
6 7
6 11
7 8
8 9
9 10
10 8
10 11
11 12
11 13
12 14
12 13
13 14
3 2
0 1
0 2
3 2
0 1
0 2
1 0
1 0
1 0
1 0
5 4
0 1
0 4
1 2
1 3
5 4
0 1
0 4
1 2
1 3
3 3
0 1
0 2
2 0
3 3
0 1
0 2
2 0
13 16
0 1
1 2
1 6
2 3
2 4
3 5
4 5
5 7
6 7
7 8
7 12
8 9
8 10
9 11
10 11
11 1
13 16
0 1
1 2
1 6
2 3
2 4
3 5
4 5
5 7
6 7
7 8
7 12
8 9
8 10
9 11
10 11
11 1
4 4
0 1
1 2
1 3
2 1
4 4
0 1
1 2
1 3
2 1
1 0
3 2
0 1
0 2
3 2
0 1
0 2
9 14
0 1
0 2
1 3
1 2
2 3
3 4
3 8
4 5
4 6
5 7
5 6
6 7
7 4
7 8
9 12
0 1
0 2
1 3
1 2
2 3
3 4
3 8
4 5
5 6
6 7
7 5
7 8
1 0
1 0
1 0
1 0
3 2
0 1
0 2
3 2
0 1
0 2
3 2
0 1
0 2
1 0
1 0
20 24
0 1
0 2
2 3
2 4
4 5
4 18
5 6
5 16
6 7
6 11
7 8
7 9
8 10
9 10
10 12
11 12
12 13
12 14
13 15
14 15
15 17
16 17
17 19
18 19
19 22
0 1
0 2
2 3
2 4
4 5
4 17
5 6
5 15
6 7
7 8
7 9
8 10
9 10
10 11
11 12
11 13
12 14
13 14
14 16
15 16
16 18
17 18
9 12
0 1
0 8
1 2
1 6
2 3
2 4
3 5
4 5
5 7
6 7
7 1
7 8
10 13
0 1
0 9
1 2
2 3
2 7
3 4
3 5
4 6
5 6
6 8
7 8
8 2
8 9
10 12
0 1
0 5
1 2
1 3
2 4
3 4
4 6
5 6
6 7
6 8
7 9
8 9
10 12
0 1
0 5
1 2
1 3
2 4
3 4
4 6
5 6
6 7
6 8
7 9
8 9
13 17
0 1
0 2
1 3
1 2
2 3
3 4
4 5
4 12
5 6
5 7
6 11
7 8
7 9
8 10
9 10
10 11
11 4
13 18
0 1
0 2
1 3
1 2
2 3
3 4
3 12
4 5
5 6
5 7
6 11
7 8
7 9
8 10
9 10
10 11
11 5
11 12
1 0
3 2
0 1
0 2
3 2
0 1
0 2
9 14
0 1
0 2
1 3
1 2
2 3
3 4
3 8
4 5
4 6
5 7
5 6
6 7
7 4
7 8
9 12
0 1
0 2
1 3
1 2
2 3
3 4
3 8
4 5
5 6
6 7
7 5
7 8
3 4
0 1
0 2
1 1
1 2
4 5
0 1
0 3
1 2
2 2
2 3
11 18
0 1
0 2
1 3
1 2
2 3
3 4
3 8
4 5
4 6
5 7
5 6
6 7
7 4
7 8
8 9
8 10
9 9
9 10
12 17
0 1
0 2
1 3
1 2
2 3
3 4
3 8
4 5
5 6
6 7
7 5
7 8
8 9
8 11
9 10
10 10
10 11
1 0
1 0
1 0
1 0
3 2
0 1
0 2
3 2
0 1
0 2
1 0
1 0
1 0
1 0
1 0
1 0
1 0
1 0
1 0
1 0
1 0
9 10
0 1
0 2
1 6
2 3
2 4
3 5
4 5
5 6
6 7
6 8
9 10
0 1
0 2
1 6
2 3
2 4
3 5
4 5
5 6
6 7
6 8
3 2
0 1
0 2
3 2
0 1
0 2
1 0
1 0
1 0
1 0
1 0
1 0
1 0
5 4
0 1
0 4
1 2
1 3
5 4
0 1
0 4
1 2
1 3
5 4
0 1
0 4
1 2
1 3
5 4
0 1
0 4
1 2
1 3
5 4
0 1
0 4
1 2
1 3
5 4
0 1
0 4
1 2
1 3
17 16
0 1
0 16
1 2
1 15
2 3
2 14
3 4
3 13
4 5
4 12
5 6
5 11
6 7
6 10
7 8
7 9
17 16
0 1
0 16
1 2
1 15
2 3
2 14
3 4
3 13
4 5
4 12
5 6
5 11
6 7
6 10
7 8
7 9
11 10
0 1
0 10
1 2
1 9
2 3
2 8
3 4
3 7
4 5
4 6
11 10
0 1
0 10
1 2
1 9
2 3
2 8
3 4
3 7
4 5
4 6
16 16
0 1
0 15
1 2
1 14
2 3
2 13
3 4
3 12
4 5
4 11
5 6
5 7
6 8
7 8
8 9
8 10
16 16
0 1
0 15
1 2
1 14
2 3
2 13
3 4
3 12
4 5
4 11
5 6
5 7
6 8
7 8
8 9
8 10
23 22
0 1
0 22
1 2
1 21
2 3
2 20
3 4
3 19
4 5
4 18
5 6
5 17
6 7
6 16
7 8
7 15
8 9
8 14
9 10
9 13
10 11
10 12
23 22
0 1
0 22
1 2
1 21
2 3
2 20
3 4
3 19
4 5
4 18
5 6
5 17
6 7
6 16
7 8
7 15
8 9
8 14
9 10
9 13
10 11
10 12
13 12
0 1
0 12
1 2
1 11
2 3
2 10
3 4
3 9
4 5
4 8
5 6
5 7
13 12
0 1
0 12
1 2
1 11
2 3
2 10
3 4
3 9
4 5
4 8
5 6
5 7
30 38
0 1
0 26
1 2
1 24
2 3
2 22
3 4
3 20
4 5
4 18
5 6
5 16
6 7
6 14
7 8
7 12
8 9
8 10
9 11
10 11
11 13
12 13
13 15
14 15
15 17
16 17
17 19
18 19
19 21
20 21
21 23
22 23
23 25
24 25
25 27
26 27
27 28
27 29
30 38
0 1
0 26
1 2
1 24
2 3
2 22
3 4
3 20
4 5
4 18
5 6
5 16
6 7
6 14
7 8
7 12
8 9
8 10
9 11
10 11
11 13
12 13
13 15
14 15
15 17
16 17
17 19
18 19
19 21
20 21
21 23
22 23
23 25
24 25
25 27
26 27
27 28
27 29
3 2
0 1
0 2
23 38
0 1
0 2
1 3
1 2
2 3
3 4
3 20
4 5
4 6
5 7
5 6
6 7
7 8
7 9
8 10
8 9
9 10
10 11
10 12
11 13
11 12
12 13
13 14
13 15
14 16
14 15
15 16
16 17
16 18
17 19
17 18
18 19
19 4
19 20
20 21
20 22
21 21
21 22
20 25
0 1
0 2
1 3
1 2
2 3
3 4
3 16
4 5
5 6
6 7
7 8
8 9
9 10
10 11
11 12
12 13
13 14
14 15
15 5
15 16
16 17
16 19
17 18
18 18
18 19
23 38
0 1
0 2
1 3
1 2
2 3
3 4
3 20
4 5
4 6
5 7
5 6
6 7
7 8
7 9
8 10
8 9
9 10
10 11
10 12
11 13
11 12
12 13
13 14
13 15
14 16
14 15
15 16
16 17
16 18
17 19
17 18
18 19
19 4
19 20
20 21
20 22
21 21
21 22
20 25
0 1
0 2
1 3
1 2
2 3
3 4
3 16
4 5
5 6
6 7
7 8
8 9
9 10
10 11
11 12
12 13
13 14
14 15
15 5
15 16
16 17
16 19
17 18
18 18
18 19
4 5
0 1
0 3
1 2
2 1
2 3
5 6
0 1
0 4
1 2
2 3
3 2
3 4
8 10
0 1
0 2
2 3
3 4
3 5
4 6
4 5
5 6
6 7
7 0
8 10
0 1
0 2
2 3
3 4
3 5
4 6
4 5
5 6
6 7
7 0
17 23
0 1
0 2
1 3
1 2
2 3
3 4
4 5
4 9
5 6
5 7
6 8
6 7
7 8
8 4
9 10
10 11
10 16
11 12
12 13
12 14
13 15
14 15
15 10
16 21
0 1
0 2
1 3
1 2
2 3
3 4
3 8
4 5
5 6
6 7
7 5
7 8
8 9
9 10
9 15
10 11
11 12
11 13
12 14
13 14
14 9
1 0
1 0
3 4
0 1
0 2
1 1
1 2
4 5
0 1
0 3
1 2
2 2
2 3
13 17
0 1
0 2
1 3
1 2
2 3
3 4
4 5
4 12
5 6
5 7
6 11
7 8
7 9
8 10
9 10
10 11
11 4
13 18
0 1
0 2
1 3
1 2
2 3
3 4
3 12
4 5
5 6
5 7
6 11
7 8
7 9
8 10
9 10
10 11
11 5
11 12
1 0
1 0
1 0
5 4
0 1
0 4
1 2
1 3
5 4
0 1
0 4
1 2
1 3
5 4
0 1
0 2
2 3
2 4
5 4
0 1
0 2
2 3
2 4
17 20
0 1
0 2
2 3
2 13
3 4
4 5
4 6
5 9
6 7
6 8
7 9
8 9
9 10
9 11
10 12
11 12
12 14
13 14
14 15
14 16
16 18
0 1
0 2
2 3
2 12
3 4
4 5
4 6
5 9
6 7
6 8
7 9
8 10
9 11
10 11
11 13
12 13
13 14
13 15
5 4
0 1
0 2
2 3
2 4
5 4
0 1
0 2
2 3
2 4
5 4
0 1
0 2
2 3
2 4
5 4
0 1
0 2
2 3
2 4
5 4
0 1
0 2
2 3
2 4
5 4
0 1
0 2
2 3
2 4
7 6
0 1
0 2
2 3
2 4
4 5
4 6
7 6
0 1
0 2
2 3
2 4
4 5
4 6
1 0
1 0
30 34
0 1
0 2
1 3
2 3
3 4
3 29
4 5
4 6
5 7
6 7
7 8
7 28
8 9
8 10
9 11
10 11
11 12
11 27
12 13
12 14
13 15
14 15
15 16
15 26
16 17
16 25
17 18
17 19
18 20
19 20
20 21
20 24
21 22
21 23
25 28
0 1
0 2
1 3
2 24
3 4
3 5
4 6
4 23
5 23
6 7
6 8
7 9
7 22
8 22
9 10
9 11
10 12
10 21
11 21
12 13
12 20
13 14
13 15
14 16
14 19
15 19
16 17
16 18
5 5
0 1
0 2
2 3
2 4
4 0
5 5
0 1
0 2
2 3
2 4
4 0
5 5
0 1
0 2
2 3
2 4
4 0
5 5
0 1
0 2
2 3
2 4
4 0
7 6
0 1
0 2
2 3
2 6
3 4
3 5
7 6
0 1
0 2
2 3
2 6
3 4
3 5
5 4
0 1
0 4
1 2
1 3
5 4
0 1
0 4
1 2
1 3
3 2
0 1
0 2
1 0
1 0
1 0
1 0
1 0
1 0
4 5
0 1
0 2
1 3
1 2
2 3
3 2
0 1
1 2
4 5
0 1
0 2
1 3
1 2
2 3
3 2
0 1
1 2
1 0
1 0
1 0
1 0
1 0
1 0
1 0
1 0
1 0
1 0
1 0
3 2
0 1
0 2
3 2
0 1
0 2
1 0
5 4
0 1
0 2
2 3
2 4
5 4
0 1
0 2
2 3
2 4
1 0
1 0
3 2
0 1
0 2
3 2
0 1
0 2
4 5
0 1
0 2
1 3
1 2
2 3
3 2
0 1
1 2
6 9
0 1
0 2
1 3
1 2
2 3
3 4
3 5
4 4
4 5
7 10
0 1
0 2
1 3
1 2
2 3
3 4
3 6
4 5
5 5
5 6
13 17
0 1
0 2
1 3
2 3
3 4
3 5
4 6
4 5
5 6
6 7
7 8
7 9
8 7
9 10
10 11
10 12
11 10
13 18
0 1
0 2
1 3
2 3
3 4
3 5
4 6
4 5
5 6
6 7
6 9
7 8
8 8
8 9
9 10
10 11
10 12
11 10
16 21
0 1
0 2
1 6
2 3
2 4
3 5
4 5
5 6
6 7
6 8
7 9
7 8
8 9
9 10
10 11
10 12
11 10
12 13
13 14
13 15
14 13
16 22
0 1
0 2
1 6
2 3
2 4
3 5
4 5
5 6
6 7
6 8
7 9
7 8
8 9
9 10
9 12
10 11
11 11
11 12
12 13
13 14
13 15
14 13
4 4
0 1
0 2
1 3
2 3
4 4
0 1
0 2
1 3
2 3
4 4
0 1
1 2
1 3
2 1
4 4
0 1
1 2
1 3
2 1
4 5
0 1
0 2
1 3
1 2
2 3
3 2
0 1
1 2
13 17
0 1
0 2
1 12
2 3
2 4
3 5
3 4
4 5
5 6
6 7
6 8
7 6
8 9
9 10
9 11
10 9
11 12
11 17
0 1
0 2
1 10
2 3
2 4
3 5
3 4
4 5
5 6
5 7
6 6
6 7
7 8
7 9
8 8
8 9
9 10
4 5
0 1
0 2
1 3
1 2
2 3
3 2
0 1
1 2
4 5
0 1
0 2
1 3
1 2
2 3
3 2
0 1
1 2
13 17
0 1
0 2
1 12
2 3
2 4
3 5
3 4
4 5
5 6
6 7
6 8
7 6
8 9
9 10
9 11
10 9
11 12
11 17
0 1
0 2
1 10
2 3
2 4
3 5
3 4
4 5
5 6
5 7
6 6
6 7
7 8
7 9
8 8
8 9
9 10
13 17
0 1
0 2
1 12
2 3
2 4
3 5
3 4
4 5
5 6
6 7
6 8
7 6
8 9
9 10
9 11
10 9
11 12
11 17
0 1
0 2
1 10
2 3
2 4
3 5
3 4
4 5
5 6
5 7
6 6
6 7
7 8
7 9
8 8
8 9
9 10
4 5
0 1
0 2
1 3
1 2
2 3
3 2
0 1
1 2
13 17
0 1
0 2
1 12
2 3
2 4
3 5
3 4
4 5
5 6
6 7
6 8
7 6
8 9
9 10
9 11
10 9
11 12
11 17
0 1
0 2
1 10
2 3
2 4
3 5
3 4
4 5
5 6
5 7
6 6
6 7
7 8
7 9
8 8
8 9
9 10
3 2
0 1
0 2
1 0
1 0
1 0
1 0
1 0
1 0
1 0
1 0
1 0
3 2
0 1
0 2
3 2
0 1
0 2
7 7
0 1
1 2
1 3
2 4
3 4
4 5
4 6
7 7
0 1
1 2
1 3
2 4
3 4
4 5
4 6
1 0
1 0
1 0
1 0
1 0
1 0
1 0
1 0
3 2
0 1
0 2
3 2
0 1
0 2
3 2
0 1
0 2
1 0
1 0
1 0
3 2
0 1
0 2
17 20
0 1
0 2
1 6
2 3
2 4
3 5
4 5
5 6
6 7
6 8
8 9
8 13
9 10
9 11
10 12
11 12
12 14
13 14
14 15
14 16
16 18
0 1
0 2
1 6
2 3
2 4
3 5
4 5
5 6
6 7
6 8
8 9
9 10
9 11
10 12
11 12
12 13
13 14
13 15
1 0
3 2
0 1
0 2
3 2
0 1
0 2
1 0
1 0
3 2
0 1
0 2
3 2
0 1
0 2
1 0
1 0
1 0
1 0
1 0
1 0
1 0
1 0
1 0
1 0
1 0
1 0
3 2
0 1
0 2
3 2
0 1
0 2
3 2
0 1
0 2
3 2
0 1
0 2
4 4
0 1
0 2
1 3
2 3
3 2
0 1
1 2
1 0
1 0
1 0
83 108
0 1
0 41
1 2
1 39
2 3
2 4
3 11
4 5
4 6
5 10
6 7
6 8
7 9
8 9
9 10
10 11
11 12
11 19
12 13
12 17
13 14
13 15
14 16
15 16
16 18
17 18
18 20
19 20
20 21
20 22
21 35
22 23
22 30
23 24
23 28
24 25
24 26
25 27
26 27
27 29
28 29
29 31
30 31
31 32
31 33
32 34
33 34
34 35
35 36
35 37
36 38
37 38
38 40
39 40
40 42
41 42
42 43
42 44
43 54
44 45
44 49
45 46
45 47
46 48
47 48
48 50
49 50
50 51
50 52
51 53
52 53
53 54
54 55
54 56
56 57
57 58
57 62
58 59
58 60
59 61
60 61
61 63
62 63
63 64
63 74
64 65
64 69
65 66
65 67
66 68
67 68
68 70
69 70
70 71
70 72
71 73
72 73
73 57
74 75
74 79
75 76
75 77
76 78
77 78
78 80
79 80
80 81
80 82
83 108
0 1
0 41
1 2
1 39
2 3
2 4
3 11
4 5
4 6
5 10
6 7
6 8
7 9
8 9
9 10
10 11
11 12
11 19
12 13
12 17
13 14
13 15
14 16
15 16
16 18
17 18
18 20
19 20
20 21
20 22
21 35
22 23
22 30
23 24
23 28
24 25
24 26
25 27
26 27
27 29
28 29
29 31
30 31
31 32
31 33
32 34
33 34
34 35
35 36
35 37
36 38
37 38
38 40
39 40
40 42
41 42
42 43
42 44
43 54
44 45
44 49
45 46
45 47
46 48
47 48
48 50
49 50
50 51
50 52
51 53
52 53
53 54
54 55
54 56
56 57
57 58
57 62
58 59
58 60
59 61
60 61
61 63
62 63
63 64
63 74
64 65
64 69
65 66
65 67
66 68
67 68
68 70
69 70
70 71
70 72
71 73
72 73
73 57
74 75
74 79
75 76
75 77
76 78
77 78
78 80
79 80
80 81
80 82
7 6
0 1
0 2
2 3
2 6
3 4
3 5
7 6
0 1
0 2
2 3
2 6
3 4
3 5
1 0
1 0
3 2
0 1
0 2
3 2
0 1
0 2
3 2
0 1
0 2
3 2
0 1
0 2
1 0
1 0
1 0
1 0
1 0
1 0
1 0
1 0
3 2
0 1
0 2
3 2
0 1
0 2
5 4
0 1
0 2
2 3
2 4
5 4
0 1
0 2
2 3
2 4
5 4
0 1
0 2
2 3
2 4
5 4
0 1
0 2
2 3
2 4
35 34
0 1
0 2
2 3
2 4
4 5
4 6
6 7
6 8
8 9
8 10
10 11
10 12
12 13
12 14
14 15
14 16
16 17
16 18
18 19
18 20
20 21
20 22
22 23
22 24
24 25
24 26
26 27
26 28
28 29
28 30
30 31
30 32
32 33
32 34
35 34
0 1
0 2
2 3
2 4
4 5
4 6
6 7
6 8
8 9
8 10
10 11
10 12
12 13
12 14
14 15
14 16
16 17
16 18
18 19
18 20
20 21
20 22
22 23
22 24
24 25
24 26
26 27
26 28
28 29
28 30
30 31
30 32
32 33
32 34
23 22
0 1
0 2
2 3
2 4
4 5
4 6
6 7
6 8
8 9
8 10
10 11
10 12
12 13
12 14
14 15
14 16
16 17
16 18
18 19
18 20
20 21
20 22
18 17
0 1
0 2
2 3
2 4
4 5
4 6
6 7
6 8
8 9
8 10
10 17
10 11
10 12
10 13
10 14
10 15
10 16
3 2
0 1
0 2
3 2
0 1
0 2
9 8
0 1
0 2
2 3
2 4
4 5
4 6
6 7
6 8
9 8
0 1
0 2
2 3
2 4
4 5
4 6
6 7
6 8
9 8
0 1
0 2
2 3
2 4
4 5
4 6
6 7
6 8
9 8
0 1
0 2
2 3
2 4
4 5
4 6
6 7
6 8
1 0
11 12
0 1
0 2
1 6
2 3
2 4
3 5
4 5
5 6
6 7
6 8
8 9
8 10
11 12
0 1
0 2
1 6
2 3
2 4
3 5
4 5
5 6
6 7
6 8
8 9
8 10
1 0
1 0
9 10
0 1
0 2
1 6
2 3
2 4
3 5
4 5
5 6
6 7
6 8
9 10
0 1
0 2
1 6
2 3
2 4
3 5
4 5
5 6
6 7
6 8
5 4
0 1
0 2
2 3
2 4
5 4
0 1
0 2
2 3
2 4
37 37
0 1
0 2
2 3
2 4
4 5
4 6
6 7
6 8
8 9
8 10
10 11
10 12
12 13
12 18
13 14
14 15
14 16
15 17
16 17
18 19
18 20
20 21
20 22
22 23
22 24
24 25
24 26
26 27
26 30
27 28
27 29
30 31
30 32
32 33
32 34
34 35
34 36
37 37
0 1
0 2
2 3
2 4
4 5
4 6
6 7
6 8
8 9
8 10
10 11
10 12
12 13
12 18
13 14
14 15
14 16
15 17
16 17
18 19
18 20
20 21
20 22
22 23
22 24
24 25
24 26
26 27
26 30
27 28
27 29
30 31
30 32
32 33
32 34
34 35
34 36
3 4
0 1
0 2
1 1
1 2
4 5
0 1
0 3
1 2
2 2
2 3
8 9
0 1
0 2
2 3
2 4
4 5
4 7
5 6
6 5
6 7
9 10
0 1
0 2
2 3
2 4
4 5
4 8
5 6
6 7
7 6
7 8
6 6
0 1
0 2
2 3
2 4
3 5
4 5
6 6
0 1
0 2
2 3
2 4
3 5
4 5
1 0
1 0
7 10
0 1
0 2
1 3
1 2
2 3
3 4
3 5
4 6
4 5
5 6
7 10
0 1
0 2
1 3
1 2
2 3
3 4
3 5
4 6
4 5
5 6
20 25
0 1
1 2
1 6
2 3
2 4
3 5
4 5
5 7
6 7
7 8
7 19
8 9
8 13
9 10
9 11
10 12
11 12
12 14
13 14
14 15
14 16
15 17
16 17
17 18
18 1
20 25
0 1
1 2
1 6
2 3
2 4
3 5
4 5
5 7
6 7
7 8
7 19
8 9
8 13
9 10
9 11
10 12
11 12
12 14
13 14
14 15
14 16
15 17
16 17
17 18
18 1
32 41
0 1
1 2
1 6
2 3
2 4
3 5
4 5
5 7
6 7
7 8
7 31
8 9
8 13
9 10
9 11
10 12
11 12
12 14
13 14
14 15
14 16
15 26
16 17
16 21
17 18
17 19
18 20
19 20
20 22
21 22
22 23
22 24
23 25
24 25
25 26
26 27
26 28
27 29
28 29
29 30
30 1
32 41
0 1
1 2
1 6
2 3
2 4
3 5
4 5
5 7
6 7
7 8
7 31
8 9
8 13
9 10
9 11
10 12
11 12
12 14
13 14
14 15
14 16
15 26
16 17
16 21
17 18
17 19
18 20
19 20
20 22
21 22
22 23
22 24
23 25
24 25
25 26
26 27
26 28
27 29
28 29
29 30
30 1
1 0
1 0
1 0
1 0
1 0
1 0
1 0
1 0
3 4
0 1
0 2
1 1
1 2
3 4
0 1
0 2
1 1
1 2
1 0
1 0
11 12
0 1
0 2
1 3
2 3
3 4
3 10
4 5
4 6
5 7
6 7
7 8
7 9
9 10
0 1
0 2
1 3
1 8
2 8
3 4
3 5
4 6
4 7
5 7
26 33
0 1
1 2
1 25
2 3
2 7
3 4
3 5
4 6
5 6
6 8
7 8
8 9
8 10
9 20
10 11
10 15
11 12
11 13
12 14
13 14
14 16
15 16
16 17
16 18
17 19
18 19
19 20
20 21
20 22
21 23
22 23
23 24
24 1
26 34
0 1
0 25
1 2
2 3
2 7
3 4
3 5
4 6
5 6
6 8
7 8
8 9
8 10
9 20
10 11
10 15
11 12
11 13
12 14
13 14
14 16
15 16
16 17
16 18
17 19
18 19
19 20
20 21
20 22
21 23
22 23
23 24
24 2
24 25
10 10
0 1
0 2
2 3
2 4
3 5
4 5
5 6
5 9
6 7
6 8
7 6
0 1
0 2
2 3
2 4
4 5
4 6
7 6
0 1
0 2
2 3
2 4
4 5
4 6
7 6
0 1
0 4
1 2
1 3
4 5
4 6
7 6
0 1
0 4
1 2
1 3
4 5
4 6
3 4
0 1
0 2
1 1
1 2
3 4
0 1
0 2
1 1
1 2
8 9
0 1
0 2
2 3
2 4
4 5
4 7
5 6
6 5
6 7
8 9
0 1
0 2
2 3
2 4
4 5
4 7
5 6
6 5
6 7
1 0
1 0
5 4
0 1
0 2
2 3
2 4
5 4
0 1
0 2
2 3
2 4
5 4
0 1
0 4
1 2
1 3
5 4
0 1
0 4
1 2
1 3
5 4
0 1
0 4
1 2
1 3
5 4
0 1
0 4
1 2
1 3
15 14
0 1
0 2
2 3
2 4
4 5
4 6
6 7
6 8
8 9
8 10
10 11
10 12
12 13
12 14
11 10
0 1
0 2
2 3
2 4
4 10
4 5
4 6
4 7
4 8
4 9
7 6
0 1
0 6
1 2
1 5
2 3
2 4
7 6
0 1
0 6
1 2
1 5
2 3
2 4
3 4
0 1
0 2
1 1
1 2
3 4
0 1
0 2
1 1
1 2
8 9
0 1
0 2
2 3
2 4
4 5
4 7
5 6
6 5
6 7
8 9
0 1
0 2
2 3
2 4
4 5
4 7
5 6
6 5
6 7
23 29
0 1
1 2
1 22
2 3
2 7
3 4
3 5
4 6
5 6
6 8
7 8
8 9
8 10
9 11
10 11
11 12
11 16
12 13
12 14
13 15
14 15
15 17
16 17
17 18
17 19
18 20
19 20
20 21
21 1
23 30
0 1
0 22
1 2
2 3
2 7
3 4
3 5
4 6
5 6
6 8
7 8
8 9
8 10
9 11
10 11
11 12
11 16
12 13
12 14
13 15
14 15
15 17
16 17
17 18
17 19
18 20
19 20
20 21
21 2
21 22
38 46
0 1
0 37
1 2
1 36
2 3
2 7
3 4
3 5
4 6
5 6
6 8
7 8
8 9
8 10
9 11
10 11
11 12
11 22
12 13
12 17
13 14
13 15
14 16
15 16
16 18
17 18
18 19
18 20
19 21
20 21
21 23
22 23
23 24
23 35
24 25
24 34
25 26
25 30
26 27
26 28
27 29
28 29
29 31
30 31
31 32
31 33
38 46
0 1
0 37
1 2
1 36
2 3
2 7
3 4
3 5
4 6
5 6
6 8
7 8
8 9
8 10
9 11
10 11
11 12
11 22
12 13
12 17
13 14
13 15
14 16
15 16
16 18
17 18
18 19
18 20
19 21
20 21
21 23
22 23
23 24
23 35
24 25
24 34
25 26
25 30
26 27
26 28
27 29
28 29
29 31
30 31
31 32
31 33
3 4
0 1
0 2
1 1
1 2
4 5
0 1
0 3
1 2
2 2
2 3
9 10
0 1
0 2
2 3
2 5
3 4
5 6
5 8
6 7
7 6
7 8
10 11
0 1
0 2
2 3
2 5
3 4
5 6
5 9
6 7
7 8
8 7
8 9
31 34
0 1
0 30
1 2
1 29
2 3
2 28
3 4
3 27
4 5
4 26
5 6
5 25
6 7
6 24
7 8
7 23
8 9
8 10
9 20
10 11
10 12
11 19
12 13
12 14
13 18
14 15
14 16
15 17
16 17
17 18
18 19
19 20
20 21
20 22
31 34
0 1
0 30
1 2
1 29
2 3
2 28
3 4
3 27
4 5
4 26
5 6
5 25
6 7
6 24
7 8
7 23
8 9
8 10
9 20
10 11
10 12
11 19
12 13
12 14
13 18
14 15
14 16
15 17
16 17
17 18
18 19
19 20
20 21
20 22
5 4
0 1
0 4
1 2
1 3
5 4
0 1
0 4
1 2
1 3
3 2
0 1
0 2
3 2
0 1
0 2
24 26
0 1
0 23
1 2
1 22
2 3
2 4
4 5
4 21
5 6
5 7
7 8
7 20
8 9
8 16
9 10
9 14
10 11
10 12
11 13
12 13
13 15
14 15
15 17
16 17
17 18
17 19
24 26
0 1
0 23
1 2
1 22
2 3
2 4
4 5
4 21
5 6
5 7
7 8
7 20
8 9
8 16
9 10
9 14
10 11
10 12
11 13
12 13
13 15
14 15
15 17
16 17
17 18
17 19
3 4
0 1
0 2
1 1
1 2
3 4
0 1
0 2
1 1
1 2
8 9
0 1
0 2
2 3
2 4
4 5
4 7
5 6
6 5
6 7
8 9
0 1
0 2
2 3
2 4
4 5
4 7
5 6
6 5
6 7
10 15
0 1
0 2
1 3
1 2
2 3
3 4
3 5
4 6
4 5
5 6
6 7
6 8
7 9
7 8
8 9
10 15
0 1
0 2
1 3
1 2
2 3
3 4
3 5
4 6
4 5
5 6
6 7
6 8
7 9
7 8
8 9
1 0
1 0
4 5
0 1
0 2
1 3
1 2
2 3
4 5
0 1
0 2
1 3
1 2
2 3
14 17
0 1
1 2
1 13
2 3
2 4
3 8
4 5
4 6
5 7
6 7
7 8
8 9
8 10
9 11
10 11
11 12
12 1
14 17
0 1
1 2
1 13
2 3
2 4
3 8
4 5
4 6
5 7
6 7
7 8
8 9
8 10
9 11
10 11
11 12
12 1
3 4
0 1
0 2
1 1
1 2
7 11
0 1
0 6
1 2
2 3
2 5
3 4
3 5
4 4
4 6
5 5
5 6
13 14
0 1
0 12
1 2
1 11
2 3
2 7
3 4
3 5
4 6
5 6
6 8
7 8
8 9
8 10
13 14
0 1
0 12
1 2
1 11
2 3
2 7
3 4
3 5
4 6
5 6
6 8
7 8
8 9
8 10
18 23
0 1
1 2
1 17
2 3
3 4
3 15
4 5
4 14
5 6
5 10
6 7
6 8
7 9
8 9
9 11
10 11
11 12
11 13
12 16
13 16
14 16
15 16
16 1
18 24
0 1
0 17
1 2
2 3
3 4
3 15
4 5
4 14
5 6
5 10
6 7
6 8
7 9
8 9
9 11
10 11
11 12
11 13
12 16
13 16
14 16
15 16
16 2
16 17
9 10
0 1
0 2
2 3
2 5
3 4
5 6
5 8
6 7
7 6
7 8
10 11
0 1
0 2
2 3
2 5
3 4
5 6
5 9
6 7
7 8
8 7
8 9
5 6
0 1
0 2
1 3
1 2
2 3
3 4
5 6
0 1
0 2
1 3
1 2
2 3
3 4
3 4
0 1
0 2
1 1
1 2
4 5
0 1
0 3
1 2
2 2
2 3
16 19
0 1
0 2
2 3
2 4
3 11
4 5
4 6
5 10
6 7
6 8
7 9
8 9
9 10
10 11
11 12
11 13
12 14
13 14
14 15
16 19
0 1
0 2
2 3
2 4
3 11
4 5
4 6
5 10
6 7
6 8
7 9
8 9
9 10
10 11
11 12
11 13
12 14
13 14
14 15
9 14
0 1
0 2
1 3
1 2
2 3
3 4
3 5
4 6
4 5
5 6
6 7
6 8
7 7
7 8
10 15
0 1
0 2
1 3
1 2
2 3
3 4
3 5
4 6
4 5
5 6
6 7
6 9
7 8
8 8
8 9
11 12
0 1
0 2
1 6
2 3
2 4
3 5
4 5
5 6
6 7
6 8
8 9
8 10
11 12
0 1
0 2
1 6
2 3
2 4
3 5
4 5
5 6
6 7
6 8
8 9
8 10
13 18
0 1
0 2
1 3
2 3
3 4
3 5
4 6
4 5
5 6
6 7
6 8
7 9
7 8
8 9
9 10
10 11
10 12
11 10
13 19
0 1
0 2
1 3
2 3
3 4
3 5
4 6
4 5
5 6
6 7
6 8
7 9
7 8
8 9
9 10
9 12
10 11
11 11
11 12
10 12
0 1
0 2
1 6
2 3
2 4
3 5
4 5
5 6
6 7
6 8
7 9
8 9
10 12
0 1
0 2
1 6
2 3
2 4
3 5
4 5
5 6
6 7
6 8
7 9
8 9
10 12
0 1
0 2
1 6
2 3
2 4
3 5
4 5
5 6
6 7
6 8
7 9
8 9
10 12
0 1
0 2
1 6
2 3
2 4
3 5
4 5
5 6
6 7
6 8
7 9
8 9
11 12
0 1
0 2
1 6
2 3
2 4
3 5
4 5
5 6
6 7
6 8
8 9
8 10
11 12
0 1
0 2
1 6
2 3
2 4
3 5
4 5
5 6
6 7
6 8
8 9
8 10
7 8
0 1
0 2
2 3
2 4
3 0
4 5
4 6
6 0
7 8
0 1
0 2
2 3
2 4
3 0
4 5
4 6
6 0
1 0
1 0
6 6
0 1
0 2
2 3
2 4
3 5
4 5
6 6
0 1
0 2
2 3
2 4
3 5
4 5
1 0
1 0
17 21
0 1
1 2
1 16
2 3
2 4
3 11
4 5
4 6
5 10
6 7
6 8
7 9
8 9
9 10
10 11
11 12
11 13
12 14
13 14
14 15
15 1
17 21
0 1
1 2
1 16
2 3
2 4
3 11
4 5
4 6
5 10
6 7
6 8
7 9
8 9
9 10
10 11
11 12
11 13
12 14
13 14
14 15
15 1
10 15
0 1
0 2
1 3
1 2
2 3
3 4
3 5
4 6
4 5
5 6
6 7
6 8
7 9
7 8
8 9
9 12
0 1
0 2
1 3
1 2
2 3
3 4
3 5
4 6
4 5
5 6
6 7
7 8
11 12
0 1
0 2
1 6
2 3
2 4
3 5
4 5
5 6
6 7
6 8
8 9
8 10
11 12
0 1
0 2
1 6
2 3
2 4
3 5
4 5
5 6
6 7
6 8
8 9
8 10
14 16
0 1
0 2
2 3
2 4
4 5
4 6
5 13
6 7
6 8
7 9
8 9
9 10
9 11
10 12
11 12
12 13
14 16
0 1
0 2
2 3
2 4
4 5
4 6
5 13
6 7
6 8
7 9
8 9
9 10
9 11
10 12
11 12
12 13
18 22
0 1
0 2
1 3
2 3
3 4
3 5
4 6
5 6
6 7
6 8
7 9
8 9
9 10
9 11
10 12
11 12
12 13
12 14
13 15
14 15
15 16
15 17
18 22
0 1
0 2
1 3
2 3
3 4
3 5
4 6
5 6
6 7
6 8
7 9
8 9
9 10
9 11
10 12
11 12
12 13
12 14
13 15
14 15
15 16
15 17
1 0
1 0
21 27
0 1
0 2
1 9
2 3
2 4
3 8
4 5
4 6
5 7
6 7
7 8
8 9
9 10
9 11
11 12
11 19
12 13
12 14
13 15
13 14
14 15
15 16
16 17
16 18
17 16
18 20
19 20
20 25
0 1
0 2
1 9
2 3
2 4
3 8
4 5
4 6
5 7
6 7
7 8
8 9
9 10
9 11
11 12
11 18
12 13
13 14
14 15
14 17
15 16
16 16
16 17
17 19
18 19
15 16
0 1
0 2
1 6
2 3
2 4
3 5
4 5
5 6
6 7
6 8
8 9
8 10
10 11
10 14
11 12
11 13
15 16
0 1
0 2
1 6
2 3
2 4
3 5
4 5
5 6
6 7
6 8
8 9
8 10
10 11
10 14
11 12
11 13
7 8
0 1
1 2
1 3
3 4
3 5
4 6
5 6
6 1
7 9
0 2
0 1
1 3
3 4
3 5
4 6
5 6
6 2
6 3
7 8
0 1
1 2
1 6
2 3
2 4
3 5
4 5
5 1
7 9
0 1
0 6
1 2
2 3
2 4
3 5
4 5
5 2
5 6
7 8
0 1
1 2
1 3
3 4
3 5
4 6
5 6
6 1
7 9
0 2
0 1
1 3
3 4
3 5
4 6
5 6
6 2
6 3
7 8
0 1
1 2
1 6
2 3
2 4
3 5
4 5
5 1
7 9
0 1
0 6
1 2
2 3
2 4
3 5
4 5
5 2
5 6
1 0
1 0
7 8
0 1
1 2
1 6
2 3
2 4
3 5
4 5
5 1
7 9
0 1
0 6
1 2
2 3
2 4
3 5
4 5
5 2
5 6
7 8
0 1
1 2
1 3
3 4
3 5
4 6
5 6
6 1
7 9
0 2
0 1
1 3
3 4
3 5
4 6
5 6
6 2
6 3
1 0
1 0
7 8
0 1
1 2
1 6
2 3
2 4
3 5
4 5
5 1
7 9
0 1
0 6
1 2
2 3
2 4
3 5
4 5
5 2
5 6
3 2
0 1
0 2
3 2
0 1
0 2
8 9
0 1
0 2
2 3
2 4
4 5
4 7
5 6
6 5
6 7
9 10
0 1
0 2
2 3
2 4
4 5
4 8
5 6
6 7
7 6
7 8
19 25
0 1
0 2
1 3
2 3
3 4
3 5
4 6
4 5
5 6
6 7
7 8
7 9
8 7
9 10
10 11
10 12
11 10
12 13
13 14
13 18
14 15
14 16
15 17
16 17
17 13
19 26
0 1
0 2
1 3
2 3
3 4
3 5
4 6
4 5
5 6
6 7
6 9
7 8
8 8
8 9
9 10
10 11
10 12
11 10
12 13
13 14
13 18
14 15
14 16
15 17
16 17
17 13
7 10
0 1
0 2
1 3
1 2
2 3
3 4
3 5
4 6
4 5
5 6
7 10
0 1
0 2
1 3
1 2
2 3
3 4
3 5
4 6
4 5
5 6
7 8
0 1
1 2
1 6
2 3
2 4
3 5
4 5
5 1
7 9
0 1
0 6
1 2
2 3
2 4
3 5
4 5
5 2
5 6
8 9
0 1
0 2
2 3
2 4
4 5
4 7
5 6
6 5
6 7
9 10
0 1
0 2
2 3
2 4
4 5
4 8
5 6
6 7
7 6
7 8
23 38
0 1
0 2
1 3
1 2
2 3
3 4
3 5
4 6
4 5
5 6
6 7
6 8
7 9
7 8
8 9
9 10
9 14
10 11
10 12
11 13
11 12
12 13
13 10
13 14
14 15
14 16
15 17
15 16
16 17
17 18
17 19
18 20
18 19
19 20
20 21
20 22
21 21
21 22
24 37
0 1
0 2
1 3
1 2
2 3
3 4
3 5
4 6
4 5
5 6
6 7
6 8
7 9
7 8
8 9
9 10
9 14
10 11
11 12
12 13
13 11
13 14
14 15
14 16
15 17
15 16
16 17
17 18
17 19
18 20
18 19
19 20
20 21
20 23
21 22
22 22
22 23
4 4
0 1
0 2
1 3
2 3
4 4
0 1
0 2
1 3
2 3
7 8
0 1
1 2
1 6
2 3
2 4
3 5
4 5
5 1
7 9
0 1
0 6
1 2
2 3
2 4
3 5
4 5
5 2
5 6
8 9
0 1
0 2
2 3
2 4
4 5
4 7
5 6
6 5
6 7
9 10
0 1
0 2
2 3
2 4
4 5
4 8
5 6
6 7
7 6
7 8
23 38
0 1
0 2
1 3
1 2
2 3
3 4
3 5
4 6
4 5
5 6
6 7
6 8
7 9
7 8
8 9
9 10
9 14
10 11
10 12
11 13
11 12
12 13
13 10
13 14
14 15
14 16
15 17
15 16
16 17
17 18
17 19
18 20
18 19
19 20
20 21
20 22
21 21
21 22
24 37
0 1
0 2
1 3
1 2
2 3
3 4
3 5
4 6
4 5
5 6
6 7
6 8
7 9
7 8
8 9
9 10
9 14
10 11
11 12
12 13
13 11
13 14
14 15
14 16
15 17
15 16
16 17
17 18
17 19
18 20
18 19
19 20
20 21
20 23
21 22
22 22
22 23
8 8
0 1
0 2
2 3
2 4
4 5
4 6
5 7
6 7
8 8
0 1
0 2
2 3
2 4
4 5
4 6
5 7
6 7
3 2
0 1
0 2
3 2
0 1
0 2
10 10
0 1
0 2
2 3
2 4
4 5
4 6
5 7
6 7
7 8
7 9
10 10
0 1
0 2
2 3
2 4
4 5
4 6
5 7
6 7
7 8
7 9
13 16
0 1
1 2
1 6
2 3
2 4
3 5
4 5
5 7
6 7
7 8
7 12
8 9
8 10
9 11
10 11
11 1
13 16
0 1
1 2
1 6
2 3
2 4
3 5
4 5
5 7
6 7
7 8
7 12
8 9
8 10
9 11
10 11
11 1
16 20
0 1
1 2
1 6
2 3
2 4
3 5
4 5
5 7
6 7
7 8
7 15
8 9
8 10
9 14
10 11
10 12
11 13
12 13
13 14
14 1
16 20
0 1
1 2
1 6
2 3
2 4
3 5
4 5
5 7
6 7
7 8
7 15
8 9
8 10
9 14
10 11
10 12
11 13
12 13
13 14
14 1
24 28
0 1
0 2
2 3
2 4
4 5
4 18
5 6
5 16
6 7
6 14
7 8
7 12
8 9
8 10
9 11
10 11
11 13
12 13
13 15
14 15
15 17
16 17
17 19
18 19
19 20
19 23
20 21
20 22
24 28
0 1
0 2
2 3
2 4
4 5
4 18
5 6
5 16
6 7
6 14
7 8
7 12
8 9
8 10
9 11
10 11
11 13
12 13
13 15
14 15
15 17
16 17
17 19
18 19
19 20
19 23
20 21
20 22
22 28
0 1
1 2
1 21
2 3
2 19
3 4
3 14
4 5
4 9
5 6
5 7
6 8
7 8
8 10
9 10
10 11
10 12
11 13
12 13
13 15
14 15
15 16
15 17
16 18
17 18
18 20
19 20
20 1
22 29
0 1
0 21
1 2
2 3
2 19
3 4
3 14
4 5
4 9
5 6
5 7
6 8
7 8
8 10
9 10
10 11
10 12
11 13
12 13
13 15
14 15
15 16
15 17
16 18
17 18
18 20
19 20
20 2
20 21
21 25
0 1
0 2
2 3
2 10
3 4
3 8
4 5
4 6
5 7
6 7
7 9
8 9
10 11
11 12
11 20
12 13
12 17
13 14
13 15
14 16
15 16
16 18
17 18
18 19
19 11
21 26
0 1
0 2
2 3
2 10
3 4
3 8
4 5
4 6
5 7
6 7
7 9
8 9
10 11
10 20
11 12
12 13
12 17
13 14
13 15
14 16
15 16
16 18
17 18
18 19
19 12
19 20
4 5
0 1
0 2
1 3
1 2
2 3
4 5
0 1
0 2
1 3
1 2
2 3
1 0
1 0
25 34
0 1
0 2
1 3
1 2
2 3
3 4
4 5
4 9
5 6
5 7
6 8
6 7
7 8
8 4
9 10
10 11
10 24
11 12
11 13
12 14
13 14
14 15
14 19
15 16
15 17
16 18
17 18
18 23
19 20
19 21
20 22
21 22
22 23
23 10
23 31
0 1
0 2
1 3
1 2
2 3
3 4
3 8
4 5
5 6
6 7
7 5
7 8
8 9
9 10
9 22
10 11
10 12
11 13
11 17
12 17
13 14
13 15
14 16
15 16
16 21
17 18
17 19
18 20
19 20
20 21
21 9
1 0
1 0
1 0
1 0
7 8
0 1
1 2
1 3
3 4
3 5
4 6
5 6
6 1
7 9
0 2
0 1
1 3
3 4
3 5
4 6
5 6
6 2
6 3
3 3
0 1
0 2
2 0
3 3
0 1
0 2
2 0
1 0
1 0
1 0
3 3
0 1
0 2
2 0
3 3
0 1
0 2
2 0
3 4
0 1
0 2
1 1
1 2
4 5
0 1
0 3
1 2
2 2
2 3
3 4
0 1
0 2
1 1
1 2
4 5
0 1
0 3
1 2
2 2
2 3
6 6
0 1
0 2
2 3
2 4
3 5
4 5
6 6
0 1
0 2
2 3
2 4
3 5
4 5
7 8
0 1
1 2
1 6
2 3
2 4
3 5
4 5
5 1
7 9
0 1
0 6
1 2
2 3
2 4
3 5
4 5
5 2
5 6
7 8
0 1
1 2
1 3
3 4
3 5
4 6
5 6
6 1
7 9
0 2
0 1
1 3
3 4
3 5
4 6
5 6
6 2
6 3
3 3
0 1
0 2
1 0
3 3
0 1
0 2
1 0
23 29
0 1
1 2
1 3
3 4
4 5
4 6
5 7
6 7
7 8
7 9
8 10
9 10
10 11
10 12
11 13
12 13
13 14
13 15
14 16
15 16
16 17
16 18
17 19
18 19
19 20
19 21
20 22
21 22
22 1
23 30
0 2
0 1
1 3
3 4
4 5
4 6
5 7
6 7
7 8
7 9
8 10
9 10
10 11
10 12
11 13
12 13
13 14
13 15
14 16
15 16
16 17
16 18
17 19
18 19
19 20
19 21
20 22
21 22
22 2
22 3
3 4
0 1
0 2
1 1
1 2
4 5
0 1
0 3
1 2
2 2
2 3
3 4
0 1
0 2
1 1
1 2
4 5
0 1
0 3
1 2
2 2
2 3
8 9
0 1
0 2
2 3
2 4
4 5
4 7
5 6
6 5
6 7
9 10
0 1
0 2
2 3
2 4
4 5
4 8
5 6
6 7
7 6
7 8
3 2
0 1
0 2
3 2
0 1
0 2
19 30
0 1
0 2
1 3
1 2
2 3
3 4
3 5
4 6
4 5
5 6
6 7
6 8
7 9
7 8
8 9
9 10
9 11
10 12
10 11
11 12
12 13
12 14
13 15
13 14
14 15
15 16
15 17
16 18
16 17
17 18
19 30
0 1
0 2
1 3
1 2
2 3
3 4
3 5
4 6
4 5
5 6
6 7
6 8
7 9
7 8
8 9
9 10
9 11
10 12
10 11
11 12
12 13
12 14
13 15
13 14
14 15
15 16
15 17
16 18
16 17
17 18
11 12
0 1
0 2
2 3
2 4
4 5
4 6
5 7
6 7
7 8
7 9
8 10
9 10
11 12
0 1
0 2
2 3
2 4
4 5
4 6
5 7
6 7
7 8
7 9
8 10
9 10
5 4
0 1
0 2
2 3
2 4
5 4
0 1
0 2
2 3
2 4
7 6
0 1
0 6
1 2
1 5
2 3
2 4
7 6
0 1
0 6
1 2
1 5
2 3
2 4
5 4
0 1
0 4
1 2
1 3
5 4
0 1
0 4
1 2
1 3
16 19
0 1
1 2
1 3
2 4
3 4
4 5
4 6
5 7
6 7
7 8
7 9
8 13
9 10
9 11
10 12
11 12
12 13
13 14
13 15
15 17
0 1
1 2
1 3
2 4
3 5
4 6
5 6
6 7
6 8
7 12
8 9
8 10
9 11
10 11
11 12
12 13
12 14
16 19
0 1
1 2
1 3
2 4
3 4
4 5
4 6
5 7
6 7
7 8
7 9
8 13
9 10
9 11
10 12
11 12
12 13
13 14
13 15
15 17
0 1
1 2
1 3
2 4
3 5
4 6
5 6
6 7
6 8
7 12
8 9
8 10
9 11
10 11
11 12
12 13
12 14
11 13
0 1
0 2
2 3
2 4
3 5
4 5
5 6
5 7
6 8
7 8
8 9
8 10
10 0
11 13
0 1
0 2
2 3
2 4
3 5
4 5
5 6
5 7
6 8
7 8
8 9
8 10
10 0
5 5
0 1
0 2
2 3
2 4
4 0
5 5
0 1
0 2
2 3
2 4
4 0
11 12
0 1
0 5
1 2
1 3
2 4
3 4
4 6
5 6
6 7
6 10
7 8
7 9
11 12
0 1
0 5
1 2
1 3
2 4
3 4
4 6
5 6
6 7
6 10
7 8
7 9
27 32
0 1
0 26
1 2
1 25
2 3
2 4
3 8
4 5
4 6
5 7
6 7
7 8
8 9
8 24
9 10
9 14
10 11
10 12
11 13
12 13
13 15
14 15
15 16
15 17
16 21
17 18
17 19
18 20
19 20
20 21
21 22
21 23
27 32
0 1
0 26
1 2
1 25
2 3
2 4
3 8
4 5
4 6
5 7
6 7
7 8
8 9
8 24
9 10
9 14
10 11
10 12
11 13
12 13
13 15
14 15
15 16
15 17
16 21
17 18
17 19
18 20
19 20
20 21
21 22
21 23
9 9
0 1
0 8
1 2
1 4
2 3
3 5
4 5
5 6
5 7
9 9
0 1
0 8
1 2
1 4
2 3
3 5
4 5
5 6
5 7
58 73
0 1
0 2
2 3
2 4
4 5
4 6
5 7
6 7
7 8
7 9
8 10
9 10
10 11
10 15
11 12
11 13
12 14
13 14
14 16
15 16
16 17
16 21
17 18
17 19
18 20
19 20
20 22
21 22
22 23
22 38
23 24
23 25
24 37
25 26
26 27
26 32
27 28
27 31
28 29
28 30
29 33
30 33
31 33
32 33
33 34
33 35
34 36
35 36
36 37
37 39
38 39
39 40
39 49
40 41
40 45
41 42
41 43
42 44
43 44
44 46
45 46
46 47
46 48
49 50
50 51
50 54
51 52
51 53
52 55
53 55
54 55
55 56
55 57
56 69
0 1
0 2
2 3
2 4
4 5
4 6
5 7
6 7
7 8
7 9
8 10
9 10
10 11
10 15
11 12
11 13
12 14
13 14
14 16
15 16
16 17
16 21
17 18
17 19
18 20
19 20
20 22
21 22
22 23
22 37
23 24
23 25
24 36
25 26
26 27
26 32
27 28
27 31
28 29
28 30
29 33
30 34
31 34
32 34
33 35
34 35
35 36
36 38
37 38
38 39
38 48
39 40
39 44
40 41
40 42
41 43
42 43
43 45
44 45
45 46
45 47
48 49
49 50
49 53
50 51
50 52
51 54
52 55
53 55
11 12
0 1
0 2
2 3
2 7
3 4
3 5
4 6
5 6
7 8
7 9
8 10
9 10
11 12
0 1
0 2
2 3
2 7
3 4
3 5
4 6
5 6
7 8
7 9
8 10
9 10
5 4
0 1
0 2
2 3
2 4
3 4
0 1
0 2
1 1
1 2
3 4
0 1
0 2
1 1
1 2
8 9
0 1
0 2
2 3
2 4
4 5
4 7
5 6
6 5
6 7
8 9
0 1
0 2
2 3
2 4
4 5
4 7
5 6
6 5
6 7
20 26
0 1
1 2
1 19
2 3
2 4
3 18
4 5
4 7
5 6
6 18
7 8
7 10
8 9
9 18
10 11
10 13
11 12
12 18
13 14
13 15
14 18
15 16
15 17
16 18
17 18
18 1
20 26
0 1
1 2
1 19
2 3
2 4
3 18
4 5
4 7
5 6
6 18
7 8
7 10
8 9
9 18
10 11
10 13
11 12
12 18
13 14
13 15
14 18
15 16
15 17
16 18
17 18
18 1
8 9
0 1
0 2
2 3
2 4
4 5
4 7
5 6
6 5
6 7
8 9
0 1
0 2
2 3
2 4
4 5
4 7
5 6
6 5
6 7
20 26
0 1
1 2
1 19
2 3
2 4
3 18
4 5
4 7
5 6
6 18
7 8
7 10
8 9
9 18
10 11
10 13
11 12
12 18
13 14
13 15
14 18
15 16
15 17
16 18
17 18
18 1
20 26
0 1
1 2
1 19
2 3
2 4
3 18
4 5
4 7
5 6
6 18
7 8
7 10
8 9
9 18
10 11
10 13
11 12
12 18
13 14
13 15
14 18
15 16
15 17
16 18
17 18
18 1
8 9
0 1
0 2
2 3
2 4
4 5
4 7
5 6
6 5
6 7
8 9
0 1
0 2
2 3
2 4
4 5
4 7
5 6
6 5
6 7
1 0
13 12
0 1
0 8
1 2
1 7
2 3
2 6
3 4
3 5
8 9
8 10
10 11
10 12
13 12
0 1
0 8
1 2
1 7
2 3
2 6
3 4
3 5
8 9
8 10
10 11
10 12
7 6
0 1
0 2
2 3
2 6
3 4
3 5
7 6
0 1
0 2
2 3
2 6
3 4
3 5
11 10
0 1
0 2
2 3
2 4
4 5
4 10
5 6
5 9
6 7
6 8
11 10
0 1
0 2
2 3
2 4
4 5
4 10
5 6
5 9
6 7
6 8
7 6
0 1
0 6
1 2
1 5
2 3
2 4
7 6
0 1
0 6
1 2
1 5
2 3
2 4
7 6
0 1
0 4
1 2
1 3
4 5
4 6
7 6
0 1
0 4
1 2
1 3
4 5
4 6
5 4
0 1
0 4
1 2
1 3
5 4
0 1
0 4
1 2
1 3
7 6
0 1
0 2
2 3
2 4
4 5
4 6
7 6
0 1
0 2
2 3
2 4
4 5
4 6
11 10
0 1
0 2
2 3
2 4
4 5
4 10
5 6
5 7
7 8
7 9
11 10
0 1
0 2
2 3
2 4
4 5
4 10
5 6
5 7
7 8
7 9
25 30
0 1
0 24
1 2
1 20
2 3
3 4
4 5
4 6
5 7
6 7
7 8
7 15
8 9
8 14
9 10
10 11
10 12
11 13
12 13
13 16
14 16
15 16
16 17
16 18
17 19
18 19
19 21
20 21
21 22
21 23
24 28
0 1
0 23
1 2
1 19
2 3
3 4
4 5
4 6
5 7
6 14
7 8
7 13
8 9
9 10
9 11
10 12
11 12
12 15
13 15
14 15
15 16
15 17
16 18
17 18
18 20
19 20
20 21
20 22
9 10
0 1
0 2
2 3
2 4
3 5
4 5
5 6
5 7
6 8
7 8
9 10
0 1
0 2
2 3
2 4
3 5
4 5
5 6
5 7
6 8
7 8
13 14
0 1
0 2
2 3
2 4
4 5
4 12
5 6
5 7
6 8
7 8
8 9
8 10
9 11
10 11
13 14
0 1
0 2
2 3
2 4
4 5
4 12
5 6
5 7
6 8
7 8
8 9
8 10
9 11
10 11
13 15
0 1
1 2
1 7
2 3
2 6
3 4
3 5
4 8
5 8
6 8
7 8
8 9
8 10
10 11
10 12
12 13
0 1
1 2
1 7
2 3
2 6
3 4
3 5
4 8
5 9
6 9
7 9
9 10
9 11
21 28
0 1
1 2
1 20
2 3
2 4
3 19
4 5
4 7
5 6
6 19
7 8
7 10
8 9
9 19
10 11
10 12
11 19
12 13
12 14
13 19
14 15
14 16
15 19
16 17
16 18
17 19
18 19
19 1
21 28
0 1
1 2
1 20
2 3
2 4
3 19
4 5
4 7
5 6
6 19
7 8
7 10
8 9
9 19
10 11
10 12
11 19
12 13
12 14
13 19
14 15
14 16
15 19
16 17
16 18
17 19
18 19
19 1
8 9
0 1
0 2
2 3
2 4
4 5
4 7
5 6
6 5
6 7
8 9
0 1
0 2
2 3
2 4
4 5
4 7
5 6
6 5
6 7
1 0
1 0
1 0
1 0
9 8
0 1
0 2
2 3
2 4
4 5
4 6
6 7
6 8
9 8
0 1
0 2
2 3
2 4
4 5
4 6
6 7
6 8
1 0
1 0
25 32
0 1
1 2
1 24
2 3
2 7
3 4
3 5
4 6
5 6
6 8
7 8
8 9
8 10
9 11
10 11
11 12
11 16
12 13
12 14
13 15
14 15
15 17
16 17
17 18
17 19
18 20
19 20
20 21
20 22
21 23
22 23
23 1
25 33
0 1
0 24
1 2
2 3
2 7
3 4
3 5
4 6
5 6
6 8
7 8
8 9
8 10
9 11
10 11
11 12
11 16
12 13
12 14
13 15
14 15
15 17
16 17
17 18
17 19
18 20
19 20
20 21
20 22
21 23
22 23
23 2
23 24
5 8
0 1
0 2
1 1
1 2
2 3
2 4
3 3
3 4
7 10
0 1
0 3
1 2
2 2
2 3
3 4
3 6
4 5
5 5
5 6
8 13
0 1
0 2
1 3
1 2
2 3
3 4
3 5
4 4
4 5
5 6
5 7
6 6
6 7
10 15
0 1
0 2
1 3
1 2
2 3
3 4
3 6
4 5
5 5
5 6
6 7
6 9
7 8
8 8
8 9
17 21
0 1
1 2
1 16
2 3
2 4
3 14
4 5
4 12
5 6
5 7
6 8
7 8
8 9
8 10
9 11
10 11
11 13
12 13
13 14
14 15
15 1
17 21
0 1
1 2
1 16
2 3
2 4
3 14
4 5
4 12
5 6
5 7
6 8
7 8
8 9
8 10
9 11
10 11
11 13
12 13
13 14
14 15
15 1
33 32
0 1
0 2
2 3
2 4
4 5
4 6
6 7
6 10
7 8
7 9
10 11
10 14
11 12
11 13
14 15
14 16
16 17
16 20
17 18
17 19
20 21
20 22
22 23
22 24
24 25
24 32
25 26
25 31
26 27
26 28
28 29
28 30
33 32
0 1
0 2
2 3
2 4
4 5
4 6
6 7
6 10
7 8
7 9
10 11
10 14
11 12
11 13
14 15
14 16
16 17
16 20
17 18
17 19
20 21
20 22
22 23
22 24
24 25
24 32
25 26
25 31
26 27
26 28
28 29
28 30
25 24
0 1
0 2
2 3
2 4
4 5
4 6
6 7
6 10
7 8
7 9
10 11
10 14
11 12
11 13
14 15
14 16
16 17
16 24
17 18
17 23
18 19
18 20
20 21
20 22
25 24
0 1
0 2
2 3
2 4
4 5
4 6
6 7
6 10
7 8
7 9
10 11
10 14
11 12
11 13
14 15
14 16
16 17
16 24
17 18
17 23
18 19
18 20
20 21
20 22
17 20
0 1
0 2
2 3
2 4
4 5
4 6
5 7
6 7
7 8
8 9
8 10
9 13
10 11
10 12
11 13
12 13
13 14
13 15
14 16
15 16
16 18
0 1
0 2
2 3
2 4
4 5
4 6
5 7
6 7
7 8
8 9
8 10
9 13
10 11
10 12
11 13
12 14
13 15
14 15
3 4
0 1
0 2
1 1
1 2
3 4
0 1
0 2
1 1
1 2
8 9
0 1
0 2
2 3
2 4
4 5
4 7
5 6
6 5
6 7
8 9
0 1
0 2
2 3
2 4
4 5
4 7
5 6
6 5
6 7
1 0
1 0
14 17
0 1
1 2
1 13
2 3
2 7
3 4
3 5
4 6
5 6
6 8
7 8
8 9
8 10
9 11
10 11
11 12
12 1
14 17
0 1
1 2
1 13
2 3
2 7
3 4
3 5
4 6
5 6
6 8
7 8
8 9
8 10
9 11
10 11
11 12
12 1
5 5
0 1
1 2
1 4
2 3
3 1
5 5
0 1
1 2
1 4
2 3
3 1
5 4
0 1
0 2
2 3
2 4
5 4
0 1
0 2
2 3
2 4
31 41
0 1
1 2
1 12
2 3
3 4
3 5
4 8
5 6
5 7
6 8
7 8
8 9
8 10
9 11
10 11
11 13
12 13
13 14
13 15
14 1
15 16
15 17
16 27
17 18
17 19
18 20
18 19
19 20
20 21
21 22
21 23
22 21
23 24
24 25
24 26
25 24
26 27
27 28
28 29
28 30
29 28
31 41
0 1
1 2
1 12
2 3
3 4
3 5
4 8
5 6
5 7
6 8
7 8
8 9
8 10
9 11
10 11
11 13
12 13
13 14
13 15
14 1
15 16
15 17
16 27
17 18
17 19
18 20
18 19
19 20
20 21
21 22
21 23
22 21
23 24
24 25
24 26
25 24
26 27
27 28
28 29
28 30
29 28
8 9
0 1
1 2
1 7
2 3
2 4
3 5
4 5
5 6
6 1
7 9
0 1
0 6
1 2
1 3
2 4
3 4
4 5
5 1
5 6
20 25
0 1
1 2
1 6
2 3
2 4
3 5
4 5
5 7
6 7
7 8
7 19
8 9
8 13
9 10
9 11
10 12
11 12
12 14
13 14
14 15
14 16
15 17
16 17
17 18
18 1
20 25
0 1
1 2
1 6
2 3
2 4
3 5
4 5
5 7
6 7
7 8
7 19
8 9
8 13
9 10
9 11
10 12
11 12
12 14
13 14
14 15
14 16
15 17
16 17
17 18
18 1
5 4
0 1
0 2
2 3
2 4
7 6
0 1
0 2
2 3
2 4
4 5
4 6
7 6
0 1
0 2
2 3
2 4
4 5
4 6
14 17
0 1
1 2
1 13
2 3
2 4
3 12
4 5
4 6
5 10
6 7
6 8
7 9
8 9
9 10
10 11
11 12
12 1
14 17
0 1
1 2
1 13
2 3
2 4
3 12
4 5
4 6
5 10
6 7
6 8
7 9
8 9
9 10
10 11
11 12
12 1
17 16
0 1
0 4
1 2
1 3
4 5
4 12
5 6
5 11
6 7
6 10
7 8
7 9
12 13
12 16
13 14
13 15
17 16
0 1
0 4
1 2
1 3
4 5
4 12
5 6
5 11
6 7
6 10
7 8
7 9
12 13
12 16
13 14
13 15
33 32
0 1
0 10
1 2
1 3
3 4
3 9
4 5
4 6
6 7
6 8
10 11
10 28
11 12
11 17
12 13
12 14
14 15
14 16
17 18
17 27
18 19
18 20
20 21
20 22
22 23
22 24
24 25
24 26
28 29
28 32
29 30
29 31
33 32
0 1
0 10
1 2
1 3
3 4
3 9
4 5
4 6
6 7
6 8
10 11
10 28
11 12
11 17
12 13
12 14
14 15
14 16
17 18
17 27
18 19
18 20
20 21
20 22
22 23
22 24
24 25
24 26
28 29
28 32
29 30
29 31
11 10
0 1
0 2
2 3
2 8
3 4
3 5
5 6
5 7
8 9
8 10
11 10
0 1
0 2
2 3
2 8
3 4
3 5
5 6
5 7
8 9
8 10
5 4
0 1
0 2
2 3
2 4
3 2
0 1
0 2
3 2
0 1
0 2
3 2
0 1
0 2
5 4
0 1
0 2
2 3
2 4
5 4
0 1
0 2
2 3
2 4
6 6
0 1
0 2
2 3
2 4
3 5
4 5
6 6
0 1
0 2
2 3
2 4
3 5
4 5
13 12
0 1
0 12
1 2
1 11
2 3
2 10
3 4
3 9
4 5
4 8
5 6
5 7
13 12
0 1
0 12
1 2
1 11
2 3
2 10
3 4
3 9
4 5
4 8
5 6
5 7
15 14
0 1
0 14
1 2
1 13
2 3
2 12
3 4
3 11
4 5
4 10
5 6
5 9
6 7
6 8
15 14
0 1
0 14
1 2
1 13
2 3
2 12
3 4
3 11
4 5
4 10
5 6
5 9
6 7
6 8
19 24
0 1
1 2
1 6
2 3
2 4
3 5
4 5
5 7
6 7
7 8
7 18
8 9
8 13
9 10
9 11
10 12
11 12
12 14
13 14
14 15
14 16
15 17
16 17
17 1
19 24
0 1
1 2
1 6
2 3
2 4
3 5
4 5
5 7
6 7
7 8
7 18
8 9
8 13
9 10
9 11
10 12
11 12
12 14
13 14
14 15
14 16
15 17
16 17
17 1
19 24
0 1
1 2
1 6
2 3
2 4
3 5
4 5
5 7
6 7
7 8
7 18
8 9
8 13
9 10
9 11
10 12
11 12
12 14
13 14
14 15
14 16
15 17
16 17
17 1
19 24
0 1
1 2
1 6
2 3
2 4
3 5
4 5
5 7
6 7
7 8
7 18
8 9
8 13
9 10
9 11
10 12
11 12
12 14
13 14
14 15
14 16
15 17
16 17
17 1
17 21
0 1
1 2
1 6
2 3
2 4
3 5
4 5
5 7
6 7
7 8
7 16
8 9
8 10
9 14
10 11
10 12
11 13
12 13
13 14
14 15
15 1
17 21
0 1
1 2
1 6
2 3
2 4
3 5
4 5
5 7
6 7
7 8
7 16
8 9
8 10
9 14
10 11
10 12
11 13
12 13
13 14
14 15
15 1
19 24
0 1
0 5
1 2
1 3
2 4
3 4
4 6
5 6
6 7
6 8
7 18
8 9
8 13
9 10
9 11
10 12
11 12
12 14
13 14
14 15
14 16
15 17
16 17
17 18
19 24
0 1
0 5
1 2
1 3
2 4
3 4
4 6
5 6
6 7
6 8
7 18
8 9
8 13
9 10
9 11
10 12
11 12
12 14
13 14
14 15
14 16
15 17
16 17
17 18
30 38
0 1
1 2
1 6
2 3
2 4
3 5
4 5
5 7
6 7
7 8
7 29
8 9
8 13
9 10
9 11
10 12
11 12
12 14
13 14
14 15
14 16
15 26
16 17
16 21
17 18
17 19
18 20
19 20
20 22
21 22
22 23
22 24
23 25
24 25
25 26
26 27
27 28
28 1
30 38
0 1
1 2
1 6
2 3
2 4
3 5
4 5
5 7
6 7
7 8
7 29
8 9
8 13
9 10
9 11
10 12
11 12
12 14
13 14
14 15
14 16
15 26
16 17
16 21
17 18
17 19
18 20
19 20
20 22
21 22
22 23
22 24
23 25
24 25
25 26
26 27
27 28
28 1
33 42
0 1
1 2
1 9
2 3
2 7
3 4
3 5
4 6
5 6
6 8
7 8
8 10
9 10
10 11
10 32
11 12
11 16
12 13
12 14
13 15
14 15
15 17
16 17
17 18
17 19
18 29
19 20
19 24
20 21
20 22
21 23
22 23
23 25
24 25
25 26
25 27
26 28
27 28
28 29
29 30
30 31
31 1
33 42
0 1
1 2
1 9
2 3
2 7
3 4
3 5
4 6
5 6
6 8
7 8
8 10
9 10
10 11
10 32
11 12
11 16
12 13
12 14
13 15
14 15
15 17
16 17
17 18
17 19
18 29
19 20
19 24
20 21
20 22
21 23
22 23
23 25
24 25
25 26
25 27
26 28
27 28
28 29
29 30
30 31
31 1
7 6
0 1
0 6
1 2
1 5
2 3
2 4
7 6
0 1
0 6
1 2
1 5
2 3
2 4
27 32
0 1
0 2
2 3
2 26
3 4
3 25
4 5
5 6
5 10
6 7
6 8
7 9
8 9
9 11
10 11
11 12
11 13
12 23
13 14
13 18
14 15
14 16
15 17
16 17
17 19
18 19
19 20
19 21
20 22
21 22
22 23
23 24
27 32
0 1
0 2
2 3
2 26
3 4
3 25
4 5
5 6
5 10
6 7
6 8
7 9
8 9
9 11
10 11
11 12
11 13
12 23
13 14
13 18
14 15
14 16
15 17
16 17
17 19
18 19
19 20
19 21
20 22
21 22
22 23
23 24
29 36
0 1
0 2
2 3
2 4
3 8
4 5
4 6
5 7
6 7
7 8
8 9
8 10
9 11
10 11
11 12
11 13
12 17
13 14
13 15
14 16
15 16
16 17
17 18
17 19
18 20
19 20
20 21
20 25
21 22
21 23
22 24
23 24
24 26
25 26
26 27
26 28
29 36
0 1
0 2
2 3
2 4
3 8
4 5
4 6
5 7
6 7
7 8
8 9
8 10
9 11
10 11
11 12
11 13
12 17
13 14
13 15
14 16
15 16
16 17
17 18
17 19
18 20
19 20
20 21
20 25
21 22
21 23
22 24
23 24
24 26
25 26
26 27
26 28
14 14
0 1
0 13
1 2
1 12
2 3
2 11
3 4
3 10
4 5
4 6
5 7
6 7
7 8
7 9
14 14
0 1
0 13
1 2
1 12
2 3
2 11
3 4
3 10
4 5
4 6
5 7
6 7
7 8
7 9
14 14
0 1
0 13
1 2
1 12
2 3
2 11
3 4
3 10
4 5
4 6
5 7
6 7
7 8
7 9
14 14
0 1
0 13
1 2
1 12
2 3
2 11
3 4
3 10
4 5
4 6
5 7
6 7
7 8
7 9
19 22
0 1
0 2
2 3
2 4
3 8
4 5
4 6
5 7
6 7
7 8
8 9
8 10
10 11
10 15
11 12
11 13
12 14
13 14
14 16
15 16
16 17
16 18
19 22
0 1
0 2
2 3
2 4
3 8
4 5
4 6
5 7
6 7
7 8
8 9
8 10
10 11
10 15
11 12
11 13
12 14
13 14
14 16
15 16
16 17
16 18
22 28
0 1
1 2
1 3
3 4
3 5
4 1
5 6
5 7
6 11
7 8
7 9
8 10
9 10
10 11
11 12
11 13
12 1
13 14
13 18
14 15
14 16
15 17
16 17
17 19
18 19
19 20
19 21
21 1
22 28
0 1
1 2
1 3
3 4
3 5
4 1
5 6
5 7
6 11
7 8
7 9
8 10
9 10
10 11
11 12
11 13
12 1
13 14
13 18
14 15
14 16
15 17
16 17
17 19
18 19
19 20
19 21
21 1
1 0
1 0
22 28
0 1
1 2
1 3
3 4
3 5
4 1
5 6
5 7
6 11
7 8
7 9
8 10
9 10
10 11
11 12
11 13
12 1
13 14
13 18
14 15
14 16
15 17
16 17
17 19
18 19
19 20
19 21
21 1
22 28
0 1
1 2
1 3
3 4
3 5
4 1
5 6
5 7
6 11
7 8
7 9
8 10
9 10
10 11
11 12
11 13
12 1
13 14
13 18
14 15
14 16
15 17
16 17
17 19
18 19
19 20
19 21
21 1
1 0
1 0
77 76
0 1
0 2
2 3
2 4
4 5
4 6
6 7
6 8
8 9
8 10
10 11
10 12
12 13
12 14
14 15
14 16
16 17
16 18
18 19
18 20
20 21
20 22
22 23
22 24
24 25
24 26
26 27
26 28
28 29
28 30
30 31
30 32
32 33
32 34
34 35
34 36
36 37
36 38
38 39
38 40
40 41
40 42
42 43
42 44
44 45
44 46
46 47
46 48
48 49
48 50
50 51
50 52
52 53
52 54
54 55
54 56
56 57
56 58
58 59
58 60
60 61
60 62
62 63
62 64
64 65
64 66
66 67
66 70
67 68
67 69
70 71
70 72
72 73
72 74
74 75
74 76
77 76
0 1
0 2
2 3
2 4
4 5
4 6
6 7
6 8
8 9
8 10
10 11
10 12
12 13
12 14
14 15
14 16
16 17
16 18
18 19
18 20
20 21
20 22
22 23
22 24
24 25
24 26
26 27
26 28
28 29
28 30
30 31
30 32
32 33
32 34
34 35
34 36
36 37
36 38
38 39
38 40
40 41
40 42
42 43
42 44
44 45
44 46
46 47
46 48
48 49
48 50
50 51
50 52
52 53
52 54
54 55
54 56
56 57
56 58
58 59
58 60
60 61
60 62
62 63
62 64
64 65
64 66
66 67
66 70
67 68
67 69
70 71
70 72
72 73
72 74
74 75
74 76
9 10
0 1
0 5
1 2
1 3
2 4
3 4
4 6
5 6
6 7
6 8
9 10
0 1
0 5
1 2
1 3
2 4
3 4
4 6
5 6
6 7
6 8
3 4
0 1
0 2
1 1
1 2
4 5
0 1
0 3
1 2
2 2
2 3
8 9
0 1
0 2
2 3
2 4
4 5
4 7
5 6
6 5
6 7
9 10
0 1
0 2
2 3
2 4
4 5
4 8
5 6
6 7
7 6
7 8
9 10
0 1
0 5
1 2
1 3
2 4
3 4
4 6
5 6
6 7
6 8
9 10
0 1
0 5
1 2
1 3
2 4
3 4
4 6
5 6
6 7
6 8
6 8
0 1
0 5
1 2
1 3
2 4
3 4
4 1
4 5
7 9
0 1
0 6
1 2
2 3
2 4
3 5
4 5
5 2
5 6
8 9
0 1
0 2
2 3
2 4
4 5
4 7
5 6
6 5
6 7
9 10
0 1
0 2
2 3
2 4
4 5
4 8
5 6
6 7
7 6
7 8
5 4
0 1
0 2
2 3
2 4
5 4
0 1
0 2
2 3
2 4
4 5
0 1
0 2
1 3
1 2
2 3
4 5
0 1
0 2
1 3
1 2
2 3
11 12
0 1
0 2
1 6
2 3
2 4
3 5
4 5
5 6
6 7
6 8
8 9
8 10
11 12
0 1
0 2
1 6
2 3
2 4
3 5
4 5
5 6
6 7
6 8
8 9
8 10
14 16
0 1
0 2
1 9
2 3
2 4
3 8
4 5
4 6
5 7
6 7
7 8
8 9
9 10
9 11
11 12
11 13
14 16
0 1
0 2
1 9
2 3
2 4
3 8
4 5
4 6
5 7
6 7
7 8
8 9
9 10
9 11
11 12
11 13
7 6
0 1
0 6
1 2
1 5
2 3
2 4
7 6
0 1
0 6
1 2
1 5
2 3
2 4
11 12
0 1
0 10
1 2
1 3
2 7
3 4
3 5
4 6
5 6
6 7
7 8
7 9
11 12
0 1
0 10
1 2
1 3
2 7
3 4
3 5
4 6
5 6
6 7
7 8
7 9
9 8
0 1
0 2
2 3
2 8
3 4
3 7
4 5
4 6
9 8
0 1
0 2
2 3
2 8
3 4
3 7
4 5
4 6
19 22
0 1
0 18
1 2
1 17
2 3
2 13
3 4
3 11
4 5
4 9
5 6
5 7
6 8
7 8
8 10
9 10
10 12
11 12
12 14
13 14
14 15
14 16
19 22
0 1
0 18
1 2
1 17
2 3
2 13
3 4
3 11
4 5
4 9
5 6
5 7
6 8
7 8
8 10
9 10
10 12
11 12
12 14
13 14
14 15
14 16
3 4
0 1
0 2
1 1
1 2
4 5
0 1
0 3
1 2
2 2
2 3
8 9
0 1
0 2
2 3
2 4
4 5
4 7
5 6
6 5
6 7
9 10
0 1
0 2
2 3
2 4
4 5
4 8
5 6
6 7
7 6
7 8
9 14
0 1
0 2
1 3
1 2
2 3
3 4
3 5
4 6
4 5
5 6
6 7
6 8
7 7
7 8
13 21
0 1
0 2
1 3
1 2
2 3
3 4
3 5
4 6
4 5
5 6
6 7
6 12
7 8
8 9
8 11
9 10
9 11
10 10
10 12
11 11
11 12
4 5
0 1
0 2
1 3
1 2
2 3
3 2
0 1
1 2
16 21
0 1
0 2
1 3
1 2
2 3
3 4
4 5
4 15
5 6
5 10
6 7
6 8
7 9
8 9
9 11
10 11
11 12
11 13
12 14
13 14
14 4
16 21
0 1
0 2
1 3
1 2
2 3
3 4
4 5
4 15
5 6
5 10
6 7
6 8
7 9
8 9
9 11
10 11
11 12
11 13
12 14
13 14
14 4
7 8
0 1
1 2
1 6
2 3
2 4
3 5
4 5
5 1
7 8
0 1
1 2
1 6
2 3
2 4
3 5
4 5
5 1
22 28
0 1
1 2
1 21
2 3
2 7
3 4
3 5
4 6
5 6
6 8
7 8
8 9
8 19
9 10
9 14
10 11
10 12
11 13
12 13
13 15
14 15
15 16
15 17
16 18
17 18
18 20
19 20
20 1
22 29
0 1
0 21
1 2
2 3
2 7
3 4
3 5
4 6
5 6
6 8
7 8
8 9
8 19
9 10
9 14
10 11
10 12
11 13
12 13
13 15
14 15
15 16
15 17
16 18
17 18
18 20
19 20
20 2
20 21
8 9
0 1
0 2
2 3
2 4
4 5
4 7
5 6
6 5
6 7
9 10
0 1
0 2
2 3
2 4
4 5
4 8
5 6
6 7
7 6
7 8
20 25
0 1
1 2
1 6
2 3
2 4
3 5
4 5
5 7
6 7
7 8
7 19
8 9
8 13
9 10
9 11
10 12
11 12
12 14
13 14
14 15
14 16
15 17
16 17
17 18
18 1
20 25
0 1
1 2
1 6
2 3
2 4
3 5
4 5
5 7
6 7
7 8
7 19
8 9
8 13
9 10
9 11
10 12
11 12
12 14
13 14
14 15
14 16
15 17
16 17
17 18
18 1
26 30
0 1
0 5
1 2
1 3
2 4
3 4
4 6
5 6
6 7
6 8
7 9
8 9
9 10
9 25
10 11
10 15
11 12
11 13
12 14
13 14
14 16
15 16
16 17
16 24
17 18
17 23
18 19
18 22
19 20
19 21
26 30
0 1
0 5
1 2
1 3
2 4
3 4
4 6
5 6
6 7
6 8
7 9
8 9
9 10
9 25
10 11
10 15
11 12
11 13
12 14
13 14
14 16
15 16
16 17
16 24
17 18
17 23
18 19
18 22
19 20
19 21
30 38
0 1
0 2
1 6
2 3
2 4
3 5
4 5
5 6
6 7
6 8
8 9
9 10
9 29
10 11
10 24
11 12
11 16
12 13
12 14
13 15
14 15
15 17
16 17
17 18
17 19
18 20
19 20
20 21
20 22
21 23
22 23
23 25
24 25
25 26
25 27
26 28
27 28
28 9
30 39
0 1
0 2
1 6
2 3
2 4
3 5
4 5
5 6
6 7
6 8
8 9
8 29
9 10
10 11
10 24
11 12
11 16
12 13
12 14
13 15
14 15
15 17
16 17
17 18
17 19
18 20
19 20
20 21
20 22
21 23
22 23
23 25
24 25
25 26
25 27
26 28
27 28
28 10
28 29
19 24
0 1
1 2
1 18
2 3
2 13
3 4
3 11
4 5
4 9
5 6
5 7
6 8
7 8
8 10
9 10
10 12
11 12
12 14
13 14
14 15
14 16
15 17
16 17
17 1
19 25
0 1
0 18
1 2
2 3
2 13
3 4
3 11
4 5
4 9
5 6
5 7
6 8
7 8
8 10
9 10
10 12
11 12
12 14
13 14
14 15
14 16
15 17
16 17
17 2
17 18
68 86
0 1
0 2
1 9
2 3
2 4
3 8
4 5
4 6
5 7
6 7
7 8
8 9
9 10
9 11
11 12
11 13
12 14
13 14
14 15
14 16
15 17
16 17
17 18
17 22
18 19
18 20
19 21
20 21
21 23
22 23
23 24
23 25
25 26
25 27
26 28
27 28
28 29
28 56
29 30
29 31
30 32
31 32
32 33
33 34
34 35
34 51
35 36
35 46
36 37
36 44
37 38
37 42
38 39
38 40
39 41
40 41
41 43
42 43
43 45
44 45
45 47
46 47
47 48
47 49
48 50
49 50
50 34
51 52
52 53
52 54
53 55
54 55
55 57
56 57
57 58
57 59
59 60
59 64
60 61
60 62
61 63
62 63
63 65
64 65
65 66
65 67
68 87
0 1
0 2
1 9
2 3
2 4
3 8
4 5
4 6
5 7
6 7
7 8
8 9
9 10
9 11
11 12
11 13
12 14
13 14
14 15
14 16
15 17
16 17
17 18
17 22
18 19
18 20
19 21
20 21
21 23
22 23
23 24
23 25
25 26
25 27
26 28
27 28
28 29
28 56
29 30
29 31
30 32
31 32
32 33
33 34
33 51
34 35
35 36
35 46
36 37
36 44
37 38
37 42
38 39
38 40
39 41
40 41
41 43
42 43
43 45
44 45
45 47
46 47
47 48
47 49
48 50
49 50
50 35
50 51
51 52
52 53
52 54
53 55
54 55
55 57
56 57
57 58
57 59
59 60
59 64
60 61
60 62
61 63
62 63
63 65
64 65
65 66
65 67
7 6
0 1
0 6
1 2
1 5
2 3
2 4
7 6
0 1
0 6
1 2
1 5
2 3
2 4
22 26
0 1
0 8
1 2
1 6
2 3
2 4
3 5
4 5
5 7
6 7
7 9
8 9
9 10
9 21
10 11
10 12
12 13
12 17
13 14
13 15
14 16
15 16
16 18
17 18
18 19
18 20
22 26
0 1
0 8
1 2
1 6
2 3
2 4
3 5
4 5
5 7
6 7
7 9
8 9
9 10
9 21
10 11
10 12
12 13
12 17
13 14
13 15
14 16
15 16
16 18
17 18
18 19
18 20
11 10
0 1
0 4
1 2
1 3
4 5
4 10
5 6
5 9
6 7
6 8
11 10
0 1
0 4
1 2
1 3
4 5
4 10
5 6
5 9
6 7
6 8
3 4
0 1
0 2
1 1
1 2
4 5
0 1
0 3
1 2
2 2
2 3
9 10
0 1
0 2
2 3
2 5
3 4
5 6
5 8
6 7
7 6
7 8
10 11
0 1
0 2
2 3
2 5
3 4
5 6
5 9
6 7
7 8
8 7
8 9
49 72
0 1
0 2
1 3
1 2
2 3
3 4
3 5
4 6
4 5
5 6
6 7
6 8
7 9
7 8
8 9
9 10
9 11
10 12
10 11
11 12
12 13
12 14
13 15
13 14
14 15
15 16
15 17
16 18
16 17
17 18
18 19
19 20
19 21
20 19
21 22
21 23
22 24
23 24
24 25
24 26
25 27
25 26
26 27
27 28
27 29
28 30
28 29
29 30
30 31
31 32
31 48
32 33
32 34
33 35
34 35
35 36
35 46
36 37
36 41
37 38
37 39
38 40
39 40
40 42
41 42
42 43
42 44
43 45
44 45
45 47
46 47
47 31
49 73
0 1
0 2
1 3
1 2
2 3
3 4
3 5
4 6
4 5
5 6
6 7
6 8
7 9
7 8
8 9
9 10
9 11
10 12
10 11
11 12
12 13
12 14
13 15
13 14
14 15
15 16
15 17
16 18
16 17
17 18
18 19
18 21
19 20
20 20
20 21
21 22
21 23
22 24
23 24
24 25
24 26
25 27
25 26
26 27
27 28
27 29
28 30
28 29
29 30
30 31
31 32
31 48
32 33
32 34
33 35
34 35
35 36
35 46
36 37
36 41
37 38
37 39
38 40
39 40
40 42
41 42
42 43
42 44
43 45
44 45
45 47
46 47
47 31
7 6
0 1
0 2
2 3
2 6
3 4
3 5
7 6
0 1
0 2
2 3
2 6
3 4
3 5
3 3
0 1
0 2
2 0
3 3
0 1
0 2
2 0
9 10
0 1
0 2
1 6
2 3
2 4
3 5
4 5
5 6
6 7
6 8
9 10
0 1
0 2
1 6
2 3
2 4
3 5
4 5
5 6
6 7
6 8
26 30
0 1
0 25
1 2
1 24
2 3
2 23
3 4
3 22
4 5
4 6
5 7
6 7
7 8
7 9
8 19
9 10
9 14
10 11
10 12
11 13
12 13
13 15
14 15
15 16
15 17
16 18
17 18
18 19
19 20
19 21
26 30
0 1
0 25
1 2
1 24
2 3
2 23
3 4
3 22
4 5
4 6
5 7
6 7
7 8
7 9
8 19
9 10
9 14
10 11
10 12
11 13
12 13
13 15
14 15
15 16
15 17
16 18
17 18
18 19
19 20
19 21
7 8
0 1
0 2
2 3
2 6
3 4
3 5
4 0
6 0
7 8
0 1
0 2
2 3
2 6
3 4
3 5
4 0
6 0
7 8
0 1
0 2
2 3
2 6
3 4
3 5
4 0
6 0
7 8
0 1
0 2
2 3
2 6
3 4
3 5
4 0
6 0
1 0
1 0
7 8
0 1
1 2
1 3
3 4
3 5
4 6
5 6
6 1
7 8
0 1
1 2
1 3
3 4
3 5
4 6
5 6
6 1
10 12
0 1
1 2
1 3
3 4
3 5
4 6
5 6
6 7
6 8
7 9
8 9
9 1
10 12
0 1
1 2
1 3
3 4
3 5
4 6
5 6
6 7
6 8
7 9
8 9
9 1
19 22
0 1
0 2
1 12
2 3
2 4
3 11
4 5
4 6
5 10
6 7
6 8
7 9
8 9
9 10
10 11
11 12
12 13
12 14
14 15
14 16
16 17
16 18
19 22
0 1
0 2
1 12
2 3
2 4
3 11
4 5
4 6
5 10
6 7
6 8
7 9
8 9
9 10
10 11
11 12
12 13
12 14
14 15
14 16
16 17
16 18
13 16
0 1
0 2
1 9
2 3
2 4
3 5
4 5
5 6
5 7
6 8
7 8
8 9
9 10
9 11
10 12
11 12
12 15
0 1
0 2
1 8
2 3
2 4
3 6
4 5
4 6
5 7
6 7
7 8
8 9
8 10
9 11
10 11
57 73
0 1
0 2
1 9
2 3
2 4
3 8
4 5
4 6
5 7
6 7
7 8
8 9
9 10
9 11
11 12
11 13
13 14
13 18
14 15
14 16
15 17
16 17
17 19
18 19
19 20
19 21
20 48
21 22
22 23
22 24
23 34
24 25
24 26
25 33
26 27
26 28
27 32
28 29
28 30
29 31
30 31
31 32
32 33
33 34
34 35
34 36
35 41
36 37
36 38
37 41
38 39
38 40
39 41
40 41
41 42
41 43
42 47
43 44
43 45
44 46
45 46
46 47
47 48
48 49
48 56
49 50
49 51
50 52
51 52
52 53
52 54
53 55
54 55
56 71
0 1
0 2
1 9
2 3
2 4
3 8
4 5
4 6
5 7
6 7
7 8
8 9
9 10
9 11
11 12
11 13
13 14
13 18
14 15
14 16
15 17
16 17
17 19
18 19
19 20
19 21
20 47
21 22
22 23
22 24
23 34
24 25
24 26
25 33
26 27
26 28
27 32
28 29
28 30
29 31
30 31
31 32
32 33
33 34
34 35
34 36
35 42
36 37
36 38
37 41
38 39
38 40
39 41
40 42
41 46
42 43
42 44
43 45
44 45
45 46
46 47
47 48
47 55
48 49
48 50
49 51
50 51
51 52
51 53
52 54
53 54
11 13
0 1
1 2
1 10
2 3
2 4
3 8
4 5
4 6
5 7
6 7
7 8
8 9
9 1
11 14
0 1
0 10
1 2
2 3
2 4
3 8
4 5
4 6
5 7
6 7
7 8
8 9
9 2
9 10
1 0
1 0
21 31
0 1
0 5
1 2
1 3
2 4
2 3
3 4
5 6
5 7
6 8
7 8
8 9
8 10
9 11
9 10
10 11
11 12
11 13
12 14
12 13
13 14
14 15
14 16
15 17
15 16
16 17
17 18
17 19
18 20
18 19
19 20
20 28
0 1
0 4
1 2
2 3
4 5
4 6
5 7
6 7
7 8
7 9
8 10
8 9
9 10
10 11
10 12
11 13
11 12
12 13
13 14
13 15
14 16
14 15
15 16
16 17
16 18
17 19
17 18
18 19
16 20
0 1
1 2
1 3
3 4
3 5
4 9
5 6
5 7
6 8
7 8
8 9
9 10
9 11
10 1
11 12
11 15
12 13
12 14
13 1
15 1
16 20
0 1
1 2
1 3
3 4
3 5
4 9
5 6
5 7
6 8
7 8
8 9
9 10
9 11
10 1
11 12
11 15
12 13
12 14
13 1
15 1
3 2
0 1
0 2
3 2
0 1
0 2
3 2
0 1
0 2
3 2
0 1
0 2
5 4
0 1
0 2
2 3
2 4
5 4
0 1
0 2
2 3
2 4
36 46
0 1
0 2
1 3
2 3
3 4
3 5
4 6
5 6
6 7
6 8
7 9
8 9
9 10
9 11
10 12
11 12
12 13
12 14
13 27
14 15
14 16
15 26
16 17
16 18
17 25
18 19
18 20
19 24
20 21
20 22
21 23
22 23
23 24
24 25
25 26
26 27
27 28
27 29
29 30
29 31
30 32
31 32
32 33
32 34
33 35
34 35
34 44
0 1
0 2
1 3
1 4
2 4
3 5
4 5
5 6
5 7
6 8
6 9
7 9
8 10
9 10
10 11
10 12
11 25
12 13
12 14
13 24
14 15
14 16
15 23
16 17
16 18
17 22
18 19
18 20
19 21
20 21
21 22
22 23
23 24
24 25
25 26
25 27
27 28
27 29
28 30
29 30
30 31
30 32
31 33
32 33
4 5
0 1
0 3
1 2
2 1
2 3
5 6
0 1
0 4
1 2
2 3
3 2
3 4
9 8
0 1
0 2
2 3
2 4
4 5
4 6
6 7
6 8
6 5
0 5
0 1
0 2
0 3
0 4
15 14
0 1
0 2
2 3
2 4
4 5
4 6
6 7
6 8
8 9
8 10
10 11
10 12
12 13
12 14
11 10
0 1
0 2
2 3
2 4
4 10
4 5
4 6
4 7
4 8
4 9
38 49
0 1
0 37
1 2
2 3
2 4
3 11
4 5
4 6
5 11
6 7
6 8
7 11
8 9
8 10
9 11
10 11
11 12
11 36
12 13
12 14
13 15
14 15
15 16
16 17
16 18
17 31
18 19
18 20
19 31
20 21
20 22
21 31
22 23
22 24
23 31
24 25
24 26
25 31
26 27
26 28
27 31
28 29
28 30
29 31
30 31
31 32
31 35
32 33
32 34
29 38
0 1
0 28
1 2
2 7
2 3
2 4
2 5
2 6
3 27
4 27
5 27
6 27
7 8
8 9
8 10
9 11
10 11
11 12
12 13
12 14
13 23
14 15
14 16
15 23
16 22
16 17
16 18
16 19
16 20
16 21
17 23
18 23
19 23
20 23
21 23
22 26
23 24
23 25
3 4
0 1
0 2
1 1
1 2
4 5
0 1
0 3
1 2
2 2
2 3
9 10
0 1
0 2
2 3
2 5
3 4
5 6
5 8
6 7
7 6
7 8
10 11
0 1
0 2
2 3
2 5
3 4
5 6
5 9
6 7
7 8
8 7
8 9
1 0
1 0
4 5
0 1
0 2
1 3
1 2
2 3
4 5
0 1
0 2
1 3
1 2
2 3
32 38
0 1
0 2
1 6
2 3
2 4
3 5
4 5
5 6
6 7
6 8
8 9
8 10
9 17
10 11
10 12
11 16
12 13
12 14
13 15
14 15
15 16
16 17
17 18
17 19
19 20
19 31
20 21
20 30
21 22
21 23
22 27
23 24
23 25
24 26
25 26
26 27
27 28
27 29
32 38
0 1
0 2
1 6
2 3
2 4
3 5
4 5
5 6
6 7
6 8
8 9
8 10
9 17
10 11
10 12
11 16
12 13
12 14
13 15
14 15
15 16
16 17
17 18
17 19
19 20
19 31
20 21
20 30
21 22
21 23
22 27
23 24
23 25
24 26
25 26
26 27
27 28
27 29
5 4
0 1
0 2
2 3
2 4
5 4
0 1
0 2
2 3
2 4
16 19
0 1
0 2
2 3
2 4
3 15
4 5
4 13
5 6
5 11
6 7
6 9
7 8
8 10
9 10
10 12
11 12
12 14
13 14
14 15
16 19
0 1
0 2
2 3
2 4
3 15
4 5
4 13
5 6
5 11
6 7
6 9
7 8
8 10
9 10
10 12
11 12
12 14
13 14
14 15
5 4
0 1
0 2
2 3
2 4
5 4
0 1
0 2
2 3
2 4
7 6
0 1
0 2
2 3
2 4
4 5
4 6
7 6
0 1
0 2
2 3
2 4
4 5
4 6
1 0
1 0
24 32
0 1
1 2
1 23
2 3
2 4
3 22
4 5
4 6
5 22
6 7
6 8
7 22
8 9
8 11
9 10
10 22
11 12
11 14
12 13
13 22
14 15
14 17
15 16
16 22
17 18
17 19
18 22
19 20
19 21
20 22
21 22
22 1
24 32
0 1
1 2
1 23
2 3
2 4
3 22
4 5
4 6
5 22
6 7
6 8
7 22
8 9
8 11
9 10
10 22
11 12
11 14
12 13
13 22
14 15
14 17
15 16
16 22
17 18
17 19
18 22
19 20
19 21
20 22
21 22
22 1
9 10
0 1
0 2
2 3
2 4
4 5
4 8
5 6
6 7
7 5
7 8
9 10
0 1
0 2
2 3
2 4
4 5
4 8
5 6
6 7
7 5
7 8
1 0
1 0
13 12
0 1
0 2
2 3
2 4
4 5
4 6
6 7
6 8
8 9
8 10
10 11
10 12
13 12
0 1
0 2
2 3
2 4
4 5
4 6
6 7
6 8
8 9
8 10
10 11
10 12
43 48
0 1
0 2
2 3
2 4
4 5
4 6
6 7
6 8
8 9
8 10
10 11
10 12
12 13
12 14
14 15
14 16
16 17
16 18
18 19
18 20
20 21
20 22
22 23
22 24
24 25
24 26
26 27
26 42
27 28
28 29
28 30
29 41
30 31
30 32
31 41
32 33
32 34
33 41
34 35
34 36
35 41
36 37
36 38
37 41
38 39
38 40
39 41
40 41
43 48
0 1
0 2
2 3
2 4
4 5
4 6
6 7
6 8
8 9
8 10
10 11
10 12
12 13
12 14
14 15
14 16
16 17
16 18
18 19
18 20
20 21
20 22
22 23
22 24
24 25
24 26
26 27
26 42
27 28
28 29
28 30
29 41
30 31
30 32
31 41
32 33
32 34
33 41
34 35
34 36
35 41
36 37
36 38
37 41
38 39
38 40
39 41
40 41
11 10
0 1
0 2
2 3
2 4
4 5
4 10
5 6
5 7
7 8
7 9
11 10
0 1
0 2
2 3
2 4
4 5
4 10
5 6
5 7
7 8
7 9
73 72
0 1
0 2
2 3
2 4
4 5
4 6
6 7
6 8
8 9
8 10
10 11
10 12
12 13
12 14
14 15
14 16
16 17
16 18
18 19
18 20
20 21
20 22
22 23
22 24
24 25
24 26
26 27
26 28
28 29
28 30
30 31
30 32
32 33
32 34
34 35
34 36
36 37
36 38
38 39
38 40
40 41
40 42
42 43
42 44
44 45
44 46
46 47
46 48
48 49
48 50
50 51
50 52
52 53
52 54
54 55
54 56
56 57
56 58
58 59
58 60
60 61
60 62
62 63
62 64
64 65
64 66
66 67
66 68
68 69
68 70
70 71
70 72
73 72
0 1
0 2
2 3
2 4
4 5
4 6
6 7
6 8
8 9
8 10
10 11
10 12
12 13
12 14
14 15
14 16
16 17
16 18
18 19
18 20
20 21
20 22
22 23
22 24
24 25
24 26
26 27
26 28
28 29
28 30
30 31
30 32
32 33
32 34
34 35
34 36
36 37
36 38
38 39
38 40
40 41
40 42
42 43
42 44
44 45
44 46
46 47
46 48
48 49
48 50
50 51
50 52
52 53
52 54
54 55
54 56
56 57
56 58
58 59
58 60
60 61
60 62
62 63
62 64
64 65
64 66
66 67
66 68
68 69
68 70
70 71
70 72
7 6
0 1
0 2
2 3
2 4
4 5
4 6
7 6
0 1
0 2
2 3
2 4
4 5
4 6
9 8
0 1
0 2
2 3
2 4
4 5
4 6
6 7
6 8
6 5
0 5
0 1
0 2
0 3
0 4
3 2
0 1
0 2
3 2
0 1
0 2
17 16
0 1
0 2
2 3
2 4
4 5
4 6
6 7
6 8
8 9
8 10
10 11
10 12
12 13
12 14
14 15
14 16
10 9
0 9
0 1
0 3
0 5
0 7
0 2
0 4
0 6
0 8
25 32
0 1
0 24
1 2
1 23
2 3
3 4
3 5
4 20
5 6
5 7
6 20
7 8
7 9
8 20
9 10
9 11
10 20
11 12
11 13
12 20
13 14
13 15
14 20
15 16
15 17
16 20
17 18
17 19
18 20
19 20
20 21
20 22
18 25
0 1
0 17
1 2
1 16
2 3
3 12
3 4
3 6
3 8
3 10
3 5
3 7
3 9
3 11
4 13
5 13
6 13
7 13
8 13
9 13
10 13
11 13
12 13
13 14
13 15
5 4
0 1
0 2
2 3
2 4
5 4
0 1
0 2
2 3
2 4
29 28
0 1
0 8
1 2
1 3
3 4
3 5
5 6
5 7
8 9
8 10
10 11
10 12
12 13
12 28
13 14
13 15
15 16
15 17
17 18
17 19
19 20
19 21
21 22
21 23
23 24
23 25
25 26
25 27
29 28
0 1
0 8
1 2
1 3
3 4
3 5
5 6
5 7
8 9
8 10
10 11
10 12
12 13
12 28
13 14
13 15
15 16
15 17
17 18
17 19
19 20
19 21
21 22
21 23
23 24
23 25
25 26
25 27
7 8
0 1
1 2
1 6
2 3
2 4
3 5
4 5
5 1
6 8
0 1
0 5
1 2
1 3
2 4
3 4
4 1
4 5
9 10
0 1
0 2
2 3
2 4
4 5
4 8
5 6
6 7
7 5
7 8
9 10
0 1
0 2
2 3
2 4
4 5
4 8
5 6
6 7
7 5
7 8
1 0
1 0
1 0
1 0
14 16
0 1
0 2
1 3
2 3
3 4
3 5
5 6
5 7
6 8
7 8
8 9
8 10
9 11
10 11
11 12
11 13
14 16
0 1
0 2
1 3
2 3
3 4
3 5
5 6
5 7
6 8
7 8
8 9
8 10
9 11
10 11
11 12
11 13
21 26
0 1
1 2
1 3
3 4
4 5
4 6
5 7
6 7
7 8
7 9
8 18
9 10
9 11
10 12
11 12
12 13
12 14
13 15
14 15
15 16
15 17
16 18
17 18
18 19
18 20
20 1
21 27
0 2
0 1
1 3
3 4
4 5
4 6
5 7
6 7
7 8
7 9
8 18
9 10
9 11
10 12
11 12
12 13
12 14
13 15
14 15
15 16
15 17
16 18
17 18
18 19
18 20
20 2
20 3
11 12
0 1
0 2
1 3
2 3
3 4
3 5
5 6
5 7
6 8
7 8
8 9
8 10
11 12
0 1
0 2
1 3
2 3
3 4
3 5
5 6
5 7
6 8
7 8
8 9
8 10
10 12
0 1
1 2
1 9
2 3
2 4
3 8
4 5
4 7
5 6
6 8
7 8
8 1
10 12
0 1
1 2
1 9
2 3
2 4
3 8
4 5
4 7
5 6
6 8
7 8
8 1
9 10
0 1
0 2
2 3
2 4
4 5
4 8
5 6
6 7
7 5
7 8
9 10
0 1
0 2
2 3
2 4
4 5
4 8
5 6
6 7
7 5
7 8
1 0
1 0
1 0
1 0
9 8
0 1
0 2
2 3
2 4
4 5
4 6
6 7
6 8
9 8
0 1
0 2
2 3
2 4
4 5
4 6
6 7
6 8
5 4
0 1
0 2
2 3
2 4
5 4
0 1
0 2
2 3
2 4
4 5
0 1
0 3
1 2
2 1
2 3
5 6
0 1
0 4
1 2
2 3
3 2
3 4
13 14
0 1
0 12
1 2
1 6
2 3
2 4
3 5
4 5
5 7
6 7
7 8
7 11
8 9
8 10
13 14
0 1
0 12
1 2
1 6
2 3
2 4
3 5
4 5
5 7
6 7
7 8
7 11
8 9
8 10
17 21
0 1
0 2
2 3
3 4
3 15
4 5
4 9
5 6
5 7
6 8
7 8
8 10
9 10
10 11
10 14
11 12
11 13
12 16
13 16
14 16
15 16
17 21
0 1
0 2
2 3
3 4
3 15
4 5
4 9
5 6
5 7
6 8
7 8
8 10
9 10
10 11
10 14
11 12
11 13
12 16
13 16
14 16
15 16
5 4
0 1
0 2
2 3
2 4
5 4
0 1
0 2
2 3
2 4
3 4
0 1
0 2
1 1
1 2
4 5
0 1
0 3
1 2
2 2
2 3
13 16
0 1
1 2
1 3
2 7
3 4
3 5
4 6
5 6
6 7
7 8
7 9
9 10
9 11
10 12
11 12
12 1
13 16
0 1
1 2
1 3
2 7
3 4
3 5
4 6
5 6
6 7
7 8
7 9
9 10
9 11
10 12
11 12
12 1
7 8
0 1
1 2
1 3
3 4
3 5
4 6
5 6
6 1
7 8
0 1
1 2
1 3
3 4
3 5
4 6
5 6
6 1
7 10
0 1
0 2
1 3
1 2
2 3
3 4
3 5
4 6
4 5
5 6
7 10
0 1
0 2
1 3
1 2
2 3
3 4
3 5
4 6
4 5
5 6
16 20
0 1
1 2
1 3
3 4
3 5
4 6
5 6
6 7
6 11
7 8
7 9
8 10
9 10
10 12
11 12
12 13
12 14
13 15
14 15
15 1
16 21
0 2
0 1
1 3
3 4
3 5
4 6
5 6
6 7
6 11
7 8
7 9
8 10
9 10
10 12
11 12
12 13
12 14
13 15
14 15
15 2
15 3
1 0
1 0
3 3
0 1
0 2
2 0
3 3
0 1
0 2
2 0
1 0
1 0
7 8
0 1
1 2
1 3
3 4
3 5
4 6
5 6
6 1
7 8
0 1
1 2
1 3
3 4
3 5
4 6
5 6
6 1
1 0
1 0
1 0
1 0
3 4
0 1
0 2
1 1
1 2
4 5
0 1
0 3
1 2
2 2
2 3
3 4
0 1
0 2
1 1
1 2
4 5
0 1
0 3
1 2
2 2
2 3
9 10
0 1
0 2
2 3
2 5
3 4
5 6
5 8
6 7
7 6
7 8
10 11
0 1
0 2
2 3
2 5
3 4
5 6
5 9
6 7
7 8
8 7
8 9
9 10
0 1
0 2
2 3
2 5
3 4
5 6
5 8
6 7
7 6
7 8
10 11
0 1
0 2
2 3
2 5
3 4
5 6
5 9
6 7
7 8
8 7
8 9
11 10
0 1
0 2
2 3
2 4
4 5
4 6
6 7
6 8
8 9
8 10
11 10
0 1
0 2
2 3
2 4
4 5
4 6
6 7
6 8
8 9
8 10
3 2
0 1
0 2
5 4
0 1
0 4
1 2
1 3
5 4
0 1
0 4
1 2
1 3
5 4
0 1
0 4
1 2
1 3
5 4
0 1
0 4
1 2
1 3
1 0
1 0
9 8
0 1
0 2
2 3
2 4
4 5
4 6
6 7
6 8
9 8
0 1
0 2
2 3
2 4
4 5
4 6
6 7
6 8
3 4
0 1
0 2
1 1
1 2
7 11
0 1
0 6
1 2
2 3
2 5
3 4
3 5
4 4
4 6
5 5
5 6
40 53
0 1
1 2
1 39
2 3
2 29
3 4
4 5
4 6
5 13
6 7
6 8
7 13
8 9
8 10
9 13
10 11
10 12
11 13
12 13
13 14
13 15
14 16
15 16
16 17
16 24
17 18
17 22
18 19
18 20
19 21
20 21
21 23
22 23
23 25
24 25
25 26
25 27
26 28
27 28
28 38
29 30
29 37
30 31
30 32
31 33
32 33
33 34
33 35
34 36
35 36
36 38
37 38
38 1
38 51
0 1
0 37
1 2
2 3
2 28
3 4
4 5
4 6
5 13
6 7
6 8
7 13
8 9
8 10
9 13
10 11
10 12
11 13
12 14
13 15
14 15
15 16
15 23
16 17
16 21
17 18
17 19
18 20
19 20
20 22
21 22
22 24
23 24
24 25
24 26
25 27
26 27
27 36
28 29
28 35
29 30
29 31
30 32
30 33
31 33
32 34
33 34
34 36
35 36
36 2
36 37
6 5
0 1
0 2
2 3
2 5
3 4
6 5
0 1
0 2
2 3
2 5
3 4
4 4
0 1
0 2
2 3
3 0
4 4
0 1
0 2
2 3
3 0
35 47
0 1
0 2
1 3
1 2
2 3
3 4
3 5
4 6
4 5
5 6
6 7
7 8
7 9
8 7
9 10
9 11
10 12
11 12
12 13
13 14
14 15
14 34
15 16
15 23
16 17
16 21
17 18
17 19
18 20
19 20
20 22
21 22
22 24
23 24
24 25
24 32
25 26
25 30
26 27
26 28
27 29
28 29
29 31
30 31
31 33
32 33
33 14
35 48
0 1
0 2
1 3
1 2
2 3
3 4
3 5
4 6
4 5
5 6
6 7
6 9
7 8
8 8
8 9
9 10
9 11
10 12
11 12
12 13
13 14
14 15
14 34
15 16
15 23
16 17
16 21
17 18
17 19
18 20
19 20
20 22
21 22
22 24
23 24
24 25
24 32
25 26
25 30
26 27
26 28
27 29
28 29
29 31
30 31
31 33
32 33
33 14
18 22
0 1
0 2
1 6
2 3
2 4
3 5
4 5
5 6
6 7
6 8
8 9
8 13
9 10
9 11
10 12
11 12
12 14
13 14
14 15
14 16
15 17
16 17
18 22
0 1
0 2
1 6
2 3
2 4
3 5
4 5
5 6
6 7
6 8
8 9
8 13
9 10
9 11
10 12
11 12
12 14
13 14
14 15
14 16
15 17
16 17
19 24
0 1
1 2
1 18
2 3
2 4
3 5
4 5
5 6
5 13
6 7
6 11
7 8
7 9
8 10
9 10
10 12
11 12
12 14
13 14
14 15
14 16
15 17
16 17
17 1
19 24
0 1
1 2
1 18
2 3
2 4
3 5
4 5
5 6
5 13
6 7
6 11
7 8
7 9
8 10
9 10
10 12
11 12
12 14
13 14
14 15
14 16
15 17
16 17
17 1
5 4
0 1
0 2
2 3
2 4
5 4
0 1
0 2
2 3
2 4
16 20
0 1
1 2
1 6
2 3
2 4
3 5
4 5
5 7
6 7
7 8
7 15
8 9
9 10
9 11
10 14
11 12
11 13
12 14
13 14
14 1
16 20
0 1
1 2
1 6
2 3
2 4
3 5
4 5
5 7
6 7
7 8
7 15
8 9
9 10
9 11
10 14
11 12
11 13
12 14
13 14
14 1
19 21
0 1
0 2
2 3
2 8
3 4
3 5
5 6
5 7
8 9
9 10
9 14
10 11
10 12
11 13
12 13
13 15
14 15
15 16
15 18
16 17
17 9
19 21
0 1
0 2
2 3
2 8
3 4
3 5
5 6
5 7
8 9
9 10
9 14
10 11
10 12
11 13
12 13
13 15
14 15
15 16
15 18
16 17
17 9
1 0
1 0
40 48
0 1
0 13
1 2
1 9
2 3
2 7
3 4
3 5
4 6
5 6
6 8
7 8
8 10
9 10
10 11
10 12
13 14
13 26
14 15
14 22
15 16
15 20
16 17
16 18
17 19
18 19
19 21
20 21
21 23
22 23
23 24
23 25
26 27
26 39
27 28
27 35
28 29
28 33
29 30
29 31
30 32
31 32
32 34
33 34
34 36
35 36
36 37
36 38
40 48
0 1
0 13
1 2
1 9
2 3
2 7
3 4
3 5
4 6
5 6
6 8
7 8
8 10
9 10
10 11
10 12
13 14
13 26
14 15
14 22
15 16
15 20
16 17
16 18
17 19
18 19
19 21
20 21
21 23
22 23
23 24
23 25
26 27
26 39
27 28
27 35
28 29
28 33
29 30
29 31
30 32
31 32
32 34
33 34
34 36
35 36
36 37
36 38
1 0
1 0
3 4
0 1
0 2
1 1
1 2
4 5
0 1
0 3
1 2
2 2
2 3
9 10
0 1
0 2
2 3
2 5
3 4
5 6
5 8
6 7
7 6
7 8
10 11
0 1
0 2
2 3
2 5
3 4
5 6
5 9
6 7
7 8
8 7
8 9
4 5
0 1
0 2
1 3
1 2
2 3
4 5
0 1
0 2
1 3
1 2
2 3
10 15
0 1
0 2
1 3
1 2
2 3
3 4
3 5
4 6
4 5
5 6
6 7
6 8
7 9
7 8
8 9
10 15
0 1
0 2
1 3
1 2
2 3
3 4
3 5
4 6
4 5
5 6
6 7
6 8
7 9
7 8
8 9
7 6
0 1
0 6
1 2
1 5
2 3
2 4
7 6
0 1
0 6
1 2
1 5
2 3
2 4
1 0
3 2
0 1
0 2
3 2
0 1
0 2
1 0
5 4
0 1
0 2
2 3
2 4
5 4
0 1
0 2
2 3
2 4
3 2
0 1
0 2
3 2
0 1
0 2
3 2
0 1
0 2
3 2
0 1
0 2
1 0
3 2
0 1
0 2
3 2
0 1
0 2
7 7
0 1
0 2
2 3
3 4
3 5
4 6
5 6
7 7
0 1
0 2
2 3
3 4
3 5
4 6
5 6
3 3
0 1
0 2
2 0
3 3
0 1
0 2
2 0
4 5
0 1
0 2
1 3
1 2
2 3
4 5
0 1
0 2
1 3
1 2
2 3
1 0
5 4
0 1
0 2
2 3
2 4
5 4
0 1
0 2
2 3
2 4
5 4
0 1
0 4
1 2
1 3
5 4
0 1
0 4
1 2
1 3
5 4
0 1
0 4
1 2
1 3
5 4
0 1
0 4
1 2
1 3
24 28
0 1
0 23
1 2
1 3
2 10
3 4
3 5
4 6
5 6
6 7
6 8
7 9
8 9
9 10
10 11
10 12
12 13
13 14
13 15
14 18
15 16
15 17
16 18
17 18
18 19
18 22
19 20
19 21
24 28
0 1
0 23
1 2
1 3
2 10
3 4
3 5
4 6
5 6
6 7
6 8
7 9
8 9
9 10
10 11
10 12
12 13
13 14
13 15
14 18
15 16
15 17
16 18
17 18
18 19
18 22
19 20
19 21
5 4
0 1
0 2
2 3
2 4
5 4
0 1
0 2
2 3
2 4
5 4
0 1
0 2
2 3
2 4
5 4
0 1
0 2
2 3
2 4
1 0
1 0
1 0
1 0
6 7
0 1
1 2
1 3
2 4
2 3
3 4
4 5
5 4
0 1
1 2
2 3
3 4
1 0
1 0
3 2
0 1
0 2
3 2
0 1
0 2
1 0
1 0
5 4
0 1
0 2
2 3
2 4
5 4
0 1
0 2
2 3
2 4
5 4
0 1
0 2
2 3
2 4
5 4
0 1
0 2
2 3
2 4
4 4
0 1
0 2
1 3
2 3
4 4
0 1
0 2
1 3
2 3
33 41
0 1
0 2
2 3
2 8
3 4
3 5
5 6
5 7
8 9
8 10
9 11
9 10
10 11
11 12
12 13
12 17
13 14
13 15
14 16
14 15
15 16
16 12
17 18
18 19
18 30
19 20
19 24
20 21
20 22
21 23
22 23
23 25
24 25
25 26
25 27
26 28
27 28
28 29
29 18
30 31
30 32
32 39
0 1
0 2
2 3
2 8
3 4
3 5
5 6
5 7
8 9
8 10
9 11
9 10
10 11
11 12
11 16
12 13
13 14
14 15
15 13
15 16
16 17
17 18
17 29
18 19
18 23
19 20
19 21
20 22
21 22
22 24
23 24
24 25
24 26
25 27
26 27
27 28
28 17
29 30
29 31
15 18
0 1
1 2
1 6
2 3
2 4
3 5
4 5
5 7
6 7
7 8
7 12
8 9
8 10
9 11
10 11
11 1
12 13
12 14
15 18
0 1
1 2
1 6
2 3
2 4
3 5
4 5
5 7
6 7
7 8
7 12
8 9
8 10
9 11
10 11
11 1
12 13
12 14
1 0
17 21
0 1
1 2
1 6
2 3
2 4
3 5
4 5
5 7
6 7
7 8
7 16
8 9
8 10
9 11
10 11
11 12
11 13
12 14
13 14
14 15
15 1
17 21
0 1
1 2
1 6
2 3
2 4
3 5
4 5
5 7
6 7
7 8
7 16
8 9
8 10
9 11
10 11
11 12
11 13
12 14
13 14
14 15
15 1
5 4
0 1
0 4
1 2
1 3
5 4
0 1
0 4
1 2
1 3
7 6
0 1
0 2
2 3
2 6
3 4
3 5
7 6
0 1
0 2
2 3
2 6
3 4
3 5
1 0
1 0
1 0
9 10
0 1
0 2
1 6
2 3
2 4
3 5
4 5
5 6
6 7
6 8
9 10
0 1
0 2
1 6
2 3
2 4
3 5
4 5
5 6
6 7
6 8
13 16
0 1
1 2
1 12
2 3
2 7
3 4
3 5
4 6
5 6
6 8
7 8
8 9
8 10
9 11
10 11
11 1
13 17
0 1
0 12
1 2
2 3
2 7
3 4
3 5
4 6
5 6
6 8
7 8
8 9
8 10
9 11
10 11
11 2
11 12
10 12
0 1
0 2
1 3
2 3
3 4
4 5
4 9
5 6
5 7
6 8
7 8
8 4
10 12
0 1
0 2
1 3
2 3
3 4
4 5
4 9
5 6
5 7
6 8
7 8
8 4
16 18
0 1
0 2
2 3
2 15
3 4
3 11
4 5
4 9
5 6
5 7
6 8
7 8
8 10
9 10
10 12
11 12
12 13
12 14
16 18
0 1
0 2
2 3
2 15
3 4
3 11
4 5
4 9
5 6
5 7
6 8
7 8
8 10
9 10
10 12
11 12
12 13
12 14
21 24
0 1
0 2
2 3
2 4
4 5
4 15
5 6
5 13
6 7
6 11
7 8
7 9
8 10
9 10
10 12
11 12
12 14
13 14
14 16
15 16
16 17
16 20
17 18
17 19
21 24
0 1
0 2
2 3
2 4
4 5
4 15
5 6
5 13
6 7
6 11
7 8
7 9
8 10
9 10
10 12
11 12
12 14
13 14
14 16
15 16
16 17
16 20
17 18
17 19
22 26
0 1
0 2
2 3
2 16
3 4
3 11
4 5
4 9
5 6
5 7
6 8
7 8
8 10
9 10
10 12
11 12
12 13
12 14
13 15
14 15
15 17
16 17
17 18
17 21
18 19
18 20
22 26
0 1
0 2
2 3
2 16
3 4
3 11
4 5
4 9
5 6
5 7
6 8
7 8
8 10
9 10
10 12
11 12
12 13
12 14
13 15
14 15
15 17
16 17
17 18
17 21
18 19
18 20
5 4
0 1
0 4
1 2
1 3
5 4
0 1
0 4
1 2
1 3
7 6
0 1
0 6
1 2
1 5
2 3
2 4
7 6
0 1
0 6
1 2
1 5
2 3
2 4
5 4
0 1
0 2
2 3
2 4
5 4
0 1
0 2
2 3
2 4
5 4
0 1
0 2
2 3
2 4
5 4
0 1
0 2
2 3
2 4
6 6
0 1
0 2
2 3
2 4
3 5
4 5
6 6
0 1
0 2
2 3
2 4
3 5
4 5
1 0
6 6
0 1
0 2
2 3
2 4
3 5
4 5
6 6
0 1
0 2
2 3
2 4
3 5
4 5
1 0
1 0
14 16
0 1
0 2
1 6
2 3
2 4
3 5
4 5
5 6
6 7
6 8
7 9
8 9
9 10
9 11
11 12
11 13
14 16
0 1
0 2
1 6
2 3
2 4
3 5
4 5
5 6
6 7
6 8
7 9
8 9
9 10
9 11
11 12
11 13
13 14
0 1
0 2
2 3
2 4
3 8
4 5
4 6
5 7
6 7
7 8
8 9
8 10
10 11
10 12
13 14
0 1
0 2
2 3
2 4
3 8
4 5
4 6
5 7
6 7
7 8
8 9
8 10
10 11
10 12
5 4
0 1
0 2
2 3
2 4
19 22
0 1
0 2
2 3
2 4
3 11
4 5
4 6
5 10
6 7
6 8
7 9
8 9
9 10
10 11
11 12
11 13
13 14
13 18
14 15
14 16
15 17
16 17
19 22
0 1
0 2
2 3
2 4
3 11
4 5
4 6
5 10
6 7
6 8
7 9
8 9
9 10
10 11
11 12
11 13
13 14
13 18
14 15
14 16
15 17
16 17
14 16
0 1
0 2
2 3
2 10
3 4
3 8
4 5
4 6
5 7
6 7
7 9
8 9
9 11
10 11
11 12
11 13
14 16
0 1
0 2
2 3
2 10
3 4
3 8
4 5
4 6
5 7
6 7
7 9
8 9
9 11
10 11
11 12
11 13
13 14
0 1
0 2
2 3
2 12
3 4
3 8
4 5
4 6
5 7
6 7
7 9
8 9
9 10
9 11
13 14
0 1
0 2
2 3
2 12
3 4
3 8
4 5
4 6
5 7
6 7
7 9
8 9
9 10
9 11
7 6
0 1
0 6
1 2
1 5
2 3
2 4
7 6
0 1
0 6
1 2
1 5
2 3
2 4
7 6
0 1
0 2
2 3
2 6
3 4
3 5
7 6
0 1
0 2
2 3
2 6
3 4
3 5
24 31
0 1
0 2
2 3
2 7
3 4
3 5
4 6
5 6
7 8
7 9
8 10
8 9
9 10
10 11
11 12
11 16
12 13
12 14
13 15
13 14
14 15
15 11
16 17
17 18
17 23
18 19
18 20
19 21
20 21
21 22
22 17
23 29
0 1
0 2
2 3
2 7
3 4
3 5
4 6
5 6
7 8
7 9
8 10
8 9
9 10
10 11
10 15
11 12
12 13
13 14
14 12
14 15
15 16
16 17
16 22
17 18
17 19
18 20
19 20
20 21
21 16
27 37
0 1
1 2
1 6
2 3
2 4
3 5
4 5
5 7
6 7
7 8
7 26
8 9
8 10
9 25
10 11
10 12
11 25
12 13
12 14
13 25
14 15
14 16
15 25
16 17
16 18
17 25
18 19
18 20
19 25
20 21
20 22
21 25
22 23
22 24
23 25
24 25
25 1
27 37
0 1
1 2
1 6
2 3
2 4
3 5
4 5
5 7
6 7
7 8
7 26
8 9
8 10
9 25
10 11
10 12
11 25
12 13
12 14
13 25
14 15
14 16
15 25
16 17
16 18
17 25
18 19
18 20
19 25
20 21
20 22
21 25
22 23
22 24
23 25
24 25
25 1
22 28
0 1
1 2
1 9
2 3
2 7
3 4
3 5
4 6
5 6
6 8
7 8
8 10
9 10
10 11
10 21
11 12
11 16
12 13
12 14
13 15
14 15
15 17
16 17
17 18
17 19
18 20
19 20
20 1
22 28
0 1
1 2
1 9
2 3
2 7
3 4
3 5
4 6
5 6
6 8
7 8
8 10
9 10
10 11
10 21
11 12
11 16
12 13
12 14
13 15
14 15
15 17
16 17
17 18
17 19
18 20
19 20
20 1
33 39
0 1
0 2
2 3
2 10
3 4
3 5
5 6
5 7
7 8
7 9
10 11
11 12
11 19
12 13
12 17
13 14
13 15
14 16
15 16
16 18
17 18
18 20
19 20
20 21
20 32
21 22
21 26
22 23
22 24
23 25
24 25
25 27
26 27
27 28
27 29
28 30
29 30
30 31
31 11
33 39
0 1
0 2
2 3
2 10
3 4
3 5
5 6
5 7
7 8
7 9
10 11
11 12
11 19
12 13
12 17
13 14
13 15
14 16
15 16
16 18
17 18
18 20
19 20
20 21
20 32
21 22
21 26
22 23
22 24
23 25
24 25
25 27
26 27
27 28
27 29
28 30
29 30
30 31
31 11
1 0
1 0
1 0
1 0
1 0
1 0
3 2
0 1
0 2
3 2
0 1
0 2
3 2
0 1
0 2
1 0
1 0
1 0
1 0
5 4
0 1
0 2
2 3
2 4
5 4
0 1
0 2
2 3
2 4
4 5
0 1
0 2
1 3
1 2
2 3
4 5
0 1
0 2
1 3
1 2
2 3
4 5
0 1
0 2
1 3
1 2
2 3
4 5
0 1
0 2
1 3
1 2
2 3
24 30
0 1
1 2
1 3
3 4
3 5
5 6
5 7
6 11
7 8
7 9
8 10
9 10
10 11
11 12
11 16
12 13
12 14
13 15
14 15
15 17
16 17
17 18
17 22
18 19
18 20
19 21
20 21
21 23
22 23
23 1
24 31
0 2
0 1
1 3
3 4
3 5
5 6
5 7
6 11
7 8
7 9
8 10
9 10
10 11
11 12
11 16
12 13
12 14
13 15
14 15
15 17
16 17
17 18
17 22
18 19
18 20
19 21
20 21
21 23
22 23
23 2
23 3
31 38
0 1
0 2
1 12
2 3
2 4
3 11
4 5
4 6
5 10
6 7
6 8
7 9
8 9
9 10
10 11
11 12
12 13
12 14
14 15
14 16
16 17
16 27
17 18
18 19
18 20
19 23
20 21
20 22
21 23
22 23
23 24
23 25
24 26
25 26
26 28
27 28
28 29
28 30
30 36
0 1
0 2
1 12
2 3
2 4
3 11
4 5
4 6
5 10
6 7
6 8
7 9
8 9
9 10
10 11
11 12
12 13
12 14
14 15
14 16
16 17
16 26
17 18
18 19
18 20
19 24
20 21
20 22
21 23
22 24
23 25
24 25
25 27
26 27
27 28
27 29
11 12
0 1
0 10
1 2
1 6
2 3
2 4
3 5
4 5
5 7
6 7
7 8
7 9
11 12
0 1
0 10
1 2
1 6
2 3
2 4
3 5
4 5
5 7
6 7
7 8
7 9
5 4
0 1
0 2
2 3
2 4
5 4
0 1
0 2
2 3
2 4
13 14
0 1
0 2
2 3
2 12
3 4
3 8
4 5
4 6
5 7
6 7
7 9
8 9
9 10
9 11
13 14
0 1
0 2
2 3
2 12
3 4
3 8
4 5
4 6
5 7
6 7
7 9
8 9
9 10
9 11
8 8
0 1
0 2
2 3
2 4
4 5
4 6
5 7
6 7
6 6
0 1
0 2
2 3
2 4
3 5
4 5
6 6
0 1
0 2
2 3
2 4
3 5
4 5
1 0
1 0
19 22
0 1
0 2
2 3
2 9
3 4
3 5
4 6
5 6
6 7
6 8
9 10
10 11
10 18
11 12
11 13
12 14
13 14
14 15
14 16
15 17
16 17
17 10
19 22
0 1
0 2
2 3
2 9
3 4
3 5
4 6
5 6
6 7
6 8
9 10
10 11
10 18
11 12
11 13
12 14
13 14
14 15
14 16
15 17
16 17
17 10
42 54
0 1
0 2
2 3
2 4
3 5
3 4
4 5
5 6
5 41
6 7
7 8
7 9
8 19
9 10
9 11
10 18
11 12
11 13
12 17
13 14
13 15
14 16
15 16
16 17
17 18
18 19
19 20
19 21
20 38
21 22
21 23
22 38
23 24
23 34
24 25
25 26
25 27
26 30
27 28
27 29
28 30
29 30
30 31
30 32
31 33
32 33
33 35
34 35
35 36
35 37
36 38
37 38
38 39
38 40
41 52
0 1
0 2
2 3
2 4
3 5
3 4
4 5
5 6
5 40
6 7
7 8
7 9
8 19
9 10
9 11
10 18
11 12
11 13
12 17
13 14
13 15
14 16
15 16
16 17
17 18
18 19
19 20
19 21
20 37
21 22
21 23
22 37
23 24
23 33
24 25
25 26
25 27
26 31
27 28
27 29
28 30
29 31
30 32
31 32
32 34
33 34
34 35
34 36
35 37
36 37
37 38
37 39
74 92
0 1
0 2
1 3
2 3
3 4
3 5
4 36
5 6
5 34
6 7
6 32
7 8
7 9
8 19
9 10
9 14
10 11
10 12
11 13
12 13
13 15
14 15
15 16
15 17
16 18
17 18
18 19
19 20
19 30
20 21
20 28
21 22
21 23
22 24
23 24
24 25
24 26
25 27
26 27
27 29
28 29
29 31
30 31
31 33
32 33
33 35
34 35
35 36
36 37
36 73
37 38
37 72
38 39
38 71
39 40
39 70
40 41
40 42
41 43
42 43
43 44
43 45
44 46
45 46
46 47
46 69
47 48
47 49
48 53
49 50
49 51
50 52
51 52
52 53
53 54
53 58
54 55
54 56
55 57
56 57
57 59
58 59
59 60
59 68
60 61
60 62
62 63
62 64
63 65
64 65
65 66
65 67
74 92
0 1
0 2
1 3
2 3
3 4
3 5
4 36
5 6
5 34
6 7
6 32
7 8
7 9
8 19
9 10
9 14
10 11
10 12
11 13
12 13
13 15
14 15
15 16
15 17
16 18
17 18
18 19
19 20
19 30
20 21
20 28
21 22
21 23
22 24
23 24
24 25
24 26
25 27
26 27
27 29
28 29
29 31
30 31
31 33
32 33
33 35
34 35
35 36
36 37
36 73
37 38
37 72
38 39
38 71
39 40
39 70
40 41
40 42
41 43
42 43
43 44
43 45
44 46
45 46
46 47
46 69
47 48
47 49
48 53
49 50
49 51
50 52
51 52
52 53
53 54
53 58
54 55
54 56
55 57
56 57
57 59
58 59
59 60
59 68
60 61
60 62
62 63
62 64
63 65
64 65
65 66
65 67
5 5
0 1
0 2
2 3
2 4
3 0
5 5
0 1
0 2
2 3
2 4
3 0
24 28
0 1
0 2
2 3
2 23
3 4
3 5
4 6
5 6
6 7
6 17
7 8
7 15
8 9
8 13
9 10
9 11
10 12
11 12
12 14
13 14
14 16
15 16
16 18
17 18
18 19
18 22
19 20
19 21
23 26
0 1
0 2
2 3
2 22
3 4
3 5
4 6
5 6
6 7
6 16
7 8
7 14
8 9
9 10
9 11
10 12
11 12
12 13
13 15
14 15
15 17
16 17
17 18
17 21
18 19
18 20
29 37
0 1
1 2
1 6
2 3
2 4
3 5
4 5
5 7
6 7
7 8
7 28
8 9
8 10
9 11
10 11
11 12
11 19
12 13
12 17
13 14
13 15
14 16
15 16
16 18
17 18
18 20
19 20
20 21
20 25
21 22
21 23
22 24
23 24
24 26
25 26
26 27
27 1
29 37
0 1
1 2
1 6
2 3
2 4
3 5
4 5
5 7
6 7
7 8
7 28
8 9
8 10
9 11
10 11
11 12
11 19
12 13
12 17
13 14
13 15
14 16
15 16
16 18
17 18
18 20
19 20
20 21
20 25
21 22
21 23
22 24
23 24
24 26
25 26
26 27
27 1
6 6
0 1
0 2
1 3
2 3
3 4
3 5
6 6
0 1
0 2
1 3
2 3
3 4
3 5
8 10
0 1
0 2
1 3
1 2
2 3
3 4
4 5
4 7
5 6
6 4
13 20
0 1
0 2
1 3
1 2
2 3
3 4
3 12
4 5
5 6
5 10
6 7
6 10
7 8
7 10
8 9
9 8
9 12
10 11
11 10
11 12
10 11
0 1
0 2
1 6
2 3
2 4
3 5
4 5
5 6
6 7
6 8
8 9
10 11
0 1
0 2
1 6
2 3
2 4
3 5
4 5
5 6
6 7
6 8
8 9
14 15
0 1
0 2
1 6
2 3
2 4
3 5
4 5
5 6
6 7
6 8
8 9
9 10
9 11
11 12
11 13
14 15
0 1
0 2
1 6
2 3
2 4
3 5
4 5
5 6
6 7
6 8
8 9
9 10
9 11
11 12
11 13
10 11
0 1
0 2
1 6
2 3
2 4
3 5
4 5
5 6
6 7
6 8
8 9
10 11
0 1
0 2
1 6
2 3
2 4
3 5
4 5
5 6
6 7
6 8
8 9
35 40
0 1
0 8
1 2
1 6
2 3
2 4
3 5
4 5
5 7
6 7
7 9
8 9
9 10
9 34
10 11
10 33
11 12
11 32
12 13
12 31
13 14
13 30
14 15
14 19
15 16
15 17
16 18
17 18
18 20
19 20
20 21
20 29
21 22
21 23
23 24
23 25
24 26
25 26
26 27
26 28
35 40
0 1
0 8
1 2
1 6
2 3
2 4
3 5
4 5
5 7
6 7
7 9
8 9
9 10
9 34
10 11
10 33
11 12
11 32
12 13
12 31
13 14
13 30
14 15
14 19
15 16
15 17
16 18
17 18
18 20
19 20
20 21
20 29
21 22
21 23
23 24
23 25
24 26
25 26
26 27
26 28
5 5
0 1
0 2
2 3
2 4
3 0
5 5
0 1
0 2
2 3
2 4
3 0
30 38
0 1
1 2
1 3
3 4
3 5
4 6
5 6
6 7
6 23
7 8
7 21
8 9
8 19
9 10
9 17
10 11
10 15
11 12
11 13
12 14
13 14
14 16
15 16
16 18
17 18
18 20
19 20
20 22
21 22
22 24
23 24
24 25
24 29
25 26
26 27
26 28
27 1
29 1
30 38
0 1
1 2
1 3
3 4
3 5
4 6
5 6
6 7
6 23
7 8
7 21
8 9
8 19
9 10
9 17
10 11
10 15
11 12
11 13
12 14
13 14
14 16
15 16
16 18
17 18
18 20
19 20
20 22
21 22
22 24
23 24
24 25
24 29
25 26
26 27
26 28
27 1
29 1
3 2
0 1
0 2
3 2
0 1
0 2
26 30
0 1
0 2
2 3
2 25
3 4
3 24
4 5
4 17
5 6
5 13
6 7
6 11
7 8
7 9
8 10
9 10
10 12
11 12
12 14
13 14
14 15
14 16
17 18
17 23
18 19
18 23
19 20
19 23
20 21
20 22
26 30
0 1
0 2
2 3
2 25
3 4
3 24
4 5
4 17
5 6
5 13
6 7
6 11
7 8
7 9
8 10
9 10
10 12
11 12
12 14
13 14
14 15
14 16
17 18
17 23
18 19
18 23
19 20
19 23
20 21
20 22
37 51
0 1
1 2
1 36
2 3
2 4
3 5
4 5
5 6
6 7
6 8
7 32
8 9
8 31
9 10
9 30
10 11
10 23
11 12
11 19
12 13
12 17
13 14
13 15
14 16
15 16
16 18
17 18
18 20
19 20
20 21
20 22
21 32
22 32
23 24
23 29
24 25
24 29
25 26
25 29
26 27
26 28
27 32
28 32
29 32
30 32
31 32
32 33
32 34
33 35
34 35
35 1
37 52
0 1
0 36
1 2
2 3
2 4
3 5
4 5
5 6
6 7
6 8
7 32
8 9
8 31
9 10
9 30
10 11
10 23
11 12
11 19
12 13
12 17
13 14
13 15
14 16
15 16
16 18
17 18
18 20
19 20
20 21
20 22
21 32
22 32
23 24
23 29
24 25
24 29
25 26
25 29
26 27
26 28
27 32
28 32
29 32
30 32
31 32
32 33
32 34
33 35
34 35
35 2
35 36
5 4
0 1
0 2
2 3
2 4
5 4
0 1
0 2
2 3
2 4
4 5
0 1
0 3
1 2
2 1
2 3
5 6
0 1
0 4
1 2
2 3
3 2
3 4
5 4
0 1
0 4
1 2
1 3
5 4
0 1
0 4
1 2
1 3
22 26
0 1
0 2
2 3
2 4
3 17
4 5
4 6
5 16
6 7
7 8
7 11
8 9
8 10
9 12
10 12
11 12
12 13
12 14
13 15
14 15
15 16
16 17
17 18
17 19
19 20
19 21
21 24
0 1
0 2
2 3
2 4
3 16
4 5
4 6
5 15
6 7
7 8
7 11
8 9
8 10
9 12
10 13
11 13
12 14
13 14
14 15
15 16
16 17
16 18
18 19
18 20
5 4
0 1
0 2
2 3
2 4
32 40
0 1
0 2
2 3
2 7
3 4
3 5
4 6
5 6
6 8
7 8
8 9
8 10
9 29
10 11
10 15
11 12
11 13
12 14
13 14
14 16
15 16
16 17
16 18
17 28
18 19
18 23
19 20
19 21
20 22
21 22
22 24
23 24
24 25
24 26
25 27
26 27
27 28
28 29
29 30
29 31
32 40
0 1
0 2
2 3
2 7
3 4
3 5
4 6
5 6
6 8
7 8
8 9
8 10
9 29
10 11
10 15
11 12
11 13
12 14
13 14
14 16
15 16
16 17
16 18
17 28
18 19
18 23
19 20
19 21
20 22
21 22
22 24
23 24
24 25
24 26
25 27
26 27
27 28
28 29
29 30
29 31
1 0
1 0
16 20
0 1
1 2
1 9
2 3
2 7
3 4
3 5
4 6
5 6
6 8
7 8
8 10
9 10
10 11
10 15
11 12
11 13
12 14
13 14
14 1
16 20
0 1
1 2
1 9
2 3
2 7
3 4
3 5
4 6
5 6
6 8
7 8
8 10
9 10
10 11
10 15
11 12
11 13
12 14
13 14
14 1
10 11
0 1
0 2
1 6
2 3
2 4
3 5
4 5
5 6
6 7
6 8
8 9
10 11
0 1
0 2
1 6
2 3
2 4
3 5
4 5
5 6
6 7
6 8
8 9
38 49
0 1
1 2
1 6
2 3
2 4
3 5
4 5
5 7
6 7
7 8
7 37
8 9
8 16
9 10
9 11
10 12
11 12
12 13
12 14
13 15
14 15
15 17
16 17
17 18
17 25
18 19
18 20
19 21
20 21
21 22
21 23
22 24
23 24
24 26
25 26
26 27
26 28
27 32
28 29
28 30
29 31
30 31
31 32
32 33
32 34
33 35
34 35
35 36
36 1
38 49
0 1
1 2
1 6
2 3
2 4
3 5
4 5
5 7
6 7
7 8
7 37
8 9
8 16
9 10
9 11
10 12
11 12
12 13
12 14
13 15
14 15
15 17
16 17
17 18
17 25
18 19
18 20
19 21
20 21
21 22
21 23
22 24
23 24
24 26
25 26
26 27
26 28
27 32
28 29
28 30
29 31
30 31
31 32
32 33
32 34
33 35
34 35
35 36
36 1
14 16
0 1
0 5
1 2
1 3
2 4
3 4
4 6
5 6
6 7
6 8
7 9
8 9
9 10
9 11
11 12
11 13
14 16
0 1
0 5
1 2
1 3
2 4
3 4
4 6
5 6
6 7
6 8
7 9
8 9
9 10
9 11
11 12
11 13
11 12
0 1
0 2
2 3
2 4
3 8
4 5
4 6
5 7
6 7
7 8
8 9
8 10
11 12
0 1
0 2
2 3
2 4
3 8
4 5
4 6
5 7
6 7
7 8
8 9
8 10
54 64
0 1
0 2
1 21
2 3
2 4
3 20
4 5
4 6
5 19
6 7
6 8
7 18
8 9
8 10
9 17
10 11
10 12
11 16
12 13
12 14
13 15
14 15
15 16
16 17
17 18
18 19
19 20
20 21
21 22
21 23
23 24
23 53
24 25
24 52
25 26
25 30
26 27
26 28
27 29
28 29
29 31
30 31
31 32
31 51
32 33
32 50
33 34
33 49
34 35
34 36
36 37
36 48
37 38
37 47
38 39
38 43
39 40
39 41
40 42
41 42
42 44
43 44
44 45
44 46
54 64
0 1
0 2
1 21
2 3
2 4
3 20
4 5
4 6
5 19
6 7
6 8
7 18
8 9
8 10
9 17
10 11
10 12
11 16
12 13
12 14
13 15
14 15
15 16
16 17
17 18
18 19
19 20
20 21
21 22
21 23
23 24
23 53
24 25
24 52
25 26
25 30
26 27
26 28
27 29
28 29
29 31
30 31
31 32
31 51
32 33
32 50
33 34
33 49
34 35
34 36
36 37
36 48
37 38
37 47
38 39
38 43
39 40
39 41
40 42
41 42
42 44
43 44
44 45
44 46
5 5
0 1
0 2
2 3
2 4
3 0
5 5
0 1
0 2
2 3
2 4
3 0
23 29
0 1
1 2
1 3
3 4
3 5
4 6
5 6
6 7
6 17
7 8
7 15
8 9
8 13
9 10
9 11
10 12
11 12
12 14
13 14
14 16
15 16
16 18
17 18
18 19
18 22
19 20
19 21
20 1
22 1
23 29
0 1
1 2
1 3
3 4
3 5
4 6
5 6
6 7
6 17
7 8
7 15
8 9
8 13
9 10
9 11
10 12
11 12
12 14
13 14
14 16
15 16
16 18
17 18
18 19
18 22
19 20
19 21
20 1
22 1
7 8
0 1
0 2
1 3
2 3
3 4
3 5
4 6
5 6
7 8
0 1
0 2
1 3
2 3
3 4
3 5
4 6
5 6
21 27
0 1
0 2
1 3
2 3
3 4
3 5
4 6
4 5
5 6
6 7
7 8
7 9
8 7
9 10
10 11
10 20
11 12
12 13
12 14
13 15
14 15
15 16
15 17
16 18
17 18
18 19
19 10
21 28
0 1
0 2
1 3
2 3
3 4
3 5
4 6
4 5
5 6
6 7
6 9
7 8
8 8
8 9
9 10
10 11
10 20
11 12
12 13
12 14
13 15
14 15
15 16
15 17
16 18
17 18
18 19
19 10
17 18
0 1
0 16
1 2
1 15
2 3
2 7
3 4
3 5
4 6
5 6
6 8
7 8
8 9
8 14
9 10
9 11
11 12
11 13
17 18
0 1
0 16
1 2
1 15
2 3
2 7
3 4
3 5
4 6
5 6
6 8
7 8
8 9
8 14
9 10
9 11
11 12
11 13
21 27
0 1
0 2
2 3
3 4
3 19
4 5
4 18
5 6
5 10
6 7
6 8
7 9
8 9
9 11
10 11
11 12
11 17
12 13
12 14
13 20
14 15
14 16
15 20
16 20
17 20
18 20
19 20
21 27
0 1
0 2
2 3
3 4
3 19
4 5
4 18
5 6
5 10
6 7
6 8
7 9
8 9
9 11
10 11
11 12
11 17
12 13
12 14
13 20
14 15
14 16
15 20
16 20
17 20
18 20
19 20
16 23
0 1
0 2
2 3
2 4
4 5
4 6
5 7
5 6
6 7
7 8
7 12
8 9
8 10
9 11
9 10
10 11
11 8
11 12
12 13
12 15
13 14
14 13
14 15
17 22
0 1
0 2
2 3
2 4
4 5
4 6
5 7
5 6
6 7
7 8
7 12
8 9
9 10
10 11
11 9
11 12
12 13
12 16
13 14
14 15
15 14
15 16
6 6
0 1
0 2
1 3
2 3
3 4
3 5
6 6
0 1
0 2
1 3
2 3
3 4
3 5
17 20
0 1
0 2
1 6
2 3
2 4
3 5
4 5
5 6
6 7
6 8
8 9
8 10
10 11
11 12
11 13
12 14
12 13
13 14
14 15
14 16
15 15
0 1
1 2
1 3
2 4
3 4
4 5
5 6
5 7
7 8
7 9
9 10
10 11
11 12
12 13
12 14
5 5
0 1
0 2
2 3
2 4
4 0
5 5
0 1
0 2
2 3
2 4
4 0
5 4
0 1
0 2
2 3
2 4
4 3
0 1
1 2
1 3
11 13
0 1
0 2
2 3
2 4
3 5
3 4
4 5
5 6
5 7
6 8
7 8
8 9
8 10
10 10
0 1
0 2
2 3
3 4
4 5
4 6
5 7
6 7
7 8
7 9
37 44
0 1
0 2
1 3
2 3
3 4
3 5
4 21
5 6
5 19
6 7
6 17
7 8
7 15
8 9
8 13
9 10
9 11
10 12
11 12
12 14
13 14
14 16
15 16
16 18
17 18
18 20
19 20
20 21
21 22
21 36
22 23
22 35
23 24
23 34
24 25
24 33
25 26
25 27
26 28
27 28
28 29
28 30
30 31
30 32
37 44
0 1
0 2
1 3
2 3
3 4
3 5
4 21
5 6
5 19
6 7
6 17
7 8
7 15
8 9
8 13
9 10
9 11
10 12
11 12
12 14
13 14
14 16
15 16
16 18
17 18
18 20
19 20
20 21
21 22
21 36
22 23
22 35
23 24
23 34
24 25
24 33
25 26
25 27
26 28
27 28
28 29
28 30
30 31
30 32
5 5
0 1
0 2
2 3
2 4
3 0
5 5
0 1
0 2
2 3
2 4
3 0
21 24
0 1
0 2
2 3
2 20
3 4
3 5
4 6
5 6
6 7
6 14
7 8
7 12
8 9
8 10
9 11
10 11
11 13
12 13
13 15
14 15
15 16
15 19
16 17
16 18
21 24
0 1
0 2
2 3
2 20
3 4
3 5
4 6
5 6
6 7
6 14
7 8
7 12
8 9
8 10
9 11
10 11
11 13
12 13
13 15
14 15
15 16
15 19
16 17
16 18
1 0
1 0
20 25
0 1
1 2
1 3
3 4
3 5
4 6
5 6
6 7
6 14
7 8
7 12
8 9
8 10
9 11
10 11
11 13
12 13
13 15
14 15
15 16
15 19
16 17
16 18
17 1
19 1
20 25
0 1
1 2
1 3
3 4
3 5
4 6
5 6
6 7
6 14
7 8
7 12
8 9
8 10
9 11
10 11
11 13
12 13
13 15
14 15
15 16
15 19
16 17
16 18
17 1
19 1
1 0
1 0
9 8
0 1
0 2
2 3
2 8
3 4
3 5
5 6
5 7
9 8
0 1
0 2
2 3
2 8
3 4
3 5
5 6
5 7
1 0
1 0
1 0
3 2
0 1
0 2
3 2
0 1
0 2
3 2
0 1
0 2
1 0
1 0
1 0
1 0
13 12
0 1
0 2
2 3
2 4
4 5
4 6
6 7
6 8
8 9
8 10
10 11
10 12
13 12
0 1
0 2
2 3
2 4
4 5
4 6
6 7
6 8
8 9
8 10
10 11
10 12
11 12
0 1
0 10
1 2
1 6
2 3
2 4
3 5
4 5
5 7
6 7
7 8
7 9
11 12
0 1
0 10
1 2
1 6
2 3
2 4
3 5
4 5
5 7
6 7
7 8
7 9
29 36
0 1
0 28
1 2
1 24
2 3
2 22
3 4
3 20
4 5
4 18
5 6
5 16
6 7
6 11
7 8
7 9
8 10
9 10
10 12
11 12
12 13
12 14
13 15
14 15
15 17
16 17
17 19
18 19
19 21
20 21
21 23
22 23
23 25
24 25
25 26
25 27
29 36
0 1
0 28
1 2
1 24
2 3
2 22
3 4
3 20
4 5
4 18
5 6
5 16
6 7
6 11
7 8
7 9
8 10
9 10
10 12
11 12
12 13
12 14
13 15
14 15
15 17
16 17
17 19
18 19
19 21
20 21
21 23
22 23
23 25
24 25
25 26
25 27
1 0
7 8
0 1
1 2
1 6
2 3
2 4
3 5
4 5
5 1
13 19
0 1
0 12
1 2
2 3
2 8
3 4
3 8
4 5
4 6
5 7
6 7
7 4
7 12
8 9
8 10
9 11
10 11
11 8
11 12
15 14
0 1
0 2
2 3
2 8
3 4
3 5
5 6
5 7
8 9
8 12
9 10
9 11
12 13
12 14
15 14
0 1
0 2
2 3
2 8
3 4
3 5
5 6
5 7
8 9
8 12
9 10
9 11
12 13
12 14
20 26
0 1
0 2
2 3
2 4
3 7
4 5
4 6
5 7
6 7
7 8
7 9
8 10
8 9
9 10
10 11
11 12
11 13
12 11
13 14
14 15
14 19
15 16
15 17
16 18
17 18
18 14
20 27
0 1
0 2
2 3
2 4
3 7
4 5
4 6
5 7
6 7
7 8
7 9
8 10
8 9
9 10
10 11
10 13
11 12
12 12
12 13
13 14
14 15
14 19
15 16
15 17
16 18
17 18
18 14
10 10
0 1
0 2
2 3
2 9
3 4
3 5
4 6
5 6
6 7
6 8
9 8
0 1
0 2
2 3
2 8
3 4
3 5
4 6
5 7
5 4
0 1
0 4
1 2
1 3
5 4
0 1
0 4
1 2
1 3
34 44
0 1
1 2
1 6
2 3
2 4
3 5
4 5
5 7
6 7
7 8
7 33
8 9
8 31
9 10
9 28
10 11
10 15
11 12
11 13
12 14
13 14
14 27
15 16
15 26
16 17
16 18
17 22
18 19
18 20
19 21
20 21
21 22
22 23
22 24
23 25
24 25
25 27
26 27
27 29
28 29
29 30
30 32
31 32
32 1
34 44
0 1
1 2
1 6
2 3
2 4
3 5
4 5
5 7
6 7
7 8
7 33
8 9
8 31
9 10
9 28
10 11
10 15
11 12
11 13
12 14
13 14
14 27
15 16
15 26
16 17
16 18
17 22
18 19
18 20
19 21
20 21
21 22
22 23
22 24
23 25
24 25
25 27
26 27
27 29
28 29
29 30
30 32
31 32
32 1
44 57
0 1
1 2
1 6
2 3
2 4
3 5
4 5
5 7
6 7
7 8
7 43
8 9
8 10
9 14
10 11
10 12
11 13
12 13
13 14
14 15
14 16
15 17
16 17
17 18
17 25
18 19
18 23
19 20
19 21
20 22
21 22
22 24
23 24
24 26
25 26
26 27
26 28
27 29
28 29
29 30
29 37
30 31
30 35
31 32
31 33
32 34
33 34
34 36
35 36
36 38
37 38
38 39
38 40
39 41
40 41
41 42
42 1
44 57
0 1
1 2
1 6
2 3
2 4
3 5
4 5
5 7
6 7
7 8
7 43
8 9
8 10
9 14
10 11
10 12
11 13
12 13
13 14
14 15
14 16
15 17
16 17
17 18
17 25
18 19
18 23
19 20
19 21
20 22
21 22
22 24
23 24
24 26
25 26
26 27
26 28
27 29
28 29
29 30
29 37
30 31
30 35
31 32
31 33
32 34
33 34
34 36
35 36
36 38
37 38
38 39
38 40
39 41
40 41
41 42
42 1
203 272
0 1
0 2
1 6
2 3
2 4
3 5
4 5
5 6
6 7
6 8
8 9
8 10
9 11
9 10
10 11
11 12
11 13
12 14
12 13
13 14
14 15
14 16
15 17
15 16
16 17
17 18
18 19
18 23
19 20
19 21
20 22
21 22
22 18
23 24
24 25
24 63
25 26
26 27
26 62
27 28
27 32
28 29
28 30
29 31
30 31
31 33
32 33
33 34
33 60
34 35
34 57
35 36
35 40
36 37
36 38
37 39
38 39
39 41
40 41
41 42
41 43
42 53
43 44
43 48
44 45
44 46
45 47
46 47
47 49
48 49
49 50
49 51
50 52
51 52
52 53
53 54
53 55
54 56
55 56
56 58
57 58
58 59
59 61
60 61
61 26
62 24
63 64
63 68
64 65
64 66
65 67
66 67
67 69
68 69
69 70
69 71
70 72
71 72
72 73
73 74
73 78
74 75
74 76
75 77
76 77
77 79
78 79
79 80
79 124
80 81
80 121
81 82
82 83
82 87
83 84
83 85
84 86
85 86
86 88
87 88
88 89
88 120
89 90
89 91
90 92
91 92
92 93
92 94
93 119
94 95
94 99
95 96
95 97
96 98
97 98
98 100
99 100
100 101
100 105
101 102
101 103
102 104
103 104
104 118
105 106
105 110
106 107
106 108
107 109
108 109
109 117
110 111
110 112
111 116
112 113
112 114
113 115
114 115
115 116
116 117
117 118
118 119
119 82
120 122
121 122
122 123
123 73
124 125
124 126
125 136
126 127
126 128
127 135
128 129
128 130
129 134
130 131
130 132
131 133
132 133
133 134
134 135
135 136
136 137
136 138
138 139
138 140
139 141
140 141
141 142
141 143
142 144
142 143
143 144
144 145
145 146
145 150
146 147
146 148
147 149
147 148
148 149
149 145
150 151
150 152
151 153
151 152
152 153
153 154
154 155
154 156
155 154
156 157
156 158
158 159
159 160
159 164
160 161
160 162
161 163
162 163
163 159
164 165
165 166
165 171
166 167
166 169
167 168
168 170
169 170
170 165
171 172
172 173
172 183
173 174
173 178
174 175
174 176
175 177
176 177
177 179
178 179
179 180
179 181
180 182
181 182
182 172
183 184
184 185
184 196
185 186
185 190
186 187
186 188
187 189
188 189
189 191
190 191
191 192
191 194
192 193
193 195
194 195
195 184
196 197
197 198
197 202
198 199
198 200
199 201
200 201
201 197
200 265
0 1
0 2
1 6
2 3
2 4
3 5
4 5
5 6
6 7
6 8
8 9
8 10
9 11
9 10
10 11
11 12
11 13
12 14
12 13
13 14
14 15
14 16
15 17
15 16
16 17
17 18
17 23
18 19
19 20
19 21
20 22
21 22
22 19
22 23
23 24
24 25
24 63
25 26
26 27
26 62
27 28
27 32
28 29
28 30
29 31
30 31
31 33
32 33
33 34
33 60
34 35
34 57
35 36
35 40
36 37
36 38
37 39
38 39
39 41
40 41
41 42
41 43
42 53
43 44
43 48
44 45
44 46
45 47
46 47
47 49
48 49
49 50
49 51
50 52
51 52
52 53
53 54
53 55
54 56
55 56
56 58
57 58
58 59
59 61
60 61
61 26
62 24
63 64
64 65
64 66
65 67
66 67
67 68
68 69
68 70
69 71
70 71
71 72
72 73
72 77
73 74
73 75
74 76
75 76
76 78
77 78
78 79
78 123
79 80
79 120
80 81
81 82
81 86
82 83
82 84
83 85
84 85
85 87
86 87
87 88
87 119
88 89
88 90
89 91
90 91
91 92
91 93
92 118
93 94
93 98
94 95
94 96
95 97
96 97
97 99
98 99
99 100
99 104
100 101
100 102
101 103
102 103
103 117
104 105
104 109
105 106
105 107
106 108
107 108
108 116
109 110
109 111
110 115
111 112
111 113
112 114
113 114
114 115
115 116
116 117
117 118
118 81
119 121
120 121
121 122
122 72
123 124
123 125
124 135
125 126
125 127
126 134
127 128
127 129
128 133
129 130
129 131
130 132
131 132
132 133
133 134
134 135
135 136
135 137
137 138
137 139
138 140
139 140
140 141
140 142
141 143
141 142
142 143
143 144
144 145
144 148
145 146
146 147
147 144
148 149
149 150
150 151
151 152
151 153
152 151
153 154
153 155
155 156
156 157
156 161
157 158
157 159
158 160
159 160
160 156
161 162
162 163
162 168
163 164
163 166
164 165
165 167
166 167
167 162
168 169
169 170
169 180
170 171
170 175
171 172
171 173
172 174
173 174
174 176
175 176
176 177
176 178
177 179
178 179
179 169
180 181
181 182
181 193
182 183
182 187
183 184
183 185
184 186
185 186
186 188
187 188
188 189
188 191
189 190
190 192
191 192
192 181
193 194
194 195
194 199
195 196
195 197
196 198
197 198
198 194
7 8
0 1
1 2
1 6
2 3
2 4
3 5
4 5
5 1
7 8
0 1
1 2
1 6
2 3
2 4
3 5
4 5
5 1
25 31
0 1
1 2
1 16
2 3
2 13
3 4
3 11
4 5
4 9
5 6
5 7
6 8
7 8
8 10
9 10
10 12
11 12
12 14
13 14
14 15
15 1
16 17
16 21
17 18
17 19
18 20
19 20
20 22
21 22
22 23
22 24
25 31
0 1
1 2
1 16
2 3
2 13
3 4
3 11
4 5
4 9
5 6
5 7
6 8
7 8
8 10
9 10
10 12
11 12
12 14
13 14
14 15
15 1
16 17
16 21
17 18
17 19
18 20
19 20
20 22
21 22
22 23
22 24
1 0
1 0
13 16
0 1
1 2
1 6
2 3
2 4
3 5
4 5
5 7
6 7
7 8
7 12
8 9
8 10
9 11
10 11
11 1
13 16
0 1
1 2
1 6
2 3
2 4
3 5
4 5
5 7
6 7
7 8
7 12
8 9
8 10
9 11
10 11
11 1
13 16
0 1
1 2
1 12
2 3
2 7
3 4
3 5
4 6
5 6
6 8
7 8
8 9
8 10
9 11
10 11
11 1
13 16
0 1
1 2
1 12
2 3
2 7
3 4
3 5
4 6
5 6
6 8
7 8
8 9
8 10
9 11
10 11
11 1
7 6
0 1
0 2
2 3
2 4
4 5
4 6
7 6
0 1
0 2
2 3
2 4
4 5
4 6
16 18
0 1
0 2
1 9
2 3
2 4
3 8
4 5
4 6
5 7
6 7
7 8
8 9
9 10
9 11
11 12
11 13
13 14
13 15
16 18
0 1
0 2
1 9
2 3
2 4
3 8
4 5
4 6
5 7
6 7
7 8
8 9
9 10
9 11
11 12
11 13
13 14
13 15
18 19
0 1
0 2
1 3
1 2
2 3
3 4
3 17
4 5
4 16
5 6
5 15
6 7
6 14
7 8
7 13
8 9
8 12
9 10
9 11
18 19
0 1
0 2
1 3
1 2
2 3
3 4
3 17
4 5
4 16
5 6
5 15
6 7
6 14
7 8
7 13
8 9
8 12
9 10
9 11
7 6
0 1
0 6
1 2
1 5
2 3
2 4
7 6
0 1
0 6
1 2
1 5
2 3
2 4
44 57
0 1
1 2
1 41
2 3
2 10
3 4
3 8
4 5
4 6
5 7
6 7
7 9
8 9
9 11
10 11
11 12
11 39
12 13
12 37
13 14
14 15
14 20
15 16
15 19
16 17
16 18
17 21
18 21
19 21
20 21
21 22
21 26
22 23
22 24
23 25
24 25
25 36
26 27
26 31
27 28
27 29
28 30
29 30
30 32
31 32
32 33
32 34
33 35
34 35
35 36
36 38
37 38
38 40
39 40
40 1
41 42
41 43
43 56
0 1
0 40
1 2
2 3
2 10
3 4
3 8
4 5
4 6
5 7
6 7
7 9
8 9
9 11
10 11
11 12
11 38
12 13
12 36
13 14
14 15
14 20
15 16
15 19
16 17
16 18
17 21
18 25
19 25
20 25
21 22
21 23
22 24
23 24
24 35
25 26
25 30
26 27
26 28
27 29
28 29
29 31
30 31
31 32
31 33
32 34
33 34
34 35
35 37
36 37
37 39
38 39
39 2
39 40
40 41
40 42
18 29
0 1
0 2
1 3
1 2
2 3
3 4
3 5
4 4
4 5
5 6
5 10
6 7
6 8
7 9
8 9
9 6
9 10
10 11
10 15
11 12
11 13
12 14
13 14
14 11
14 15
15 16
15 17
16 16
16 17
22 33
0 1
0 2
1 3
1 2
2 3
3 4
3 6
4 5
5 5
5 6
6 7
6 12
7 8
8 9
8 10
9 11
10 11
11 8
11 12
12 13
12 18
13 14
14 15
14 16
15 17
16 17
17 14
17 18
18 19
18 21
19 20
20 20
20 21
33 43
0 1
0 2
2 3
2 4
4 5
5 6
5 7
6 8
6 7
7 8
8 9
8 10
9 14
10 11
10 12
11 13
12 13
13 14
14 15
14 16
16 17
16 18
17 19
17 18
18 19
19 20
20 21
20 25
21 22
21 23
22 24
22 23
23 24
24 20
25 26
26 27
26 32
27 28
27 30
28 29
29 31
30 31
31 26
31 38
0 1
0 2
2 3
2 4
4 5
5 6
6 7
7 8
7 9
8 13
9 10
9 11
10 12
11 12
12 13
13 14
13 15
15 16
15 17
16 18
16 17
17 18
18 19
18 23
19 20
20 21
21 22
22 20
22 23
23 24
24 25
24 30
25 26
25 28
26 27
27 29
28 29
29 24
17 20
0 1
0 5
1 2
1 3
2 4
3 4
4 6
5 6
6 7
6 16
7 8
7 12
8 9
8 10
9 11
10 11
11 13
12 13
13 14
13 15
17 20
0 1
0 5
1 2
1 3
2 4
3 4
4 6
5 6
6 7
6 16
7 8
7 12
8 9
8 10
9 11
10 11
11 13
12 13
13 14
13 15
10 12
0 1
0 5
1 2
1 3
2 4
3 4
4 6
5 6
6 7
6 8
7 9
8 9
10 12
0 1
0 5
1 2
1 3
2 4
3 4
4 6
5 6
6 7
6 8
7 9
8 9
31 40
0 1
1 2
1 30
2 3
3 4
3 29
4 5
4 6
5 7
6 7
7 8
7 15
8 9
8 13
9 10
9 11
10 12
11 12
12 14
13 14
14 16
15 16
16 17
16 27
17 18
17 22
18 19
18 20
19 21
20 21
21 23
22 23
23 24
23 25
24 26
25 26
26 28
27 28
28 3
29 1
31 41
0 1
1 2
1 30
2 3
2 29
3 4
4 5
4 6
5 7
6 7
7 8
7 15
8 9
8 13
9 10
9 11
10 12
11 12
12 14
13 14
14 16
15 16
16 17
16 27
17 18
17 22
18 19
18 20
19 21
20 21
21 23
22 23
23 24
23 25
24 26
25 26
26 28
27 28
28 4
28 29
29 1
65 92
0 1
0 2
1 3
2 3
3 4
3 5
4 6
4 5
5 6
6 7
6 8
7 9
8 9
9 10
9 11
10 12
10 11
11 12
12 13
12 14
13 15
14 15
15 16
15 17
16 18
16 17
17 18
18 19
18 20
19 21
20 21
21 22
21 23
22 24
22 23
23 24
24 25
24 26
25 27
26 27
27 28
27 29
28 30
28 29
29 30
30 31
30 32
31 33
32 33
33 34
33 35
34 36
34 35
35 36
36 37
36 38
37 39
38 39
39 40
39 41
40 42
40 41
41 42
42 43
43 44
43 58
44 45
44 46
45 47
46 47
47 48
48 49
48 56
49 50
49 51
50 55
51 52
51 53
52 54
53 54
54 55
55 48
56 57
57 43
58 59
59 60
59 64
60 61
60 62
61 63
62 63
63 59
65 93
0 1
0 2
1 3
2 3
3 4
3 5
4 6
4 5
5 6
6 7
6 8
7 9
8 9
9 10
9 11
10 12
10 11
11 12
12 13
12 14
13 15
14 15
15 16
15 17
16 18
16 17
17 18
18 19
18 20
19 21
20 21
21 22
21 23
22 24
22 23
23 24
24 25
24 26
25 27
26 27
27 28
27 29
28 30
28 29
29 30
30 31
30 32
31 33
32 33
33 34
33 35
34 36
34 35
35 36
36 37
36 38
37 39
38 39
39 40
39 41
40 42
40 41
41 42
42 43
43 44
43 58
44 45
44 46
45 47
46 47
47 48
47 56
48 49
49 50
49 51
50 55
51 52
51 53
52 54
53 54
54 55
55 49
55 56
56 57
57 43
58 59
59 60
59 64
60 61
60 62
61 63
62 63
63 59
3 2
0 1
0 2
3 2
0 1
0 2
14 16
0 1
0 2
2 3
2 10
3 4
3 8
4 5
4 6
5 7
6 7
7 9
8 9
9 11
10 11
11 12
11 13
14 16
0 1
0 2
2 3
2 10
3 4
3 8
4 5
4 6
5 7
6 7
7 9
8 9
9 11
10 11
11 12
11 13
1 0
1 0
1 0
1 0
5 4
0 1
0 4
1 2
1 3
5 4
0 1
0 4
1 2
1 3
7 8
0 1
1 2
1 6
2 3
2 4
3 5
4 5
5 1
13 19
0 1
0 12
1 2
2 3
2 8
3 4
3 8
4 5
4 6
5 7
6 7
7 4
7 12
8 9
8 10
9 11
10 11
11 8
11 12
23 29
0 1
1 2
1 22
2 3
3 4
3 7
4 5
4 6
5 8
6 8
7 8
8 9
8 16
9 10
9 14
10 11
10 12
11 13
12 13
13 15
14 15
15 17
16 17
17 18
17 19
18 20
19 20
20 21
21 1
23 29
0 1
1 2
1 22
2 3
3 4
3 7
4 5
4 6
5 8
6 8
7 8
8 9
8 16
9 10
9 14
10 11
10 12
11 13
12 13
13 15
14 15
15 17
16 17
17 18
17 19
18 20
19 20
20 21
21 1
20 25
0 1
1 2
1 6
2 3
2 4
3 5
4 5
5 7
6 7
7 8
7 19
8 9
8 13
9 10
9 11
10 12
11 12
12 14
13 14
14 15
14 16
15 17
16 17
17 18
18 1
20 25
0 1
1 2
1 6
2 3
2 4
3 5
4 5
5 7
6 7
7 8
7 19
8 9
8 13
9 10
9 11
10 12
11 12
12 14
13 14
14 15
14 16
15 17
16 17
17 18
18 1
20 22
0 1
0 5
1 2
1 3
2 4
3 4
4 6
5 6
6 7
6 19
7 8
7 9
8 10
9 10
10 11
10 12
12 13
12 18
13 14
13 17
14 15
14 16
20 22
0 1
0 5
1 2
1 3
2 4
3 4
4 6
5 6
6 7
6 19
7 8
7 9
8 10
9 10
10 11
10 12
12 13
12 18
13 14
13 17
14 15
14 16
13 16
0 1
1 2
1 12
2 3
2 7
3 4
3 5
4 6
5 6
6 8
7 8
8 9
8 10
9 11
10 11
11 1
13 16
0 1
1 2
1 12
2 3
2 7
3 4
3 5
4 6
5 6
6 8
7 8
8 9
8 10
9 11
10 11
11 1
19 24
0 1
1 2
1 6
2 3
2 4
3 5
4 5
5 7
6 7
7 8
7 18
8 9
8 13
9 10
9 11
10 12
11 12
12 14
13 14
14 15
14 16
15 17
16 17
17 1
19 24
0 1
1 2
1 6
2 3
2 4
3 5
4 5
5 7
6 7
7 8
7 18
8 9
8 13
9 10
9 11
10 12
11 12
12 14
13 14
14 15
14 16
15 17
16 17
17 1
33 43
0 1
1 2
1 3
3 4
3 29
4 5
4 27
5 6
5 25
6 7
6 23
7 8
7 9
8 10
9 10
10 11
10 21
11 12
11 16
12 13
12 14
13 15
14 15
15 17
16 17
17 18
17 19
18 20
19 20
20 22
21 22
22 24
23 24
24 26
25 26
26 28
27 28
28 30
29 30
30 31
30 32
31 1
32 1
33 43
0 1
1 2
1 3
3 4
3 29
4 5
4 27
5 6
5 25
6 7
6 23
7 8
7 9
8 10
9 10
10 11
10 21
11 12
11 16
12 13
12 14
13 15
14 15
15 17
16 17
17 18
17 19
18 20
19 20
20 22
21 22
22 24
23 24
24 26
25 26
26 28
27 28
28 30
29 30
30 31
30 32
31 1
32 1
191 266
0 1
0 2
1 3
2 3
3 4
3 5
4 6
4 5
5 6
6 7
6 8
7 9
7 8
8 9
9 10
9 11
10 12
10 11
11 12
12 13
13 14
13 27
14 15
14 25
15 16
15 20
16 17
16 18
17 19
18 19
19 21
20 21
21 22
21 23
22 24
23 24
24 26
25 26
26 13
27 28
27 29
28 30
28 29
29 30
30 31
31 32
31 57
32 33
32 52
33 34
33 50
34 35
34 39
35 36
35 37
36 38
37 38
38 40
39 40
40 41
40 48
41 42
41 43
42 44
43 44
44 45
44 46
45 47
46 47
47 49
48 49
49 51
50 51
51 53
52 53
53 54
53 55
54 56
55 56
56 31
57 58
58 59
58 72
59 60
59 67
60 61
60 65
61 62
61 63
62 64
63 64
64 66
65 66
66 68
67 68
68 69
68 70
69 71
70 71
71 58
72 73
72 74
74 75
74 76
75 77
75 76
76 77
77 78
78 79
78 83
79 80
79 81
80 82
80 81
81 82
82 78
83 84
83 85
84 86
84 85
85 86
86 87
86 88
87 89
87 88
88 89
89 90
89 91
90 92
90 91
91 92
92 93
92 94
93 95
93 94
94 95
95 96
95 97
96 98
96 97
97 98
98 99
98 100
99 101
99 100
100 101
101 102
101 103
102 104
102 103
103 104
104 105
105 106
105 112
106 107
107 108
107 109
108 110
108 109
109 110
110 111
111 105
112 113
113 114
113 132
114 115
114 130
115 116
115 120
116 117
116 118
117 119
118 119
119 129
120 121
120 128
121 122
121 123
122 124
123 124
124 125
124 126
125 127
126 127
127 129
128 129
129 131
130 131
131 113
132 133
133 134
133 138
134 135
134 136
135 137
136 137
137 139
138 139
139 140
139 190
140 141
140 142
141 143
142 143
143 144
144 145
144 149
145 146
145 147
146 148
147 148
148 150
149 150
150 151
150 156
151 152
151 153
152 155
153 154
154 155
155 144
156 157
156 188
157 158
158 159
158 163
159 160
159 161
160 162
161 162
162 164
163 164
164 165
164 181
165 166
166 167
166 171
167 168
167 169
168 170
169 170
170 172
171 172
172 173
172 177
173 174
173 175
174 176
175 176
176 166
177 178
177 179
178 180
179 180
180 158
181 182
181 186
182 183
183 184
183 185
184 183
185 187
186 187
187 189
188 189
189 133
185 248
0 1
0 2
1 3
2 3
3 4
3 5
4 6
4 5
5 6
6 7
6 8
7 9
7 8
8 9
9 10
9 11
10 12
10 11
11 12
12 13
13 14
13 27
14 15
14 25
15 16
15 20
16 17
16 18
17 19
18 19
19 21
20 21
21 22
21 23
22 24
23 24
24 26
25 26
26 13
27 28
27 29
28 30
28 29
29 30
30 31
31 32
31 57
32 33
32 52
33 34
33 50
34 35
34 39
35 36
35 37
36 38
37 38
38 40
39 40
40 41
40 48
41 42
41 43
42 44
43 44
44 45
44 46
45 47
46 47
47 49
48 49
49 51
50 51
51 53
52 53
53 54
53 55
54 56
55 56
56 31
57 58
58 59
58 72
59 60
59 67
60 61
60 65
61 62
61 63
62 64
63 64
64 66
65 66
66 68
67 68
68 69
68 70
69 71
70 71
71 58
72 73
72 74
74 75
74 76
75 77
75 76
76 77
77 78
78 79
78 82
79 80
80 81
81 78
82 83
82 84
83 85
83 84
84 85
85 86
85 87
86 88
86 87
87 88
88 89
88 90
89 91
89 90
90 91
91 92
92 93
93 94
94 95
95 96
96 97
97 98
98 99
99 100
100 101
100 106
101 102
102 103
103 104
104 105
105 100
106 107
107 108
107 126
108 109
108 124
109 110
109 114
110 111
110 112
111 113
112 113
113 123
114 115
114 122
115 116
115 117
116 118
117 118
118 119
118 120
119 121
120 121
121 123
122 123
123 125
124 125
125 107
126 127
127 128
127 132
128 129
128 130
129 131
130 131
131 133
132 133
133 134
133 184
134 135
134 136
135 137
136 137
137 138
138 139
138 143
139 140
139 141
140 142
141 142
142 144
143 144
144 145
144 150
145 146
145 147
146 149
147 148
148 149
149 138
150 151
150 182
151 152
152 153
152 157
153 154
153 155
154 156
155 156
156 158
157 158
158 159
158 175
159 160
160 161
160 165
161 162
161 163
162 164
163 164
164 166
165 166
166 167
166 171
167 168
167 169
168 170
169 170
170 160
171 172
171 173
172 174
173 174
174 152
175 176
175 180
176 177
177 178
177 179
178 177
179 181
180 181
181 183
182 183
183 127
11 13
0 1
1 2
1 10
2 3
2 4
3 5
4 5
5 6
5 7
6 8
7 8
8 9
9 1
11 13
0 1
1 2
1 10
2 3
2 4
3 5
4 5
5 6
5 7
6 8
7 8
8 9
9 1
7 6
0 1
0 2
2 3
2 6
3 4
3 5
3 2
0 1
0 2
3 4
0 1
0 2
1 1
1 2
3 4
0 1
0 2
1 1
1 2
8 9
0 1
0 2
2 3
2 4
4 5
4 7
5 6
6 5
6 7
8 9
0 1
0 2
2 3
2 4
4 5
4 7
5 6
6 5
6 7
9 8
0 1
0 2
2 3
2 4
4 5
4 8
5 6
5 7
9 8
0 1
0 2
2 3
2 4
4 5
4 8
5 6
5 7
8 8
0 1
0 2
2 3
2 4
4 5
4 6
5 7
6 7
8 8
0 1
0 2
2 3
2 4
4 5
4 6
5 7
6 7
23 26
0 1
0 12
1 2
1 11
2 3
2 4
3 8
4 5
4 6
5 7
6 7
7 8
8 9
8 10
12 13
12 22
13 14
13 15
14 19
15 16
15 17
16 18
17 18
18 19
19 20
19 21
23 26
0 1
0 12
1 2
1 11
2 3
2 4
3 8
4 5
4 6
5 7
6 7
7 8
8 9
8 10
12 13
12 22
13 14
13 15
14 19
15 16
15 17
16 18
17 18
18 19
19 20
19 21
3 2
0 1
0 2
3 2
0 1
0 2
8 9
0 1
0 2
2 3
2 4
4 5
4 7
5 6
6 5
6 7
8 9
0 1
0 2
2 3
2 4
4 5
4 7
5 6
6 5
6 7
3 2
0 1
0 2
3 2
0 1
0 2
1 0
1 0
1 0
1 0
1 0
1 0
1 0
1 0
1 0
1 0
1 0
1 0
1 0
3 2
0 1
0 2
3 2
0 1
0 2
17 21
0 1
1 2
1 3
3 4
3 16
4 5
4 12
5 6
5 7
6 8
7 8
8 9
8 10
9 11
10 11
11 13
12 13
13 14
13 15
15 1
16 1
17 21
0 1
1 2
1 3
3 4
3 16
4 5
4 12
5 6
5 7
6 8
7 8
8 9
8 10
9 11
10 11
11 13
12 13
13 14
13 15
15 1
16 1
3 2
0 1
0 2
3 2
0 1
0 2
11 10
0 1
0 2
2 3
2 4
4 5
4 6
6 7
6 8
8 9
8 10
5 4
0 1
0 2
2 3
2 4
5 4
0 1
0 2
2 3
2 4
5 4
0 1
0 2
2 3
2 4
5 4
0 1
0 2
2 3
2 4
17 20
0 1
0 2
1 9
2 3
2 4
3 8
4 5
4 6
5 7
6 7
7 8
8 9
9 10
9 11
11 12
11 16
12 13
12 14
13 15
14 15
17 20
0 1
0 2
1 9
2 3
2 4
3 8
4 5
4 6
5 7
6 7
7 8
8 9
9 10
9 11
11 12
11 16
12 13
12 14
13 15
14 15
9 10
0 1
0 8
1 2
2 3
2 4
3 7
4 5
4 6
5 7
6 7
9 10
0 1
0 8
1 2
2 3
2 4
3 7
4 5
4 6
5 7
6 7
10 12
0 1
1 2
1 9
2 3
2 4
3 8
4 5
4 6
5 7
6 7
7 8
8 1
10 12
0 1
1 2
1 9
2 3
2 4
3 8
4 5
4 6
5 7
6 7
7 8
8 1
8 8
0 1
0 2
2 3
2 4
4 5
4 6
5 7
6 7
8 8
0 1
0 2
2 3
2 4
4 5
4 6
5 7
6 7
1 0
1 0
22 27
0 1
1 2
1 19
2 3
2 4
3 17
4 5
4 9
5 6
5 7
6 8
7 8
8 16
9 10
9 11
10 12
11 12
12 13
12 14
13 15
14 15
15 16
16 17
17 18
18 1
19 20
19 21
22 27
0 1
1 2
1 19
2 3
2 4
3 17
4 5
4 9
5 6
5 7
6 8
7 8
8 16
9 10
9 11
10 12
11 12
12 13
12 14
13 15
14 15
15 16
16 17
17 18
18 1
19 20
19 21
5 5
0 1
1 2
1 4
2 3
3 1
5 5
0 1
1 2
1 4
2 3
3 1
52 72
0 1
0 2
1 3
1 2
2 3
3 4
3 5
4 6
4 5
5 6
6 7
6 8
7 9
7 8
8 9
9 10
10 11
10 15
11 12
11 13
12 14
12 13
13 14
14 10
15 16
16 17
16 18
17 16
18 19
19 20
19 51
20 21
20 49
21 22
21 23
22 24
23 24
24 25
24 29
25 26
25 27
26 28
27 28
28 30
29 30
30 31
30 32
31 33
32 33
33 34
33 35
34 39
35 36
35 37
36 38
37 38
38 39
39 40
39 41
40 42
41 42
42 43
42 44
43 45
44 45
45 46
45 47
46 48
47 48
48 50
49 50
50 19
51 70
0 1
0 2
1 3
1 2
2 3
3 4
3 5
4 6
4 5
5 6
6 7
6 8
7 9
7 8
8 9
9 10
9 14
10 11
11 12
12 13
13 11
13 14
14 15
15 16
15 17
16 15
17 18
18 19
18 50
19 20
19 48
20 21
20 22
21 23
22 23
23 24
23 28
24 25
24 26
25 27
26 27
27 29
28 29
29 30
29 31
30 32
31 32
32 33
32 34
33 38
34 35
34 36
35 37
36 37
37 38
38 39
38 40
39 41
40 41
41 42
41 43
42 44
43 44
44 45
44 46
45 47
46 47
47 49
48 49
49 18
15 18
0 1
0 2
2 3
2 10
3 4
3 8
4 5
4 6
5 7
6 7
7 9
8 9
9 11
10 11
11 12
11 13
12 14
13 14
15 18
0 1
0 2
2 3
2 10
3 4
3 8
4 5
4 6
5 7
6 7
7 9
8 9
9 11
10 11
11 12
11 13
12 14
13 14
1 0
1 0
15 18
0 1
0 2
2 3
2 7
3 4
3 5
4 6
5 6
6 8
7 8
8 9
8 10
9 11
10 11
11 12
11 13
12 14
13 14
15 18
0 1
0 2
2 3
2 7
3 4
3 5
4 6
5 6
6 8
7 8
8 9
8 10
9 11
10 11
11 12
11 13
12 14
13 14
3 2
0 1
0 2
3 2
0 1
0 2
31 40
0 1
1 2
1 30
2 3
2 10
3 4
3 8
4 5
4 6
5 7
6 7
7 9
8 9
9 11
10 11
11 12
11 28
12 13
12 14
13 15
14 15
15 16
15 20
16 17
16 18
17 19
18 19
19 21
20 21
21 22
21 23
22 24
23 24
24 25
24 26
25 27
26 27
27 29
28 29
29 1
31 41
0 1
0 30
1 2
2 3
2 10
3 4
3 8
4 5
4 6
5 7
6 7
7 9
8 9
9 11
10 11
11 12
11 28
12 13
12 14
13 15
14 15
15 16
15 20
16 17
16 18
17 19
18 19
19 21
20 21
21 22
21 23
22 24
23 24
24 25
24 26
25 27
26 27
27 29
28 29
29 2
29 30
19 30
0 1
0 2
1 3
1 2
2 3
3 4
3 5
4 6
4 5
5 6
6 7
6 8
7 9
7 8
8 9
9 10
9 11
10 12
10 11
11 12
12 13
12 14
13 15
13 14
14 15
15 16
15 17
16 18
16 17
17 18
13 12
0 1
1 2
2 3
3 4
4 5
5 6
6 7
7 8
8 9
9 10
10 11
11 12
25 33
0 1
0 2
1 3
1 2
2 3
3 4
4 5
4 24
5 6
5 22
6 7
6 8
7 9
8 9
9 10
9 14
10 11
10 12
11 13
12 13
13 15
14 15
15 16
15 17
16 18
17 18
18 19
18 20
19 21
20 21
21 23
22 23
23 4
25 34
0 1
0 2
1 3
1 2
2 3
3 4
3 24
4 5
5 6
5 22
6 7
6 8
7 9
8 9
9 10
9 14
10 11
10 12
11 13
12 13
13 15
14 15
15 16
15 17
16 18
17 18
18 19
18 20
19 21
20 21
21 23
22 23
23 5
23 24
13 16
0 1
1 2
1 6
2 3
2 4
3 5
4 5
5 7
6 7
7 8
7 12
8 9
8 10
9 11
10 11
11 1
13 16
0 1
1 2
1 6
2 3
2 4
3 5
4 5
5 7
6 7
7 8
7 12
8 9
8 10
9 11
10 11
11 1
1 0
17 20
0 1
0 2
1 9
2 3
2 4
3 8
4 5
4 6
5 7
6 7
7 8
8 9
9 10
9 11
11 12
11 13
13 14
13 15
14 16
15 16
17 20
0 1
0 2
1 9
2 3
2 4
3 8
4 5
4 6
5 7
6 7
7 8
8 9
9 10
9 11
11 12
11 13
13 14
13 15
14 16
15 16
18 22
0 1
0 2
1 6
2 3
2 4
3 5
4 5
5 6
6 7
6 8
8 9
8 13
9 10
9 11
10 12
11 12
12 14
13 14
14 15
14 16
15 17
16 17
18 22
0 1
0 2
1 6
2 3
2 4
3 5
4 5
5 6
6 7
6 8
8 9
8 13
9 10
9 11
10 12
11 12
12 14
13 14
14 15
14 16
15 17
16 17
17 20
0 1
0 2
1 6
2 3
2 4
3 5
4 5
5 6
6 7
6 8
8 9
8 13
9 10
9 11
10 12
11 12
12 14
13 14
14 15
14 16
17 20
0 1
0 2
1 6
2 3
2 4
3 5
4 5
5 6
6 7
6 8
8 9
8 13
9 10
9 11
10 12
11 12
12 14
13 14
14 15
14 16
7 6
0 1
0 2
2 3
2 4
4 5
4 6
7 6
0 1
0 2
2 3
2 4
4 5
4 6
28 39
0 1
0 2
1 3
2 3
3 4
3 5
4 6
5 6
6 7
6 8
7 9
7 8
8 9
9 10
9 11
10 12
11 12
12 13
12 14
13 15
13 14
14 15
15 16
15 17
16 18
17 18
18 19
18 20
19 21
19 20
20 21
21 22
22 23
22 27
23 24
23 25
24 26
25 26
26 22
28 40
0 1
0 2
1 3
2 3
3 4
3 5
4 6
5 6
6 7
6 8
7 9
7 8
8 9
9 10
9 11
10 12
11 12
12 13
12 14
13 15
13 14
14 15
15 16
15 17
16 18
17 18
18 19
18 20
19 21
19 20
20 21
21 22
21 27
22 23
23 24
23 25
24 26
25 26
26 23
26 27
1 0
1 0
1 0
1 0
1 0
6 6
0 1
0 2
2 3
2 4
3 5
4 5
6 6
0 1
0 2
2 3
2 4
3 5
4 5
25 32
0 1
1 2
1 3
3 4
4 5
4 24
5 6
5 7
6 8
7 8
8 9
8 13
9 10
9 11
10 12
11 12
12 14
13 14
14 15
14 22
15 16
15 17
16 18
17 18
18 19
18 20
19 21
20 21
21 23
22 23
23 4
24 1
25 33
0 1
1 2
1 3
3 4
3 24
4 5
5 6
5 7
6 8
7 8
8 9
8 13
9 10
9 11
10 12
11 12
12 14
13 14
14 15
14 22
15 16
15 17
16 18
17 18
18 19
18 20
19 21
20 21
21 23
22 23
23 5
23 24
24 1
1 0
1 0
1 0
1 0
6 6
0 1
0 2
1 3
2 3
3 4
3 5
6 6
0 1
0 2
1 3
2 3
3 4
3 5
12 14
0 1
1 2
1 3
3 4
3 8
4 5
4 6
5 7
6 7
7 9
8 9
9 10
9 11
11 1
12 14
0 1
1 2
1 3
3 4
3 8
4 5
4 6
5 7
6 7
7 9
8 9
9 10
9 11
11 1
33 38
0 1
0 2
1 6
2 3
2 4
3 5
4 5
5 6
6 7
6 8
8 9
8 10
10 11
10 32
11 12
11 27
12 13
12 23
13 14
13 21
14 15
14 19
15 16
15 17
16 18
17 18
18 20
19 20
20 22
21 22
22 24
23 24
24 25
24 26
27 28
27 29
29 30
29 31
33 38
0 1
0 2
1 6
2 3
2 4
3 5
4 5
5 6
6 7
6 8
8 9
8 10
10 11
10 32
11 12
11 27
12 13
12 23
13 14
13 21
14 15
14 19
15 16
15 17
16 18
17 18
18 20
19 20
20 22
21 22
22 24
23 24
24 25
24 26
27 28
27 29
29 30
29 31
1 0
1 0
1 0
1 0
39 50
0 1
1 2
1 3
3 4
4 5
4 9
5 6
5 7
6 8
7 8
8 10
9 10
10 11
10 36
11 12
11 13
12 14
13 14
14 15
14 19
15 16
15 17
16 18
17 18
18 20
19 20
20 21
20 34
21 22
21 23
22 24
23 24
24 25
24 26
25 27
26 27
27 28
27 29
28 33
29 30
29 31
30 32
31 32
32 33
33 35
34 35
35 4
36 37
36 38
38 1
39 50
0 1
1 2
1 3
3 4
4 5
4 9
5 6
5 7
6 8
7 8
8 10
9 10
10 11
10 36
11 12
11 13
12 14
13 14
14 15
14 19
15 16
15 17
16 18
17 18
18 20
19 20
20 21
20 34
21 22
21 23
22 24
23 24
24 25
24 26
25 27
26 27
27 28
27 29
28 33
29 30
29 31
30 32
31 32
32 33
33 35
34 35
35 4
36 37
36 38
38 1
15 18
0 1
1 2
1 3
3 4
3 11
4 5
4 9
5 6
5 7
6 8
7 8
8 10
9 10
10 12
11 12
12 13
12 14
14 1
15 18
0 1
1 2
1 3
3 4
3 11
4 5
4 9
5 6
5 7
6 8
7 8
8 10
9 10
10 12
11 12
12 13
12 14
14 1
25 32
0 1
1 2
1 3
3 4
4 5
4 24
5 6
5 7
6 8
7 8
8 9
8 13
9 10
9 11
10 12
11 12
12 14
13 14
14 15
14 22
15 16
15 17
16 18
17 18
18 19
18 20
19 21
20 21
21 23
22 23
23 4
24 1
25 33
0 1
1 2
1 3
3 4
3 24
4 5
5 6
5 7
6 8
7 8
8 9
8 13
9 10
9 11
10 12
11 12
12 14
13 14
14 15
14 22
15 16
15 17
16 18
17 18
18 19
18 20
19 21
20 21
21 23
22 23
23 5
23 24
24 1
3 2
0 1
0 2
3 2
0 1
0 2
1 0
1 0
1 0
1 0
1 0
1 0
1 0
1 0
28 34
0 1
0 2
1 9
2 3
2 4
3 8
4 5
4 6
5 7
6 7
7 8
8 9
9 10
9 11
11 12
11 13
12 17
13 14
13 15
14 16
15 16
16 17
17 18
17 19
19 20
19 24
20 21
20 22
21 23
22 23
23 25
24 25
25 26
25 27
28 34
0 1
0 2
1 9
2 3
2 4
3 8
4 5
4 6
5 7
6 7
7 8
8 9
9 10
9 11
11 12
11 13
12 17
13 14
13 15
14 16
15 16
16 17
17 18
17 19
19 20
19 24
20 21
20 22
21 23
22 23
23 25
24 25
25 26
25 27
93 119
0 1
0 2
1 6
2 3
2 4
3 5
4 5
5 6
6 7
6 8
8 9
8 10
9 14
10 11
10 12
11 13
12 13
13 14
14 15
14 16
15 17
16 17
17 18
17 19
18 20
19 20
20 21
20 25
21 22
21 23
22 24
23 24
24 26
25 26
26 27
26 28
27 29
28 29
29 30
29 31
30 32
31 32
32 33
32 37
33 34
33 35
34 36
35 36
36 38
37 38
38 39
38 40
39 41
40 41
41 42
42 43
42 44
43 51
44 45
44 46
45 50
46 47
46 48
47 49
48 49
49 50
50 51
51 52
51 53
52 70
53 54
53 55
54 59
55 56
55 57
56 58
57 58
58 59
59 60
59 61
60 70
61 62
61 66
62 63
62 64
63 65
64 65
65 67
66 67
67 68
67 69
68 70
69 70
70 71
70 72
71 73
72 73
73 74
73 75
75 76
75 77
77 78
77 79
78 80
79 80
80 81
80 82
82 83
82 87
83 84
83 85
84 86
85 86
86 88
87 88
88 89
88 90
90 91
90 92
93 119
0 1
0 2
1 6
2 3
2 4
3 5
4 5
5 6
6 7
6 8
8 9
8 10
9 14
10 11
10 12
11 13
12 13
13 14
14 15
14 16
15 17
16 17
17 18
17 19
18 20
19 20
20 21
20 25
21 22
21 23
22 24
23 24
24 26
25 26
26 27
26 28
27 29
28 29
29 30
29 31
30 32
31 32
32 33
32 37
33 34
33 35
34 36
35 36
36 38
37 38
38 39
38 40
39 41
40 41
41 42
42 43
42 44
43 51
44 45
44 46
45 50
46 47
46 48
47 49
48 49
49 50
50 51
51 52
51 53
52 70
53 54
53 55
54 59
55 56
55 57
56 58
57 58
58 59
59 60
59 61
60 70
61 62
61 66
62 63
62 64
63 65
64 65
65 67
66 67
67 68
67 69
68 70
69 70
70 71
70 72
71 73
72 73
73 74
73 75
75 76
75 77
77 78
77 79
78 80
79 80
80 81
80 82
82 83
82 87
83 84
83 85
84 86
85 86
86 88
87 88
88 89
88 90
90 91
90 92
8 9
0 1
1 2
1 7
2 3
2 4
3 5
4 5
5 6
6 1
8 9
0 1
1 2
1 7
2 3
2 4
3 5
4 5
5 6
6 1
11 12
0 1
0 2
1 3
2 3
3 4
3 5
4 6
5 6
6 7
6 8
8 9
8 10
11 12
0 1
0 2
1 3
2 3
3 4
3 5
4 6
5 6
6 7
6 8
8 9
8 10
18 22
0 1
1 2
1 3
3 4
4 5
4 6
5 7
6 7
7 8
7 9
8 10
9 10
10 11
10 12
11 15
12 13
12 14
13 15
14 15
15 16
15 17
16 1
18 23
0 2
0 1
1 3
3 4
4 5
4 6
5 7
6 7
7 8
7 9
8 10
9 10
10 11
10 12
11 15
12 13
12 14
13 15
14 15
15 16
15 17
16 2
16 3
3 3
0 1
0 2
2 0
3 3
0 1
0 2
2 0
19 25
0 1
0 2
1 3
1 2
2 3
3 4
4 5
4 12
5 6
5 7
6 8
7 8
8 9
8 10
9 11
10 11
11 4
12 13
13 14
13 18
14 15
14 16
15 17
16 17
17 13
28 40
0 1
0 2
1 3
1 2
2 3
3 4
3 21
4 5
5 6
5 14
6 7
6 14
7 8
7 9
8 10
9 10
10 11
10 12
11 13
12 13
13 7
13 21
14 15
14 16
15 17
16 17
17 18
17 19
18 20
19 20
20 14
20 21
21 22
22 23
22 27
23 24
23 25
24 26
25 26
26 22
3 2
0 1
0 2
3 2
0 1
0 2
5 4
0 1
0 2
2 3
2 4
5 4
0 1
0 2
2 3
2 4
1 0
1 0
5 5
0 1
0 2
2 3
2 4
3 0
5 5
0 1
0 2
2 3
2 4
3 0
18 22
0 1
1 2
1 3
3 4
3 5
4 6
5 6
6 7
6 11
7 8
7 9
8 10
9 10
10 12
11 12
12 13
12 14
13 15
14 15
15 16
15 17
17 1
18 22
0 1
1 2
1 3
3 4
3 5
4 6
5 6
6 7
6 11
7 8
7 9
8 10
9 10
10 12
11 12
12 13
12 14
13 15
14 15
15 16
15 17
17 1
3 3
0 1
0 2
2 0
3 3
0 1
0 2
2 0
4 5
0 1
0 2
1 3
1 2
2 3
4 5
0 1
0 2
1 3
1 2
2 3
4 4
0 1
0 2
1 3
2 3
4 4
0 1
0 2
1 3
2 3
18 22
0 1
1 2
1 3
3 4
3 5
4 6
5 6
6 7
6 14
7 8
7 12
8 9
8 10
9 11
10 11
11 13
12 13
13 15
14 15
15 16
15 17
17 1
18 22
0 1
1 2
1 3
3 4
3 5
4 6
5 6
6 7
6 14
7 8
7 12
8 9
8 10
9 11
10 11
11 13
12 13
13 15
14 15
15 16
15 17
17 1
25 32
0 1
1 2
1 3
3 4
3 20
4 5
4 18
5 6
5 7
6 14
7 8
7 9
8 10
9 10
10 11
10 12
11 13
12 13
13 14
14 15
14 16
15 17
16 17
17 19
18 19
19 21
20 21
21 22
21 23
22 24
23 24
24 1
24 33
0 2
0 1
1 3
3 4
3 19
4 5
4 17
5 6
5 7
6 13
7 8
7 9
8 10
8 11
9 10
9 11
10 12
11 12
12 13
13 14
13 15
14 16
15 16
16 18
17 18
18 20
19 20
20 21
20 22
21 23
22 23
23 2
23 3
22 28
0 1
1 2
1 3
3 4
3 8
4 5
4 6
5 7
6 7
7 9
8 9
9 10
9 11
10 12
11 12
12 13
12 17
13 14
13 15
14 16
15 16
16 18
17 18
18 19
18 20
19 21
20 21
21 1
20 24
0 1
1 2
1 3
3 4
4 5
4 6
5 7
6 7
7 8
8 9
8 10
9 11
10 11
11 12
12 13
12 14
13 15
14 15
15 16
16 17
16 18
17 19
18 19
19 1
24 33
0 1
0 2
1 3
2 3
3 4
3 5
4 6
4 5
5 6
6 7
6 8
7 9
7 8
8 9
9 10
9 11
10 12
11 12
12 13
12 14
13 15
13 14
14 15
15 16
15 20
16 17
17 18
17 19
18 17
19 21
20 21
21 22
21 23
24 34
0 1
0 2
1 3
2 3
3 4
3 5
4 6
4 5
5 6
6 7
6 8
7 9
7 8
8 9
9 10
9 11
10 12
11 12
12 13
12 14
13 15
13 14
14 15
15 16
15 20
16 17
16 19
17 18
18 18
18 19
19 21
20 21
21 22
21 23
1 0
1 0
1 0
7 6
0 1
0 4
1 2
1 3
4 5
4 6
7 6
0 1
0 4
1 2
1 3
4 5
4 6
3 2
0 1
0 2
9 10
0 1
0 5
1 2
1 3
2 4
3 4
4 6
5 6
6 7
6 8
9 10
0 1
0 5
1 2
1 3
2 4
3 4
4 6
5 6
6 7
6 8
1 0
1 0
10 13
0 1
0 2
1 3
1 2
2 3
3 4
4 5
4 9
5 6
5 7
6 8
7 8
8 4
10 14
0 1
0 2
1 3
1 2
2 3
3 4
3 9
4 5
5 6
5 7
6 8
7 8
8 5
8 9
1 0
5 4
0 1
0 2
2 3
2 4
5 4
0 1
0 2
2 3
2 4
3 2
0 1
0 2
3 2
0 1
0 2
18 20
0 1
0 17
1 2
1 3
3 4
3 5
4 6
5 6
6 7
6 8
7 9
8 9
9 10
9 11
10 12
11 12
12 13
12 16
13 14
13 15
16 18
0 1
0 15
1 2
1 3
3 4
3 5
4 6
4 7
5 7
6 8
7 8
8 9
8 10
9 11
9 14
10 14
11 12
11 13
3 3
0 1
0 2
2 0
3 3
0 1
0 2
2 0
7 6
0 1
0 2
2 3
2 4
4 5
4 6
7 6
0 1
0 2
2 3
2 4
4 5
4 6
1 0
1 0
15 14
0 1
0 2
2 3
2 4
4 5
4 6
6 7
6 8
8 9
8 10
10 11
10 12
12 13
12 14
15 14
0 1
0 2
2 3
2 4
4 5
4 6
6 7
6 8
8 9
8 10
10 11
10 12
12 13
12 14
16 18
0 1
0 2
2 3
2 4
3 5
4 5
5 6
5 7
6 8
7 8
8 9
8 10
9 11
10 11
11 12
11 15
12 13
12 14
14 16
0 1
0 2
2 3
2 4
3 5
3 6
4 6
5 7
6 7
7 8
7 9
8 10
8 13
9 13
10 11
10 12
15 14
0 1
0 4
1 2
1 3
4 5
4 8
5 6
5 7
8 9
8 12
9 10
9 11
12 13
12 14
12 11
0 11
0 10
0 1
0 4
0 7
1 2
1 3
4 5
4 6
7 8
7 9
3 4
0 1
0 2
1 1
1 2
4 5
0 1
0 3
1 2
2 2
2 3
9 10
0 1
0 2
2 3
2 5
3 4
5 6
5 8
6 7
7 6
7 8
10 11
0 1
0 2
2 3
2 5
3 4
5 6
5 9
6 7
7 8
8 7
8 9
20 27
0 1
1 2
1 19
2 3
3 4
3 5
4 18
5 6
5 7
6 18
7 8
7 9
8 18
9 10
9 11
10 18
11 12
11 13
12 18
13 14
13 15
14 18
15 16
15 17
16 18
17 18
18 1
20 28
0 1
0 19
1 2
2 3
3 4
3 5
4 18
5 6
5 7
6 18
7 8
7 9
8 18
9 10
9 11
10 18
11 12
11 13
12 18
13 14
13 15
14 18
15 16
15 17
16 18
17 18
18 2
18 19
9 10
0 1
0 2
2 3
2 5
3 4
5 6
5 8
6 7
7 6
7 8
10 11
0 1
0 2
2 3
2 5
3 4
5 6
5 9
6 7
7 8
8 7
8 9
5 6
0 1
0 2
1 3
1 2
2 3
3 4
5 6
0 1
0 2
1 3
1 2
2 3
3 4
32 39
0 1
0 31
1 2
1 30
2 3
3 4
3 5
4 6
5 6
6 7
6 8
7 9
8 9
9 10
9 11
10 12
11 12
12 13
12 14
13 15
14 15
15 16
15 26
16 17
16 18
17 19
18 19
19 20
19 24
20 21
20 22
21 23
22 23
23 25
24 25
25 27
26 27
27 28
27 29
29 35
0 1
0 28
1 2
1 27
2 3
3 4
3 5
4 6
5 7
6 8
7 8
8 9
8 10
9 11
9 12
10 12
11 13
12 13
13 14
13 23
14 15
14 16
15 17
15 21
16 21
17 18
17 19
18 20
19 20
20 22
21 22
22 24
23 24
24 25
24 26
7 8
0 1
1 2
1 3
3 4
3 5
4 6
5 6
6 1
7 8
0 1
1 2
1 3
3 4
3 5
4 6
5 6
6 1
10 10
0 1
0 2
2 3
2 4
4 5
4 9
5 6
5 7
6 8
7 8
10 10
0 1
0 2
2 3
2 4
4 5
4 9
5 6
5 7
6 8
7 8
15 14
0 1
0 2
2 3
2 4
4 5
4 6
6 7
6 8
8 9
8 10
10 11
10 12
12 13
12 14
15 14
0 1
0 2
2 3
2 4
4 5
4 6
6 7
6 8
8 9
8 10
10 11
10 12
12 13
12 14
20 27
0 1
1 2
1 19
2 3
3 4
3 5
4 18
5 6
5 7
6 18
7 8
7 9
8 18
9 10
9 11
10 18
11 12
11 13
12 18
13 14
13 15
14 18
15 16
15 17
16 18
17 18
18 1
20 28
0 1
0 19
1 2
2 3
3 4
3 5
4 18
5 6
5 7
6 18
7 8
7 9
8 18
9 10
9 11
10 18
11 12
11 13
12 18
13 14
13 15
14 18
15 16
15 17
16 18
17 18
18 2
18 19
9 10
0 1
0 2
2 3
2 5
3 4
5 6
5 8
6 7
7 6
7 8
10 11
0 1
0 2
2 3
2 5
3 4
5 6
5 9
6 7
7 8
8 7
8 9
5 6
0 1
0 2
1 3
1 2
2 3
3 4
5 6
0 1
0 2
1 3
1 2
2 3
3 4
20 23
0 1
0 19
1 2
1 18
2 3
3 4
3 5
4 6
5 6
6 7
6 8
7 9
8 9
9 10
9 11
10 12
11 12
12 13
12 14
13 15
14 15
15 16
15 17
18 20
0 1
0 17
1 2
1 16
2 3
3 4
3 5
4 6
5 7
6 8
7 8
8 9
8 10
9 11
9 12
10 12
11 13
12 13
13 14
13 15
7 8
0 1
1 2
1 3
3 4
3 5
4 6
5 6
6 1
7 8
0 1
1 2
1 3
3 4
3 5
4 6
5 6
6 1
10 10
0 1
0 2
2 3
2 4
4 5
4 9
5 6
5 7
6 8
7 8
10 10
0 1
0 2
2 3
2 4
4 5
4 9
5 6
5 7
6 8
7 8
15 14
0 1
0 2
2 3
2 4
4 5
4 6
6 7
6 8
8 9
8 10
10 11
10 12
12 13
12 14
15 14
0 1
0 2
2 3
2 4
4 5
4 6
6 7
6 8
8 9
8 10
10 11
10 12
12 13
12 14
20 27
0 1
1 2
1 19
2 3
3 4
3 5
4 18
5 6
5 7
6 18
7 8
7 9
8 18
9 10
9 11
10 18
11 12
11 13
12 18
13 14
13 15
14 18
15 16
15 17
16 18
17 18
18 1
20 28
0 1
0 19
1 2
2 3
3 4
3 5
4 18
5 6
5 7
6 18
7 8
7 9
8 18
9 10
9 11
10 18
11 12
11 13
12 18
13 14
13 15
14 18
15 16
15 17
16 18
17 18
18 2
18 19
9 10
0 1
0 2
2 3
2 5
3 4
5 6
5 8
6 7
7 6
7 8
10 11
0 1
0 2
2 3
2 5
3 4
5 6
5 9
6 7
7 8
8 7
8 9
1 0
1 0
19 27
0 1
0 2
1 3
2 3
3 4
3 5
4 6
4 5
5 6
6 7
6 8
7 9
8 9
9 10
9 11
10 12
10 11
11 12
12 13
12 14
13 15
14 15
15 16
15 17
16 18
16 17
17 18
19 27
0 1
0 2
1 3
2 3
3 4
3 5
4 6
4 5
5 6
6 7
6 8
7 9
8 9
9 10
9 11
10 12
10 11
11 12
12 13
12 14
13 15
14 15
15 16
15 17
16 18
16 17
17 18
4 5
0 1
0 2
1 3
1 2
2 3
3 2
0 1
1 2
3 2
0 1
0 2
9 10
0 1
0 2
2 3
2 4
4 5
4 6
6 7
6 8
7 7
7 8
9 10
0 1
0 2
2 3
2 4
4 5
4 6
6 7
6 8
7 7
7 8
7 6
0 1
0 2
2 3
2 4
4 5
4 6
3 2
0 1
0 2
8 9
0 1
0 2
2 3
2 4
4 5
4 7
5 6
6 5
6 7
8 9
0 1
0 2
2 3
2 4
4 5
4 7
5 6
6 5
6 7
11 10
0 1
0 6
1 2
1 3
3 4
3 5
6 7
6 8
8 9
8 10
11 10
0 1
0 6
1 2
1 3
3 4
3 5
6 7
6 8
8 9
8 10
3 2
0 1
0 2
3 4
0 1
0 2
1 1
1 2
3 4
0 1
0 2
1 1
1 2
8 9
0 1
0 2
2 3
2 4
4 5
4 7
5 6
6 5
6 7
8 9
0 1
0 2
2 3
2 4
4 5
4 7
5 6
6 5
6 7
9 8
0 1
0 2
2 3
2 4
4 5
4 6
6 7
6 8
9 8
0 1
0 2
2 3
2 4
4 5
4 6
6 7
6 8
3 2
0 1
0 2
3 2
0 1
0 2
3 2
0 1
0 2
3 2
0 1
0 2
5 4
0 1
0 4
1 2
1 3
5 4
0 1
0 4
1 2
1 3
13 16
0 1
1 2
1 6
2 3
2 4
3 5
4 5
5 7
6 7
7 8
7 12
8 9
8 10
9 11
10 11
11 1
13 16
0 1
1 2
1 6
2 3
2 4
3 5
4 5
5 7
6 7
7 8
7 12
8 9
8 10
9 11
10 11
11 1
1 0
1 0
26 33
0 1
1 2
1 6
2 3
2 4
3 5
4 5
5 7
6 7
7 8
7 25
8 9
8 19
9 10
9 17
10 11
10 15
11 12
11 13
12 14
13 14
14 16
15 16
16 18
17 18
18 20
19 20
20 21
20 22
21 23
22 23
23 24
24 1
26 33
0 1
1 2
1 6
2 3
2 4
3 5
4 5
5 7
6 7
7 8
7 25
8 9
8 19
9 10
9 17
10 11
10 15
11 12
11 13
12 14
13 14
14 16
15 16
16 18
17 18
18 20
19 20
20 21
20 22
21 23
22 23
23 24
24 1
9 10
0 1
0 5
1 2
1 3
2 4
3 4
4 6
5 6
6 7
6 8
9 10
0 1
0 5
1 2
1 3
2 4
3 4
4 6
5 6
6 7
6 8
13 16
0 1
1 2
1 6
2 3
2 4
3 5
4 5
5 7
6 7
7 8
7 12
8 9
8 10
9 11
10 11
11 1
13 16
0 1
1 2
1 6
2 3
2 4
3 5
4 5
5 7
6 7
7 8
7 12
8 9
8 10
9 11
10 11
11 1
13 16
0 1
1 2
1 6
2 3
2 4
3 5
4 5
5 7
6 7
7 8
7 12
8 9
8 10
9 11
10 11
11 1
13 16
0 1
1 2
1 6
2 3
2 4
3 5
4 5
5 7
6 7
7 8
7 12
8 9
8 10
9 11
10 11
11 1
26 34
0 1
1 2
1 3
3 4
3 25
4 5
4 24
5 6
5 11
6 7
6 10
7 8
7 9
8 1
10 1
11 12
11 21
12 13
12 14
13 18
14 15
14 16
15 17
16 17
17 18
18 19
18 20
20 1
21 22
21 23
22 1
23 1
24 1
25 1
26 34
0 1
1 2
1 3
3 4
3 25
4 5
4 24
5 6
5 11
6 7
6 10
7 8
7 9
8 1
10 1
11 12
11 21
12 13
12 14
13 18
14 15
14 16
15 17
16 17
17 18
18 19
18 20
20 1
21 22
21 23
22 1
23 1
24 1
25 1
13 16
0 1
1 2
1 6
2 3
2 4
3 5
4 5
5 7
6 7
7 8
7 12
8 9
8 10
9 11
10 11
11 1
13 16
0 1
1 2
1 6
2 3
2 4
3 5
4 5
5 7
6 7
7 8
7 12
8 9
8 10
9 11
10 11
11 1
9 10
0 1
0 5
1 2
1 3
2 4
3 4
4 6
5 6
6 7
6 8
9 10
0 1
0 5
1 2
1 3
2 4
3 4
4 6
5 6
6 7
6 8
16 20
0 1
1 2
1 3
3 4
3 14
4 5
4 12
5 6
5 10
6 7
6 8
7 9
8 9
9 11
10 11
11 13
12 13
13 15
14 15
15 1
16 21
0 2
0 1
1 3
3 4
3 14
4 5
4 12
5 6
5 10
6 7
6 8
7 9
8 9
9 11
10 11
11 13
12 13
13 15
14 15
15 2
15 3
7 8
0 1
1 2
1 3
2 1
3 4
4 5
4 6
5 4
7 8
0 1
1 2
1 3
2 1
3 4
4 5
4 6
5 4
81 106
0 1
0 2
2 3
2 79
3 4
3 77
4 5
4 9
5 6
5 7
6 8
7 8
8 10
9 10
10 11
10 48
11 12
11 43
12 13
12 41
13 14
13 39
14 15
14 37
15 16
15 35
16 17
16 33
17 18
17 31
18 19
18 29
19 20
19 27
20 21
20 25
21 22
21 23
22 24
23 24
24 26
25 26
26 28
27 28
28 30
29 30
30 32
31 32
32 34
33 34
34 36
35 36
36 38
37 38
38 40
39 40
40 42
41 42
42 44
43 44
44 45
44 46
45 47
46 47
47 76
48 49
48 50
49 54
50 51
50 52
51 53
52 53
53 54
54 55
54 74
55 56
55 60
56 57
56 58
57 59
58 59
59 61
60 61
61 62
61 63
62 64
63 64
64 65
64 69
65 66
65 67
66 68
67 68
68 70
69 70
70 71
70 72
71 73
72 73
73 75
74 75
75 76
76 78
77 78
78 80
79 80
81 106
0 1
0 2
2 3
2 79
3 4
3 77
4 5
4 9
5 6
5 7
6 8
7 8
8 10
9 10
10 11
10 48
11 12
11 43
12 13
12 41
13 14
13 39
14 15
14 37
15 16
15 35
16 17
16 33
17 18
17 31
18 19
18 29
19 20
19 27
20 21
20 25
21 22
21 23
22 24
23 24
24 26
25 26
26 28
27 28
28 30
29 30
30 32
31 32
32 34
33 34
34 36
35 36
36 38
37 38
38 40
39 40
40 42
41 42
42 44
43 44
44 45
44 46
45 47
46 47
47 76
48 49
48 50
49 54
50 51
50 52
51 53
52 53
53 54
54 55
54 74
55 56
55 60
56 57
56 58
57 59
58 59
59 61
60 61
61 62
61 63
62 64
63 64
64 65
64 69
65 66
65 67
66 68
67 68
68 70
69 70
70 71
70 72
71 73
72 73
73 75
74 75
75 76
76 78
77 78
78 80
79 80
8 9
0 1
0 2
2 3
2 4
4 5
4 7
5 6
6 5
6 7
9 10
0 1
0 2
2 3
2 4
4 5
4 8
5 6
6 7
7 6
7 8
16 16
0 1
0 15
1 2
1 14
2 3
2 13
3 4
3 12
4 5
4 11
5 6
5 7
6 8
7 8
8 9
8 10
15 14
0 1
0 14
1 2
1 13
2 3
2 12
3 4
3 11
4 5
4 10
5 6
5 7
6 9
7 8
25 35
0 1
0 2
1 3
1 2
2 3
3 4
3 5
4 6
4 5
5 6
6 7
6 8
7 9
7 8
8 9
9 10
10 11
10 12
11 10
12 13
13 14
13 24
14 15
14 19
15 16
15 17
16 18
17 18
18 20
19 20
20 21
20 22
21 23
22 23
23 13
32 50
0 1
0 2
1 3
1 2
2 3
3 4
3 5
4 6
4 5
5 6
6 7
6 8
7 9
7 8
8 9
9 10
9 19
10 11
11 12
11 18
12 13
12 18
13 14
13 18
14 15
14 17
15 16
15 17
16 16
16 17
17 17
17 19
18 18
18 19
19 20
20 21
20 31
21 22
21 26
22 23
22 24
23 25
24 25
25 27
26 27
27 28
27 29
28 30
29 30
30 20
75 97
0 1
1 2
1 12
2 3
2 10
3 4
3 5
4 6
5 6
6 7
6 8
7 9
8 9
9 11
10 11
11 1
12 13
12 20
13 14
13 18
14 15
14 16
15 17
16 17
17 19
18 19
19 21
20 21
21 22
21 74
22 23
22 27
23 24
23 25
24 26
25 26
26 28
27 28
28 29
29 30
29 31
30 32
31 32
32 33
33 34
33 68
34 35
34 39
35 36
35 37
36 38
37 38
38 40
39 40
40 41
40 66
41 42
42 43
42 65
43 44
43 48
44 45
44 46
45 47
46 47
47 49
48 49
49 50
49 60
50 51
50 52
51 56
52 53
52 54
53 55
54 55
55 56
56 57
56 58
57 59
58 59
59 61
60 61
61 62
61 63
62 64
63 64
64 42
65 67
66 67
67 33
68 69
68 73
69 70
70 71
70 72
71 70
75 98
0 1
0 12
1 2
2 3
2 10
3 4
3 5
4 6
5 6
6 7
6 8
7 9
8 9
9 11
10 11
11 2
11 12
12 13
12 20
13 14
13 18
14 15
14 16
15 17
16 17
17 19
18 19
19 21
20 21
21 22
21 74
22 23
22 27
23 24
23 25
24 26
25 26
26 28
27 28
28 29
29 30
29 31
30 32
31 32
32 33
33 34
33 68
34 35
34 39
35 36
35 37
36 38
37 38
38 40
39 40
40 41
40 66
41 42
42 43
42 65
43 44
43 48
44 45
44 46
45 47
46 47
47 49
48 49
49 50
49 60
50 51
50 52
51 56
52 53
52 54
53 55
54 55
55 56
56 57
56 58
57 59
58 59
59 61
60 61
61 62
61 63
62 64
63 64
64 42
65 67
66 67
67 33
68 69
68 73
69 70
70 71
70 72
71 70
30 37
0 1
0 2
2 3
2 4
4 5
4 27
5 6
5 25
6 7
6 11
7 8
7 9
8 10
9 10
10 12
11 12
12 13
12 14
13 15
14 15
15 16
15 20
16 17
16 18
17 19
18 19
19 21
20 21
21 22
21 23
22 24
23 24
24 26
25 26
26 28
27 28
28 29
30 37
0 1
0 2
2 3
2 4
4 5
4 27
5 6
5 25
6 7
6 11
7 8
7 9
8 10
9 10
10 12
11 12
12 13
12 14
13 15
14 15
15 16
15 20
16 17
16 18
17 19
18 19
19 21
20 21
21 22
21 23
22 24
23 24
24 26
25 26
26 28
27 28
28 29
1 0
1 0
161 219
0 1
0 3
1 2
2 4
3 4
4 5
4 7
5 6
6 8
7 8
8 9
8 10
9 11
10 11
11 12
11 13
12 14
13 14
14 15
14 16
15 17
16 17
17 18
17 19
18 23
19 20
19 21
20 22
21 22
22 23
23 24
23 25
24 29
25 26
25 27
26 28
26 27
27 28
28 29
29 30
29 31
30 32
31 32
32 33
32 34
33 35
33 34
34 35
35 36
35 37
36 38
37 38
38 39
38 40
39 41
40 41
41 42
41 43
42 44
43 44
44 45
44 46
45 47
46 47
47 48
47 50
48 49
49 51
50 51
51 52
51 53
52 57
53 54
53 55
54 56
54 55
55 56
56 57
57 58
57 62
58 59
58 60
59 61
60 61
61 63
62 63
63 64
63 65
64 69
65 66
65 67
66 68
66 67
67 68
68 69
69 70
69 71
70 75
71 72
71 73
72 74
72 73
73 74
74 75
75 76
76 77
76 78
77 79
78 79
79 80
79 81
80 82
81 82
82 83
83 84
83 85
84 89
85 86
85 87
86 88
87 88
88 89
89 90
89 91
90 92
91 92
92 93
92 97
93 94
93 95
94 96
95 96
96 98
97 98
98 99
98 100
99 101
100 101
101 102
102 103
103 104
104 105
104 106
105 107
106 107
107 108
107 112
108 109
108 110
109 111
110 111
111 113
112 113
113 114
113 115
114 119
115 116
115 117
116 118
117 118
118 119
119 120
119 121
120 125
121 122
121 123
122 124
123 124
124 125
125 126
125 130
126 127
126 128
127 129
127 128
128 129
129 131
130 131
131 132
131 133
132 134
133 134
134 135
134 136
135 143
136 137
136 138
137 139
137 138
138 139
139 140
139 141
140 142
140 141
141 142
142 143
143 144
144 145
144 146
145 150
146 147
146 148
147 149
147 148
148 149
149 150
150 151
151 152
151 153
152 154
153 154
154 155
154 159
155 156
155 157
156 158
157 158
158 160
159 160
152 192
0 1
0 3
1 2
2 4
3 4
4 5
4 7
5 6
6 8
7 8
8 9
8 10
9 11
10 11
11 12
11 13
12 14
13 14
14 15
14 16
15 17
16 17
17 18
17 19
18 23
19 20
19 21
20 22
21 22
22 23
23 24
23 25
24 28
25 26
26 27
27 28
28 29
28 30
29 31
30 31
31 32
32 33
33 34
33 35
34 36
35 36
36 37
36 38
37 39
38 39
39 40
39 41
40 42
41 42
42 43
42 44
43 45
44 45
45 46
45 48
46 47
47 49
48 49
49 50
49 51
50 54
51 52
52 53
53 54
54 55
54 59
55 56
55 57
56 58
57 58
58 60
59 60
60 61
60 62
61 65
62 63
63 64
64 65
65 66
65 67
66 70
67 68
68 69
69 70
70 71
71 72
71 73
72 74
73 74
74 75
74 76
75 77
76 77
77 78
78 79
78 80
79 84
80 81
80 82
81 83
82 83
83 84
84 85
84 86
85 87
86 87
87 88
87 92
88 89
88 90
89 91
90 91
91 93
92 93
93 94
93 95
94 96
95 96
96 97
97 98
98 99
99 100
99 101
100 102
101 102
102 103
102 107
103 104
103 105
104 106
105 106
106 108
107 108
108 109
108 110
109 114
110 111
110 112
111 113
112 113
113 114
114 115
114 116
115 120
116 117
116 118
117 119
118 119
119 120
120 121
120 124
121 122
122 123
123 125
124 125
125 126
125 127
126 128
127 128
128 129
128 130
129 135
130 131
131 132
132 133
133 134
134 135
135 136
136 137
136 138
137 141
138 139
139 140
140 141
141 142
142 143
142 144
143 145
144 145
145 146
145 150
146 147
146 148
147 149
148 149
149 151
150 151
2 1
0 1
2 1
0 1
1 0
1 0
2 1
0 1
2 1
0 1
1 0
1 0
1 0
8 9
0 1
1 2
1 7
2 3
2 4
3 5
4 5
5 6
6 1
8 9
0 1
1 2
1 7
2 3
2 4
3 5
4 5
5 6
6 1
14 17
0 1
1 2
1 13
2 3
2 4
3 8
4 5
4 6
5 7
6 7
7 8
8 9
8 10
9 11
10 11
11 12
12 1
14 17
0 1
1 2
1 13
2 3
2 4
3 8
4 5
4 6
5 7
6 7
7 8
8 9
8 10
9 11
10 11
11 12
12 1
23 28
0 1
0 2
2 3
2 4
4 5
4 12
5 6
5 10
6 7
6 8
7 9
8 9
9 11
10 11
11 13
12 13
13 14
13 21
14 15
14 19
15 16
15 17
16 18
17 18
18 20
19 20
20 22
21 22
23 28
0 1
0 2
2 3
2 4
4 5
4 12
5 6
5 10
6 7
6 8
7 9
8 9
9 11
10 11
11 13
12 13
13 14
13 21
14 15
14 19
15 16
15 17
16 18
17 18
18 20
19 20
20 22
21 22
3 2
0 1
0 2
3 2
0 1
0 2
7 10
0 1
0 2
1 3
1 2
2 3
3 4
3 5
4 6
4 5
5 6
5 4
0 1
1 2
2 3
3 4
1 0
12 14
0 1
1 2
1 6
2 3
2 4
3 5
4 5
5 7
6 7
7 8
8 9
8 10
9 11
10 11
11 12
0 1
1 2
2 3
2 4
3 5
4 5
5 6
6 7
7 8
7 9
8 10
9 10
1 0
1 0
1 0
1 0
1 0
1 0
1 0
14 16
0 1
0 2
2 3
2 4
4 5
4 12
5 6
5 7
6 11
7 8
7 9
8 10
9 10
10 11
11 13
12 13
14 16
0 1
0 2
2 3
2 4
4 5
4 12
5 6
5 7
6 11
7 8
7 9
8 10
9 10
10 11
11 13
12 13
14 17
0 1
1 2
1 13
2 3
2 7
3 4
3 5
4 6
5 6
6 8
7 8
8 9
8 10
9 11
10 11
11 12
12 1
14 17
0 1
1 2
1 13
2 3
2 7
3 4
3 5
4 6
5 6
6 8
7 8
8 9
8 10
9 11
10 11
11 12
12 1
8 8
0 1
0 2
2 3
2 4
4 5
4 6
5 7
6 7
8 8
0 1
0 2
2 3
2 4
4 5
4 6
5 7
6 7
23 22
0 1
0 2
2 3
2 4
4 5
4 6
6 7
6 8
8 9
8 10
10 11
10 12
12 13
12 14
14 15
14 16
16 17
16 18
18 19
18 20
20 21
20 22
13 12
0 12
0 9
0 6
0 4
0 1
0 10
0 7
0 5
0 2
0 11
0 8
0 3
27 37
0 1
1 2
1 3
2 24
3 4
3 5
4 24
5 6
5 7
6 24
7 8
7 9
8 24
9 10
9 11
10 24
11 12
11 13
12 24
13 14
13 15
14 24
15 16
15 17
16 24
17 18
17 19
18 24
19 20
19 21
20 24
21 22
21 23
22 24
23 24
24 25
24 26
17 27
0 1
1 13
1 10
1 7
1 5
1 2
1 11
1 8
1 6
1 3
1 12
1 9
1 4
2 14
3 14
4 14
5 14
6 14
7 14
8 14
9 14
10 14
11 14
12 14
13 14
14 15
14 16
39 52
0 1
0 2
1 6
2 3
2 4
3 5
4 5
5 6
6 7
6 8
8 9
9 10
10 11
10 12
11 33
12 13
12 14
13 33
14 15
14 16
15 33
16 17
16 18
17 33
18 19
18 20
19 33
20 21
20 22
21 33
22 23
22 24
23 33
24 25
24 26
25 33
26 27
26 28
27 33
28 29
28 30
29 33
30 31
30 32
31 33
32 33
33 34
33 35
34 36
35 36
36 37
36 38
29 42
0 1
0 2
1 6
2 3
2 4
3 5
4 5
5 6
6 7
6 8
8 9
9 10
10 22
10 19
10 16
10 14
10 11
10 20
10 17
10 15
10 12
10 21
10 18
10 13
11 23
12 23
13 23
14 23
15 23
16 23
17 23
18 23
19 23
20 23
21 23
22 23
23 24
23 25
24 26
25 26
26 27
26 28
11 12
0 1
0 2
1 6
2 3
2 4
3 5
4 5
5 6
6 7
6 8
8 9
8 10
11 12
0 1
0 2
1 6
2 3
2 4
3 5
4 5
5 6
6 7
6 8
8 9
8 10
41 40
0 1
0 2
2 3
2 4
4 5
4 6
6 7
6 8
8 9
8 14
9 10
9 11
11 12
11 13
14 15
14 16
16 17
16 18
18 19
18 20
20 21
20 22
22 23
22 24
24 25
24 28
25 26
25 27
28 29
28 30
30 31
30 32
32 33
32 40
33 34
33 39
34 35
34 36
36 37
36 38
41 40
0 1
0 2
2 3
2 4
4 5
4 6
6 7
6 8
8 9
8 14
9 10
9 11
11 12
11 13
14 15
14 16
16 17
16 18
18 19
18 20
20 21
20 22
22 23
22 24
24 25
24 28
25 26
25 27
28 29
28 30
30 31
30 32
32 33
32 40
33 34
33 39
34 35
34 36
36 37
36 38
3 4
0 1
0 2
1 1
1 2
4 5
0 1
0 3
1 2
2 2
2 3
10 10
0 1
0 2
2 3
2 5
3 4
5 6
6 7
6 9
7 8
8 6
10 10
0 1
0 2
2 3
2 5
3 4
5 6
6 7
6 9
7 8
8 6
7 8
0 1
1 2
1 3
3 4
3 5
4 6
5 6
6 1
7 8
0 1
1 2
1 3
3 4
3 5
4 6
5 6
6 1
11 12
0 1
0 2
1 6
2 3
2 4
3 5
4 5
5 6
6 7
6 8
8 9
8 10
11 12
0 1
0 2
1 6
2 3
2 4
3 5
4 5
5 6
6 7
6 8
8 9
8 10
4 4
0 1
0 2
1 3
2 3
4 4
0 1
0 2
1 3
2 3
11 12
0 1
0 2
2 3
2 7
3 4
3 5
4 6
5 6
6 8
7 8
8 9
8 10
11 12
0 1
0 2
2 3
2 7
3 4
3 5
4 6
5 6
6 8
7 8
8 9
8 10
1 0
1 0
25 32
0 1
1 2
1 24
2 3
2 7
3 4
3 5
4 6
5 6
6 8
7 8
8 9
8 10
9 11
10 11
11 12
11 16
12 13
12 14
13 15
14 15
15 17
16 17
17 18
17 19
18 20
19 20
20 21
20 22
21 23
22 23
23 1
25 33
0 1
0 24
1 2
2 3
2 7
3 4
3 5
4 6
5 6
6 8
7 8
8 9
8 10
9 11
10 11
11 12
11 16
12 13
12 14
13 15
14 15
15 17
16 17
17 18
17 19
18 20
19 20
20 21
20 22
21 23
22 23
23 2
23 24
5 8
0 1
0 2
1 1
1 2
2 3
2 4
3 3
3 4
7 10
0 1
0 3
1 2
2 2
2 3
3 4
3 6
4 5
5 5
5 6
1 0
4 4
0 1
1 2
1 3
2 1
4 4
0 1
1 2
1 3
2 1
6 9
0 1
0 2
1 3
1 2
2 3
3 4
3 5
4 4
4 5
7 10
0 1
0 2
1 3
1 2
2 3
3 4
3 6
4 5
5 5
5 6
23 30
0 1
0 2
1 3
1 2
2 3
3 4
4 5
4 6
5 4
6 7
7 8
7 22
8 9
8 16
9 10
9 14
10 11
10 12
11 13
12 13
13 15
14 15
15 17
16 17
17 18
17 19
18 20
19 20
20 21
21 7
29 43
0 1
0 2
1 3
1 2
2 3
3 4
3 12
4 5
5 6
5 11
6 7
6 11
7 8
7 10
8 9
8 10
9 9
9 10
10 10
10 12
11 11
11 12
12 13
13 14
13 28
14 15
14 22
15 16
15 20
16 17
16 18
17 19
18 19
19 21
20 21
21 23
22 23
23 24
23 25
24 26
25 26
26 27
27 13
5 5
0 1
0 2
2 3
2 4
3 0
5 5
0 1
0 2
2 3
2 4
3 0
12 14
0 1
1 2
1 3
3 4
3 8
4 5
4 6
5 7
6 7
7 9
8 9
9 10
9 11
11 1
12 14
0 1
1 2
1 3
3 4
3 8
4 5
4 6
5 7
6 7
7 9
8 9
9 10
9 11
11 1
36 47
0 1
1 2
1 3
3 4
3 5
4 24
5 6
5 7
6 23
7 8
7 9
8 22
9 10
9 11
10 21
11 12
11 16
12 13
12 14
13 15
14 15
15 17
16 17
17 18
17 19
18 20
19 20
20 21
21 22
22 23
23 24
24 25
24 26
25 1
26 27
26 28
27 29
28 29
29 30
29 31
30 32
31 32
32 33
32 34
33 35
34 35
35 1
36 47
0 1
1 2
1 3
3 4
3 5
4 24
5 6
5 7
6 23
7 8
7 9
8 22
9 10
9 11
10 21
11 12
11 16
12 13
12 14
13 15
14 15
15 17
16 17
17 18
17 19
18 20
19 20
20 21
21 22
22 23
23 24
24 25
24 26
25 1
26 27
26 28
27 29
28 29
29 30
29 31
30 32
31 32
32 33
32 34
33 35
34 35
35 1
14 17
0 1
1 2
1 13
2 3
2 7
3 4
3 5
4 6
5 6
6 8
7 8
8 9
8 10
9 11
10 11
11 12
12 1
14 17
0 1
1 2
1 13
2 3
2 7
3 4
3 5
4 6
5 6
6 8
7 8
8 9
8 10
9 11
10 11
11 12
12 1
13 16
0 1
1 2
1 12
2 3
2 7
3 4
3 5
4 6
5 6
6 8
7 8
8 9
8 10
9 11
10 11
11 1
13 17
0 1
0 12
1 2
2 3
2 7
3 4
3 5
4 6
5 6
6 8
7 8
8 9
8 10
9 11
10 11
11 2
11 12
36 47
0 1
1 2
1 35
2 3
2 16
3 4
3 5
4 9
5 6
5 7
6 8
7 8
8 9
9 10
9 14
10 11
10 12
11 13
12 13
13 15
14 15
15 34
16 17
16 33
17 18
17 28
18 19
18 26
19 20
19 24
20 21
20 22
21 23
22 23
23 25
24 25
25 27
26 27
27 29
28 29
29 30
29 31
30 32
31 32
32 34
33 34
34 1
36 48
0 1
0 35
1 2
2 3
2 16
3 4
3 5
4 9
5 6
5 7
6 8
7 8
8 9
9 10
9 14
10 11
10 12
11 13
12 13
13 15
14 15
15 34
16 17
16 33
17 18
17 28
18 19
18 26
19 20
19 24
20 21
20 22
21 23
22 23
23 25
24 25
25 27
26 27
27 29
28 29
29 30
29 31
30 32
31 32
32 34
33 34
34 2
34 35
9 9
0 1
0 2
2 3
2 4
4 5
5 6
5 8
6 7
7 5
9 9
0 1
0 2
2 3
2 4
4 5
5 6
5 8
6 7
7 5
11 12
0 1
0 10
1 2
1 6
2 3
2 4
3 5
4 5
5 7
6 7
7 8
7 9
11 12
0 1
0 10
1 2
1 6
2 3
2 4
3 5
4 5
5 7
6 7
7 8
7 9
7 6
0 1
0 2
2 3
2 4
4 5
4 6
7 6
0 1
0 2
2 3
2 4
4 5
4 6
17 19
0 1
0 2
2 3
2 4
4 5
5 6
5 7
6 12
7 8
7 9
8 12
9 10
9 11
10 12
11 12
12 13
12 14
14 15
14 16
17 19
0 1
0 2
2 3
2 4
4 5
5 6
5 7
6 12
7 8
7 9
8 12
9 10
9 11
10 12
11 12
12 13
12 14
14 15
14 16
22 26
0 1
0 2
1 9
2 3
2 4
3 8
4 5
4 6
5 7
6 7
7 8
8 9
9 10
9 11
11 12
11 13
13 14
13 15
15 16
15 17
16 18
17 18
18 19
18 20
19 21
20 21
22 26
0 1
0 2
1 9
2 3
2 4
3 8
4 5
4 6
5 7
6 7
7 8
8 9
9 10
9 11
11 12
11 13
13 14
13 15
15 16
15 17
16 18
17 18
18 19
18 20
19 21
20 21
29 32
0 1
0 10
1 2
1 6
2 3
2 4
3 5
4 5
5 7
6 7
7 8
7 9
10 11
10 12
12 13
12 14
14 15
14 16
16 17
16 28
17 18
17 19
19 20
19 24
20 21
20 22
21 23
22 23
23 25
24 25
25 26
25 27
29 32
0 1
0 10
1 2
1 6
2 3
2 4
3 5
4 5
5 7
6 7
7 8
7 9
10 11
10 12
12 13
12 14
14 15
14 16
16 17
16 28
17 18
17 19
19 20
19 24
20 21
20 22
21 23
22 23
23 25
24 25
25 26
25 27
7 8
0 1
1 2
1 6
2 3
2 4
3 5
4 5
5 1
7 9
0 1
0 6
1 2
2 3
2 4
3 5
4 5
5 2
5 6
16 17
0 1
0 2
2 3
2 8
3 4
3 5
5 6
5 7
8 9
9 10
9 15
10 11
10 12
11 13
12 13
13 14
14 9
16 17
0 1
0 2
2 3
2 8
3 4
3 5
5 6
5 7
8 9
9 10
9 15
10 11
10 12
11 13
12 13
13 14
14 9
10 12
0 1
1 2
1 6
2 3
2 4
3 5
4 5
5 7
6 7
7 8
7 9
8 1
10 12
0 1
1 2
1 6
2 3
2 4
3 5
4 5
5 7
6 7
7 8
7 9
8 1
9 10
0 1
0 5
1 2
1 3
2 4
3 4
4 6
5 6
6 7
6 8
9 10
0 1
0 5
1 2
1 3
2 4
3 4
4 6
5 6
6 7
6 8
1 0
3 2
0 1
0 2
3 2
0 1
0 2
9 10
0 1
0 2
2 3
2 4
4 5
4 6
6 7
6 8
7 7
7 8
10 11
0 1
0 2
2 3
2 4
4 5
4 6
6 7
6 9
7 8
8 8
8 9
8 9
0 1
0 2
2 3
2 4
4 5
4 7
5 6
6 5
6 7
9 10
0 1
0 2
2 3
2 4
4 5
4 8
5 6
6 7
7 6
7 8
14 16
0 1
0 2
2 3
2 4
4 5
4 9
5 6
5 7
6 8
7 8
8 10
9 10
10 11
10 12
11 13
12 13
14 16
0 1
0 2
2 3
2 4
4 5
4 9
5 6
5 7
6 8
7 8
8 10
9 10
10 11
10 12
11 13
12 13
149 169
0 1
0 16
1 2
1 12
2 3
2 4
3 8
4 5
4 6
5 7
6 7
7 8
8 9
8 10
9 11
10 11
11 13
12 13
13 14
13 15
16 17
16 32
17 18
17 28
18 19
18 20
19 24
20 21
20 22
21 23
22 23
23 24
24 25
24 26
25 27
26 27
27 29
28 29
29 30
29 31
32 33
32 34
34 35
34 36
36 37
36 38
38 39
38 40
40 41
40 42
42 43
42 44
44 45
44 46
46 47
46 48
48 49
48 50
50 51
50 52
52 53
52 54
54 55
54 56
56 57
56 58
58 59
58 60
60 61
60 88
61 62
61 66
62 63
62 64
63 65
64 65
65 67
66 67
67 68
67 69
68 70
69 70
70 71
70 75
71 72
71 73
72 74
73 74
74 76
75 76
76 77
76 78
77 79
78 79
79 80
79 84
80 81
80 82
81 83
82 83
83 85
84 85
85 86
85 87
88 89
88 90
90 91
90 92
92 93
92 94
94 95
94 96
96 97
96 98
98 99
98 103
99 100
99 101
100 102
101 102
103 104
103 105
105 106
105 107
107 108
107 109
109 110
109 111
111 112
111 115
112 113
112 114
115 116
115 117
117 118
117 119
119 120
119 121
121 122
121 123
123 124
123 125
125 126
125 127
127 128
127 129
129 130
129 131
131 132
131 137
132 133
133 134
133 135
134 136
135 136
137 138
137 148
138 139
138 143
139 140
139 141
140 142
141 142
142 144
143 144
144 145
144 146
145 147
146 147
149 169
0 1
0 16
1 2
1 12
2 3
2 4
3 8
4 5
4 6
5 7
6 7
7 8
8 9
8 10
9 11
10 11
11 13
12 13
13 14
13 15
16 17
16 32
17 18
17 28
18 19
18 20
19 24
20 21
20 22
21 23
22 23
23 24
24 25
24 26
25 27
26 27
27 29
28 29
29 30
29 31
32 33
32 34
34 35
34 36
36 37
36 38
38 39
38 40
40 41
40 42
42 43
42 44
44 45
44 46
46 47
46 48
48 49
48 50
50 51
50 52
52 53
52 54
54 55
54 56
56 57
56 58
58 59
58 60
60 61
60 88
61 62
61 66
62 63
62 64
63 65
64 65
65 67
66 67
67 68
67 69
68 70
69 70
70 71
70 75
71 72
71 73
72 74
73 74
74 76
75 76
76 77
76 78
77 79
78 79
79 80
79 84
80 81
80 82
81 83
82 83
83 85
84 85
85 86
85 87
88 89
88 90
90 91
90 92
92 93
92 94
94 95
94 96
96 97
96 98
98 99
98 103
99 100
99 101
100 102
101 102
103 104
103 105
105 106
105 107
107 108
107 109
109 110
109 111
111 112
111 115
112 113
112 114
115 116
115 117
117 118
117 119
119 120
119 121
121 122
121 123
123 124
123 125
125 126
125 127
127 128
127 129
129 130
129 131
131 132
131 137
132 133
133 134
133 135
134 136
135 136
137 138
137 148
138 139
138 143
139 140
139 141
140 142
141 142
142 144
143 144
144 145
144 146
145 147
146 147
3 4
0 1
0 2
1 1
1 2
4 5
0 1
0 3
1 2
2 2
2 3
10 10
0 1
0 2
2 3
2 5
3 4
5 6
6 7
6 9
7 8
8 6
10 10
0 1
0 2
2 3
2 5
3 4
5 6
6 7
6 9
7 8
8 6
22 28
0 1
1 2
1 21
2 3
2 7
3 4
3 5
4 6
5 6
6 8
7 8
8 9
8 19
9 10
9 17
10 11
10 12
11 13
12 13
13 14
13 15
14 16
15 16
16 18
17 18
18 20
19 20
20 1
22 28
0 1
1 2
1 21
2 3
2 7
3 4
3 5
4 6
5 6
6 8
7 8
8 9
8 19
9 10
9 17
10 11
10 12
11 13
12 13
13 14
13 15
14 16
15 16
16 18
17 18
18 20
19 20
20 1
16 20
0 1
0 2
1 3
2 3
3 4
4 5
4 9
5 6
5 7
6 8
7 8
8 10
9 10
10 11
10 15
11 12
11 13
12 14
13 14
14 4
16 20
0 1
0 2
1 3
2 3
3 4
4 5
4 9
5 6
5 7
6 8
7 8
8 10
9 10
10 11
10 15
11 12
11 13
12 14
13 14
14 4
7 8
0 1
1 2
1 6
2 3
2 4
3 5
4 5
5 1
7 9
0 1
0 6
1 2
2 3
2 4
3 5
4 5
5 2
5 6
7 8
0 1
1 2
1 6
2 3
2 4
3 5
4 5
5 1
7 9
0 1
0 6
1 2
2 3
2 4
3 5
4 5
5 2
5 6
13 16
0 1
1 2
1 12
2 3
2 7
3 4
3 5
4 6
5 6
6 8
7 8
8 9
8 10
9 11
10 11
11 1
13 17
0 1
0 12
1 2
2 3
2 7
3 4
3 5
4 6
5 6
6 8
7 8
8 9
8 10
9 11
10 11
11 2
11 12
22 28
0 1
1 2
1 6
2 3
2 4
3 5
4 5
5 7
6 7
7 8
7 21
8 9
8 16
9 10
9 14
10 11
10 12
11 13
12 13
13 15
14 15
15 17
16 17
17 18
17 19
18 20
19 20
20 1
22 28
0 1
1 2
1 6
2 3
2 4
3 5
4 5
5 7
6 7
7 8
7 21
8 9
8 16
9 10
9 14
10 11
10 12
11 13
12 13
13 15
14 15
15 17
16 17
17 18
17 19
18 20
19 20
20 1
25 32
0 1
1 2
1 24
2 3
2 16
3 4
3 14
4 5
4 12
5 6
5 10
6 7
6 8
7 9
8 9
9 11
10 11
11 13
12 13
13 15
14 15
15 17
16 17
17 18
17 22
18 19
18 20
19 21
20 21
21 23
22 23
23 1
25 33
0 1
0 24
1 2
2 3
2 16
3 4
3 14
4 5
4 12
5 6
5 10
6 7
6 8
7 9
8 9
9 11
10 11
11 13
12 13
13 15
14 15
15 17
16 17
17 18
17 22
18 19
18 20
19 21
20 21
21 23
22 23
23 2
23 24
44 65
0 1
0 2
1 3
1 2
2 3
3 4
3 5
4 6
4 5
5 6
6 7
6 8
7 9
7 8
8 9
9 10
9 11
10 12
10 11
11 12
12 13
12 14
13 15
13 14
14 15
15 16
15 17
16 18
16 17
17 18
18 19
18 20
19 21
19 20
20 21
21 22
21 23
22 24
22 23
23 24
24 25
24 26
25 27
25 26
26 27
27 28
28 29
28 30
29 28
30 31
30 32
32 33
33 34
34 35
34 39
35 36
35 37
36 38
37 38
38 40
39 40
40 41
40 42
41 34
42 43
44 66
0 1
0 2
1 3
1 2
2 3
3 4
3 5
4 6
4 5
5 6
6 7
6 8
7 9
7 8
8 9
9 10
9 11
10 12
10 11
11 12
12 13
12 14
13 15
13 14
14 15
15 16
15 17
16 18
16 17
17 18
18 19
18 20
19 21
19 20
20 21
21 22
21 23
22 24
22 23
23 24
24 25
24 26
25 27
25 26
26 27
27 28
27 30
28 29
29 29
29 30
30 31
30 32
32 33
33 34
34 35
34 39
35 36
35 37
36 38
37 38
38 40
39 40
40 41
40 42
41 34
42 43
6 5
0 1
0 2
2 3
2 4
4 5
6 5
0 1
0 2
2 3
2 4
4 5
7 10
0 1
0 2
1 3
1 2
2 3
3 4
3 5
4 6
4 5
5 6
7 10
0 1
0 2
1 3
1 2
2 3
3 4
3 5
4 6
4 5
5 6
16 19
0 1
0 2
2 3
2 4
3 14
4 5
4 9
5 6
5 7
6 8
7 8
8 10
9 10
10 11
10 12
11 13
12 13
13 14
14 15
16 19
0 1
0 2
2 3
2 4
3 14
4 5
4 9
5 6
5 7
6 8
7 8
8 10
9 10
10 11
10 12
11 13
12 13
13 14
14 15
6 6
0 1
0 2
2 3
2 4
3 5
4 5
6 6
0 1
0 2
2 3
2 4
3 5
4 5
9 14
0 1
0 2
1 3
1 2
2 3
3 4
3 5
4 6
4 5
5 6
6 7
6 8
7 7
7 8
10 15
0 1
0 2
1 3
1 2
2 3
3 4
3 5
4 6
4 5
5 6
6 7
6 9
7 8
8 8
8 9
8 8
0 1
0 2
2 3
2 4
4 5
4 6
5 7
6 7
8 8
0 1
0 2
2 3
2 4
4 5
4 6
5 7
6 7
26 33
0 1
1 2
1 25
2 3
2 7
3 4
3 5
4 6
5 6
6 8
7 8
8 9
8 22
9 10
9 11
10 15
11 12
11 13
12 14
13 14
14 15
15 16
15 17
16 18
17 18
18 19
18 20
19 21
20 21
21 23
22 23
23 24
24 1
26 33
0 1
1 2
1 25
2 3
2 7
3 4
3 5
4 6
5 6
6 8
7 8
8 9
8 22
9 10
9 11
10 15
11 12
11 13
12 14
13 14
14 15
15 16
15 17
16 18
17 18
18 19
18 20
19 21
20 21
21 23
22 23
23 24
24 1
64 82
0 1
0 63
1 2
1 62
2 3
2 58
3 4
3 56
4 5
4 54
5 6
5 52
6 7
6 50
7 8
7 48
8 9
8 46
9 10
9 44
10 11
10 42
11 12
11 40
12 13
12 38
13 14
13 36
14 15
14 34
15 16
15 32
16 17
16 30
17 18
17 19
18 20
19 20
20 21
20 28
21 22
21 23
22 24
23 24
24 25
24 26
25 27
26 27
27 29
28 29
29 31
30 31
31 33
32 33
33 35
34 35
35 37
36 37
37 39
38 39
39 41
40 41
41 43
42 43
43 45
44 45
45 47
46 47
47 49
48 49
49 51
50 51
51 53
52 53
53 55
54 55
55 57
56 57
57 59
58 59
59 60
59 61
62 78
0 1
0 61
1 2
1 60
2 3
2 56
3 4
3 54
4 5
4 52
5 6
5 50
6 7
6 48
7 8
7 46
8 9
8 44
9 10
9 42
10 11
10 40
11 12
11 38
12 13
12 36
13 14
13 34
14 15
14 32
15 16
15 30
16 17
16 28
17 18
17 19
18 26
19 20
20 21
20 22
21 24
22 23
23 25
24 25
25 27
26 27
27 29
28 29
29 31
30 31
31 33
32 33
33 35
34 35
35 37
36 37
37 39
38 39
39 41
40 41
41 43
42 43
43 45
44 45
45 47
46 47
47 49
48 49
49 51
50 51
51 53
52 53
53 55
54 55
55 57
56 57
57 58
57 59
3 4
0 1
0 2
1 1
1 2
4 5
0 1
0 3
1 2
2 2
2 3
10 10
0 1
0 2
2 3
2 5
3 4
5 6
6 7
6 9
7 8
8 6
10 10
0 1
0 2
2 3
2 5
3 4
5 6
6 7
6 9
7 8
8 6
16 20
0 1
1 2
1 12
2 3
2 10
3 4
3 8
4 5
4 6
5 7
6 7
7 9
8 9
9 11
10 11
11 13
12 13
13 14
13 15
14 1
16 20
0 1
1 2
1 12
2 3
2 10
3 4
3 8
4 5
4 6
5 7
6 7
7 9
8 9
9 11
10 11
11 13
12 13
13 14
13 15
14 1
7 8
0 1
1 2
1 6
2 3
2 4
3 5
4 5
5 1
7 9
0 1
0 6
1 2
2 3
2 4
3 5
4 5
5 2
5 6
8 9
0 1
0 2
2 3
2 4
4 5
4 7
5 6
6 5
6 7
9 10
0 1
0 2
2 3
2 4
4 5
4 8
5 6
6 7
7 6
7 8
31 40
0 1
1 2
1 30
2 3
2 28
3 4
3 26
4 5
4 24
5 6
5 22
6 7
6 20
7 8
7 18
8 9
8 13
9 10
9 11
10 12
11 12
12 14
13 14
14 15
14 16
15 17
16 17
17 19
18 19
19 21
20 21
21 23
22 23
23 25
24 25
25 27
26 27
27 29
28 29
29 1
31 41
0 1
0 30
1 2
2 3
2 28
3 4
3 26
4 5
4 24
5 6
5 22
6 7
6 20
7 8
7 18
8 9
8 13
9 10
9 11
10 12
11 12
12 14
13 14
14 15
14 16
15 17
16 17
17 19
18 19
19 21
20 21
21 23
22 23
23 25
24 25
25 27
26 27
27 29
28 29
29 2
29 30
71 92
0 1
0 32
1 2
1 30
2 3
2 28
3 4
3 26
4 5
4 24
5 6
5 22
6 7
6 20
7 8
7 18
8 9
8 16
9 10
9 14
10 11
10 12
11 13
12 13
13 15
14 15
15 17
16 17
17 19
18 19
19 21
20 21
21 23
22 23
23 25
24 25
25 27
26 27
27 29
28 29
29 31
30 31
31 33
32 33
33 34
33 70
34 35
34 66
35 36
35 64
36 37
36 62
37 38
37 60
38 39
38 58
39 40
39 41
40 51
41 42
41 49
42 43
42 47
43 44
43 45
44 46
45 46
46 48
47 48
48 50
49 50
50 51
51 52
51 56
52 53
52 54
53 55
54 55
55 57
56 57
57 59
58 59
59 61
60 61
61 63
62 63
63 65
64 65
65 67
66 67
67 68
67 69
71 92
0 1
0 32
1 2
1 30
2 3
2 28
3 4
3 26
4 5
4 24
5 6
5 22
6 7
6 20
7 8
7 18
8 9
8 16
9 10
9 14
10 11
10 12
11 13
12 13
13 15
14 15
15 17
16 17
17 19
18 19
19 21
20 21
21 23
22 23
23 25
24 25
25 27
26 27
27 29
28 29
29 31
30 31
31 33
32 33
33 34
33 70
34 35
34 66
35 36
35 64
36 37
36 62
37 38
37 60
38 39
38 58
39 40
39 41
40 51
41 42
41 49
42 43
42 47
43 44
43 45
44 46
45 46
46 48
47 48
48 50
49 50
50 51
51 52
51 56
52 53
52 54
53 55
54 55
55 57
56 57
57 59
58 59
59 61
60 61
61 63
62 63
63 65
64 65
65 67
66 67
67 68
67 69
8 8
0 1
0 2
2 3
2 4
4 5
4 6
5 7
6 7
8 8
0 1
0 2
2 3
2 4
4 5
4 6
5 7
6 7
7 6
0 1
0 4
1 2
1 3
4 5
4 6
7 6
0 1
0 4
1 2
1 3
4 5
4 6
3 4
0 1
0 2
1 1
1 2
4 5
0 1
0 3
1 2
2 2
2 3
10 10
0 1
0 2
2 3
2 5
3 4
5 6
6 7
6 9
7 8
8 6
10 10
0 1
0 2
2 3
2 5
3 4
5 6
6 7
6 9
7 8
8 6
22 26
0 1
0 2
2 3
2 4
4 5
4 18
5 6
5 16
6 7
6 14
7 8
7 12
8 9
8 10
9 11
10 11
11 13
12 13
13 15
14 15
15 17
16 17
17 19
18 19
19 20
19 21
22 26
0 1
0 2
2 3
2 4
4 5
4 18
5 6
5 16
6 7
6 14
7 8
7 12
8 9
8 10
9 11
10 11
11 13
12 13
13 15
14 15
15 17
16 17
17 19
18 19
19 20
19 21
36 40
0 1
0 25
1 2
1 24
2 3
2 23
3 4
3 22
4 5
4 18
5 6
5 16
6 7
6 14
7 8
7 12
8 9
8 10
9 11
10 11
11 13
12 13
13 15
14 15
15 17
16 17
17 19
18 19
19 20
19 21
25 26
25 35
26 27
26 34
27 28
27 33
28 29
28 32
29 30
29 31
36 40
0 1
0 25
1 2
1 24
2 3
2 23
3 4
3 22
4 5
4 18
5 6
5 16
6 7
6 14
7 8
7 12
8 9
8 10
9 11
10 11
11 13
12 13
13 15
14 15
15 17
16 17
17 19
18 19
19 20
19 21
25 26
25 35
26 27
26 34
27 28
27 33
28 29
28 32
29 30
29 31
13 16
0 1
1 2
1 6
2 3
2 4
3 5
4 5
5 7
6 7
7 8
7 12
8 9
8 10
9 11
10 11
11 1
13 16
0 1
1 2
1 6
2 3
2 4
3 5
4 5
5 7
6 7
7 8
7 12
8 9
8 10
9 11
10 11
11 1
21 24
0 1
0 2
2 3
2 7
3 4
4 5
4 6
7 8
8 9
8 13
9 10
9 11
10 12
11 12
12 14
13 14
14 15
14 20
15 16
16 17
16 18
17 19
18 19
19 8
21 24
0 1
0 2
2 3
2 7
3 4
4 5
4 6
7 8
8 9
8 13
9 10
9 11
10 12
11 12
12 14
13 14
14 15
14 20
15 16
16 17
16 18
17 19
18 19
19 8
25 38
0 1
0 2
1 3
1 2
2 3
3 4
3 5
4 6
4 5
5 6
6 7
6 23
7 8
7 9
8 10
8 9
9 10
10 11
10 12
11 13
11 12
12 13
13 14
13 15
14 16
14 15
15 16
16 17
16 18
17 19
17 18
18 19
19 20
20 21
20 22
21 20
22 24
23 24
30 49
0 1
0 2
1 3
1 2
2 3
3 4
3 5
4 6
4 5
5 6
6 7
6 28
7 8
7 9
8 10
8 9
9 10
10 11
10 12
11 13
11 12
12 13
13 14
13 15
14 16
14 15
15 16
16 17
16 18
17 19
17 18
18 19
19 20
19 27
20 21
21 22
21 26
22 23
22 26
23 24
23 26
24 25
24 26
25 25
25 27
26 26
26 27
27 29
28 29
8 9
0 1
1 2
1 7
2 3
2 4
3 5
4 5
5 6
6 1
8 10
0 1
0 7
1 2
2 3
2 4
3 5
4 5
5 6
6 2
6 7
16 20
0 1
1 2
1 15
2 3
2 13
3 4
3 8
4 5
4 6
5 7
6 7
7 9
8 9
9 10
9 11
10 12
11 12
12 14
13 14
14 1
16 21
0 1
0 15
1 2
2 3
2 13
3 4
3 8
4 5
4 6
5 7
6 7
7 9
8 9
9 10
9 11
10 12
11 12
12 14
13 14
14 2
14 15
108 153
0 1
0 2
2 3
2 4
3 5
3 4
4 5
5 6
5 7
6 8
6 7
7 8
8 9
8 10
9 11
9 10
10 11
11 12
11 13
12 14
12 13
13 14
14 15
14 16
15 17
15 16
16 17
17 18
18 19
18 20
19 18
20 21
21 22
21 23
22 21
23 24
24 25
24 26
25 24
26 27
26 28
27 29
27 28
28 29
29 30
29 31
30 32
30 31
31 32
32 33
32 34
33 35
33 34
34 35
35 36
35 37
36 38
36 37
37 38
38 39
38 40
39 41
39 40
40 41
41 42
42 43
42 47
43 44
43 45
44 46
45 46
46 48
47 48
48 49
48 71
49 50
49 51
50 55
51 52
51 53
52 54
53 54
54 55
55 56
55 57
56 70
57 58
57 62
58 59
58 60
59 61
60 61
61 69
62 63
62 67
63 64
63 65
64 66
65 66
66 68
67 68
68 69
69 70
70 42
71 72
72 73
72 77
73 74
73 75
74 76
75 76
76 72
77 78
77 79
78 80
78 79
79 80
80 81
81 82
81 83
82 81
83 84
84 85
84 95
85 86
85 90
86 87
86 88
87 89
88 89
89 91
90 91
91 92
91 93
92 94
93 94
94 84
95 96
96 97
96 107
97 98
97 105
98 99
99 100
99 101
100 102
101 102
102 103
102 104
103 99
104 106
105 106
106 96
114 166
0 1
0 2
2 3
2 4
3 5
3 4
4 5
5 6
5 7
6 8
6 7
7 8
8 9
8 10
9 11
9 10
10 11
11 12
11 13
12 14
12 13
13 14
14 15
14 16
15 17
15 16
16 17
17 18
17 26
18 19
19 20
19 25
20 21
20 25
21 22
21 24
22 23
22 24
23 23
23 24
24 24
24 26
25 25
25 26
26 27
27 28
27 29
28 27
29 30
30 31
30 32
31 30
32 33
32 34
33 35
33 34
34 35
35 36
35 37
36 38
36 37
37 38
38 39
38 40
39 41
39 40
40 41
41 42
41 43
42 44
42 43
43 44
44 45
44 46
45 47
45 46
46 47
47 48
48 49
48 53
49 50
49 51
50 52
51 52
52 54
53 54
54 55
54 77
55 56
55 57
56 61
57 58
57 59
58 60
59 60
60 61
61 62
61 63
62 76
63 64
63 68
64 65
64 66
65 67
66 67
67 75
68 69
68 73
69 70
69 71
70 72
71 72
72 74
73 74
74 75
75 76
76 48
77 78
78 79
78 83
79 80
79 81
80 82
81 82
82 78
83 84
83 85
84 86
84 85
85 86
86 87
87 88
87 89
88 87
89 90
90 91
90 101
91 92
91 96
92 93
92 94
93 95
94 95
95 97
96 97
97 98
97 99
98 100
99 100
100 90
101 102
102 103
102 113
103 104
103 111
104 105
105 106
105 107
106 108
107 108
108 109
108 110
109 105
110 112
111 112
112 102
9 10
0 1
0 5
1 2
1 3
2 4
3 4
4 6
5 6
6 7
6 8
9 10
0 1
0 5
1 2
1 3
2 4
3 4
4 6
5 6
6 7
6 8
3 2
0 1
0 2
5 4
0 1
0 2
2 3
2 4
14 19
0 1
0 2
2 3
2 4
4 5
4 6
6 7
6 8
7 9
7 8
8 9
9 10
9 11
10 10
10 11
11 12
11 13
12 12
12 13
16 21
0 1
0 2
2 3
2 4
4 5
4 6
6 7
6 8
7 9
7 8
8 9
9 10
9 12
10 11
11 11
11 12
12 13
12 15
13 14
14 14
14 15
1 0
1 0
12 17
0 1
0 2
2 3
2 4
4 5
4 6
5 7
5 6
6 7
7 8
7 9
8 8
8 9
9 10
9 11
10 10
10 11
14 19
0 1
0 2
2 3
2 4
4 5
4 6
5 7
5 6
6 7
7 8
7 10
8 9
9 9
9 10
10 11
10 13
11 12
12 12
12 13
3 2
0 1
0 2
5 4
0 1
0 2
2 3
2 4
3 2
0 1
0 2
101 100
0 1
0 2
2 3
2 4
4 5
4 6
6 7
6 8
8 9
8 10
10 11
10 12
12 13
12 14
14 15
14 16
16 17
16 18
18 19
18 20
20 21
20 22
22 23
22 24
24 25
24 26
26 27
26 28
28 29
28 30
30 31
30 32
32 33
32 34
34 35
34 36
36 37
36 38
38 39
38 40
40 41
40 42
42 43
42 44
44 45
44 46
46 47
46 48
48 49
48 50
50 51
50 52
52 53
52 54
54 55
54 56
56 57
56 58
58 59
58 60
60 61
60 62
62 63
62 64
64 65
64 66
66 67
66 68
68 69
68 70
70 71
70 72
72 73
72 74
74 75
74 76
76 77
76 78
78 79
78 80
80 81
80 82
82 83
82 84
84 85
84 86
86 87
86 88
88 89
88 90
90 91
90 92
92 93
92 94
94 95
94 96
96 97
96 98
98 99
98 100
52 51
0 51
0 1
0 2
0 3
0 4
0 5
0 6
0 7
0 8
0 9
0 10
0 11
0 12
0 13
0 14
0 15
0 16
0 17
0 18
0 19
0 20
0 21
0 22
0 23
0 24
0 25
0 26
0 27
0 28
0 29
0 30
0 31
0 32
0 33
0 34
0 35
0 36
0 37
0 38
0 39
0 40
0 41
0 42
0 44
0 45
0 46
0 47
0 48
0 49
0 50
0 43
3 2
0 1
0 2
16 23
0 1
0 2
2 3
2 4
4 5
4 6
5 7
5 6
6 7
7 8
7 12
8 9
8 10
9 11
9 10
10 11
11 8
11 12
12 13
12 15
13 14
14 13
14 15
17 22
0 1
0 2
2 3
2 4
4 5
4 6
5 7
5 6
6 7
7 8
7 12
8 9
9 10
10 11
11 9
11 12
12 13
12 16
13 14
14 15
15 14
15 16
1 0
1 0
1 0
1 0
1 0
1 0
1 0
1 0
1 0
1 0
1 0
1 0
3 2
0 1
0 2
3 2
0 1
0 2
5 4
0 1
0 2
2 3
2 4
5 4
0 1
0 2
2 3
2 4
1 0
1 0
5 4
0 1
0 2
2 3
2 4
5 4
0 1
0 2
2 3
2 4
1 0
1 0
8 9
0 1
1 2
1 7
2 3
2 4
3 5
4 5
5 6
6 1
8 9
0 1
1 2
1 7
2 3
2 4
3 5
4 5
5 6
6 1
6 6
0 1
0 2
2 3
2 4
3 5
4 5
6 6
0 1
0 2
2 3
2 4
3 5
4 5
16 18
0 1
0 10
1 2
2 3
2 4
3 5
4 5
5 6
5 7
6 2
7 8
7 9
10 11
10 12
12 13
12 14
13 15
14 15
15 17
0 1
0 9
1 2
2 3
2 4
3 6
4 5
4 6
5 2
6 7
6 8
9 10
9 11
11 12
11 13
12 14
13 14
1 0
1 0
10 15
0 1
0 2
1 3
1 2
2 3
3 4
3 5
4 6
4 5
5 6
6 7
6 8
7 9
7 8
8 9
7 6
0 1
1 2
2 3
3 4
4 5
5 6
1 0
39 48
0 1
0 2
1 9
2 3
2 4
3 8
4 5
4 6
5 7
6 7
7 8
8 9
9 10
9 11
11 12
11 13
12 20
13 14
13 15
14 19
15 16
15 17
16 18
17 18
18 19
19 20
20 21
20 22
22 23
22 24
23 28
24 25
24 26
25 27
26 27
27 28
28 29
28 30
30 31
30 35
31 32
31 33
32 34
33 34
34 36
35 36
36 37
36 38
39 48
0 1
0 2
1 9
2 3
2 4
3 8
4 5
4 6
5 7
6 7
7 8
8 9
9 10
9 11
11 12
11 13
12 20
13 14
13 15
14 19
15 16
15 17
16 18
17 18
18 19
19 20
20 21
20 22
22 23
22 24
23 28
24 25
24 26
25 27
26 27
27 28
28 29
28 30
30 31
30 35
31 32
31 33
32 34
33 34
34 36
35 36
36 37
36 38
7 6
0 1
0 6
1 2
1 3
3 4
3 5
7 6
0 1
0 6
1 2
1 3
3 4
3 5
11 10
0 1
0 2
2 3
2 4
4 5
4 6
6 7
6 8
8 9
8 10
11 10
0 1
0 2
2 3
2 4
4 5
4 6
6 7
6 8
8 9
8 10
7 6
0 1
0 2
2 3
2 4
4 5
4 6
7 6
0 1
0 2
2 3
2 4
4 5
4 6
3 2
0 1
0 2
3 2
0 1
0 2
9 8
0 1
0 8
1 2
1 3
3 4
3 7
4 5
4 6
9 8
0 1
0 8
1 2
1 3
3 4
3 7
4 5
4 6
5 4
0 1
0 4
1 2
1 3
11 12
0 1
0 10
1 2
1 6
2 3
2 4
3 5
4 5
5 7
6 7
7 8
7 9
11 12
0 1
0 10
1 2
1 6
2 3
2 4
3 5
4 5
5 7
6 7
7 8
7 9
11 10
0 1
0 6
1 2
1 5
2 3
2 4
6 7
6 8
8 9
8 10
11 10
0 1
0 6
1 2
1 5
2 3
2 4
6 7
6 8
8 9
8 10
11 12
0 1
0 5
1 2
1 3
2 4
3 4
4 6
5 6
6 7
6 8
8 9
8 10
11 12
0 1
0 5
1 2
1 3
2 4
3 4
4 6
5 6
6 7
6 8
8 9
8 10
7 6
0 1
0 4
1 2
1 3
4 5
4 6
7 6
0 1
0 4
1 2
1 3
4 5
4 6
7 6
0 1
0 2
2 3
2 4
4 5
4 6
7 6
0 1
0 2
2 3
2 4
4 5
4 6
1 0
17 20
0 1
0 5
1 2
1 3
2 4
3 4
5 6
5 10
6 7
6 8
7 9
8 9
9 11
10 11
11 12
11 13
13 14
13 15
14 16
15 16
17 20
0 1
0 5
1 2
1 3
2 4
3 4
5 6
5 10
6 7
6 8
7 9
8 9
9 11
10 11
11 12
11 13
13 14
13 15
14 16
15 16
5 4
0 1
0 2
2 3
2 4
5 4
0 1
0 2
2 3
2 4
24 30
0 1
0 5
1 2
1 3
2 4
3 4
4 6
5 6
6 7
6 14
7 8
7 9
8 10
9 10
10 11
10 12
11 13
12 13
14 15
14 16
15 17
16 17
17 18
17 19
18 20
19 20
20 21
20 22
21 23
22 23
24 30
0 1
0 5
1 2
1 3
2 4
3 4
4 6
5 6
6 7
6 14
7 8
7 9
8 10
9 10
10 11
10 12
11 13
12 13
14 15
14 16
15 17
16 17
17 18
17 19
18 20
19 20
20 21
20 22
21 23
22 23
25 30
0 1
0 5
1 2
1 3
2 4
3 4
4 6
5 6
6 7
6 8
8 9
8 13
9 10
9 11
10 12
11 12
12 14
13 14
14 15
14 16
16 17
16 21
17 18
17 19
18 20
19 20
20 22
21 22
22 23
22 24
25 30
0 1
0 5
1 2
1 3
2 4
3 4
4 6
5 6
6 7
6 8
8 9
8 13
9 10
9 11
10 12
11 12
12 14
13 14
14 15
14 16
16 17
16 21
17 18
17 19
18 20
19 20
20 22
21 22
22 23
22 24
23 26
0 1
0 5
1 2
1 3
2 4
3 4
4 6
5 6
6 7
6 12
7 8
7 9
9 10
9 11
12 13
12 17
13 14
13 15
14 16
15 16
16 18
17 18
18 19
18 22
19 20
19 21
23 26
0 1
0 5
1 2
1 3
2 4
3 4
4 6
5 6
6 7
6 12
7 8
7 9
9 10
9 11
12 13
12 17
13 14
13 15
14 16
15 16
16 18
17 18
18 19
18 22
19 20
19 21
36 47
0 1
0 5
1 2
1 3
2 4
3 4
4 6
5 6
6 7
6 8
8 9
8 10
9 11
10 11
11 12
12 13
12 17
13 14
13 15
14 16
15 16
16 18
17 18
18 19
18 24
19 20
19 21
20 35
21 22
21 23
22 35
23 35
24 25
24 29
25 26
25 27
26 28
27 28
28 30
29 30
30 31
30 34
31 32
31 33
32 35
33 35
34 35
36 47
0 1
0 5
1 2
1 3
2 4
3 4
4 6
5 6
6 7
6 8
8 9
8 10
9 11
10 11
11 12
12 13
12 17
13 14
13 15
14 16
15 16
16 18
17 18
18 19
18 24
19 20
19 21
20 35
21 22
21 23
22 35
23 35
24 25
24 29
25 26
25 27
26 28
27 28
28 30
29 30
30 31
30 34
31 32
31 33
32 35
33 35
34 35
25 30
0 1
0 5
1 2
1 3
2 4
3 4
4 6
5 6
6 7
6 8
8 9
8 13
9 10
9 11
10 12
11 12
12 14
13 14
14 15
14 16
16 17
16 21
17 18
17 19
18 20
19 20
20 22
21 22
22 23
22 24
25 30
0 1
0 5
1 2
1 3
2 4
3 4
4 6
5 6
6 7
6 8
8 9
8 13
9 10
9 11
10 12
11 12
12 14
13 14
14 15
14 16
16 17
16 21
17 18
17 19
18 20
19 20
20 22
21 22
22 23
22 24
17 20
0 1
0 5
1 2
1 3
2 4
3 4
4 6
5 6
6 7
6 8
8 9
8 13
9 10
9 11
10 12
11 12
12 14
13 14
14 15
14 16
17 20
0 1
0 5
1 2
1 3
2 4
3 4
4 6
5 6
6 7
6 8
8 9
8 13
9 10
9 11
10 12
11 12
12 14
13 14
14 15
14 16
25 32
0 1
0 2
1 3
2 3
3 4
4 5
4 9
5 6
5 7
6 8
7 8
8 10
9 10
10 11
10 12
11 21
12 13
12 17
13 14
13 15
14 16
15 16
16 18
17 18
18 19
18 20
19 21
20 21
21 22
21 23
22 24
23 24
25 32
0 1
0 2
1 3
2 3
3 4
4 5
4 9
5 6
5 7
6 8
7 8
8 10
9 10
10 11
10 12
11 21
12 13
12 17
13 14
13 15
14 16
15 16
16 18
17 18
18 19
18 20
19 21
20 21
21 22
21 23
22 24
23 24
10 10
0 1
0 2
2 3
2 9
3 4
3 8
4 5
4 7
5 6
5 7
10 10
0 1
0 2
2 3
2 9
3 4
3 8
4 5
4 7
5 6
5 7
1 0
1 0
3 4
0 1
0 2
1 1
1 2
4 5
0 1
0 3
1 2
2 2
2 3
8 9
0 1
0 2
2 3
2 4
4 5
4 7
5 6
6 5
6 7
9 10
0 1
0 2
2 3
2 4
4 5
4 8
5 6
6 7
7 6
7 8
8 9
0 1
0 2
2 3
2 4
4 5
4 7
5 6
6 5
6 7
9 10
0 1
0 2
2 3
2 4
4 5
4 8
5 6
6 7
7 6
7 8
7 8
0 1
1 2
1 3
3 4
3 5
4 6
5 6
6 1
7 8
0 1
1 2
1 3
3 4
3 5
4 6
5 6
6 1
7 8
0 1
1 2
1 3
3 4
3 5
4 6
5 6
6 1
7 8
0 1
1 2
1 3
3 4
3 5
4 6
5 6
6 1
7 8
0 1
1 2
1 3
3 4
3 5
4 6
5 6
6 1
7 8
0 1
1 2
1 3
3 4
3 5
4 6
5 6
6 1
3 3
0 1
0 2
2 0
3 3
0 1
0 2
2 0
6 5
0 1
0 2
2 3
2 4
4 5
6 5
0 1
0 2
2 3
2 4
4 5
7 10
0 1
0 2
1 3
1 2
2 3
3 4
3 5
4 6
4 5
5 6
7 10
0 1
0 2
1 3
1 2
2 3
3 4
3 5
4 6
4 5
5 6
1 0
1 0
5 4
0 1
0 2
2 3
2 4
5 4
0 1
0 2
2 3
2 4
4 4
0 1
0 2
1 3
2 3
4 4
0 1
0 2
1 3
2 3
1 0
1 0
1 0
1 0
1 0
7 6
0 1
0 6
1 2
1 3
3 4
3 5
7 6
0 1
0 6
1 2
1 3
3 4
3 5
3 2
0 1
0 2
60 60
0 1
0 2
2 3
2 4
4 5
4 6
6 7
6 8
8 9
8 10
10 11
10 12
12 13
12 14
14 15
14 16
16 17
16 21
17 18
17 19
18 20
19 20
21 22
21 23
23 24
23 25
25 26
25 27
27 28
27 29
29 30
29 31
31 32
31 33
33 34
33 35
35 36
35 37
37 38
37 39
39 40
39 41
41 42
41 43
43 44
43 45
45 46
45 47
47 48
47 49
49 50
49 51
51 52
51 53
53 54
53 55
55 56
55 57
57 58
57 59
60 60
0 1
0 2
2 3
2 4
4 5
4 6
6 7
6 8
8 9
8 10
10 11
10 12
12 13
12 14
14 15
14 16
16 17
16 21
17 18
17 19
18 20
19 20
21 22
21 23
23 24
23 25
25 26
25 27
27 28
27 29
29 30
29 31
31 32
31 33
33 34
33 35
35 36
35 37
37 38
37 39
39 40
39 41
41 42
41 43
43 44
43 45
45 46
45 47
47 48
47 49
49 50
49 51
51 52
51 53
53 54
53 55
55 56
55 57
57 58
57 59
1 0
1 0
7 8
0 1
0 2
1 3
2 3
3 4
3 5
4 6
5 6
5 4
0 1
0 2
2 3
2 4
1 0
1 0
1 0
1 0
1 0
1 0
1 0
1 0
1 0
1 0
3 2
0 1
0 2
5 4
0 1
0 2
2 3
2 4
5 4
0 1
0 2
2 3
2 4
5 4
0 1
0 2
2 3
2 4
5 4
0 1
0 2
2 3
2 4
7 6
0 1
0 2
2 3
2 6
3 4
3 5
7 6
0 1
0 2
2 3
2 6
3 4
3 5
9 8
0 1
0 2
2 3
2 8
3 4
3 5
5 6
5 7
9 8
0 1
0 2
2 3
2 8
3 4
3 5
5 6
5 7
5 4
0 1
0 2
2 3
2 4
5 4
0 1
0 2
2 3
2 4
7 6
0 1
0 2
2 3
2 6
3 4
3 5
7 6
0 1
0 2
2 3
2 6
3 4
3 5
3 2
0 1
0 2
3 2
0 1
0 2
3 2
0 1
0 2
3 2
0 1
0 2
5 4
0 1
0 2
2 3
2 4
5 4
0 1
0 2
2 3
2 4
508 653
0 1
0 8
1 2
1 3
2 4
3 4
4 5
4 6
5 7
6 7
8 9
8 16
9 10
9 11
10 12
11 12
12 13
12 14
13 15
14 15
16 17
16 30
17 18
17 19
18 23
19 20
19 21
20 22
21 22
22 23
23 24
23 25
24 29
25 26
25 27
26 28
27 28
28 29
30 31
30 44
31 32
31 33
32 37
33 34
33 35
34 36
35 36
36 37
37 38
37 39
38 43
39 40
39 41
40 42
41 42
42 43
44 45
44 58
45 46
45 47
46 51
47 48
47 49
48 50
49 50
50 51
51 52
51 53
52 57
53 54
53 55
54 56
55 56
56 57
58 59
58 66
59 60
59 61
60 62
61 62
62 63
62 64
63 65
64 65
66 67
66 68
68 69
68 88
69 70
70 71
70 72
71 79
72 73
72 74
73 78
74 75
74 76
75 77
76 77
77 78
78 79
79 80
79 81
80 87
81 82
81 86
82 83
82 84
83 85
84 85
85 87
86 87
88 89
88 90
90 91
90 101
91 92
91 93
92 97
93 94
93 95
94 96
95 96
96 97
97 98
97 99
98 100
99 100
101 102
101 276
102 103
103 104
103 105
104 110
105 106
105 107
106 110
107 108
107 109
108 110
109 110
110 111
110 206
111 112
111 116
112 113
112 114
113 115
114 115
115 117
116 117
117 118
117 122
118 119
118 120
119 121
120 121
121 123
122 123
123 124
123 131
124 125
124 129
125 126
125 127
126 128
127 128
128 130
129 130
130 132
131 132
132 133
132 134
133 198
134 135
134 142
135 136
135 140
136 137
136 138
137 139
138 139
139 141
140 141
141 143
142 143
143 144
143 145
144 197
145 146
145 150
146 147
146 148
147 149
148 149
149 151
150 151
151 152
151 153
152 196
153 154
153 158
154 155
154 156
155 157
156 157
157 159
158 159
159 160
159 161
160 195
161 162
161 163
162 194
163 164
163 171
164 165
164 169
165 166
165 167
166 168
167 168
168 170
169 170
170 172
171 172
172 173
172 174
173 193
174 175
174 182
175 176
175 180
176 177
176 178
177 179
178 179
179 181
180 181
181 183
182 183
183 184
183 185
184 192
185 186
185 187
186 191
187 188
187 189
188 190
189 190
190 191
191 192
192 193
193 194
194 195
195 196
196 197
197 198
198 199
198 200
199 205
200 201
200 202
201 205
202 203
202 204
203 205
204 205
206 207
206 208
207 209
208 209
209 210
209 223
210 211
210 212
211 222
212 213
212 214
213 221
214 215
214 216
215 220
216 217
216 218
217 219
218 219
219 220
220 221
221 222
222 236
223 224
223 228
224 225
224 226
225 227
226 227
227 229
228 229
229 230
229 231
230 235
231 232
231 233
232 234
233 234
234 235
235 236
236 237
236 241
237 238
237 239
238 240
239 240
240 242
241 242
242 243
242 244
243 269
244 245
244 249
245 246
245 247
246 248
247 248
248 250
249 250
250 251
250 252
251 268
252 253
252 257
253 254
253 255
254 256
255 256
256 258
257 258
258 259
258 260
259 267
260 261
260 262
261 266
262 263
262 264
263 265
264 265
265 266
266 267
267 268
268 269
269 270
269 271
270 275
271 272
271 273
272 274
273 274
274 275
276 277
276 284
277 278
277 279
278 280
279 280
280 281
280 282
281 283
282 283
284 285
284 286
286 287
286 303
287 288
287 289
288 296
289 290
289 291
290 295
291 292
291 293
292 294
293 294
294 295
295 296
296 297
296 298
297 302
298 299
298 300
299 301
300 301
301 302
303 304
303 308
304 305
304 306
305 307
306 307
308 309
308 313
309 310
309 311
310 312
311 312
313 314
313 318
314 315
314 316
315 317
316 317
318 319
318 320
320 321
320 325
321 322
321 323
322 324
323 324
325 326
325 342
326 327
326 328
327 332
328 329
328 330
329 331
330 331
331 332
332 333
332 337
333 334
333 335
334 336
335 336
336 338
337 338
338 339
338 340
339 341
340 341
342 343
342 359
343 344
343 345
344 349
345 346
345 347
346 348
347 348
348 349
349 350
349 354
350 351
350 352
351 353
352 353
353 355
354 355
355 356
355 357
356 358
357 358
359 360
359 385
360 361
360 362
361 375
362 363
362 364
363 374
364 365
364 369
365 366
365 367
366 368
367 368
368 370
369 370
370 371
370 372
371 373
372 373
373 374
374 375
375 376
375 380
376 377
376 378
377 379
378 379
379 381
380 381
381 382
381 383
382 384
383 384
385 386
385 393
386 387
386 388
387 389
388 389
389 390
389 391
390 392
391 392
393 394
393 419
394 395
394 396
395 397
396 397
397 398
397 402
398 399
398 400
399 401
400 401
401 403
402 403
403 404
403 405
404 409
405 406
405 407
406 408
407 408
408 409
409 410
409 414
410 411
410 412
411 413
412 413
413 415
414 415
415 416
415 417
416 418
417 418
419 420
419 439
420 421
420 425
421 422
421 423
422 424
423 424
424 426
425 426
426 427
426 428
427 429
428 429
429 430
429 434
430 431
430 432
431 433
432 433
433 435
434 435
435 436
435 437
436 438
437 438
439 440
439 441
441 442
441 449
442 443
442 444
443 445
444 445
445 446
445 447
446 448
447 448
449 450
449 454
450 451
450 452
451 453
452 453
454 455
454 459
455 456
455 457
456 458
457 458
459 460
459 464
460 461
460 462
461 463
462 463
464 465
464 469
465 466
465 467
466 468
467 468
469 470
469 474
470 471
470 472
471 473
472 473
474 475
474 500
475 476
475 477
476 478
477 478
478 479
478 480
479 490
480 481
480 482
481 489
482 483
482 484
483 488
484 485
484 486
485 487
486 487
487 488
488 489
489 490
490 491
490 492
491 496
492 493
492 494
493 495
494 495
495 496
496 497
496 498
497 499
498 499
500 501
500 505
501 502
501 503
502 504
503 504
505 506
505 507
507 651
0 1
0 8
1 2
1 3
2 4
3 4
4 5
4 6
5 7
6 7
8 9
8 16
9 10
9 11
10 12
11 12
12 13
12 14
13 15
14 15
16 17
16 30
17 18
17 19
18 23
19 20
19 21
20 22
21 22
22 23
23 24
23 25
24 29
25 26
25 27
26 28
27 28
28 29
30 31
30 44
31 32
31 33
32 37
33 34
33 35
34 36
35 36
36 37
37 38
37 39
38 43
39 40
39 41
40 42
41 42
42 43
44 45
44 58
45 46
45 47
46 51
47 48
47 49
48 50
49 50
50 51
51 52
51 53
52 57
53 54
53 55
54 56
55 56
56 57
58 59
58 66
59 60
59 61
60 62
61 62
62 63
62 64
63 65
64 65
66 67
66 68
68 69
68 88
69 70
70 71
70 72
71 79
72 73
72 74
73 78
74 75
74 76
75 77
76 77
77 78
78 79
79 80
79 81
80 87
81 82
81 86
82 83
82 84
83 85
84 85
85 87
86 87
88 89
88 90
90 91
90 101
91 92
91 93
92 97
93 94
93 95
94 96
95 96
96 97
97 98
97 99
98 100
99 100
101 102
101 275
102 103
103 104
103 105
104 110
105 106
105 107
106 110
107 108
107 109
108 110
109 205
110 111
110 115
111 112
111 113
112 114
113 114
114 116
115 116
116 117
116 121
117 118
117 119
118 120
119 120
120 122
121 122
122 123
122 130
123 124
123 128
124 125
124 126
125 127
126 127
127 129
128 129
129 131
130 131
131 132
131 133
132 197
133 134
133 141
134 135
134 139
135 136
135 137
136 138
137 138
138 140
139 140
140 142
141 142
142 143
142 144
143 196
144 145
144 149
145 146
145 147
146 148
147 148
148 150
149 150
150 151
150 152
151 195
152 153
152 157
153 154
153 155
154 156
155 156
156 158
157 158
158 159
158 160
159 194
160 161
160 162
161 193
162 163
162 170
163 164
163 168
164 165
164 166
165 167
166 167
167 169
168 169
169 171
170 171
171 172
171 173
172 192
173 174
173 181
174 175
174 179
175 176
175 177
176 178
177 178
178 180
179 180
180 182
181 182
182 183
182 184
183 191
184 185
184 186
185 190
186 187
186 188
187 189
188 189
189 190
190 191
191 192
192 193
193 194
194 195
195 196
196 197
197 198
197 199
198 204
199 200
199 201
200 204
201 202
201 203
202 204
203 204
205 206
205 207
206 208
207 208
208 209
208 222
209 210
209 211
210 221
211 212
211 213
212 220
213 214
213 215
214 219
215 216
215 217
216 218
217 218
218 219
219 220
220 221
221 235
222 223
222 227
223 224
223 225
224 226
225 226
226 228
227 228
228 229
228 230
229 234
230 231
230 232
231 233
232 233
233 234
234 235
235 236
235 240
236 237
236 238
237 239
238 239
239 241
240 241
241 242
241 243
242 268
243 244
243 248
244 245
244 246
245 247
246 247
247 249
248 249
249 250
249 251
250 267
251 252
251 256
252 253
252 254
253 255
254 255
255 257
256 257
257 258
257 259
258 266
259 260
259 261
260 265
261 262
261 263
262 264
263 264
264 265
265 266
266 267
267 268
268 269
268 270
269 274
270 271
270 272
271 273
272 273
273 274
275 276
275 283
276 277
276 278
277 279
278 279
279 280
279 281
280 282
281 282
283 284
283 285
285 286
285 302
286 287
286 288
287 295
288 289
288 290
289 294
290 291
290 292
291 293
292 293
293 294
294 295
295 296
295 297
296 301
297 298
297 299
298 300
299 300
300 301
302 303
302 307
303 304
303 305
304 306
305 306
307 308
307 312
308 309
308 310
309 311
310 311
312 313
312 317
313 314
313 315
314 316
315 316
317 318
317 319
319 320
319 324
320 321
320 322
321 323
322 323
324 325
324 341
325 326
325 327
326 331
327 328
327 329
328 330
329 330
330 331
331 332
331 336
332 333
332 334
333 335
334 335
335 337
336 337
337 338
337 339
338 340
339 340
341 342
341 358
342 343
342 344
343 348
344 345
344 346
345 347
346 347
347 348
348 349
348 353
349 350
349 351
350 352
351 352
352 354
353 354
354 355
354 356
355 357
356 357
358 359
358 384
359 360
359 361
360 374
361 362
361 363
362 373
363 364
363 368
364 365
364 366
365 367
366 367
367 369
368 369
369 370
369 371
370 372
371 372
372 373
373 374
374 375
374 379
375 376
375 377
376 378
377 378
378 380
379 380
380 381
380 382
381 383
382 383
384 385
384 392
385 386
385 387
386 388
387 388
388 389
388 390
389 391
390 391
392 393
392 418
393 394
393 395
394 396
395 396
396 397
396 401
397 398
397 399
398 400
399 400
400 402
401 402
402 403
402 404
403 408
404 405
404 406
405 407
406 407
407 408
408 409
408 413
409 410
409 411
410 412
411 412
412 414
413 414
414 415
414 416
415 417
416 417
418 419
418 438
419 420
419 424
420 421
420 422
421 423
422 423
423 425
424 425
425 426
425 427
426 428
427 428
428 429
428 433
429 430
429 431
430 432
431 432
432 434
433 434
434 435
434 436
435 437
436 437
438 439
438 440
440 441
440 448
441 442
441 443
442 444
443 444
444 445
444 446
445 447
446 447
448 449
448 453
449 450
449 451
450 452
451 452
453 454
453 458
454 455
454 456
455 457
456 457
458 459
458 463
459 460
459 461
460 462
461 462
463 464
463 468
464 465
464 466
465 467
466 467
468 469
468 473
469 470
469 471
470 472
471 472
473 474
473 499
474 475
474 476
475 477
476 477
477 478
477 479
478 489
479 480
479 481
480 488
481 482
481 483
482 487
483 484
483 485
484 486
485 486
486 487
487 488
488 489
489 490
489 491
490 495
491 492
491 493
492 494
493 494
494 495
495 496
495 497
496 498
497 498
499 500
499 504
500 501
500 502
501 503
502 503
504 505
504 506
6 7
0 1
0 2
1 5
2 3
2 4
3 5
4 5
6 7
0 1
0 2
1 5
2 3
2 4
3 5
4 5
12 14
0 1
0 2
1 6
2 3
2 4
3 5
4 5
5 6
6 7
6 8
8 9
8 10
9 11
10 11
12 14
0 1
0 2
1 6
2 3
2 4
3 5
4 5
5 6
6 7
6 8
8 9
8 10
9 11
10 11
3 2
0 1
0 2
3 2
0 1
0 2
3 2
0 1
0 2
3 2
0 1
0 2
3 2
0 1
0 2
3 2
0 1
0 2
3 2
0 1
0 2
3 2
0 1
0 2
3 2
0 1
0 2
3 2
0 1
0 2
3 2
0 1
0 2
3 2
0 1
0 2
3 2
0 1
0 2
3 2
0 1
0 2
4 4
0 1
0 3
1 2
1 3
4 4
0 1
0 3
1 2
1 3
3 2
0 1
0 2
3 2
0 1
0 2
3 2
0 1
0 2
3 2
0 1
0 2
3 4
0 1
0 2
1 1
1 2
8 13
0 1
0 7
1 2
2 3
2 6
3 4
3 6
4 5
4 6
5 5
5 7
6 6
6 7
19 24
0 1
0 2
1 3
2 3
3 4
3 5
4 6
5 6
6 7
7 8
7 15
8 9
8 10
9 11
10 11
11 12
11 13
12 14
13 14
14 7
15 16
16 17
16 18
17 16
19 25
0 1
0 2
1 3
2 3
3 4
3 5
4 6
5 6
6 7
6 15
7 8
8 9
8 10
9 11
10 11
11 12
11 13
12 14
13 14
14 8
14 15
15 16
16 17
16 18
17 16
59 68
0 1
0 2
1 6
2 3
2 4
3 5
4 5
5 6
6 7
6 8
8 9
8 14
9 10
10 11
10 12
11 13
12 13
14 15
14 20
15 16
16 17
16 18
17 19
18 19
20 21
20 26
21 22
22 23
22 24
23 25
24 25
26 27
26 32
27 28
28 29
28 30
29 31
30 31
32 33
32 38
33 34
34 35
34 36
35 37
36 37
38 39
38 44
39 40
40 41
40 42
41 43
42 43
44 45
44 50
45 46
46 47
46 48
47 49
48 49
50 51
50 52
52 53
52 58
53 54
54 55
54 56
55 57
56 57
51 60
0 1
0 2
1 6
2 3
2 4
3 5
4 5
5 6
6 7
6 8
8 50
8 9
8 14
8 19
8 24
8 29
8 34
8 39
8 44
8 45
9 10
10 11
10 12
11 13
12 13
14 15
15 16
15 17
16 18
17 18
19 20
20 21
20 22
21 23
22 23
24 25
25 26
25 27
26 28
27 28
29 30
30 31
30 32
31 33
32 33
34 35
35 36
35 37
36 38
37 38
39 40
40 41
40 42
41 43
42 43
45 46
46 47
46 48
47 49
48 49
7 6
0 1
0 2
2 3
2 6
3 4
3 5
7 6
0 1
0 2
2 3
2 6
3 4
3 5
180 239
0 1
1 2
1 179
2 3
3 4
3 5
4 10
5 6
5 9
6 7
6 8
7 10
8 10
9 10
10 11
10 12
11 178
12 13
12 23
13 14
13 21
14 15
14 19
15 16
15 17
16 18
17 18
18 20
19 20
20 22
21 22
22 24
23 24
24 25
24 26
25 177
26 27
26 37
27 28
27 35
28 29
28 33
29 30
29 31
30 32
31 32
32 34
33 34
34 36
35 36
36 38
37 38
38 39
38 40
39 176
40 41
40 48
41 42
41 46
42 43
42 44
43 45
44 45
45 47
46 47
47 49
48 49
49 50
49 51
50 175
51 52
51 59
52 53
52 57
53 54
53 55
54 56
55 56
56 58
57 58
58 60
59 60
60 61
60 62
61 174
62 63
62 76
63 64
63 65
64 72
65 66
65 67
66 71
67 68
67 69
68 70
69 70
70 71
71 72
72 73
72 74
73 75
74 75
75 77
76 77
77 78
77 79
78 173
79 80
79 84
80 81
80 82
81 83
82 83
83 85
84 85
85 86
85 87
86 172
87 88
87 95
88 89
88 93
89 90
89 91
90 92
91 92
92 94
93 94
94 96
95 96
96 97
96 98
97 171
98 99
98 106
99 100
99 104
100 101
100 102
101 103
102 103
103 105
104 105
105 107
106 107
107 108
107 109
108 170
109 110
109 120
110 111
110 112
111 116
112 113
112 114
113 115
114 115
115 116
116 117
116 118
117 119
118 119
119 121
120 121
121 122
121 123
122 169
123 124
123 128
124 125
124 126
125 127
126 127
127 129
128 129
129 130
129 131
130 168
131 132
131 136
132 133
132 134
133 135
134 135
135 137
136 137
137 138
137 139
138 167
139 140
139 150
140 141
140 148
141 142
141 146
142 143
142 144
143 145
144 145
145 147
146 147
147 149
148 149
149 151
150 151
151 152
151 153
152 166
153 154
153 161
154 155
154 159
155 156
155 157
156 158
157 158
158 160
159 160
160 162
161 162
162 163
162 164
163 165
164 165
165 166
166 167
167 168
168 169
169 170
170 171
171 172
172 173
173 174
174 175
175 176
176 177
177 178
178 1
179 238
0 1
0 178
1 2
2 3
3 4
3 5
4 11
5 6
5 9
6 7
6 8
7 10
8 11
9 11
10 177
11 12
11 22
12 13
12 20
13 14
13 18
14 15
14 16
15 17
16 17
17 19
18 19
19 21
20 21
21 23
22 23
23 24
23 25
24 176
25 26
25 36
26 27
26 34
27 28
27 32
28 29
28 30
29 31
30 31
31 33
32 33
33 35
34 35
35 37
36 37
37 38
37 39
38 175
39 40
39 47
40 41
40 45
41 42
41 43
42 44
43 44
44 46
45 46
46 48
47 48
48 49
48 50
49 174
50 51
50 58
51 52
51 56
52 53
52 54
53 55
54 55
55 57
56 57
57 59
58 59
59 60
59 61
60 173
61 62
61 75
62 63
62 64
63 71
64 65
64 66
65 70
66 67
66 68
67 69
68 69
69 70
70 71
71 72
71 73
72 74
73 74
74 76
75 76
76 77
76 78
77 172
78 79
78 83
79 80
79 81
80 82
81 82
82 84
83 84
84 85
84 86
85 171
86 87
86 94
87 88
87 92
88 89
88 90
89 91
90 91
91 93
92 93
93 95
94 95
95 96
95 97
96 170
97 98
97 105
98 99
98 103
99 100
99 101
100 102
101 102
102 104
103 104
104 106
105 106
106 107
106 108
107 169
108 109
108 119
109 110
109 111
110 115
111 112
111 113
112 114
113 114
114 115
115 116
115 117
116 118
117 118
118 120
119 120
120 121
120 122
121 168
122 123
122 127
123 124
123 125
124 126
125 126
126 128
127 128
128 129
128 130
129 167
130 131
130 135
131 132
131 133
132 134
133 134
134 136
135 136
136 137
136 138
137 166
138 139
138 149
139 140
139 147
140 141
140 145
141 142
141 143
142 144
143 144
144 146
145 146
146 148
147 148
148 150
149 150
150 151
150 152
151 165
152 153
152 160
153 154
153 158
154 155
154 156
155 157
156 157
157 159
158 159
159 161
160 161
161 162
161 163
162 164
163 164
164 165
165 166
166 167
167 168
168 169
169 170
170 171
171 172
172 173
173 174
174 175
175 176
176 177
177 2
177 178
3 2
0 1
0 2
3 2
0 1
0 2
3 3
0 1
0 2
2 0
3 3
0 1
0 2
2 0
9 14
0 1
0 2
1 3
1 2
2 3
3 4
3 5
4 6
4 5
5 6
6 7
6 8
7 7
7 8
10 15
0 1
0 2
1 3
1 2
2 3
3 4
3 5
4 6
4 5
5 6
6 7
6 9
7 8
8 8
8 9
9 10
0 1
0 2
2 3
2 4
4 5
4 8
5 6
6 7
7 5
7 8
10 11
0 1
0 2
2 3
2 4
4 5
4 9
5 6
6 7
7 8
8 6
8 9
7 6
0 1
0 2
2 3
2 4
4 5
4 6
7 6
0 1
0 2
2 3
2 4
4 5
4 6
22 26
0 1
0 21
1 2
1 20
2 3
2 4
3 7
4 5
4 6
5 7
6 7
7 8
7 19
8 9
9 10
9 11
10 16
11 12
11 13
12 16
13 14
13 15
14 16
15 16
16 17
16 18
20 22
0 1
0 19
1 2
1 18
2 3
2 4
3 7
4 5
4 6
5 7
6 17
7 8
8 9
8 10
9 15
10 11
10 12
11 15
12 13
12 14
13 15
14 16
7 8
0 1
1 2
1 6
2 3
2 4
3 5
4 5
5 1
7 9
0 1
0 6
1 2
2 3
2 4
3 5
4 5
5 2
5 6
8 9
0 1
0 2
2 3
2 4
4 5
4 7
5 6
6 5
6 7
9 10
0 1
0 2
2 3
2 4
4 5
4 8
5 6
6 7
7 6
7 8
1 0
1 0
3 2
0 1
0 2
3 2
0 1
0 2
13 16
0 1
1 2
1 12
2 3
2 10
3 4
4 5
4 9
5 6
5 7
6 8
7 8
8 4
9 11
10 11
11 1
13 17
0 1
1 2
1 12
2 3
2 10
3 4
3 9
4 5
5 6
5 7
6 8
7 8
8 5
8 9
9 11
10 11
11 1
9 10
0 1
0 2
2 3
2 4
4 5
4 8
5 6
6 7
7 5
7 8
10 11
0 1
0 2
2 3
2 4
4 5
4 9
5 6
6 7
7 8
8 6
8 9
39 60
0 1
0 2
1 3
2 3
3 4
3 11
4 5
4 6
5 7
5 6
6 7
7 8
7 9
8 10
8 9
9 10
11 12
11 13
12 14
12 13
13 14
14 15
14 16
15 17
15 16
16 17
17 18
17 19
18 20
18 19
19 20
20 21
21 22
21 26
22 23
22 24
23 25
23 24
24 25
25 21
26 27
26 28
27 29
27 28
28 29
29 30
29 31
30 32
30 31
31 32
32 33
32 34
33 35
33 34
34 35
35 36
35 37
36 38
36 37
37 38
36 52
0 1
0 2
1 3
2 3
3 4
3 9
4 5
5 6
6 7
7 8
9 10
9 11
10 12
10 11
11 12
12 13
12 14
13 15
13 14
14 15
15 16
15 17
16 18
16 17
17 18
18 19
18 23
19 20
20 21
21 22
22 20
22 23
23 24
23 25
24 26
24 25
25 26
26 27
26 28
27 29
27 28
28 29
29 30
29 31
30 32
30 31
31 32
32 33
32 34
33 35
33 34
34 35
24 31
0 1
0 2
2 3
2 4
3 5
3 4
4 5
5 6
6 7
6 11
7 8
7 9
8 10
9 10
10 6
11 12
12 13
12 23
13 14
13 15
14 16
15 16
16 17
16 18
17 19
18 19
19 20
19 21
20 22
21 22
22 12
24 32
0 1
0 2
2 3
2 4
3 5
3 4
4 5
5 6
6 7
6 11
7 8
7 9
8 10
9 10
10 6
11 12
11 23
12 13
13 14
13 15
14 16
15 16
16 17
16 18
17 19
18 19
19 20
19 21
20 22
21 22
22 13
22 23
8 9
0 1
1 2
1 7
2 3
2 4
3 5
4 5
5 6
6 1
8 9
0 1
1 2
1 7
2 3
2 4
3 5
4 5
5 6
6 1
6 8
0 1
0 5
1 2
1 3
2 4
3 4
4 1
4 5
7 9
0 1
0 6
1 2
2 3
2 4
3 5
4 5
5 2
5 6
3 2
0 1
0 2
3 2
0 1
0 2
16 18
0 1
0 2
2 3
2 7
3 4
3 5
4 6
5 6
6 11
7 8
7 9
8 10
9 10
10 11
11 12
11 15
12 13
12 14
16 18
0 1
0 2
2 3
2 7
3 4
3 5
4 6
5 6
6 11
7 8
7 9
8 10
9 10
10 11
11 12
11 15
12 13
12 14
3 2
0 1
0 2
3 2
0 1
0 2
4 3
0 1
0 2
2 3
4 3
0 1
0 2
2 3
1 0
1 0
3 2
0 1
0 2
5 4
0 1
0 2
2 3
2 4
5 4
0 1
0 2
2 3
2 4
7 9
0 1
0 2
1 3
2 3
3 4
3 5
4 6
4 5
5 6
6 7
0 1
1 2
2 3
2 4
3 5
3 4
4 5
21 26
0 1
1 2
1 3
3 4
3 17
4 5
4 15
5 6
5 13
6 7
6 11
7 8
7 9
8 10
9 10
10 12
11 12
12 14
13 14
14 16
15 16
16 18
17 18
18 19
18 20
20 1
21 27
0 2
0 1
1 3
3 4
3 17
4 5
4 15
5 6
5 13
6 7
6 11
7 8
7 9
8 10
9 10
10 12
11 12
12 14
13 14
14 16
15 16
16 18
17 18
18 19
18 20
20 2
20 3
14 16
0 1
0 2
2 3
2 10
3 4
3 5
4 6
5 6
6 7
6 8
7 9
8 9
9 11
10 11
11 12
11 13
14 16
0 1
0 2
2 3
2 10
3 4
3 5
4 6
5 6
6 7
6 8
7 9
8 9
9 11
10 11
11 12
11 13
5 4
0 1
0 2
2 3
2 4
5 4
0 1
0 2
2 3
2 4
16 20
0 1
1 2
1 3
3 4
4 5
4 6
5 9
6 7
6 8
7 9
8 9
9 10
9 11
10 12
11 12
12 13
12 14
13 15
14 15
15 1
15 18
0 1
1 2
1 3
3 4
4 5
4 6
5 9
6 7
6 8
7 9
8 10
9 11
10 11
11 12
11 13
12 14
13 14
14 1
13 16
0 1
1 2
1 3
3 4
3 8
4 5
4 6
5 7
6 7
7 9
8 9
9 10
9 11
10 12
11 12
12 1
13 16
0 1
1 2
1 3
3 4
3 8
4 5
4 6
5 7
6 7
7 9
8 9
9 10
9 11
10 12
11 12
12 1
13 16
0 1
1 2
1 3
3 4
3 8
4 5
4 6
5 7
6 7
7 9
8 9
9 10
9 11
10 12
11 12
12 1
13 16
0 1
1 2
1 3
3 4
3 8
4 5
4 6
5 7
6 7
7 9
8 9
9 10
9 11
10 12
11 12
12 1
19 22
0 1
0 2
2 3
2 4
4 5
4 6
5 16
6 7
6 8
7 15
8 9
8 10
9 14
10 11
10 12
11 13
12 13
13 14
14 15
15 16
16 17
16 18
19 22
0 1
0 2
2 3
2 4
4 5
4 6
5 16
6 7
6 8
7 15
8 9
8 10
9 14
10 11
10 12
11 13
12 13
13 14
14 15
15 16
16 17
16 18
15 18
0 1
1 2
1 3
3 4
3 5
4 12
5 6
5 7
6 11
7 8
7 9
8 10
9 10
10 11
11 12
12 13
12 14
13 1
15 18
0 1
1 2
1 3
3 4
3 5
4 12
5 6
5 7
6 11
7 8
7 9
8 10
9 10
10 11
11 12
12 13
12 14
13 1
12 17
0 1
1 2
1 3
2 4
2 3
3 4
4 5
4 6
5 7
5 6
6 7
7 8
7 9
8 10
8 9
9 10
10 11
9 8
0 1
1 2
2 3
3 4
4 5
5 6
6 7
7 8
3 3
0 1
0 2
2 0
3 3
0 1
0 2
2 0
4 5
0 1
0 2
1 3
1 2
2 3
4 5
0 1
0 2
1 3
1 2
2 3
3 2
0 1
0 2
1 0
4 5
0 1
0 3
1 2
2 1
2 3
5 6
0 1
0 4
1 2
2 3
3 2
3 4
1 0
1 0
13 16
0 1
1 2
1 12
2 3
3 4
3 8
4 5
4 6
5 7
6 7
7 9
8 9
9 10
9 11
10 3
11 1
13 17
0 1
0 12
1 2
2 3
3 4
3 8
4 5
4 6
5 7
6 7
7 9
8 9
9 10
9 11
10 3
11 2
11 12
13 12
0 1
0 2
2 3
2 4
4 5
4 6
6 7
6 8
8 9
8 10
10 11
10 12
13 12
0 1
0 2
2 3
2 4
4 5
4 6
6 7
6 8
8 9
8 10
10 11
10 12
16 20
0 1
1 2
1 15
2 3
2 10
3 4
3 8
4 5
4 6
5 7
6 7
7 9
8 9
9 11
10 11
11 12
11 13
12 14
13 14
14 1
16 20
0 1
1 2
1 15
2 3
2 10
3 4
3 8
4 5
4 6
5 7
6 7
7 9
8 9
9 11
10 11
11 12
11 13
12 14
13 14
14 1
126 176
0 1
0 2
2 3
2 4
3 5
3 4
4 5
5 6
5 7
6 8
6 7
7 8
8 9
8 10
9 11
9 10
10 11
11 12
11 13
12 14
12 13
13 14
14 15
14 16
15 17
15 16
16 17
17 18
17 19
18 20
19 20
20 21
20 22
21 23
21 22
22 23
23 24
23 25
24 26
25 26
26 27
26 28
27 29
27 28
28 29
29 30
29 31
30 32
31 32
32 33
32 34
33 35
33 34
34 35
35 36
35 37
36 38
36 37
37 38
38 39
39 40
39 125
40 41
40 42
41 46
42 43
42 44
43 45
44 45
45 46
46 47
46 48
47 123
48 49
49 50
49 119
50 51
51 52
51 56
52 53
52 54
53 55
54 55
55 57
56 57
57 58
57 59
58 51
59 60
60 61
60 65
61 62
61 63
62 64
63 64
64 66
65 66
66 67
66 89
67 68
67 72
68 69
68 70
69 71
70 71
71 73
72 73
73 74
73 75
74 76
75 76
76 77
76 78
77 82
78 79
78 80
79 81
80 81
81 82
82 83
82 84
83 88
84 85
84 86
85 87
86 87
87 88
88 60
89 90
89 94
90 91
90 92
91 93
92 93
93 95
94 95
95 96
96 97
96 98
97 109
98 99
98 100
99 109
100 101
100 102
101 109
102 103
102 104
103 109
104 105
104 106
105 109
106 107
106 108
107 109
108 109
109 110
109 111
110 112
111 112
112 113
113 114
113 118
114 115
114 116
115 117
116 117
117 113
118 49
119 120
120 121
120 122
121 120
122 123
123 124
124 39
126 176
0 1
0 2
2 3
2 4
3 5
3 4
4 5
5 6
5 7
6 8
6 7
7 8
8 9
8 10
9 11
9 10
10 11
11 12
11 13
12 14
12 13
13 14
14 15
14 16
15 17
15 16
16 17
17 18
17 19
18 20
19 20
20 21
20 22
21 23
21 22
22 23
23 24
23 25
24 26
25 26
26 27
26 28
27 29
27 28
28 29
29 30
29 31
30 32
31 32
32 33
32 34
33 35
33 34
34 35
35 36
35 37
36 38
36 37
37 38
38 39
39 40
39 125
40 41
40 42
41 46
42 43
42 44
43 45
44 45
45 46
46 47
46 48
47 123
48 49
49 50
49 119
50 51
51 52
51 56
52 53
52 54
53 55
54 55
55 57
56 57
57 58
57 59
58 51
59 60
60 61
60 65
61 62
61 63
62 64
63 64
64 66
65 66
66 67
66 89
67 68
67 72
68 69
68 70
69 71
70 71
71 73
72 73
73 74
73 75
74 76
75 76
76 77
76 78
77 82
78 79
78 80
79 81
80 81
81 82
82 83
82 84
83 88
84 85
84 86
85 87
86 87
87 88
88 60
89 90
89 94
90 91
90 92
91 93
92 93
93 95
94 95
95 96
96 97
96 98
97 109
98 99
98 100
99 109
100 101
100 102
101 109
102 103
102 104
103 109
104 105
104 106
105 109
106 107
106 108
107 109
108 109
109 110
109 111
110 112
111 112
112 113
113 114
113 118
114 115
114 116
115 117
116 117
117 113
118 49
119 120
120 121
120 122
121 120
122 123
123 124
124 39
59 72
0 1
0 16
1 2
1 12
2 3
2 10
3 4
3 8
4 5
4 6
5 7
6 7
7 9
8 9
9 11
10 11
11 13
12 13
13 14
13 15
16 17
16 32
17 18
17 28
18 19
18 26
19 20
19 24
20 21
20 22
21 23
22 23
23 25
24 25
25 27
26 27
27 29
28 29
29 30
29 31
32 33
32 48
33 34
33 44
34 35
34 42
35 36
35 40
36 37
36 38
37 39
38 39
39 41
40 41
41 43
42 43
43 45
44 45
45 46
45 47
48 49
48 58
49 50
49 54
50 51
50 52
51 53
52 53
53 55
54 55
55 56
55 57
59 72
0 1
0 16
1 2
1 12
2 3
2 10
3 4
3 8
4 5
4 6
5 7
6 7
7 9
8 9
9 11
10 11
11 13
12 13
13 14
13 15
16 17
16 32
17 18
17 28
18 19
18 26
19 20
19 24
20 21
20 22
21 23
22 23
23 25
24 25
25 27
26 27
27 29
28 29
29 30
29 31
32 33
32 48
33 34
33 44
34 35
34 42
35 36
35 40
36 37
36 38
37 39
38 39
39 41
40 41
41 43
42 43
43 45
44 45
45 46
45 47
48 49
48 58
49 50
49 54
50 51
50 52
51 53
52 53
53 55
54 55
55 56
55 57
3 4
0 1
0 2
1 1
1 2
4 5
0 1
0 3
1 2
2 2
2 3
9 10
0 1
0 2
2 3
2 5
3 4
5 6
5 8
6 7
7 6
7 8
10 11
0 1
0 2
2 3
2 5
3 4
5 6
5 9
6 7
7 8
8 7
8 9
26 43
0 1
0 2
1 3
1 2
2 3
3 4
3 5
4 6
4 5
5 6
6 7
6 8
7 9
7 8
8 9
9 10
9 11
10 12
10 11
11 12
12 13
12 14
13 13
13 14
14 15
14 16
15 17
15 16
16 17
17 18
17 19
18 18
18 19
19 20
19 21
20 22
20 21
21 22
22 23
22 24
23 25
23 24
24 25
28 45
0 1
0 2
1 3
1 2
2 3
3 4
3 5
4 6
4 5
5 6
6 7
6 8
7 9
7 8
8 9
9 10
9 11
10 12
10 11
11 12
12 13
12 15
13 14
14 14
14 15
15 16
15 17
16 18
16 17
17 18
18 19
18 21
19 20
20 20
20 21
21 22
21 23
22 24
22 23
23 24
24 25
24 26
25 27
25 26
26 27
5 4
0 1
0 4
1 2
1 3
5 4
0 1
0 4
1 2
1 3
13 12
0 1
0 12
1 2
1 11
2 3
2 10
3 4
3 9
4 5
4 8
5 6
5 7
13 12
0 1
0 12
1 2
1 11
2 3
2 10
3 4
3 9
4 5
4 8
5 6
5 7
5 4
0 1
0 2
2 3
2 4
5 4
0 1
0 2
2 3
2 4
7 6
0 1
0 6
1 2
1 5
2 3
2 4
7 6
0 1
0 6
1 2
1 5
2 3
2 4
11 12
0 1
0 2
2 3
2 7
3 4
3 5
4 6
5 6
6 8
7 8
8 9
8 10
11 12
0 1
0 2
2 3
2 7
3 4
3 5
4 6
5 6
6 8
7 8
8 9
8 10
11 12
0 1
0 2
2 3
2 7
3 4
3 5
4 6
5 6
6 8
7 8
8 9
8 10
11 12
0 1
0 2
2 3
2 7
3 4
3 5
4 6
5 6
6 8
7 8
8 9
8 10
9 10
0 1
0 2
1 6
2 3
2 4
3 5
4 5
5 6
6 7
6 8
9 10
0 1
0 2
1 6
2 3
2 4
3 5
4 5
5 6
6 7
6 8
5 4
0 1
0 2
2 3
2 4
5 4
0 1
0 2
2 3
2 4
3 2
0 1
0 2
3 2
0 1
0 2
3 2
0 1
0 2
3 2
0 1
0 2
13 16
0 1
1 2
1 12
2 3
3 4
3 11
4 5
4 9
5 6
5 7
6 8
7 8
8 10
9 10
10 3
11 1
13 17
0 1
1 2
1 12
2 3
2 11
3 4
4 5
4 9
5 6
5 7
6 8
7 8
8 10
9 10
10 4
10 11
11 1
50 65
0 1
1 2
1 3
2 4
3 4
4 5
4 49
5 6
6 7
6 46
7 8
8 9
8 45
9 10
9 43
10 11
10 29
11 12
12 13
12 24
13 14
13 23
14 15
14 22
15 16
15 21
16 17
16 20
17 18
17 19
18 25
19 25
20 25
21 25
22 25
23 25
24 25
25 26
25 27
26 28
27 28
28 30
29 30
30 31
30 41
31 32
31 39
32 33
33 34
33 35
34 38
35 36
35 37
36 38
37 38
38 40
39 40
40 42
41 42
42 44
43 44
44 8
45 6
46 47
46 48
50 65
0 1
1 2
1 3
2 4
3 4
4 5
4 49
5 6
6 7
6 46
7 8
8 9
8 45
9 10
9 43
10 11
10 29
11 12
12 13
12 24
13 14
13 23
14 15
14 22
15 16
15 21
16 17
16 20
17 18
17 19
18 25
19 25
20 25
21 25
22 25
23 25
24 25
25 26
25 27
26 28
27 28
28 30
29 30
30 31
30 41
31 32
31 39
32 33
33 34
33 35
34 38
35 36
35 37
36 38
37 38
38 40
39 40
40 42
41 42
42 44
43 44
44 8
45 6
46 47
46 48
3 2
0 1
0 2
3 2
0 1
0 2
1 0
1 0
5 4
0 1
0 2
2 3
2 4
5 4
0 1
0 2
2 3
2 4
5 6
0 1
0 4
1 2
2 3
3 1
3 4
5 6
0 1
0 4
1 2
2 3
3 1
3 4
5 4
0 1
0 2
2 3
2 4
5 4
0 1
0 2
2 3
2 4
6 7
0 1
0 2
2 3
2 4
3 5
3 4
4 5
5 4
0 1
0 2
2 3
3 4
3 2
0 1
0 2
3 2
0 1
0 2
5 4
0 1
0 4
1 2
1 3
5 4
0 1
0 4
1 2
1 3
3 2
0 1
0 2
3 2
0 1
0 2
7 6
0 1
0 6
1 2
1 3
3 4
3 5
7 6
0 1
0 6
1 2
1 3
3 4
3 5
1 0
1 0
1 0
1 0
1 0
1 0
1 0
1 0
1 0
1 0
1 0
1 0
1 0
1 0
1 0
1 0
1 0
1 0
1 0
1 0
1 0
1 0
1 0
1 0
23 27
0 1
0 22
1 2
1 21
2 3
2 17
3 4
3 11
4 5
4 9
5 6
5 7
6 8
7 8
8 10
9 10
10 12
11 12
12 13
13 14
13 15
14 16
15 16
16 18
17 18
18 19
18 20
23 27
0 1
0 22
1 2
1 21
2 3
2 17
3 4
3 11
4 5
4 9
5 6
5 7
6 8
7 8
8 10
9 10
10 12
11 12
12 13
13 14
13 15
14 16
15 16
16 18
17 18
18 19
18 20
1 0
1 0
52 54
0 1
0 51
1 2
1 50
2 3
2 49
3 4
3 48
4 5
4 47
5 6
5 46
6 7
6 45
7 8
7 44
8 9
8 43
9 10
9 42
10 11
10 41
11 12
11 40
12 13
12 39
13 14
13 38
14 15
14 37
15 16
15 36
16 17
16 35
17 18
17 34
18 19
18 20
19 21
20 21
21 22
21 33
22 23
22 24
23 25
24 25
25 26
25 32
26 27
26 28
27 29
28 29
29 30
29 31
49 48
0 1
0 48
1 2
1 47
2 3
2 46
3 4
3 45
4 5
4 44
5 6
5 43
6 7
6 42
7 8
7 41
8 9
8 40
9 10
9 39
10 11
10 38
11 12
11 37
12 13
12 36
13 14
13 35
14 15
14 34
15 16
15 33
16 17
16 32
17 18
17 31
18 19
18 20
19 21
20 30
21 22
21 23
22 24
23 29
24 25
24 26
25 27
26 28
7 6
0 1
0 6
1 2
1 5
2 3
2 4
7 6
0 1
0 6
1 2
1 5
2 3
2 4
16 21
0 1
0 2
1 3
1 2
2 3
3 4
3 15
4 5
4 6
5 7
5 6
6 7
7 8
7 14
8 9
8 10
9 11
9 10
10 11
11 12
11 13
13 12
0 1
1 2
2 3
2 12
3 4
4 5
5 6
5 11
6 7
7 8
8 9
8 10
17 16
0 1
0 16
1 2
1 15
2 3
2 14
3 4
3 13
4 5
4 12
5 6
5 11
6 7
6 10
7 8
7 9
17 16
0 1
0 16
1 2
1 15
2 3
2 14
3 4
3 13
4 5
4 12
5 6
5 11
6 7
6 10
7 8
7 9
24 33
0 1
0 2
1 3
1 2
2 3
3 4
3 5
4 6
4 5
5 6
6 7
6 8
7 9
7 8
8 9
9 10
9 11
10 12
10 11
11 12
12 13
12 14
13 15
13 14
14 15
15 16
15 23
16 17
16 22
17 18
17 21
18 19
18 20
19 18
0 1
1 2
2 3
3 4
4 5
5 6
6 7
7 8
8 9
9 10
10 11
10 18
11 12
11 17
12 13
12 16
13 14
13 15
14 19
0 1
0 2
1 3
1 2
2 3
3 4
3 5
4 6
4 5
5 6
6 7
6 8
7 9
7 8
8 9
9 10
9 13
10 11
10 12
11 10
0 1
1 2
2 3
3 4
4 5
5 6
6 7
6 10
7 8
7 9
1 0
1 0
1 0
1 0
1 0
1 0
1 0
1 0
1 0
1 0
1 0
1 0
1 0
1 0
1 0
1 0
1 0
1 0
1 0
1 0
1 0
1 0
1 0
1 0
1 0
1 0
6 9
0 1
0 2
1 3
1 2
2 3
3 4
3 5
4 4
4 5
5 5
0 1
1 2
2 3
3 3
3 4
1 0
1 0
1 0
1 0
1 0
1 0
1 0
1 0
1 0
1 0
1 0
1 0
1 0
1 0
1 0
1 0
7 8
0 1
0 2
1 3
2 3
3 4
3 5
4 6
5 6
7 8
0 1
0 2
1 3
2 3
3 4
3 5
4 6
5 6
9 8
0 1
0 8
1 2
1 7
2 3
2 6
3 4
3 5
9 8
0 1
0 8
1 2
1 7
2 3
2 6
3 4
3 5
1 0
1 0
1 0
1 0
1 0
1 0
1 0
1 0
24 25
0 1
0 2
1 3
1 2
2 3
3 4
3 23
4 5
4 22
5 6
5 21
6 7
6 20
7 8
7 19
8 9
8 18
9 10
9 17
10 11
10 16
11 12
11 15
12 13
12 14
23 22
0 1
1 2
2 3
2 22
3 4
3 21
4 5
4 20
5 6
5 19
6 7
6 18
7 8
7 17
8 9
8 16
9 10
9 15
10 11
10 14
11 12
11 13
1 0
1 0
1 0
1 0
1 0
1 0
1 0
1 0
1 0
1 0
1 0
1 0
1 0
1 0
1 0
1 0
1 0
1 0
1 0
1 0
1 0
1 0
3 2
0 1
0 2
3 2
0 1
0 2
3 2
0 1
0 2
3 2
0 1
0 2
1 0
1 0
7 6
0 1
0 6
1 2
1 5
2 3
2 4
7 6
0 1
0 6
1 2
1 5
2 3
2 4
7 6
0 1
0 6
1 2
1 5
2 3
2 4
7 6
0 1
0 6
1 2
1 5
2 3
2 4
11 10
0 1
0 10
1 2
1 9
2 3
2 8
3 4
3 7
4 5
4 6
11 10
0 1
0 10
1 2
1 9
2 3
2 8
3 4
3 7
4 5
4 6
15 14
0 1
0 14
1 2
1 13
2 3
2 12
3 4
3 11
4 5
4 10
5 6
5 9
6 7
6 8
15 14
0 1
0 14
1 2
1 13
2 3
2 12
3 4
3 11
4 5
4 10
5 6
5 9
6 7
6 8
9 8
0 1
0 8
1 2
1 7
2 3
2 6
3 4
3 5
9 8
0 1
0 8
1 2
1 7
2 3
2 6
3 4
3 5
7 6
0 1
0 6
1 2
1 5
2 3
2 4
7 6
0 1
0 6
1 2
1 5
2 3
2 4
5 4
0 1
0 4
1 2
1 3
5 4
0 1
0 4
1 2
1 3
5 4
0 1
0 4
1 2
1 3
5 4
0 1
0 4
1 2
1 3
11 10
0 1
0 10
1 2
1 9
2 3
2 8
3 4
3 7
4 5
4 6
11 10
0 1
0 10
1 2
1 9
2 3
2 8
3 4
3 7
4 5
4 6
11 10
0 1
0 10
1 2
1 9
2 3
2 8
3 4
3 7
4 5
4 6
11 10
0 1
0 10
1 2
1 9
2 3
2 8
3 4
3 7
4 5
4 6
7 6
0 1
0 6
1 2
1 5
2 3
2 4
7 6
0 1
0 6
1 2
1 5
2 3
2 4
43 54
0 1
0 14
1 2
1 12
2 3
2 10
3 4
3 8
4 5
4 6
5 7
6 7
7 9
8 9
9 11
10 11
11 13
12 13
13 15
14 15
15 16
15 26
16 17
16 24
17 18
17 22
18 19
18 20
19 21
20 21
21 23
22 23
23 25
24 25
25 27
26 27
27 28
27 35
28 29
28 33
29 30
29 31
30 32
31 32
32 34
33 34
34 36
35 36
36 37
36 42
37 38
37 41
38 39
38 40
43 54
0 1
0 14
1 2
1 12
2 3
2 10
3 4
3 8
4 5
4 6
5 7
6 7
7 9
8 9
9 11
10 11
11 13
12 13
13 15
14 15
15 16
15 26
16 17
16 24
17 18
17 22
18 19
18 20
19 21
20 21
21 23
22 23
23 25
24 25
25 27
26 27
27 28
27 35
28 29
28 33
29 30
29 31
30 32
31 32
32 34
33 34
34 36
35 36
36 37
36 42
37 38
37 41
38 39
38 40
13 12
0 1
0 12
1 2
1 11
2 3
2 10
3 4
3 9
4 5
4 8
5 6
5 7
13 12
0 1
0 12
1 2
1 11
2 3
2 10
3 4
3 9
4 5
4 8
5 6
5 7
7 6
0 1
0 6
1 2
1 5
2 3
2 4
7 6
0 1
0 6
1 2
1 5
2 3
2 4
11 10
0 1
0 10
1 2
1 9
2 3
2 8
3 4
3 7
4 5
4 6
11 10
0 1
0 10
1 2
1 9
2 3
2 8
3 4
3 7
4 5
4 6
11 10
0 1
0 10
1 2
1 9
2 3
2 8
3 4
3 7
4 5
4 6
11 10
0 1
0 10
1 2
1 9
2 3
2 8
3 4
3 7
4 5
4 6
11 10
0 1
0 10
1 2
1 9
2 3
2 8
3 4
3 7
4 5
4 6
11 10
0 1
0 10
1 2
1 9
2 3
2 8
3 4
3 7
4 5
4 6
1 0
1 0
1 0
1 0
7 6
0 1
0 6
1 2
1 5
2 3
2 4
7 6
0 1
0 6
1 2
1 5
2 3
2 4
1 0
1 0
1 0
1 0
11 10
0 1
0 10
1 2
1 9
2 3
2 8
3 4
3 7
4 5
4 6
11 10
0 1
0 10
1 2
1 9
2 3
2 8
3 4
3 7
4 5
4 6
5 4
0 1
0 4
1 2
1 3
5 4
0 1
0 4
1 2
1 3
9 8
0 1
0 8
1 2
1 7
2 3
2 6
3 4
3 5
9 8
0 1
0 8
1 2
1 7
2 3
2 6
3 4
3 5
5 4
0 1
0 4
1 2
1 3
5 4
0 1
0 4
1 2
1 3
5 4
0 1
0 4
1 2
1 3
5 4
0 1
0 4
1 2
1 3
148 186
0 1
0 2
1 3
2 3
3 4
3 5
4 6
5 6
6 7
6 8
7 9
8 9
9 10
9 11
10 12
11 12
12 13
12 14
13 15
14 15
15 16
15 17
16 18
17 18
18 19
18 26
19 20
19 21
20 22
21 22
22 23
22 24
23 25
24 25
25 27
26 27
27 28
27 39
28 29
28 36
29 30
29 34
30 31
30 32
31 33
32 33
33 35
34 35
35 37
36 37
37 38
38 40
39 40
40 41
40 42
41 43
42 43
43 44
43 55
44 45
44 52
45 46
45 50
46 47
46 48
47 49
48 49
49 51
50 51
51 53
52 53
53 54
54 56
55 56
56 57
56 61
57 58
57 59
58 60
59 60
60 62
61 62
62 63
62 67
63 64
63 65
64 66
65 66
66 68
67 68
68 69
68 73
69 70
69 71
70 72
71 72
72 74
73 74
74 75
74 118
75 76
75 116
76 77
76 114
77 78
77 112
78 79
78 110
79 80
79 108
80 81
80 106
81 82
81 104
82 83
82 102
83 84
83 100
84 85
84 98
85 86
85 96
86 87
86 94
87 88
87 92
88 89
88 90
89 91
90 91
91 93
92 93
93 95
94 95
95 97
96 97
97 99
98 99
99 101
100 101
101 103
102 103
103 105
104 105
105 107
106 107
107 109
108 109
109 111
110 111
111 113
112 113
113 115
114 115
115 117
116 117
117 119
118 119
119 120
119 147
120 121
120 146
121 122
121 145
122 123
122 144
123 124
123 143
124 125
124 142
125 126
125 141
126 127
126 140
127 128
127 139
128 129
128 138
129 130
129 137
130 131
130 136
131 132
131 135
132 133
132 134
148 186
0 1
0 2
1 3
2 3
3 4
3 5
4 6
5 6
6 7
6 8
7 9
8 9
9 10
9 11
10 12
11 12
12 13
12 14
13 15
14 15
15 16
15 17
16 18
17 18
18 19
18 26
19 20
19 21
20 22
21 22
22 23
22 24
23 25
24 25
25 27
26 27
27 28
27 39
28 29
28 36
29 30
29 34
30 31
30 32
31 33
32 33
33 35
34 35
35 37
36 37
37 38
38 40
39 40
40 41
40 42
41 43
42 43
43 44
43 55
44 45
44 52
45 46
45 50
46 47
46 48
47 49
48 49
49 51
50 51
51 53
52 53
53 54
54 56
55 56
56 57
56 61
57 58
57 59
58 60
59 60
60 62
61 62
62 63
62 67
63 64
63 65
64 66
65 66
66 68
67 68
68 69
68 73
69 70
69 71
70 72
71 72
72 74
73 74
74 75
74 118
75 76
75 116
76 77
76 114
77 78
77 112
78 79
78 110
79 80
79 108
80 81
80 106
81 82
81 104
82 83
82 102
83 84
83 100
84 85
84 98
85 86
85 96
86 87
86 94
87 88
87 92
88 89
88 90
89 91
90 91
91 93
92 93
93 95
94 95
95 97
96 97
97 99
98 99
99 101
100 101
101 103
102 103
103 105
104 105
105 107
106 107
107 109
108 109
109 111
110 111
111 113
112 113
113 115
114 115
115 117
116 117
117 119
118 119
119 120
119 147
120 121
120 146
121 122
121 145
122 123
122 144
123 124
123 143
124 125
124 142
125 126
125 141
126 127
126 140
127 128
127 139
128 129
128 138
129 130
129 137
130 131
130 136
131 132
131 135
132 133
132 134
23 32
0 1
0 2
1 3
1 2
2 3
3 4
3 5
4 6
4 5
5 6
6 7
6 8
7 9
7 8
8 9
9 10
9 14
10 11
10 12
11 13
11 12
12 13
13 10
13 14
14 15
14 22
15 16
15 21
16 17
16 20
17 18
17 19
19 19
0 1
1 2
2 3
3 4
4 5
5 6
6 7
7 8
8 9
9 7
9 10
10 11
10 18
11 12
11 17
12 13
12 16
13 14
13 15
59 73
0 1
0 2
1 3
1 2
2 3
3 4
3 5
4 6
4 5
5 6
6 7
6 8
7 9
7 8
8 9
9 10
10 11
10 15
11 12
11 13
12 14
12 13
13 14
14 10
15 16
15 17
16 18
16 17
17 18
18 19
18 20
19 21
20 21
21 22
21 23
22 24
23 24
24 25
24 26
25 27
26 27
27 28
27 29
28 30
29 30
30 31
30 58
31 32
31 57
32 33
32 56
33 34
33 55
34 35
34 54
35 36
35 53
36 37
36 52
37 38
37 51
38 39
38 50
39 40
39 49
40 41
40 48
41 42
41 47
42 43
42 46
43 44
43 45
54 59
0 1
1 2
2 3
3 4
4 5
5 6
6 7
6 11
7 8
8 9
9 10
10 8
10 11
11 12
12 13
13 14
13 15
14 16
15 16
16 17
16 18
17 19
18 19
19 20
19 21
20 22
21 22
22 23
22 24
23 25
24 25
25 26
25 53
26 27
26 52
27 28
27 51
28 29
28 50
29 30
29 49
30 31
30 48
31 32
31 47
32 33
32 46
33 34
33 45
34 35
34 44
35 36
35 43
36 37
36 42
37 38
37 41
38 39
38 40
9 14
0 1
0 2
1 3
1 2
2 3
3 4
3 5
4 6
4 5
5 6
6 7
6 8
7 7
7 8
10 15
0 1
0 2
1 3
1 2
2 3
3 4
3 5
4 6
4 5
5 6
6 7
6 9
7 8
8 8
8 9
1 0
1 0
1 0
1 0
15 24
0 1
0 2
1 3
1 2
2 3
3 4
3 5
4 6
4 5
5 6
6 7
6 8
7 9
7 8
8 9
9 10
9 14
10 11
10 12
11 13
11 12
12 13
13 10
13 14
11 11
0 1
1 2
2 3
3 4
4 5
5 6
6 7
7 8
8 9
9 7
9 10
8 9
0 1
0 2
1 3
1 2
2 3
3 4
3 7
4 5
4 6
7 6
0 1
1 2
2 3
2 6
3 4
3 5
6 7
0 1
0 2
1 3
1 2
2 3
3 4
3 5
5 4
0 1
1 2
2 3
2 4
4 5
0 1
0 2
1 3
1 2
2 3
3 2
0 1
1 2
6 7
0 1
0 2
1 3
1 2
2 3
3 4
3 5
5 4
0 1
1 2
2 3
2 4
15 17
0 1
0 14
1 2
1 9
2 3
2 7
3 4
3 5
4 6
5 6
6 8
7 8
8 10
9 10
10 11
11 12
11 13
15 17
0 1
0 14
1 2
1 9
2 3
2 7
3 4
3 5
4 6
5 6
6 8
7 8
8 10
9 10
10 11
11 12
11 13
43 58
0 1
0 2
1 3
1 2
2 3
3 4
3 5
4 6
4 5
5 6
6 7
6 8
7 9
7 8
8 9
9 10
10 11
10 15
11 12
11 13
12 14
12 13
13 14
14 10
15 16
15 17
16 18
16 17
17 18
18 19
18 42
19 20
19 41
20 21
20 40
21 22
22 23
22 36
23 24
23 31
24 25
24 29
25 26
25 27
26 28
27 28
28 30
29 30
30 32
31 32
32 33
33 34
33 35
34 37
35 37
36 37
37 38
37 39
37 42
0 1
1 2
2 3
3 4
4 5
5 6
6 7
6 11
7 8
8 9
9 10
10 8
10 11
11 12
12 13
13 14
13 36
14 15
14 35
15 16
15 34
16 17
17 18
17 31
18 19
18 26
19 20
19 24
20 21
20 22
21 23
22 23
23 25
24 25
25 27
26 27
27 28
28 29
28 30
29 32
30 33
31 33
1 0
1 0
1 0
1 0
1 0
1 0
1 0
1 0
13 12
0 1
0 12
1 2
1 11
2 3
2 10
3 4
3 9
4 5
4 8
5 6
5 7
13 12
0 1
0 12
1 2
1 11
2 3
2 10
3 4
3 9
4 5
4 8
5 6
5 7
35 34
0 1
0 34
1 2
1 33
2 3
2 32
3 4
3 31
4 5
4 30
5 6
5 29
6 7
6 28
7 8
7 27
8 9
8 26
9 10
9 25
10 11
10 24
11 12
11 23
12 13
12 22
13 14
13 21
14 15
14 20
15 16
15 19
16 17
16 18
35 34
0 1
0 34
1 2
1 33
2 3
2 32
3 4
3 31
4 5
4 30
5 6
5 29
6 7
6 28
7 8
7 27
8 9
8 26
9 10
9 25
10 11
10 24
11 12
11 23
12 13
12 22
13 14
13 21
14 15
14 20
15 16
15 19
16 17
16 18
39 48
0 1
0 11
1 2
1 9
2 3
2 7
3 4
3 5
4 6
5 6
6 8
7 8
8 10
9 10
10 12
11 12
12 13
12 20
13 14
13 18
14 15
14 16
15 17
16 17
17 19
18 19
19 21
20 21
21 22
21 29
22 23
22 27
23 24
23 25
24 26
25 26
26 28
27 28
28 30
29 30
30 31
30 38
31 32
31 37
32 33
32 36
33 34
33 35
39 48
0 1
0 11
1 2
1 9
2 3
2 7
3 4
3 5
4 6
5 6
6 8
7 8
8 10
9 10
10 12
11 12
12 13
12 20
13 14
13 18
14 15
14 16
15 17
16 17
17 19
18 19
19 21
20 21
21 22
21 29
22 23
22 27
23 24
23 25
24 26
25 26
26 28
27 28
28 30
29 30
30 31
30 38
31 32
31 37
32 33
32 36
33 34
33 35
3 2
0 1
0 2
3 2
0 1
0 2
86 88
0 1
0 85
1 2
1 84
2 3
2 83
3 4
3 82
4 5
4 81
5 6
5 80
6 7
6 79
7 8
7 78
8 9
8 77
9 10
9 76
10 11
10 75
11 12
11 74
12 13
12 73
13 14
13 72
14 15
14 71
15 16
15 70
16 17
16 69
17 18
17 68
18 19
18 67
19 20
19 66
20 21
20 65
21 22
21 64
22 23
22 63
23 24
23 62
24 25
24 61
25 26
25 60
26 27
26 59
27 28
27 58
28 29
28 57
29 30
29 56
30 31
30 38
31 32
31 36
32 33
32 34
33 35
34 35
35 37
36 37
37 39
38 39
39 40
39 55
40 41
40 54
41 42
41 53
42 43
42 52
43 44
43 51
44 45
44 50
45 46
45 49
46 47
46 48
86 88
0 1
0 85
1 2
1 84
2 3
2 83
3 4
3 82
4 5
4 81
5 6
5 80
6 7
6 79
7 8
7 78
8 9
8 77
9 10
9 76
10 11
10 75
11 12
11 74
12 13
12 73
13 14
13 72
14 15
14 71
15 16
15 70
16 17
16 69
17 18
17 68
18 19
18 67
19 20
19 66
20 21
20 65
21 22
21 64
22 23
22 63
23 24
23 62
24 25
24 61
25 26
25 60
26 27
26 59
27 28
27 58
28 29
28 57
29 30
29 56
30 31
30 38
31 32
31 36
32 33
32 34
33 35
34 35
35 37
36 37
37 39
38 39
39 40
39 55
40 41
40 54
41 42
41 53
42 43
42 52
43 44
43 51
44 45
44 50
45 46
45 49
46 47
46 48
84 108
0 1
0 47
1 2
1 45
2 3
2 43
3 4
3 41
4 5
4 39
5 6
5 37
6 7
6 35
7 8
7 33
8 9
8 31
9 10
9 29
10 11
10 27
11 12
11 25
12 13
12 23
13 14
13 21
14 15
14 19
15 16
15 17
16 18
17 18
18 20
19 20
20 22
21 22
22 24
23 24
24 26
25 26
26 28
27 28
28 30
29 30
30 32
31 32
32 34
33 34
34 36
35 36
36 38
37 38
38 40
39 40
40 42
41 42
42 44
43 44
44 46
45 46
46 48
47 48
48 49
48 53
49 50
49 51
50 52
51 52
52 54
53 54
54 55
54 62
55 56
55 60
56 57
56 58
57 59
58 59
59 61
60 61
61 63
62 63
63 64
63 74
64 65
64 72
65 66
65 70
66 67
66 68
67 69
68 69
69 71
70 71
71 73
72 73
73 75
74 75
75 76
75 83
76 77
76 82
77 78
77 81
78 79
78 80
84 108
0 1
0 47
1 2
1 45
2 3
2 43
3 4
3 41
4 5
4 39
5 6
5 37
6 7
6 35
7 8
7 33
8 9
8 31
9 10
9 29
10 11
10 27
11 12
11 25
12 13
12 23
13 14
13 21
14 15
14 19
15 16
15 17
16 18
17 18
18 20
19 20
20 22
21 22
22 24
23 24
24 26
25 26
26 28
27 28
28 30
29 30
30 32
31 32
32 34
33 34
34 36
35 36
36 38
37 38
38 40
39 40
40 42
41 42
42 44
43 44
44 46
45 46
46 48
47 48
48 49
48 53
49 50
49 51
50 52
51 52
52 54
53 54
54 55
54 62
55 56
55 60
56 57
56 58
57 59
58 59
59 61
60 61
61 63
62 63
63 64
63 74
64 65
64 72
65 66
65 70
66 67
66 68
67 69
68 69
69 71
70 71
71 73
72 73
73 75
74 75
75 76
75 83
76 77
76 82
77 78
77 81
78 79
78 80
22 31
0 1
0 2
1 3
2 3
3 4
3 5
4 6
5 6
6 7
6 8
7 9
7 8
8 9
9 10
9 11
10 12
10 11
11 12
12 13
12 14
13 15
13 14
14 15
15 16
15 17
16 18
17 18
18 19
18 20
19 21
20 21
19 22
0 1
0 2
1 3
2 3
3 4
3 5
4 6
5 6
6 7
7 8
8 9
9 10
10 11
11 12
12 13
12 14
13 15
14 15
15 16
15 17
16 18
17 18
11 10
0 1
0 10
1 2
1 9
2 3
2 8
3 4
3 7
4 5
4 6
11 10
0 1
0 10
1 2
1 9
2 3
2 8
3 4
3 7
4 5
4 6
23 34
0 1
0 2
1 3
1 2
2 3
3 4
3 5
4 6
4 5
5 6
6 7
6 8
7 9
7 8
8 9
9 10
9 11
10 12
10 11
11 12
12 13
12 14
13 15
13 14
14 15
15 16
15 17
16 18
16 17
17 18
18 19
18 22
19 20
19 21
17 16
0 1
1 2
2 3
3 4
4 5
5 6
6 7
7 8
8 9
9 10
10 11
11 12
12 13
12 16
13 14
13 15
10 15
0 1
0 2
1 3
1 2
2 3
3 4
3 5
4 6
4 5
5 6
6 7
6 8
7 9
7 8
8 9
7 6
0 1
1 2
2 3
3 4
4 5
5 6
3 2
0 1
0 2
3 2
0 1
0 2
1 0
1 0
1 0
1 0
1 0
1 0
1 0
1 0
3 2
0 1
0 2
3 2
0 1
0 2
3 2
0 1
0 2
3 2
0 1
0 2
1 0
1 0
1 0
1 0
1 0
1 0
15 14
0 1
0 14
1 2
1 13
2 3
2 12
3 4
3 11
4 5
4 10
5 6
5 9
6 7
6 8
15 14
0 1
0 14
1 2
1 13
2 3
2 12
3 4
3 11
4 5
4 10
5 6
5 9
6 7
6 8
11 10
0 1
0 10
1 2
1 9
2 3
2 8
3 4
3 7
4 5
4 6
11 10
0 1
0 10
1 2
1 9
2 3
2 8
3 4
3 7
4 5
4 6
9 8
0 1
0 8
1 2
1 7
2 3
2 6
3 4
3 5
9 8
0 1
0 8
1 2
1 7
2 3
2 6
3 4
3 5
9 8
0 1
0 8
1 2
1 7
2 3
2 6
3 4
3 5
9 8
0 1
0 8
1 2
1 7
2 3
2 6
3 4
3 5
1 0
1 0
11 10
0 1
0 10
1 2
1 9
2 3
2 8
3 4
3 7
4 5
4 6
11 10
0 1
0 10
1 2
1 9
2 3
2 8
3 4
3 7
4 5
4 6
16 17
0 1
0 2
1 3
1 2
2 3
3 4
3 15
4 5
4 14
5 6
5 13
6 7
6 12
7 8
7 11
8 9
8 10
15 14
0 1
1 2
2 3
2 14
3 4
3 13
4 5
4 12
5 6
5 11
6 7
6 10
7 8
7 9
13 12
0 1
0 12
1 2
1 11
2 3
2 10
3 4
3 9
4 5
4 8
5 6
5 7
13 12
0 1
0 12
1 2
1 11
2 3
2 10
3 4
3 9
4 5
4 8
5 6
5 7
9 8
0 1
0 8
1 2
1 7
2 3
2 6
3 4
3 5
9 8
0 1
0 8
1 2
1 7
2 3
2 6
3 4
3 5
1 0
3 2
0 1
0 2
3 2
0 1
0 2
1 0
1 0
1 0
1 0
19 26
0 1
1 2
1 17
2 3
2 16
3 4
3 15
4 5
4 14
5 6
5 13
6 7
6 12
7 8
7 11
8 9
8 10
9 18
10 18
11 18
12 18
13 18
14 18
15 18
16 18
17 18
19 26
0 1
1 2
1 17
2 3
2 16
3 4
3 15
4 5
4 14
5 6
5 13
6 7
6 12
7 8
7 11
8 9
8 10
9 18
10 18
11 18
12 18
13 18
14 18
15 18
16 18
17 18
21 28
0 1
1 2
2 3
2 18
3 4
3 17
4 5
4 16
5 6
5 15
6 7
6 14
7 8
7 13
8 9
8 12
9 10
9 11
10 19
11 19
12 19
13 19
14 19
15 19
16 19
17 19
18 19
19 20
21 28
0 1
1 2
2 3
2 18
3 4
3 17
4 5
4 16
5 6
5 15
6 7
6 14
7 8
7 13
8 9
8 12
9 10
9 11
10 19
11 19
12 19
13 19
14 19
15 19
16 19
17 19
18 19
19 20
5 4
0 1
0 2
2 3
2 4
10 12
0 1
1 2
1 9
2 3
3 4
3 5
4 8
5 6
5 7
6 8
7 8
8 1
10 13
0 1
0 9
1 2
2 3
3 4
3 5
4 8
5 6
5 7
6 8
7 8
8 2
8 9
5 4
0 1
0 2
2 3
2 4
1 0
1 0
71 70
0 1
0 2
2 3
2 4
4 5
4 6
6 7
6 8
8 9
8 10
10 11
10 12
12 13
12 14
14 15
14 16
16 17
16 18
18 19
18 20
20 21
20 22
22 23
22 24
24 25
24 26
26 27
26 28
28 29
28 30
30 31
30 32
32 33
32 34
34 35
34 36
36 37
36 38
38 39
38 40
40 41
40 42
42 43
42 44
44 45
44 46
46 47
46 48
48 49
48 50
50 51
50 52
52 53
52 54
54 55
54 56
56 57
56 58
58 59
58 60
60 61
60 62
62 63
62 64
64 65
64 66
66 67
66 68
68 69
68 70
37 36
0 36
0 1
0 2
0 3
0 4
0 5
0 6
0 7
0 8
0 9
0 10
0 11
0 12
0 13
0 14
0 15
0 16
0 17
0 18
0 19
0 20
0 21
0 22
0 23
0 24
0 25
0 26
0 27
0 28
0 29
0 30
0 31
0 32
0 33
0 34
0 35
23 22
0 1
0 2
2 3
2 4
4 5
4 6
6 7
6 8
8 9
8 10
10 11
10 12
12 13
12 14
14 15
14 16
16 17
16 18
18 19
18 20
20 21
20 22
13 12
0 12
0 1
0 2
0 3
0 4
0 5
0 6
0 7
0 8
0 9
0 10
0 11
