kind	identity	abi_version	trusted_data	untrusted_data	validation_before_effect	capability	result_or_commit	failure_status	implementation_binding	producer_or_caller	source_site	success_witness	malformed_witness
stage	image-container-parse	format-v2	file-length-after-read	raw-image-bytes	magic;header-size;section-range;alignment;record-width before section slicing	image-admission	validated-TlciImage-or-error	parse-error;no-map	tlci-parse-image	loader-call	src/tlci_core.tl:tlci-parse-image	tlci-core:parse-round-trip	tlci-core:parse-rejections
stage	metadata-identity	metadata-v2	parsed-metadata-shape	metadata bytes;producer identity	metadata grammar;producer identity syntax before code-bearing admission	compiler-identity	admitted-metadata-or-rejection	identity-mismatch;no-map	tlci-producer-identity-admit	loader-call	src/tlci_core.tl:tlci-producer-identity-admit	tlci-core:producer-identity-admission	tlci-core:producer-identity-rejections
stage	package-source-binding	aux-v1	current-source digest	aux directory and claimed digest	aux bounds;schema;digest equality before native route	package-identity	matching-source-digest-or-fallback	mismatch-or-malformed;no-native-route	tlci-package-source-binding-admit	dependency-loader	src/tlci_core.tl:tlci-package-source-binding-admit	tlci-core:package-source-binding-admission	tlci-core:aux-corruption-rejected
stage	host-platform-admission	format-v2	build host platform	image platform and code-bearing classification	known platform;metadata-only exception;exact build-host match before mapping	platform-admission	code-bearing-or-metadata-only classification	platform-mismatch;no-map	tlci-image-admit-host	loader-call	src/tlci_core.tl:tlci-image-admit-host	tlci-core:host-platform-admission	tlci-loader:platform-admission-rejections
stage	host-callback-table	callback-v2	compiler-owned callback catalog	callback table header;names;addresses;count	magic;version;size;reserved-zero;nonzero abort;array bounds;unique nonempty names;nonzero bindings	callback-admission	validated-host-table-or-error	ABI-error;no-map	tlci-validate-host-callback-table	loader-call	src/tlci_core.tl:tlci-validate-host-callback-table	tlci-core:host-abi-layout	tlci-core:host-abi-rejections
stage	entry-symbol-resolution	callback-v2	validated image sections	entry records and symbol bytes	entry record width;symbol range;code offset;exact unique tlci_image_entry before mapping	entry-resolution	validated-code-offset-or-error	missing-or-duplicate-entry;no-map	tlci-loader-find-entry-code-offset	loader-call	src/tlci_loader.tl:tlci-loader-find-entry-code-offset	tlci-loader:loads-and-fixes-up	tlci-loader:entry-rejections
stage	fixup-validation	format-v2	validated section extents	fixup records and target slots	record width;slot alignment;slot inside mapped sections before allocation	memory-relocation	validated-fixups-or-error	bad-fixup;no-map	tlci-loader-validate-fixups	loader-call	src/tlci_loader.tl:tlci-loader-validate-fixups	tlci-loader:loads-and-fixes-up	tlci-loader:fixup-rejections
stage	import-validation	callback-v2	validated section extents	import records;symbol ranges;GOT slots	record width;name range;slot alignment;slot in writable mapping before allocation	callback-import	validated-imports-or-error	bad-import;no-map	tlci-loader-validate-imports	loader-call	src/tlci_loader.tl:tlci-loader-validate-imports	tlci-loader:named-imports	tlci-loader:import-rejections
stage	page-reservation	platform	validated total mapped length	requested mapping length	positive page-rounded length;OS allocation result before copy	memory-map	writable-nonexecuting-region-or-error	allocation-error;no-execution	tlci-pages-allocate-rw	loader-call	src/tlci_pages.tl:tlci-pages-allocate-rw	tlci-pages:data-map-non-executable	tlci-pages:map-failure
stage	section-copy	format-v2	owned writable page region	validated section bytes	copy only while writable;source length <= destination region	memory-map	copied-writable-region-or-error	copy-error;release-region	tlci-pages-copy-from-array!	loader-call	src/tlci_pages.tl:tlci-pages-copy-from-array!	tlci-pages:code-map-rx	tlci-pages:copy-after-protect-rejected
stage	fixup-application	format-v2	validated fixup records	mapped slot contents	apply only after all fixups validate and while mapping writable	memory-relocation	rebased-slot-values	validation failure precedes mutation	tlci-loader-apply-fixups!	loader-call	src/tlci_loader.tl:tlci-loader-apply-fixups!	tlci-loader:loads-and-fixes-up	tlci-loader:fixup-rejections
stage	callback-import-binding	callback-v2	validated unique host catalog	image-requested callback names	resolve exact stable name to nonzero address;write GOT only while writable	callback-import	bound-GOT-slot	missing-name;release-region	tlci-loader-bind-imports!	loader-call	src/tlci_loader.tl:tlci-loader-bind-imports!	tlci-loader:named-imports	tlci-loader:missing-import
stage	rodata-protection	platform	validated mapped rodata range	OS protection transition	range-contained;page protection succeeds before invocation	memory-protection	read-only-data-region	protection-error;release-region	tlci-loader-protect-rodata	loader-call	src/tlci_loader.tl:tlci-loader-protect-rodata	tlci-pages:data-map-non-executable	tlci-pages:data-protection-failure
stage	code-protection	platform	validated mapped code range	OS protection transition	range-contained;RX transition succeeds;post-transition writes rejected before invocation	memory-protection	read-execute-code-region	protection-error;release-region	tlci-loader-protect-code	loader-call	src/tlci_loader.tl:tlci-loader-protect-code	tlci-pages:code-map-rx	tlci-pages:copy-after-protect-rejected
stage	instruction-cache-coherence	x86-64	fully written code mapping	new instruction bytes	architecture has coherent instruction/data caches;RX protection transition completes before first call	native-execution	instruction-stream-visible-after-RX-transition	protection-error;release-region	tlci-loader-protect-code	loader-call	src/tlci_loader.tl:tlci-loader-protect-code	tlci-loader:loads-and-fixes-up	tlci-loader:protection-rejections
stage	image-entry-invoke	callback-v2	validated RX entry address	native entry status and registration bytes	entry inside code;host table stable storage;registration storage zeroed before raw call	native-execution	status+registration-record	nonzero-status;release-region	tlci-loader-call-image-entry-raw	loader-call	src/tlci_loader.tl:tlci-loader-call-image-entry-raw	tlci-loader:registration-success	tlci-loader:registration-status-rejections
stage	registration-validation	callback-v2	loader-owned registration buffer	image-written registration fields	magic;version;size;reserved-zero;table/count coherence before commit	image-registration	validated-registration-or-error	ABI-error;release-region	tlci-validate-image-registration	loader-call	src/tlci_core.tl:tlci-validate-image-registration	tlci-loader:registration-success	tlci-loader:registration-rejections
stage	macro-entry-validation	callback-v2	validated mapped image range	image-owned entry table;names;function addresses	count/table coherence;alignment;every name range;every function in RX code;unique names before indexing	macro-catalog	owned-indexed-macro-catalog	malformed-entry;release-region	tlci-loader-validate-macro-entries	loader-call	src/tlci_loader.tl:tlci-loader-validate-macro-entries	tlci-loader:macro-entry-validation	tlci-loader:macro-entry-rejections
stage	macro-entry-invoke	callback-v2	resolved generation-bound macro handle	session cookie;operand table;fuel;native status	mapping generation;entry state;function address in code;result storage initialized before raw call	native-execution	dispatch-status+result-word	status-or-invalid-handle;no-result-commit	tlci-loader-dispatch-resolved-macro	compiler-ctfe-route	src/tlci_loader.tl:tlci-loader-dispatch-resolved-macro	verify-embedded-stdlib-tlci:native-dispatch	comptime-host-smoke:foreign-and-invalid-handles
stage	result-commit	callback-v2	active compiler session and typed value stack	commit request and stack top	session cookie;first-failure latch;nonempty stack;not previously committed before result-slot write	result-commit	single compiler-owned result value	bad-request-or-latched-status;no-partial-result	compiler-comptime-host-callback-commit-result	native-image	src/compiler_embedded_stdlib_tlci.tl:compiler-comptime-host-callback-commit-result	verify-embedded-stdlib-tlci:result-shape	verify-embedded-stdlib-tlci:bad-operand-or-fuel
stage	mapping-release	platform	loader-owned mapping descriptor	release request	nonzero region;single ownership path;all failure branches release before returning	memory-teardown	unmapped-region-or-error	tlci-page-release-error	tlci-loader-release	loader-owner	src/tlci_loader.tl:tlci-loader-release	tlci-pages:release-ok	tlci-loader:failure-cleanup
stage	failure-cleanup	platform	loader-owned pre-commit mapping	any validation;binding;protection;registration failure	every post-allocation error branch releases the exact mapping before returning;no loaded handle escapes	memory-teardown	error-with-no-live-mapping	original-error-or-release-error	tlci-loader-load-mapped-region	loader-owner	src/tlci_loader.tl:tlci-loader-load-mapped-region	tlci-loader:loads-and-fixes-up	tlci-loader:failure-cleanup
callback	fuel-check	2	catalog-name+abi-version;compiler-owned-active-session	session:i64,_arg-a:i64,_arg-b:i64,_arg-c:i64	session-cookie+first-failure-latch	execution-budget	status-i64;session-state-only;commit-result-publishes-value	bad-request=4;diagnostic=1;fuel=2;abort=3;first-failure-latched	compiler-comptime-host-callback-fuel-check	generic-loader-import-admission	src/compiler_embedded_stdlib_tlci.tl:compiler-comptime-host-callback-fuel-check	verify-embedded-stdlib-tlci:native-corpus	verify-tlci-boundary-manifest:invalid-session-guard
callback	diagnostic	2	catalog-name+abi-version;compiler-owned-active-session	session:i64,arg-a:i64,arg-b:i64,_arg-c:i64	session-cookie+first-failure-latch+argument-range+pointer-length	diagnostics	status-i64;session-state-only;commit-result-publishes-value	bad-request=4;diagnostic=1;fuel=2;abort=3;first-failure-latched	compiler-comptime-host-callback-diagnostic	generic-loader-import-admission	src/compiler_embedded_stdlib_tlci.tl:compiler-comptime-host-callback-diagnostic	verify-embedded-stdlib-tlci:native-corpus	verify-tlci-boundary-manifest:invalid-session-guard
callback	scratch-alloc	2	catalog-name+abi-version;compiler-owned-active-session	session:i64,_arg-a:i64,_arg-b:i64,_arg-c:i64	session-cookie+first-failure-latch	scratch-memory	status-i64;session-state-only;commit-result-publishes-value	bad-request=4;diagnostic=1;fuel=2;abort=3;first-failure-latched	compiler-comptime-host-callback-scratch-alloc	generic-loader-import-admission	src/compiler_embedded_stdlib_tlci.tl:compiler-comptime-host-callback-scratch-alloc	verify-embedded-stdlib-tlci:native-corpus	verify-tlci-boundary-manifest:invalid-session-guard
callback	scratch-reset	2	catalog-name+abi-version;compiler-owned-active-session	session:i64,_arg-a:i64,_arg-b:i64,_arg-c:i64	session-cookie+first-failure-latch	scratch-memory	status-i64;session-state-only;commit-result-publishes-value	bad-request=4;diagnostic=1;fuel=2;abort=3;first-failure-latched	compiler-comptime-host-callback-scratch-reset	generic-loader-import-admission	src/compiler_embedded_stdlib_tlci.tl:compiler-comptime-host-callback-scratch-reset	verify-embedded-stdlib-tlci:native-corpus	verify-tlci-boundary-manifest:invalid-session-guard
callback	expr-var	2	catalog-name+abi-version;compiler-owned-active-session	session:i64,arg-a:i64,arg-b:i64,_arg-c:i64	session-cookie+first-failure-latch+argument-range+pointer-length+typed-arena-handle	syntax-build	status-i64;session-state-only;commit-result-publishes-value	bad-request=4;diagnostic=1;fuel=2;abort=3;first-failure-latched	compiler-comptime-host-callback-expr-var	native-producer-direct-count=5	src/compiler_embedded_stdlib_tlci.tl:compiler-comptime-host-callback-expr-var	verify-embedded-stdlib-tlci:native-corpus	verify-tlci-boundary-manifest:invalid-session-guard
callback	module-name	2	catalog-name+abi-version;compiler-owned-active-session	session:i64,_arg-a:i64,_arg-b:i64,_arg-c:i64	session-cookie+first-failure-latch+stack-bounds+typed-arena-handle	reflection-read	status-i64;session-state-only;commit-result-publishes-value	bad-request=4;diagnostic=1;fuel=2;abort=3;first-failure-latched	compiler-comptime-host-callback-module-name	native-producer-direct-count=1	src/compiler_embedded_stdlib_tlci.tl:compiler-comptime-host-callback-module-name	verify-embedded-stdlib-tlci:native-corpus	verify-tlci-boundary-manifest:invalid-session-guard
callback	module-hook	2	catalog-name+abi-version;compiler-owned-active-session	session:i64,_arg-a:i64,_arg-b:i64,_arg-c:i64	session-cookie+first-failure-latch+stack-bounds+typed-arena-handle	reflection-read	status-i64;session-state-only;commit-result-publishes-value	bad-request=4;diagnostic=1;fuel=2;abort=3;first-failure-latched	compiler-comptime-host-callback-module-hook	native-producer-direct-count=1	src/compiler_embedded_stdlib_tlci.tl:compiler-comptime-host-callback-module-hook	verify-embedded-stdlib-tlci:native-corpus	verify-tlci-boundary-manifest:invalid-session-guard
callback	module-value?	2	catalog-name+abi-version;compiler-owned-active-session	session:i64,_arg-a:i64,_arg-b:i64,_arg-c:i64	session-cookie+first-failure-latch+stack-bounds+typed-arena-handle	reflection-read	direct-i64-predicate;no-result-commit	bad-request=4;diagnostic=1;fuel=2;abort=3;first-failure-latched	compiler-comptime-host-callback-module-value?	native-producer-direct-count=1	src/compiler_embedded_stdlib_tlci.tl:compiler-comptime-host-callback-module-value?	verify-embedded-stdlib-tlci:native-corpus	verify-tlci-boundary-manifest:invalid-session-guard
callback	module-value-type	2	catalog-name+abi-version;compiler-owned-active-session	session:i64,_arg-a:i64,_arg-b:i64,_arg-c:i64	adapter:session-cookie+first-failure-latch+stack-bounds+typed-arena-handle	reflection-read	status-i64;session-state-only;commit-result-publishes-value	bad-request=4;diagnostic=1;fuel=2;abort=3;first-failure-latched	compiler-comptime-host-callback-module-value-type	native-producer-direct-count=1	src/compiler_embedded_stdlib_tlci.tl:compiler-comptime-host-callback-module-value-type	verify-embedded-stdlib-tlci:native-corpus	verify-tlci-boundary-manifest:invalid-session-guard
callback	module-value-expr	2	catalog-name+abi-version;compiler-owned-active-session	session:i64,_arg-a:i64,_arg-b:i64,_arg-c:i64	adapter:session-cookie+first-failure-latch+stack-bounds+typed-arena-handle	reflection-read	status-i64;session-state-only;commit-result-publishes-value	bad-request=4;diagnostic=1;fuel=2;abort=3;first-failure-latched	compiler-comptime-host-callback-module-value-expr	native-producer-direct-count=1	src/compiler_embedded_stdlib_tlci.tl:compiler-comptime-host-callback-module-value-expr	verify-embedded-stdlib-tlci:native-corpus	verify-tlci-boundary-manifest:invalid-session-guard
callback	function-shared-borrow-returns-string?	2	catalog-name+abi-version;compiler-owned-active-session	session:i64,_arg-a:i64,_arg-b:i64,_arg-c:i64	session-cookie+first-failure-latch+stack-bounds+typed-arena-handle	reflection-read	direct-i64-predicate;no-result-commit	bad-request=4;diagnostic=1;fuel=2;abort=3;first-failure-latched	compiler-comptime-host-callback-function-shared-borrow-returns-string?	native-producer-direct-count=1	src/compiler_embedded_stdlib_tlci.tl:compiler-comptime-host-callback-function-shared-borrow-returns-string?	verify-embedded-stdlib-tlci:native-corpus	verify-tlci-boundary-manifest:invalid-session-guard
callback	expr-list-empty	2	catalog-name+abi-version;compiler-owned-active-session	session:i64,_arg-a:i64,_arg-b:i64,_arg-c:i64	session-cookie+first-failure-latch+typed-arena-handle	syntax-build	status-i64;session-state-only;commit-result-publishes-value	bad-request=4;diagnostic=1;fuel=2;abort=3;first-failure-latched	compiler-comptime-host-callback-expr-list-empty	native-producer-direct-count=2	src/compiler_embedded_stdlib_tlci.tl:compiler-comptime-host-callback-expr-list-empty	verify-embedded-stdlib-tlci:native-corpus	verify-tlci-boundary-manifest:invalid-session-guard
callback	expr-list-cons	2	catalog-name+abi-version;compiler-owned-active-session	session:i64,_arg-a:i64,_arg-b:i64,_arg-c:i64	session-cookie+first-failure-latch+stack-bounds+typed-arena-handle	syntax-build	status-i64;session-state-only;commit-result-publishes-value	bad-request=4;diagnostic=1;fuel=2;abort=3;first-failure-latched	compiler-comptime-host-callback-expr-list-cons	native-producer-direct-count=2	src/compiler_embedded_stdlib_tlci.tl:compiler-comptime-host-callback-expr-list-cons	verify-embedded-stdlib-tlci:native-corpus	verify-tlci-boundary-manifest:invalid-session-guard
callback	expr-list-append	2	catalog-name+abi-version;compiler-owned-active-session	session:i64,_arg-a:i64,_arg-b:i64,_arg-c:i64	session-cookie+first-failure-latch+stack-bounds+typed-arena-handle	syntax-build	status-i64;session-state-only;commit-result-publishes-value	bad-request=4;diagnostic=1;fuel=2;abort=3;first-failure-latched	compiler-comptime-host-callback-expr-list-append	native-producer-direct-count=1	src/compiler_embedded_stdlib_tlci.tl:compiler-comptime-host-callback-expr-list-append	verify-embedded-stdlib-tlci:native-corpus	verify-tlci-boundary-manifest:invalid-session-guard
callback	push-operand	2	catalog-name+abi-version;compiler-owned-active-session	session:i64,arg-a:i64,_arg-b:i64,_arg-c:i64	session-cookie+first-failure-latch+argument-range	session-value-stack	status-i64;session-state-only;commit-result-publishes-value	bad-request=4;diagnostic=1;fuel=2;abort=3;first-failure-latched	compiler-comptime-host-callback-push-operand	native-producer-direct-count=4	src/compiler_embedded_stdlib_tlci.tl:compiler-comptime-host-callback-push-operand	verify-embedded-stdlib-tlci:native-corpus	verify-tlci-boundary-manifest:invalid-session-guard
callback	expr-call	2	catalog-name+abi-version;compiler-owned-active-session	session:i64,_arg-a:i64,_arg-b:i64,_arg-c:i64	session-cookie+first-failure-latch+stack-bounds+typed-arena-handle	syntax-build	status-i64;session-state-only;commit-result-publishes-value	bad-request=4;diagnostic=1;fuel=2;abort=3;first-failure-latched	compiler-comptime-host-callback-expr-call	native-producer-direct-count=2	src/compiler_embedded_stdlib_tlci.tl:compiler-comptime-host-callback-expr-call	verify-embedded-stdlib-tlci:native-corpus	verify-tlci-boundary-manifest:invalid-session-guard
callback	expr-shared-call1	2	catalog-name+abi-version;compiler-owned-active-session	session:i64,_arg-a:i64,_arg-b:i64,_arg-c:i64	session-cookie+first-failure-latch+stack-bounds+typed-arena-handle	syntax-build	status-i64;session-state-only;commit-result-publishes-value	bad-request=4;diagnostic=1;fuel=2;abort=3;first-failure-latched	compiler-comptime-host-callback-expr-shared-call1	native-producer-direct-count=1	src/compiler_embedded_stdlib_tlci.tl:compiler-comptime-host-callback-expr-shared-call1	verify-embedded-stdlib-tlci:native-corpus	verify-tlci-boundary-manifest:invalid-session-guard
callback	expr-span	2	catalog-name+abi-version;compiler-owned-active-session	session:i64,arg-a:i64,arg-b:i64,arg-c:i64	session-cookie+first-failure-latch	syntax-build	status-i64;session-state-only;commit-result-publishes-value	bad-request=4;diagnostic=1;fuel=2;abort=3;first-failure-latched	compiler-comptime-host-callback-expr-span	native-producer-direct-count=1	src/compiler_embedded_stdlib_tlci.tl:compiler-comptime-host-callback-expr-span	verify-embedded-stdlib-tlci:native-corpus	verify-tlci-boundary-manifest:invalid-session-guard
callback	expr-span-unquoted	2	catalog-name+abi-version;compiler-owned-active-session	session:i64,arg-a:i64,arg-b:i64,arg-c:i64	session-cookie+first-failure-latch	syntax-build	status-i64;session-state-only;commit-result-publishes-value	bad-request=4;diagnostic=1;fuel=2;abort=3;first-failure-latched	compiler-comptime-host-callback-expr-span-unquoted	native-producer-direct-count=1	src/compiler_embedded_stdlib_tlci.tl:compiler-comptime-host-callback-expr-span-unquoted	verify-embedded-stdlib-tlci:native-corpus	verify-tlci-boundary-manifest:invalid-session-guard
callback	expr-tuple	2	catalog-name+abi-version;compiler-owned-active-session	session:i64,_arg-a:i64,_arg-b:i64,_arg-c:i64	session-cookie+first-failure-latch+stack-bounds+typed-arena-handle	syntax-build	status-i64;session-state-only;commit-result-publishes-value	bad-request=4;diagnostic=1;fuel=2;abort=3;first-failure-latched	compiler-comptime-host-callback-expr-tuple	native-producer-direct-count=1	src/compiler_embedded_stdlib_tlci.tl:compiler-comptime-host-callback-expr-tuple	verify-embedded-stdlib-tlci:native-corpus	verify-tlci-boundary-manifest:invalid-session-guard
callback	expr-array	2	catalog-name+abi-version;compiler-owned-active-session	session:i64,_arg-a:i64,_arg-b:i64,_arg-c:i64	session-cookie+first-failure-latch+stack-bounds+typed-arena-handle	syntax-build	status-i64;session-state-only;commit-result-publishes-value	bad-request=4;diagnostic=1;fuel=2;abort=3;first-failure-latched	compiler-comptime-host-callback-expr-array	native-producer-direct-count=1	src/compiler_embedded_stdlib_tlci.tl:compiler-comptime-host-callback-expr-array	verify-embedded-stdlib-tlci:native-corpus	verify-tlci-boundary-manifest:invalid-session-guard
callback	expr-array-ref	2	catalog-name+abi-version;compiler-owned-active-session	session:i64,_arg-a:i64,_arg-b:i64,_arg-c:i64	session-cookie+first-failure-latch	syntax-build	status-i64;session-state-only;commit-result-publishes-value	bad-request=4;diagnostic=1;fuel=2;abort=3;first-failure-latched	compiler-comptime-host-callback-expr-array-ref	native-producer-direct-count=2	src/compiler_embedded_stdlib_tlci.tl:compiler-comptime-host-callback-expr-array-ref	verify-embedded-stdlib-tlci:native-corpus	verify-tlci-boundary-manifest:invalid-session-guard
callback	expr-array-take	2	catalog-name+abi-version;compiler-owned-active-session	session:i64,_arg-a:i64,_arg-b:i64,_arg-c:i64	session-cookie+first-failure-latch+stack-bounds+typed-arena-handle	syntax-build	status-i64;session-state-only;commit-result-publishes-value	bad-request=4;diagnostic=1;fuel=2;abort=3;first-failure-latched	compiler-comptime-host-callback-expr-array-take	native-producer-direct-count=1	src/compiler_embedded_stdlib_tlci.tl:compiler-comptime-host-callback-expr-array-take	verify-embedded-stdlib-tlci:native-corpus	verify-tlci-boundary-manifest:invalid-session-guard
callback	expr-replace	2	catalog-name+abi-version;compiler-owned-active-session	session:i64,_arg-a:i64,_arg-b:i64,_arg-c:i64	session-cookie+first-failure-latch	syntax-build	status-i64;session-state-only;commit-result-publishes-value	bad-request=4;diagnostic=1;fuel=2;abort=3;first-failure-latched	compiler-comptime-host-callback-expr-replace	native-producer-direct-count=2	src/compiler_embedded_stdlib_tlci.tl:compiler-comptime-host-callback-expr-replace	verify-embedded-stdlib-tlci:native-corpus	verify-tlci-boundary-manifest:invalid-session-guard
callback	expr-array-push	2	catalog-name+abi-version;compiler-owned-active-session	session:i64,_arg-a:i64,_arg-b:i64,_arg-c:i64	session-cookie+first-failure-latch	syntax-build	status-i64;session-state-only;commit-result-publishes-value	bad-request=4;diagnostic=1;fuel=2;abort=3;first-failure-latched	compiler-comptime-host-callback-expr-array-push	native-producer-direct-count=1	src/compiler_embedded_stdlib_tlci.tl:compiler-comptime-host-callback-expr-array-push	verify-embedded-stdlib-tlci:native-corpus	verify-tlci-boundary-manifest:invalid-session-guard
callback	expr-make-array	2	catalog-name+abi-version;compiler-owned-active-session	session:i64,_arg-a:i64,_arg-b:i64,_arg-c:i64	session-cookie+first-failure-latch+stack-bounds+typed-arena-handle	syntax-build	status-i64;session-state-only;commit-result-publishes-value	bad-request=4;diagnostic=1;fuel=2;abort=3;first-failure-latched	compiler-comptime-host-callback-expr-make-array	native-producer-direct-count=1	src/compiler_embedded_stdlib_tlci.tl:compiler-comptime-host-callback-expr-make-array	verify-embedded-stdlib-tlci:native-corpus	verify-tlci-boundary-manifest:invalid-session-guard
callback	operand-type-kind-eq	2	catalog-name+abi-version;compiler-owned-active-session	session:i64,arg-a:i64,arg-b:i64,_arg-c:i64	session-cookie+first-failure-latch+argument-range+pointer-length+typed-arena-handle	session-value-stack	status-i64;session-state-only;commit-result-publishes-value	bad-request=4;diagnostic=1;fuel=2;abort=3;first-failure-latched	compiler-comptime-host-callback-operand-type-kind-eq	native-producer-direct-count=1	src/compiler_embedded_stdlib_tlci.tl:compiler-comptime-host-callback-operand-type-kind-eq	verify-embedded-stdlib-tlci:native-corpus	verify-tlci-boundary-manifest:invalid-session-guard
callback	operand-expr-type-kind-eq	2	catalog-name+abi-version;compiler-owned-active-session	session:i64,arg-a:i64,arg-b:i64,_arg-c:i64	session-cookie+first-failure-latch+argument-range+pointer-length+typed-arena-handle	session-value-stack	status-i64;session-state-only;commit-result-publishes-value	bad-request=4;diagnostic=1;fuel=2;abort=3;first-failure-latched	compiler-comptime-host-callback-operand-expr-type-kind-eq	native-producer-direct-count=1	src/compiler_embedded_stdlib_tlci.tl:compiler-comptime-host-callback-operand-expr-type-kind-eq	verify-embedded-stdlib-tlci:native-corpus	verify-tlci-boundary-manifest:invalid-session-guard
callback	operand-type-key-eq	2	catalog-name+abi-version;compiler-owned-active-session	session:i64,arg-a:i64,arg-b:i64,_arg-c:i64	session-cookie+first-failure-latch+argument-range+pointer-length+typed-arena-handle	session-value-stack	status-i64;session-state-only;commit-result-publishes-value	bad-request=4;diagnostic=1;fuel=2;abort=3;first-failure-latched	compiler-comptime-host-callback-operand-type-key-eq	native-producer-direct-count=1	src/compiler_embedded_stdlib_tlci.tl:compiler-comptime-host-callback-operand-type-key-eq	verify-embedded-stdlib-tlci:native-corpus	verify-tlci-boundary-manifest:invalid-session-guard
callback	expr-type	2	catalog-name+abi-version;compiler-owned-active-session	session:i64,_arg-a:i64,_arg-b:i64,_arg-c:i64	session-cookie+first-failure-latch+stack-bounds+typed-arena-handle	syntax-build	status-i64;session-state-only;commit-result-publishes-value	bad-request=4;diagnostic=1;fuel=2;abort=3;first-failure-latched	compiler-comptime-host-callback-expr-type	native-producer-direct-count=1	src/compiler_embedded_stdlib_tlci.tl:compiler-comptime-host-callback-expr-type	verify-embedded-stdlib-tlci:native-corpus	verify-tlci-boundary-manifest:invalid-session-guard
callback	type-expr	2	catalog-name+abi-version;compiler-owned-active-session	session:i64,_arg-a:i64,_arg-b:i64,_arg-c:i64	session-cookie+first-failure-latch+stack-bounds+typed-arena-handle	reflection-read	status-i64;session-state-only;commit-result-publishes-value	bad-request=4;diagnostic=1;fuel=2;abort=3;first-failure-latched	compiler-comptime-host-callback-type-expr	native-producer-direct-count=1	src/compiler_embedded_stdlib_tlci.tl:compiler-comptime-host-callback-type-expr	verify-embedded-stdlib-tlci:native-corpus	verify-tlci-boundary-manifest:invalid-session-guard
callback	expr-cast	2	catalog-name+abi-version;compiler-owned-active-session	session:i64,_arg-a:i64,_arg-b:i64,_arg-c:i64	session-cookie+first-failure-latch+stack-bounds+typed-arena-handle	unsafe-syntax-build	status-i64;session-state-only;commit-result-publishes-value	bad-request=4;diagnostic=1;fuel=2;abort=3;first-failure-latched	compiler-comptime-host-callback-expr-cast	native-producer-direct-count=1	src/compiler_embedded_stdlib_tlci.tl:compiler-comptime-host-callback-expr-cast	verify-embedded-stdlib-tlci:native-corpus	verify-tlci-boundary-manifest:invalid-session-guard
callback	expr-ann	2	catalog-name+abi-version;compiler-owned-active-session	session:i64,_arg-a:i64,_arg-b:i64,_arg-c:i64	session-cookie+first-failure-latch+stack-bounds+typed-arena-handle	syntax-build	status-i64;session-state-only;commit-result-publishes-value	bad-request=4;diagnostic=1;fuel=2;abort=3;first-failure-latched	compiler-comptime-host-callback-expr-ann	native-producer-direct-count=1	src/compiler_embedded_stdlib_tlci.tl:compiler-comptime-host-callback-expr-ann	verify-embedded-stdlib-tlci:native-corpus	verify-tlci-boundary-manifest:invalid-session-guard
callback	expr-init	2	catalog-name+abi-version;compiler-owned-active-session	session:i64,_arg-a:i64,_arg-b:i64,_arg-c:i64	session-cookie+first-failure-latch+stack-bounds+typed-arena-handle	syntax-build	status-i64;session-state-only;commit-result-publishes-value	bad-request=4;diagnostic=1;fuel=2;abort=3;first-failure-latched	compiler-comptime-host-callback-expr-init	native-producer-direct-count=1	src/compiler_embedded_stdlib_tlci.tl:compiler-comptime-host-callback-expr-init	verify-embedded-stdlib-tlci:native-corpus	verify-tlci-boundary-manifest:invalid-session-guard
callback	expr-bool-literal	2	catalog-name+abi-version;compiler-owned-active-session	session:i64,arg-a:i64,_arg-b:i64,_arg-c:i64	session-cookie+first-failure-latch+typed-arena-handle	syntax-build	status-i64;session-state-only;commit-result-publishes-value	bad-request=4;diagnostic=1;fuel=2;abort=3;first-failure-latched	compiler-comptime-host-callback-expr-bool-literal	native-producer-direct-count=4	src/compiler_embedded_stdlib_tlci.tl:compiler-comptime-host-callback-expr-bool-literal	verify-embedded-stdlib-tlci:native-corpus	verify-tlci-boundary-manifest:invalid-session-guard
callback	expr-int-literal	2	catalog-name+abi-version;compiler-owned-active-session	session:i64,arg-a:i64,_arg-b:i64,_arg-c:i64	session-cookie+first-failure-latch+typed-arena-handle	syntax-build	status-i64;session-state-only;commit-result-publishes-value	bad-request=4;diagnostic=1;fuel=2;abort=3;first-failure-latched	compiler-comptime-host-callback-expr-int-literal	native-producer-direct-count=2	src/compiler_embedded_stdlib_tlci.tl:compiler-comptime-host-callback-expr-int-literal	verify-embedded-stdlib-tlci:native-corpus	verify-tlci-boundary-manifest:invalid-session-guard
callback	expr-string	2	catalog-name+abi-version;compiler-owned-active-session	session:i64,arg-a:i64,arg-b:i64,_arg-c:i64	session-cookie+first-failure-latch+argument-range+pointer-length+typed-arena-handle	syntax-build	status-i64;session-state-only;commit-result-publishes-value	bad-request=4;diagnostic=1;fuel=2;abort=3;first-failure-latched	compiler-comptime-host-callback-expr-string	native-producer-direct-count=1	src/compiler_embedded_stdlib_tlci.tl:compiler-comptime-host-callback-expr-string	verify-embedded-stdlib-tlci:native-corpus	verify-tlci-boundary-manifest:invalid-session-guard
callback	expr-splice	2	catalog-name+abi-version;compiler-owned-active-session	session:i64,_arg-a:i64,_arg-b:i64,_arg-c:i64	session-cookie+first-failure-latch+stack-bounds+typed-arena-handle	syntax-build	status-i64;session-state-only;commit-result-publishes-value	bad-request=4;diagnostic=1;fuel=2;abort=3;first-failure-latched	compiler-comptime-host-callback-expr-splice	native-producer-direct-count=1	src/compiler_embedded_stdlib_tlci.tl:compiler-comptime-host-callback-expr-splice	verify-embedded-stdlib-tlci:native-corpus	verify-tlci-boundary-manifest:invalid-session-guard
callback	expr-if	2	catalog-name+abi-version;compiler-owned-active-session	session:i64,_arg-a:i64,_arg-b:i64,_arg-c:i64	session-cookie+first-failure-latch+stack-bounds+typed-arena-handle	syntax-build	status-i64;session-state-only;commit-result-publishes-value	bad-request=4;diagnostic=1;fuel=2;abort=3;first-failure-latched	compiler-comptime-host-callback-expr-if	native-producer-direct-count=2	src/compiler_embedded_stdlib_tlci.tl:compiler-comptime-host-callback-expr-if	verify-embedded-stdlib-tlci:native-corpus	verify-tlci-boundary-manifest:invalid-session-guard
callback	expr-list-length	2	catalog-name+abi-version;compiler-owned-active-session	session:i64,arg-a:i64,_arg-b:i64,_arg-c:i64	session-cookie+first-failure-latch+argument-range+typed-arena-handle	syntax-build	status-i64;session-state-only;commit-result-publishes-value	bad-request=4;diagnostic=1;fuel=2;abort=3;first-failure-latched	compiler-comptime-host-callback-expr-list-length	native-producer-direct-count=1	src/compiler_embedded_stdlib_tlci.tl:compiler-comptime-host-callback-expr-list-length	verify-embedded-stdlib-tlci:native-corpus	verify-tlci-boundary-manifest:invalid-session-guard
callback	expr-binding-clause-list-length	2	catalog-name+abi-version;compiler-owned-active-session	session:i64,arg-a:i64,_arg-b:i64,_arg-c:i64	session-cookie+first-failure-latch+argument-range+typed-arena-handle	syntax-build	status-i64;session-state-only;commit-result-publishes-value	bad-request=4;diagnostic=1;fuel=2;abort=3;first-failure-latched	compiler-comptime-host-callback-expr-binding-clause-list-length	native-producer-direct-count=1	src/compiler_embedded_stdlib_tlci.tl:compiler-comptime-host-callback-expr-binding-clause-list-length	verify-embedded-stdlib-tlci:native-corpus	verify-tlci-boundary-manifest:invalid-session-guard
callback	syntax-name-fresh	2	catalog-name+abi-version;compiler-owned-active-session	session:i64,_arg-a:i64,_arg-b:i64,_arg-c:i64	session-cookie+first-failure-latch+stack-bounds+typed-arena-handle	syntax-identity	status-i64;session-state-only;commit-result-publishes-value	bad-request=4;diagnostic=1;fuel=2;abort=3;first-failure-latched	compiler-comptime-host-callback-syntax-name-fresh	native-producer-direct-count=1	src/compiler_embedded_stdlib_tlci.tl:compiler-comptime-host-callback-syntax-name-fresh	verify-embedded-stdlib-tlci:native-corpus	verify-tlci-boundary-manifest:invalid-session-guard
callback	expr-begin-unit	2	catalog-name+abi-version;compiler-owned-active-session	session:i64,_arg-a:i64,_arg-b:i64,_arg-c:i64	session-cookie+first-failure-latch+stack-bounds+typed-arena-handle	syntax-build	status-i64;session-state-only;commit-result-publishes-value	bad-request=4;diagnostic=1;fuel=2;abort=3;first-failure-latched	compiler-comptime-host-callback-expr-begin-unit	native-producer-direct-count=1	src/compiler_embedded_stdlib_tlci.tl:compiler-comptime-host-callback-expr-begin-unit	verify-embedded-stdlib-tlci:native-corpus	verify-tlci-boundary-manifest:invalid-session-guard
callback	expr-list-nth	2	catalog-name+abi-version;compiler-owned-active-session	session:i64,arg-a:i64,arg-b:i64,_arg-c:i64	session-cookie+first-failure-latch+argument-range+typed-arena-handle	syntax-build	status-i64;session-state-only;commit-result-publishes-value	bad-request=4;diagnostic=1;fuel=2;abort=3;first-failure-latched	compiler-comptime-host-callback-expr-list-nth	native-producer-direct-count=1	src/compiler_embedded_stdlib_tlci.tl:compiler-comptime-host-callback-expr-list-nth	verify-embedded-stdlib-tlci:native-corpus	verify-tlci-boundary-manifest:invalid-session-guard
callback	expr-list-type-nth	2	catalog-name+abi-version;compiler-owned-active-session	session:i64,arg-a:i64,arg-b:i64,_arg-c:i64	session-cookie+first-failure-latch+argument-range+typed-arena-handle	syntax-build	status-i64;session-state-only;commit-result-publishes-value	bad-request=4;diagnostic=1;fuel=2;abort=3;first-failure-latched	compiler-comptime-host-callback-expr-list-type-nth	native-producer-direct-count=1	src/compiler_embedded_stdlib_tlci.tl:compiler-comptime-host-callback-expr-list-type-nth	verify-embedded-stdlib-tlci:native-corpus	verify-tlci-boundary-manifest:invalid-session-guard
callback	expr-binding-clause-list-nth	2	catalog-name+abi-version;compiler-owned-active-session	session:i64,arg-a:i64,arg-b:i64,_arg-c:i64	session-cookie+first-failure-latch+argument-range+typed-arena-handle	syntax-build	status-i64;session-state-only;commit-result-publishes-value	bad-request=4;diagnostic=1;fuel=2;abort=3;first-failure-latched	compiler-comptime-host-callback-expr-binding-clause-list-nth	native-producer-direct-count=1	src/compiler_embedded_stdlib_tlci.tl:compiler-comptime-host-callback-expr-binding-clause-list-nth	verify-embedded-stdlib-tlci:native-corpus	verify-tlci-boundary-manifest:invalid-session-guard
callback	expr-binding-clause-name	2	catalog-name+abi-version;compiler-owned-active-session	session:i64,_arg-a:i64,_arg-b:i64,_arg-c:i64	adapter:session-cookie+first-failure-latch	syntax-build	status-i64;session-state-only;commit-result-publishes-value	bad-request=4;diagnostic=1;fuel=2;abort=3;first-failure-latched	compiler-comptime-host-callback-expr-binding-clause-name	native-producer-direct-count=1	src/compiler_embedded_stdlib_tlci.tl:compiler-comptime-host-callback-expr-binding-clause-name	verify-embedded-stdlib-tlci:native-corpus	verify-tlci-boundary-manifest:invalid-session-guard
callback	expr-binding-clause-has-type?	2	catalog-name+abi-version;compiler-owned-active-session	session:i64,arg-a:i64,_arg-b:i64,_arg-c:i64	session-cookie+first-failure-latch+argument-range+typed-arena-handle	syntax-build	direct-i64-predicate;no-result-commit	bad-request=4;diagnostic=1;fuel=2;abort=3;first-failure-latched	compiler-comptime-host-callback-expr-binding-clause-has-type?	native-producer-direct-count=1	src/compiler_embedded_stdlib_tlci.tl:compiler-comptime-host-callback-expr-binding-clause-has-type?	verify-embedded-stdlib-tlci:native-corpus	verify-tlci-boundary-manifest:invalid-session-guard
callback	expr-binding-clause-type	2	catalog-name+abi-version;compiler-owned-active-session	session:i64,_arg-a:i64,_arg-b:i64,_arg-c:i64	adapter:session-cookie+first-failure-latch	syntax-build	status-i64;session-state-only;commit-result-publishes-value	bad-request=4;diagnostic=1;fuel=2;abort=3;first-failure-latched	compiler-comptime-host-callback-expr-binding-clause-type	native-producer-direct-count=1	src/compiler_embedded_stdlib_tlci.tl:compiler-comptime-host-callback-expr-binding-clause-type	verify-embedded-stdlib-tlci:native-corpus	verify-tlci-boundary-manifest:invalid-session-guard
callback	expr-binding-clause-init	2	catalog-name+abi-version;compiler-owned-active-session	session:i64,_arg-a:i64,_arg-b:i64,_arg-c:i64	adapter:session-cookie+first-failure-latch	syntax-build	status-i64;session-state-only;commit-result-publishes-value	bad-request=4;diagnostic=1;fuel=2;abort=3;first-failure-latched	compiler-comptime-host-callback-expr-binding-clause-init	native-producer-direct-count=1	src/compiler_embedded_stdlib_tlci.tl:compiler-comptime-host-callback-expr-binding-clause-init	verify-embedded-stdlib-tlci:native-corpus	verify-tlci-boundary-manifest:invalid-session-guard
callback	expr-begin	2	catalog-name+abi-version;compiler-owned-active-session	session:i64,_arg-a:i64,_arg-b:i64,_arg-c:i64	session-cookie+first-failure-latch+stack-bounds+typed-arena-handle	syntax-build	status-i64;session-state-only;commit-result-publishes-value	bad-request=4;diagnostic=1;fuel=2;abort=3;first-failure-latched	compiler-comptime-host-callback-expr-begin	native-producer-direct-count=1	src/compiler_embedded_stdlib_tlci.tl:compiler-comptime-host-callback-expr-begin	verify-embedded-stdlib-tlci:native-corpus	verify-tlci-boundary-manifest:invalid-session-guard
callback	expr-binary-op	2	catalog-name+abi-version;compiler-owned-active-session	session:i64,arg-a:i64,_arg-b:i64,_arg-c:i64	session-cookie+first-failure-latch+stack-bounds+argument-range+typed-arena-handle	syntax-build	status-i64;session-state-only;commit-result-publishes-value	bad-request=4;diagnostic=1;fuel=2;abort=3;first-failure-latched	compiler-comptime-host-callback-expr-binary-op	native-producer-direct-count=1	src/compiler_embedded_stdlib_tlci.tl:compiler-comptime-host-callback-expr-binary-op	verify-embedded-stdlib-tlci:native-corpus	verify-tlci-boundary-manifest:invalid-session-guard
callback	expr-unary-op	2	catalog-name+abi-version;compiler-owned-active-session	session:i64,arg-a:i64,_arg-b:i64,_arg-c:i64	session-cookie+first-failure-latch+stack-bounds+argument-range+typed-arena-handle	syntax-build	status-i64;session-state-only;commit-result-publishes-value	bad-request=4;diagnostic=1;fuel=2;abort=3;first-failure-latched	compiler-comptime-host-callback-expr-unary-op	native-producer-direct-count=1	src/compiler_embedded_stdlib_tlci.tl:compiler-comptime-host-callback-expr-unary-op	verify-embedded-stdlib-tlci:native-corpus	verify-tlci-boundary-manifest:invalid-session-guard
callback	expr-char-literal	2	catalog-name+abi-version;compiler-owned-active-session	session:i64,arg-a:i64,_arg-b:i64,_arg-c:i64	session-cookie+first-failure-latch+typed-arena-handle	syntax-build	status-i64;session-state-only;commit-result-publishes-value	bad-request=4;diagnostic=1;fuel=2;abort=3;first-failure-latched	compiler-comptime-host-callback-expr-char-literal	native-producer-direct-count=1	src/compiler_embedded_stdlib_tlci.tl:compiler-comptime-host-callback-expr-char-literal	verify-embedded-stdlib-tlci:native-corpus	verify-tlci-boundary-manifest:invalid-session-guard
callback	expr-unit-literal	2	catalog-name+abi-version;compiler-owned-active-session	session:i64,_arg-a:i64,_arg-b:i64,_arg-c:i64	session-cookie+first-failure-latch+typed-arena-handle	syntax-build	status-i64;session-state-only;commit-result-publishes-value	bad-request=4;diagnostic=1;fuel=2;abort=3;first-failure-latched	compiler-comptime-host-callback-expr-unit-literal	native-producer-direct-count=1	src/compiler_embedded_stdlib_tlci.tl:compiler-comptime-host-callback-expr-unit-literal	verify-embedded-stdlib-tlci:native-corpus	verify-tlci-boundary-manifest:invalid-session-guard
callback	local-set	2	catalog-name+abi-version;compiler-owned-active-session	session:i64,arg-a:i64,_arg-b:i64,_arg-c:i64	session-cookie+first-failure-latch+stack-bounds+argument-range	session-value-stack	status-i64;session-state-only;commit-result-publishes-value	bad-request=4;diagnostic=1;fuel=2;abort=3;first-failure-latched	compiler-comptime-host-callback-local-set	generic-loader-import-admission	src/compiler_embedded_stdlib_tlci.tl:compiler-comptime-host-callback-local-set	verify-embedded-stdlib-tlci:native-corpus	verify-tlci-boundary-manifest:invalid-session-guard
callback	local-get	2	catalog-name+abi-version;compiler-owned-active-session	session:i64,arg-a:i64,_arg-b:i64,_arg-c:i64	session-cookie+first-failure-latch+argument-range	session-value-stack	status-i64;session-state-only;commit-result-publishes-value	bad-request=4;diagnostic=1;fuel=2;abort=3;first-failure-latched	compiler-comptime-host-callback-local-get	native-producer-direct-count=3	src/compiler_embedded_stdlib_tlci.tl:compiler-comptime-host-callback-local-get	verify-embedded-stdlib-tlci:native-corpus	verify-tlci-boundary-manifest:invalid-session-guard
callback	expr-var-from-value	2	catalog-name+abi-version;compiler-owned-active-session	session:i64,_arg-a:i64,_arg-b:i64,_arg-c:i64	session-cookie+first-failure-latch+stack-bounds+typed-arena-handle	syntax-build	status-i64;session-state-only;commit-result-publishes-value	bad-request=4;diagnostic=1;fuel=2;abort=3;first-failure-latched	compiler-comptime-host-callback-expr-var-from-value	native-producer-direct-count=2	src/compiler_embedded_stdlib_tlci.tl:compiler-comptime-host-callback-expr-var-from-value	verify-embedded-stdlib-tlci:native-corpus	verify-tlci-boundary-manifest:invalid-session-guard
callback	expr-bracket-clause	2	catalog-name+abi-version;compiler-owned-active-session	session:i64,_arg-a:i64,_arg-b:i64,_arg-c:i64	session-cookie+first-failure-latch+stack-bounds+typed-arena-handle	syntax-build	status-i64;session-state-only;commit-result-publishes-value	bad-request=4;diagnostic=1;fuel=2;abort=3;first-failure-latched	compiler-comptime-host-callback-expr-bracket-clause	native-producer-direct-count=1	src/compiler_embedded_stdlib_tlci.tl:compiler-comptime-host-callback-expr-bracket-clause	verify-embedded-stdlib-tlci:native-corpus	verify-tlci-boundary-manifest:invalid-session-guard
callback	expr-borrow	2	catalog-name+abi-version;compiler-owned-active-session	session:i64,arg-a:i64,arg-b:i64,_arg-c:i64	session-cookie+first-failure-latch+stack-bounds+argument-range+pointer-length+typed-arena-handle	syntax-build	status-i64;session-state-only;commit-result-publishes-value	bad-request=4;diagnostic=1;fuel=2;abort=3;first-failure-latched	compiler-comptime-host-callback-expr-borrow	native-producer-direct-count=4	src/compiler_embedded_stdlib_tlci.tl:compiler-comptime-host-callback-expr-borrow	verify-embedded-stdlib-tlci:native-corpus	verify-tlci-boundary-manifest:invalid-session-guard
callback	type-key	2	catalog-name+abi-version;compiler-owned-active-session	session:i64,arg-a:i64,_arg-b:i64,_arg-c:i64	session-cookie+first-failure-latch+stack-bounds+typed-arena-handle	reflection-read	status-i64;session-state-only;commit-result-publishes-value	bad-request=4;diagnostic=1;fuel=2;abort=3;first-failure-latched	compiler-comptime-host-callback-type-key	native-producer-direct-count=3	src/compiler_embedded_stdlib_tlci.tl:compiler-comptime-host-callback-type-key	verify-embedded-stdlib-tlci:native-corpus	verify-tlci-boundary-manifest:invalid-session-guard
callback	struct-field-name	2	catalog-name+abi-version;compiler-owned-active-session	session:i64,arg-a:i64,_arg-b:i64,_arg-c:i64	session-cookie+first-failure-latch	reflection-read	status-i64;session-state-only;commit-result-publishes-value	bad-request=4;diagnostic=1;fuel=2;abort=3;first-failure-latched	compiler-comptime-host-callback-struct-field-name	native-producer-direct-count=1	src/compiler_embedded_stdlib_tlci.tl:compiler-comptime-host-callback-struct-field-name	verify-embedded-stdlib-tlci:native-corpus	verify-tlci-boundary-manifest:invalid-session-guard
callback	enum-variant-name	2	catalog-name+abi-version;compiler-owned-active-session	session:i64,arg-a:i64,_arg-b:i64,_arg-c:i64	session-cookie+first-failure-latch	reflection-read	status-i64;session-state-only;commit-result-publishes-value	bad-request=4;diagnostic=1;fuel=2;abort=3;first-failure-latched	compiler-comptime-host-callback-enum-variant-name	native-producer-direct-count=1	src/compiler_embedded_stdlib_tlci.tl:compiler-comptime-host-callback-enum-variant-name	verify-embedded-stdlib-tlci:native-corpus	verify-tlci-boundary-manifest:invalid-session-guard
callback	struct-field-count	2	catalog-name+abi-version;compiler-owned-active-session	session:i64,_arg-a:i64,_arg-b:i64,_arg-c:i64	session-cookie+first-failure-latch	reflection-read	status-i64;session-state-only;commit-result-publishes-value	bad-request=4;diagnostic=1;fuel=2;abort=3;first-failure-latched	compiler-comptime-host-callback-struct-field-count	native-producer-direct-count=1	src/compiler_embedded_stdlib_tlci.tl:compiler-comptime-host-callback-struct-field-count	verify-embedded-stdlib-tlci:native-corpus	verify-tlci-boundary-manifest:invalid-session-guard
callback	enum-variant-count	2	catalog-name+abi-version;compiler-owned-active-session	session:i64,_arg-a:i64,_arg-b:i64,_arg-c:i64	session-cookie+first-failure-latch	reflection-read	status-i64;session-state-only;commit-result-publishes-value	bad-request=4;diagnostic=1;fuel=2;abort=3;first-failure-latched	compiler-comptime-host-callback-enum-variant-count	native-producer-direct-count=1	src/compiler_embedded_stdlib_tlci.tl:compiler-comptime-host-callback-enum-variant-count	verify-embedded-stdlib-tlci:native-corpus	verify-tlci-boundary-manifest:invalid-session-guard
callback	enum-variant-payload-count	2	catalog-name+abi-version;compiler-owned-active-session	session:i64,arg-a:i64,_arg-b:i64,_arg-c:i64	session-cookie+first-failure-latch	reflection-read	status-i64;session-state-only;commit-result-publishes-value	bad-request=4;diagnostic=1;fuel=2;abort=3;first-failure-latched	compiler-comptime-host-callback-enum-variant-payload-count	native-producer-direct-count=1	src/compiler_embedded_stdlib_tlci.tl:compiler-comptime-host-callback-enum-variant-payload-count	verify-embedded-stdlib-tlci:native-corpus	verify-tlci-boundary-manifest:invalid-session-guard
callback	tuple-element-count	2	catalog-name+abi-version;compiler-owned-active-session	session:i64,_arg-a:i64,_arg-b:i64,_arg-c:i64	session-cookie+first-failure-latch	reflection-read	status-i64;session-state-only;commit-result-publishes-value	bad-request=4;diagnostic=1;fuel=2;abort=3;first-failure-latched	compiler-comptime-host-callback-tuple-element-count	native-producer-direct-count=1	src/compiler_embedded_stdlib_tlci.tl:compiler-comptime-host-callback-tuple-element-count	verify-embedded-stdlib-tlci:native-corpus	verify-tlci-boundary-manifest:invalid-session-guard
callback	struct-field-type	2	catalog-name+abi-version;compiler-owned-active-session	session:i64,arg-a:i64,_arg-b:i64,_arg-c:i64	session-cookie+first-failure-latch	reflection-read	status-i64;session-state-only;commit-result-publishes-value	bad-request=4;diagnostic=1;fuel=2;abort=3;first-failure-latched	compiler-comptime-host-callback-struct-field-type	native-producer-direct-count=1	src/compiler_embedded_stdlib_tlci.tl:compiler-comptime-host-callback-struct-field-type	verify-embedded-stdlib-tlci:native-corpus	verify-tlci-boundary-manifest:invalid-session-guard
callback	enum-variant-payload-type	2	catalog-name+abi-version;compiler-owned-active-session	session:i64,arg-a:i64,arg-b:i64,_arg-c:i64	session-cookie+first-failure-latch	reflection-read	status-i64;session-state-only;commit-result-publishes-value	bad-request=4;diagnostic=1;fuel=2;abort=3;first-failure-latched	compiler-comptime-host-callback-enum-variant-payload-type	native-producer-direct-count=1	src/compiler_embedded_stdlib_tlci.tl:compiler-comptime-host-callback-enum-variant-payload-type	verify-embedded-stdlib-tlci:native-corpus	verify-tlci-boundary-manifest:invalid-session-guard
callback	tuple-element-type	2	catalog-name+abi-version;compiler-owned-active-session	session:i64,arg-a:i64,_arg-b:i64,_arg-c:i64	session-cookie+first-failure-latch	reflection-read	status-i64;session-state-only;commit-result-publishes-value	bad-request=4;diagnostic=1;fuel=2;abort=3;first-failure-latched	compiler-comptime-host-callback-tuple-element-type	native-producer-direct-count=1	src/compiler_embedded_stdlib_tlci.tl:compiler-comptime-host-callback-tuple-element-type	verify-embedded-stdlib-tlci:native-corpus	verify-tlci-boundary-manifest:invalid-session-guard
callback	string-append	2	catalog-name+abi-version;compiler-owned-active-session	session:i64,_arg-a:i64,_arg-b:i64,_arg-c:i64	session-cookie+first-failure-latch+stack-bounds+typed-arena-handle	string-transform	status-i64;session-state-only;commit-result-publishes-value	bad-request=4;diagnostic=1;fuel=2;abort=3;first-failure-latched	compiler-comptime-host-callback-string-append	native-producer-direct-count=2	src/compiler_embedded_stdlib_tlci.tl:compiler-comptime-host-callback-string-append	verify-embedded-stdlib-tlci:native-corpus	verify-tlci-boundary-manifest:invalid-session-guard
callback	pattern-wildcard	2	catalog-name+abi-version;compiler-owned-active-session	session:i64,_arg-a:i64,_arg-b:i64,_arg-c:i64	session-cookie+first-failure-latch+typed-arena-handle	syntax-build	status-i64;session-state-only;commit-result-publishes-value	bad-request=4;diagnostic=1;fuel=2;abort=3;first-failure-latched	compiler-comptime-host-callback-pattern-wildcard	native-producer-direct-count=3	src/compiler_embedded_stdlib_tlci.tl:compiler-comptime-host-callback-pattern-wildcard	verify-embedded-stdlib-tlci:native-corpus	verify-tlci-boundary-manifest:invalid-session-guard
callback	pattern-binding	2	catalog-name+abi-version;compiler-owned-active-session	session:i64,arg-a:i64,arg-b:i64,_arg-c:i64	session-cookie+first-failure-latch+stack-bounds+argument-range+pointer-length+typed-arena-handle	syntax-build	status-i64;session-state-only;commit-result-publishes-value	bad-request=4;diagnostic=1;fuel=2;abort=3;first-failure-latched	compiler-comptime-host-callback-pattern-binding	native-producer-direct-count=3	src/compiler_embedded_stdlib_tlci.tl:compiler-comptime-host-callback-pattern-binding	verify-embedded-stdlib-tlci:native-corpus	verify-tlci-boundary-manifest:invalid-session-guard
callback	pattern-binding-typed	2	catalog-name+abi-version;compiler-owned-active-session	session:i64,_arg-a:i64,_arg-b:i64,_arg-c:i64	session-cookie+first-failure-latch+stack-bounds+typed-arena-handle	syntax-build	status-i64;session-state-only;commit-result-publishes-value	bad-request=4;diagnostic=1;fuel=2;abort=3;first-failure-latched	compiler-comptime-host-callback-pattern-binding-typed	native-producer-direct-count=1	src/compiler_embedded_stdlib_tlci.tl:compiler-comptime-host-callback-pattern-binding-typed	verify-embedded-stdlib-tlci:native-corpus	verify-tlci-boundary-manifest:invalid-session-guard
callback	pattern-variant	2	catalog-name+abi-version;compiler-owned-active-session	session:i64,arg-a:i64,arg-b:i64,_arg-c:i64	session-cookie+first-failure-latch+stack-bounds+argument-range+pointer-length+typed-arena-handle	syntax-build	status-i64;session-state-only;commit-result-publishes-value	bad-request=4;diagnostic=1;fuel=2;abort=3;first-failure-latched	compiler-comptime-host-callback-pattern-variant	native-producer-direct-count=2	src/compiler_embedded_stdlib_tlci.tl:compiler-comptime-host-callback-pattern-variant	verify-embedded-stdlib-tlci:native-corpus	verify-tlci-boundary-manifest:invalid-session-guard
callback	pattern-list-empty	2	catalog-name+abi-version;compiler-owned-active-session	session:i64,_arg-a:i64,_arg-b:i64,_arg-c:i64	session-cookie+first-failure-latch+typed-arena-handle	syntax-build	status-i64;session-state-only;commit-result-publishes-value	bad-request=4;diagnostic=1;fuel=2;abort=3;first-failure-latched	compiler-comptime-host-callback-pattern-list-empty	native-producer-direct-count=1	src/compiler_embedded_stdlib_tlci.tl:compiler-comptime-host-callback-pattern-list-empty	verify-embedded-stdlib-tlci:native-corpus	verify-tlci-boundary-manifest:invalid-session-guard
callback	pattern-list-cons	2	catalog-name+abi-version;compiler-owned-active-session	session:i64,_arg-a:i64,_arg-b:i64,_arg-c:i64	session-cookie+first-failure-latch+stack-bounds+typed-arena-handle	syntax-build	status-i64;session-state-only;commit-result-publishes-value	bad-request=4;diagnostic=1;fuel=2;abort=3;first-failure-latched	compiler-comptime-host-callback-pattern-list-cons	generic-loader-import-admission	src/compiler_embedded_stdlib_tlci.tl:compiler-comptime-host-callback-pattern-list-cons	verify-embedded-stdlib-tlci:native-corpus	verify-tlci-boundary-manifest:invalid-session-guard
callback	pattern-list-cons-from-values	2	catalog-name+abi-version;compiler-owned-active-session	session:i64,_arg-a:i64,_arg-b:i64,_arg-c:i64	session-cookie+first-failure-latch+stack-bounds+typed-arena-handle	syntax-build	status-i64;session-state-only;commit-result-publishes-value	bad-request=4;diagnostic=1;fuel=2;abort=3;first-failure-latched	compiler-comptime-host-callback-pattern-list-cons-from-values	native-producer-direct-count=1	src/compiler_embedded_stdlib_tlci.tl:compiler-comptime-host-callback-pattern-list-cons-from-values	verify-embedded-stdlib-tlci:native-corpus	verify-tlci-boundary-manifest:invalid-session-guard
callback	pattern-list-bindings	2	catalog-name+abi-version;compiler-owned-active-session	session:i64,arg-a:i64,_arg-b:i64,_arg-c:i64	session-cookie+first-failure-latch+stack-bounds+argument-range+typed-arena-handle	syntax-build	status-i64;session-state-only;commit-result-publishes-value	bad-request=4;diagnostic=1;fuel=2;abort=3;first-failure-latched	compiler-comptime-host-callback-pattern-list-bindings	native-producer-direct-count=1	src/compiler_embedded_stdlib_tlci.tl:compiler-comptime-host-callback-pattern-list-bindings	verify-embedded-stdlib-tlci:native-corpus	verify-tlci-boundary-manifest:invalid-session-guard
callback	pattern-variant-from-value	2	catalog-name+abi-version;compiler-owned-active-session	session:i64,_arg-a:i64,_arg-b:i64,_arg-c:i64	session-cookie+first-failure-latch+stack-bounds+typed-arena-handle	syntax-build	status-i64;session-state-only;commit-result-publishes-value	bad-request=4;diagnostic=1;fuel=2;abort=3;first-failure-latched	compiler-comptime-host-callback-pattern-variant-from-value	native-producer-direct-count=1	src/compiler_embedded_stdlib_tlci.tl:compiler-comptime-host-callback-pattern-variant-from-value	verify-embedded-stdlib-tlci:native-corpus	verify-tlci-boundary-manifest:invalid-session-guard
callback	match-arm-list-cons-from-values	2	catalog-name+abi-version;compiler-owned-active-session	session:i64,_arg-a:i64,_arg-b:i64,_arg-c:i64	session-cookie+first-failure-latch+stack-bounds+typed-arena-handle	syntax-build	status-i64;session-state-only;commit-result-publishes-value	bad-request=4;diagnostic=1;fuel=2;abort=3;first-failure-latched	compiler-comptime-host-callback-match-arm-list-cons-from-values	native-producer-direct-count=1	src/compiler_embedded_stdlib_tlci.tl:compiler-comptime-host-callback-match-arm-list-cons-from-values	verify-embedded-stdlib-tlci:native-corpus	verify-tlci-boundary-manifest:invalid-session-guard
callback	match-arm	2	catalog-name+abi-version;compiler-owned-active-session	session:i64,_arg-a:i64,_arg-b:i64,_arg-c:i64	session-cookie+first-failure-latch+stack-bounds+typed-arena-handle	syntax-build	status-i64;session-state-only;commit-result-publishes-value	bad-request=4;diagnostic=1;fuel=2;abort=3;first-failure-latched	compiler-comptime-host-callback-match-arm	native-producer-direct-count=2	src/compiler_embedded_stdlib_tlci.tl:compiler-comptime-host-callback-match-arm	verify-embedded-stdlib-tlci:native-corpus	verify-tlci-boundary-manifest:invalid-session-guard
callback	match-arm-list-empty	2	catalog-name+abi-version;compiler-owned-active-session	session:i64,_arg-a:i64,_arg-b:i64,_arg-c:i64	session-cookie+first-failure-latch+typed-arena-handle	syntax-build	status-i64;session-state-only;commit-result-publishes-value	bad-request=4;diagnostic=1;fuel=2;abort=3;first-failure-latched	compiler-comptime-host-callback-match-arm-list-empty	native-producer-direct-count=2	src/compiler_embedded_stdlib_tlci.tl:compiler-comptime-host-callback-match-arm-list-empty	verify-embedded-stdlib-tlci:native-corpus	verify-tlci-boundary-manifest:invalid-session-guard
callback	match-arm-list-cons	2	catalog-name+abi-version;compiler-owned-active-session	session:i64,_arg-a:i64,_arg-b:i64,_arg-c:i64	session-cookie+first-failure-latch+stack-bounds+typed-arena-handle	syntax-build	status-i64;session-state-only;commit-result-publishes-value	bad-request=4;diagnostic=1;fuel=2;abort=3;first-failure-latched	compiler-comptime-host-callback-match-arm-list-cons	native-producer-direct-count=1	src/compiler_embedded_stdlib_tlci.tl:compiler-comptime-host-callback-match-arm-list-cons	verify-embedded-stdlib-tlci:native-corpus	verify-tlci-boundary-manifest:invalid-session-guard
callback	expr-match	2	catalog-name+abi-version;compiler-owned-active-session	session:i64,_arg-a:i64,_arg-b:i64,_arg-c:i64	session-cookie+first-failure-latch+stack-bounds+typed-arena-handle	syntax-build	status-i64;session-state-only;commit-result-publishes-value	bad-request=4;diagnostic=1;fuel=2;abort=3;first-failure-latched	compiler-comptime-host-callback-expr-match	native-producer-direct-count=2	src/compiler_embedded_stdlib_tlci.tl:compiler-comptime-host-callback-expr-match	verify-embedded-stdlib-tlci:native-corpus	verify-tlci-boundary-manifest:invalid-session-guard
callback	string-value	2	catalog-name+abi-version;compiler-owned-active-session	session:i64,arg-a:i64,arg-b:i64,_arg-c:i64	session-cookie+first-failure-latch+argument-range+pointer-length+typed-arena-handle	string-transform	status-i64;session-state-only;commit-result-publishes-value	bad-request=4;diagnostic=1;fuel=2;abort=3;first-failure-latched	compiler-comptime-host-callback-string-value	native-producer-direct-count=2	src/compiler_embedded_stdlib_tlci.tl:compiler-comptime-host-callback-string-value	verify-embedded-stdlib-tlci:native-corpus	verify-tlci-boundary-manifest:invalid-session-guard
callback	diagnostic-from-value	2	catalog-name+abi-version;compiler-owned-active-session	session:i64,_arg-a:i64,_arg-b:i64,_arg-c:i64	session-cookie+first-failure-latch+stack-bounds+typed-arena-handle	diagnostics	status-i64;session-state-only;commit-result-publishes-value	bad-request=4;diagnostic=1;fuel=2;abort=3;first-failure-latched	compiler-comptime-host-callback-diagnostic-from-value	generic-loader-import-admission	src/compiler_embedded_stdlib_tlci.tl:compiler-comptime-host-callback-diagnostic-from-value	verify-embedded-stdlib-tlci:native-corpus	verify-tlci-boundary-manifest:invalid-session-guard
callback	pattern-var	2	catalog-name+abi-version;compiler-owned-active-session	session:i64,arg-a:i64,arg-b:i64,_arg-c:i64	session-cookie+first-failure-latch+stack-bounds+argument-range+pointer-length+typed-arena-handle	syntax-build	status-i64;session-state-only;commit-result-publishes-value	bad-request=4;diagnostic=1;fuel=2;abort=3;first-failure-latched	compiler-comptime-host-callback-pattern-var	native-producer-direct-count=2	src/compiler_embedded_stdlib_tlci.tl:compiler-comptime-host-callback-pattern-var	verify-embedded-stdlib-tlci:native-corpus	verify-tlci-boundary-manifest:invalid-session-guard
callback	string-eq	2	catalog-name+abi-version;compiler-owned-active-session	session:i64,_arg-a:i64,_arg-b:i64,_arg-c:i64	session-cookie+first-failure-latch+stack-bounds+typed-arena-handle	string-transform	status-i64;session-state-only;commit-result-publishes-value	bad-request=4;diagnostic=1;fuel=2;abort=3;first-failure-latched	compiler-comptime-host-callback-string-eq	native-producer-direct-count=2	src/compiler_embedded_stdlib_tlci.tl:compiler-comptime-host-callback-string-eq	verify-embedded-stdlib-tlci:native-corpus	verify-tlci-boundary-manifest:invalid-session-guard
callback	expr-tuple-ref	2	catalog-name+abi-version;compiler-owned-active-session	session:i64,arg-a:i64,_arg-b:i64,_arg-c:i64	session-cookie+first-failure-latch+stack-bounds+argument-range+typed-arena-handle	syntax-build	status-i64;session-state-only;commit-result-publishes-value	bad-request=4;diagnostic=1;fuel=2;abort=3;first-failure-latched	compiler-comptime-host-callback-expr-tuple-ref	native-producer-direct-count=2	src/compiler_embedded_stdlib_tlci.tl:compiler-comptime-host-callback-expr-tuple-ref	verify-embedded-stdlib-tlci:native-corpus	verify-tlci-boundary-manifest:invalid-session-guard
callback	expr-struct-get	2	catalog-name+abi-version;compiler-owned-active-session	session:i64,arg-a:i64,arg-b:i64,_arg-c:i64	session-cookie+first-failure-latch+stack-bounds+argument-range+pointer-length+typed-arena-handle	syntax-build	status-i64;session-state-only;commit-result-publishes-value	bad-request=4;diagnostic=1;fuel=2;abort=3;first-failure-latched	compiler-comptime-host-callback-expr-struct-get	native-producer-direct-count=1	src/compiler_embedded_stdlib_tlci.tl:compiler-comptime-host-callback-expr-struct-get	verify-embedded-stdlib-tlci:native-corpus	verify-tlci-boundary-manifest:invalid-session-guard
callback	expr-struct-get-from-value	2	catalog-name+abi-version;compiler-owned-active-session	session:i64,_arg-a:i64,_arg-b:i64,_arg-c:i64	session-cookie+first-failure-latch+stack-bounds+typed-arena-handle	syntax-build	status-i64;session-state-only;commit-result-publishes-value	bad-request=4;diagnostic=1;fuel=2;abort=3;first-failure-latched	compiler-comptime-host-callback-expr-struct-get-from-value	native-producer-direct-count=1	src/compiler_embedded_stdlib_tlci.tl:compiler-comptime-host-callback-expr-struct-get-from-value	verify-embedded-stdlib-tlci:native-corpus	verify-tlci-boundary-manifest:invalid-session-guard
callback	expr-struct-set-from-value	2	catalog-name+abi-version;compiler-owned-active-session	session:i64,_arg-a:i64,_arg-b:i64,_arg-c:i64	session-cookie+first-failure-latch+stack-bounds+typed-arena-handle	syntax-build	status-i64;session-state-only;commit-result-publishes-value	bad-request=4;diagnostic=1;fuel=2;abort=3;first-failure-latched	compiler-comptime-host-callback-expr-struct-set-from-value	native-producer-direct-count=1	src/compiler_embedded_stdlib_tlci.tl:compiler-comptime-host-callback-expr-struct-set-from-value	verify-embedded-stdlib-tlci:native-corpus	verify-tlci-boundary-manifest:invalid-session-guard
callback	expr-set-from-place	2	catalog-name+abi-version;compiler-owned-active-session	session:i64,_arg-a:i64,_arg-b:i64,_arg-c:i64	session-cookie+first-failure-latch+stack-bounds+typed-arena-handle	syntax-build	status-i64;session-state-only;commit-result-publishes-value	bad-request=4;diagnostic=1;fuel=2;abort=3;first-failure-latched	compiler-comptime-host-callback-expr-set-from-place	native-producer-direct-count=1	src/compiler_embedded_stdlib_tlci.tl:compiler-comptime-host-callback-expr-set-from-place	verify-embedded-stdlib-tlci:native-corpus	verify-tlci-boundary-manifest:invalid-session-guard
callback	expr-array-set	2	catalog-name+abi-version;compiler-owned-active-session	session:i64,_arg-a:i64,_arg-b:i64,_arg-c:i64	session-cookie+first-failure-latch+stack-bounds+typed-arena-handle	syntax-build	status-i64;session-state-only;commit-result-publishes-value	bad-request=4;diagnostic=1;fuel=2;abort=3;first-failure-latched	compiler-comptime-host-callback-expr-array-set	native-producer-direct-count=1	src/compiler_embedded_stdlib_tlci.tl:compiler-comptime-host-callback-expr-array-set	verify-embedded-stdlib-tlci:native-corpus	verify-tlci-boundary-manifest:invalid-session-guard
callback	expr-struct-set	2	catalog-name+abi-version;compiler-owned-active-session	session:i64,_arg-a:i64,_arg-b:i64,_arg-c:i64	session-cookie+first-failure-latch+stack-bounds+typed-arena-handle	syntax-build	status-i64;session-state-only;commit-result-publishes-value	bad-request=4;diagnostic=1;fuel=2;abort=3;first-failure-latched	compiler-comptime-host-callback-expr-struct-set	native-producer-direct-count=1	src/compiler_embedded_stdlib_tlci.tl:compiler-comptime-host-callback-expr-struct-set	verify-embedded-stdlib-tlci:native-corpus	verify-tlci-boundary-manifest:invalid-session-guard
callback	expr-return	2	catalog-name+abi-version;compiler-owned-active-session	session:i64,_arg-a:i64,_arg-b:i64,_arg-c:i64	session-cookie+first-failure-latch	syntax-build	status-i64;session-state-only;commit-result-publishes-value	bad-request=4;diagnostic=1;fuel=2;abort=3;first-failure-latched	compiler-comptime-host-callback-expr-return	native-producer-direct-count=1	src/compiler_embedded_stdlib_tlci.tl:compiler-comptime-host-callback-expr-return	verify-embedded-stdlib-tlci:native-corpus	verify-tlci-boundary-manifest:invalid-session-guard
callback	expr-box	2	catalog-name+abi-version;compiler-owned-active-session	session:i64,_arg-a:i64,_arg-b:i64,_arg-c:i64	session-cookie+first-failure-latch	syntax-build	status-i64;session-state-only;commit-result-publishes-value	bad-request=4;diagnostic=1;fuel=2;abort=3;first-failure-latched	compiler-comptime-host-callback-expr-box	native-producer-direct-count=1	src/compiler_embedded_stdlib_tlci.tl:compiler-comptime-host-callback-expr-box	verify-embedded-stdlib-tlci:native-corpus	verify-tlci-boundary-manifest:invalid-session-guard
callback	expr-box-get	2	catalog-name+abi-version;compiler-owned-active-session	session:i64,_arg-a:i64,_arg-b:i64,_arg-c:i64	session-cookie+first-failure-latch	syntax-build	status-i64;session-state-only;commit-result-publishes-value	bad-request=4;diagnostic=1;fuel=2;abort=3;first-failure-latched	compiler-comptime-host-callback-expr-box-get	native-producer-direct-count=1	src/compiler_embedded_stdlib_tlci.tl:compiler-comptime-host-callback-expr-box-get	verify-embedded-stdlib-tlci:native-corpus	verify-tlci-boundary-manifest:invalid-session-guard
callback	expr-box-take	2	catalog-name+abi-version;compiler-owned-active-session	session:i64,_arg-a:i64,_arg-b:i64,_arg-c:i64	session-cookie+first-failure-latch	syntax-build	status-i64;session-state-only;commit-result-publishes-value	bad-request=4;diagnostic=1;fuel=2;abort=3;first-failure-latched	compiler-comptime-host-callback-expr-box-take	native-producer-direct-count=1	src/compiler_embedded_stdlib_tlci.tl:compiler-comptime-host-callback-expr-box-take	verify-embedded-stdlib-tlci:native-corpus	verify-tlci-boundary-manifest:invalid-session-guard
callback	expr-ptr-read	2	catalog-name+abi-version;compiler-owned-active-session	session:i64,_arg-a:i64,_arg-b:i64,_arg-c:i64	session-cookie+first-failure-latch	unsafe-syntax-build	status-i64;session-state-only;commit-result-publishes-value	bad-request=4;diagnostic=1;fuel=2;abort=3;first-failure-latched	compiler-comptime-host-callback-expr-ptr-read	native-producer-direct-count=1	src/compiler_embedded_stdlib_tlci.tl:compiler-comptime-host-callback-expr-ptr-read	verify-embedded-stdlib-tlci:native-corpus	verify-tlci-boundary-manifest:invalid-session-guard
callback	expr-ptr-addr-of	2	catalog-name+abi-version;compiler-owned-active-session	session:i64,_arg-a:i64,_arg-b:i64,_arg-c:i64	session-cookie+first-failure-latch	unsafe-syntax-build	status-i64;session-state-only;commit-result-publishes-value	bad-request=4;diagnostic=1;fuel=2;abort=3;first-failure-latched	compiler-comptime-host-callback-expr-ptr-addr-of	native-producer-direct-count=1	src/compiler_embedded_stdlib_tlci.tl:compiler-comptime-host-callback-expr-ptr-addr-of	verify-embedded-stdlib-tlci:native-corpus	verify-tlci-boundary-manifest:invalid-session-guard
callback	expr-ptr-to-int	2	catalog-name+abi-version;compiler-owned-active-session	session:i64,_arg-a:i64,_arg-b:i64,_arg-c:i64	session-cookie+first-failure-latch	unsafe-syntax-build	status-i64;session-state-only;commit-result-publishes-value	bad-request=4;diagnostic=1;fuel=2;abort=3;first-failure-latched	compiler-comptime-host-callback-expr-ptr-to-int	native-producer-direct-count=1	src/compiler_embedded_stdlib_tlci.tl:compiler-comptime-host-callback-expr-ptr-to-int	verify-embedded-stdlib-tlci:native-corpus	verify-tlci-boundary-manifest:invalid-session-guard
callback	expr-int-to-ptr	2	catalog-name+abi-version;compiler-owned-active-session	session:i64,_arg-a:i64,_arg-b:i64,_arg-c:i64	session-cookie+first-failure-latch	unsafe-syntax-build	status-i64;session-state-only;commit-result-publishes-value	bad-request=4;diagnostic=1;fuel=2;abort=3;first-failure-latched	compiler-comptime-host-callback-expr-int-to-ptr	native-producer-direct-count=1	src/compiler_embedded_stdlib_tlci.tl:compiler-comptime-host-callback-expr-int-to-ptr	verify-embedded-stdlib-tlci:native-corpus	verify-tlci-boundary-manifest:invalid-session-guard
callback	expr-string-data	2	catalog-name+abi-version;compiler-owned-active-session	session:i64,_arg-a:i64,_arg-b:i64,_arg-c:i64	session-cookie+first-failure-latch	unsafe-syntax-build	status-i64;session-state-only;commit-result-publishes-value	bad-request=4;diagnostic=1;fuel=2;abort=3;first-failure-latched	compiler-comptime-host-callback-expr-string-data	native-producer-direct-count=1	src/compiler_embedded_stdlib_tlci.tl:compiler-comptime-host-callback-expr-string-data	verify-embedded-stdlib-tlci:native-corpus	verify-tlci-boundary-manifest:invalid-session-guard
callback	expr-array-data	2	catalog-name+abi-version;compiler-owned-active-session	session:i64,_arg-a:i64,_arg-b:i64,_arg-c:i64	session-cookie+first-failure-latch	unsafe-syntax-build	status-i64;session-state-only;commit-result-publishes-value	bad-request=4;diagnostic=1;fuel=2;abort=3;first-failure-latched	compiler-comptime-host-callback-expr-array-data	native-producer-direct-count=1	src/compiler_embedded_stdlib_tlci.tl:compiler-comptime-host-callback-expr-array-data	verify-embedded-stdlib-tlci:native-corpus	verify-tlci-boundary-manifest:invalid-session-guard
callback	expr-string-from-bytes	2	catalog-name+abi-version;compiler-owned-active-session	session:i64,_arg-a:i64,_arg-b:i64,_arg-c:i64	session-cookie+first-failure-latch+pointer-length	unsafe-syntax-build	status-i64;session-state-only;commit-result-publishes-value	bad-request=4;diagnostic=1;fuel=2;abort=3;first-failure-latched	compiler-comptime-host-callback-expr-string-from-bytes	native-producer-direct-count=1	src/compiler_embedded_stdlib_tlci.tl:compiler-comptime-host-callback-expr-string-from-bytes	verify-embedded-stdlib-tlci:native-corpus	verify-tlci-boundary-manifest:invalid-session-guard
callback	expr-ptr-write	2	catalog-name+abi-version;compiler-owned-active-session	session:i64,_arg-a:i64,_arg-b:i64,_arg-c:i64	session-cookie+first-failure-latch	unsafe-syntax-build	status-i64;session-state-only;commit-result-publishes-value	bad-request=4;diagnostic=1;fuel=2;abort=3;first-failure-latched	compiler-comptime-host-callback-expr-ptr-write	native-producer-direct-count=1	src/compiler_embedded_stdlib_tlci.tl:compiler-comptime-host-callback-expr-ptr-write	verify-embedded-stdlib-tlci:native-corpus	verify-tlci-boundary-manifest:invalid-session-guard
callback	expr-ptr-offset	2	catalog-name+abi-version;compiler-owned-active-session	session:i64,_arg-a:i64,_arg-b:i64,_arg-c:i64	session-cookie+first-failure-latch	unsafe-syntax-build	status-i64;session-state-only;commit-result-publishes-value	bad-request=4;diagnostic=1;fuel=2;abort=3;first-failure-latched	compiler-comptime-host-callback-expr-ptr-offset	native-producer-direct-count=1	src/compiler_embedded_stdlib_tlci.tl:compiler-comptime-host-callback-expr-ptr-offset	verify-embedded-stdlib-tlci:native-corpus	verify-tlci-boundary-manifest:invalid-session-guard
callback	expr-unsafe	2	catalog-name+abi-version;compiler-owned-active-session	session:i64,_arg-a:i64,_arg-b:i64,_arg-c:i64	session-cookie+first-failure-latch+stack-bounds+typed-arena-handle	unsafe-syntax-build	status-i64;session-state-only;commit-result-publishes-value	bad-request=4;diagnostic=1;fuel=2;abort=3;first-failure-latched	compiler-comptime-host-callback-expr-unsafe	native-producer-direct-count=1	src/compiler_embedded_stdlib_tlci.tl:compiler-comptime-host-callback-expr-unsafe	verify-embedded-stdlib-tlci:native-corpus	verify-tlci-boundary-manifest:invalid-session-guard
callback	expr-float-literal	2	catalog-name+abi-version;compiler-owned-active-session	session:i64,arg-a:i64,arg-b:i64,_arg-c:i64	session-cookie+first-failure-latch+argument-range+pointer-length+typed-arena-handle	syntax-build	status-i64;session-state-only;commit-result-publishes-value	bad-request=4;diagnostic=1;fuel=2;abort=3;first-failure-latched	compiler-comptime-host-callback-expr-float-literal	native-producer-direct-count=1	src/compiler_embedded_stdlib_tlci.tl:compiler-comptime-host-callback-expr-float-literal	verify-embedded-stdlib-tlci:native-corpus	verify-tlci-boundary-manifest:invalid-session-guard
callback	let-binding	2	catalog-name+abi-version;compiler-owned-active-session	session:i64,arg-a:i64,arg-b:i64,_arg-c:i64	session-cookie+first-failure-latch+stack-bounds+argument-range+pointer-length+typed-arena-handle	syntax-build	status-i64;session-state-only;commit-result-publishes-value	bad-request=4;diagnostic=1;fuel=2;abort=3;first-failure-latched	compiler-comptime-host-callback-let-binding	native-producer-direct-count=1	src/compiler_embedded_stdlib_tlci.tl:compiler-comptime-host-callback-let-binding	verify-embedded-stdlib-tlci:native-corpus	verify-tlci-boundary-manifest:invalid-session-guard
callback	let-binding-list-empty	2	catalog-name+abi-version;compiler-owned-active-session	session:i64,_arg-a:i64,_arg-b:i64,_arg-c:i64	session-cookie+first-failure-latch+typed-arena-handle	syntax-build	status-i64;session-state-only;commit-result-publishes-value	bad-request=4;diagnostic=1;fuel=2;abort=3;first-failure-latched	compiler-comptime-host-callback-let-binding-list-empty	native-producer-direct-count=1	src/compiler_embedded_stdlib_tlci.tl:compiler-comptime-host-callback-let-binding-list-empty	verify-embedded-stdlib-tlci:native-corpus	verify-tlci-boundary-manifest:invalid-session-guard
callback	let-binding-list-cons	2	catalog-name+abi-version;compiler-owned-active-session	session:i64,_arg-a:i64,_arg-b:i64,_arg-c:i64	session-cookie+first-failure-latch+stack-bounds+typed-arena-handle	syntax-build	status-i64;session-state-only;commit-result-publishes-value	bad-request=4;diagnostic=1;fuel=2;abort=3;first-failure-latched	compiler-comptime-host-callback-let-binding-list-cons	native-producer-direct-count=1	src/compiler_embedded_stdlib_tlci.tl:compiler-comptime-host-callback-let-binding-list-cons	verify-embedded-stdlib-tlci:native-corpus	verify-tlci-boundary-manifest:invalid-session-guard
callback	expr-let	2	catalog-name+abi-version;compiler-owned-active-session	session:i64,_arg-a:i64,_arg-b:i64,_arg-c:i64	session-cookie+first-failure-latch+stack-bounds+typed-arena-handle	syntax-build	status-i64;session-state-only;commit-result-publishes-value	bad-request=4;diagnostic=1;fuel=2;abort=3;first-failure-latched	compiler-comptime-host-callback-expr-let	native-producer-direct-count=1	src/compiler_embedded_stdlib_tlci.tl:compiler-comptime-host-callback-expr-let	verify-embedded-stdlib-tlci:native-corpus	verify-tlci-boundary-manifest:invalid-session-guard
callback	expr-lambda	2	catalog-name+abi-version;compiler-owned-active-session	session:i64,arg-a:i64,arg-b:i64,arg-c:i64	session-cookie+first-failure-latch+argument-range+pointer-length	syntax-build	status-i64;session-state-only;commit-result-publishes-value	bad-request=4;diagnostic=1;fuel=2;abort=3;first-failure-latched	compiler-comptime-host-callback-expr-lambda	native-producer-direct-count=1	src/compiler_embedded_stdlib_tlci.tl:compiler-comptime-host-callback-expr-lambda	verify-embedded-stdlib-tlci:native-corpus	verify-tlci-boundary-manifest:invalid-session-guard
callback	expr-lambda1	2	catalog-name+abi-version;compiler-owned-active-session	session:i64,_arg-a:i64,_arg-b:i64,_arg-c:i64	session-cookie+first-failure-latch+stack-bounds+typed-arena-handle	syntax-build	status-i64;session-state-only;commit-result-publishes-value	bad-request=4;diagnostic=1;fuel=2;abort=3;first-failure-latched	compiler-comptime-host-callback-expr-lambda1	native-producer-direct-count=1	src/compiler_embedded_stdlib_tlci.tl:compiler-comptime-host-callback-expr-lambda1	verify-embedded-stdlib-tlci:native-corpus	verify-tlci-boundary-manifest:invalid-session-guard
callback	type-var	2	catalog-name+abi-version;compiler-owned-active-session	session:i64,arg-a:i64,arg-b:i64,_arg-c:i64	session-cookie+first-failure-latch+argument-range+pointer-length+typed-arena-handle	type-build	status-i64;session-state-only;commit-result-publishes-value	bad-request=4;diagnostic=1;fuel=2;abort=3;first-failure-latched	compiler-comptime-host-callback-type-var	native-producer-direct-count=1	src/compiler_embedded_stdlib_tlci.tl:compiler-comptime-host-callback-type-var	verify-embedded-stdlib-tlci:native-corpus	verify-tlci-boundary-manifest:invalid-session-guard
callback	type-var-args	2	catalog-name+abi-version;compiler-owned-active-session	session:i64,arg-a:i64,arg-b:i64,arg-c:i64	session-cookie+first-failure-latch+argument-range+pointer-length	type-build	status-i64;session-state-only;commit-result-publishes-value	bad-request=4;diagnostic=1;fuel=2;abort=3;first-failure-latched	compiler-comptime-host-callback-type-var-args	native-producer-direct-count=1	src/compiler_embedded_stdlib_tlci.tl:compiler-comptime-host-callback-type-var-args	verify-embedded-stdlib-tlci:native-corpus	verify-tlci-boundary-manifest:invalid-session-guard
callback	type-scalar	2	catalog-name+abi-version;compiler-owned-active-session	session:i64,arg-a:i64,_arg-b:i64,_arg-c:i64	session-cookie+first-failure-latch+typed-arena-handle	type-build	status-i64;session-state-only;commit-result-publishes-value	bad-request=4;diagnostic=1;fuel=2;abort=3;first-failure-latched	compiler-comptime-host-callback-type-scalar	native-producer-direct-count=1	src/compiler_embedded_stdlib_tlci.tl:compiler-comptime-host-callback-type-scalar	verify-embedded-stdlib-tlci:native-corpus	verify-tlci-boundary-manifest:invalid-session-guard
callback	array-element-type	2	catalog-name+abi-version;compiler-owned-active-session	session:i64,_arg-a:i64,_arg-b:i64,_arg-c:i64	session-cookie+first-failure-latch+stack-bounds+typed-arena-handle	reflection-read	status-i64;session-state-only;commit-result-publishes-value	bad-request=4;diagnostic=1;fuel=2;abort=3;first-failure-latched	compiler-comptime-host-callback-array-element-type	native-producer-direct-count=1	src/compiler_embedded_stdlib_tlci.tl:compiler-comptime-host-callback-array-element-type	verify-embedded-stdlib-tlci:native-corpus	verify-tlci-boundary-manifest:invalid-session-guard
callback	box-element-type	2	catalog-name+abi-version;compiler-owned-active-session	session:i64,_arg-a:i64,_arg-b:i64,_arg-c:i64	session-cookie+first-failure-latch+stack-bounds+typed-arena-handle	reflection-read	status-i64;session-state-only;commit-result-publishes-value	bad-request=4;diagnostic=1;fuel=2;abort=3;first-failure-latched	compiler-comptime-host-callback-box-element-type	native-producer-direct-count=1	src/compiler_embedded_stdlib_tlci.tl:compiler-comptime-host-callback-box-element-type	verify-embedded-stdlib-tlci:native-corpus	verify-tlci-boundary-manifest:invalid-session-guard
callback	reference-element-type	2	catalog-name+abi-version;compiler-owned-active-session	session:i64,_arg-a:i64,_arg-b:i64,_arg-c:i64	session-cookie+first-failure-latch+stack-bounds+typed-arena-handle	reflection-read	status-i64;session-state-only;commit-result-publishes-value	bad-request=4;diagnostic=1;fuel=2;abort=3;first-failure-latched	compiler-comptime-host-callback-reference-element-type	native-producer-direct-count=1	src/compiler_embedded_stdlib_tlci.tl:compiler-comptime-host-callback-reference-element-type	verify-embedded-stdlib-tlci:native-corpus	verify-tlci-boundary-manifest:invalid-session-guard
callback	function-param-count	2	catalog-name+abi-version;compiler-owned-active-session	session:i64,_arg-a:i64,_arg-b:i64,_arg-c:i64	session-cookie+first-failure-latch+stack-bounds+typed-arena-handle	reflection-read	status-i64;session-state-only;commit-result-publishes-value	bad-request=4;diagnostic=1;fuel=2;abort=3;first-failure-latched	compiler-comptime-host-callback-function-param-count	native-producer-direct-count=1	src/compiler_embedded_stdlib_tlci.tl:compiler-comptime-host-callback-function-param-count	verify-embedded-stdlib-tlci:native-corpus	verify-tlci-boundary-manifest:invalid-session-guard
callback	function-return-type	2	catalog-name+abi-version;compiler-owned-active-session	session:i64,_arg-a:i64,_arg-b:i64,_arg-c:i64	session-cookie+first-failure-latch+stack-bounds+typed-arena-handle	reflection-read	status-i64;session-state-only;commit-result-publishes-value	bad-request=4;diagnostic=1;fuel=2;abort=3;first-failure-latched	compiler-comptime-host-callback-function-return-type	native-producer-direct-count=1	src/compiler_embedded_stdlib_tlci.tl:compiler-comptime-host-callback-function-return-type	verify-embedded-stdlib-tlci:native-corpus	verify-tlci-boundary-manifest:invalid-session-guard
callback	type-cleanup-owning?	2	catalog-name+abi-version;compiler-owned-active-session	session:i64,_arg-a:i64,_arg-b:i64,_arg-c:i64	session-cookie+first-failure-latch+stack-bounds+typed-arena-handle	reflection-read	direct-i64-predicate;no-result-commit	bad-request=4;diagnostic=1;fuel=2;abort=3;first-failure-latched	compiler-comptime-host-callback-type-cleanup-owning?	native-producer-direct-count=1	src/compiler_embedded_stdlib_tlci.tl:compiler-comptime-host-callback-type-cleanup-owning?	verify-embedded-stdlib-tlci:native-corpus	verify-tlci-boundary-manifest:invalid-session-guard
callback	type-cleanup-function	2	catalog-name+abi-version;compiler-owned-active-session	session:i64,_arg-a:i64,_arg-b:i64,_arg-c:i64	session-cookie+first-failure-latch+stack-bounds+typed-arena-handle	reflection-read	status-i64;session-state-only;commit-result-publishes-value	bad-request=4;diagnostic=1;fuel=2;abort=3;first-failure-latched	compiler-comptime-host-callback-type-cleanup-function	native-producer-direct-count=1	src/compiler_embedded_stdlib_tlci.tl:compiler-comptime-host-callback-type-cleanup-function	verify-embedded-stdlib-tlci:native-corpus	verify-tlci-boundary-manifest:invalid-session-guard
callback	array-length	2	catalog-name+abi-version;compiler-owned-active-session	session:i64,_arg-a:i64,_arg-b:i64,_arg-c:i64	session-cookie+first-failure-latch+stack-bounds+typed-arena-handle	reflection-read	status-i64;session-state-only;commit-result-publishes-value	bad-request=4;diagnostic=1;fuel=2;abort=3;first-failure-latched	compiler-comptime-host-callback-array-length	native-producer-direct-count=1	src/compiler_embedded_stdlib_tlci.tl:compiler-comptime-host-callback-array-length	verify-embedded-stdlib-tlci:native-corpus	verify-tlci-boundary-manifest:invalid-session-guard
callback	array-dynamic?	2	catalog-name+abi-version;compiler-owned-active-session	session:i64,_arg-a:i64,_arg-b:i64,_arg-c:i64	session-cookie+first-failure-latch+stack-bounds+typed-arena-handle	reflection-read	direct-i64-predicate;no-result-commit	bad-request=4;diagnostic=1;fuel=2;abort=3;first-failure-latched	compiler-comptime-host-callback-array-dynamic?	generic-loader-import-admission	src/compiler_embedded_stdlib_tlci.tl:compiler-comptime-host-callback-array-dynamic?	verify-embedded-stdlib-tlci:native-corpus	verify-tlci-boundary-manifest:invalid-session-guard
callback	operand-expr-call?	2	catalog-name+abi-version;compiler-owned-active-session	session:i64,arg-a:i64,_arg-b:i64,_arg-c:i64	session-cookie+first-failure-latch+argument-range	session-value-stack	direct-i64-predicate;no-result-commit	bad-request=4;diagnostic=1;fuel=2;abort=3;first-failure-latched	compiler-comptime-host-callback-operand-expr-call?	generic-loader-import-admission	src/compiler_embedded_stdlib_tlci.tl:compiler-comptime-host-callback-operand-expr-call?	verify-embedded-stdlib-tlci:native-corpus	verify-tlci-boundary-manifest:invalid-session-guard
callback	operand-expr-call-callee	2	catalog-name+abi-version;compiler-owned-active-session	session:i64,arg-a:i64,_arg-b:i64,_arg-c:i64	session-cookie+first-failure-latch+argument-range+typed-arena-handle	session-value-stack	status-i64;session-state-only;commit-result-publishes-value	bad-request=4;diagnostic=1;fuel=2;abort=3;first-failure-latched	compiler-comptime-host-callback-operand-expr-call-callee	native-producer-direct-count=1	src/compiler_embedded_stdlib_tlci.tl:compiler-comptime-host-callback-operand-expr-call-callee	verify-embedded-stdlib-tlci:native-corpus	verify-tlci-boundary-manifest:invalid-session-guard
callback	operand-expr-call-args	2	catalog-name+abi-version;compiler-owned-active-session	session:i64,arg-a:i64,_arg-b:i64,_arg-c:i64	session-cookie+first-failure-latch+argument-range+typed-arena-handle	session-value-stack	status-i64;session-state-only;commit-result-publishes-value	bad-request=4;diagnostic=1;fuel=2;abort=3;first-failure-latched	compiler-comptime-host-callback-operand-expr-call-args	native-producer-direct-count=1	src/compiler_embedded_stdlib_tlci.tl:compiler-comptime-host-callback-operand-expr-call-args	verify-embedded-stdlib-tlci:native-corpus	verify-tlci-boundary-manifest:invalid-session-guard
callback	expr-ptr-cast	2	catalog-name+abi-version;compiler-owned-active-session	session:i64,_arg-a:i64,_arg-b:i64,_arg-c:i64	session-cookie+first-failure-latch	unsafe-syntax-build	status-i64;session-state-only;commit-result-publishes-value	bad-request=4;diagnostic=1;fuel=2;abort=3;first-failure-latched	compiler-comptime-host-callback-expr-ptr-cast	native-producer-direct-count=1	src/compiler_embedded_stdlib_tlci.tl:compiler-comptime-host-callback-expr-ptr-cast	verify-embedded-stdlib-tlci:native-corpus	verify-tlci-boundary-manifest:invalid-session-guard
callback	type-ptr	2	catalog-name+abi-version;compiler-owned-active-session	session:i64,arg-a:i64,_arg-b:i64,_arg-c:i64	session-cookie+first-failure-latch	type-build	status-i64;session-state-only;commit-result-publishes-value	bad-request=4;diagnostic=1;fuel=2;abort=3;first-failure-latched	compiler-comptime-host-callback-type-ptr	native-producer-direct-count=2	src/compiler_embedded_stdlib_tlci.tl:compiler-comptime-host-callback-type-ptr	verify-embedded-stdlib-tlci:native-corpus	verify-tlci-boundary-manifest:invalid-session-guard
callback	type-box	2	catalog-name+abi-version;compiler-owned-active-session	session:i64,_arg-a:i64,_arg-b:i64,_arg-c:i64	session-cookie+first-failure-latch	type-build	status-i64;session-state-only;commit-result-publishes-value	bad-request=4;diagnostic=1;fuel=2;abort=3;first-failure-latched	compiler-comptime-host-callback-type-box	native-producer-direct-count=1	src/compiler_embedded_stdlib_tlci.tl:compiler-comptime-host-callback-type-box	verify-embedded-stdlib-tlci:native-corpus	verify-tlci-boundary-manifest:invalid-session-guard
callback	type-dyn-array	2	catalog-name+abi-version;compiler-owned-active-session	session:i64,_arg-a:i64,_arg-b:i64,_arg-c:i64	session-cookie+first-failure-latch	type-build	status-i64;session-state-only;commit-result-publishes-value	bad-request=4;diagnostic=1;fuel=2;abort=3;first-failure-latched	compiler-comptime-host-callback-type-dyn-array	native-producer-direct-count=1	src/compiler_embedded_stdlib_tlci.tl:compiler-comptime-host-callback-type-dyn-array	verify-embedded-stdlib-tlci:native-corpus	verify-tlci-boundary-manifest:invalid-session-guard
callback	type-array	2	catalog-name+abi-version;compiler-owned-active-session	session:i64,arg-a:i64,_arg-b:i64,_arg-c:i64	session-cookie+first-failure-latch	type-build	status-i64;session-state-only;commit-result-publishes-value	bad-request=4;diagnostic=1;fuel=2;abort=3;first-failure-latched	compiler-comptime-host-callback-type-array	native-producer-direct-count=1	src/compiler_embedded_stdlib_tlci.tl:compiler-comptime-host-callback-type-array	verify-embedded-stdlib-tlci:native-corpus	verify-tlci-boundary-manifest:invalid-session-guard
callback	type-slice	2	catalog-name+abi-version;compiler-owned-active-session	session:i64,_arg-a:i64,_arg-b:i64,_arg-c:i64	session-cookie+first-failure-latch	type-build	status-i64;session-state-only;commit-result-publishes-value	bad-request=4;diagnostic=1;fuel=2;abort=3;first-failure-latched	compiler-comptime-host-callback-type-slice	native-producer-direct-count=1	src/compiler_embedded_stdlib_tlci.tl:compiler-comptime-host-callback-type-slice	verify-embedded-stdlib-tlci:native-corpus	verify-tlci-boundary-manifest:invalid-session-guard
callback	type-ref	2	catalog-name+abi-version;compiler-owned-active-session	session:i64,arg-a:i64,arg-b:i64,_arg-c:i64	session-cookie+first-failure-latch	type-build	status-i64;session-state-only;commit-result-publishes-value	bad-request=4;diagnostic=1;fuel=2;abort=3;first-failure-latched	compiler-comptime-host-callback-type-ref	native-producer-direct-count=1	src/compiler_embedded_stdlib_tlci.tl:compiler-comptime-host-callback-type-ref	verify-embedded-stdlib-tlci:native-corpus	verify-tlci-boundary-manifest:invalid-session-guard
callback	type-tuple	2	catalog-name+abi-version;compiler-owned-active-session	session:i64,arg-a:i64,_arg-b:i64,_arg-c:i64	session-cookie+first-failure-latch+stack-bounds+argument-range+typed-arena-handle	type-build	status-i64;session-state-only;commit-result-publishes-value	bad-request=4;diagnostic=1;fuel=2;abort=3;first-failure-latched	compiler-comptime-host-callback-type-tuple	native-producer-direct-count=1	src/compiler_embedded_stdlib_tlci.tl:compiler-comptime-host-callback-type-tuple	verify-embedded-stdlib-tlci:native-corpus	verify-tlci-boundary-manifest:invalid-session-guard
callback	operand-expr-string-value	2	catalog-name+abi-version;compiler-owned-active-session	session:i64,arg-a:i64,_arg-b:i64,_arg-c:i64	session-cookie+first-failure-latch+argument-range	session-value-stack	status-i64;session-state-only;commit-result-publishes-value	bad-request=4;diagnostic=1;fuel=2;abort=3;first-failure-latched	compiler-comptime-host-callback-operand-expr-string-value	native-producer-direct-count=1	src/compiler_embedded_stdlib_tlci.tl:compiler-comptime-host-callback-operand-expr-string-value	verify-embedded-stdlib-tlci:native-corpus	verify-tlci-boundary-manifest:invalid-session-guard
callback	expr-string-value	2	catalog-name+abi-version;compiler-owned-active-session	session:i64,_arg-a:i64,_arg-b:i64,_arg-c:i64	session-cookie+first-failure-latch+stack-bounds	syntax-build	status-i64;session-state-only;commit-result-publishes-value	bad-request=4;diagnostic=1;fuel=2;abort=3;first-failure-latched	compiler-comptime-host-callback-expr-string-value	native-producer-direct-count=1	src/compiler_embedded_stdlib_tlci.tl:compiler-comptime-host-callback-expr-string-value	verify-embedded-stdlib-tlci:native-corpus	verify-tlci-boundary-manifest:invalid-session-guard
callback	operand-expr-string?	2	catalog-name+abi-version;compiler-owned-active-session	session:i64,arg-a:i64,_arg-b:i64,_arg-c:i64	session-cookie+first-failure-latch+argument-range	session-value-stack	direct-i64-predicate;no-result-commit	bad-request=4;diagnostic=1;fuel=2;abort=3;first-failure-latched	compiler-comptime-host-callback-operand-expr-string?	native-producer-direct-count=1	src/compiler_embedded_stdlib_tlci.tl:compiler-comptime-host-callback-operand-expr-string?	verify-embedded-stdlib-tlci:native-corpus	verify-tlci-boundary-manifest:invalid-session-guard
callback	operand-expr-int?	2	catalog-name+abi-version;compiler-owned-active-session	session:i64,arg-a:i64,_arg-b:i64,_arg-c:i64	session-cookie+first-failure-latch+argument-range	session-value-stack	direct-i64-predicate;no-result-commit	bad-request=4;diagnostic=1;fuel=2;abort=3;first-failure-latched	compiler-comptime-host-callback-operand-expr-int?	generic-loader-import-admission	src/compiler_embedded_stdlib_tlci.tl:compiler-comptime-host-callback-operand-expr-int?	verify-embedded-stdlib-tlci:native-corpus	verify-tlci-boundary-manifest:invalid-session-guard
callback	operand-expr-int-value	2	catalog-name+abi-version;compiler-owned-active-session	session:i64,arg-a:i64,_arg-b:i64,_arg-c:i64	session-cookie+first-failure-latch+argument-range	session-value-stack	status-i64;session-state-only;commit-result-publishes-value	bad-request=4;diagnostic=1;fuel=2;abort=3;first-failure-latched	compiler-comptime-host-callback-operand-expr-int-value	generic-loader-import-admission	src/compiler_embedded_stdlib_tlci.tl:compiler-comptime-host-callback-operand-expr-int-value	verify-embedded-stdlib-tlci:native-corpus	verify-tlci-boundary-manifest:invalid-session-guard
callback	local-expr-list-length	2	catalog-name+abi-version;compiler-owned-active-session	session:i64,arg-a:i64,_arg-b:i64,_arg-c:i64	session-cookie+first-failure-latch+argument-range+typed-arena-handle	session-value-stack	status-i64;session-state-only;commit-result-publishes-value	bad-request=4;diagnostic=1;fuel=2;abort=3;first-failure-latched	compiler-comptime-host-callback-local-expr-list-length	native-producer-direct-count=1	src/compiler_embedded_stdlib_tlci.tl:compiler-comptime-host-callback-local-expr-list-length	verify-embedded-stdlib-tlci:native-corpus	verify-tlci-boundary-manifest:invalid-session-guard
callback	local-expr-list-nth	2	catalog-name+abi-version;compiler-owned-active-session	session:i64,arg-a:i64,arg-b:i64,_arg-c:i64	session-cookie+first-failure-latch+argument-range+typed-arena-handle	session-value-stack	status-i64;session-state-only;commit-result-publishes-value	bad-request=4;diagnostic=1;fuel=2;abort=3;first-failure-latched	compiler-comptime-host-callback-local-expr-list-nth	native-producer-direct-count=1	src/compiler_embedded_stdlib_tlci.tl:compiler-comptime-host-callback-local-expr-list-nth	verify-embedded-stdlib-tlci:native-corpus	verify-tlci-boundary-manifest:invalid-session-guard
callback	local-expr-string?	2	catalog-name+abi-version;compiler-owned-active-session	session:i64,arg-a:i64,_arg-b:i64,_arg-c:i64	session-cookie+first-failure-latch	session-value-stack	direct-i64-predicate;no-result-commit	bad-request=4;diagnostic=1;fuel=2;abort=3;first-failure-latched	compiler-comptime-host-callback-local-expr-string?	native-producer-direct-count=1	src/compiler_embedded_stdlib_tlci.tl:compiler-comptime-host-callback-local-expr-string?	verify-embedded-stdlib-tlci:native-corpus	verify-tlci-boundary-manifest:invalid-session-guard
callback	local-expr-int?	2	catalog-name+abi-version;compiler-owned-active-session	session:i64,arg-a:i64,_arg-b:i64,_arg-c:i64	session-cookie+first-failure-latch	session-value-stack	direct-i64-predicate;no-result-commit	bad-request=4;diagnostic=1;fuel=2;abort=3;first-failure-latched	compiler-comptime-host-callback-local-expr-int?	generic-loader-import-admission	src/compiler_embedded_stdlib_tlci.tl:compiler-comptime-host-callback-local-expr-int?	verify-embedded-stdlib-tlci:native-corpus	verify-tlci-boundary-manifest:invalid-session-guard
callback	local-expr-int-value	2	catalog-name+abi-version;compiler-owned-active-session	session:i64,arg-a:i64,_arg-b:i64,_arg-c:i64	session-cookie+first-failure-latch	session-value-stack	status-i64;session-state-only;commit-result-publishes-value	bad-request=4;diagnostic=1;fuel=2;abort=3;first-failure-latched	compiler-comptime-host-callback-local-expr-int-value	generic-loader-import-admission	src/compiler_embedded_stdlib_tlci.tl:compiler-comptime-host-callback-local-expr-int-value	verify-embedded-stdlib-tlci:native-corpus	verify-tlci-boundary-manifest:invalid-session-guard
callback	local-expr-var?	2	catalog-name+abi-version;compiler-owned-active-session	session:i64,arg-a:i64,_arg-b:i64,_arg-c:i64	session-cookie+first-failure-latch	session-value-stack	direct-i64-predicate;no-result-commit	bad-request=4;diagnostic=1;fuel=2;abort=3;first-failure-latched	compiler-comptime-host-callback-local-expr-var?	native-producer-direct-count=1	src/compiler_embedded_stdlib_tlci.tl:compiler-comptime-host-callback-local-expr-var?	verify-embedded-stdlib-tlci:native-corpus	verify-tlci-boundary-manifest:invalid-session-guard
callback	local-expr-var-name	2	catalog-name+abi-version;compiler-owned-active-session	session:i64,arg-a:i64,_arg-b:i64,_arg-c:i64	session-cookie+first-failure-latch	session-value-stack	status-i64;session-state-only;commit-result-publishes-value	bad-request=4;diagnostic=1;fuel=2;abort=3;first-failure-latched	compiler-comptime-host-callback-local-expr-var-name	native-producer-direct-count=1	src/compiler_embedded_stdlib_tlci.tl:compiler-comptime-host-callback-local-expr-var-name	verify-embedded-stdlib-tlci:native-corpus	verify-tlci-boundary-manifest:invalid-session-guard
callback	local-expr-begin?	2	catalog-name+abi-version;compiler-owned-active-session	session:i64,arg-a:i64,_arg-b:i64,_arg-c:i64	session-cookie+first-failure-latch	session-value-stack	direct-i64-predicate;no-result-commit	bad-request=4;diagnostic=1;fuel=2;abort=3;first-failure-latched	compiler-comptime-host-callback-local-expr-begin?	native-producer-direct-count=1	src/compiler_embedded_stdlib_tlci.tl:compiler-comptime-host-callback-local-expr-begin?	verify-embedded-stdlib-tlci:native-corpus	verify-tlci-boundary-manifest:invalid-session-guard
callback	local-expr-begin-items	2	catalog-name+abi-version;compiler-owned-active-session	session:i64,arg-a:i64,_arg-b:i64,_arg-c:i64	session-cookie+first-failure-latch+argument-range+typed-arena-handle	session-value-stack	status-i64;session-state-only;commit-result-publishes-value	bad-request=4;diagnostic=1;fuel=2;abort=3;first-failure-latched	compiler-comptime-host-callback-local-expr-begin-items	native-producer-direct-count=1	src/compiler_embedded_stdlib_tlci.tl:compiler-comptime-host-callback-local-expr-begin-items	verify-embedded-stdlib-tlci:native-corpus	verify-tlci-boundary-manifest:invalid-session-guard
callback	local-bool-value	2	catalog-name+abi-version;compiler-owned-active-session	session:i64,arg-a:i64,_arg-b:i64,_arg-c:i64	session-cookie+first-failure-latch+argument-range+typed-arena-handle	session-value-stack	status-i64;session-state-only;commit-result-publishes-value	bad-request=4;diagnostic=1;fuel=2;abort=3;first-failure-latched	compiler-comptime-host-callback-local-bool-value	native-producer-direct-count=1	src/compiler_embedded_stdlib_tlci.tl:compiler-comptime-host-callback-local-bool-value	verify-embedded-stdlib-tlci:native-corpus	verify-tlci-boundary-manifest:invalid-session-guard
callback	value-bool	2	catalog-name+abi-version;compiler-owned-active-session	session:i64,arg-a:i64,_arg-b:i64,_arg-c:i64	session-cookie+first-failure-latch+argument-range+typed-arena-handle	session-value-stack	status-i64;session-state-only;commit-result-publishes-value	bad-request=4;diagnostic=1;fuel=2;abort=3;first-failure-latched	compiler-comptime-host-callback-value-bool	native-producer-direct-count=1	src/compiler_embedded_stdlib_tlci.tl:compiler-comptime-host-callback-value-bool	verify-embedded-stdlib-tlci:native-corpus	verify-tlci-boundary-manifest:invalid-session-guard
callback	value-i64	2	catalog-name+abi-version;compiler-owned-active-session	session:i64,arg-a:i64,_arg-b:i64,_arg-c:i64	session-cookie+first-failure-latch+typed-arena-handle	session-value-stack	status-i64;session-state-only;commit-result-publishes-value	bad-request=4;diagnostic=1;fuel=2;abort=3;first-failure-latched	compiler-comptime-host-callback-value-i64	native-producer-direct-count=2	src/compiler_embedded_stdlib_tlci.tl:compiler-comptime-host-callback-value-i64	verify-embedded-stdlib-tlci:native-corpus	verify-tlci-boundary-manifest:invalid-session-guard
callback	value-unit	2	catalog-name+abi-version;compiler-owned-active-session	session:i64,_arg-a:i64,_arg-b:i64,_arg-c:i64	session-cookie+first-failure-latch+typed-arena-handle	session-value-stack	status-i64;session-state-only;commit-result-publishes-value	bad-request=4;diagnostic=1;fuel=2;abort=3;first-failure-latched	compiler-comptime-host-callback-value-unit	native-producer-direct-count=1	src/compiler_embedded_stdlib_tlci.tl:compiler-comptime-host-callback-value-unit	verify-embedded-stdlib-tlci:native-corpus	verify-tlci-boundary-manifest:invalid-session-guard
callback	value-select	2	catalog-name+abi-version;compiler-owned-active-session	session:i64,arg-a:i64,_arg-b:i64,_arg-c:i64	session-cookie+first-failure-latch+stack-bounds+typed-arena-handle	session-value-stack	status-i64;session-state-only;commit-result-publishes-value	bad-request=4;diagnostic=1;fuel=2;abort=3;first-failure-latched	compiler-comptime-host-callback-value-select	native-producer-direct-count=1	src/compiler_embedded_stdlib_tlci.tl:compiler-comptime-host-callback-value-select	verify-embedded-stdlib-tlci:native-corpus	verify-tlci-boundary-manifest:invalid-session-guard
callback	int->string	2	catalog-name+abi-version;compiler-owned-active-session	session:i64,_arg-a:i64,_arg-b:i64,_arg-c:i64	session-cookie+first-failure-latch+stack-bounds+typed-arena-handle	string-transform	status-i64;session-state-only;commit-result-publishes-value	bad-request=4;diagnostic=1;fuel=2;abort=3;first-failure-latched	compiler-comptime-host-callback-int->string	native-producer-direct-count=2	src/compiler_embedded_stdlib_tlci.tl:compiler-comptime-host-callback-int->string	verify-embedded-stdlib-tlci:native-corpus	verify-tlci-boundary-manifest:invalid-session-guard
callback	operand-expr-var?	2	catalog-name+abi-version;compiler-owned-active-session	session:i64,arg-a:i64,_arg-b:i64,_arg-c:i64	session-cookie+first-failure-latch+argument-range	session-value-stack	direct-i64-predicate;no-result-commit	bad-request=4;diagnostic=1;fuel=2;abort=3;first-failure-latched	compiler-comptime-host-callback-operand-expr-var?	native-producer-direct-count=1	src/compiler_embedded_stdlib_tlci.tl:compiler-comptime-host-callback-operand-expr-var?	verify-embedded-stdlib-tlci:native-corpus	verify-tlci-boundary-manifest:invalid-session-guard
callback	operand-expr-var-name	2	catalog-name+abi-version;compiler-owned-active-session	session:i64,arg-a:i64,_arg-b:i64,_arg-c:i64	session-cookie+first-failure-latch+argument-range	session-value-stack	status-i64;session-state-only;commit-result-publishes-value	bad-request=4;diagnostic=1;fuel=2;abort=3;first-failure-latched	compiler-comptime-host-callback-operand-expr-var-name	native-producer-direct-count=2	src/compiler_embedded_stdlib_tlci.tl:compiler-comptime-host-callback-operand-expr-var-name	verify-embedded-stdlib-tlci:native-corpus	verify-tlci-boundary-manifest:invalid-session-guard
callback	local-string-length	2	catalog-name+abi-version;compiler-owned-active-session	session:i64,arg-a:i64,_arg-b:i64,_arg-c:i64	session-cookie+first-failure-latch	session-value-stack	status-i64;session-state-only;commit-result-publishes-value	bad-request=4;diagnostic=1;fuel=2;abort=3;first-failure-latched	compiler-comptime-host-callback-local-string-length	native-producer-direct-count=1	src/compiler_embedded_stdlib_tlci.tl:compiler-comptime-host-callback-local-string-length	verify-embedded-stdlib-tlci:native-corpus	verify-tlci-boundary-manifest:invalid-session-guard
callback	local-string-ref	2	catalog-name+abi-version;compiler-owned-active-session	session:i64,arg-a:i64,arg-b:i64,_arg-c:i64	session-cookie+first-failure-latch+argument-range	session-value-stack	status-i64;session-state-only;commit-result-publishes-value	bad-request=4;diagnostic=1;fuel=2;abort=3;first-failure-latched	compiler-comptime-host-callback-local-string-ref	native-producer-direct-count=1	src/compiler_embedded_stdlib_tlci.tl:compiler-comptime-host-callback-local-string-ref	verify-embedded-stdlib-tlci:native-corpus	verify-tlci-boundary-manifest:invalid-session-guard
callback	local-string-slice	2	catalog-name+abi-version;compiler-owned-active-session	session:i64,arg-a:i64,arg-b:i64,_arg-c:i64	session-cookie+first-failure-latch+argument-range	session-value-stack	status-i64;session-state-only;commit-result-publishes-value	bad-request=4;diagnostic=1;fuel=2;abort=3;first-failure-latched	compiler-comptime-host-callback-local-string-slice	native-producer-direct-count=1	src/compiler_embedded_stdlib_tlci.tl:compiler-comptime-host-callback-local-string-slice	verify-embedded-stdlib-tlci:native-corpus	verify-tlci-boundary-manifest:invalid-session-guard
callback	expr-string-from-value	2	catalog-name+abi-version;compiler-owned-active-session	session:i64,_arg-a:i64,_arg-b:i64,_arg-c:i64	session-cookie+first-failure-latch+stack-bounds+typed-arena-handle	syntax-build	status-i64;session-state-only;commit-result-publishes-value	bad-request=4;diagnostic=1;fuel=2;abort=3;first-failure-latched	compiler-comptime-host-callback-expr-string-from-value	native-producer-direct-count=1	src/compiler_embedded_stdlib_tlci.tl:compiler-comptime-host-callback-expr-string-from-value	verify-embedded-stdlib-tlci:native-corpus	verify-tlci-boundary-manifest:invalid-session-guard
callback	expr-int-from-data	2	catalog-name+abi-version;compiler-owned-active-session	session:i64,arg-a:i64,_arg-b:i64,_arg-c:i64	session-cookie+first-failure-latch+typed-arena-handle	syntax-build	status-i64;session-state-only;commit-result-publishes-value	bad-request=4;diagnostic=1;fuel=2;abort=3;first-failure-latched	compiler-comptime-host-callback-expr-int-from-data	native-producer-direct-count=1	src/compiler_embedded_stdlib_tlci.tl:compiler-comptime-host-callback-expr-int-from-data	verify-embedded-stdlib-tlci:native-corpus	verify-tlci-boundary-manifest:invalid-session-guard
callback	expr-resource-scope	2	catalog-name+abi-version;compiler-owned-active-session	session:i64,arg-a:i64,_arg-b:i64,_arg-c:i64	session-cookie+first-failure-latch+stack-bounds+typed-arena-handle	syntax-build	status-i64;session-state-only;commit-result-publishes-value	bad-request=4;diagnostic=1;fuel=2;abort=3;first-failure-latched	compiler-comptime-host-callback-expr-resource-scope	native-producer-direct-count=1	src/compiler_embedded_stdlib_tlci.tl:compiler-comptime-host-callback-expr-resource-scope	verify-embedded-stdlib-tlci:native-corpus	verify-tlci-boundary-manifest:invalid-session-guard
callback	expr-let-scope	2	catalog-name+abi-version;compiler-owned-active-session	session:i64,_arg-a:i64,_arg-b:i64,_arg-c:i64	session-cookie+first-failure-latch+stack-bounds+typed-arena-handle	syntax-build	status-i64;session-state-only;commit-result-publishes-value	bad-request=4;diagnostic=1;fuel=2;abort=3;first-failure-latched	compiler-comptime-host-callback-expr-let-scope	native-producer-direct-count=1	src/compiler_embedded_stdlib_tlci.tl:compiler-comptime-host-callback-expr-let-scope	verify-embedded-stdlib-tlci:native-corpus	verify-tlci-boundary-manifest:invalid-session-guard
callback	expr-shared-let-scope	2	catalog-name+abi-version;compiler-owned-active-session	session:i64,_arg-a:i64,_arg-b:i64,_arg-c:i64	session-cookie+first-failure-latch+stack-bounds+typed-arena-handle	syntax-build	status-i64;session-state-only;commit-result-publishes-value	bad-request=4;diagnostic=1;fuel=2;abort=3;first-failure-latched	compiler-comptime-host-callback-expr-shared-let-scope	native-producer-direct-count=1	src/compiler_embedded_stdlib_tlci.tl:compiler-comptime-host-callback-expr-shared-let-scope	verify-embedded-stdlib-tlci:native-corpus	verify-tlci-boundary-manifest:invalid-session-guard
callback	expr-for-owned	2	catalog-name+abi-version;compiler-owned-active-session	session:i64,arg-a:i64,_arg-b:i64,_arg-c:i64	session-cookie+first-failure-latch	syntax-build	status-i64;session-state-only;commit-result-publishes-value	bad-request=4;diagnostic=1;fuel=2;abort=3;first-failure-latched	compiler-comptime-host-callback-expr-for-owned	native-producer-direct-count=1	src/compiler_embedded_stdlib_tlci.tl:compiler-comptime-host-callback-expr-for-owned	verify-embedded-stdlib-tlci:native-corpus	verify-tlci-boundary-manifest:invalid-session-guard
callback	expr-set-var	2	catalog-name+abi-version;compiler-owned-active-session	session:i64,arg-a:i64,arg-b:i64,_arg-c:i64	session-cookie+first-failure-latch+stack-bounds+argument-range+pointer-length+typed-arena-handle	syntax-build	status-i64;session-state-only;commit-result-publishes-value	bad-request=4;diagnostic=1;fuel=2;abort=3;first-failure-latched	compiler-comptime-host-callback-expr-set-var	native-producer-direct-count=2	src/compiler_embedded_stdlib_tlci.tl:compiler-comptime-host-callback-expr-set-var	verify-embedded-stdlib-tlci:native-corpus	verify-tlci-boundary-manifest:invalid-session-guard
callback	expr-not	2	catalog-name+abi-version;compiler-owned-active-session	session:i64,_arg-a:i64,_arg-b:i64,_arg-c:i64	session-cookie+first-failure-latch+stack-bounds+typed-arena-handle	syntax-build	status-i64;session-state-only;commit-result-publishes-value	bad-request=4;diagnostic=1;fuel=2;abort=3;first-failure-latched	compiler-comptime-host-callback-expr-not	native-producer-direct-count=1	src/compiler_embedded_stdlib_tlci.tl:compiler-comptime-host-callback-expr-not	verify-embedded-stdlib-tlci:native-corpus	verify-tlci-boundary-manifest:invalid-session-guard
callback	expr-while	2	catalog-name+abi-version;compiler-owned-active-session	session:i64,_arg-a:i64,_arg-b:i64,_arg-c:i64	session-cookie+first-failure-latch+stack-bounds+typed-arena-handle	syntax-build	status-i64;session-state-only;commit-result-publishes-value	bad-request=4;diagnostic=1;fuel=2;abort=3;first-failure-latched	compiler-comptime-host-callback-expr-while	native-producer-direct-count=2	src/compiler_embedded_stdlib_tlci.tl:compiler-comptime-host-callback-expr-while	verify-embedded-stdlib-tlci:native-corpus	verify-tlci-boundary-manifest:invalid-session-guard
callback	let-binding-typed	2	catalog-name+abi-version;compiler-owned-active-session	session:i64,arg-a:i64,arg-b:i64,_arg-c:i64	session-cookie+first-failure-latch+stack-bounds+argument-range+pointer-length+typed-arena-handle	syntax-build	status-i64;session-state-only;commit-result-publishes-value	bad-request=4;diagnostic=1;fuel=2;abort=3;first-failure-latched	compiler-comptime-host-callback-let-binding-typed	native-producer-direct-count=1	src/compiler_embedded_stdlib_tlci.tl:compiler-comptime-host-callback-let-binding-typed	verify-embedded-stdlib-tlci:native-corpus	verify-tlci-boundary-manifest:invalid-session-guard
callback	type-kind	2	catalog-name+abi-version;compiler-owned-active-session	session:i64,_arg-a:i64,_arg-b:i64,_arg-c:i64	session-cookie+first-failure-latch+stack-bounds+typed-arena-handle	reflection-read	status-i64;session-state-only;commit-result-publishes-value	bad-request=4;diagnostic=1;fuel=2;abort=3;first-failure-latched	compiler-comptime-host-callback-type-kind	native-producer-direct-count=1	src/compiler_embedded_stdlib_tlci.tl:compiler-comptime-host-callback-type-kind	verify-embedded-stdlib-tlci:native-corpus	verify-tlci-boundary-manifest:invalid-session-guard
callback	expr-list-fold-if	2	catalog-name+abi-version;compiler-owned-active-session	session:i64,arg-a:i64,arg-b:i64,_arg-c:i64	session-cookie+first-failure-latch+stack-bounds+argument-range+typed-arena-handle	syntax-build	status-i64;session-state-only;commit-result-publishes-value	bad-request=4;diagnostic=1;fuel=2;abort=3;first-failure-latched	compiler-comptime-host-callback-expr-list-fold-if	native-producer-direct-count=1	src/compiler_embedded_stdlib_tlci.tl:compiler-comptime-host-callback-expr-list-fold-if	verify-embedded-stdlib-tlci:native-corpus	verify-tlci-boundary-manifest:invalid-session-guard
callback	expr-clause-list-fold-if	2	catalog-name+abi-version;compiler-owned-active-session	session:i64,arg-a:i64,_arg-b:i64,_arg-c:i64	session-cookie+first-failure-latch+stack-bounds+argument-range+typed-arena-handle	syntax-build	status-i64;session-state-only;commit-result-publishes-value	bad-request=4;diagnostic=1;fuel=2;abort=3;first-failure-latched	compiler-comptime-host-callback-expr-clause-list-fold-if	native-producer-direct-count=1	src/compiler_embedded_stdlib_tlci.tl:compiler-comptime-host-callback-expr-clause-list-fold-if	verify-embedded-stdlib-tlci:native-corpus	verify-tlci-boundary-manifest:invalid-session-guard
callback	commit-result	2	catalog-name+abi-version;compiler-owned-active-session	session:i64,_arg-a:i64,_arg-b:i64,_arg-c:i64	session-cookie+first-failure-latch+stack-bounds	result-commit	value-stack->session-result-slot-once	bad-request=4;diagnostic=1;fuel=2;abort=3;first-failure-latched	compiler-comptime-host-callback-commit-result	generic-loader-import-admission	src/compiler_embedded_stdlib_tlci.tl:compiler-comptime-host-callback-commit-result	verify-embedded-stdlib-tlci:native-corpus	verify-tlci-boundary-manifest:invalid-session-guard
